solid Baxter_PD_PETG_Frame
facet normal 0 0 0
  outer loop
    vertex -24 80 0
    vertex -23.88443374633789 82.35240936279297 0
    vertex -20.5 80 0
  endloop
endfacet
facet normal 0 0 0
  outer loop
    vertex -20.401287078857422 82.00935363769531 0
    vertex -20.5 80 0
    vertex -19.955270767211914 93.33368682861328 0
  endloop
endfacet
facet normal 0 0 0
  outer loop
    vertex -19.617277145385742 85.95083618164062 0
    vertex -20.106098175048828 83.99935150146484 0
    vertex -19.955270767211914 93.33368682861328 0
  endloop
endfacet
facet normal 0 0 0
  outer loop
    vertex -18.5522518157959 95.2254409790039 0
    vertex -18.07938575744629 89.66363525390625 0
    vertex -18.939531326293945 87.84500885009766 0
  endloop
endfacet
facet normal 0 0 0
  outer loop
    vertex -16.970561981201172 96.97056579589844 0
    vertex -15.84671401977539 93.00506591796875 0
    vertex -17.045127868652344 91.38919067382812 0
  endloop
endfacet
facet normal 0 0 0
  outer loop
    vertex -15.225439071655273 98.55225372314453 0
    vertex -14.495689392089844 94.49568939208984 0
    vertex -15.84671401977539 93.00506591796875 0
  endloop
endfacet
facet normal 0 0 0
  outer loop
    vertex -13.333685874938965 99.95526885986328 0
    vertex -13.005062103271484 95.84671783447266 0
    vertex -14.495689392089844 94.49568939208984 0
  endloop
endfacet
facet normal 0 0 0
  outer loop
    vertex -11.313521385192871 101.16610717773438 0
    vertex -9.663633346557617 98.07938385009766 0
    vertex -11.389189720153809 97.04512786865234 0
  endloop
endfacet
facet normal 0 0 0
  outer loop
    vertex -9.184402465820312 102.17311096191406 0
    vertex -7.845010280609131 98.93952941894531 0
    vertex -9.663633346557617 98.07938385009766 0
  endloop
endfacet
facet normal 0 0 0
  outer loop
    vertex -6.966832160949707 102.96656799316406 0
    vertex -5.950835704803467 99.61727905273438 0
    vertex -7.845010280609131 98.93952941894531 0
  endloop
endfacet
facet normal 0 0 0
  outer loop
    vertex -4.6821675300598145 103.53884887695312 0
    vertex -3.9993515014648438 100.1061019897461 0
    vertex -5.950835704803467 99.61727905273438 0
  endloop
endfacet
facet normal 0 0 0
  outer loop
    vertex -2.3524112701416016 103.88442993164062 0
    vertex -2.0093514919281006 100.40128326416016 0
    vertex -3.9993515014648438 100.1061019897461 0
  endloop
endfacet
facet normal 0 0 0
  outer loop
    vertex 0 104 0
    vertex 0 100.5 0
    vertex -2.0093514919281006 100.40128326416016 0
  endloop
endfacet
facet normal 0 0 0
  outer loop
    vertex -24 80 12
    vertex -23.538846969604492 84.68216705322266 12
    vertex -23.88443374633789 82.35240936279297 12
  endloop
endfacet
facet normal 0 0 0
  outer loop
    vertex -24 80 12
    vertex -22.966567993164062 86.96683502197266 12
    vertex -23.538846969604492 84.68216705322266 12
  endloop
endfacet
facet normal 0 0 0
  outer loop
    vertex -24 80 12
    vertex -20.5 80 12
    vertex -20.401287078857422 82.00935363769531 12
  endloop
endfacet
facet normal 0 0 0
  outer loop
    vertex -24 80 12
    vertex -22.17310905456543 89.18440246582031 12
    vertex -22.966567993164062 86.96683502197266 12
  endloop
endfacet
facet normal 0 0 0
  outer loop
    vertex -24 80 12
    vertex -21.16611099243164 91.31352233886719 12
    vertex -22.17310905456543 89.18440246582031 12
  endloop
endfacet
facet normal 0 0 0
  outer loop
    vertex -24 80 12
    vertex -19.955270767211914 93.33368682861328 12
    vertex -21.16611099243164 91.31352233886719 12
  endloop
endfacet
facet normal 0 0 0
  outer loop
    vertex -19.955270767211914 93.33368682861328 12
    vertex -20.106098175048828 83.99935150146484 12
    vertex -19.617277145385742 85.95083618164062 12
  endloop
endfacet
facet normal 0 0 0
  outer loop
    vertex -17.045127868652344 91.38919067382812 12
    vertex -15.84671401977539 93.00506591796875 12
    vertex -16.970561981201172 96.97056579589844 12
  endloop
endfacet
facet normal 0 0 0
  outer loop
    vertex -11.313521385192871 101.16610717773438 12
    vertex -11.389189720153809 97.04512786865234 12
    vertex -9.663633346557617 98.07938385009766 12
  endloop
endfacet
facet normal 0 0 0
  outer loop
    vertex 4.6821675300598145 103.53884887695312 0
    vertex 2.0093514919281006 100.40128326416016 0
    vertex 2.3524112701416016 103.88442993164062 0
  endloop
endfacet
facet normal 0 0 0
  outer loop
    vertex 4.6821675300598145 103.53884887695312 0
    vertex 6.966832160949707 102.96656799316406 0
    vertex 3.9993515014648438 100.1061019897461 0
  endloop
endfacet
facet normal 0 0 0
  outer loop
    vertex 6.966832160949707 102.96656799316406 0
    vertex 9.184402465820312 102.17311096191406 0
    vertex 5.950835704803467 99.61727905273438 0
  endloop
endfacet
facet normal 0 0 0
  outer loop
    vertex 15.225439071655273 98.55225372314453 0
    vertex 13.005062103271484 95.84671783447266 0
    vertex 13.333685874938965 99.95526885986328 0
  endloop
endfacet
facet normal 0 0 0
  outer loop
    vertex 15.225439071655273 98.55225372314453 0
    vertex 16.970561981201172 96.97056579589844 0
    vertex 14.495689392089844 94.49568939208984 0
  endloop
endfacet
facet normal 0 0 0
  outer loop
    vertex 18.5522518157959 95.2254409790039 0
    vertex 15.84671401977539 93.00506591796875 0
    vertex 16.970561981201172 96.97056579589844 0
  endloop
endfacet
facet normal 0 0 0
  outer loop
    vertex 21.16611099243164 91.31352233886719 0
    vertex 24 80 0
    vertex 20.5 80 0
  endloop
endfacet
facet normal 0 0 0
  outer loop
    vertex 19.955270767211914 93.33368682861328 0
    vertex 18.07938575744629 89.66363525390625 0
    vertex 18.5522518157959 95.2254409790039 0
  endloop
endfacet
facet normal 0 0 0
  outer loop
    vertex 21.16611099243164 91.31352233886719 0
    vertex 19.617277145385742 85.95083618164062 0
    vertex 19.955270767211914 93.33368682861328 0
  endloop
endfacet
facet normal 0 0 0
  outer loop
    vertex 0 104 12
    vertex 0 100.5 12
    vertex 2.0093514919281006 100.40128326416016 12
  endloop
endfacet
facet normal 0 0 0
  outer loop
    vertex 2.3524112701416016 103.88442993164062 12
    vertex 2.0093514919281006 100.40128326416016 12
    vertex 3.9993515014648438 100.1061019897461 12
  endloop
endfacet
facet normal 0 0 0
  outer loop
    vertex 4.6821675300598145 103.53884887695312 12
    vertex 3.9993515014648438 100.1061019897461 12
    vertex 5.950835704803467 99.61727905273438 12
  endloop
endfacet
facet normal 0 0 0
  outer loop
    vertex 6.966832160949707 102.96656799316406 12
    vertex 5.950835704803467 99.61727905273438 12
    vertex 7.845010280609131 98.93952941894531 12
  endloop
endfacet
facet normal 0 0 0
  outer loop
    vertex 9.184402465820312 102.17311096191406 12
    vertex 7.845010280609131 98.93952941894531 12
    vertex 9.663633346557617 98.07938385009766 12
  endloop
endfacet
facet normal 0 0 0
  outer loop
    vertex 11.313521385192871 101.16610717773438 12
    vertex 9.663633346557617 98.07938385009766 12
    vertex 11.389189720153809 97.04512786865234 12
  endloop
endfacet
facet normal 0 0 0
  outer loop
    vertex 13.333685874938965 99.95526885986328 12
    vertex 13.005062103271484 95.84671783447266 12
    vertex 14.495689392089844 94.49568939208984 12
  endloop
endfacet
facet normal 0 0 0
  outer loop
    vertex 16.970561981201172 96.97056579589844 12
    vertex 15.84671401977539 93.00506591796875 12
    vertex 17.045127868652344 91.38919067382812 12
  endloop
endfacet
facet normal 0 0 0
  outer loop
    vertex 15.225439071655273 98.55225372314453 12
    vertex 14.495689392089844 94.49568939208984 12
    vertex 15.84671401977539 93.00506591796875 12
  endloop
endfacet
facet normal 0 0 0
  outer loop
    vertex 23.538846969604492 84.68216705322266 12
    vertex 22.966567993164062 86.96683502197266 12
    vertex 20.5 80 12
  endloop
endfacet
facet normal 0 0 0
  outer loop
    vertex 20.5 80 12
    vertex 24 80 12
    vertex 23.88443374633789 82.35240936279297 12
  endloop
endfacet
facet normal 0 0 0
  outer loop
    vertex 23.538846969604492 84.68216705322266 12
    vertex 20.5 80 12
    vertex 23.88443374633789 82.35240936279297 12
  endloop
endfacet
facet normal 0 0 0
  outer loop
    vertex 18.5522518157959 95.2254409790039 12
    vertex 18.07938575744629 89.66363525390625 12
    vertex 18.939531326293945 87.84500885009766 12
  endloop
endfacet
facet normal 0 0 0
  outer loop
    vertex 19.955270767211914 93.33368682861328 12
    vertex 19.617277145385742 85.95083618164062 12
    vertex 20.106098175048828 83.99935150146484 12
  endloop
endfacet
facet normal 0 0 0
  outer loop
    vertex 22.17310905456543 89.18440246582031 12
    vertex 21.16611099243164 91.31352233886719 12
    vertex 20.5 80 12
  endloop
endfacet
facet normal 0 0 0
  outer loop
    vertex 22.966567993164062 86.96683502197266 12
    vertex 22.17310905456543 89.18440246582031 12
    vertex 20.5 80 12
  endloop
endfacet
facet normal 0 0 0
  outer loop
    vertex -20.5 80 0
    vertex -23.88443374633789 82.35240936279297 0
    vertex -23.538846969604492 84.68216705322266 0
  endloop
endfacet
facet normal 0 0 0
  outer loop
    vertex -23.538846969604492 84.68216705322266 0
    vertex -22.966567993164062 86.96683502197266 0
    vertex -20.5 80 0
  endloop
endfacet
facet normal 0 0 0
  outer loop
    vertex -24 80 0
    vertex -23.88443374633789 82.35240936279297 12
    vertex -23.88443374633789 82.35240936279297 0
  endloop
endfacet
facet normal 0 0 0
  outer loop
    vertex -23.538846969604492 84.68216705322266 0
    vertex -23.88443374633789 82.35240936279297 0
    vertex -23.538846969604492 84.68216705322266 12
  endloop
endfacet
facet normal 0 0 0
  outer loop
    vertex -22.966567993164062 86.96683502197266 0
    vertex -22.17310905456543 89.18440246582031 0
    vertex -20.5 80 0
  endloop
endfacet
facet normal 0 0 0
  outer loop
    vertex -22.17310905456543 89.18440246582031 0
    vertex -21.16611099243164 91.31352233886719 0
    vertex -20.5 80 0
  endloop
endfacet
facet normal 0 0 0
  outer loop
    vertex -19.955270767211914 93.33368682861328 0
    vertex -20.5 80 0
    vertex -21.16611099243164 91.31352233886719 0
  endloop
endfacet
facet normal 0 0 0
  outer loop
    vertex -20.106098175048828 83.99935150146484 0
    vertex -20.401287078857422 82.00935363769531 0
    vertex -19.955270767211914 93.33368682861328 0
  endloop
endfacet
facet normal 0 0 0
  outer loop
    vertex -19.617277145385742 85.95083618164062 0
    vertex -19.955270767211914 93.33368682861328 0
    vertex -18.939531326293945 87.84500885009766 0
  endloop
endfacet
facet normal 0 0 0
  outer loop
    vertex -18.5522518157959 95.2254409790039 0
    vertex -18.939531326293945 87.84500885009766 0
    vertex -19.955270767211914 93.33368682861328 0
  endloop
endfacet
facet normal 0 0 0
  outer loop
    vertex -22.966567993164062 86.96683502197266 0
    vertex -23.538846969604492 84.68216705322266 0
    vertex -22.966567993164062 86.96683502197266 12
  endloop
endfacet
facet normal 0 0 0
  outer loop
    vertex -22.17310905456543 89.18440246582031 0
    vertex -22.966567993164062 86.96683502197266 0
    vertex -22.17310905456543 89.18440246582031 12
  endloop
endfacet
facet normal 0 0 0
  outer loop
    vertex -21.16611099243164 91.31352233886719 0
    vertex -22.17310905456543 89.18440246582031 0
    vertex -21.16611099243164 91.31352233886719 12
  endloop
endfacet
facet normal 0 0 0
  outer loop
    vertex -19.955270767211914 93.33368682861328 0
    vertex -21.16611099243164 91.31352233886719 0
    vertex -19.955270767211914 93.33368682861328 12
  endloop
endfacet
facet normal 0 0 0
  outer loop
    vertex -18.5522518157959 95.2254409790039 0
    vertex -19.955270767211914 93.33368682861328 0
    vertex -18.5522518157959 95.2254409790039 12
  endloop
endfacet
facet normal 0 0 0
  outer loop
    vertex -18.07938575744629 89.66363525390625 0
    vertex -18.5522518157959 95.2254409790039 0
    vertex -16.970561981201172 96.97056579589844 0
  endloop
endfacet
facet normal 0 0 0
  outer loop
    vertex -17.045127868652344 91.38919067382812 0
    vertex -18.07938575744629 89.66363525390625 0
    vertex -16.970561981201172 96.97056579589844 0
  endloop
endfacet
facet normal 0 0 0
  outer loop
    vertex -15.225439071655273 98.55225372314453 0
    vertex -15.84671401977539 93.00506591796875 0
    vertex -16.970561981201172 96.97056579589844 0
  endloop
endfacet
facet normal 0 0 0
  outer loop
    vertex -13.333685874938965 99.95526885986328 0
    vertex -14.495689392089844 94.49568939208984 0
    vertex -15.225439071655273 98.55225372314453 0
  endloop
endfacet
facet normal 0 0 0
  outer loop
    vertex -13.333685874938965 99.95526885986328 0
    vertex -11.313521385192871 101.16610717773438 0
    vertex -13.005062103271484 95.84671783447266 0
  endloop
endfacet
facet normal 0 0 0
  outer loop
    vertex -16.970561981201172 96.97056579589844 0
    vertex -18.5522518157959 95.2254409790039 0
    vertex -16.970561981201172 96.97056579589844 12
  endloop
endfacet
facet normal 0 0 0
  outer loop
    vertex -15.225439071655273 98.55225372314453 0
    vertex -16.970561981201172 96.97056579589844 0
    vertex -15.225439071655273 98.55225372314453 12
  endloop
endfacet
facet normal 0 0 0
  outer loop
    vertex -13.333685874938965 99.95526885986328 0
    vertex -15.225439071655273 98.55225372314453 0
    vertex -13.333685874938965 99.95526885986328 12
  endloop
endfacet
facet normal 0 0 0
  outer loop
    vertex -24 80 0
    vertex -24 80 8
    vertex -23.88443374633789 82.35240936279297 12
  endloop
endfacet
facet normal 0 0 0
  outer loop
    vertex -23.538846969604492 84.68216705322266 12
    vertex -23.88443374633789 82.35240936279297 0
    vertex -23.88443374633789 82.35240936279297 12
  endloop
endfacet
facet normal 0 0 0
  outer loop
    vertex -24 80 8
    vertex -24 80 12
    vertex -23.88443374633789 82.35240936279297 12
  endloop
endfacet
facet normal 0 0 0
  outer loop
    vertex -23.538846969604492 84.68216705322266 0
    vertex -23.538846969604492 84.68216705322266 12
    vertex -22.966567993164062 86.96683502197266 12
  endloop
endfacet
facet normal 0 0 0
  outer loop
    vertex -22.966567993164062 86.96683502197266 0
    vertex -22.966567993164062 86.96683502197266 12
    vertex -22.17310905456543 89.18440246582031 12
  endloop
endfacet
facet normal 0 0 0
  outer loop
    vertex -22.17310905456543 89.18440246582031 0
    vertex -22.17310905456543 89.18440246582031 12
    vertex -21.16611099243164 91.31352233886719 12
  endloop
endfacet
facet normal 0 0 0
  outer loop
    vertex -21.16611099243164 91.31352233886719 12
    vertex -19.955270767211914 93.33368682861328 12
    vertex -21.16611099243164 91.31352233886719 0
  endloop
endfacet
facet normal 0 0 0
  outer loop
    vertex -19.955270767211914 93.33368682861328 0
    vertex -19.955270767211914 93.33368682861328 12
    vertex -18.5522518157959 95.2254409790039 12
  endloop
endfacet
facet normal 0 0 0
  outer loop
    vertex -18.5522518157959 95.2254409790039 0
    vertex -18.5522518157959 95.2254409790039 12
    vertex -16.970561981201172 96.97056579589844 12
  endloop
endfacet
facet normal 0 0 0
  outer loop
    vertex -16.970561981201172 96.97056579589844 0
    vertex -16.970561981201172 96.97056579589844 12
    vertex -15.225439071655273 98.55225372314453 12
  endloop
endfacet
facet normal 0 0 0
  outer loop
    vertex -15.225439071655273 98.55225372314453 0
    vertex -15.225439071655273 98.55225372314453 12
    vertex -13.333685874938965 99.95526885986328 12
  endloop
endfacet
facet normal 0 0 0
  outer loop
    vertex -13.333685874938965 99.95526885986328 0
    vertex -13.333685874938965 99.95526885986328 12
    vertex -11.313521385192871 101.16610717773438 12
  endloop
endfacet
facet normal 0 0 0
  outer loop
    vertex -11.389189720153809 97.04512786865234 0
    vertex -13.005062103271484 95.84671783447266 0
    vertex -11.313521385192871 101.16610717773438 0
  endloop
endfacet
facet normal 0 0 0
  outer loop
    vertex -9.184402465820312 102.17311096191406 0
    vertex -9.663633346557617 98.07938385009766 0
    vertex -11.313521385192871 101.16610717773438 0
  endloop
endfacet
facet normal 0 0 0
  outer loop
    vertex -6.966832160949707 102.96656799316406 0
    vertex -7.845010280609131 98.93952941894531 0
    vertex -9.184402465820312 102.17311096191406 0
  endloop
endfacet
facet normal 0 0 0
  outer loop
    vertex -11.313521385192871 101.16610717773438 0
    vertex -13.333685874938965 99.95526885986328 0
    vertex -11.313521385192871 101.16610717773438 12
  endloop
endfacet
facet normal 0 0 0
  outer loop
    vertex -9.184402465820312 102.17311096191406 0
    vertex -11.313521385192871 101.16610717773438 0
    vertex -9.184402465820312 102.17311096191406 12
  endloop
endfacet
facet normal 0 0 0
  outer loop
    vertex -6.966832160949707 102.96656799316406 0
    vertex -9.184402465820312 102.17311096191406 0
    vertex -6.966832160949707 102.96656799316406 12
  endloop
endfacet
facet normal 0 0 0
  outer loop
    vertex -4.6821675300598145 103.53884887695312 0
    vertex -5.950835704803467 99.61727905273438 0
    vertex -6.966832160949707 102.96656799316406 0
  endloop
endfacet
facet normal 0 0 0
  outer loop
    vertex -2.3524112701416016 103.88442993164062 0
    vertex -3.9993515014648438 100.1061019897461 0
    vertex -4.6821675300598145 103.53884887695312 0
  endloop
endfacet
facet normal 0 0 0
  outer loop
    vertex 0 104 0
    vertex -2.0093514919281006 100.40128326416016 0
    vertex -2.3524112701416016 103.88442993164062 0
  endloop
endfacet
facet normal 0 0 0
  outer loop
    vertex -4.6821675300598145 103.53884887695312 0
    vertex -6.966832160949707 102.96656799316406 0
    vertex -4.6821675300598145 103.53884887695312 12
  endloop
endfacet
facet normal 0 0 0
  outer loop
    vertex -2.3524112701416016 103.88442993164062 0
    vertex -4.6821675300598145 103.53884887695312 0
    vertex -2.3524112701416016 103.88442993164062 12
  endloop
endfacet
facet normal 0 0 0
  outer loop
    vertex 0 104 0
    vertex -2.3524112701416016 103.88442993164062 0
    vertex 0 104 12
  endloop
endfacet
facet normal 0 0 0
  outer loop
    vertex -11.313521385192871 101.16610717773438 0
    vertex -11.313521385192871 101.16610717773438 12
    vertex -9.184402465820312 102.17311096191406 12
  endloop
endfacet
facet normal 0 0 0
  outer loop
    vertex -9.184402465820312 102.17311096191406 0
    vertex -9.184402465820312 102.17311096191406 12
    vertex -6.966832160949707 102.96656799316406 12
  endloop
endfacet
facet normal 0 0 0
  outer loop
    vertex -6.966832160949707 102.96656799316406 0
    vertex -6.966832160949707 102.96656799316406 12
    vertex -4.6821675300598145 103.53884887695312 12
  endloop
endfacet
facet normal 0 0 0
  outer loop
    vertex -4.6821675300598145 103.53884887695312 0
    vertex -4.6821675300598145 103.53884887695312 12
    vertex -2.3524112701416016 103.88442993164062 12
  endloop
endfacet
facet normal 0 0 0
  outer loop
    vertex -2.3524112701416016 103.88442993164062 0
    vertex -2.3524112701416016 103.88442993164062 12
    vertex 0 104 12
  endloop
endfacet
facet normal 0 0 0
  outer loop
    vertex -24 80 12
    vertex -20.401287078857422 82.00935363769531 12
    vertex -19.955270767211914 93.33368682861328 12
  endloop
endfacet
facet normal 0 0 0
  outer loop
    vertex -19.955270767211914 93.33368682861328 12
    vertex -20.401287078857422 82.00935363769531 12
    vertex -20.106098175048828 83.99935150146484 12
  endloop
endfacet
facet normal 0 0 0
  outer loop
    vertex -19.955270767211914 93.33368682861328 12
    vertex -19.617277145385742 85.95083618164062 12
    vertex -18.939531326293945 87.84500885009766 12
  endloop
endfacet
facet normal 0 0 0
  outer loop
    vertex -19.955270767211914 93.33368682861328 12
    vertex -18.939531326293945 87.84500885009766 12
    vertex -18.07938575744629 89.66363525390625 12
  endloop
endfacet
facet normal 0 0 0
  outer loop
    vertex -19.955270767211914 93.33368682861328 12
    vertex -18.07938575744629 89.66363525390625 12
    vertex -18.5522518157959 95.2254409790039 12
  endloop
endfacet
facet normal 0 0 0
  outer loop
    vertex -18.5522518157959 95.2254409790039 12
    vertex -18.07938575744629 89.66363525390625 12
    vertex -17.045127868652344 91.38919067382812 12
  endloop
endfacet
facet normal 0 0 0
  outer loop
    vertex -18.5522518157959 95.2254409790039 12
    vertex -17.045127868652344 91.38919067382812 12
    vertex -16.970561981201172 96.97056579589844 12
  endloop
endfacet
facet normal 0 0 0
  outer loop
    vertex -16.970561981201172 96.97056579589844 12
    vertex -15.84671401977539 93.00506591796875 12
    vertex -14.495689392089844 94.49568939208984 12
  endloop
endfacet
facet normal 0 0 0
  outer loop
    vertex -16.970561981201172 96.97056579589844 12
    vertex -14.495689392089844 94.49568939208984 12
    vertex -15.225439071655273 98.55225372314453 12
  endloop
endfacet
facet normal 0 0 0
  outer loop
    vertex -15.225439071655273 98.55225372314453 12
    vertex -14.495689392089844 94.49568939208984 12
    vertex -13.005062103271484 95.84671783447266 12
  endloop
endfacet
facet normal 0 0 0
  outer loop
    vertex -15.225439071655273 98.55225372314453 12
    vertex -13.005062103271484 95.84671783447266 12
    vertex -13.333685874938965 99.95526885986328 12
  endloop
endfacet
facet normal 0 0 0
  outer loop
    vertex -13.333685874938965 99.95526885986328 12
    vertex -13.005062103271484 95.84671783447266 12
    vertex -11.389189720153809 97.04512786865234 12
  endloop
endfacet
facet normal 0 0 0
  outer loop
    vertex -13.333685874938965 99.95526885986328 12
    vertex -11.389189720153809 97.04512786865234 12
    vertex -11.313521385192871 101.16610717773438 12
  endloop
endfacet
facet normal 0 0 0
  outer loop
    vertex -11.313521385192871 101.16610717773438 12
    vertex -9.663633346557617 98.07938385009766 12
    vertex -7.845010280609131 98.93952941894531 12
  endloop
endfacet
facet normal 0 0 0
  outer loop
    vertex -11.313521385192871 101.16610717773438 12
    vertex -7.845010280609131 98.93952941894531 12
    vertex -9.184402465820312 102.17311096191406 12
  endloop
endfacet
facet normal 0 0 0
  outer loop
    vertex -9.184402465820312 102.17311096191406 12
    vertex -7.845010280609131 98.93952941894531 12
    vertex -5.950835704803467 99.61727905273438 12
  endloop
endfacet
facet normal 0 0 0
  outer loop
    vertex -9.184402465820312 102.17311096191406 12
    vertex -5.950835704803467 99.61727905273438 12
    vertex -6.966832160949707 102.96656799316406 12
  endloop
endfacet
facet normal 0 0 0
  outer loop
    vertex -6.966832160949707 102.96656799316406 12
    vertex -5.950835704803467 99.61727905273438 12
    vertex -3.9993515014648438 100.1061019897461 12
  endloop
endfacet
facet normal 0 0 0
  outer loop
    vertex -6.966832160949707 102.96656799316406 12
    vertex -3.9993515014648438 100.1061019897461 12
    vertex -4.6821675300598145 103.53884887695312 12
  endloop
endfacet
facet normal 0 0 0
  outer loop
    vertex -4.6821675300598145 103.53884887695312 12
    vertex -3.9993515014648438 100.1061019897461 12
    vertex -2.0093514919281006 100.40128326416016 12
  endloop
endfacet
facet normal 0 0 0
  outer loop
    vertex -4.6821675300598145 103.53884887695312 12
    vertex -2.0093514919281006 100.40128326416016 12
    vertex -2.3524112701416016 103.88442993164062 12
  endloop
endfacet
facet normal 0 0 0
  outer loop
    vertex -2.3524112701416016 103.88442993164062 12
    vertex -2.0093514919281006 100.40128326416016 12
    vertex 0 100.5 12
  endloop
endfacet
facet normal 0 0 0
  outer loop
    vertex -2.3524112701416016 103.88442993164062 12
    vertex 0 100.5 12
    vertex 0 104 12
  endloop
endfacet
facet normal 0 0 0
  outer loop
    vertex 0 100.5 0
    vertex 0 104 0
    vertex 2.3524112701416016 103.88442993164062 0
  endloop
endfacet
facet normal 0 0 0
  outer loop
    vertex 0 100.5 0
    vertex 2.3524112701416016 103.88442993164062 0
    vertex 2.0093514919281006 100.40128326416016 0
  endloop
endfacet
facet normal 0 0 0
  outer loop
    vertex 2.0093514919281006 100.40128326416016 0
    vertex 4.6821675300598145 103.53884887695312 0
    vertex 3.9993515014648438 100.1061019897461 0
  endloop
endfacet
facet normal 0 0 0
  outer loop
    vertex 3.9993515014648438 100.1061019897461 0
    vertex 6.966832160949707 102.96656799316406 0
    vertex 5.950835704803467 99.61727905273438 0
  endloop
endfacet
facet normal 0 0 0
  outer loop
    vertex 2.3524112701416016 103.88442993164062 0
    vertex 0 104 0
    vertex 2.3524112701416016 103.88442993164062 12
  endloop
endfacet
facet normal 0 0 0
  outer loop
    vertex 4.6821675300598145 103.53884887695312 0
    vertex 2.3524112701416016 103.88442993164062 0
    vertex 4.6821675300598145 103.53884887695312 12
  endloop
endfacet
facet normal 0 0 0
  outer loop
    vertex 5.950835704803467 99.61727905273438 0
    vertex 9.184402465820312 102.17311096191406 0
    vertex 7.845010280609131 98.93952941894531 0
  endloop
endfacet
facet normal 0 0 0
  outer loop
    vertex 7.845010280609131 98.93952941894531 0
    vertex 11.313521385192871 101.16610717773438 0
    vertex 9.663633346557617 98.07938385009766 0
  endloop
endfacet
facet normal 0 0 0
  outer loop
    vertex 11.313521385192871 101.16610717773438 0
    vertex 7.845010280609131 98.93952941894531 0
    vertex 9.184402465820312 102.17311096191406 0
  endloop
endfacet
facet normal 0 0 0
  outer loop
    vertex 11.389189720153809 97.04512786865234 0
    vertex 9.663633346557617 98.07938385009766 0
    vertex 13.333685874938965 99.95526885986328 0
  endloop
endfacet
facet normal 0 0 0
  outer loop
    vertex 13.333685874938965 99.95526885986328 0
    vertex 9.663633346557617 98.07938385009766 0
    vertex 11.313521385192871 101.16610717773438 0
  endloop
endfacet
facet normal 0 0 0
  outer loop
    vertex 6.966832160949707 102.96656799316406 0
    vertex 4.6821675300598145 103.53884887695312 0
    vertex 6.966832160949707 102.96656799316406 12
  endloop
endfacet
facet normal 0 0 0
  outer loop
    vertex 9.184402465820312 102.17311096191406 0
    vertex 6.966832160949707 102.96656799316406 0
    vertex 9.184402465820312 102.17311096191406 12
  endloop
endfacet
facet normal 0 0 0
  outer loop
    vertex 11.313521385192871 101.16610717773438 0
    vertex 9.184402465820312 102.17311096191406 0
    vertex 11.313521385192871 101.16610717773438 12
  endloop
endfacet
facet normal 0 0 0
  outer loop
    vertex 0 104 0
    vertex 0 104 12
    vertex 2.3524112701416016 103.88442993164062 12
  endloop
endfacet
facet normal 0 0 0
  outer loop
    vertex 2.3524112701416016 103.88442993164062 0
    vertex 2.3524112701416016 103.88442993164062 12
    vertex 4.6821675300598145 103.53884887695312 12
  endloop
endfacet
facet normal 0 0 0
  outer loop
    vertex 4.6821675300598145 103.53884887695312 0
    vertex 4.6821675300598145 103.53884887695312 12
    vertex 6.966832160949707 102.96656799316406 12
  endloop
endfacet
facet normal 0 0 0
  outer loop
    vertex 6.966832160949707 102.96656799316406 0
    vertex 6.966832160949707 102.96656799316406 12
    vertex 9.184402465820312 102.17311096191406 12
  endloop
endfacet
facet normal 0 0 0
  outer loop
    vertex 9.184402465820312 102.17311096191406 0
    vertex 9.184402465820312 102.17311096191406 12
    vertex 11.313521385192871 101.16610717773438 12
  endloop
endfacet
facet normal 0 0 0
  outer loop
    vertex 11.313521385192871 101.16610717773438 0
    vertex 11.313521385192871 101.16610717773438 12
    vertex 13.333685874938965 99.95526885986328 12
  endloop
endfacet
facet normal 0 0 0
  outer loop
    vertex 11.389189720153809 97.04512786865234 0
    vertex 13.333685874938965 99.95526885986328 0
    vertex 13.005062103271484 95.84671783447266 0
  endloop
endfacet
facet normal 0 0 0
  outer loop
    vertex 14.495689392089844 94.49568939208984 0
    vertex 13.005062103271484 95.84671783447266 0
    vertex 15.225439071655273 98.55225372314453 0
  endloop
endfacet
facet normal 0 0 0
  outer loop
    vertex 18.5522518157959 95.2254409790039 0
    vertex 17.045127868652344 91.38919067382812 0
    vertex 15.84671401977539 93.00506591796875 0
  endloop
endfacet
facet normal 0 0 0
  outer loop
    vertex 18.07938575744629 89.66363525390625 0
    vertex 17.045127868652344 91.38919067382812 0
    vertex 18.5522518157959 95.2254409790039 0
  endloop
endfacet
facet normal 0 0 0
  outer loop
    vertex 14.495689392089844 94.49568939208984 0
    vertex 16.970561981201172 96.97056579589844 0
    vertex 15.84671401977539 93.00506591796875 0
  endloop
endfacet
facet normal 0 0 0
  outer loop
    vertex 13.333685874938965 99.95526885986328 0
    vertex 11.313521385192871 101.16610717773438 0
    vertex 13.333685874938965 99.95526885986328 12
  endloop
endfacet
facet normal 0 0 0
  outer loop
    vertex 15.225439071655273 98.55225372314453 0
    vertex 13.333685874938965 99.95526885986328 0
    vertex 15.225439071655273 98.55225372314453 12
  endloop
endfacet
facet normal 0 0 0
  outer loop
    vertex 16.970561981201172 96.97056579589844 0
    vertex 15.225439071655273 98.55225372314453 0
    vertex 16.970561981201172 96.97056579589844 12
  endloop
endfacet
facet normal 0 0 0
  outer loop
    vertex 24 80 0
    vertex 22.966567993164062 86.96683502197266 0
    vertex 23.538846969604492 84.68216705322266 0
  endloop
endfacet
facet normal 0 0 0
  outer loop
    vertex 24 80 0
    vertex 23.538846969604492 84.68216705322266 0
    vertex 23.88443374633789 82.35240936279297 0
  endloop
endfacet
facet normal 0 0 0
  outer loop
    vertex 24 80 0
    vertex 23.88443374633789 82.35240936279297 0
    vertex 24 80 8
  endloop
endfacet
facet normal 0 0 0
  outer loop
    vertex 23.88443374633789 82.35240936279297 0
    vertex 23.538846969604492 84.68216705322266 0
    vertex 23.88443374633789 82.35240936279297 12
  endloop
endfacet
facet normal 0 0 0
  outer loop
    vertex 18.939531326293945 87.84500885009766 0
    vertex 18.07938575744629 89.66363525390625 0
    vertex 19.955270767211914 93.33368682861328 0
  endloop
endfacet
facet normal 0 0 0
  outer loop
    vertex 19.617277145385742 85.95083618164062 0
    vertex 18.939531326293945 87.84500885009766 0
    vertex 19.955270767211914 93.33368682861328 0
  endloop
endfacet
facet normal 0 0 0
  outer loop
    vertex 21.16611099243164 91.31352233886719 0
    vertex 20.401287078857422 82.00935363769531 0
    vertex 20.106098175048828 83.99935150146484 0
  endloop
endfacet
facet normal 0 0 0
  outer loop
    vertex 21.16611099243164 91.31352233886719 0
    vertex 20.5 80 0
    vertex 20.401287078857422 82.00935363769531 0
  endloop
endfacet
facet normal 0 0 0
  outer loop
    vertex 21.16611099243164 91.31352233886719 0
    vertex 20.106098175048828 83.99935150146484 0
    vertex 19.617277145385742 85.95083618164062 0
  endloop
endfacet
facet normal 0 0 0
  outer loop
    vertex 24 80 0
    vertex 21.16611099243164 91.31352233886719 0
    vertex 22.17310905456543 89.18440246582031 0
  endloop
endfacet
facet normal 0 0 0
  outer loop
    vertex 24 80 0
    vertex 22.17310905456543 89.18440246582031 0
    vertex 22.966567993164062 86.96683502197266 0
  endloop
endfacet
facet normal 0 0 0
  outer loop
    vertex 19.955270767211914 93.33368682861328 0
    vertex 18.5522518157959 95.2254409790039 0
    vertex 19.955270767211914 93.33368682861328 12
  endloop
endfacet
facet normal 0 0 0
  outer loop
    vertex 21.16611099243164 91.31352233886719 0
    vertex 19.955270767211914 93.33368682861328 0
    vertex 21.16611099243164 91.31352233886719 12
  endloop
endfacet
facet normal 0 0 0
  outer loop
    vertex 18.5522518157959 95.2254409790039 0
    vertex 16.970561981201172 96.97056579589844 0
    vertex 18.5522518157959 95.2254409790039 12
  endloop
endfacet
facet normal 0 0 0
  outer loop
    vertex 22.17310905456543 89.18440246582031 0
    vertex 21.16611099243164 91.31352233886719 0
    vertex 22.17310905456543 89.18440246582031 12
  endloop
endfacet
facet normal 0 0 0
  outer loop
    vertex 22.966567993164062 86.96683502197266 0
    vertex 22.17310905456543 89.18440246582031 0
    vertex 22.966567993164062 86.96683502197266 12
  endloop
endfacet
facet normal 0 0 0
  outer loop
    vertex 23.538846969604492 84.68216705322266 0
    vertex 22.966567993164062 86.96683502197266 0
    vertex 23.538846969604492 84.68216705322266 12
  endloop
endfacet
facet normal 0 0 0
  outer loop
    vertex 13.333685874938965 99.95526885986328 0
    vertex 13.333685874938965 99.95526885986328 12
    vertex 15.225439071655273 98.55225372314453 12
  endloop
endfacet
facet normal 0 0 0
  outer loop
    vertex 15.225439071655273 98.55225372314453 0
    vertex 15.225439071655273 98.55225372314453 12
    vertex 16.970561981201172 96.97056579589844 12
  endloop
endfacet
facet normal 0 0 0
  outer loop
    vertex 16.970561981201172 96.97056579589844 0
    vertex 16.970561981201172 96.97056579589844 12
    vertex 18.5522518157959 95.2254409790039 12
  endloop
endfacet
facet normal 0 0 0
  outer loop
    vertex 24 80 8
    vertex 23.88443374633789 82.35240936279297 0
    vertex 24 80 12
  endloop
endfacet
facet normal 0 0 0
  outer loop
    vertex 23.88443374633789 82.35240936279297 0
    vertex 23.88443374633789 82.35240936279297 12
    vertex 24 80 12
  endloop
endfacet
facet normal 0 0 0
  outer loop
    vertex 23.88443374633789 82.35240936279297 12
    vertex 23.538846969604492 84.68216705322266 0
    vertex 23.538846969604492 84.68216705322266 12
  endloop
endfacet
facet normal 0 0 0
  outer loop
    vertex 19.955270767211914 93.33368682861328 12
    vertex 21.16611099243164 91.31352233886719 12
    vertex 19.955270767211914 93.33368682861328 0
  endloop
endfacet
facet normal 0 0 0
  outer loop
    vertex 19.955270767211914 93.33368682861328 12
    vertex 18.5522518157959 95.2254409790039 0
    vertex 18.5522518157959 95.2254409790039 12
  endloop
endfacet
facet normal 0 0 0
  outer loop
    vertex 22.17310905456543 89.18440246582031 0
    vertex 22.17310905456543 89.18440246582031 12
    vertex 22.966567993164062 86.96683502197266 12
  endloop
endfacet
facet normal 0 0 0
  outer loop
    vertex 21.16611099243164 91.31352233886719 0
    vertex 21.16611099243164 91.31352233886719 12
    vertex 22.17310905456543 89.18440246582031 12
  endloop
endfacet
facet normal 0 0 0
  outer loop
    vertex 22.966567993164062 86.96683502197266 0
    vertex 22.966567993164062 86.96683502197266 12
    vertex 23.538846969604492 84.68216705322266 12
  endloop
endfacet
facet normal 0 0 0
  outer loop
    vertex 0 104 12
    vertex 2.0093514919281006 100.40128326416016 12
    vertex 2.3524112701416016 103.88442993164062 12
  endloop
endfacet
facet normal 0 0 0
  outer loop
    vertex 2.3524112701416016 103.88442993164062 12
    vertex 3.9993515014648438 100.1061019897461 12
    vertex 4.6821675300598145 103.53884887695312 12
  endloop
endfacet
facet normal 0 0 0
  outer loop
    vertex 4.6821675300598145 103.53884887695312 12
    vertex 5.950835704803467 99.61727905273438 12
    vertex 6.966832160949707 102.96656799316406 12
  endloop
endfacet
facet normal 0 0 0
  outer loop
    vertex 6.966832160949707 102.96656799316406 12
    vertex 7.845010280609131 98.93952941894531 12
    vertex 9.184402465820312 102.17311096191406 12
  endloop
endfacet
facet normal 0 0 0
  outer loop
    vertex 9.184402465820312 102.17311096191406 12
    vertex 9.663633346557617 98.07938385009766 12
    vertex 11.313521385192871 101.16610717773438 12
  endloop
endfacet
facet normal 0 0 0
  outer loop
    vertex 11.389189720153809 97.04512786865234 12
    vertex 13.005062103271484 95.84671783447266 12
    vertex 13.333685874938965 99.95526885986328 12
  endloop
endfacet
facet normal 0 0 0
  outer loop
    vertex 11.313521385192871 101.16610717773438 12
    vertex 11.389189720153809 97.04512786865234 12
    vertex 13.333685874938965 99.95526885986328 12
  endloop
endfacet
facet normal 0 0 0
  outer loop
    vertex 13.333685874938965 99.95526885986328 12
    vertex 14.495689392089844 94.49568939208984 12
    vertex 15.225439071655273 98.55225372314453 12
  endloop
endfacet
facet normal 0 0 0
  outer loop
    vertex 17.045127868652344 91.38919067382812 12
    vertex 18.07938575744629 89.66363525390625 12
    vertex 18.5522518157959 95.2254409790039 12
  endloop
endfacet
facet normal 0 0 0
  outer loop
    vertex 15.225439071655273 98.55225372314453 12
    vertex 15.84671401977539 93.00506591796875 12
    vertex 16.970561981201172 96.97056579589844 12
  endloop
endfacet
facet normal 0 0 0
  outer loop
    vertex 16.970561981201172 96.97056579589844 12
    vertex 17.045127868652344 91.38919067382812 12
    vertex 18.5522518157959 95.2254409790039 12
  endloop
endfacet
facet normal 0 0 0
  outer loop
    vertex 18.5522518157959 95.2254409790039 12
    vertex 18.939531326293945 87.84500885009766 12
    vertex 19.955270767211914 93.33368682861328 12
  endloop
endfacet
facet normal 0 0 0
  outer loop
    vertex 18.939531326293945 87.84500885009766 12
    vertex 19.617277145385742 85.95083618164062 12
    vertex 19.955270767211914 93.33368682861328 12
  endloop
endfacet
facet normal 0 0 0
  outer loop
    vertex 20.106098175048828 83.99935150146484 12
    vertex 20.401287078857422 82.00935363769531 12
    vertex 21.16611099243164 91.31352233886719 12
  endloop
endfacet
facet normal 0 0 0
  outer loop
    vertex 21.16611099243164 91.31352233886719 12
    vertex 20.401287078857422 82.00935363769531 12
    vertex 20.5 80 12
  endloop
endfacet
facet normal 0 0 0
  outer loop
    vertex 19.955270767211914 93.33368682861328 12
    vertex 20.106098175048828 83.99935150146484 12
    vertex 21.16611099243164 91.31352233886719 12
  endloop
endfacet
facet normal 0 0 0
  outer loop
    vertex -20.5 80 0
    vertex -20.401287078857422 82.00935363769531 0
    vertex -20.401287078857422 82.00935363769531 12
  endloop
endfacet
facet normal 0 0 0
  outer loop
    vertex -20.106098175048828 83.99935150146484 0
    vertex -20.106098175048828 83.99935150146484 12
    vertex -20.401287078857422 82.00935363769531 0
  endloop
endfacet
facet normal 0 0 0
  outer loop
    vertex -19.617277145385742 85.95083618164062 0
    vertex -19.617277145385742 85.95083618164062 12
    vertex -20.106098175048828 83.99935150146484 0
  endloop
endfacet
facet normal 0 0 0
  outer loop
    vertex -18.939531326293945 87.84500885009766 0
    vertex -18.939531326293945 87.84500885009766 12
    vertex -19.617277145385742 85.95083618164062 0
  endloop
endfacet
facet normal 0 0 0
  outer loop
    vertex -18.07938575744629 89.66363525390625 0
    vertex -18.07938575744629 89.66363525390625 12
    vertex -18.939531326293945 87.84500885009766 0
  endloop
endfacet
facet normal 0 0 0
  outer loop
    vertex -17.045127868652344 91.38919067382812 0
    vertex -17.045127868652344 91.38919067382812 12
    vertex -18.07938575744629 89.66363525390625 0
  endloop
endfacet
facet normal 0 0 0
  outer loop
    vertex -15.84671401977539 93.00506591796875 0
    vertex -15.84671401977539 93.00506591796875 12
    vertex -17.045127868652344 91.38919067382812 0
  endloop
endfacet
facet normal 0 0 0
  outer loop
    vertex -14.495689392089844 94.49568939208984 0
    vertex -14.495689392089844 94.49568939208984 12
    vertex -15.84671401977539 93.00506591796875 0
  endloop
endfacet
facet normal 0 0 0
  outer loop
    vertex -13.005062103271484 95.84671783447266 0
    vertex -13.005062103271484 95.84671783447266 12
    vertex -14.495689392089844 94.49568939208984 0
  endloop
endfacet
facet normal 0 0 0
  outer loop
    vertex -20.5 80 8
    vertex -20.5 80 0
    vertex -20.401287078857422 82.00935363769531 12
  endloop
endfacet
facet normal 0 0 0
  outer loop
    vertex -20.401287078857422 82.00935363769531 12
    vertex -20.401287078857422 82.00935363769531 0
    vertex -20.106098175048828 83.99935150146484 12
  endloop
endfacet
facet normal 0 0 0
  outer loop
    vertex -20.5 80 8
    vertex -20.401287078857422 82.00935363769531 12
    vertex -20.5 80 12
  endloop
endfacet
facet normal 0 0 0
  outer loop
    vertex -20.106098175048828 83.99935150146484 12
    vertex -20.106098175048828 83.99935150146484 0
    vertex -19.617277145385742 85.95083618164062 12
  endloop
endfacet
facet normal 0 0 0
  outer loop
    vertex -19.617277145385742 85.95083618164062 12
    vertex -19.617277145385742 85.95083618164062 0
    vertex -18.939531326293945 87.84500885009766 12
  endloop
endfacet
facet normal 0 0 0
  outer loop
    vertex -18.939531326293945 87.84500885009766 12
    vertex -18.939531326293945 87.84500885009766 0
    vertex -18.07938575744629 89.66363525390625 12
  endloop
endfacet
facet normal 0 0 0
  outer loop
    vertex -18.07938575744629 89.66363525390625 12
    vertex -18.07938575744629 89.66363525390625 0
    vertex -17.045127868652344 91.38919067382812 12
  endloop
endfacet
facet normal 0 0 0
  outer loop
    vertex -17.045127868652344 91.38919067382812 12
    vertex -17.045127868652344 91.38919067382812 0
    vertex -15.84671401977539 93.00506591796875 12
  endloop
endfacet
facet normal 0 0 0
  outer loop
    vertex -15.84671401977539 93.00506591796875 12
    vertex -15.84671401977539 93.00506591796875 0
    vertex -14.495689392089844 94.49568939208984 12
  endloop
endfacet
facet normal 0 0 0
  outer loop
    vertex -14.495689392089844 94.49568939208984 12
    vertex -14.495689392089844 94.49568939208984 0
    vertex -13.005062103271484 95.84671783447266 12
  endloop
endfacet
facet normal 0 0 0
  outer loop
    vertex -13.005062103271484 95.84671783447266 12
    vertex -13.005062103271484 95.84671783447266 0
    vertex -11.389189720153809 97.04512786865234 12
  endloop
endfacet
facet normal 0 0 0
  outer loop
    vertex -11.389189720153809 97.04512786865234 0
    vertex -11.389189720153809 97.04512786865234 12
    vertex -13.005062103271484 95.84671783447266 0
  endloop
endfacet
facet normal 0 0 0
  outer loop
    vertex -9.663633346557617 98.07938385009766 0
    vertex -9.663633346557617 98.07938385009766 12
    vertex -11.389189720153809 97.04512786865234 0
  endloop
endfacet
facet normal 0 0 0
  outer loop
    vertex -7.845010280609131 98.93952941894531 0
    vertex -7.845010280609131 98.93952941894531 12
    vertex -9.663633346557617 98.07938385009766 0
  endloop
endfacet
facet normal 0 0 0
  outer loop
    vertex -5.950835704803467 99.61727905273438 0
    vertex -5.950835704803467 99.61727905273438 12
    vertex -7.845010280609131 98.93952941894531 0
  endloop
endfacet
facet normal 0 0 0
  outer loop
    vertex -3.9993515014648438 100.1061019897461 0
    vertex -3.9993515014648438 100.1061019897461 12
    vertex -5.950835704803467 99.61727905273438 0
  endloop
endfacet
facet normal 0 0 0
  outer loop
    vertex -2.0093514919281006 100.40128326416016 0
    vertex -2.0093514919281006 100.40128326416016 12
    vertex -3.9993515014648438 100.1061019897461 0
  endloop
endfacet
facet normal 0 0 0
  outer loop
    vertex 0 100.5 0
    vertex 0 100.5 12
    vertex -2.0093514919281006 100.40128326416016 0
  endloop
endfacet
facet normal 0 0 0
  outer loop
    vertex -11.389189720153809 97.04512786865234 12
    vertex -11.389189720153809 97.04512786865234 0
    vertex -9.663633346557617 98.07938385009766 12
  endloop
endfacet
facet normal 0 0 0
  outer loop
    vertex -9.663633346557617 98.07938385009766 12
    vertex -9.663633346557617 98.07938385009766 0
    vertex -7.845010280609131 98.93952941894531 12
  endloop
endfacet
facet normal 0 0 0
  outer loop
    vertex -7.845010280609131 98.93952941894531 12
    vertex -7.845010280609131 98.93952941894531 0
    vertex -5.950835704803467 99.61727905273438 12
  endloop
endfacet
facet normal 0 0 0
  outer loop
    vertex -5.950835704803467 99.61727905273438 12
    vertex -5.950835704803467 99.61727905273438 0
    vertex -3.9993515014648438 100.1061019897461 12
  endloop
endfacet
facet normal 0 0 0
  outer loop
    vertex -3.9993515014648438 100.1061019897461 12
    vertex -3.9993515014648438 100.1061019897461 0
    vertex -2.0093514919281006 100.40128326416016 12
  endloop
endfacet
facet normal 0 0 0
  outer loop
    vertex -2.0093514919281006 100.40128326416016 12
    vertex -2.0093514919281006 100.40128326416016 0
    vertex 0 100.5 12
  endloop
endfacet
facet normal 0 0 0
  outer loop
    vertex 2.0093514919281006 100.40128326416016 0
    vertex 2.0093514919281006 100.40128326416016 12
    vertex 0 100.5 0
  endloop
endfacet
facet normal 0 0 0
  outer loop
    vertex 3.9993515014648438 100.1061019897461 0
    vertex 3.9993515014648438 100.1061019897461 12
    vertex 2.0093514919281006 100.40128326416016 0
  endloop
endfacet
facet normal 0 0 0
  outer loop
    vertex 5.950835704803467 99.61727905273438 0
    vertex 5.950835704803467 99.61727905273438 12
    vertex 3.9993515014648438 100.1061019897461 0
  endloop
endfacet
facet normal 0 0 0
  outer loop
    vertex 7.845010280609131 98.93952941894531 0
    vertex 7.845010280609131 98.93952941894531 12
    vertex 5.950835704803467 99.61727905273438 0
  endloop
endfacet
facet normal 0 0 0
  outer loop
    vertex 9.663633346557617 98.07938385009766 0
    vertex 9.663633346557617 98.07938385009766 12
    vertex 7.845010280609131 98.93952941894531 0
  endloop
endfacet
facet normal 0 0 0
  outer loop
    vertex 11.389189720153809 97.04512786865234 0
    vertex 11.389189720153809 97.04512786865234 12
    vertex 9.663633346557617 98.07938385009766 0
  endloop
endfacet
facet normal 0 0 0
  outer loop
    vertex 0 100.5 12
    vertex 0 100.5 0
    vertex 2.0093514919281006 100.40128326416016 12
  endloop
endfacet
facet normal 0 0 0
  outer loop
    vertex 2.0093514919281006 100.40128326416016 12
    vertex 2.0093514919281006 100.40128326416016 0
    vertex 3.9993515014648438 100.1061019897461 12
  endloop
endfacet
facet normal 0 0 0
  outer loop
    vertex 3.9993515014648438 100.1061019897461 12
    vertex 3.9993515014648438 100.1061019897461 0
    vertex 5.950835704803467 99.61727905273438 12
  endloop
endfacet
facet normal 0 0 0
  outer loop
    vertex 5.950835704803467 99.61727905273438 12
    vertex 5.950835704803467 99.61727905273438 0
    vertex 7.845010280609131 98.93952941894531 12
  endloop
endfacet
facet normal 0 0 0
  outer loop
    vertex 7.845010280609131 98.93952941894531 12
    vertex 7.845010280609131 98.93952941894531 0
    vertex 9.663633346557617 98.07938385009766 12
  endloop
endfacet
facet normal 0 0 0
  outer loop
    vertex 9.663633346557617 98.07938385009766 12
    vertex 9.663633346557617 98.07938385009766 0
    vertex 11.389189720153809 97.04512786865234 12
  endloop
endfacet
facet normal 0 0 0
  outer loop
    vertex 11.389189720153809 97.04512786865234 12
    vertex 11.389189720153809 97.04512786865234 0
    vertex 13.005062103271484 95.84671783447266 12
  endloop
endfacet
facet normal 0 0 0
  outer loop
    vertex 13.005062103271484 95.84671783447266 0
    vertex 13.005062103271484 95.84671783447266 12
    vertex 11.389189720153809 97.04512786865234 0
  endloop
endfacet
facet normal 0 0 0
  outer loop
    vertex 14.495689392089844 94.49568939208984 0
    vertex 14.495689392089844 94.49568939208984 12
    vertex 13.005062103271484 95.84671783447266 0
  endloop
endfacet
facet normal 0 0 0
  outer loop
    vertex 15.84671401977539 93.00506591796875 0
    vertex 15.84671401977539 93.00506591796875 12
    vertex 14.495689392089844 94.49568939208984 0
  endloop
endfacet
facet normal 0 0 0
  outer loop
    vertex 17.045127868652344 91.38919067382812 0
    vertex 17.045127868652344 91.38919067382812 12
    vertex 15.84671401977539 93.00506591796875 0
  endloop
endfacet
facet normal 0 0 0
  outer loop
    vertex 18.07938575744629 89.66363525390625 0
    vertex 18.07938575744629 89.66363525390625 12
    vertex 17.045127868652344 91.38919067382812 0
  endloop
endfacet
facet normal 0 0 0
  outer loop
    vertex 20.5 80 0
    vertex 20.5 80 8
    vertex 20.401287078857422 82.00935363769531 0
  endloop
endfacet
facet normal 0 0 0
  outer loop
    vertex 20.401287078857422 82.00935363769531 0
    vertex 20.401287078857422 82.00935363769531 12
    vertex 20.106098175048828 83.99935150146484 0
  endloop
endfacet
facet normal 0 0 0
  outer loop
    vertex 18.939531326293945 87.84500885009766 0
    vertex 18.939531326293945 87.84500885009766 12
    vertex 18.07938575744629 89.66363525390625 0
  endloop
endfacet
facet normal 0 0 0
  outer loop
    vertex 19.617277145385742 85.95083618164062 0
    vertex 19.617277145385742 85.95083618164062 12
    vertex 18.939531326293945 87.84500885009766 0
  endloop
endfacet
facet normal 0 0 0
  outer loop
    vertex 20.106098175048828 83.99935150146484 0
    vertex 20.106098175048828 83.99935150146484 12
    vertex 19.617277145385742 85.95083618164062 0
  endloop
endfacet
facet normal 0 0 0
  outer loop
    vertex 14.495689392089844 94.49568939208984 12
    vertex 14.495689392089844 94.49568939208984 0
    vertex 15.84671401977539 93.00506591796875 12
  endloop
endfacet
facet normal 0 0 0
  outer loop
    vertex 13.005062103271484 95.84671783447266 12
    vertex 13.005062103271484 95.84671783447266 0
    vertex 14.495689392089844 94.49568939208984 12
  endloop
endfacet
facet normal 0 0 0
  outer loop
    vertex 15.84671401977539 93.00506591796875 12
    vertex 15.84671401977539 93.00506591796875 0
    vertex 17.045127868652344 91.38919067382812 12
  endloop
endfacet
facet normal 0 0 0
  outer loop
    vertex 17.045127868652344 91.38919067382812 12
    vertex 17.045127868652344 91.38919067382812 0
    vertex 18.07938575744629 89.66363525390625 12
  endloop
endfacet
facet normal 0 0 0
  outer loop
    vertex 20.401287078857422 82.00935363769531 0
    vertex 20.5 80 8
    vertex 20.5 80 12
  endloop
endfacet
facet normal 0 0 0
  outer loop
    vertex 20.106098175048828 83.99935150146484 12
    vertex 20.106098175048828 83.99935150146484 0
    vertex 20.401287078857422 82.00935363769531 12
  endloop
endfacet
facet normal 0 0 0
  outer loop
    vertex 20.401287078857422 82.00935363769531 12
    vertex 20.401287078857422 82.00935363769531 0
    vertex 20.5 80 12
  endloop
endfacet
facet normal 0 0 0
  outer loop
    vertex 18.07938575744629 89.66363525390625 12
    vertex 18.07938575744629 89.66363525390625 0
    vertex 18.939531326293945 87.84500885009766 12
  endloop
endfacet
facet normal 0 0 0
  outer loop
    vertex 18.939531326293945 87.84500885009766 12
    vertex 18.939531326293945 87.84500885009766 0
    vertex 19.617277145385742 85.95083618164062 12
  endloop
endfacet
facet normal 0 0 0
  outer loop
    vertex 19.617277145385742 85.95083618164062 12
    vertex 19.617277145385742 85.95083618164062 0
    vertex 20.106098175048828 83.99935150146484 12
  endloop
endfacet
facet normal 0 0 0
  outer loop
    vertex -24 -45 0
    vertex -13.486576080322266 -45 0
    vertex -24 -45 8
  endloop
endfacet
facet normal 0 0 0
  outer loop
    vertex -13.486576080322266 -45 0
    vertex -20 -45 8
    vertex -24 -45 8
  endloop
endfacet
facet normal 0 0 0
  outer loop
    vertex -13.486576080322266 -45 0
    vertex -13.486576080322266 -45 8
    vertex -20 -45 8
  endloop
endfacet
facet normal 0 0 0
  outer loop
    vertex -20 -45 8
    vertex -14.399999618530273 -40 8
    vertex -20 -3.3333332538604736 8
  endloop
endfacet
facet normal 0 0 0
  outer loop
    vertex -20 -45 8
    vertex -13.486576080322266 -45 8
    vertex -13.779940605163574 -44.18009948730469 8
  endloop
endfacet
facet normal 0 0 0
  outer loop
    vertex -20 -45 8
    vertex -14.123308181762695 -42.80929946899414 8
    vertex -14.330659866333008 -41.41144561767578 8
  endloop
endfacet
facet normal 0 0 0
  outer loop
    vertex -20 -45 8
    vertex -14.330659866333008 -41.41144561767578 8
    vertex -14.399999618530273 -40 8
  endloop
endfacet
facet normal 0 0 0
  outer loop
    vertex -20 -45 8
    vertex -13.779940605163574 -44.18009948730469 8
    vertex -14.123308181762695 -42.80929946899414 8
  endloop
endfacet
facet normal 0 0 0
  outer loop
    vertex -14.399999618530273 -40 8
    vertex -14.330659866333008 -38.58855438232422 8
    vertex -20 -3.3333332538604736 8
  endloop
endfacet
facet normal 0 0 0
  outer loop
    vertex -14.330659866333008 -38.58855438232422 8
    vertex -14.123308181762695 -37.19070053100586 8
    vertex -20 -3.3333332538604736 8
  endloop
endfacet
facet normal 0 0 0
  outer loop
    vertex -14.123308181762695 -37.19070053100586 8
    vertex -13.779940605163574 -35.81990051269531 8
    vertex -20 -3.3333332538604736 8
  endloop
endfacet
facet normal 0 0 0
  outer loop
    vertex -13.779940605163574 -35.81990051269531 8
    vertex -13.303865432739258 -34.489356994628906 8
    vertex -20 -3.3333332538604736 8
  endloop
endfacet
facet normal 0 0 0
  outer loop
    vertex -13.303865432739258 -34.489356994628906 8
    vertex -12.699666023254395 -33.21188735961914 8
    vertex -20 -3.3333332538604736 8
  endloop
endfacet
facet normal 0 0 0
  outer loop
    vertex -12.699666023254395 -33.21188735961914 8
    vertex -11.973162651062012 -31.999788284301758 8
    vertex -20 -3.3333332538604736 8
  endloop
endfacet
facet normal 0 0 0
  outer loop
    vertex -20 -3.3333332538604736 8
    vertex -11.973162651062012 -31.999788284301758 8
    vertex -11.13135051727295 -30.864736557006836 8
  endloop
endfacet
facet normal 0 0 0
  outer loop
    vertex -20 -3.3333332538604736 8
    vertex -11.13135051727295 -30.864736557006836 8
    vertex -10.182337760925293 -29.817663192749023 8
  endloop
endfacet
facet normal 0 0 0
  outer loop
    vertex -20 -3.3333332538604736 8
    vertex -10.182337760925293 -29.817663192749023 8
    vertex -12 -21 8
  endloop
endfacet
facet normal 0 0 0
  outer loop
    vertex -24 -45 0
    vertex -24 80 0
    vertex -13.486576080322266 -45 0
  endloop
endfacet
facet normal 0 0 0
  outer loop
    vertex -24 -45 0
    vertex -24 -45 8
    vertex -24 80 8
  endloop
endfacet
facet normal 0 0 0
  outer loop
    vertex -13.486576080322266 -45 0
    vertex -24 80 0
    vertex -13.303865432739258 -45 0
  endloop
endfacet
facet normal 0 0 0
  outer loop
    vertex -13.303865432739258 -45 0
    vertex -24 80 0
    vertex -13.278779029846191 -45 0
  endloop
endfacet
facet normal 0 0 0
  outer loop
    vertex -13.278779029846191 -45 0
    vertex -24 80 0
    vertex -12.699666023254395 -45 0
  endloop
endfacet
facet normal 0 0 0
  outer loop
    vertex -12.699666023254395 -45 0
    vertex -24 80 0
    vertex -12.611822128295898 -45 0
  endloop
endfacet
facet normal 0 0 0
  outer loop
    vertex -12.611822128295898 -45 0
    vertex -24 80 0
    vertex -11.973162651062012 -45 0
  endloop
endfacet
facet normal 0 0 0
  outer loop
    vertex -11.973162651062012 -45 0
    vertex -24 80 0
    vertex -11.82577133178711 -45 0
  endloop
endfacet
facet normal 0 0 0
  outer loop
    vertex -12.050000190734863 -41.650001525878906 0
    vertex -11.82577133178711 -45 0
    vertex -24 80 0
  endloop
endfacet
facet normal 0 0 0
  outer loop
    vertex -12.050000190734863 -41.650001525878906 0
    vertex -24 80 0
    vertex -12.050000190734863 -38.349998474121094 0
  endloop
endfacet
facet normal 0 0 0
  outer loop
    vertex -12.050000190734863 -38.349998474121094 0
    vertex -24 80 0
    vertex -10.256377220153809 -38.349998474121094 0
  endloop
endfacet
facet normal 0 0 0
  outer loop
    vertex -10.256377220153809 -38.349998474121094 0
    vertex -24 80 0
    vertex -10.200166702270508 -37.97106170654297 0
  endloop
endfacet
facet normal 0 0 0
  outer loop
    vertex -10.200166702270508 -37.97106170654297 0
    vertex -24 80 0
    vertex -9.952179908752441 -36.981040954589844 0
  endloop
endfacet
facet normal 0 0 0
  outer loop
    vertex -9.952179908752441 -36.981040954589844 0
    vertex -24 80 0
    vertex -9.608346939086914 -36.02009201049805 0
  endloop
endfacet
facet normal 0 0 0
  outer loop
    vertex -9.608346939086914 -36.02009201049805 0
    vertex -24 80 0
    vertex -9.171980857849121 -35.09747314453125 0
  endloop
endfacet
facet normal 0 0 0
  outer loop
    vertex -9.171980857849121 -35.09747314453125 0
    vertex -24 80 0
    vertex -8.647283554077148 -34.222068786621094 0
  endloop
endfacet
facet normal 0 0 0
  outer loop
    vertex -12.050000190734863 -1.649999976158142 0
    vertex -8.647283554077148 -34.222068786621094 0
    vertex -24 80 0
  endloop
endfacet
facet normal 0 0 0
  outer loop
    vertex -20 -3.3333332538604736 8
    vertex -14.330659866333008 -1.4114468097686768 8
    vertex -20 59.16666793823242 8
  endloop
endfacet
facet normal 0 0 0
  outer loop
    vertex -20 -3.3333332538604736 8
    vertex -12.699666023254395 -6.788113117218018 8
    vertex -13.303865432739258 -5.510641574859619 8
  endloop
endfacet
facet normal 0 0 0
  outer loop
    vertex -20 -3.3333332538604736 8
    vertex -14.123308181762695 -2.809300661087036 8
    vertex -14.330659866333008 -1.4114468097686768 8
  endloop
endfacet
facet normal 0 0 0
  outer loop
    vertex -20 -3.3333332538604736 8
    vertex -13.779940605163574 -4.1800994873046875 8
    vertex -14.123308181762695 -2.809300661087036 8
  endloop
endfacet
facet normal 0 0 0
  outer loop
    vertex -20 -3.3333332538604736 8
    vertex -13.303865432739258 -5.510641574859619 8
    vertex -13.779940605163574 -4.1800994873046875 8
  endloop
endfacet
facet normal 0 0 0
  outer loop
    vertex -20 -3.3333332538604736 8
    vertex -12 -21 8
    vertex -12 -15 8
  endloop
endfacet
facet normal 0 0 0
  outer loop
    vertex -20 -3.3333332538604736 8
    vertex -12 -15 8
    vertex -11.13135051727295 -9.135263442993164 8
  endloop
endfacet
facet normal 0 0 0
  outer loop
    vertex -20 -3.3333332538604736 8
    vertex -11.973162651062012 -8.000211715698242 8
    vertex -12.699666023254395 -6.788113117218018 8
  endloop
endfacet
facet normal 0 0 0
  outer loop
    vertex -20 -3.3333332538604736 8
    vertex -11.13135051727295 -9.135263442993164 8
    vertex -11.973162651062012 -8.000211715698242 8
  endloop
endfacet
facet normal 0 0 0
  outer loop
    vertex -14.330659866333008 -1.4114468097686768 8
    vertex -14.399999618530273 0 8
    vertex -20 59.16666793823242 8
  endloop
endfacet
facet normal 0 0 0
  outer loop
    vertex -14.399999618530273 0 8
    vertex -14.330659866333008 1.4114468097686768 8
    vertex -20 59.16666793823242 8
  endloop
endfacet
facet normal 0 0 0
  outer loop
    vertex -14.330659866333008 1.4114468097686768 8
    vertex -14.123308181762695 2.809300661087036 8
    vertex -20 59.16666793823242 8
  endloop
endfacet
facet normal 0 0 0
  outer loop
    vertex -14.123308181762695 2.809300661087036 8
    vertex -13.779940605163574 4.1800994873046875 8
    vertex -20 59.16666793823242 8
  endloop
endfacet
facet normal 0 0 0
  outer loop
    vertex -13.779940605163574 4.1800994873046875 8
    vertex -13.303865432739258 5.510641574859619 8
    vertex -20 59.16666793823242 8
  endloop
endfacet
facet normal 0 0 0
  outer loop
    vertex -13.303865432739258 5.510641574859619 8
    vertex -12.699666023254395 6.788113117218018 8
    vertex -20 59.16666793823242 8
  endloop
endfacet
facet normal 0 0 0
  outer loop
    vertex -12.699666023254395 6.788113117218018 8
    vertex -11.973162651062012 8.000211715698242 8
    vertex -20 59.16666793823242 8
  endloop
endfacet
facet normal 0 0 0
  outer loop
    vertex -11.13135051727295 9.135263442993164 8
    vertex -12 19 8
    vertex -13.581587791442871 32.7404899597168 8
  endloop
endfacet
facet normal 0 0 0
  outer loop
    vertex -12 19 8
    vertex -12 20 8
    vertex -13.581587791442871 32.7404899597168 8
  endloop
endfacet
facet normal 0 0 0
  outer loop
    vertex -12 20 8
    vertex -12 21.5 8
    vertex -12.804632186889648 31.444217681884766 8
  endloop
endfacet
facet normal 0 0 0
  outer loop
    vertex -10.182337760925293 -45 0
    vertex -9.171980857849121 -44.90252685546875 0
    vertex -9.466163635253906 -45 0
  endloop
endfacet
facet normal 0 0 0
  outer loop
    vertex -10.182337760925293 -45 0
    vertex -9.608346939086914 -43.97990798950195 0
    vertex -9.171980857849121 -44.90252685546875 0
  endloop
endfacet
facet normal 0 0 0
  outer loop
    vertex -9.466163635253906 -45 0
    vertex -9.171980857849121 -44.90252685546875 0
    vertex -9.135263442993164 -45 0
  endloop
endfacet
facet normal 0 0 0
  outer loop
    vertex -9.171980857849121 -44.90252685546875 0
    vertex -9.113557815551758 -45 0
    vertex -9.135263442993164 -45 0
  endloop
endfacet
facet normal 0 0 0
  outer loop
    vertex -12.050000190734863 -41.650001525878906 0
    vertex -11.13135051727295 -45 0
    vertex -11.82577133178711 -45 0
  endloop
endfacet
facet normal 0 0 0
  outer loop
    vertex -12.050000190734863 -41.650001525878906 0
    vertex -10.928197860717773 -45 0
    vertex -11.13135051727295 -45 0
  endloop
endfacet
facet normal 0 0 0
  outer loop
    vertex -12.050000190734863 -41.650001525878906 0
    vertex -10.182337760925293 -45 0
    vertex -10.928197860717773 -45 0
  endloop
endfacet
facet normal 0 0 0
  outer loop
    vertex -12.050000190734863 -41.650001525878906 0
    vertex -9.952179908752441 -43.018959045410156 0
    vertex -10.182337760925293 -45 0
  endloop
endfacet
facet normal 0 0 0
  outer loop
    vertex -12.050000190734863 -41.650001525878906 0
    vertex -10.200166702270508 -42.02893829345703 0
    vertex -9.952179908752441 -43.018959045410156 0
  endloop
endfacet
facet normal 0 0 0
  outer loop
    vertex -12.050000190734863 -41.650001525878906 0
    vertex -10.256377220153809 -41.650001525878906 0
    vertex -10.200166702270508 -42.02893829345703 0
  endloop
endfacet
facet normal 0 0 0
  outer loop
    vertex -10.182337760925293 -45 0
    vertex -9.952179908752441 -43.018959045410156 0
    vertex -9.608346939086914 -43.97990798950195 0
  endloop
endfacet
facet normal 0 0 0
  outer loop
    vertex -8.647283554077148 -34.222068786621094 0
    vertex -8.039308547973633 -6.597690105438232 0
    vertex -8.039308547973633 -33.40230941772461 0
  endloop
endfacet
facet normal 0 0 0
  outer loop
    vertex -8.039308547973633 -33.40230941772461 0
    vertex -7.353910446166992 -7.353910446166992 0
    vertex -7.353910446166992 -32.646087646484375 0
  endloop
endfacet
facet normal 0 0 0
  outer loop
    vertex -8.647283554077148 -34.222068786621094 0
    vertex -9.171980857849121 -4.902525901794434 0
    vertex -8.647283554077148 -5.77793025970459 0
  endloop
endfacet
facet normal 0 0 0
  outer loop
    vertex -8.647283554077148 -34.222068786621094 0
    vertex -8.647283554077148 -5.77793025970459 0
    vertex -8.039308547973633 -6.597690105438232 0
  endloop
endfacet
facet normal 0 0 0
  outer loop
    vertex -8.039308547973633 -33.40230941772461 0
    vertex -8.039308547973633 -6.597690105438232 0
    vertex -7.353910446166992 -7.353910446166992 0
  endloop
endfacet
facet normal 0 0 0
  outer loop
    vertex -7.353910446166992 -32.646087646484375 0
    vertex -7.353910446166992 -7.353910446166992 0
    vertex -6.597690105438232 -31.960691452026367 0
  endloop
endfacet
facet normal 0 0 0
  outer loop
    vertex -6.597690105438232 -31.960691452026367 0
    vertex -7.353910446166992 -7.353910446166992 0
    vertex -5.77793025970459 -31.35271644592285 0
  endloop
endfacet
facet normal 0 0 0
  outer loop
    vertex -5.77793025970459 -31.35271644592285 0
    vertex -7.353910446166992 -7.353910446166992 0
    vertex -4.902525901794434 -30.828018188476562 0
  endloop
endfacet
facet normal 0 0 0
  outer loop
    vertex -4.902525901794434 -30.828018188476562 0
    vertex -7.353910446166992 -7.353910446166992 0
    vertex -3.979907751083374 -30.391653060913086 0
  endloop
endfacet
facet normal 0 0 0
  outer loop
    vertex -3.979907751083374 -30.391653060913086 0
    vertex -6.597690105438232 -8.039308547973633 0
    vertex -3.01896071434021 -30.047821044921875 0
  endloop
endfacet
facet normal 0 0 0
  outer loop
    vertex -3.979907751083374 -30.391653060913086 0
    vertex -7.353910446166992 -7.353910446166992 0
    vertex -6.597690105438232 -8.039308547973633 0
  endloop
endfacet
facet normal 0 0 0
  outer loop
    vertex -3.01896071434021 -30.047821044921875 0
    vertex -6.597690105438232 -8.039308547973633 0
    vertex -1.649999976158142 -27.950000762939453 0
  endloop
endfacet
facet normal 0 0 0
  outer loop
    vertex -0.30000001192092896 -27.950000762939453 0
    vertex -6.597690105438232 -8.039308547973633 0
    vertex -5.77793025970459 -8.647283554077148 0
  endloop
endfacet
facet normal 0 0 0
  outer loop
    vertex -0.30000001192092896 -27.950000762939453 0
    vertex -5.77793025970459 -8.647283554077148 0
    vertex -4.902525901794434 -9.171980857849121 0
  endloop
endfacet
facet normal 0 0 0
  outer loop
    vertex -0.30000001192092896 -27.950000762939453 0
    vertex -4.902525901794434 -9.171980857849121 0
    vertex -3.979907751083374 -9.608346939086914 0
  endloop
endfacet
facet normal 0 0 0
  outer loop
    vertex -3.01896071434021 -30.047821044921875 0
    vertex -1.649999976158142 -27.950000762939453 0
    vertex -2.0289392471313477 -29.799833297729492 0
  endloop
endfacet
facet normal 0 0 0
  outer loop
    vertex -2.0289392471313477 -29.799833297729492 0
    vertex -1.649999976158142 -27.950000762939453 0
    vertex -1.649999976158142 -29.743621826171875 0
  endloop
endfacet
facet normal 0 0 0
  outer loop
    vertex -1.649999976158142 -27.950000762939453 0
    vertex -6.597690105438232 -8.039308547973633 0
    vertex -0.30000001192092896 -27.950000762939453 0
  endloop
endfacet
facet normal 0 0 0
  outer loop
    vertex -0.30000001192092896 -27.950000762939453 0
    vertex -3.979907751083374 -9.608346939086914 0
    vertex -3.01896071434021 -9.952179908752441 0
  endloop
endfacet
facet normal 0 0 0
  outer loop
    vertex -0.30000001192092896 -27.950000762939453 0
    vertex -3.01896071434021 -9.952179908752441 0
    vertex -1.649999976158142 -12.050000190734863 0
  endloop
endfacet
facet normal 0 0 0
  outer loop
    vertex -0.30000001192092896 -27.950000762939453 0
    vertex -1.649999976158142 -12.050000190734863 0
    vertex -0.30000001192092896 -12.050000190734863 0
  endloop
endfacet
facet normal 0 0 0
  outer loop
    vertex -10.182337760925293 -29.817663192749023 8
    vertex -9.135263442993164 -28.868648529052734 8
    vertex -10.5 -18 8
  endloop
endfacet
facet normal 0 0 0
  outer loop
    vertex -10.182337760925293 -29.817663192749023 8
    vertex -11 -21 8
    vertex -12 -21 8
  endloop
endfacet
facet normal 0 0 0
  outer loop
    vertex -10.182337760925293 -29.817663192749023 8
    vertex -11 -16 8
    vertex -11 -21 8
  endloop
endfacet
facet normal 0 0 0
  outer loop
    vertex -10.182337760925293 -29.817663192749023 8
    vertex -10.5 -18 8
    vertex -11 -16 8
  endloop
endfacet
facet normal 0 0 0
  outer loop
    vertex -11 -16 8
    vertex -10.5 -18 8
    vertex -10.5 -16 8
  endloop
endfacet
facet normal 0 0 0
  outer loop
    vertex -9.135263442993164 -28.868648529052734 8
    vertex -9.5 -18 8
    vertex -10.5 -18 8
  endloop
endfacet
facet normal 0 0 0
  outer loop
    vertex -9.135263442993164 -28.868648529052734 8
    vertex -9.5 -16 8
    vertex -9.5 -18 8
  endloop
endfacet
facet normal 0 0 0
  outer loop
    vertex -9.135263442993164 -28.868648529052734 8
    vertex -9 -21 8
    vertex -9.5 -16 8
  endloop
endfacet
facet normal 0 0 0
  outer loop
    vertex -9.5 -16 8
    vertex -9 -21 8
    vertex -9 -16 8
  endloop
endfacet
facet normal 0 0 0
  outer loop
    vertex -9.135263442993164 -28.868648529052734 8
    vertex -8.000211715698242 -28.026838302612305 8
    vertex -9 -21 8
  endloop
endfacet
facet normal 0 0 0
  outer loop
    vertex -8.000211715698242 -28.026838302612305 8
    vertex -8 -21 8
    vertex -9 -21 8
  endloop
endfacet
facet normal 0 0 0
  outer loop
    vertex -8.000211715698242 -28.026838302612305 8
    vertex -6.788113117218018 -12.699666023254395 8
    vertex -8 -21 8
  endloop
endfacet
facet normal 0 0 0
  outer loop
    vertex -8 -21 8
    vertex -6.788113117218018 -12.699666023254395 8
    vertex -8 -16 8
  endloop
endfacet
facet normal 0 0 0
  outer loop
    vertex -8.000211715698242 -28.026838302612305 8
    vertex -6.788113117218018 -27.30033302307129 8
    vertex -6.788113117218018 -12.699666023254395 8
  endloop
endfacet
facet normal 0 0 0
  outer loop
    vertex -6.788113117218018 -27.30033302307129 8
    vertex -5.510641574859619 -13.303865432739258 8
    vertex -6.788113117218018 -12.699666023254395 8
  endloop
endfacet
facet normal 0 0 0
  outer loop
    vertex -6.788113117218018 -27.30033302307129 8
    vertex -5.510641574859619 -26.696134567260742 8
    vertex -5.510641574859619 -13.303865432739258 8
  endloop
endfacet
facet normal 0 0 0
  outer loop
    vertex -5.510641574859619 -26.696134567260742 8
    vertex -4.1800994873046875 -26.22005844116211 8
    vertex -5.510641574859619 -13.303865432739258 8
  endloop
endfacet
facet normal 0 0 0
  outer loop
    vertex -4.1800994873046875 -26.22005844116211 8
    vertex -4.1800994873046875 -13.779940605163574 8
    vertex -5.510641574859619 -13.303865432739258 8
  endloop
endfacet
facet normal 0 0 0
  outer loop
    vertex -4.1800994873046875 -26.22005844116211 8
    vertex -2.809300661087036 -25.876691818237305 8
    vertex -2.809300661087036 -14.123308181762695 8
  endloop
endfacet
facet normal 0 0 0
  outer loop
    vertex -4.1800994873046875 -26.22005844116211 8
    vertex -2.809300661087036 -14.123308181762695 8
    vertex -4.1800994873046875 -13.779940605163574 8
  endloop
endfacet
facet normal 0 0 0
  outer loop
    vertex -2.809300661087036 -25.876691818237305 8
    vertex -1.4114468097686768 -25.669340133666992 8
    vertex -1.4114468097686768 -14.330659866333008 8
  endloop
endfacet
facet normal 0 0 0
  outer loop
    vertex -2.809300661087036 -25.876691818237305 8
    vertex -1.4114468097686768 -14.330659866333008 8
    vertex -2.809300661087036 -14.123308181762695 8
  endloop
endfacet
facet normal 0 0 0
  outer loop
    vertex -1.4114468097686768 -25.669340133666992 8
    vertex -0.30000001192092896 -25.61473846435547 8
    vertex -0.30000001192092896 -14.385261535644531 8
  endloop
endfacet
facet normal 0 0 0
  outer loop
    vertex -1.4114468097686768 -25.669340133666992 8
    vertex -0.30000001192092896 -14.385261535644531 8
    vertex -1.4114468097686768 -14.330659866333008 8
  endloop
endfacet
facet normal 0 0 0
  outer loop
    vertex -12.050000190734863 -1.649999976158142 0
    vertex -9.608346939086914 -3.979907751083374 0
    vertex -8.647283554077148 -34.222068786621094 0
  endloop
endfacet
facet normal 0 0 0
  outer loop
    vertex -8.647283554077148 -34.222068786621094 0
    vertex -9.608346939086914 -3.979907751083374 0
    vertex -9.171980857849121 -4.902525901794434 0
  endloop
endfacet
facet normal 0 0 0
  outer loop
    vertex -12.050000190734863 -1.649999976158142 0
    vertex -9.952179908752441 -3.01896071434021 0
    vertex -9.608346939086914 -3.979907751083374 0
  endloop
endfacet
facet normal 0 0 0
  outer loop
    vertex -12.050000190734863 -1.649999976158142 0
    vertex -10.200166702270508 -2.0289392471313477 0
    vertex -9.952179908752441 -3.01896071434021 0
  endloop
endfacet
facet normal 0 0 0
  outer loop
    vertex -12.050000190734863 -1.649999976158142 0
    vertex -10.256377220153809 -1.649999976158142 0
    vertex -10.200166702270508 -2.0289392471313477 0
  endloop
endfacet
facet normal 0 0 0
  outer loop
    vertex -12.050000190734863 1.649999976158142 0
    vertex -10.200166702270508 2.0289392471313477 0
    vertex -10.256377220153809 1.649999976158142 0
  endloop
endfacet
facet normal 0 0 0
  outer loop
    vertex -12.050000190734863 1.649999976158142 0
    vertex -9.952179908752441 3.01896071434021 0
    vertex -10.200166702270508 2.0289392471313477 0
  endloop
endfacet
facet normal 0 0 0
  outer loop
    vertex -8.039308547973633 6.597690105438232 0
    vertex -8.061017036437988 31.938982009887695 0
    vertex -7.353910446166992 7.353910446166992 0
  endloop
endfacet
facet normal 0 0 0
  outer loop
    vertex -8.039308547973633 6.597690105438232 0
    vertex -9.478754043579102 33.666500091552734 0
    vertex -8.812318801879883 32.76791763305664 0
  endloop
endfacet
facet normal 0 0 0
  outer loop
    vertex -8.039308547973633 6.597690105438232 0
    vertex -8.812318801879883 32.76791763305664 0
    vertex -8.061017036437988 31.938982009887695 0
  endloop
endfacet
facet normal 0 0 0
  outer loop
    vertex -7.353910446166992 7.353910446166992 0
    vertex -8.061017036437988 31.938982009887695 0
    vertex -7.232083320617676 31.187681198120117 0
  endloop
endfacet
facet normal 0 0 0
  outer loop
    vertex -7.353910446166992 7.353910446166992 0
    vertex -7.232083320617676 31.187681198120117 0
    vertex -6.597690105438232 8.039308547973633 0
  endloop
endfacet
facet normal 0 0 0
  outer loop
    vertex -6.597690105438232 8.039308547973633 0
    vertex -6.333500862121582 30.5212459564209 0
    vertex -5.77793025970459 8.647283554077148 0
  endloop
endfacet
facet normal 0 0 0
  outer loop
    vertex -6.597690105438232 8.039308547973633 0
    vertex -7.232083320617676 31.187681198120117 0
    vertex -6.333500862121582 30.5212459564209 0
  endloop
endfacet
facet normal 0 0 0
  outer loop
    vertex -3.01896071434021 -9.952179908752441 0
    vertex -2.0289392471313477 -10.200166702270508 0
    vertex -1.649999976158142 -12.050000190734863 0
  endloop
endfacet
facet normal 0 0 0
  outer loop
    vertex -2.0289392471313477 -10.200166702270508 0
    vertex -1.649999976158142 -10.256377220153809 0
    vertex -1.649999976158142 -12.050000190734863 0
  endloop
endfacet
facet normal 0 0 0
  outer loop
    vertex -5.77793025970459 8.647283554077148 0
    vertex -6.333500862121582 30.5212459564209 0
    vertex -4.902525901794434 9.171980857849121 0
  endloop
endfacet
facet normal 0 0 0
  outer loop
    vertex -4.902525901794434 9.171980857849121 0
    vertex -6.333500862121582 30.5212459564209 0
    vertex -3.979907751083374 9.608346939086914 0
  endloop
endfacet
facet normal 0 0 0
  outer loop
    vertex -3.979907751083374 9.608346939086914 0
    vertex -6.333500862121582 30.5212459564209 0
    vertex -3.01896071434021 9.952179908752441 0
  endloop
endfacet
facet normal 0 0 0
  outer loop
    vertex -3.01896071434021 9.952179908752441 0
    vertex -6.333500862121582 30.5212459564209 0
    vertex -1.649999976158142 12.050000190734863 0
  endloop
endfacet
facet normal 0 0 0
  outer loop
    vertex -1.649999976158142 12.050000190734863 0
    vertex -6.333500862121582 30.5212459564209 0
    vertex -5.373922824859619 29.94609832763672 0
  endloop
endfacet
facet normal 0 0 0
  outer loop
    vertex -1.649999976158142 12.050000190734863 0
    vertex -5.373922824859619 29.94609832763672 0
    vertex -4.36259126663208 29.4677734375 0
  endloop
endfacet
facet normal 0 0 0
  outer loop
    vertex -1.649999976158142 12.050000190734863 0
    vertex -4.36259126663208 29.4677734375 0
    vertex -3.3092453479766846 29.090879440307617 0
  endloop
endfacet
facet normal 0 0 0
  outer loop
    vertex -3.01896071434021 9.952179908752441 0
    vertex -1.649999976158142 12.050000190734863 0
    vertex -2.0289392471313477 10.200166702270508 0
  endloop
endfacet
facet normal 0 0 0
  outer loop
    vertex -2.0289392471313477 10.200166702270508 0
    vertex -1.649999976158142 12.050000190734863 0
    vertex -1.649999976158142 10.256377220153809 0
  endloop
endfacet
facet normal 0 0 0
  outer loop
    vertex -1.649999976158142 12.050000190734863 0
    vertex -3.3092453479766846 29.090879440307617 0
    vertex -1.649999976158142 26.950000762939453 0
  endloop
endfacet
facet normal 0 0 0
  outer loop
    vertex -1.649999976158142 12.050000190734863 0
    vertex -1.649999976158142 26.950000762939453 0
    vertex -0.30000001192092896 12.050000190734863 0
  endloop
endfacet
facet normal 0 0 0
  outer loop
    vertex -0.30000001192092896 12.050000190734863 0
    vertex -1.649999976158142 26.950000762939453 0
    vertex -0.30000001192092896 26.950000762939453 0
  endloop
endfacet
facet normal 0 0 0
  outer loop
    vertex -12 -15 8
    vertex -11 -15 8
    vertex -11.13135051727295 -9.135263442993164 8
  endloop
endfacet
facet normal 0 0 0
  outer loop
    vertex -11 -15 8
    vertex -8 -15 8
    vertex -11.13135051727295 -9.135263442993164 8
  endloop
endfacet
facet normal 0 0 0
  outer loop
    vertex -8 -15 8
    vertex -10.182337760925293 -10.182337760925293 8
    vertex -11.13135051727295 -9.135263442993164 8
  endloop
endfacet
facet normal 0 0 0
  outer loop
    vertex -8 -15 8
    vertex -9.135263442993164 -11.13135051727295 8
    vertex -10.182337760925293 -10.182337760925293 8
  endloop
endfacet
facet normal 0 0 0
  outer loop
    vertex -8 -15 8
    vertex -8.000211715698242 -11.973162651062012 8
    vertex -9.135263442993164 -11.13135051727295 8
  endloop
endfacet
facet normal 0 0 0
  outer loop
    vertex -8 -16 8
    vertex -6.788113117218018 -12.699666023254395 8
    vertex -8 -15 8
  endloop
endfacet
facet normal 0 0 0
  outer loop
    vertex -8 -15 8
    vertex -6.788113117218018 -12.699666023254395 8
    vertex -8.000211715698242 -11.973162651062012 8
  endloop
endfacet
facet normal 0 0 0
  outer loop
    vertex -11.13135051727295 9.135263442993164 8
    vertex -10.182337760925293 10.182337760925293 8
    vertex -12 19 8
  endloop
endfacet
facet normal 0 0 0
  outer loop
    vertex -10.182337760925293 10.182337760925293 8
    vertex -9.135263442993164 11.13135051727295 8
    vertex -12 19 8
  endloop
endfacet
facet normal 0 0 0
  outer loop
    vertex -9.135263442993164 11.13135051727295 8
    vertex -9 19 8
    vertex -12 19 8
  endloop
endfacet
facet normal 0 0 0
  outer loop
    vertex -11 20 8
    vertex -9 20 8
    vertex -11 21.5 8
  endloop
endfacet
facet normal 0 0 0
  outer loop
    vertex -11 22.5 8
    vertex -9 22.5 8
    vertex -11 24 8
  endloop
endfacet
facet normal 0 0 0
  outer loop
    vertex -11 21.5 8
    vertex -9 20 8
    vertex -9 21.5 8
  endloop
endfacet
facet normal 0 0 0
  outer loop
    vertex -11 24 8
    vertex -9 22.5 8
    vertex -9 24 8
  endloop
endfacet
facet normal 0 0 0
  outer loop
    vertex -9.135263442993164 11.13135051727295 8
    vertex -8.000211715698242 11.973162651062012 8
    vertex -9 19 8
  endloop
endfacet
facet normal 0 0 0
  outer loop
    vertex -8.000211715698242 11.973162651062012 8
    vertex -8 19 8
    vertex -9 19 8
  endloop
endfacet
facet normal 0 0 0
  outer loop
    vertex -8.000211715698242 11.973162651062012 8
    vertex -7.259509563446045 26.418413162231445 8
    vertex -8 19 8
  endloop
endfacet
facet normal 0 0 0
  outer loop
    vertex -8 19 8
    vertex -7.259509563446045 26.418413162231445 8
    vertex -8 22 8
  endloop
endfacet
facet normal 0 0 0
  outer loop
    vertex -8 22 8
    vertex -7.259509563446045 26.418413162231445 8
    vertex -8 25 8
  endloop
endfacet
facet normal 0 0 0
  outer loop
    vertex -8.000211715698242 11.973162651062012 8
    vertex -6.788113117218018 12.699666023254395 8
    vertex -7.259509563446045 26.418413162231445 8
  endloop
endfacet
facet normal 0 0 0
  outer loop
    vertex -6.788113117218018 12.699666023254395 8
    vertex -5.510641574859619 13.303865432739258 8
    vertex -5.893324851989746 25.772254943847656 8
  endloop
endfacet
facet normal 0 0 0
  outer loop
    vertex -6.788113117218018 12.699666023254395 8
    vertex -5.893324851989746 25.772254943847656 8
    vertex -7.259509563446045 26.418413162231445 8
  endloop
endfacet
facet normal 0 0 0
  outer loop
    vertex -5.510641574859619 13.303865432739258 8
    vertex -4.1800994873046875 13.779940605163574 8
    vertex -4.470384120941162 25.263118743896484 8
  endloop
endfacet
facet normal 0 0 0
  outer loop
    vertex -5.510641574859619 13.303865432739258 8
    vertex -4.470384120941162 25.263118743896484 8
    vertex -5.893324851989746 25.772254943847656 8
  endloop
endfacet
facet normal 0 0 0
  outer loop
    vertex -4.1800994873046875 13.779940605163574 8
    vertex -2.809300661087036 14.123308181762695 8
    vertex -3.0043909549713135 24.895906448364258 8
  endloop
endfacet
facet normal 0 0 0
  outer loop
    vertex -4.1800994873046875 13.779940605163574 8
    vertex -3.0043909549713135 24.895906448364258 8
    vertex -4.470384120941162 25.263118743896484 8
  endloop
endfacet
facet normal 0 0 0
  outer loop
    vertex -2.809300661087036 14.123308181762695 8
    vertex -1.4114468097686768 14.330659866333008 8
    vertex -1.509463906288147 24.67415428161621 8
  endloop
endfacet
facet normal 0 0 0
  outer loop
    vertex -2.809300661087036 14.123308181762695 8
    vertex -1.509463906288147 24.67415428161621 8
    vertex -3.0043909549713135 24.895906448364258 8
  endloop
endfacet
facet normal 0 0 0
  outer loop
    vertex -1.4114468097686768 14.330659866333008 8
    vertex -0.30000001192092896 14.385261535644531 8
    vertex -0.30000001192092896 24.61473846435547 8
  endloop
endfacet
facet normal 0 0 0
  outer loop
    vertex -1.4114468097686768 14.330659866333008 8
    vertex -0.30000001192092896 24.61473846435547 8
    vertex -1.509463906288147 24.67415428161621 8
  endloop
endfacet
facet normal 0 0 0
  outer loop
    vertex -24 -45 0
    vertex -24 80 8
    vertex -24 80 0
  endloop
endfacet
facet normal 0 0 0
  outer loop
    vertex -12.050000190734863 -1.649999976158142 0
    vertex -24 80 0
    vertex -12.050000190734863 1.649999976158142 0
  endloop
endfacet
facet normal 0 0 0
  outer loop
    vertex -12.050000190734863 1.649999976158142 0
    vertex -24 80 0
    vertex -9.952179908752441 3.01896071434021 0
  endloop
endfacet
facet normal 0 0 0
  outer loop
    vertex -8.039308547973633 6.597690105438232 0
    vertex -24 80 0
    vertex -13.050000190734863 38.349998474121094 0
  endloop
endfacet
facet normal 0 0 0
  outer loop
    vertex -9.952179908752441 3.01896071434021 0
    vertex -24 80 0
    vertex -9.608346939086914 3.979907751083374 0
  endloop
endfacet
facet normal 0 0 0
  outer loop
    vertex -9.608346939086914 3.979907751083374 0
    vertex -24 80 0
    vertex -9.171980857849121 4.902525901794434 0
  endloop
endfacet
facet normal 0 0 0
  outer loop
    vertex -9.171980857849121 4.902525901794434 0
    vertex -24 80 0
    vertex -8.647283554077148 5.77793025970459 0
  endloop
endfacet
facet normal 0 0 0
  outer loop
    vertex -8.647283554077148 5.77793025970459 0
    vertex -24 80 0
    vertex -8.039308547973633 6.597690105438232 0
  endloop
endfacet
facet normal 0 0 0
  outer loop
    vertex -13.050000190734863 38.349998474121094 0
    vertex -24 80 0
    vertex -13.050000190734863 41.650001525878906 0
  endloop
endfacet
facet normal 0 0 0
  outer loop
    vertex -13.050000190734863 41.650001525878906 0
    vertex -24 80 0
    vertex -10.909119606018066 43.30924606323242 0
  endloop
endfacet
facet normal 0 0 0
  outer loop
    vertex -24 80 0
    vertex -10.5322265625 44.36259078979492 0
    vertex -10.909119606018066 43.30924606323242 0
  endloop
endfacet
facet normal 0 0 0
  outer loop
    vertex -24 80 0
    vertex -10.053902626037598 45.373924255371094 0
    vertex -10.5322265625 44.36259078979492 0
  endloop
endfacet
facet normal 0 0 0
  outer loop
    vertex -24 80 0
    vertex -9.478754043579102 46.333499908447266 0
    vertex -10.053902626037598 45.373924255371094 0
  endloop
endfacet
facet normal 0 0 0
  outer loop
    vertex -24 80 0
    vertex -8.812318801879883 47.23208236694336 0
    vertex -9.478754043579102 46.333499908447266 0
  endloop
endfacet
facet normal 0 0 0
  outer loop
    vertex -24 80 0
    vertex -8.061017036437988 48.06101608276367 0
    vertex -8.812318801879883 47.23208236694336 0
  endloop
endfacet
facet normal 0 0 0
  outer loop
    vertex -24 80 0
    vertex -7.232083320617676 48.812320709228516 0
    vertex -8.061017036437988 48.06101608276367 0
  endloop
endfacet
facet normal 0 0 0
  outer loop
    vertex -24 80 0
    vertex -6 60 0
    vertex -7.232083320617676 48.812320709228516 0
  endloop
endfacet
facet normal 0 0 0
  outer loop
    vertex -11.13135051727295 9.135263442993164 8
    vertex -15.104093551635742 36.995609283447266 8
    vertex -20 59.16666793823242 8
  endloop
endfacet
facet normal 0 0 0
  outer loop
    vertex -11.973162651062012 8.000211715698242 8
    vertex -11.13135051727295 9.135263442993164 8
    vertex -20 59.16666793823242 8
  endloop
endfacet
facet normal 0 0 0
  outer loop
    vertex -11.13135051727295 9.135263442993164 8
    vertex -14.736881256103516 35.52961730957031 8
    vertex -15.104093551635742 36.995609283447266 8
  endloop
endfacet
facet normal 0 0 0
  outer loop
    vertex -11.13135051727295 9.135263442993164 8
    vertex -14.227745056152344 34.10667419433594 8
    vertex -14.736881256103516 35.52961730957031 8
  endloop
endfacet
facet normal 0 0 0
  outer loop
    vertex -11.13135051727295 9.135263442993164 8
    vertex -13.581587791442871 32.7404899597168 8
    vertex -14.227745056152344 34.10667419433594 8
  endloop
endfacet
facet normal 0 0 0
  outer loop
    vertex -12 20 8
    vertex -12.804632186889648 31.444217681884766 8
    vertex -13.581587791442871 32.7404899597168 8
  endloop
endfacet
facet normal 0 0 0
  outer loop
    vertex -12 21.5 8
    vertex -12 22.5 8
    vertex -12.804632186889648 31.444217681884766 8
  endloop
endfacet
facet normal 0 0 0
  outer loop
    vertex -12 22.5 8
    vertex -12 25 8
    vertex -12.804632186889648 31.444217681884766 8
  endloop
endfacet
facet normal 0 0 0
  outer loop
    vertex -12.804632186889648 31.444217681884766 8
    vertex -12 25 8
    vertex -11.9043607711792 30.230342864990234 8
  endloop
endfacet
facet normal 0 0 0
  outer loop
    vertex -20 59.16666793823242 8
    vertex -15.325844764709473 38.490535736083984 8
    vertex -15.399999618530273 40 8
  endloop
endfacet
facet normal 0 0 0
  outer loop
    vertex -20 59.16666793823242 8
    vertex -15.399999618530273 40 8
    vertex -15.325844764709473 41.509464263916016 8
  endloop
endfacet
facet normal 0 0 0
  outer loop
    vertex -20 59.16666793823242 8
    vertex -15.104093551635742 36.995609283447266 8
    vertex -15.325844764709473 38.490535736083984 8
  endloop
endfacet
facet normal 0 0 0
  outer loop
    vertex -20 59.16666793823242 8
    vertex -15.325844764709473 41.509464263916016 8
    vertex -15.104093551635742 43.004390716552734 8
  endloop
endfacet
facet normal 0 0 0
  outer loop
    vertex -20 59.16666793823242 8
    vertex -15.104093551635742 43.004390716552734 8
    vertex -14.736881256103516 44.47038269042969 8
  endloop
endfacet
facet normal 0 0 0
  outer loop
    vertex -20 59.16666793823242 8
    vertex -14.736881256103516 44.47038269042969 8
    vertex -14.227745056152344 45.89332580566406 8
  endloop
endfacet
facet normal 0 0 0
  outer loop
    vertex -20 59.16666793823242 8
    vertex -14.227745056152344 45.89332580566406 8
    vertex -13.581587791442871 47.2595100402832 8
  endloop
endfacet
facet normal 0 0 0
  outer loop
    vertex -20 59.16666793823242 8
    vertex -13.581587791442871 47.2595100402832 8
    vertex -12.804632186889648 48.555782318115234 8
  endloop
endfacet
facet normal 0 0 0
  outer loop
    vertex -20 59.16666793823242 8
    vertex -12.804632186889648 48.555782318115234 8
    vertex -11.9043607711792 49.769657135009766 8
  endloop
endfacet
facet normal 0 0 0
  outer loop
    vertex -20 59.16666793823242 8
    vertex -11.9043607711792 49.769657135009766 8
    vertex -10.889444351196289 50.88944625854492 8
  endloop
endfacet
facet normal 0 0 0
  outer loop
    vertex -20 59.16666793823242 8
    vertex -10.889444351196289 50.88944625854492 8
    vertex -9.76965618133545 51.904361724853516 8
  endloop
endfacet
facet normal 0 0 0
  outer loop
    vertex -20 59.16666793823242 8
    vertex -11.899999618530273 65.50499725341797 8
    vertex -11.899999618530273 68.49500274658203 8
  endloop
endfacet
facet normal 0 0 0
  outer loop
    vertex -20 59.16666793823242 8
    vertex -9.76965618133545 51.904361724853516 8
    vertex -8.555781364440918 52.804630279541016 8
  endloop
endfacet
facet normal 0 0 0
  outer loop
    vertex -20 59.16666793823242 8
    vertex -6 60 8
    vertex -11.899999618530273 65.50499725341797 8
  endloop
endfacet
facet normal 0 0 0
  outer loop
    vertex -20 80 8
    vertex -20.5 80 0
    vertex -20.5 80 8
  endloop
endfacet
facet normal 0 0 0
  outer loop
    vertex -6 60 0
    vertex -24 80 0
    vertex -20.5 80 0
  endloop
endfacet
facet normal 0 0 0
  outer loop
    vertex -20 80 8
    vertex -6 80 0
    vertex -20.5 80 0
  endloop
endfacet
facet normal 0 0 0
  outer loop
    vertex -20 59.16666793823242 8
    vertex -11.899999618530273 68.49500274658203 8
    vertex -20 80 8
  endloop
endfacet
facet normal 0 0 0
  outer loop
    vertex -20 80 8
    vertex -11.899999618530273 68.49500274658203 8
    vertex -6 68.49500274658203 8
  endloop
endfacet
facet normal 0 0 0
  outer loop
    vertex -8.039308547973633 6.597690105438232 0
    vertex -13.050000190734863 38.349998474121094 0
    vertex -10.5322265625 35.63740921020508 0
  endloop
endfacet
facet normal 0 0 0
  outer loop
    vertex -8.039308547973633 6.597690105438232 0
    vertex -10.5322265625 35.63740921020508 0
    vertex -10.053902626037598 34.626075744628906 0
  endloop
endfacet
facet normal 0 0 0
  outer loop
    vertex -8.039308547973633 6.597690105438232 0
    vertex -10.053902626037598 34.626075744628906 0
    vertex -9.478754043579102 33.666500091552734 0
  endloop
endfacet
facet normal 0 0 0
  outer loop
    vertex -13.050000190734863 38.349998474121094 0
    vertex -10.909119606018066 36.69075393676758 0
    vertex -10.5322265625 35.63740921020508 0
  endloop
endfacet
facet normal 0 0 0
  outer loop
    vertex -13.050000190734863 38.349998474121094 0
    vertex -11.266101837158203 38.349998474121094 0
    vertex -11.180952072143555 37.775970458984375 0
  endloop
endfacet
facet normal 0 0 0
  outer loop
    vertex -13.050000190734863 38.349998474121094 0
    vertex -11.180952072143555 37.775970458984375 0
    vertex -10.909119606018066 36.69075393676758 0
  endloop
endfacet
facet normal 0 0 0
  outer loop
    vertex -13.050000190734863 41.650001525878906 0
    vertex -11.180952072143555 42.224029541015625 0
    vertex -11.266101837158203 41.650001525878906 0
  endloop
endfacet
facet normal 0 0 0
  outer loop
    vertex -13.050000190734863 41.650001525878906 0
    vertex -10.909119606018066 43.30924606323242 0
    vertex -11.180952072143555 42.224029541015625 0
  endloop
endfacet
facet normal 0 0 0
  outer loop
    vertex -7.232083320617676 48.812320709228516 0
    vertex -6 60 0
    vertex -6.333500862121582 49.47875213623047 0
  endloop
endfacet
facet normal 0 0 0
  outer loop
    vertex -3.3092453479766846 29.090879440307617 0
    vertex -2.224029779434204 28.819047927856445 0
    vertex -1.649999976158142 26.950000762939453 0
  endloop
endfacet
facet normal 0 0 0
  outer loop
    vertex -1.649999976158142 26.950000762939453 0
    vertex -2.224029779434204 28.819047927856445 0
    vertex -1.649999976158142 28.733898162841797 0
  endloop
endfacet
facet normal 0 0 0
  outer loop
    vertex -6.333500862121582 49.47875213623047 0
    vertex -6 60 0
    vertex -5.373922824859619 50.05390167236328 0
  endloop
endfacet
facet normal 0 0 0
  outer loop
    vertex -5.373922824859619 50.05390167236328 0
    vertex -6 60 0
    vertex -4.36259126663208 50.5322265625 0
  endloop
endfacet
facet normal 0 0 0
  outer loop
    vertex -4.36259126663208 50.5322265625 0
    vertex -6 60 0
    vertex -3.3092453479766846 50.90911865234375 0
  endloop
endfacet
facet normal 0 0 0
  outer loop
    vertex -3.3092453479766846 50.90911865234375 0
    vertex -6 60 0
    vertex -1.649999976158142 53.04999923706055 0
  endloop
endfacet
facet normal 0 0 0
  outer loop
    vertex -3.3092453479766846 50.90911865234375 0
    vertex -1.649999976158142 53.04999923706055 0
    vertex -2.224029779434204 51.18095397949219 0
  endloop
endfacet
facet normal 0 0 0
  outer loop
    vertex -2.224029779434204 51.18095397949219 0
    vertex -1.649999976158142 53.04999923706055 0
    vertex -1.649999976158142 51.2661018371582 0
  endloop
endfacet
facet normal 0 0 0
  outer loop
    vertex -6 60 0
    vertex -0.30000001192092896 60 0
    vertex -1.649999976158142 53.04999923706055 0
  endloop
endfacet
facet normal 0 0 0
  outer loop
    vertex -1.649999976158142 53.04999923706055 0
    vertex -0.30000001192092896 60 0
    vertex -0.30000001192092896 53.04999923706055 0
  endloop
endfacet
facet normal 0 0 0
  outer loop
    vertex -12 25 8
    vertex -11 25 8
    vertex -11.9043607711792 30.230342864990234 8
  endloop
endfacet
facet normal 0 0 0
  outer loop
    vertex -11 25 8
    vertex -10.889444351196289 29.11055564880371 8
    vertex -11.9043607711792 30.230342864990234 8
  endloop
endfacet
facet normal 0 0 0
  outer loop
    vertex -11 25 8
    vertex -9 25 8
    vertex -10.889444351196289 29.11055564880371 8
  endloop
endfacet
facet normal 0 0 0
  outer loop
    vertex -10.889444351196289 29.11055564880371 8
    vertex -9 25 8
    vertex -9.76965618133545 28.095638275146484 8
  endloop
endfacet
facet normal 0 0 0
  outer loop
    vertex -9.76965618133545 28.095638275146484 8
    vertex -9 25 8
    vertex -8.555781364440918 27.19536781311035 8
  endloop
endfacet
facet normal 0 0 0
  outer loop
    vertex -9 25 8
    vertex -8 25 8
    vertex -8.555781364440918 27.19536781311035 8
  endloop
endfacet
facet normal 0 0 0
  outer loop
    vertex -8.555781364440918 27.19536781311035 8
    vertex -8 25 8
    vertex -7.259509563446045 26.418413162231445 8
  endloop
endfacet
facet normal 0 0 0
  outer loop
    vertex -20 59.16666793823242 8
    vertex -8.555781364440918 52.804630279541016 8
    vertex -7.259509563446045 53.58158874511719 8
  endloop
endfacet
facet normal 0 0 0
  outer loop
    vertex -20 59.16666793823242 8
    vertex -7.259509563446045 53.58158874511719 8
    vertex -5.893324851989746 54.227745056152344 8
  endloop
endfacet
facet normal 0 0 0
  outer loop
    vertex -20 59.16666793823242 8
    vertex -5.893324851989746 54.227745056152344 8
    vertex -6 60 8
  endloop
endfacet
facet normal 0 0 0
  outer loop
    vertex -6 60 8
    vertex -6 65.50499725341797 8
    vertex -11.899999618530273 65.50499725341797 8
  endloop
endfacet
facet normal 0 0 0
  outer loop
    vertex -5.893324851989746 54.227745056152344 8
    vertex -4.470384120941162 54.736881256103516 8
    vertex -6 60 8
  endloop
endfacet
facet normal 0 0 0
  outer loop
    vertex -6 60 8
    vertex -4.470384120941162 54.736881256103516 8
    vertex -3.0043909549713135 55.10409164428711 8
  endloop
endfacet
facet normal 0 0 0
  outer loop
    vertex -6 60 8
    vertex -3.0043909549713135 55.10409164428711 8
    vertex -1.509463906288147 55.325843811035156 8
  endloop
endfacet
facet normal 0 0 0
  outer loop
    vertex -6 60 8
    vertex -1.509463906288147 55.325843811035156 8
    vertex -0.30000001192092896 60 8
  endloop
endfacet
facet normal 0 0 0
  outer loop
    vertex -1.509463906288147 55.325843811035156 8
    vertex -0.30000001192092896 55.38526153564453 8
    vertex -0.30000001192092896 60 8
  endloop
endfacet
facet normal 0 0 0
  outer loop
    vertex -6 60 0
    vertex -20.5 80 0
    vertex -6 80 0
  endloop
endfacet
facet normal 0 0 0
  outer loop
    vertex -20 80 8
    vertex -6 80 8
    vertex -6 80 0
  endloop
endfacet
facet normal 0 0 0
  outer loop
    vertex -20 80 8
    vertex -6 68.49500274658203 8
    vertex -6 80 8
  endloop
endfacet
facet normal 0 0 0
  outer loop
    vertex -24 -45 8
    vertex -20 -45 8
    vertex -24 -45 12
  endloop
endfacet
facet normal 0 0 0
  outer loop
    vertex -20 -45 8
    vertex -20 -45 12
    vertex -24 -45 12
  endloop
endfacet
facet normal 0 0 0
  outer loop
    vertex -20 -45 8
    vertex -20 -3.3333332538604736 8
    vertex -20 -45 12
  endloop
endfacet
facet normal 0 0 0
  outer loop
    vertex -24 -45 8
    vertex -24 -45 12
    vertex -24 80 12
  endloop
endfacet
facet normal 0 0 0
  outer loop
    vertex -20 -3.3333332538604736 8
    vertex -20 80 12
    vertex -20 -45 12
  endloop
endfacet
facet normal 0 0 0
  outer loop
    vertex -24 -45 12
    vertex -20 -45 12
    vertex -24 80 12
  endloop
endfacet
facet normal 0 0 0
  outer loop
    vertex -24 -45 8
    vertex -24 80 12
    vertex -24 80 8
  endloop
endfacet
facet normal 0 0 0
  outer loop
    vertex -20 -3.3333332538604736 8
    vertex -20 59.16666793823242 8
    vertex -20 80 12
  endloop
endfacet
facet normal 0 0 0
  outer loop
    vertex -20 59.16666793823242 8
    vertex -20 80 8
    vertex -20 80 12
  endloop
endfacet
facet normal 0 0 0
  outer loop
    vertex -20 80 8
    vertex -20.5 80 8
    vertex -20 80 12
  endloop
endfacet
facet normal 0 0 0
  outer loop
    vertex -20 80 12
    vertex -20.5 80 8
    vertex -20.5 80 12
  endloop
endfacet
facet normal 0 0 0
  outer loop
    vertex -20 -45 12
    vertex -20.5 80 12
    vertex -24 80 12
  endloop
endfacet
facet normal 0 0 0
  outer loop
    vertex -20 -45 12
    vertex -20 80 12
    vertex -20.5 80 12
  endloop
endfacet
facet normal 0 0 0
  outer loop
    vertex -1.509463906288147 24.67415428161621 8
    vertex -0.30000001192092896 24.61473846435547 8
    vertex -0.30000001192092896 24.61473846435547 14
  endloop
endfacet
facet normal 0 0 0
  outer loop
    vertex -1.509463906288147 24.67415428161621 8
    vertex -0.30000001192092896 24.61473846435547 14
    vertex -1.509463906288147 24.67415428161621 18
  endloop
endfacet
facet normal 0 0 0
  outer loop
    vertex -1.509463906288147 24.67415428161621 8
    vertex -1.509463906288147 24.67415428161621 18
    vertex -3.0043909549713135 24.895906448364258 18
  endloop
endfacet
facet normal 0 0 0
  outer loop
    vertex -0.30000001192092896 24.61473846435547 14
    vertex 0 24.600000381469727 14
    vertex 0 24.600000381469727 18
  endloop
endfacet
facet normal 0 0 0
  outer loop
    vertex -0.30000001192092896 24.61473846435547 14
    vertex 0 24.600000381469727 18
    vertex -1.509463906288147 24.67415428161621 18
  endloop
endfacet
facet normal 0 0 0
  outer loop
    vertex -15.325844764709473 38.490535736083984 8
    vertex -15.399999618530273 40 18
    vertex -15.399999618530273 40 8
  endloop
endfacet
facet normal 0 0 0
  outer loop
    vertex -15.104093551635742 36.995609283447266 8
    vertex -15.325844764709473 38.490535736083984 18
    vertex -15.325844764709473 38.490535736083984 8
  endloop
endfacet
facet normal 0 0 0
  outer loop
    vertex -15.399999618530273 40 8
    vertex -15.325844764709473 41.509464263916016 18
    vertex -15.325844764709473 41.509464263916016 8
  endloop
endfacet
facet normal 0 0 0
  outer loop
    vertex -15.325844764709473 41.509464263916016 8
    vertex -15.104093551635742 43.004390716552734 18
    vertex -15.104093551635742 43.004390716552734 8
  endloop
endfacet
facet normal 0 0 0
  outer loop
    vertex -14.227745056152344 34.10667419433594 8
    vertex -13.581587791442871 32.7404899597168 8
    vertex -14.227745056152344 34.10667419433594 18
  endloop
endfacet
facet normal 0 0 0
  outer loop
    vertex -13.581587791442871 32.7404899597168 8
    vertex -12.804632186889648 31.444217681884766 8
    vertex -13.581587791442871 32.7404899597168 18
  endloop
endfacet
facet normal 0 0 0
  outer loop
    vertex -12.804632186889648 31.444217681884766 8
    vertex -11.9043607711792 30.230342864990234 8
    vertex -12.804632186889648 31.444217681884766 18
  endloop
endfacet
facet normal 0 0 0
  outer loop
    vertex -15.104093551635742 36.995609283447266 8
    vertex -14.736881256103516 35.52961730957031 8
    vertex -15.104093551635742 36.995609283447266 18
  endloop
endfacet
facet normal 0 0 0
  outer loop
    vertex -14.227745056152344 34.10667419433594 8
    vertex -14.736881256103516 35.52961730957031 18
    vertex -14.736881256103516 35.52961730957031 8
  endloop
endfacet
facet normal 0 0 0
  outer loop
    vertex -15.104093551635742 43.004390716552734 8
    vertex -14.736881256103516 44.47038269042969 18
    vertex -14.736881256103516 44.47038269042969 8
  endloop
endfacet
facet normal 0 0 0
  outer loop
    vertex -14.736881256103516 44.47038269042969 8
    vertex -14.227745056152344 45.89332580566406 18
    vertex -14.227745056152344 45.89332580566406 8
  endloop
endfacet
facet normal 0 0 0
  outer loop
    vertex -14.227745056152344 45.89332580566406 8
    vertex -13.581587791442871 47.2595100402832 18
    vertex -13.581587791442871 47.2595100402832 8
  endloop
endfacet
facet normal 0 0 0
  outer loop
    vertex -13.581587791442871 47.2595100402832 8
    vertex -12.804632186889648 48.555782318115234 18
    vertex -12.804632186889648 48.555782318115234 8
  endloop
endfacet
facet normal 0 0 0
  outer loop
    vertex -12.804632186889648 48.555782318115234 8
    vertex -11.9043607711792 49.769657135009766 18
    vertex -11.9043607711792 49.769657135009766 8
  endloop
endfacet
facet normal 0 0 0
  outer loop
    vertex -10.889444351196289 29.11055564880371 8
    vertex -9.76965618133545 28.095638275146484 8
    vertex -10.889444351196289 29.11055564880371 18
  endloop
endfacet
facet normal 0 0 0
  outer loop
    vertex -10.889444351196289 29.11055564880371 8
    vertex -11.9043607711792 30.230342864990234 18
    vertex -11.9043607711792 30.230342864990234 8
  endloop
endfacet
facet normal 0 0 0
  outer loop
    vertex -9.76965618133545 28.095638275146484 8
    vertex -8.555781364440918 27.19536781311035 8
    vertex -9.76965618133545 28.095638275146484 18
  endloop
endfacet
facet normal 0 0 0
  outer loop
    vertex -8.555781364440918 27.19536781311035 8
    vertex -7.259509563446045 26.418413162231445 8
    vertex -8.555781364440918 27.19536781311035 18
  endloop
endfacet
facet normal 0 0 0
  outer loop
    vertex -7.259509563446045 26.418413162231445 8
    vertex -5.893324851989746 25.772254943847656 8
    vertex -7.259509563446045 26.418413162231445 18
  endloop
endfacet
facet normal 0 0 0
  outer loop
    vertex -11.9043607711792 49.769657135009766 8
    vertex -10.889444351196289 50.88944625854492 18
    vertex -10.889444351196289 50.88944625854492 8
  endloop
endfacet
facet normal 0 0 0
  outer loop
    vertex -10.889444351196289 50.88944625854492 8
    vertex -9.76965618133545 51.904361724853516 18
    vertex -9.76965618133545 51.904361724853516 8
  endloop
endfacet
facet normal 0 0 0
  outer loop
    vertex -9.76965618133545 51.904361724853516 8
    vertex -8.555781364440918 52.804630279541016 18
    vertex -8.555781364440918 52.804630279541016 8
  endloop
endfacet
facet normal 0 0 0
  outer loop
    vertex -8.555781364440918 52.804630279541016 8
    vertex -7.259509563446045 53.58158874511719 18
    vertex -7.259509563446045 53.58158874511719 8
  endloop
endfacet
facet normal 0 0 0
  outer loop
    vertex -7.259509563446045 53.58158874511719 8
    vertex -5.893324851989746 54.227745056152344 18
    vertex -5.893324851989746 54.227745056152344 8
  endloop
endfacet
facet normal 0 0 0
  outer loop
    vertex -5.893324851989746 25.772254943847656 8
    vertex -4.470384120941162 25.263118743896484 8
    vertex -5.893324851989746 25.772254943847656 18
  endloop
endfacet
facet normal 0 0 0
  outer loop
    vertex -4.470384120941162 25.263118743896484 8
    vertex -3.0043909549713135 24.895906448364258 8
    vertex -4.470384120941162 25.263118743896484 18
  endloop
endfacet
facet normal 0 0 0
  outer loop
    vertex -1.509463906288147 24.67415428161621 8
    vertex -3.0043909549713135 24.895906448364258 18
    vertex -3.0043909549713135 24.895906448364258 8
  endloop
endfacet
facet normal 0 0 0
  outer loop
    vertex -5.893324851989746 54.227745056152344 8
    vertex -4.470384120941162 54.736881256103516 18
    vertex -4.470384120941162 54.736881256103516 8
  endloop
endfacet
facet normal 0 0 0
  outer loop
    vertex -4.470384120941162 54.736881256103516 8
    vertex -3.0043909549713135 55.10409164428711 18
    vertex -3.0043909549713135 55.10409164428711 8
  endloop
endfacet
facet normal 0 0 0
  outer loop
    vertex -1.509463906288147 55.325843811035156 8
    vertex -0.30000001192092896 55.38526153564453 14
    vertex -0.30000001192092896 55.38526153564453 8
  endloop
endfacet
facet normal 0 0 0
  outer loop
    vertex -3.0043909549713135 55.10409164428711 8
    vertex -1.509463906288147 55.325843811035156 18
    vertex -1.509463906288147 55.325843811035156 8
  endloop
endfacet
facet normal 0 0 0
  outer loop
    vertex -15.104093551635742 36.995609283447266 8
    vertex -15.104093551635742 36.995609283447266 18
    vertex -15.325844764709473 38.490535736083984 18
  endloop
endfacet
facet normal 0 0 0
  outer loop
    vertex -15.325844764709473 38.490535736083984 8
    vertex -15.325844764709473 38.490535736083984 18
    vertex -15.399999618530273 40 18
  endloop
endfacet
facet normal 0 0 0
  outer loop
    vertex -15.399999618530273 40 8
    vertex -15.399999618530273 40 18
    vertex -15.325844764709473 41.509464263916016 18
  endloop
endfacet
facet normal 0 0 0
  outer loop
    vertex -15.325844764709473 41.509464263916016 8
    vertex -15.325844764709473 41.509464263916016 18
    vertex -15.104093551635742 43.004390716552734 18
  endloop
endfacet
facet normal 0 0 0
  outer loop
    vertex -14.227745056152344 34.10667419433594 8
    vertex -14.227745056152344 34.10667419433594 18
    vertex -14.736881256103516 35.52961730957031 18
  endloop
endfacet
facet normal 0 0 0
  outer loop
    vertex -13.581587791442871 32.7404899597168 8
    vertex -13.581587791442871 32.7404899597168 18
    vertex -14.227745056152344 34.10667419433594 18
  endloop
endfacet
facet normal 0 0 0
  outer loop
    vertex -12.804632186889648 31.444217681884766 8
    vertex -12.804632186889648 31.444217681884766 18
    vertex -13.581587791442871 32.7404899597168 18
  endloop
endfacet
facet normal 0 0 0
  outer loop
    vertex -11.9043607711792 30.230342864990234 8
    vertex -11.9043607711792 30.230342864990234 18
    vertex -12.804632186889648 31.444217681884766 18
  endloop
endfacet
facet normal 0 0 0
  outer loop
    vertex -14.736881256103516 35.52961730957031 8
    vertex -14.736881256103516 35.52961730957031 18
    vertex -15.104093551635742 36.995609283447266 18
  endloop
endfacet
facet normal 0 0 0
  outer loop
    vertex -15.104093551635742 43.004390716552734 8
    vertex -15.104093551635742 43.004390716552734 18
    vertex -14.736881256103516 44.47038269042969 18
  endloop
endfacet
facet normal 0 0 0
  outer loop
    vertex -14.736881256103516 44.47038269042969 8
    vertex -14.736881256103516 44.47038269042969 18
    vertex -14.227745056152344 45.89332580566406 18
  endloop
endfacet
facet normal 0 0 0
  outer loop
    vertex -14.227745056152344 45.89332580566406 8
    vertex -14.227745056152344 45.89332580566406 18
    vertex -13.581587791442871 47.2595100402832 18
  endloop
endfacet
facet normal 0 0 0
  outer loop
    vertex -13.581587791442871 47.2595100402832 8
    vertex -13.581587791442871 47.2595100402832 18
    vertex -12.804632186889648 48.555782318115234 18
  endloop
endfacet
facet normal 0 0 0
  outer loop
    vertex -12.804632186889648 48.555782318115234 8
    vertex -12.804632186889648 48.555782318115234 18
    vertex -11.9043607711792 49.769657135009766 18
  endloop
endfacet
facet normal 0 0 0
  outer loop
    vertex -15.104093551635742 36.995609283447266 18
    vertex -15.104093551635742 43.004390716552734 18
    vertex -15.325844764709473 38.490535736083984 18
  endloop
endfacet
facet normal 0 0 0
  outer loop
    vertex -15.325844764709473 38.490535736083984 18
    vertex -15.325844764709473 41.509464263916016 18
    vertex -15.399999618530273 40 18
  endloop
endfacet
facet normal 0 0 0
  outer loop
    vertex -15.325844764709473 38.490535736083984 18
    vertex -15.104093551635742 43.004390716552734 18
    vertex -15.325844764709473 41.509464263916016 18
  endloop
endfacet
facet normal 0 0 0
  outer loop
    vertex -13.581587791442871 32.7404899597168 18
    vertex -12.804632186889648 31.444217681884766 18
    vertex -13.050000190734863 38.349998474121094 18
  endloop
endfacet
facet normal 0 0 0
  outer loop
    vertex -12.804632186889648 31.444217681884766 18
    vertex -11.9043607711792 30.230342864990234 18
    vertex -13.050000190734863 38.349998474121094 18
  endloop
endfacet
facet normal 0 0 0
  outer loop
    vertex -15.104093551635742 36.995609283447266 18
    vertex -14.736881256103516 35.52961730957031 18
    vertex -14.736881256103516 44.47038269042969 18
  endloop
endfacet
facet normal 0 0 0
  outer loop
    vertex -14.227745056152344 34.10667419433594 18
    vertex -14.227745056152344 45.89332580566406 18
    vertex -14.736881256103516 35.52961730957031 18
  endloop
endfacet
facet normal 0 0 0
  outer loop
    vertex -14.227745056152344 34.10667419433594 18
    vertex -13.581587791442871 32.7404899597168 18
    vertex -13.581587791442871 47.2595100402832 18
  endloop
endfacet
facet normal 0 0 0
  outer loop
    vertex -15.104093551635742 36.995609283447266 18
    vertex -14.736881256103516 44.47038269042969 18
    vertex -15.104093551635742 43.004390716552734 18
  endloop
endfacet
facet normal 0 0 0
  outer loop
    vertex -14.736881256103516 35.52961730957031 18
    vertex -14.227745056152344 45.89332580566406 18
    vertex -14.736881256103516 44.47038269042969 18
  endloop
endfacet
facet normal 0 0 0
  outer loop
    vertex -14.227745056152344 34.10667419433594 18
    vertex -13.581587791442871 47.2595100402832 18
    vertex -14.227745056152344 45.89332580566406 18
  endloop
endfacet
facet normal 0 0 0
  outer loop
    vertex -13.581587791442871 32.7404899597168 18
    vertex -13.050000190734863 38.349998474121094 18
    vertex -13.050000190734863 41.650001525878906 18
  endloop
endfacet
facet normal 0 0 0
  outer loop
    vertex -13.050000190734863 38.349998474121094 18
    vertex -11.9043607711792 30.230342864990234 18
    vertex -11.266101837158203 38.349998474121094 18
  endloop
endfacet
facet normal 0 0 0
  outer loop
    vertex -13.581587791442871 32.7404899597168 18
    vertex -13.050000190734863 41.650001525878906 18
    vertex -12.804632186889648 48.555782318115234 18
  endloop
endfacet
facet normal 0 0 0
  outer loop
    vertex -13.581587791442871 32.7404899597168 18
    vertex -12.804632186889648 48.555782318115234 18
    vertex -13.581587791442871 47.2595100402832 18
  endloop
endfacet
facet normal 0 0 0
  outer loop
    vertex -13.050000190734863 41.650001525878906 18
    vertex -11.266101837158203 41.650001525878906 18
    vertex -12.804632186889648 48.555782318115234 18
  endloop
endfacet
facet normal 0 0 0
  outer loop
    vertex -10.889444351196289 29.11055564880371 8
    vertex -10.889444351196289 29.11055564880371 18
    vertex -11.9043607711792 30.230342864990234 18
  endloop
endfacet
facet normal 0 0 0
  outer loop
    vertex -9.76965618133545 28.095638275146484 8
    vertex -9.76965618133545 28.095638275146484 18
    vertex -10.889444351196289 29.11055564880371 18
  endloop
endfacet
facet normal 0 0 0
  outer loop
    vertex -8.555781364440918 27.19536781311035 8
    vertex -8.555781364440918 27.19536781311035 18
    vertex -9.76965618133545 28.095638275146484 18
  endloop
endfacet
facet normal 0 0 0
  outer loop
    vertex -7.259509563446045 26.418413162231445 8
    vertex -7.259509563446045 26.418413162231445 18
    vertex -8.555781364440918 27.19536781311035 18
  endloop
endfacet
facet normal 0 0 0
  outer loop
    vertex -5.893324851989746 25.772254943847656 8
    vertex -5.893324851989746 25.772254943847656 18
    vertex -7.259509563446045 26.418413162231445 18
  endloop
endfacet
facet normal 0 0 0
  outer loop
    vertex -11.9043607711792 49.769657135009766 8
    vertex -11.9043607711792 49.769657135009766 18
    vertex -10.889444351196289 50.88944625854492 18
  endloop
endfacet
facet normal 0 0 0
  outer loop
    vertex -10.889444351196289 50.88944625854492 8
    vertex -10.889444351196289 50.88944625854492 18
    vertex -9.76965618133545 51.904361724853516 18
  endloop
endfacet
facet normal 0 0 0
  outer loop
    vertex -9.76965618133545 51.904361724853516 8
    vertex -9.76965618133545 51.904361724853516 18
    vertex -8.555781364440918 52.804630279541016 18
  endloop
endfacet
facet normal 0 0 0
  outer loop
    vertex -8.555781364440918 52.804630279541016 8
    vertex -8.555781364440918 52.804630279541016 18
    vertex -7.259509563446045 53.58158874511719 18
  endloop
endfacet
facet normal 0 0 0
  outer loop
    vertex -7.259509563446045 53.58158874511719 8
    vertex -7.259509563446045 53.58158874511719 18
    vertex -5.893324851989746 54.227745056152344 18
  endloop
endfacet
facet normal 0 0 0
  outer loop
    vertex -4.470384120941162 25.263118743896484 8
    vertex -4.470384120941162 25.263118743896484 18
    vertex -5.893324851989746 25.772254943847656 18
  endloop
endfacet
facet normal 0 0 0
  outer loop
    vertex -3.0043909549713135 24.895906448364258 8
    vertex -3.0043909549713135 24.895906448364258 18
    vertex -4.470384120941162 25.263118743896484 18
  endloop
endfacet
facet normal 0 0 0
  outer loop
    vertex -5.893324851989746 54.227745056152344 8
    vertex -5.893324851989746 54.227745056152344 18
    vertex -4.470384120941162 54.736881256103516 18
  endloop
endfacet
facet normal 0 0 0
  outer loop
    vertex -4.470384120941162 54.736881256103516 8
    vertex -4.470384120941162 54.736881256103516 18
    vertex -3.0043909549713135 55.10409164428711 18
  endloop
endfacet
facet normal 0 0 0
  outer loop
    vertex -1.509463906288147 55.325843811035156 8
    vertex 0 55.400001525878906 18
    vertex -0.30000001192092896 55.38526153564453 14
  endloop
endfacet
facet normal 0 0 0
  outer loop
    vertex -3.0043909549713135 55.10409164428711 8
    vertex -3.0043909549713135 55.10409164428711 18
    vertex -1.509463906288147 55.325843811035156 18
  endloop
endfacet
facet normal 0 0 0
  outer loop
    vertex -1.509463906288147 55.325843811035156 8
    vertex -1.509463906288147 55.325843811035156 18
    vertex 0 55.400001525878906 18
  endloop
endfacet
facet normal 0 0 0
  outer loop
    vertex -0.30000001192092896 55.38526153564453 14
    vertex 0 55.400001525878906 18
    vertex 0 55.400001525878906 14
  endloop
endfacet
facet normal 0 0 0
  outer loop
    vertex -10.889444351196289 29.11055564880371 18
    vertex -10.909119606018066 36.69075393676758 18
    vertex -11.9043607711792 30.230342864990234 18
  endloop
endfacet
facet normal 0 0 0
  outer loop
    vertex -10.889444351196289 29.11055564880371 18
    vertex -10.5322265625 35.63740921020508 18
    vertex -10.909119606018066 36.69075393676758 18
  endloop
endfacet
facet normal 0 0 0
  outer loop
    vertex -9.76965618133545 28.095638275146484 18
    vertex -8.555781364440918 27.19536781311035 18
    vertex -8.812318801879883 32.76791763305664 18
  endloop
endfacet
facet normal 0 0 0
  outer loop
    vertex -10.889444351196289 29.11055564880371 18
    vertex -9.76965618133545 28.095638275146484 18
    vertex -10.053902626037598 34.626075744628906 18
  endloop
endfacet
facet normal 0 0 0
  outer loop
    vertex -9.76965618133545 28.095638275146484 18
    vertex -9.478754043579102 33.666500091552734 18
    vertex -10.053902626037598 34.626075744628906 18
  endloop
endfacet
facet normal 0 0 0
  outer loop
    vertex -10.889444351196289 29.11055564880371 18
    vertex -10.053902626037598 34.626075744628906 18
    vertex -10.5322265625 35.63740921020508 18
  endloop
endfacet
facet normal 0 0 0
  outer loop
    vertex -9.76965618133545 28.095638275146484 18
    vertex -8.812318801879883 32.76791763305664 18
    vertex -9.478754043579102 33.666500091552734 18
  endloop
endfacet
facet normal 0 0 0
  outer loop
    vertex -11.9043607711792 30.230342864990234 18
    vertex -11.180952072143555 37.775970458984375 18
    vertex -11.266101837158203 38.349998474121094 18
  endloop
endfacet
facet normal 0 0 0
  outer loop
    vertex -11.9043607711792 30.230342864990234 18
    vertex -10.909119606018066 36.69075393676758 18
    vertex -11.180952072143555 37.775970458984375 18
  endloop
endfacet
facet normal 0 0 0
  outer loop
    vertex -8.555781364440918 27.19536781311035 18
    vertex -7.259509563446045 26.418413162231445 18
    vertex -8.061017036437988 31.938982009887695 18
  endloop
endfacet
facet normal 0 0 0
  outer loop
    vertex -8.555781364440918 27.19536781311035 18
    vertex -8.061017036437988 31.938982009887695 18
    vertex -8.812318801879883 32.76791763305664 18
  endloop
endfacet
facet normal 0 0 0
  outer loop
    vertex -8.061017036437988 31.938982009887695 18
    vertex -7.259509563446045 26.418413162231445 18
    vertex -7.232083320617676 31.187681198120117 18
  endloop
endfacet
facet normal 0 0 0
  outer loop
    vertex -7.259509563446045 26.418413162231445 18
    vertex -6.333500862121582 30.5212459564209 18
    vertex -7.232083320617676 31.187681198120117 18
  endloop
endfacet
facet normal 0 0 0
  outer loop
    vertex -7.259509563446045 26.418413162231445 18
    vertex -5.893324851989746 25.772254943847656 18
    vertex -6.333500862121582 30.5212459564209 18
  endloop
endfacet
facet normal 0 0 0
  outer loop
    vertex -12.804632186889648 48.555782318115234 18
    vertex -11.266101837158203 41.650001525878906 18
    vertex -11.9043607711792 49.769657135009766 18
  endloop
endfacet
facet normal 0 0 0
  outer loop
    vertex -11.266101837158203 41.650001525878906 18
    vertex -10.889444351196289 50.88944625854492 18
    vertex -11.9043607711792 49.769657135009766 18
  endloop
endfacet
facet normal 0 0 0
  outer loop
    vertex -11.266101837158203 41.650001525878906 18
    vertex -11.180952072143555 42.224029541015625 18
    vertex -10.889444351196289 50.88944625854492 18
  endloop
endfacet
facet normal 0 0 0
  outer loop
    vertex -11.180952072143555 42.224029541015625 18
    vertex -10.909119606018066 43.30924606323242 18
    vertex -10.889444351196289 50.88944625854492 18
  endloop
endfacet
facet normal 0 0 0
  outer loop
    vertex -10.909119606018066 43.30924606323242 18
    vertex -10.5322265625 44.36259078979492 18
    vertex -10.889444351196289 50.88944625854492 18
  endloop
endfacet
facet normal 0 0 0
  outer loop
    vertex -10.5322265625 44.36259078979492 18
    vertex -10.053902626037598 45.373924255371094 18
    vertex -10.889444351196289 50.88944625854492 18
  endloop
endfacet
facet normal 0 0 0
  outer loop
    vertex -10.889444351196289 50.88944625854492 18
    vertex -10.053902626037598 45.373924255371094 18
    vertex -9.76965618133545 51.904361724853516 18
  endloop
endfacet
facet normal 0 0 0
  outer loop
    vertex -10.053902626037598 45.373924255371094 18
    vertex -9.478754043579102 46.333499908447266 18
    vertex -9.76965618133545 51.904361724853516 18
  endloop
endfacet
facet normal 0 0 0
  outer loop
    vertex -9.478754043579102 46.333499908447266 18
    vertex -8.812318801879883 47.23208236694336 18
    vertex -9.76965618133545 51.904361724853516 18
  endloop
endfacet
facet normal 0 0 0
  outer loop
    vertex -9.76965618133545 51.904361724853516 18
    vertex -8.812318801879883 47.23208236694336 18
    vertex -8.555781364440918 52.804630279541016 18
  endloop
endfacet
facet normal 0 0 0
  outer loop
    vertex -8.812318801879883 47.23208236694336 18
    vertex -8.061017036437988 48.06101608276367 18
    vertex -8.555781364440918 52.804630279541016 18
  endloop
endfacet
facet normal 0 0 0
  outer loop
    vertex -8.061017036437988 48.06101608276367 18
    vertex -7.232083320617676 48.812320709228516 18
    vertex -8.555781364440918 52.804630279541016 18
  endloop
endfacet
facet normal 0 0 0
  outer loop
    vertex -8.555781364440918 52.804630279541016 18
    vertex -7.232083320617676 48.812320709228516 18
    vertex -7.259509563446045 53.58158874511719 18
  endloop
endfacet
facet normal 0 0 0
  outer loop
    vertex -7.232083320617676 48.812320709228516 18
    vertex -6.333500862121582 49.47875213623047 18
    vertex -7.259509563446045 53.58158874511719 18
  endloop
endfacet
facet normal 0 0 0
  outer loop
    vertex -6.333500862121582 49.47875213623047 18
    vertex -5.373922824859619 50.05390167236328 18
    vertex -7.259509563446045 53.58158874511719 18
  endloop
endfacet
facet normal 0 0 0
  outer loop
    vertex -7.259509563446045 53.58158874511719 18
    vertex -5.373922824859619 50.05390167236328 18
    vertex -5.893324851989746 54.227745056152344 18
  endloop
endfacet
facet normal 0 0 0
  outer loop
    vertex -6.333500862121582 30.5212459564209 18
    vertex -5.893324851989746 25.772254943847656 18
    vertex -5.373922824859619 29.94609832763672 18
  endloop
endfacet
facet normal 0 0 0
  outer loop
    vertex -5.893324851989746 25.772254943847656 18
    vertex -4.470384120941162 25.263118743896484 18
    vertex -5.373922824859619 29.94609832763672 18
  endloop
endfacet
facet normal 0 0 0
  outer loop
    vertex -5.373922824859619 29.94609832763672 18
    vertex -4.470384120941162 25.263118743896484 18
    vertex -4.36259126663208 29.4677734375 18
  endloop
endfacet
facet normal 0 0 0
  outer loop
    vertex -4.470384120941162 25.263118743896484 18
    vertex -3.3092453479766846 29.090879440307617 18
    vertex -4.36259126663208 29.4677734375 18
  endloop
endfacet
facet normal 0 0 0
  outer loop
    vertex -4.470384120941162 25.263118743896484 18
    vertex -3.0043909549713135 24.895906448364258 18
    vertex -3.3092453479766846 29.090879440307617 18
  endloop
endfacet
facet normal 0 0 0
  outer loop
    vertex -3.0043909549713135 24.895906448364258 18
    vertex -1.649999976158142 26.950000762939453 18
    vertex -3.3092453479766846 29.090879440307617 18
  endloop
endfacet
facet normal 0 0 0
  outer loop
    vertex -3.3092453479766846 29.090879440307617 18
    vertex -1.649999976158142 26.950000762939453 18
    vertex -2.224029779434204 28.819047927856445 18
  endloop
endfacet
facet normal 0 0 0
  outer loop
    vertex -1.509463906288147 24.67415428161621 18
    vertex -1.649999976158142 26.950000762939453 18
    vertex -3.0043909549713135 24.895906448364258 18
  endloop
endfacet
facet normal 0 0 0
  outer loop
    vertex -1.649999976158142 26.950000762939453 18
    vertex -1.649999976158142 28.733898162841797 18
    vertex -2.224029779434204 28.819047927856445 18
  endloop
endfacet
facet normal 0 0 0
  outer loop
    vertex -1.509463906288147 24.67415428161621 18
    vertex 0 24.600000381469727 18
    vertex -1.649999976158142 26.950000762939453 18
  endloop
endfacet
facet normal 0 0 0
  outer loop
    vertex -1.649999976158142 26.950000762939453 18
    vertex 0 24.600000381469727 18
    vertex 0 26.950000762939453 18
  endloop
endfacet
facet normal 0 0 0
  outer loop
    vertex -5.373922824859619 50.05390167236328 18
    vertex -4.36259126663208 50.5322265625 18
    vertex -5.893324851989746 54.227745056152344 18
  endloop
endfacet
facet normal 0 0 0
  outer loop
    vertex -5.893324851989746 54.227745056152344 18
    vertex -4.36259126663208 50.5322265625 18
    vertex -4.470384120941162 54.736881256103516 18
  endloop
endfacet
facet normal 0 0 0
  outer loop
    vertex -4.36259126663208 50.5322265625 18
    vertex -3.3092453479766846 50.90911865234375 18
    vertex -4.470384120941162 54.736881256103516 18
  endloop
endfacet
facet normal 0 0 0
  outer loop
    vertex -3.3092453479766846 50.90911865234375 18
    vertex -2.224029779434204 51.18095397949219 18
    vertex -4.470384120941162 54.736881256103516 18
  endloop
endfacet
facet normal 0 0 0
  outer loop
    vertex -4.470384120941162 54.736881256103516 18
    vertex -2.224029779434204 51.18095397949219 18
    vertex -3.0043909549713135 55.10409164428711 18
  endloop
endfacet
facet normal 0 0 0
  outer loop
    vertex -3.0043909549713135 55.10409164428711 18
    vertex -2.224029779434204 51.18095397949219 18
    vertex -1.649999976158142 53.04999923706055 18
  endloop
endfacet
facet normal 0 0 0
  outer loop
    vertex -2.224029779434204 51.18095397949219 18
    vertex -1.649999976158142 51.2661018371582 18
    vertex -1.649999976158142 53.04999923706055 18
  endloop
endfacet
facet normal 0 0 0
  outer loop
    vertex -3.0043909549713135 55.10409164428711 18
    vertex -1.649999976158142 53.04999923706055 18
    vertex 0 53.04999923706055 18
  endloop
endfacet
facet normal 0 0 0
  outer loop
    vertex -3.0043909549713135 55.10409164428711 18
    vertex 0 53.04999923706055 18
    vertex -1.509463906288147 55.325843811035156 18
  endloop
endfacet
facet normal 0 0 0
  outer loop
    vertex -1.509463906288147 55.325843811035156 18
    vertex 0 53.04999923706055 18
    vertex 0 55.400001525878906 18
  endloop
endfacet
facet normal 0 0 0
  outer loop
    vertex -1.4114468097686768 -14.330659866333008 8
    vertex -0.30000001192092896 -14.385261535644531 8
    vertex -0.30000001192092896 -14.385261535644531 14
  endloop
endfacet
facet normal 0 0 0
  outer loop
    vertex -1.4114468097686768 14.330659866333008 8
    vertex -0.30000001192092896 14.385261535644531 14
    vertex -0.30000001192092896 14.385261535644531 8
  endloop
endfacet
facet normal 0 0 0
  outer loop
    vertex -13.303865432739258 -5.510641574859619 8
    vertex -12.699666023254395 -6.788113117218018 8
    vertex -13.303865432739258 -5.510641574859619 24
  endloop
endfacet
facet normal 0 0 0
  outer loop
    vertex -12.699666023254395 -6.788113117218018 8
    vertex -11.973162651062012 -8.000211715698242 8
    vertex -12.699666023254395 -6.788113117218018 24
  endloop
endfacet
facet normal 0 0 0
  outer loop
    vertex -14.330659866333008 -1.4114468097686768 8
    vertex -14.123308181762695 -2.809300661087036 8
    vertex -14.330659866333008 -1.4114468097686768 24
  endloop
endfacet
facet normal 0 0 0
  outer loop
    vertex -14.330659866333008 -1.4114468097686768 8
    vertex -14.399999618530273 0 24
    vertex -14.399999618530273 0 8
  endloop
endfacet
facet normal 0 0 0
  outer loop
    vertex -14.123308181762695 -2.809300661087036 8
    vertex -13.779940605163574 -4.1800994873046875 8
    vertex -14.123308181762695 -2.809300661087036 24
  endloop
endfacet
facet normal 0 0 0
  outer loop
    vertex -13.303865432739258 -5.510641574859619 8
    vertex -13.779940605163574 -4.1800994873046875 24
    vertex -13.779940605163574 -4.1800994873046875 8
  endloop
endfacet
facet normal 0 0 0
  outer loop
    vertex -14.399999618530273 0 8
    vertex -14.330659866333008 1.4114468097686768 24
    vertex -14.330659866333008 1.4114468097686768 8
  endloop
endfacet
facet normal 0 0 0
  outer loop
    vertex -14.330659866333008 1.4114468097686768 8
    vertex -14.123308181762695 2.809300661087036 24
    vertex -14.123308181762695 2.809300661087036 8
  endloop
endfacet
facet normal 0 0 0
  outer loop
    vertex -14.123308181762695 2.809300661087036 8
    vertex -13.779940605163574 4.1800994873046875 24
    vertex -13.779940605163574 4.1800994873046875 8
  endloop
endfacet
facet normal 0 0 0
  outer loop
    vertex -13.779940605163574 4.1800994873046875 8
    vertex -13.303865432739258 5.510641574859619 24
    vertex -13.303865432739258 5.510641574859619 8
  endloop
endfacet
facet normal 0 0 0
  outer loop
    vertex -13.303865432739258 5.510641574859619 8
    vertex -12.699666023254395 6.788113117218018 24
    vertex -12.699666023254395 6.788113117218018 8
  endloop
endfacet
facet normal 0 0 0
  outer loop
    vertex -12.699666023254395 6.788113117218018 8
    vertex -11.973162651062012 8.000211715698242 24
    vertex -11.973162651062012 8.000211715698242 8
  endloop
endfacet
facet normal 0 0 0
  outer loop
    vertex -13.303865432739258 -5.510641574859619 8
    vertex -13.303865432739258 -5.510641574859619 24
    vertex -13.779940605163574 -4.1800994873046875 24
  endloop
endfacet
facet normal 0 0 0
  outer loop
    vertex -12.699666023254395 -6.788113117218018 8
    vertex -12.699666023254395 -6.788113117218018 24
    vertex -13.303865432739258 -5.510641574859619 24
  endloop
endfacet
facet normal 0 0 0
  outer loop
    vertex -11.973162651062012 -8.000211715698242 8
    vertex -11.973162651062012 -8.000211715698242 24
    vertex -12.699666023254395 -6.788113117218018 24
  endloop
endfacet
facet normal 0 0 0
  outer loop
    vertex -14.330659866333008 -1.4114468097686768 8
    vertex -14.330659866333008 -1.4114468097686768 24
    vertex -14.399999618530273 0 24
  endloop
endfacet
facet normal 0 0 0
  outer loop
    vertex -13.779940605163574 -4.1800994873046875 8
    vertex -13.779940605163574 -4.1800994873046875 24
    vertex -14.123308181762695 -2.809300661087036 24
  endloop
endfacet
facet normal 0 0 0
  outer loop
    vertex -14.123308181762695 -2.809300661087036 8
    vertex -14.123308181762695 -2.809300661087036 24
    vertex -14.330659866333008 -1.4114468097686768 24
  endloop
endfacet
facet normal 0 0 0
  outer loop
    vertex -14.399999618530273 0 8
    vertex -14.399999618530273 0 24
    vertex -14.330659866333008 1.4114468097686768 24
  endloop
endfacet
facet normal 0 0 0
  outer loop
    vertex -14.330659866333008 1.4114468097686768 8
    vertex -14.330659866333008 1.4114468097686768 24
    vertex -14.123308181762695 2.809300661087036 24
  endloop
endfacet
facet normal 0 0 0
  outer loop
    vertex -14.123308181762695 2.809300661087036 8
    vertex -14.123308181762695 2.809300661087036 24
    vertex -13.779940605163574 4.1800994873046875 24
  endloop
endfacet
facet normal 0 0 0
  outer loop
    vertex -13.779940605163574 4.1800994873046875 8
    vertex -13.779940605163574 4.1800994873046875 24
    vertex -13.303865432739258 5.510641574859619 24
  endloop
endfacet
facet normal 0 0 0
  outer loop
    vertex -12.699666023254395 -6.788113117218018 24
    vertex -11.973162651062012 -8.000211715698242 24
    vertex -12.050000190734863 -1.649999976158142 24
  endloop
endfacet
facet normal 0 0 0
  outer loop
    vertex -14.330659866333008 -1.4114468097686768 24
    vertex -14.330659866333008 1.4114468097686768 24
    vertex -14.399999618530273 0 24
  endloop
endfacet
facet normal 0 0 0
  outer loop
    vertex -14.330659866333008 -1.4114468097686768 24
    vertex -14.123308181762695 -2.809300661087036 24
    vertex -14.123308181762695 2.809300661087036 24
  endloop
endfacet
facet normal 0 0 0
  outer loop
    vertex -14.123308181762695 -2.809300661087036 24
    vertex -13.779940605163574 -4.1800994873046875 24
    vertex -13.779940605163574 4.1800994873046875 24
  endloop
endfacet
facet normal 0 0 0
  outer loop
    vertex -14.330659866333008 -1.4114468097686768 24
    vertex -14.123308181762695 2.809300661087036 24
    vertex -14.330659866333008 1.4114468097686768 24
  endloop
endfacet
facet normal 0 0 0
  outer loop
    vertex -14.123308181762695 -2.809300661087036 24
    vertex -13.779940605163574 4.1800994873046875 24
    vertex -14.123308181762695 2.809300661087036 24
  endloop
endfacet
facet normal 0 0 0
  outer loop
    vertex -13.779940605163574 -4.1800994873046875 24
    vertex -13.303865432739258 5.510641574859619 24
    vertex -13.779940605163574 4.1800994873046875 24
  endloop
endfacet
facet normal 0 0 0
  outer loop
    vertex -13.303865432739258 -5.510641574859619 24
    vertex -13.303865432739258 5.510641574859619 24
    vertex -13.779940605163574 -4.1800994873046875 24
  endloop
endfacet
facet normal 0 0 0
  outer loop
    vertex -13.303865432739258 -5.510641574859619 24
    vertex -12.699666023254395 -6.788113117218018 24
    vertex -12.699666023254395 6.788113117218018 24
  endloop
endfacet
facet normal 0 0 0
  outer loop
    vertex -12.699666023254395 -6.788113117218018 24
    vertex -12.050000190734863 -1.649999976158142 24
    vertex -12.050000190734863 1.649999976158142 24
  endloop
endfacet
facet normal 0 0 0
  outer loop
    vertex -13.303865432739258 -5.510641574859619 24
    vertex -12.699666023254395 6.788113117218018 24
    vertex -13.303865432739258 5.510641574859619 24
  endloop
endfacet
facet normal 0 0 0
  outer loop
    vertex -12.699666023254395 -6.788113117218018 24
    vertex -12.050000190734863 1.649999976158142 24
    vertex -11.973162651062012 8.000211715698242 24
  endloop
endfacet
facet normal 0 0 0
  outer loop
    vertex -12.699666023254395 -6.788113117218018 24
    vertex -11.973162651062012 8.000211715698242 24
    vertex -12.699666023254395 6.788113117218018 24
  endloop
endfacet
facet normal 0 0 0
  outer loop
    vertex -13.303865432739258 5.510641574859619 8
    vertex -13.303865432739258 5.510641574859619 24
    vertex -12.699666023254395 6.788113117218018 24
  endloop
endfacet
facet normal 0 0 0
  outer loop
    vertex -12.699666023254395 6.788113117218018 8
    vertex -12.699666023254395 6.788113117218018 24
    vertex -11.973162651062012 8.000211715698242 24
  endloop
endfacet
facet normal 0 0 0
  outer loop
    vertex -11.973162651062012 -8.000211715698242 8
    vertex -11.13135051727295 -9.135263442993164 8
    vertex -11.973162651062012 -8.000211715698242 24
  endloop
endfacet
facet normal 0 0 0
  outer loop
    vertex -11.13135051727295 -9.135263442993164 8
    vertex -10.182337760925293 -10.182337760925293 8
    vertex -11.13135051727295 -9.135263442993164 24
  endloop
endfacet
facet normal 0 0 0
  outer loop
    vertex -10.182337760925293 -10.182337760925293 8
    vertex -9.135263442993164 -11.13135051727295 8
    vertex -10.182337760925293 -10.182337760925293 24
  endloop
endfacet
facet normal 0 0 0
  outer loop
    vertex -9.135263442993164 -11.13135051727295 8
    vertex -8.000211715698242 -11.973162651062012 8
    vertex -9.135263442993164 -11.13135051727295 24
  endloop
endfacet
facet normal 0 0 0
  outer loop
    vertex -8.000211715698242 -11.973162651062012 8
    vertex -6.788113117218018 -12.699666023254395 8
    vertex -8.000211715698242 -11.973162651062012 24
  endloop
endfacet
facet normal 0 0 0
  outer loop
    vertex -6.788113117218018 -12.699666023254395 8
    vertex -5.510641574859619 -13.303865432739258 8
    vertex -6.788113117218018 -12.699666023254395 24
  endloop
endfacet
facet normal 0 0 0
  outer loop
    vertex -11.973162651062012 8.000211715698242 8
    vertex -11.13135051727295 9.135263442993164 24
    vertex -11.13135051727295 9.135263442993164 8
  endloop
endfacet
facet normal 0 0 0
  outer loop
    vertex -11.13135051727295 9.135263442993164 8
    vertex -10.182337760925293 10.182337760925293 24
    vertex -10.182337760925293 10.182337760925293 8
  endloop
endfacet
facet normal 0 0 0
  outer loop
    vertex -10.182337760925293 10.182337760925293 8
    vertex -9.135263442993164 11.13135051727295 24
    vertex -9.135263442993164 11.13135051727295 8
  endloop
endfacet
facet normal 0 0 0
  outer loop
    vertex -9.135263442993164 11.13135051727295 8
    vertex -8.000211715698242 11.973162651062012 24
    vertex -8.000211715698242 11.973162651062012 8
  endloop
endfacet
facet normal 0 0 0
  outer loop
    vertex -8.000211715698242 11.973162651062012 8
    vertex -6.788113117218018 12.699666023254395 24
    vertex -6.788113117218018 12.699666023254395 8
  endloop
endfacet
facet normal 0 0 0
  outer loop
    vertex -5.510641574859619 -13.303865432739258 8
    vertex -4.1800994873046875 -13.779940605163574 8
    vertex -5.510641574859619 -13.303865432739258 24
  endloop
endfacet
facet normal 0 0 0
  outer loop
    vertex -4.1800994873046875 -13.779940605163574 8
    vertex -2.809300661087036 -14.123308181762695 8
    vertex -4.1800994873046875 -13.779940605163574 24
  endloop
endfacet
facet normal 0 0 0
  outer loop
    vertex -2.809300661087036 -14.123308181762695 8
    vertex -1.4114468097686768 -14.330659866333008 8
    vertex -2.809300661087036 -14.123308181762695 24
  endloop
endfacet
facet normal 0 0 0
  outer loop
    vertex -1.4114468097686768 -14.330659866333008 8
    vertex -0.30000001192092896 -14.385261535644531 14
    vertex -1.4114468097686768 -14.330659866333008 24
  endloop
endfacet
facet normal 0 0 0
  outer loop
    vertex -0.30000001192092896 -14.385261535644531 14
    vertex 0 -14.399999618530273 14
    vertex 0 -14.399999618530273 24
  endloop
endfacet
facet normal 0 0 0
  outer loop
    vertex -6.788113117218018 12.699666023254395 8
    vertex -5.510641574859619 13.303865432739258 24
    vertex -5.510641574859619 13.303865432739258 8
  endloop
endfacet
facet normal 0 0 0
  outer loop
    vertex -5.510641574859619 13.303865432739258 8
    vertex -4.1800994873046875 13.779940605163574 24
    vertex -4.1800994873046875 13.779940605163574 8
  endloop
endfacet
facet normal 0 0 0
  outer loop
    vertex -4.1800994873046875 13.779940605163574 8
    vertex -2.809300661087036 14.123308181762695 24
    vertex -2.809300661087036 14.123308181762695 8
  endloop
endfacet
facet normal 0 0 0
  outer loop
    vertex -2.809300661087036 14.123308181762695 8
    vertex -1.4114468097686768 14.330659866333008 24
    vertex -1.4114468097686768 14.330659866333008 8
  endloop
endfacet
facet normal 0 0 0
  outer loop
    vertex -1.4114468097686768 14.330659866333008 8
    vertex 0 14.399999618530273 24
    vertex -0.30000001192092896 14.385261535644531 14
  endloop
endfacet
facet normal 0 0 0
  outer loop
    vertex -0.30000001192092896 14.385261535644531 14
    vertex 0 14.399999618530273 24
    vertex 0 14.399999618530273 14
  endloop
endfacet
facet normal 0 0 0
  outer loop
    vertex -11.13135051727295 -9.135263442993164 8
    vertex -11.13135051727295 -9.135263442993164 24
    vertex -11.973162651062012 -8.000211715698242 24
  endloop
endfacet
facet normal 0 0 0
  outer loop
    vertex -9.135263442993164 -11.13135051727295 8
    vertex -9.135263442993164 -11.13135051727295 24
    vertex -10.182337760925293 -10.182337760925293 24
  endloop
endfacet
facet normal 0 0 0
  outer loop
    vertex -10.182337760925293 -10.182337760925293 8
    vertex -10.182337760925293 -10.182337760925293 24
    vertex -11.13135051727295 -9.135263442993164 24
  endloop
endfacet
facet normal 0 0 0
  outer loop
    vertex -8.000211715698242 -11.973162651062012 8
    vertex -8.000211715698242 -11.973162651062012 24
    vertex -9.135263442993164 -11.13135051727295 24
  endloop
endfacet
facet normal 0 0 0
  outer loop
    vertex -6.788113117218018 -12.699666023254395 8
    vertex -6.788113117218018 -12.699666023254395 24
    vertex -8.000211715698242 -11.973162651062012 24
  endloop
endfacet
facet normal 0 0 0
  outer loop
    vertex -12.050000190734863 -1.649999976158142 24
    vertex -11.973162651062012 -8.000211715698242 24
    vertex -11.13135051727295 -9.135263442993164 24
  endloop
endfacet
facet normal 0 0 0
  outer loop
    vertex -11.13135051727295 -9.135263442993164 24
    vertex -10.182337760925293 -10.182337760925293 24
    vertex -10.200166702270508 -2.0289392471313477 24
  endloop
endfacet
facet normal 0 0 0
  outer loop
    vertex -10.182337760925293 -10.182337760925293 24
    vertex -9.952179908752441 -3.01896071434021 24
    vertex -10.200166702270508 -2.0289392471313477 24
  endloop
endfacet
facet normal 0 0 0
  outer loop
    vertex -10.182337760925293 -10.182337760925293 24
    vertex -9.608346939086914 -3.979907751083374 24
    vertex -9.952179908752441 -3.01896071434021 24
  endloop
endfacet
facet normal 0 0 0
  outer loop
    vertex -10.182337760925293 -10.182337760925293 24
    vertex -9.135263442993164 -11.13135051727295 24
    vertex -9.171980857849121 -4.902525901794434 24
  endloop
endfacet
facet normal 0 0 0
  outer loop
    vertex -10.182337760925293 -10.182337760925293 24
    vertex -9.171980857849121 -4.902525901794434 24
    vertex -9.608346939086914 -3.979907751083374 24
  endloop
endfacet
facet normal 0 0 0
  outer loop
    vertex -12.050000190734863 -1.649999976158142 24
    vertex -11.13135051727295 -9.135263442993164 24
    vertex -10.256377220153809 -1.649999976158142 24
  endloop
endfacet
facet normal 0 0 0
  outer loop
    vertex -11.13135051727295 -9.135263442993164 24
    vertex -10.200166702270508 -2.0289392471313477 24
    vertex -10.256377220153809 -1.649999976158142 24
  endloop
endfacet
facet normal 0 0 0
  outer loop
    vertex -12.050000190734863 1.649999976158142 24
    vertex -10.256377220153809 1.649999976158142 24
    vertex -11.973162651062012 8.000211715698242 24
  endloop
endfacet
facet normal 0 0 0
  outer loop
    vertex -10.256377220153809 1.649999976158142 24
    vertex -10.200166702270508 2.0289392471313477 24
    vertex -10.182337760925293 10.182337760925293 24
  endloop
endfacet
facet normal 0 0 0
  outer loop
    vertex -9.135263442993164 -11.13135051727295 24
    vertex -8.000211715698242 -11.973162651062012 24
    vertex -8.039308547973633 -6.597690105438232 24
  endloop
endfacet
facet normal 0 0 0
  outer loop
    vertex -9.135263442993164 -11.13135051727295 24
    vertex -8.039308547973633 -6.597690105438232 24
    vertex -8.647283554077148 -5.77793025970459 24
  endloop
endfacet
facet normal 0 0 0
  outer loop
    vertex -9.135263442993164 -11.13135051727295 24
    vertex -8.647283554077148 -5.77793025970459 24
    vertex -9.171980857849121 -4.902525901794434 24
  endloop
endfacet
facet normal 0 0 0
  outer loop
    vertex -8.000211715698242 -11.973162651062012 24
    vertex -7.353910446166992 -7.353910446166992 24
    vertex -8.039308547973633 -6.597690105438232 24
  endloop
endfacet
facet normal 0 0 0
  outer loop
    vertex -8.000211715698242 -11.973162651062012 24
    vertex -6.788113117218018 -12.699666023254395 24
    vertex -7.353910446166992 -7.353910446166992 24
  endloop
endfacet
facet normal 0 0 0
  outer loop
    vertex -6.788113117218018 -12.699666023254395 24
    vertex -5.510641574859619 -13.303865432739258 24
    vertex -5.77793025970459 -8.647283554077148 24
  endloop
endfacet
facet normal 0 0 0
  outer loop
    vertex -6.788113117218018 -12.699666023254395 24
    vertex -6.597690105438232 -8.039308547973633 24
    vertex -7.353910446166992 -7.353910446166992 24
  endloop
endfacet
facet normal 0 0 0
  outer loop
    vertex -6.788113117218018 -12.699666023254395 24
    vertex -5.77793025970459 -8.647283554077148 24
    vertex -6.597690105438232 -8.039308547973633 24
  endloop
endfacet
facet normal 0 0 0
  outer loop
    vertex -11.973162651062012 8.000211715698242 8
    vertex -11.973162651062012 8.000211715698242 24
    vertex -11.13135051727295 9.135263442993164 24
  endloop
endfacet
facet normal 0 0 0
  outer loop
    vertex -11.13135051727295 9.135263442993164 8
    vertex -11.13135051727295 9.135263442993164 24
    vertex -10.182337760925293 10.182337760925293 24
  endloop
endfacet
facet normal 0 0 0
  outer loop
    vertex -10.182337760925293 10.182337760925293 8
    vertex -10.182337760925293 10.182337760925293 24
    vertex -9.135263442993164 11.13135051727295 24
  endloop
endfacet
facet normal 0 0 0
  outer loop
    vertex -9.135263442993164 11.13135051727295 8
    vertex -9.135263442993164 11.13135051727295 24
    vertex -8.000211715698242 11.973162651062012 24
  endloop
endfacet
facet normal 0 0 0
  outer loop
    vertex -8.000211715698242 11.973162651062012 8
    vertex -8.000211715698242 11.973162651062012 24
    vertex -6.788113117218018 12.699666023254395 24
  endloop
endfacet
facet normal 0 0 0
  outer loop
    vertex -6.788113117218018 12.699666023254395 8
    vertex -6.788113117218018 12.699666023254395 24
    vertex -5.510641574859619 13.303865432739258 24
  endloop
endfacet
facet normal 0 0 0
  outer loop
    vertex -10.256377220153809 1.649999976158142 24
    vertex -11.13135051727295 9.135263442993164 24
    vertex -11.973162651062012 8.000211715698242 24
  endloop
endfacet
facet normal 0 0 0
  outer loop
    vertex -10.256377220153809 1.649999976158142 24
    vertex -10.182337760925293 10.182337760925293 24
    vertex -11.13135051727295 9.135263442993164 24
  endloop
endfacet
facet normal 0 0 0
  outer loop
    vertex -10.200166702270508 2.0289392471313477 24
    vertex -9.952179908752441 3.01896071434021 24
    vertex -10.182337760925293 10.182337760925293 24
  endloop
endfacet
facet normal 0 0 0
  outer loop
    vertex -9.952179908752441 3.01896071434021 24
    vertex -9.608346939086914 3.979907751083374 24
    vertex -10.182337760925293 10.182337760925293 24
  endloop
endfacet
facet normal 0 0 0
  outer loop
    vertex -9.608346939086914 3.979907751083374 24
    vertex -9.171980857849121 4.902525901794434 24
    vertex -10.182337760925293 10.182337760925293 24
  endloop
endfacet
facet normal 0 0 0
  outer loop
    vertex -9.171980857849121 4.902525901794434 24
    vertex -9.135263442993164 11.13135051727295 24
    vertex -10.182337760925293 10.182337760925293 24
  endloop
endfacet
facet normal 0 0 0
  outer loop
    vertex -9.171980857849121 4.902525901794434 24
    vertex -8.647283554077148 5.77793025970459 24
    vertex -9.135263442993164 11.13135051727295 24
  endloop
endfacet
facet normal 0 0 0
  outer loop
    vertex -9.135263442993164 11.13135051727295 24
    vertex -8.647283554077148 5.77793025970459 24
    vertex -8.039308547973633 6.597690105438232 24
  endloop
endfacet
facet normal 0 0 0
  outer loop
    vertex -9.135263442993164 11.13135051727295 24
    vertex -8.039308547973633 6.597690105438232 24
    vertex -8.000211715698242 11.973162651062012 24
  endloop
endfacet
facet normal 0 0 0
  outer loop
    vertex -8.039308547973633 6.597690105438232 24
    vertex -7.353910446166992 7.353910446166992 24
    vertex -8.000211715698242 11.973162651062012 24
  endloop
endfacet
facet normal 0 0 0
  outer loop
    vertex -8.000211715698242 11.973162651062012 24
    vertex -7.353910446166992 7.353910446166992 24
    vertex -6.597690105438232 8.039308547973633 24
  endloop
endfacet
facet normal 0 0 0
  outer loop
    vertex -6.597690105438232 8.039308547973633 24
    vertex -5.77793025970459 8.647283554077148 24
    vertex -6.788113117218018 12.699666023254395 24
  endloop
endfacet
facet normal 0 0 0
  outer loop
    vertex -8.000211715698242 11.973162651062012 24
    vertex -6.597690105438232 8.039308547973633 24
    vertex -6.788113117218018 12.699666023254395 24
  endloop
endfacet
facet normal 0 0 0
  outer loop
    vertex -5.510641574859619 -13.303865432739258 8
    vertex -5.510641574859619 -13.303865432739258 24
    vertex -6.788113117218018 -12.699666023254395 24
  endloop
endfacet
facet normal 0 0 0
  outer loop
    vertex -4.1800994873046875 -13.779940605163574 8
    vertex -4.1800994873046875 -13.779940605163574 24
    vertex -5.510641574859619 -13.303865432739258 24
  endloop
endfacet
facet normal 0 0 0
  outer loop
    vertex -2.809300661087036 -14.123308181762695 8
    vertex -2.809300661087036 -14.123308181762695 24
    vertex -4.1800994873046875 -13.779940605163574 24
  endloop
endfacet
facet normal 0 0 0
  outer loop
    vertex -1.4114468097686768 -14.330659866333008 8
    vertex -1.4114468097686768 -14.330659866333008 24
    vertex -2.809300661087036 -14.123308181762695 24
  endloop
endfacet
facet normal 0 0 0
  outer loop
    vertex -0.30000001192092896 -14.385261535644531 14
    vertex 0 -14.399999618530273 24
    vertex -1.4114468097686768 -14.330659866333008 24
  endloop
endfacet
facet normal 0 0 0
  outer loop
    vertex -5.510641574859619 -13.303865432739258 24
    vertex -4.902525901794434 -9.171980857849121 24
    vertex -5.77793025970459 -8.647283554077148 24
  endloop
endfacet
facet normal 0 0 0
  outer loop
    vertex -5.510641574859619 -13.303865432739258 24
    vertex -4.1800994873046875 -13.779940605163574 24
    vertex -4.902525901794434 -9.171980857849121 24
  endloop
endfacet
facet normal 0 0 0
  outer loop
    vertex -4.902525901794434 -9.171980857849121 24
    vertex -4.1800994873046875 -13.779940605163574 24
    vertex -3.979907751083374 -9.608346939086914 24
  endloop
endfacet
facet normal 0 0 0
  outer loop
    vertex -4.1800994873046875 -13.779940605163574 24
    vertex -2.809300661087036 -14.123308181762695 24
    vertex -3.01896071434021 -9.952179908752441 24
  endloop
endfacet
facet normal 0 0 0
  outer loop
    vertex -4.1800994873046875 -13.779940605163574 24
    vertex -3.01896071434021 -9.952179908752441 24
    vertex -3.979907751083374 -9.608346939086914 24
  endloop
endfacet
facet normal 0 0 0
  outer loop
    vertex -3.01896071434021 -9.952179908752441 24
    vertex -2.809300661087036 -14.123308181762695 24
    vertex -1.649999976158142 -12.050000190734863 24
  endloop
endfacet
facet normal 0 0 0
  outer loop
    vertex -2.809300661087036 -14.123308181762695 24
    vertex -1.4114468097686768 -14.330659866333008 24
    vertex -1.649999976158142 -12.050000190734863 24
  endloop
endfacet
facet normal 0 0 0
  outer loop
    vertex -3.01896071434021 -9.952179908752441 24
    vertex -1.649999976158142 -12.050000190734863 24
    vertex -2.0289392471313477 -10.200166702270508 24
  endloop
endfacet
facet normal 0 0 0
  outer loop
    vertex -2.0289392471313477 -10.200166702270508 24
    vertex -1.649999976158142 -12.050000190734863 24
    vertex -1.649999976158142 -10.256377220153809 24
  endloop
endfacet
facet normal 0 0 0
  outer loop
    vertex -1.649999976158142 -12.050000190734863 24
    vertex -1.4114468097686768 -14.330659866333008 24
    vertex 0 -14.399999618530273 24
  endloop
endfacet
facet normal 0 0 0
  outer loop
    vertex -1.649999976158142 -12.050000190734863 24
    vertex 0 -14.399999618530273 24
    vertex 0 -12.050000190734863 24
  endloop
endfacet
facet normal 0 0 0
  outer loop
    vertex -5.510641574859619 13.303865432739258 8
    vertex -5.510641574859619 13.303865432739258 24
    vertex -4.1800994873046875 13.779940605163574 24
  endloop
endfacet
facet normal 0 0 0
  outer loop
    vertex -4.1800994873046875 13.779940605163574 8
    vertex -4.1800994873046875 13.779940605163574 24
    vertex -2.809300661087036 14.123308181762695 24
  endloop
endfacet
facet normal 0 0 0
  outer loop
    vertex -2.809300661087036 14.123308181762695 8
    vertex -2.809300661087036 14.123308181762695 24
    vertex -1.4114468097686768 14.330659866333008 24
  endloop
endfacet
facet normal 0 0 0
  outer loop
    vertex -1.4114468097686768 14.330659866333008 8
    vertex -1.4114468097686768 14.330659866333008 24
    vertex 0 14.399999618530273 24
  endloop
endfacet
facet normal 0 0 0
  outer loop
    vertex -6.788113117218018 12.699666023254395 24
    vertex -5.77793025970459 8.647283554077148 24
    vertex -4.902525901794434 9.171980857849121 24
  endloop
endfacet
facet normal 0 0 0
  outer loop
    vertex -6.788113117218018 12.699666023254395 24
    vertex -4.902525901794434 9.171980857849121 24
    vertex -5.510641574859619 13.303865432739258 24
  endloop
endfacet
facet normal 0 0 0
  outer loop
    vertex -4.902525901794434 9.171980857849121 24
    vertex -3.979907751083374 9.608346939086914 24
    vertex -5.510641574859619 13.303865432739258 24
  endloop
endfacet
facet normal 0 0 0
  outer loop
    vertex -5.510641574859619 13.303865432739258 24
    vertex -3.979907751083374 9.608346939086914 24
    vertex -4.1800994873046875 13.779940605163574 24
  endloop
endfacet
facet normal 0 0 0
  outer loop
    vertex -3.979907751083374 9.608346939086914 24
    vertex -3.01896071434021 9.952179908752441 24
    vertex -4.1800994873046875 13.779940605163574 24
  endloop
endfacet
facet normal 0 0 0
  outer loop
    vertex -4.1800994873046875 13.779940605163574 24
    vertex -3.01896071434021 9.952179908752441 24
    vertex -2.0289392471313477 10.200166702270508 24
  endloop
endfacet
facet normal 0 0 0
  outer loop
    vertex -4.1800994873046875 13.779940605163574 24
    vertex -2.0289392471313477 10.200166702270508 24
    vertex -2.809300661087036 14.123308181762695 24
  endloop
endfacet
facet normal 0 0 0
  outer loop
    vertex -2.809300661087036 14.123308181762695 24
    vertex -2.0289392471313477 10.200166702270508 24
    vertex -1.649999976158142 12.050000190734863 24
  endloop
endfacet
facet normal 0 0 0
  outer loop
    vertex -2.0289392471313477 10.200166702270508 24
    vertex -1.649999976158142 10.256377220153809 24
    vertex -1.649999976158142 12.050000190734863 24
  endloop
endfacet
facet normal 0 0 0
  outer loop
    vertex -2.809300661087036 14.123308181762695 24
    vertex -1.649999976158142 12.050000190734863 24
    vertex -1.4114468097686768 14.330659866333008 24
  endloop
endfacet
facet normal 0 0 0
  outer loop
    vertex -1.649999976158142 12.050000190734863 24
    vertex 0 12.050000190734863 24
    vertex -1.4114468097686768 14.330659866333008 24
  endloop
endfacet
facet normal 0 0 0
  outer loop
    vertex -1.4114468097686768 14.330659866333008 24
    vertex 0 12.050000190734863 24
    vertex 0 14.399999618530273 24
  endloop
endfacet
facet normal 0 0 0
  outer loop
    vertex -13.303865432739258 -45.510643005371094 0
    vertex -13.303865432739258 -45 0
    vertex -13.278779029846191 -45 0
  endloop
endfacet
facet normal 0 0 0
  outer loop
    vertex -12.699666023254395 -46.78811264038086 0
    vertex -12.699666023254395 -45 0
    vertex -12.611822128295898 -45 0
  endloop
endfacet
facet normal 0 0 0
  outer loop
    vertex -13.486576080322266 -45 0
    vertex -13.303865432739258 -45.510643005371094 0
    vertex -13.303865432739258 -45.510643005371094 16
  endloop
endfacet
facet normal 0 0 0
  outer loop
    vertex -13.303865432739258 -45.510643005371094 0
    vertex -12.699666023254395 -46.78811264038086 0
    vertex -13.303865432739258 -45.510643005371094 16
  endloop
endfacet
facet normal 0 0 0
  outer loop
    vertex -12.699666023254395 -46.78811264038086 0
    vertex -11.973162651062012 -48.00020980834961 0
    vertex -12.699666023254395 -46.78811264038086 16
  endloop
endfacet
facet normal 0 0 0
  outer loop
    vertex -13.486576080322266 -45 0
    vertex -13.303865432739258 -45.510643005371094 16
    vertex -13.486576080322266 -45 8
  endloop
endfacet
facet normal 0 0 0
  outer loop
    vertex -12.699666023254395 -46.78811264038086 0
    vertex -12.699666023254395 -46.78811264038086 16
    vertex -13.303865432739258 -45.510643005371094 16
  endloop
endfacet
facet normal 0 0 0
  outer loop
    vertex -11.973162651062012 -48.00020980834961 0
    vertex -11.973162651062012 -48.00020980834961 16
    vertex -12.699666023254395 -46.78811264038086 16
  endloop
endfacet
facet normal 0 0 0
  outer loop
    vertex -14.330659866333008 -41.41144561767578 8
    vertex -14.123308181762695 -42.80929946899414 8
    vertex -14.330659866333008 -41.41144561767578 16
  endloop
endfacet
facet normal 0 0 0
  outer loop
    vertex -14.330659866333008 -41.41144561767578 8
    vertex -14.399999618530273 -40 16
    vertex -14.399999618530273 -40 8
  endloop
endfacet
facet normal 0 0 0
  outer loop
    vertex -14.123308181762695 -42.80929946899414 8
    vertex -13.779940605163574 -44.18009948730469 8
    vertex -14.123308181762695 -42.80929946899414 16
  endloop
endfacet
facet normal 0 0 0
  outer loop
    vertex -13.486576080322266 -45 8
    vertex -13.779940605163574 -44.18009948730469 16
    vertex -13.779940605163574 -44.18009948730469 8
  endloop
endfacet
facet normal 0 0 0
  outer loop
    vertex -14.399999618530273 -40 8
    vertex -14.330659866333008 -38.58855438232422 16
    vertex -14.330659866333008 -38.58855438232422 8
  endloop
endfacet
facet normal 0 0 0
  outer loop
    vertex -14.330659866333008 -38.58855438232422 8
    vertex -14.123308181762695 -37.19070053100586 16
    vertex -14.123308181762695 -37.19070053100586 8
  endloop
endfacet
facet normal 0 0 0
  outer loop
    vertex -14.123308181762695 -37.19070053100586 8
    vertex -13.779940605163574 -35.81990051269531 16
    vertex -13.779940605163574 -35.81990051269531 8
  endloop
endfacet
facet normal 0 0 0
  outer loop
    vertex -13.779940605163574 -35.81990051269531 8
    vertex -13.303865432739258 -34.489356994628906 16
    vertex -13.303865432739258 -34.489356994628906 8
  endloop
endfacet
facet normal 0 0 0
  outer loop
    vertex -13.303865432739258 -34.489356994628906 8
    vertex -12.699666023254395 -33.21188735961914 16
    vertex -12.699666023254395 -33.21188735961914 8
  endloop
endfacet
facet normal 0 0 0
  outer loop
    vertex -12.699666023254395 -33.21188735961914 8
    vertex -11.973162651062012 -31.999788284301758 16
    vertex -11.973162651062012 -31.999788284301758 8
  endloop
endfacet
facet normal 0 0 0
  outer loop
    vertex -11.973162651062012 -48.00020980834961 0
    vertex -11.973162651062012 -45 0
    vertex -11.82577133178711 -45 0
  endloop
endfacet
facet normal 0 0 0
  outer loop
    vertex -11.13135051727295 -49.13526153564453 0
    vertex -11.13135051727295 -45 0
    vertex -10.928197860717773 -45 0
  endloop
endfacet
facet normal 0 0 0
  outer loop
    vertex -10.182337760925293 -50.18233871459961 0
    vertex -10.182337760925293 -45 0
    vertex -9.466163635253906 -45 0
  endloop
endfacet
facet normal 0 0 0
  outer loop
    vertex -9.135263442993164 -51.131351470947266 0
    vertex -8.000211715698242 -51.97316360473633 0
    vertex -9.135263442993164 -51.131351470947266 1.2000000476837158
  endloop
endfacet
facet normal 0 0 0
  outer loop
    vertex -9.135263442993164 -51.131351470947266 0
    vertex -6.859794616699219 -47.80175018310547 0
    vertex -8.000211715698242 -51.97316360473633 0
  endloop
endfacet
facet normal 0 0 0
  outer loop
    vertex -9.135263442993164 -51.131351470947266 0
    vertex -9.135263442993164 -45 0
    vertex -8.647283554077148 -45.777931213378906 0
  endloop
endfacet
facet normal 0 0 0
  outer loop
    vertex -9.135263442993164 -51.131351470947266 0
    vertex -8.647283554077148 -45.777931213378906 0
    vertex -8.039308547973633 -46.59769058227539 0
  endloop
endfacet
facet normal 0 0 0
  outer loop
    vertex -9.135263442993164 -45 0
    vertex -9.113557815551758 -45 0
    vertex -8.647283554077148 -45.777931213378906 0
  endloop
endfacet
facet normal 0 0 0
  outer loop
    vertex -9.135263442993164 -51.131351470947266 0
    vertex -8.039308547973633 -46.59769058227539 0
    vertex -7.353910446166992 -47.353912353515625 0
  endloop
endfacet
facet normal 0 0 0
  outer loop
    vertex -9.135263442993164 -51.131351470947266 0
    vertex -7.353910446166992 -47.353912353515625 0
    vertex -6.859794616699219 -47.80175018310547 0
  endloop
endfacet
facet normal 0 0 0
  outer loop
    vertex -6.788113117218018 -52.69966506958008 0
    vertex -5.510641574859619 -53.303863525390625 0
    vertex -6.788113117218018 -52.69966506958008 1.2000000476837158
  endloop
endfacet
facet normal 0 0 0
  outer loop
    vertex -6.788113117218018 -52.69966506958008 0
    vertex -6.788113117218018 -47.86671829223633 0
    vertex -6.597690105438232 -48.039310455322266 0
  endloop
endfacet
facet normal 0 0 0
  outer loop
    vertex -6.788113117218018 -52.69966506958008 0
    vertex -6.597690105438232 -48.039310455322266 0
    vertex -5.77793025970459 -48.64728546142578 0
  endloop
endfacet
facet normal 0 0 0
  outer loop
    vertex -6.788113117218018 -52.69966506958008 0
    vertex -5.77793025970459 -48.64728546142578 0
    vertex -5.510641574859619 -48.852359771728516 0
  endloop
endfacet
facet normal 0 0 0
  outer loop
    vertex -11.13135051727295 -49.13526153564453 0
    vertex -10.182337760925293 -50.18233871459961 0
    vertex -11.13135051727295 -49.13526153564453 16
  endloop
endfacet
facet normal 0 0 0
  outer loop
    vertex -11.973162651062012 -48.00020980834961 0
    vertex -11.13135051727295 -49.13526153564453 0
    vertex -11.973162651062012 -48.00020980834961 16
  endloop
endfacet
facet normal 0 0 0
  outer loop
    vertex -10.182337760925293 -50.18233871459961 0
    vertex -10.182337760925293 -50.18233871459961 1.2000000476837158
    vertex -11.13135051727295 -49.13526153564453 16
  endloop
endfacet
facet normal 0 0 0
  outer loop
    vertex -9.135263442993164 -51.131351470947266 1.2000000476837158
    vertex -8.000211715698242 -51.97316360473633 0
    vertex -9.135263442993164 -51.131351470947266 16
  endloop
endfacet
facet normal 0 0 0
  outer loop
    vertex -8.000211715698242 -51.97316360473633 0
    vertex -8.000211715698242 -51.97316360473633 1.2000000476837158
    vertex -9.135263442993164 -51.131351470947266 16
  endloop
endfacet
facet normal 0 0 0
  outer loop
    vertex -6.788113117218018 -52.69966506958008 1.2000000476837158
    vertex -5.510641574859619 -53.303863525390625 0
    vertex -6.788113117218018 -52.69966506958008 16
  endloop
endfacet
facet normal 0 0 0
  outer loop
    vertex -6.788113117218018 -52.69966506958008 0
    vertex -5.510641574859619 -48.852359771728516 0
    vertex -5.510641574859619 -53.303863525390625 0
  endloop
endfacet
facet normal 0 0 0
  outer loop
    vertex -5.510641574859619 -53.303863525390625 0
    vertex -4.1800994873046875 -50.091651916503906 0
    vertex -4.1800994873046875 -53.77994155883789 0
  endloop
endfacet
facet normal 0 0 0
  outer loop
    vertex -5.510641574859619 -53.303863525390625 0
    vertex -5.296066761016846 -48.936100006103516 0
    vertex -4.902525901794434 -49.17198181152344 0
  endloop
endfacet
facet normal 0 0 0
  outer loop
    vertex -5.510641574859619 -53.303863525390625 0
    vertex -4.902525901794434 -49.17198181152344 0
    vertex -4.1800994873046875 -50.091651916503906 0
  endloop
endfacet
facet normal 0 0 0
  outer loop
    vertex -5.77793025970459 -48.64728546142578 0
    vertex -5.498215198516846 -48.814937591552734 0
    vertex -5.510641574859619 -48.852359771728516 0
  endloop
endfacet
facet normal 0 0 0
  outer loop
    vertex -4.902525901794434 -49.17198181152344 0
    vertex -3.979907751083374 -49.60834884643555 0
    vertex -4.1800994873046875 -50.091651916503906 0
  endloop
endfacet
facet normal 0 0 0
  outer loop
    vertex -4.1800994873046875 -53.77994155883789 0
    vertex -3.01896071434021 -49.952178955078125 0
    vertex -2.809300661087036 -54.12330627441406 0
  endloop
endfacet
facet normal 0 0 0
  outer loop
    vertex -4.1800994873046875 -53.77994155883789 0
    vertex -3.9752440452575684 -49.610015869140625 0
    vertex -3.01896071434021 -49.952178955078125 0
  endloop
endfacet
facet normal 0 0 0
  outer loop
    vertex -3.01896071434021 -49.952178955078125 0
    vertex -2.0289392471313477 -50.20016860961914 0
    vertex -2.809300661087036 -54.12330627441406 0
  endloop
endfacet
facet normal 0 0 0
  outer loop
    vertex -2.809300661087036 -54.12330627441406 0
    vertex -1.649999976158142 -52.04999923706055 0
    vertex -1.4114468097686768 -54.33066177368164 0
  endloop
endfacet
facet normal 0 0 0
  outer loop
    vertex -2.809300661087036 -54.12330627441406 0
    vertex -1.649999976158142 -50.256378173828125 0
    vertex -1.649999976158142 -52.04999923706055 0
  endloop
endfacet
facet normal 0 0 0
  outer loop
    vertex -2.809300661087036 -54.12330627441406 0
    vertex -2.0289392471313477 -50.20016860961914 0
    vertex -1.649999976158142 -50.256378173828125 0
  endloop
endfacet
facet normal 0 0 0
  outer loop
    vertex -1.649999976158142 -52.04999923706055 0
    vertex -1.4114468097686768 -52.04999923706055 0
    vertex -1.4114468097686768 -54.33066177368164 0
  endloop
endfacet
facet normal 0 0 0
  outer loop
    vertex -1.4114468097686768 -54.33066177368164 0
    vertex -1.2994052171707153 -52.04999923706055 0
    vertex 0 -52.04999923706055 0
  endloop
endfacet
facet normal 0 0 0
  outer loop
    vertex -1.4114468097686768 -54.33066177368164 0
    vertex 0 -52.04999923706055 0
    vertex 0 -54.400001525878906 0
  endloop
endfacet
facet normal 0 0 0
  outer loop
    vertex -5.510641574859619 -53.303863525390625 0
    vertex -4.1800994873046875 -53.77994155883789 0
    vertex -5.510641574859619 -53.303863525390625 16
  endloop
endfacet
facet normal 0 0 0
  outer loop
    vertex -4.1800994873046875 -53.77994155883789 0
    vertex -2.809300661087036 -54.12330627441406 0
    vertex -4.1800994873046875 -53.77994155883789 16
  endloop
endfacet
facet normal 0 0 0
  outer loop
    vertex -2.809300661087036 -54.12330627441406 0
    vertex -1.4114468097686768 -54.33066177368164 0
    vertex -2.809300661087036 -54.12330627441406 16
  endloop
endfacet
facet normal 0 0 0
  outer loop
    vertex -1.4114468097686768 -54.33066177368164 0
    vertex 0 -54.400001525878906 0
    vertex -1.4114468097686768 -54.33066177368164 16
  endloop
endfacet
facet normal 0 0 0
  outer loop
    vertex -10.182337760925293 -50.18233871459961 1.2000000476837158
    vertex -9.135263442993164 -51.131351470947266 1.2000000476837158
    vertex -9.135263442993164 -51.131351470947266 16
  endloop
endfacet
facet normal 0 0 0
  outer loop
    vertex -8.000211715698242 -51.97316360473633 1.2000000476837158
    vertex -6.788113117218018 -52.69966506958008 1.2000000476837158
    vertex -6.788113117218018 -52.69966506958008 16
  endloop
endfacet
facet normal 0 0 0
  outer loop
    vertex -11.13135051727295 -49.13526153564453 0
    vertex -11.13135051727295 -49.13526153564453 16
    vertex -11.973162651062012 -48.00020980834961 16
  endloop
endfacet
facet normal 0 0 0
  outer loop
    vertex -10.182337760925293 -50.18233871459961 1.2000000476837158
    vertex -10.182337760925293 -50.18233871459961 16
    vertex -11.13135051727295 -49.13526153564453 16
  endloop
endfacet
facet normal 0 0 0
  outer loop
    vertex -10.182337760925293 -50.18233871459961 1.2000000476837158
    vertex -9.135263442993164 -51.131351470947266 16
    vertex -10.182337760925293 -50.18233871459961 16
  endloop
endfacet
facet normal 0 0 0
  outer loop
    vertex -8.000211715698242 -51.97316360473633 1.2000000476837158
    vertex -8.000211715698242 -51.97316360473633 16
    vertex -9.135263442993164 -51.131351470947266 16
  endloop
endfacet
facet normal 0 0 0
  outer loop
    vertex -8.000211715698242 -51.97316360473633 1.2000000476837158
    vertex -6.788113117218018 -52.69966506958008 16
    vertex -8.000211715698242 -51.97316360473633 16
  endloop
endfacet
facet normal 0 0 0
  outer loop
    vertex -11.973162651062012 -31.999788284301758 8
    vertex -11.13135051727295 -30.864736557006836 16
    vertex -11.13135051727295 -30.864736557006836 8
  endloop
endfacet
facet normal 0 0 0
  outer loop
    vertex -11.13135051727295 -30.864736557006836 8
    vertex -10.182337760925293 -29.817663192749023 16
    vertex -10.182337760925293 -29.817663192749023 8
  endloop
endfacet
facet normal 0 0 0
  outer loop
    vertex -10.182337760925293 -29.817663192749023 8
    vertex -9.135263442993164 -28.868648529052734 16
    vertex -9.135263442993164 -28.868648529052734 8
  endloop
endfacet
facet normal 0 0 0
  outer loop
    vertex -9.135263442993164 -28.868648529052734 8
    vertex -8.000211715698242 -28.026838302612305 16
    vertex -8.000211715698242 -28.026838302612305 8
  endloop
endfacet
facet normal 0 0 0
  outer loop
    vertex -8.000211715698242 -28.026838302612305 8
    vertex -6.788113117218018 -27.30033302307129 16
    vertex -6.788113117218018 -27.30033302307129 8
  endloop
endfacet
facet normal 0 0 0
  outer loop
    vertex -5.510641574859619 -53.303863525390625 0
    vertex -5.510641574859619 -53.303863525390625 16
    vertex -6.788113117218018 -52.69966506958008 16
  endloop
endfacet
facet normal 0 0 0
  outer loop
    vertex -4.1800994873046875 -53.77994155883789 0
    vertex -4.1800994873046875 -53.77994155883789 16
    vertex -5.510641574859619 -53.303863525390625 16
  endloop
endfacet
facet normal 0 0 0
  outer loop
    vertex -2.809300661087036 -54.12330627441406 0
    vertex -2.809300661087036 -54.12330627441406 16
    vertex -4.1800994873046875 -53.77994155883789 16
  endloop
endfacet
facet normal 0 0 0
  outer loop
    vertex -1.4114468097686768 -54.33066177368164 0
    vertex -1.4114468097686768 -54.33066177368164 16
    vertex -2.809300661087036 -54.12330627441406 16
  endloop
endfacet
facet normal 0 0 0
  outer loop
    vertex -1.4114468097686768 -54.33066177368164 16
    vertex 0 -54.400001525878906 0
    vertex 0 -54.400001525878906 16
  endloop
endfacet
facet normal 0 0 0
  outer loop
    vertex -6.788113117218018 -27.30033302307129 8
    vertex -5.510641574859619 -26.696134567260742 16
    vertex -5.510641574859619 -26.696134567260742 8
  endloop
endfacet
facet normal 0 0 0
  outer loop
    vertex -5.510641574859619 -26.696134567260742 8
    vertex -4.1800994873046875 -26.22005844116211 16
    vertex -4.1800994873046875 -26.22005844116211 8
  endloop
endfacet
facet normal 0 0 0
  outer loop
    vertex -4.1800994873046875 -26.22005844116211 8
    vertex -2.809300661087036 -25.876691818237305 16
    vertex -2.809300661087036 -25.876691818237305 8
  endloop
endfacet
facet normal 0 0 0
  outer loop
    vertex -1.4114468097686768 -25.669340133666992 8
    vertex -0.30000001192092896 -25.61473846435547 14
    vertex -0.30000001192092896 -25.61473846435547 8
  endloop
endfacet
facet normal 0 0 0
  outer loop
    vertex -2.809300661087036 -25.876691818237305 8
    vertex -1.4114468097686768 -25.669340133666992 16
    vertex -1.4114468097686768 -25.669340133666992 8
  endloop
endfacet
facet normal 0 0 0
  outer loop
    vertex -13.486576080322266 -45 8
    vertex -13.303865432739258 -45.510643005371094 16
    vertex -13.779940605163574 -44.18009948730469 16
  endloop
endfacet
facet normal 0 0 0
  outer loop
    vertex -14.330659866333008 -41.41144561767578 8
    vertex -14.330659866333008 -41.41144561767578 16
    vertex -14.399999618530273 -40 16
  endloop
endfacet
facet normal 0 0 0
  outer loop
    vertex -13.779940605163574 -44.18009948730469 8
    vertex -13.779940605163574 -44.18009948730469 16
    vertex -14.123308181762695 -42.80929946899414 16
  endloop
endfacet
facet normal 0 0 0
  outer loop
    vertex -14.123308181762695 -42.80929946899414 8
    vertex -14.123308181762695 -42.80929946899414 16
    vertex -14.330659866333008 -41.41144561767578 16
  endloop
endfacet
facet normal 0 0 0
  outer loop
    vertex -14.399999618530273 -40 8
    vertex -14.399999618530273 -40 16
    vertex -14.330659866333008 -38.58855438232422 16
  endloop
endfacet
facet normal 0 0 0
  outer loop
    vertex -14.330659866333008 -38.58855438232422 8
    vertex -14.330659866333008 -38.58855438232422 16
    vertex -14.123308181762695 -37.19070053100586 16
  endloop
endfacet
facet normal 0 0 0
  outer loop
    vertex -14.123308181762695 -37.19070053100586 8
    vertex -14.123308181762695 -37.19070053100586 16
    vertex -13.779940605163574 -35.81990051269531 16
  endloop
endfacet
facet normal 0 0 0
  outer loop
    vertex -13.779940605163574 -35.81990051269531 8
    vertex -13.779940605163574 -35.81990051269531 16
    vertex -13.303865432739258 -34.489356994628906 16
  endloop
endfacet
facet normal 0 0 0
  outer loop
    vertex -12.699666023254395 -46.78811264038086 16
    vertex -11.973162651062012 -48.00020980834961 16
    vertex -12.050000190734863 -41.650001525878906 16
  endloop
endfacet
facet normal 0 0 0
  outer loop
    vertex -14.330659866333008 -41.41144561767578 16
    vertex -14.330659866333008 -38.58855438232422 16
    vertex -14.399999618530273 -40 16
  endloop
endfacet
facet normal 0 0 0
  outer loop
    vertex -14.123308181762695 -42.80929946899414 16
    vertex -13.779940605163574 -44.18009948730469 16
    vertex -13.779940605163574 -35.81990051269531 16
  endloop
endfacet
facet normal 0 0 0
  outer loop
    vertex -14.330659866333008 -41.41144561767578 16
    vertex -14.123308181762695 -42.80929946899414 16
    vertex -14.123308181762695 -37.19070053100586 16
  endloop
endfacet
facet normal 0 0 0
  outer loop
    vertex -14.330659866333008 -41.41144561767578 16
    vertex -14.123308181762695 -37.19070053100586 16
    vertex -14.330659866333008 -38.58855438232422 16
  endloop
endfacet
facet normal 0 0 0
  outer loop
    vertex -14.123308181762695 -42.80929946899414 16
    vertex -13.779940605163574 -35.81990051269531 16
    vertex -14.123308181762695 -37.19070053100586 16
  endloop
endfacet
facet normal 0 0 0
  outer loop
    vertex -13.779940605163574 -44.18009948730469 16
    vertex -13.303865432739258 -34.489356994628906 16
    vertex -13.779940605163574 -35.81990051269531 16
  endloop
endfacet
facet normal 0 0 0
  outer loop
    vertex -13.303865432739258 -45.510643005371094 16
    vertex -13.303865432739258 -34.489356994628906 16
    vertex -13.779940605163574 -44.18009948730469 16
  endloop
endfacet
facet normal 0 0 0
  outer loop
    vertex -13.303865432739258 -45.510643005371094 16
    vertex -12.699666023254395 -46.78811264038086 16
    vertex -12.699666023254395 -33.21188735961914 16
  endloop
endfacet
facet normal 0 0 0
  outer loop
    vertex -12.699666023254395 -46.78811264038086 16
    vertex -12.050000190734863 -41.650001525878906 16
    vertex -12.050000190734863 -38.349998474121094 16
  endloop
endfacet
facet normal 0 0 0
  outer loop
    vertex -13.303865432739258 -45.510643005371094 16
    vertex -12.699666023254395 -33.21188735961914 16
    vertex -13.303865432739258 -34.489356994628906 16
  endloop
endfacet
facet normal 0 0 0
  outer loop
    vertex -12.699666023254395 -46.78811264038086 16
    vertex -11.973162651062012 -31.999788284301758 16
    vertex -12.699666023254395 -33.21188735961914 16
  endloop
endfacet
facet normal 0 0 0
  outer loop
    vertex -12.699666023254395 -46.78811264038086 16
    vertex -12.050000190734863 -38.349998474121094 16
    vertex -11.973162651062012 -31.999788284301758 16
  endloop
endfacet
facet normal 0 0 0
  outer loop
    vertex -13.303865432739258 -34.489356994628906 8
    vertex -13.303865432739258 -34.489356994628906 16
    vertex -12.699666023254395 -33.21188735961914 16
  endloop
endfacet
facet normal 0 0 0
  outer loop
    vertex -12.699666023254395 -33.21188735961914 8
    vertex -12.699666023254395 -33.21188735961914 16
    vertex -11.973162651062012 -31.999788284301758 16
  endloop
endfacet
facet normal 0 0 0
  outer loop
    vertex -12.050000190734863 -41.650001525878906 16
    vertex -11.973162651062012 -48.00020980834961 16
    vertex -11.13135051727295 -49.13526153564453 16
  endloop
endfacet
facet normal 0 0 0
  outer loop
    vertex -11.13135051727295 -49.13526153564453 16
    vertex -10.182337760925293 -50.18233871459961 16
    vertex -10.200166702270508 -42.02893829345703 16
  endloop
endfacet
facet normal 0 0 0
  outer loop
    vertex -10.182337760925293 -50.18233871459961 16
    vertex -9.952179908752441 -43.018959045410156 16
    vertex -10.200166702270508 -42.02893829345703 16
  endloop
endfacet
facet normal 0 0 0
  outer loop
    vertex -10.182337760925293 -50.18233871459961 16
    vertex -9.608346939086914 -43.97990798950195 16
    vertex -9.952179908752441 -43.018959045410156 16
  endloop
endfacet
facet normal 0 0 0
  outer loop
    vertex -10.182337760925293 -50.18233871459961 16
    vertex -9.135263442993164 -51.131351470947266 16
    vertex -9.171980857849121 -44.90252685546875 16
  endloop
endfacet
facet normal 0 0 0
  outer loop
    vertex -10.182337760925293 -50.18233871459961 16
    vertex -9.171980857849121 -44.90252685546875 16
    vertex -9.608346939086914 -43.97990798950195 16
  endloop
endfacet
facet normal 0 0 0
  outer loop
    vertex -12.050000190734863 -41.650001525878906 16
    vertex -11.13135051727295 -49.13526153564453 16
    vertex -10.256377220153809 -41.650001525878906 16
  endloop
endfacet
facet normal 0 0 0
  outer loop
    vertex -11.13135051727295 -49.13526153564453 16
    vertex -10.200166702270508 -42.02893829345703 16
    vertex -10.256377220153809 -41.650001525878906 16
  endloop
endfacet
facet normal 0 0 0
  outer loop
    vertex -12.050000190734863 -38.349998474121094 16
    vertex -10.256377220153809 -38.349998474121094 16
    vertex -11.973162651062012 -31.999788284301758 16
  endloop
endfacet
facet normal 0 0 0
  outer loop
    vertex -10.256377220153809 -38.349998474121094 16
    vertex -10.200166702270508 -37.97106170654297 16
    vertex -10.182337760925293 -29.817663192749023 16
  endloop
endfacet
facet normal 0 0 0
  outer loop
    vertex -10.200166702270508 -37.97106170654297 16
    vertex -9.952179908752441 -36.981040954589844 16
    vertex -10.182337760925293 -29.817663192749023 16
  endloop
endfacet
facet normal 0 0 0
  outer loop
    vertex -9.135263442993164 -51.131351470947266 16
    vertex -8.000211715698242 -51.97316360473633 16
    vertex -8.039308547973633 -46.59769058227539 16
  endloop
endfacet
facet normal 0 0 0
  outer loop
    vertex -9.135263442993164 -51.131351470947266 16
    vertex -8.647283554077148 -45.777931213378906 16
    vertex -9.171980857849121 -44.90252685546875 16
  endloop
endfacet
facet normal 0 0 0
  outer loop
    vertex -9.135263442993164 -51.131351470947266 16
    vertex -8.039308547973633 -46.59769058227539 16
    vertex -8.647283554077148 -45.777931213378906 16
  endloop
endfacet
facet normal 0 0 0
  outer loop
    vertex -8.000211715698242 -51.97316360473633 16
    vertex -7.353910446166992 -47.353912353515625 16
    vertex -8.039308547973633 -46.59769058227539 16
  endloop
endfacet
facet normal 0 0 0
  outer loop
    vertex -8.000211715698242 -51.97316360473633 16
    vertex -6.788113117218018 -52.69966506958008 16
    vertex -7.353910446166992 -47.353912353515625 16
  endloop
endfacet
facet normal 0 0 0
  outer loop
    vertex -6.788113117218018 -52.69966506958008 16
    vertex -5.77793025970459 -48.64728546142578 16
    vertex -6.597690105438232 -48.039310455322266 16
  endloop
endfacet
facet normal 0 0 0
  outer loop
    vertex -6.788113117218018 -52.69966506958008 16
    vertex -5.510641574859619 -53.303863525390625 16
    vertex -5.77793025970459 -48.64728546142578 16
  endloop
endfacet
facet normal 0 0 0
  outer loop
    vertex -6.788113117218018 -52.69966506958008 16
    vertex -6.597690105438232 -48.039310455322266 16
    vertex -7.353910446166992 -47.353912353515625 16
  endloop
endfacet
facet normal 0 0 0
  outer loop
    vertex -11.973162651062012 -31.999788284301758 8
    vertex -11.973162651062012 -31.999788284301758 16
    vertex -11.13135051727295 -30.864736557006836 16
  endloop
endfacet
facet normal 0 0 0
  outer loop
    vertex -11.13135051727295 -30.864736557006836 8
    vertex -11.13135051727295 -30.864736557006836 16
    vertex -10.182337760925293 -29.817663192749023 16
  endloop
endfacet
facet normal 0 0 0
  outer loop
    vertex -10.182337760925293 -29.817663192749023 8
    vertex -10.182337760925293 -29.817663192749023 16
    vertex -9.135263442993164 -28.868648529052734 16
  endloop
endfacet
facet normal 0 0 0
  outer loop
    vertex -9.135263442993164 -28.868648529052734 8
    vertex -9.135263442993164 -28.868648529052734 16
    vertex -8.000211715698242 -28.026838302612305 16
  endloop
endfacet
facet normal 0 0 0
  outer loop
    vertex -8.000211715698242 -28.026838302612305 8
    vertex -8.000211715698242 -28.026838302612305 16
    vertex -6.788113117218018 -27.30033302307129 16
  endloop
endfacet
facet normal 0 0 0
  outer loop
    vertex -6.788113117218018 -27.30033302307129 8
    vertex -6.788113117218018 -27.30033302307129 16
    vertex -5.510641574859619 -26.696134567260742 16
  endloop
endfacet
facet normal 0 0 0
  outer loop
    vertex -10.256377220153809 -38.349998474121094 16
    vertex -11.13135051727295 -30.864736557006836 16
    vertex -11.973162651062012 -31.999788284301758 16
  endloop
endfacet
facet normal 0 0 0
  outer loop
    vertex -10.256377220153809 -38.349998474121094 16
    vertex -10.182337760925293 -29.817663192749023 16
    vertex -11.13135051727295 -30.864736557006836 16
  endloop
endfacet
facet normal 0 0 0
  outer loop
    vertex -9.952179908752441 -36.981040954589844 16
    vertex -9.608346939086914 -36.02009201049805 16
    vertex -10.182337760925293 -29.817663192749023 16
  endloop
endfacet
facet normal 0 0 0
  outer loop
    vertex -9.608346939086914 -36.02009201049805 16
    vertex -9.171980857849121 -35.09747314453125 16
    vertex -10.182337760925293 -29.817663192749023 16
  endloop
endfacet
facet normal 0 0 0
  outer loop
    vertex -9.171980857849121 -35.09747314453125 16
    vertex -9.135263442993164 -28.868648529052734 16
    vertex -10.182337760925293 -29.817663192749023 16
  endloop
endfacet
facet normal 0 0 0
  outer loop
    vertex -9.171980857849121 -35.09747314453125 16
    vertex -8.647283554077148 -34.222068786621094 16
    vertex -9.135263442993164 -28.868648529052734 16
  endloop
endfacet
facet normal 0 0 0
  outer loop
    vertex -9.135263442993164 -28.868648529052734 16
    vertex -8.647283554077148 -34.222068786621094 16
    vertex -8.039308547973633 -33.40230941772461 16
  endloop
endfacet
facet normal 0 0 0
  outer loop
    vertex -9.135263442993164 -28.868648529052734 16
    vertex -8.039308547973633 -33.40230941772461 16
    vertex -8.000211715698242 -28.026838302612305 16
  endloop
endfacet
facet normal 0 0 0
  outer loop
    vertex -8.039308547973633 -33.40230941772461 16
    vertex -7.353910446166992 -32.646087646484375 16
    vertex -8.000211715698242 -28.026838302612305 16
  endloop
endfacet
facet normal 0 0 0
  outer loop
    vertex -8.000211715698242 -28.026838302612305 16
    vertex -7.353910446166992 -32.646087646484375 16
    vertex -6.597690105438232 -31.960691452026367 16
  endloop
endfacet
facet normal 0 0 0
  outer loop
    vertex -6.597690105438232 -31.960691452026367 16
    vertex -5.77793025970459 -31.35271644592285 16
    vertex -6.788113117218018 -27.30033302307129 16
  endloop
endfacet
facet normal 0 0 0
  outer loop
    vertex -8.000211715698242 -28.026838302612305 16
    vertex -6.597690105438232 -31.960691452026367 16
    vertex -6.788113117218018 -27.30033302307129 16
  endloop
endfacet
facet normal 0 0 0
  outer loop
    vertex -5.510641574859619 -53.303863525390625 16
    vertex -4.902525901794434 -49.17198181152344 16
    vertex -5.77793025970459 -48.64728546142578 16
  endloop
endfacet
facet normal 0 0 0
  outer loop
    vertex -5.510641574859619 -53.303863525390625 16
    vertex -4.1800994873046875 -53.77994155883789 16
    vertex -4.902525901794434 -49.17198181152344 16
  endloop
endfacet
facet normal 0 0 0
  outer loop
    vertex -4.902525901794434 -49.17198181152344 16
    vertex -4.1800994873046875 -53.77994155883789 16
    vertex -3.979907751083374 -49.60834884643555 16
  endloop
endfacet
facet normal 0 0 0
  outer loop
    vertex -4.1800994873046875 -53.77994155883789 16
    vertex -2.809300661087036 -54.12330627441406 16
    vertex -3.01896071434021 -49.952178955078125 16
  endloop
endfacet
facet normal 0 0 0
  outer loop
    vertex -4.1800994873046875 -53.77994155883789 16
    vertex -3.01896071434021 -49.952178955078125 16
    vertex -3.979907751083374 -49.60834884643555 16
  endloop
endfacet
facet normal 0 0 0
  outer loop
    vertex -3.01896071434021 -49.952178955078125 16
    vertex -2.809300661087036 -54.12330627441406 16
    vertex -1.649999976158142 -52.04999923706055 16
  endloop
endfacet
facet normal 0 0 0
  outer loop
    vertex -2.809300661087036 -54.12330627441406 16
    vertex -1.4114468097686768 -54.33066177368164 16
    vertex -1.649999976158142 -52.04999923706055 16
  endloop
endfacet
facet normal 0 0 0
  outer loop
    vertex -3.01896071434021 -49.952178955078125 16
    vertex -1.649999976158142 -52.04999923706055 16
    vertex -2.0289392471313477 -50.20016860961914 16
  endloop
endfacet
facet normal 0 0 0
  outer loop
    vertex -1.649999976158142 -52.04999923706055 16
    vertex -1.649999976158142 -50.256378173828125 16
    vertex -2.0289392471313477 -50.20016860961914 16
  endloop
endfacet
facet normal 0 0 0
  outer loop
    vertex -1.649999976158142 -52.04999923706055 16
    vertex -1.4114468097686768 -54.33066177368164 16
    vertex 0 -54.400001525878906 16
  endloop
endfacet
facet normal 0 0 0
  outer loop
    vertex -1.649999976158142 -52.04999923706055 16
    vertex 0 -54.400001525878906 16
    vertex 0 -52.04999923706055 16
  endloop
endfacet
facet normal 0 0 0
  outer loop
    vertex -5.510641574859619 -26.696134567260742 8
    vertex -5.510641574859619 -26.696134567260742 16
    vertex -4.1800994873046875 -26.22005844116211 16
  endloop
endfacet
facet normal 0 0 0
  outer loop
    vertex -4.1800994873046875 -26.22005844116211 8
    vertex -4.1800994873046875 -26.22005844116211 16
    vertex -2.809300661087036 -25.876691818237305 16
  endloop
endfacet
facet normal 0 0 0
  outer loop
    vertex -2.809300661087036 -25.876691818237305 8
    vertex -2.809300661087036 -25.876691818237305 16
    vertex -1.4114468097686768 -25.669340133666992 16
  endloop
endfacet
facet normal 0 0 0
  outer loop
    vertex -1.4114468097686768 -25.669340133666992 8
    vertex 0 -25.600000381469727 16
    vertex -0.30000001192092896 -25.61473846435547 14
  endloop
endfacet
facet normal 0 0 0
  outer loop
    vertex -1.4114468097686768 -25.669340133666992 8
    vertex -1.4114468097686768 -25.669340133666992 16
    vertex 0 -25.600000381469727 16
  endloop
endfacet
facet normal 0 0 0
  outer loop
    vertex -0.30000001192092896 -25.61473846435547 14
    vertex 0 -25.600000381469727 16
    vertex 0 -25.600000381469727 14
  endloop
endfacet
facet normal 0 0 0
  outer loop
    vertex -6.788113117218018 -27.30033302307129 16
    vertex -5.77793025970459 -31.35271644592285 16
    vertex -4.902525901794434 -30.828018188476562 16
  endloop
endfacet
facet normal 0 0 0
  outer loop
    vertex -6.788113117218018 -27.30033302307129 16
    vertex -4.902525901794434 -30.828018188476562 16
    vertex -5.510641574859619 -26.696134567260742 16
  endloop
endfacet
facet normal 0 0 0
  outer loop
    vertex -4.902525901794434 -30.828018188476562 16
    vertex -3.979907751083374 -30.391653060913086 16
    vertex -5.510641574859619 -26.696134567260742 16
  endloop
endfacet
facet normal 0 0 0
  outer loop
    vertex -5.510641574859619 -26.696134567260742 16
    vertex -3.979907751083374 -30.391653060913086 16
    vertex -4.1800994873046875 -26.22005844116211 16
  endloop
endfacet
facet normal 0 0 0
  outer loop
    vertex -3.979907751083374 -30.391653060913086 16
    vertex -3.01896071434021 -30.047821044921875 16
    vertex -4.1800994873046875 -26.22005844116211 16
  endloop
endfacet
facet normal 0 0 0
  outer loop
    vertex -3.01896071434021 -30.047821044921875 16
    vertex -2.0289392471313477 -29.799833297729492 16
    vertex -4.1800994873046875 -26.22005844116211 16
  endloop
endfacet
facet normal 0 0 0
  outer loop
    vertex -4.1800994873046875 -26.22005844116211 16
    vertex -2.0289392471313477 -29.799833297729492 16
    vertex -2.809300661087036 -25.876691818237305 16
  endloop
endfacet
facet normal 0 0 0
  outer loop
    vertex -2.0289392471313477 -29.799833297729492 16
    vertex -1.649999976158142 -27.950000762939453 16
    vertex -2.809300661087036 -25.876691818237305 16
  endloop
endfacet
facet normal 0 0 0
  outer loop
    vertex -2.0289392471313477 -29.799833297729492 16
    vertex -1.649999976158142 -29.743621826171875 16
    vertex -1.649999976158142 -27.950000762939453 16
  endloop
endfacet
facet normal 0 0 0
  outer loop
    vertex -2.809300661087036 -25.876691818237305 16
    vertex -1.649999976158142 -27.950000762939453 16
    vertex -1.4114468097686768 -25.669340133666992 16
  endloop
endfacet
facet normal 0 0 0
  outer loop
    vertex -1.649999976158142 -27.950000762939453 16
    vertex 0 -27.950000762939453 16
    vertex -1.4114468097686768 -25.669340133666992 16
  endloop
endfacet
facet normal 0 0 0
  outer loop
    vertex -1.4114468097686768 -25.669340133666992 16
    vertex 0 -27.950000762939453 16
    vertex 0 -25.600000381469727 16
  endloop
endfacet
facet normal 0 0 0
  outer loop
    vertex -13.486576080322266 -45 0
    vertex -13.303865432739258 -45 0
    vertex -13.303865432739258 -45.510643005371094 0
  endloop
endfacet
facet normal 0 0 0
  outer loop
    vertex -13.303865432739258 -45.510643005371094 0
    vertex -12.699666023254395 -45 0
    vertex -12.699666023254395 -46.78811264038086 0
  endloop
endfacet
facet normal 0 0 0
  outer loop
    vertex -13.303865432739258 -45.510643005371094 0
    vertex -13.278779029846191 -45 0
    vertex -12.699666023254395 -45 0
  endloop
endfacet
facet normal 0 0 0
  outer loop
    vertex -12.699666023254395 -46.78811264038086 0
    vertex -12.611822128295898 -45 0
    vertex -11.973162651062012 -45 0
  endloop
endfacet
facet normal 0 0 0
  outer loop
    vertex -12.699666023254395 -46.78811264038086 0
    vertex -11.973162651062012 -45 0
    vertex -11.973162651062012 -48.00020980834961 0
  endloop
endfacet
facet normal 0 0 0
  outer loop
    vertex -11.973162651062012 -48.00020980834961 0
    vertex -11.13135051727295 -45 0
    vertex -11.13135051727295 -49.13526153564453 0
  endloop
endfacet
facet normal 0 0 0
  outer loop
    vertex -11.973162651062012 -48.00020980834961 0
    vertex -11.82577133178711 -45 0
    vertex -11.13135051727295 -45 0
  endloop
endfacet
facet normal 0 0 0
  outer loop
    vertex -11.13135051727295 -49.13526153564453 0
    vertex -10.928197860717773 -45 0
    vertex -10.182337760925293 -45 0
  endloop
endfacet
facet normal 0 0 0
  outer loop
    vertex -10.182337760925293 -50.18233871459961 0
    vertex -9.135263442993164 -51.131351470947266 0
    vertex -10.182337760925293 -50.18233871459961 1.2000000476837158
  endloop
endfacet
facet normal 0 0 0
  outer loop
    vertex -9.135263442993164 -51.131351470947266 0
    vertex -9.135263442993164 -51.131351470947266 1.2000000476837158
    vertex -10.182337760925293 -50.18233871459961 1.2000000476837158
  endloop
endfacet
facet normal 0 0 0
  outer loop
    vertex -11.13135051727295 -49.13526153564453 0
    vertex -10.182337760925293 -45 0
    vertex -10.182337760925293 -50.18233871459961 0
  endloop
endfacet
facet normal 0 0 0
  outer loop
    vertex -10.182337760925293 -50.18233871459961 0
    vertex -9.135263442993164 -45 0
    vertex -9.135263442993164 -51.131351470947266 0
  endloop
endfacet
facet normal 0 0 0
  outer loop
    vertex -10.182337760925293 -50.18233871459961 0
    vertex -9.466163635253906 -45 0
    vertex -9.135263442993164 -45 0
  endloop
endfacet
facet normal 0 0 0
  outer loop
    vertex -8.000211715698242 -51.97316360473633 0
    vertex -6.788113117218018 -52.69966506958008 0
    vertex -8.000211715698242 -51.97316360473633 1.2000000476837158
  endloop
endfacet
facet normal 0 0 0
  outer loop
    vertex -8.000211715698242 -51.97316360473633 0
    vertex -6.788113117218018 -47.86671829223633 0
    vertex -6.788113117218018 -52.69966506958008 0
  endloop
endfacet
facet normal 0 0 0
  outer loop
    vertex -8.000211715698242 -51.97316360473633 1.2000000476837158
    vertex -6.788113117218018 -52.69966506958008 0
    vertex -6.788113117218018 -52.69966506958008 1.2000000476837158
  endloop
endfacet
facet normal 0 0 0
  outer loop
    vertex -8.000211715698242 -51.97316360473633 0
    vertex -6.859794616699219 -47.80175018310547 0
    vertex -6.788113117218018 -47.86671829223633 0
  endloop
endfacet
facet normal 0 0 0
  outer loop
    vertex -5.510641574859619 -53.303863525390625 0
    vertex -5.510641574859619 -48.852359771728516 0
    vertex -5.296066761016846 -48.936100006103516 0
  endloop
endfacet
facet normal 0 0 0
  outer loop
    vertex -5.510641574859619 -48.852359771728516 0
    vertex -5.498215198516846 -48.814937591552734 0
    vertex -5.296066761016846 -48.936100006103516 0
  endloop
endfacet
facet normal 0 0 0
  outer loop
    vertex -4.1800994873046875 -53.77994155883789 0
    vertex -4.1800994873046875 -50.091651916503906 0
    vertex -3.9752440452575684 -49.610015869140625 0
  endloop
endfacet
facet normal 0 0 0
  outer loop
    vertex -4.1800994873046875 -50.091651916503906 0
    vertex -3.979907751083374 -49.60834884643555 0
    vertex -3.9752440452575684 -49.610015869140625 0
  endloop
endfacet
facet normal 0 0 0
  outer loop
    vertex -1.4114468097686768 -54.33066177368164 0
    vertex -1.4114468097686768 -52.04999923706055 0
    vertex -1.2994052171707153 -52.04999923706055 0
  endloop
endfacet
facet normal 0 0 0
  outer loop
    vertex 1.649999976158142 -29.743621826171875 0
    vertex 1.649999976158142 -27.950000762939453 0
    vertex 2.0289392471313477 -29.799833297729492 0
  endloop
endfacet
facet normal 0 0 0
  outer loop
    vertex 2.0289392471313477 -29.799833297729492 0
    vertex 1.649999976158142 -27.950000762939453 0
    vertex 3.01896071434021 -30.047821044921875 0
  endloop
endfacet
facet normal 0 0 0
  outer loop
    vertex 0.30000001192092896 -27.950000762939453 0
    vertex 0.30000001192092896 -12.050000190734863 0
    vertex 1.649999976158142 -27.950000762939453 0
  endloop
endfacet
facet normal 0 0 0
  outer loop
    vertex 1.649999976158142 -27.950000762939453 0
    vertex 0.30000001192092896 -12.050000190734863 0
    vertex 3.01896071434021 -30.047821044921875 0
  endloop
endfacet
facet normal 0 0 0
  outer loop
    vertex 3.01896071434021 -30.047821044921875 0
    vertex 1.649999976158142 -12.050000190734863 0
    vertex 3.979907751083374 -30.391653060913086 0
  endloop
endfacet
facet normal 0 0 0
  outer loop
    vertex 3.01896071434021 -30.047821044921875 0
    vertex 0.30000001192092896 -12.050000190734863 0
    vertex 1.649999976158142 -12.050000190734863 0
  endloop
endfacet
facet normal 0 0 0
  outer loop
    vertex 3.979907751083374 -30.391653060913086 0
    vertex 1.649999976158142 -12.050000190734863 0
    vertex 4.902525901794434 -30.828018188476562 0
  endloop
endfacet
facet normal 0 0 0
  outer loop
    vertex 4.902525901794434 -30.828018188476562 0
    vertex 1.649999976158142 -12.050000190734863 0
    vertex 3.01896071434021 -9.952179908752441 0
  endloop
endfacet
facet normal 0 0 0
  outer loop
    vertex 5.77793025970459 -31.35271644592285 0
    vertex 3.01896071434021 -9.952179908752441 0
    vertex 3.979907751083374 -9.608346939086914 0
  endloop
endfacet
facet normal 0 0 0
  outer loop
    vertex 4.902525901794434 -30.828018188476562 0
    vertex 3.01896071434021 -9.952179908752441 0
    vertex 5.77793025970459 -31.35271644592285 0
  endloop
endfacet
facet normal 0 0 0
  outer loop
    vertex 5.77793025970459 -31.35271644592285 0
    vertex 4.902525901794434 -9.171980857849121 0
    vertex 6.597690105438232 -31.960691452026367 0
  endloop
endfacet
facet normal 0 0 0
  outer loop
    vertex 5.77793025970459 -31.35271644592285 0
    vertex 3.979907751083374 -9.608346939086914 0
    vertex 4.902525901794434 -9.171980857849121 0
  endloop
endfacet
facet normal 0 0 0
  outer loop
    vertex 6.597690105438232 -31.960691452026367 0
    vertex 4.902525901794434 -9.171980857849121 0
    vertex 5.77793025970459 -8.647283554077148 0
  endloop
endfacet
facet normal 0 0 0
  outer loop
    vertex 9.113557815551758 -45 0
    vertex 9.171980857849121 -44.90252685546875 0
    vertex 9.436477661132812 -45 0
  endloop
endfacet
facet normal 0 0 0
  outer loop
    vertex 9.171980857849121 -44.90252685546875 0
    vertex 9.608346939086914 -43.97990798950195 0
    vertex 9.436477661132812 -45 0
  endloop
endfacet
facet normal 0 0 0
  outer loop
    vertex 9.436477661132812 -45 0
    vertex 9.608346939086914 -43.97990798950195 0
    vertex 10.182337760925293 -45 0
  endloop
endfacet
facet normal 0 0 0
  outer loop
    vertex 10.182337760925293 -45 0
    vertex 9.608346939086914 -43.97990798950195 0
    vertex 10.436929702758789 -45 0
  endloop
endfacet
facet normal 0 0 0
  outer loop
    vertex 10.436929702758789 -45 0
    vertex 9.608346939086914 -43.97990798950195 0
    vertex 11.973162651062012 -45 0
  endloop
endfacet
facet normal 0 0 0
  outer loop
    vertex 11.973162651062012 -45 0
    vertex 9.608346939086914 -43.97990798950195 0
    vertex 9.952179908752441 -43.018959045410156 0
  endloop
endfacet
facet normal 0 0 0
  outer loop
    vertex 9.952179908752441 -43.018959045410156 0
    vertex 10.200166702270508 -42.02893829345703 0
    vertex 13.486576080322266 -45 0
  endloop
endfacet
facet normal 0 0 0
  outer loop
    vertex 10.200166702270508 -42.02893829345703 0
    vertex 10.256377220153809 -41.650001525878906 0
    vertex 12.050000190734863 -41.650001525878906 0
  endloop
endfacet
facet normal 0 0 0
  outer loop
    vertex 11.973162651062012 -45 0
    vertex 9.952179908752441 -43.018959045410156 0
    vertex 12.120553016662598 -45 0
  endloop
endfacet
facet normal 0 0 0
  outer loop
    vertex 9.952179908752441 -43.018959045410156 0
    vertex 12.699666023254395 -45 0
    vertex 12.120553016662598 -45 0
  endloop
endfacet
facet normal 0 0 0
  outer loop
    vertex 9.952179908752441 -43.018959045410156 0
    vertex 13.303865432739258 -45 0
    vertex 12.699666023254395 -45 0
  endloop
endfacet
facet normal 0 0 0
  outer loop
    vertex 10.200166702270508 -37.97106170654297 0
    vertex 9.952179908752441 -36.981040954589844 0
    vertex 12.050000190734863 -38.349998474121094 0
  endloop
endfacet
facet normal 0 0 0
  outer loop
    vertex 10.256377220153809 -38.349998474121094 0
    vertex 10.200166702270508 -37.97106170654297 0
    vertex 12.050000190734863 -38.349998474121094 0
  endloop
endfacet
facet normal 0 0 0
  outer loop
    vertex 8.039308547973633 -33.40230941772461 0
    vertex 8.039308547973633 -6.597690105438232 0
    vertex 8.647283554077148 -34.222068786621094 0
  endloop
endfacet
facet normal 0 0 0
  outer loop
    vertex 9.171980857849121 -35.09747314453125 0
    vertex 8.647283554077148 -34.222068786621094 0
    vertex 8.647283554077148 -5.77793025970459 0
  endloop
endfacet
facet normal 0 0 0
  outer loop
    vertex 6.597690105438232 -31.960691452026367 0
    vertex 5.77793025970459 -8.647283554077148 0
    vertex 7.353910446166992 -32.646087646484375 0
  endloop
endfacet
facet normal 0 0 0
  outer loop
    vertex 7.353910446166992 -32.646087646484375 0
    vertex 5.77793025970459 -8.647283554077148 0
    vertex 6.597690105438232 -8.039308547973633 0
  endloop
endfacet
facet normal 0 0 0
  outer loop
    vertex 7.353910446166992 -32.646087646484375 0
    vertex 6.597690105438232 -8.039308547973633 0
    vertex 7.353910446166992 -7.353910446166992 0
  endloop
endfacet
facet normal 0 0 0
  outer loop
    vertex 7.353910446166992 -32.646087646484375 0
    vertex 7.353910446166992 -7.353910446166992 0
    vertex 8.039308547973633 -33.40230941772461 0
  endloop
endfacet
facet normal 0 0 0
  outer loop
    vertex 8.039308547973633 -33.40230941772461 0
    vertex 7.353910446166992 -7.353910446166992 0
    vertex 8.039308547973633 -6.597690105438232 0
  endloop
endfacet
facet normal 0 0 0
  outer loop
    vertex 8.647283554077148 -34.222068786621094 0
    vertex 8.039308547973633 -6.597690105438232 0
    vertex 8.647283554077148 -5.77793025970459 0
  endloop
endfacet
facet normal 0 0 0
  outer loop
    vertex 9.171980857849121 -35.09747314453125 0
    vertex 8.647283554077148 -5.77793025970459 0
    vertex 9.608346939086914 -36.02009201049805 0
  endloop
endfacet
facet normal 0 0 0
  outer loop
    vertex 9.608346939086914 -36.02009201049805 0
    vertex 8.647283554077148 -5.77793025970459 0
    vertex 9.952179908752441 -36.981040954589844 0
  endloop
endfacet
facet normal 0 0 0
  outer loop
    vertex 9.952179908752441 -36.981040954589844 0
    vertex 8.647283554077148 -5.77793025970459 0
    vertex 12.050000190734863 -38.349998474121094 0
  endloop
endfacet
facet normal 0 0 0
  outer loop
    vertex 0.30000001192092896 -25.61473846435547 8
    vertex 1.4114468097686768 -25.669340133666992 8
    vertex 1.4114468097686768 -14.330659866333008 8
  endloop
endfacet
facet normal 0 0 0
  outer loop
    vertex 0.30000001192092896 -25.61473846435547 8
    vertex 1.4114468097686768 -14.330659866333008 8
    vertex 0.30000001192092896 -14.385261535644531 8
  endloop
endfacet
facet normal 0 0 0
  outer loop
    vertex 1.4114468097686768 -25.669340133666992 8
    vertex 2.809300661087036 -25.876691818237305 8
    vertex 2.809300661087036 -14.123308181762695 8
  endloop
endfacet
facet normal 0 0 0
  outer loop
    vertex 1.4114468097686768 -25.669340133666992 8
    vertex 2.809300661087036 -14.123308181762695 8
    vertex 1.4114468097686768 -14.330659866333008 8
  endloop
endfacet
facet normal 0 0 0
  outer loop
    vertex 2.809300661087036 -25.876691818237305 8
    vertex 4.1800994873046875 -26.22005844116211 8
    vertex 4.1800994873046875 -13.779940605163574 8
  endloop
endfacet
facet normal 0 0 0
  outer loop
    vertex 2.809300661087036 -25.876691818237305 8
    vertex 4.1800994873046875 -13.779940605163574 8
    vertex 2.809300661087036 -14.123308181762695 8
  endloop
endfacet
facet normal 0 0 0
  outer loop
    vertex 4.1800994873046875 -26.22005844116211 8
    vertex 5.510641574859619 -26.696134567260742 8
    vertex 5.510641574859619 -13.303865432739258 8
  endloop
endfacet
facet normal 0 0 0
  outer loop
    vertex 4.1800994873046875 -26.22005844116211 8
    vertex 5.510641574859619 -13.303865432739258 8
    vertex 4.1800994873046875 -13.779940605163574 8
  endloop
endfacet
facet normal 0 0 0
  outer loop
    vertex 5.510641574859619 -26.696134567260742 8
    vertex 6.788113117218018 -12.699666023254395 8
    vertex 5.510641574859619 -13.303865432739258 8
  endloop
endfacet
facet normal 0 0 0
  outer loop
    vertex 6.788113117218018 -27.30033302307129 8
    vertex 8.000211715698242 -28.026838302612305 8
    vertex 8 -21 8
  endloop
endfacet
facet normal 0 0 0
  outer loop
    vertex 8.000211715698242 -28.026838302612305 8
    vertex 9.135263442993164 -28.868648529052734 8
    vertex 9 -21 8
  endloop
endfacet
facet normal 0 0 0
  outer loop
    vertex 5.510641574859619 -26.696134567260742 8
    vertex 6.788113117218018 -27.30033302307129 8
    vertex 6.788113117218018 -12.699666023254395 8
  endloop
endfacet
facet normal 0 0 0
  outer loop
    vertex 6.788113117218018 -27.30033302307129 8
    vertex 8.000211715698242 -11.973162651062012 8
    vertex 6.788113117218018 -12.699666023254395 8
  endloop
endfacet
facet normal 0 0 0
  outer loop
    vertex 6.788113117218018 -27.30033302307129 8
    vertex 8 -21 8
    vertex 8 -15 8
  endloop
endfacet
facet normal 0 0 0
  outer loop
    vertex 8.000211715698242 -28.026838302612305 8
    vertex 9 -21 8
    vertex 8 -21 8
  endloop
endfacet
facet normal 0 0 0
  outer loop
    vertex 6.788113117218018 -27.30033302307129 8
    vertex 8 -15 8
    vertex 8.000211715698242 -11.973162651062012 8
  endloop
endfacet
facet normal 0 0 0
  outer loop
    vertex 10.182337760925293 -29.817663192749023 8
    vertex 9.5 -18 8
    vertex 9.135263442993164 -28.868648529052734 8
  endloop
endfacet
facet normal 0 0 0
  outer loop
    vertex 9.135263442993164 -28.868648529052734 8
    vertex 9 -16 8
    vertex 9 -21 8
  endloop
endfacet
facet normal 0 0 0
  outer loop
    vertex 9.135263442993164 -28.868648529052734 8
    vertex 9.5 -18 8
    vertex 9 -16 8
  endloop
endfacet
facet normal 0 0 0
  outer loop
    vertex 10.182337760925293 -29.817663192749023 8
    vertex 11 -21 8
    vertex 9.5 -18 8
  endloop
endfacet
facet normal 0 0 0
  outer loop
    vertex 9.5 -18 8
    vertex 9.5 -16 8
    vertex 9 -16 8
  endloop
endfacet
facet normal 0 0 0
  outer loop
    vertex 9.5 -18 8
    vertex 11 -21 8
    vertex 10.5 -18 8
  endloop
endfacet
facet normal 0 0 0
  outer loop
    vertex 10.182337760925293 -29.817663192749023 8
    vertex 12 -21 8
    vertex 11 -21 8
  endloop
endfacet
facet normal 0 0 0
  outer loop
    vertex 11 -21 8
    vertex 11 -16 8
    vertex 10.5 -18 8
  endloop
endfacet
facet normal 0 0 0
  outer loop
    vertex 10.5 -18 8
    vertex 11 -16 8
    vertex 10.5 -16 8
  endloop
endfacet
facet normal 0 0 0
  outer loop
    vertex 1.649999976158142 -12.050000190734863 0
    vertex 1.649999976158142 -10.256377220153809 0
    vertex 2.0289392471313477 -10.200166702270508 0
  endloop
endfacet
facet normal 0 0 0
  outer loop
    vertex 1.649999976158142 -12.050000190734863 0
    vertex 2.0289392471313477 -10.200166702270508 0
    vertex 3.01896071434021 -9.952179908752441 0
  endloop
endfacet
facet normal 0 0 0
  outer loop
    vertex 1.649999976158142 10.256377220153809 0
    vertex 1.649999976158142 12.050000190734863 0
    vertex 2.0289392471313477 10.200166702270508 0
  endloop
endfacet
facet normal 0 0 0
  outer loop
    vertex 1.649999976158142 12.050000190734863 0
    vertex 3.01896071434021 9.952179908752441 0
    vertex 2.0289392471313477 10.200166702270508 0
  endloop
endfacet
facet normal 0 0 0
  outer loop
    vertex 0.30000001192092896 12.050000190734863 0
    vertex 0.30000001192092896 26.950000762939453 0
    vertex 1.649999976158142 12.050000190734863 0
  endloop
endfacet
facet normal 0 0 0
  outer loop
    vertex 1.649999976158142 12.050000190734863 0
    vertex 0.30000001192092896 26.950000762939453 0
    vertex 1.649999976158142 26.950000762939453 0
  endloop
endfacet
facet normal 0 0 0
  outer loop
    vertex 1.649999976158142 12.050000190734863 0
    vertex 1.649999976158142 26.950000762939453 0
    vertex 3.3092453479766846 29.090879440307617 0
  endloop
endfacet
facet normal 0 0 0
  outer loop
    vertex 1.649999976158142 12.050000190734863 0
    vertex 7.232083320617676 31.187681198120117 0
    vertex 3.01896071434021 9.952179908752441 0
  endloop
endfacet
facet normal 0 0 0
  outer loop
    vertex 1.649999976158142 12.050000190734863 0
    vertex 3.3092453479766846 29.090879440307617 0
    vertex 4.36259126663208 29.4677734375 0
  endloop
endfacet
facet normal 0 0 0
  outer loop
    vertex 1.649999976158142 12.050000190734863 0
    vertex 4.36259126663208 29.4677734375 0
    vertex 5.373922824859619 29.94609832763672 0
  endloop
endfacet
facet normal 0 0 0
  outer loop
    vertex 1.649999976158142 12.050000190734863 0
    vertex 5.373922824859619 29.94609832763672 0
    vertex 6.333500862121582 30.5212459564209 0
  endloop
endfacet
facet normal 0 0 0
  outer loop
    vertex 3.979907751083374 9.608346939086914 0
    vertex 3.01896071434021 9.952179908752441 0
    vertex 7.232083320617676 31.187681198120117 0
  endloop
endfacet
facet normal 0 0 0
  outer loop
    vertex 3.979907751083374 9.608346939086914 0
    vertex 7.232083320617676 31.187681198120117 0
    vertex 4.902525901794434 9.171980857849121 0
  endloop
endfacet
facet normal 0 0 0
  outer loop
    vertex 4.902525901794434 9.171980857849121 0
    vertex 7.232083320617676 31.187681198120117 0
    vertex 5.77793025970459 8.647283554077148 0
  endloop
endfacet
facet normal 0 0 0
  outer loop
    vertex 1.649999976158142 12.050000190734863 0
    vertex 6.333500862121582 30.5212459564209 0
    vertex 7.232083320617676 31.187681198120117 0
  endloop
endfacet
facet normal 0 0 0
  outer loop
    vertex 9.952179908752441 -3.01896071434021 0
    vertex 10.200166702270508 -2.0289392471313477 0
    vertex 12.050000190734863 -1.649999976158142 0
  endloop
endfacet
facet normal 0 0 0
  outer loop
    vertex 10.200166702270508 -2.0289392471313477 0
    vertex 10.256377220153809 -1.649999976158142 0
    vertex 12.050000190734863 -1.649999976158142 0
  endloop
endfacet
facet normal 0 0 0
  outer loop
    vertex 10.256377220153809 1.649999976158142 0
    vertex 10.200166702270508 2.0289392471313477 0
    vertex 12.050000190734863 1.649999976158142 0
  endloop
endfacet
facet normal 0 0 0
  outer loop
    vertex 10.200166702270508 2.0289392471313477 0
    vertex 9.952179908752441 3.01896071434021 0
    vertex 12.050000190734863 1.649999976158142 0
  endloop
endfacet
facet normal 0 0 0
  outer loop
    vertex 9.608346939086914 3.979907751083374 0
    vertex 12.050000190734863 1.649999976158142 0
    vertex 9.952179908752441 3.01896071434021 0
  endloop
endfacet
facet normal 0 0 0
  outer loop
    vertex 5.77793025970459 8.647283554077148 0
    vertex 7.232083320617676 31.187681198120117 0
    vertex 6.597690105438232 8.039308547973633 0
  endloop
endfacet
facet normal 0 0 0
  outer loop
    vertex 6.597690105438232 8.039308547973633 0
    vertex 7.232083320617676 31.187681198120117 0
    vertex 7.353910446166992 7.353910446166992 0
  endloop
endfacet
facet normal 0 0 0
  outer loop
    vertex 7.353910446166992 7.353910446166992 0
    vertex 8.061017036437988 31.938982009887695 0
    vertex 8.039308547973633 6.597690105438232 0
  endloop
endfacet
facet normal 0 0 0
  outer loop
    vertex 8.039308547973633 6.597690105438232 0
    vertex 8.812318801879883 32.76791763305664 0
    vertex 8.647283554077148 5.77793025970459 0
  endloop
endfacet
facet normal 0 0 0
  outer loop
    vertex 7.353910446166992 7.353910446166992 0
    vertex 7.232083320617676 31.187681198120117 0
    vertex 8.061017036437988 31.938982009887695 0
  endloop
endfacet
facet normal 0 0 0
  outer loop
    vertex 8.039308547973633 6.597690105438232 0
    vertex 8.061017036437988 31.938982009887695 0
    vertex 8.812318801879883 32.76791763305664 0
  endloop
endfacet
facet normal 0 0 0
  outer loop
    vertex 8.647283554077148 5.77793025970459 0
    vertex 8.812318801879883 32.76791763305664 0
    vertex 9.478754043579102 33.666500091552734 0
  endloop
endfacet
facet normal 0 0 0
  outer loop
    vertex 9.171980857849121 4.902525901794434 0
    vertex 8.647283554077148 5.77793025970459 0
    vertex 9.478754043579102 33.666500091552734 0
  endloop
endfacet
facet normal 0 0 0
  outer loop
    vertex 9.171980857849121 4.902525901794434 0
    vertex 9.478754043579102 33.666500091552734 0
    vertex 9.608346939086914 3.979907751083374 0
  endloop
endfacet
facet normal 0 0 0
  outer loop
    vertex 9.608346939086914 3.979907751083374 0
    vertex 9.478754043579102 33.666500091552734 0
    vertex 12.050000190734863 1.649999976158142 0
  endloop
endfacet
facet normal 0 0 0
  outer loop
    vertex 0.30000001192092896 14.385261535644531 8
    vertex 1.4114468097686768 14.330659866333008 8
    vertex 1.509463906288147 24.67415428161621 8
  endloop
endfacet
facet normal 0 0 0
  outer loop
    vertex 0.30000001192092896 14.385261535644531 8
    vertex 1.509463906288147 24.67415428161621 8
    vertex 0.30000001192092896 24.61473846435547 8
  endloop
endfacet
facet normal 0 0 0
  outer loop
    vertex 1.4114468097686768 14.330659866333008 8
    vertex 2.809300661087036 14.123308181762695 8
    vertex 3.0043909549713135 24.895906448364258 8
  endloop
endfacet
facet normal 0 0 0
  outer loop
    vertex 1.4114468097686768 14.330659866333008 8
    vertex 3.0043909549713135 24.895906448364258 8
    vertex 1.509463906288147 24.67415428161621 8
  endloop
endfacet
facet normal 0 0 0
  outer loop
    vertex 2.809300661087036 14.123308181762695 8
    vertex 4.1800994873046875 13.779940605163574 8
    vertex 4.470384120941162 25.263118743896484 8
  endloop
endfacet
facet normal 0 0 0
  outer loop
    vertex 2.809300661087036 14.123308181762695 8
    vertex 4.470384120941162 25.263118743896484 8
    vertex 3.0043909549713135 24.895906448364258 8
  endloop
endfacet
facet normal 0 0 0
  outer loop
    vertex 4.1800994873046875 13.779940605163574 8
    vertex 5.510641574859619 13.303865432739258 8
    vertex 5.893324851989746 25.772254943847656 8
  endloop
endfacet
facet normal 0 0 0
  outer loop
    vertex 4.1800994873046875 13.779940605163574 8
    vertex 5.893324851989746 25.772254943847656 8
    vertex 4.470384120941162 25.263118743896484 8
  endloop
endfacet
facet normal 0 0 0
  outer loop
    vertex 8 -15 8
    vertex 9 -15 8
    vertex 8.000211715698242 -11.973162651062012 8
  endloop
endfacet
facet normal 0 0 0
  outer loop
    vertex 9 -15 8
    vertex 9.135263442993164 -11.13135051727295 8
    vertex 8.000211715698242 -11.973162651062012 8
  endloop
endfacet
facet normal 0 0 0
  outer loop
    vertex 9 -15 8
    vertex 12 -15 8
    vertex 9.135263442993164 -11.13135051727295 8
  endloop
endfacet
facet normal 0 0 0
  outer loop
    vertex 9.135263442993164 -11.13135051727295 8
    vertex 12 -15 8
    vertex 10.182337760925293 -10.182337760925293 8
  endloop
endfacet
facet normal 0 0 0
  outer loop
    vertex 8.000211715698242 11.973162651062012 8
    vertex 9.135263442993164 11.13135051727295 8
    vertex 8 19 8
  endloop
endfacet
facet normal 0 0 0
  outer loop
    vertex 5.510641574859619 13.303865432739258 8
    vertex 6.788113117218018 12.699666023254395 8
    vertex 7.259509563446045 26.418413162231445 8
  endloop
endfacet
facet normal 0 0 0
  outer loop
    vertex 6.788113117218018 12.699666023254395 8
    vertex 8.000211715698242 11.973162651062012 8
    vertex 7.259509563446045 26.418413162231445 8
  endloop
endfacet
facet normal 0 0 0
  outer loop
    vertex 5.510641574859619 13.303865432739258 8
    vertex 7.259509563446045 26.418413162231445 8
    vertex 5.893324851989746 25.772254943847656 8
  endloop
endfacet
facet normal 0 0 0
  outer loop
    vertex 8.000211715698242 11.973162651062012 8
    vertex 8 19 8
    vertex 7.259509563446045 26.418413162231445 8
  endloop
endfacet
facet normal 0 0 0
  outer loop
    vertex 8 19 8
    vertex 8 20 8
    vertex 7.259509563446045 26.418413162231445 8
  endloop
endfacet
facet normal 0 0 0
  outer loop
    vertex 8 20 8
    vertex 8 21.5 8
    vertex 7.259509563446045 26.418413162231445 8
  endloop
endfacet
facet normal 0 0 0
  outer loop
    vertex 8 21.5 8
    vertex 8 22.5 8
    vertex 7.259509563446045 26.418413162231445 8
  endloop
endfacet
facet normal 0 0 0
  outer loop
    vertex 8 22.5 8
    vertex 8 25 8
    vertex 7.259509563446045 26.418413162231445 8
  endloop
endfacet
facet normal 0 0 0
  outer loop
    vertex 8 19 8
    vertex 9.135263442993164 11.13135051727295 8
    vertex 10.182337760925293 10.182337760925293 8
  endloop
endfacet
facet normal 0 0 0
  outer loop
    vertex 10.182337760925293 10.182337760925293 8
    vertex 11.13135051727295 9.135263442993164 8
    vertex 11 19 8
  endloop
endfacet
facet normal 0 0 0
  outer loop
    vertex 11.13135051727295 9.135263442993164 8
    vertex 11.973162651062012 8.000211715698242 8
    vertex 11 19 8
  endloop
endfacet
facet normal 0 0 0
  outer loop
    vertex 11.973162651062012 8.000211715698242 8
    vertex 12.699666023254395 6.788113117218018 8
    vertex 11 19 8
  endloop
endfacet
facet normal 0 0 0
  outer loop
    vertex 8 19 8
    vertex 10.182337760925293 10.182337760925293 8
    vertex 11 19 8
  endloop
endfacet
facet normal 0 0 0
  outer loop
    vertex 9 20 8
    vertex 11 20 8
    vertex 9 21.5 8
  endloop
endfacet
facet normal 0 0 0
  outer loop
    vertex 9 22.5 8
    vertex 11 22.5 8
    vertex 9 24 8
  endloop
endfacet
facet normal 0 0 0
  outer loop
    vertex 9 21.5 8
    vertex 11 20 8
    vertex 11 21.5 8
  endloop
endfacet
facet normal 0 0 0
  outer loop
    vertex 9 24 8
    vertex 11 22.5 8
    vertex 11 24 8
  endloop
endfacet
facet normal 0 0 0
  outer loop
    vertex 9.952179908752441 -43.018959045410156 0
    vertex 13.328951835632324 -45 0
    vertex 13.303865432739258 -45 0
  endloop
endfacet
facet normal 0 0 0
  outer loop
    vertex 9.952179908752441 -43.018959045410156 0
    vertex 13.486576080322266 -45 0
    vertex 13.328951835632324 -45 0
  endloop
endfacet
facet normal 0 0 0
  outer loop
    vertex 13.486576080322266 -45 0
    vertex 24 -45 0
    vertex 13.486576080322266 -45 8
  endloop
endfacet
facet normal 0 0 0
  outer loop
    vertex 10.200166702270508 -42.02893829345703 0
    vertex 12.050000190734863 -41.650001525878906 0
    vertex 24 -45 0
  endloop
endfacet
facet normal 0 0 0
  outer loop
    vertex 10.200166702270508 -42.02893829345703 0
    vertex 24 -45 0
    vertex 13.486576080322266 -45 0
  endloop
endfacet
facet normal 0 0 0
  outer loop
    vertex 12.050000190734863 -41.650001525878906 0
    vertex 12.050000190734863 -38.349998474121094 0
    vertex 24 -45 0
  endloop
endfacet
facet normal 0 0 0
  outer loop
    vertex 8.647283554077148 -5.77793025970459 0
    vertex 24 -45 0
    vertex 12.050000190734863 -38.349998474121094 0
  endloop
endfacet
facet normal 0 0 0
  outer loop
    vertex 8.647283554077148 -5.77793025970459 0
    vertex 9.171980857849121 -4.902525901794434 0
    vertex 24 -45 0
  endloop
endfacet
facet normal 0 0 0
  outer loop
    vertex 9.171980857849121 -4.902525901794434 0
    vertex 9.608346939086914 -3.979907751083374 0
    vertex 24 -45 0
  endloop
endfacet
facet normal 0 0 0
  outer loop
    vertex 9.608346939086914 -3.979907751083374 0
    vertex 9.952179908752441 -3.01896071434021 0
    vertex 24 -45 0
  endloop
endfacet
facet normal 0 0 0
  outer loop
    vertex 9.952179908752441 -3.01896071434021 0
    vertex 12.050000190734863 -1.649999976158142 0
    vertex 24 -45 0
  endloop
endfacet
facet normal 0 0 0
  outer loop
    vertex 24 -45 0
    vertex 12.050000190734863 -1.649999976158142 0
    vertex 12.050000190734863 1.649999976158142 0
  endloop
endfacet
facet normal 0 0 0
  outer loop
    vertex 24 -45 0
    vertex 20 -45 8
    vertex 13.486576080322266 -45 8
  endloop
endfacet
facet normal 0 0 0
  outer loop
    vertex 24 -45 0
    vertex 24 -45 8
    vertex 20 -45 8
  endloop
endfacet
facet normal 0 0 0
  outer loop
    vertex 13.486576080322266 -45 8
    vertex 20 -45 8
    vertex 13.779940605163574 -44.18009948730469 8
  endloop
endfacet
facet normal 0 0 0
  outer loop
    vertex 13.779940605163574 -44.18009948730469 8
    vertex 20 -45 8
    vertex 14.123308181762695 -42.80929946899414 8
  endloop
endfacet
facet normal 0 0 0
  outer loop
    vertex 14.123308181762695 -42.80929946899414 8
    vertex 20 -45 8
    vertex 14.330659866333008 -41.41144561767578 8
  endloop
endfacet
facet normal 0 0 0
  outer loop
    vertex 14.330659866333008 -41.41144561767578 8
    vertex 20 -45 8
    vertex 14.399999618530273 -40 8
  endloop
endfacet
facet normal 0 0 0
  outer loop
    vertex 14.399999618530273 -40 8
    vertex 20 -45 8
    vertex 14.330659866333008 -38.58855438232422 8
  endloop
endfacet
facet normal 0 0 0
  outer loop
    vertex 11.973162651062012 -31.999788284301758 8
    vertex 12.699666023254395 -33.21188735961914 8
    vertex 20 -24.16666603088379 8
  endloop
endfacet
facet normal 0 0 0
  outer loop
    vertex 10.182337760925293 -29.817663192749023 8
    vertex 11.13135051727295 -30.864736557006836 8
    vertex 20 -24.16666603088379 8
  endloop
endfacet
facet normal 0 0 0
  outer loop
    vertex 10.182337760925293 -29.817663192749023 8
    vertex 20 -24.16666603088379 8
    vertex 12 -21 8
  endloop
endfacet
facet normal 0 0 0
  outer loop
    vertex 11.13135051727295 -30.864736557006836 8
    vertex 11.973162651062012 -31.999788284301758 8
    vertex 20 -24.16666603088379 8
  endloop
endfacet
facet normal 0 0 0
  outer loop
    vertex 12 -21 8
    vertex 20 -24.16666603088379 8
    vertex 12 -16 8
  endloop
endfacet
facet normal 0 0 0
  outer loop
    vertex 10.182337760925293 -10.182337760925293 8
    vertex 12 -15 8
    vertex 20 -24.16666603088379 8
  endloop
endfacet
facet normal 0 0 0
  outer loop
    vertex 12 -16 8
    vertex 20 -24.16666603088379 8
    vertex 12 -15 8
  endloop
endfacet
facet normal 0 0 0
  outer loop
    vertex 12.699666023254395 -33.21188735961914 8
    vertex 13.303865432739258 -34.489356994628906 8
    vertex 20 -24.16666603088379 8
  endloop
endfacet
facet normal 0 0 0
  outer loop
    vertex 13.779940605163574 -35.81990051269531 8
    vertex 20 -24.16666603088379 8
    vertex 13.303865432739258 -34.489356994628906 8
  endloop
endfacet
facet normal 0 0 0
  outer loop
    vertex 14.123308181762695 -37.19070053100586 8
    vertex 20 -24.16666603088379 8
    vertex 13.779940605163574 -35.81990051269531 8
  endloop
endfacet
facet normal 0 0 0
  outer loop
    vertex 14.123308181762695 -37.19070053100586 8
    vertex 14.330659866333008 -38.58855438232422 8
    vertex 20 -24.16666603088379 8
  endloop
endfacet
facet normal 0 0 0
  outer loop
    vertex 14.330659866333008 -38.58855438232422 8
    vertex 20 -45 8
    vertex 20 -24.16666603088379 8
  endloop
endfacet
facet normal 0 0 0
  outer loop
    vertex 24 -45 0
    vertex 12.050000190734863 1.649999976158142 0
    vertex 9.478754043579102 33.666500091552734 0
  endloop
endfacet
facet normal 0 0 0
  outer loop
    vertex 24 -45 0
    vertex 9.478754043579102 33.666500091552734 0
    vertex 10.053902626037598 34.626075744628906 0
  endloop
endfacet
facet normal 0 0 0
  outer loop
    vertex 24 -45 0
    vertex 10.053902626037598 34.626075744628906 0
    vertex 10.5322265625 35.63740921020508 0
  endloop
endfacet
facet normal 0 0 0
  outer loop
    vertex 24 -45 0
    vertex 10.5322265625 35.63740921020508 0
    vertex 10.909119606018066 36.69075393676758 0
  endloop
endfacet
facet normal 0 0 0
  outer loop
    vertex 24 -45 0
    vertex 10.909119606018066 36.69075393676758 0
    vertex 13.050000190734863 38.349998474121094 0
  endloop
endfacet
facet normal 0 0 0
  outer loop
    vertex 24 -45 0
    vertex 13.050000190734863 38.349998474121094 0
    vertex 13.050000190734863 41.650001525878906 0
  endloop
endfacet
facet normal 0 0 0
  outer loop
    vertex 24 -45 0
    vertex 24 80 0
    vertex 24 -45 8
  endloop
endfacet
facet normal 0 0 0
  outer loop
    vertex 24 -45 8
    vertex 24 80 0
    vertex 24 -3.3333332538604736 8
  endloop
endfacet
facet normal 0 0 0
  outer loop
    vertex 10.182337760925293 -10.182337760925293 8
    vertex 20 -24.16666603088379 8
    vertex 11.13135051727295 -9.135263442993164 8
  endloop
endfacet
facet normal 0 0 0
  outer loop
    vertex 11.13135051727295 -9.135263442993164 8
    vertex 20 -24.16666603088379 8
    vertex 11.973162651062012 -8.000211715698242 8
  endloop
endfacet
facet normal 0 0 0
  outer loop
    vertex 11.973162651062012 -8.000211715698242 8
    vertex 20 -24.16666603088379 8
    vertex 12.699666023254395 -6.788113117218018 8
  endloop
endfacet
facet normal 0 0 0
  outer loop
    vertex 20 -24.16666603088379 8
    vertex 13.303865432739258 -5.510641574859619 8
    vertex 12.699666023254395 -6.788113117218018 8
  endloop
endfacet
facet normal 0 0 0
  outer loop
    vertex 20 -24.16666603088379 8
    vertex 13.779940605163574 -4.1800994873046875 8
    vertex 13.303865432739258 -5.510641574859619 8
  endloop
endfacet
facet normal 0 0 0
  outer loop
    vertex 20 -24.16666603088379 8
    vertex 14.123308181762695 -2.809300661087036 8
    vertex 13.779940605163574 -4.1800994873046875 8
  endloop
endfacet
facet normal 0 0 0
  outer loop
    vertex 20 -24.16666603088379 8
    vertex 14.330659866333008 -1.4114468097686768 8
    vertex 14.123308181762695 -2.809300661087036 8
  endloop
endfacet
facet normal 0 0 0
  outer loop
    vertex 20 -24.16666603088379 8
    vertex 14.399999618530273 0 8
    vertex 14.330659866333008 -1.4114468097686768 8
  endloop
endfacet
facet normal 0 0 0
  outer loop
    vertex 20 -24.16666603088379 8
    vertex 14.330659866333008 1.4114468097686768 8
    vertex 14.399999618530273 0 8
  endloop
endfacet
facet normal 0 0 0
  outer loop
    vertex 20 -24.16666603088379 8
    vertex 14.123308181762695 2.809300661087036 8
    vertex 14.330659866333008 1.4114468097686768 8
  endloop
endfacet
facet normal 0 0 0
  outer loop
    vertex 20 -24.16666603088379 8
    vertex 12 22 8
    vertex 14.123308181762695 2.809300661087036 8
  endloop
endfacet
facet normal 0 0 0
  outer loop
    vertex 13.779940605163574 4.1800994873046875 8
    vertex 12 19 8
    vertex 13.303865432739258 5.510641574859619 8
  endloop
endfacet
facet normal 0 0 0
  outer loop
    vertex 13.779940605163574 4.1800994873046875 8
    vertex 14.123308181762695 2.809300661087036 8
    vertex 12 19 8
  endloop
endfacet
facet normal 0 0 0
  outer loop
    vertex 11 19 8
    vertex 12.699666023254395 6.788113117218018 8
    vertex 13.303865432739258 5.510641574859619 8
  endloop
endfacet
facet normal 0 0 0
  outer loop
    vertex 11 19 8
    vertex 13.303865432739258 5.510641574859619 8
    vertex 12 19 8
  endloop
endfacet
facet normal 0 0 0
  outer loop
    vertex 14.123308181762695 2.809300661087036 8
    vertex 12 22 8
    vertex 12 19 8
  endloop
endfacet
facet normal 0 0 0
  outer loop
    vertex 20 -24.16666603088379 8
    vertex 12 25 8
    vertex 12 22 8
  endloop
endfacet
facet normal 0 0 0
  outer loop
    vertex 20 -24.16666603088379 8
    vertex 11.9043607711792 30.230342864990234 8
    vertex 12 25 8
  endloop
endfacet
facet normal 0 0 0
  outer loop
    vertex 20 -24.16666603088379 8
    vertex 12.804632186889648 31.444217681884766 8
    vertex 11.9043607711792 30.230342864990234 8
  endloop
endfacet
facet normal 0 0 0
  outer loop
    vertex 20 -24.16666603088379 8
    vertex 13.581587791442871 32.7404899597168 8
    vertex 12.804632186889648 31.444217681884766 8
  endloop
endfacet
facet normal 0 0 0
  outer loop
    vertex 20 -24.16666603088379 8
    vertex 14.227745056152344 34.10667419433594 8
    vertex 13.581587791442871 32.7404899597168 8
  endloop
endfacet
facet normal 0 0 0
  outer loop
    vertex 20 -24.16666603088379 8
    vertex 14.736881256103516 35.52961730957031 8
    vertex 14.227745056152344 34.10667419433594 8
  endloop
endfacet
facet normal 0 0 0
  outer loop
    vertex 20 -24.16666603088379 8
    vertex 15.104093551635742 36.995609283447266 8
    vertex 14.736881256103516 35.52961730957031 8
  endloop
endfacet
facet normal 0 0 0
  outer loop
    vertex 20 -24.16666603088379 8
    vertex 15.325844764709473 38.490535736083984 8
    vertex 15.104093551635742 36.995609283447266 8
  endloop
endfacet
facet normal 0 0 0
  outer loop
    vertex 20 -24.16666603088379 8
    vertex 15.399999618530273 40 8
    vertex 15.325844764709473 38.490535736083984 8
  endloop
endfacet
facet normal 0 0 0
  outer loop
    vertex 20 -24.16666603088379 8
    vertex 15.325844764709473 41.509464263916016 8
    vertex 15.399999618530273 40 8
  endloop
endfacet
facet normal 0 0 0
  outer loop
    vertex 1.649999976158142 26.950000762939453 0
    vertex 1.649999976158142 28.733898162841797 0
    vertex 2.224029779434204 28.819047927856445 0
  endloop
endfacet
facet normal 0 0 0
  outer loop
    vertex 1.649999976158142 26.950000762939453 0
    vertex 2.224029779434204 28.819047927856445 0
    vertex 3.3092453479766846 29.090879440307617 0
  endloop
endfacet
facet normal 0 0 0
  outer loop
    vertex 1.649999976158142 51.2661018371582 0
    vertex 1.649999976158142 53.04999923706055 0
    vertex 2.224029779434204 51.18095397949219 0
  endloop
endfacet
facet normal 0 0 0
  outer loop
    vertex 2.224029779434204 51.18095397949219 0
    vertex 1.649999976158142 53.04999923706055 0
    vertex 3.3092453479766846 50.90911865234375 0
  endloop
endfacet
facet normal 0 0 0
  outer loop
    vertex 0.30000001192092896 53.04999923706055 0
    vertex 0.30000001192092896 60 0
    vertex 1.649999976158142 53.04999923706055 0
  endloop
endfacet
facet normal 0 0 0
  outer loop
    vertex 1.649999976158142 53.04999923706055 0
    vertex 0.30000001192092896 60 0
    vertex 6 60 0
  endloop
endfacet
facet normal 0 0 0
  outer loop
    vertex 3.3092453479766846 50.90911865234375 0
    vertex 6 60 0
    vertex 4.36259126663208 50.5322265625 0
  endloop
endfacet
facet normal 0 0 0
  outer loop
    vertex 4.36259126663208 50.5322265625 0
    vertex 6 60 0
    vertex 5.373922824859619 50.05390167236328 0
  endloop
endfacet
facet normal 0 0 0
  outer loop
    vertex 5.373922824859619 50.05390167236328 0
    vertex 6 60 0
    vertex 6.333500862121582 49.47875213623047 0
  endloop
endfacet
facet normal 0 0 0
  outer loop
    vertex 1.649999976158142 53.04999923706055 0
    vertex 6 60 0
    vertex 3.3092453479766846 50.90911865234375 0
  endloop
endfacet
facet normal 0 0 0
  outer loop
    vertex 10.909119606018066 36.69075393676758 0
    vertex 11.180952072143555 37.775970458984375 0
    vertex 13.050000190734863 38.349998474121094 0
  endloop
endfacet
facet normal 0 0 0
  outer loop
    vertex 11.180952072143555 37.775970458984375 0
    vertex 11.266101837158203 38.349998474121094 0
    vertex 13.050000190734863 38.349998474121094 0
  endloop
endfacet
facet normal 0 0 0
  outer loop
    vertex 11.180952072143555 42.224029541015625 0
    vertex 13.050000190734863 41.650001525878906 0
    vertex 11.266101837158203 41.650001525878906 0
  endloop
endfacet
facet normal 0 0 0
  outer loop
    vertex 10.909119606018066 43.30924606323242 0
    vertex 13.050000190734863 41.650001525878906 0
    vertex 11.180952072143555 42.224029541015625 0
  endloop
endfacet
facet normal 0 0 0
  outer loop
    vertex 6.333500862121582 49.47875213623047 0
    vertex 6 60 0
    vertex 7.232083320617676 48.812320709228516 0
  endloop
endfacet
facet normal 0 0 0
  outer loop
    vertex 0.30000001192092896 55.38526153564453 8
    vertex 1.509463906288147 55.325843811035156 8
    vertex 0.30000001192092896 60 8
  endloop
endfacet
facet normal 0 0 0
  outer loop
    vertex 0.30000001192092896 60 8
    vertex 1.509463906288147 55.325843811035156 8
    vertex 3.0043909549713135 55.10409164428711 8
  endloop
endfacet
facet normal 0 0 0
  outer loop
    vertex 0.30000001192092896 60 8
    vertex 3.0043909549713135 55.10409164428711 8
    vertex 4.470384120941162 54.736881256103516 8
  endloop
endfacet
facet normal 0 0 0
  outer loop
    vertex 0.30000001192092896 60 8
    vertex 4.470384120941162 54.736881256103516 8
    vertex 6 60 8
  endloop
endfacet
facet normal 0 0 0
  outer loop
    vertex 7.259509563446045 26.418413162231445 8
    vertex 8 25 8
    vertex 8.555781364440918 27.19536781311035 8
  endloop
endfacet
facet normal 0 0 0
  outer loop
    vertex 8 25 8
    vertex 9 25 8
    vertex 8.555781364440918 27.19536781311035 8
  endloop
endfacet
facet normal 0 0 0
  outer loop
    vertex 8.555781364440918 27.19536781311035 8
    vertex 9 25 8
    vertex 11 25 8
  endloop
endfacet
facet normal 0 0 0
  outer loop
    vertex 8.555781364440918 27.19536781311035 8
    vertex 11 25 8
    vertex 9.76965618133545 28.095638275146484 8
  endloop
endfacet
facet normal 0 0 0
  outer loop
    vertex 9.76965618133545 28.095638275146484 8
    vertex 11 25 8
    vertex 10.889444351196289 29.11055564880371 8
  endloop
endfacet
facet normal 0 0 0
  outer loop
    vertex 11 25 8
    vertex 12 25 8
    vertex 10.889444351196289 29.11055564880371 8
  endloop
endfacet
facet normal 0 0 0
  outer loop
    vertex 10.889444351196289 29.11055564880371 8
    vertex 12 25 8
    vertex 11.9043607711792 30.230342864990234 8
  endloop
endfacet
facet normal 0 0 0
  outer loop
    vertex 5.893324851989746 54.227745056152344 8
    vertex 11.899999618530273 65.50499725341797 8
    vertex 4.470384120941162 54.736881256103516 8
  endloop
endfacet
facet normal 0 0 0
  outer loop
    vertex 4.470384120941162 54.736881256103516 8
    vertex 11.899999618530273 65.50499725341797 8
    vertex 6 60 8
  endloop
endfacet
facet normal 0 0 0
  outer loop
    vertex 6 60 8
    vertex 11.899999618530273 65.50499725341797 8
    vertex 6 65.50499725341797 8
  endloop
endfacet
facet normal 0 0 0
  outer loop
    vertex 5.893324851989746 54.227745056152344 8
    vertex 7.259509563446045 53.58158874511719 8
    vertex 20 80 8
  endloop
endfacet
facet normal 0 0 0
  outer loop
    vertex 7.259509563446045 53.58158874511719 8
    vertex 8.555781364440918 52.804630279541016 8
    vertex 20 80 8
  endloop
endfacet
facet normal 0 0 0
  outer loop
    vertex 6 60 0
    vertex 6 80 0
    vertex 20.5 80 0
  endloop
endfacet
facet normal 0 0 0
  outer loop
    vertex 6 80 0
    vertex 6 80 8
    vertex 20 80 8
  endloop
endfacet
facet normal 0 0 0
  outer loop
    vertex 6 68.49500274658203 8
    vertex 11.899999618530273 68.49500274658203 8
    vertex 6 80 8
  endloop
endfacet
facet normal 0 0 0
  outer loop
    vertex 7.232083320617676 48.812320709228516 0
    vertex 24 80 0
    vertex 8.061017036437988 48.06101608276367 0
  endloop
endfacet
facet normal 0 0 0
  outer loop
    vertex 7.232083320617676 48.812320709228516 0
    vertex 6 60 0
    vertex 24 80 0
  endloop
endfacet
facet normal 0 0 0
  outer loop
    vertex 8.061017036437988 48.06101608276367 0
    vertex 24 80 0
    vertex 8.812318801879883 47.23208236694336 0
  endloop
endfacet
facet normal 0 0 0
  outer loop
    vertex 8.812318801879883 47.23208236694336 0
    vertex 24 80 0
    vertex 9.478754043579102 46.333499908447266 0
  endloop
endfacet
facet normal 0 0 0
  outer loop
    vertex 10.5322265625 44.36259078979492 0
    vertex 10.053902626037598 45.373924255371094 0
    vertex 24 80 0
  endloop
endfacet
facet normal 0 0 0
  outer loop
    vertex 9.478754043579102 46.333499908447266 0
    vertex 24 80 0
    vertex 10.053902626037598 45.373924255371094 0
  endloop
endfacet
facet normal 0 0 0
  outer loop
    vertex 10.5322265625 44.36259078979492 0
    vertex 24 80 0
    vertex 10.909119606018066 43.30924606323242 0
  endloop
endfacet
facet normal 0 0 0
  outer loop
    vertex 10.909119606018066 43.30924606323242 0
    vertex 24 80 0
    vertex 13.050000190734863 41.650001525878906 0
  endloop
endfacet
facet normal 0 0 0
  outer loop
    vertex 24 -45 0
    vertex 13.050000190734863 41.650001525878906 0
    vertex 24 80 0
  endloop
endfacet
facet normal 0 0 0
  outer loop
    vertex 8.555781364440918 52.804630279541016 8
    vertex 9.76965618133545 51.904361724853516 8
    vertex 20 80 8
  endloop
endfacet
facet normal 0 0 0
  outer loop
    vertex 11.9043607711792 49.769657135009766 8
    vertex 12.804632186889648 48.555782318115234 8
    vertex 20 80 8
  endloop
endfacet
facet normal 0 0 0
  outer loop
    vertex 9.76965618133545 51.904361724853516 8
    vertex 10.889444351196289 50.88944625854492 8
    vertex 20 80 8
  endloop
endfacet
facet normal 0 0 0
  outer loop
    vertex 10.889444351196289 50.88944625854492 8
    vertex 11.9043607711792 49.769657135009766 8
    vertex 20 80 8
  endloop
endfacet
facet normal 0 0 0
  outer loop
    vertex 12.804632186889648 48.555782318115234 8
    vertex 13.581587791442871 47.2595100402832 8
    vertex 20 80 8
  endloop
endfacet
facet normal 0 0 0
  outer loop
    vertex 14.736881256103516 44.47038269042969 8
    vertex 20 80 8
    vertex 14.227745056152344 45.89332580566406 8
  endloop
endfacet
facet normal 0 0 0
  outer loop
    vertex 14.227745056152344 45.89332580566406 8
    vertex 20 80 8
    vertex 13.581587791442871 47.2595100402832 8
  endloop
endfacet
facet normal 0 0 0
  outer loop
    vertex 15.325844764709473 41.509464263916016 8
    vertex 20 80 8
    vertex 15.104093551635742 43.004390716552734 8
  endloop
endfacet
facet normal 0 0 0
  outer loop
    vertex 14.736881256103516 44.47038269042969 8
    vertex 15.104093551635742 43.004390716552734 8
    vertex 20 80 8
  endloop
endfacet
facet normal 0 0 0
  outer loop
    vertex 20 -24.16666603088379 8
    vertex 20 80 8
    vertex 15.325844764709473 41.509464263916016 8
  endloop
endfacet
facet normal 0 0 0
  outer loop
    vertex 6 60 0
    vertex 20.5 80 0
    vertex 24 80 0
  endloop
endfacet
facet normal 0 0 0
  outer loop
    vertex 6 80 0
    vertex 20.5 80 8
    vertex 20.5 80 0
  endloop
endfacet
facet normal 0 0 0
  outer loop
    vertex 6 80 0
    vertex 20 80 8
    vertex 20.5 80 8
  endloop
endfacet
facet normal 0 0 0
  outer loop
    vertex 5.893324851989746 54.227745056152344 8
    vertex 20 80 8
    vertex 11.899999618530273 65.50499725341797 8
  endloop
endfacet
facet normal 0 0 0
  outer loop
    vertex 11.899999618530273 65.50499725341797 8
    vertex 20 80 8
    vertex 11.899999618530273 68.49500274658203 8
  endloop
endfacet
facet normal 0 0 0
  outer loop
    vertex 6 80 8
    vertex 11.899999618530273 68.49500274658203 8
    vertex 20 80 8
  endloop
endfacet
facet normal 0 0 0
  outer loop
    vertex 20 -45 8
    vertex 20 -45 12
    vertex 20 -24.16666603088379 8
  endloop
endfacet
facet normal 0 0 0
  outer loop
    vertex 20 -45 8
    vertex 24 -45 8
    vertex 20 -45 12
  endloop
endfacet
facet normal 0 0 0
  outer loop
    vertex 24 -45 8
    vertex 24 -45 12
    vertex 20 -45 12
  endloop
endfacet
facet normal 0 0 0
  outer loop
    vertex 24 -45 8
    vertex 24 -3.3333332538604736 8
    vertex 24 -45 12
  endloop
endfacet
facet normal 0 0 0
  outer loop
    vertex 20 -24.16666603088379 8
    vertex 20 -45 12
    vertex 20 80 12
  endloop
endfacet
facet normal 0 0 0
  outer loop
    vertex 24 -3.3333332538604736 8
    vertex 24 80 12
    vertex 24 -45 12
  endloop
endfacet
facet normal 0 0 0
  outer loop
    vertex 20 -45 12
    vertex 24 -45 12
    vertex 20 80 12
  endloop
endfacet
facet normal 0 0 0
  outer loop
    vertex 24 -3.3333332538604736 8
    vertex 24 80 0
    vertex 24 80 8
  endloop
endfacet
facet normal 0 0 0
  outer loop
    vertex 20 -24.16666603088379 8
    vertex 20 80 12
    vertex 20 80 8
  endloop
endfacet
facet normal 0 0 0
  outer loop
    vertex 24 -3.3333332538604736 8
    vertex 24 80 8
    vertex 24 80 12
  endloop
endfacet
facet normal 0 0 0
  outer loop
    vertex 20 80 8
    vertex 20.5 80 12
    vertex 20.5 80 8
  endloop
endfacet
facet normal 0 0 0
  outer loop
    vertex 20 80 8
    vertex 20 80 12
    vertex 20.5 80 12
  endloop
endfacet
facet normal 0 0 0
  outer loop
    vertex 24 -45 12
    vertex 20.5 80 12
    vertex 20 80 12
  endloop
endfacet
facet normal 0 0 0
  outer loop
    vertex 24 -45 12
    vertex 24 80 12
    vertex 20.5 80 12
  endloop
endfacet
facet normal 0 0 0
  outer loop
    vertex 0.30000001192092896 24.61473846435547 8
    vertex 1.509463906288147 24.67415428161621 8
    vertex 0.30000001192092896 24.61473846435547 14
  endloop
endfacet
facet normal 0 0 0
  outer loop
    vertex 1.509463906288147 24.67415428161621 8
    vertex 3.0043909549713135 24.895906448364258 8
    vertex 1.509463906288147 24.67415428161621 18
  endloop
endfacet
facet normal 0 0 0
  outer loop
    vertex 1.509463906288147 24.67415428161621 8
    vertex 0 24.600000381469727 18
    vertex 0.30000001192092896 24.61473846435547 14
  endloop
endfacet
facet normal 0 0 0
  outer loop
    vertex 1.509463906288147 24.67415428161621 8
    vertex 1.509463906288147 24.67415428161621 18
    vertex 0 24.600000381469727 18
  endloop
endfacet
facet normal 0 0 0
  outer loop
    vertex 0 24.600000381469727 14
    vertex 0.30000001192092896 24.61473846435547 14
    vertex 0 24.600000381469727 18
  endloop
endfacet
facet normal 0 0 0
  outer loop
    vertex 3.0043909549713135 24.895906448364258 8
    vertex 4.470384120941162 25.263118743896484 8
    vertex 3.0043909549713135 24.895906448364258 18
  endloop
endfacet
facet normal 0 0 0
  outer loop
    vertex 4.470384120941162 25.263118743896484 8
    vertex 5.893324851989746 25.772254943847656 8
    vertex 4.470384120941162 25.263118743896484 18
  endloop
endfacet
facet normal 0 0 0
  outer loop
    vertex 0.30000001192092896 55.38526153564453 8
    vertex 0.30000001192092896 55.38526153564453 14
    vertex 1.509463906288147 55.325843811035156 8
  endloop
endfacet
facet normal 0 0 0
  outer loop
    vertex 1.509463906288147 55.325843811035156 8
    vertex 3.0043909549713135 55.10409164428711 18
    vertex 3.0043909549713135 55.10409164428711 8
  endloop
endfacet
facet normal 0 0 0
  outer loop
    vertex 5.893324851989746 54.227745056152344 8
    vertex 4.470384120941162 54.736881256103516 8
    vertex 5.893324851989746 54.227745056152344 18
  endloop
endfacet
facet normal 0 0 0
  outer loop
    vertex 3.0043909549713135 55.10409164428711 8
    vertex 4.470384120941162 54.736881256103516 18
    vertex 4.470384120941162 54.736881256103516 8
  endloop
endfacet
facet normal 0 0 0
  outer loop
    vertex 5.893324851989746 25.772254943847656 8
    vertex 7.259509563446045 26.418413162231445 8
    vertex 5.893324851989746 25.772254943847656 18
  endloop
endfacet
facet normal 0 0 0
  outer loop
    vertex 7.259509563446045 26.418413162231445 8
    vertex 8.555781364440918 27.19536781311035 8
    vertex 7.259509563446045 26.418413162231445 18
  endloop
endfacet
facet normal 0 0 0
  outer loop
    vertex 8.555781364440918 27.19536781311035 8
    vertex 9.76965618133545 28.095638275146484 8
    vertex 8.555781364440918 27.19536781311035 18
  endloop
endfacet
facet normal 0 0 0
  outer loop
    vertex 9.76965618133545 28.095638275146484 8
    vertex 10.889444351196289 29.11055564880371 8
    vertex 9.76965618133545 28.095638275146484 18
  endloop
endfacet
facet normal 0 0 0
  outer loop
    vertex 10.889444351196289 29.11055564880371 8
    vertex 11.9043607711792 30.230342864990234 8
    vertex 10.889444351196289 29.11055564880371 18
  endloop
endfacet
facet normal 0 0 0
  outer loop
    vertex 5.893324851989746 54.227745056152344 8
    vertex 7.259509563446045 53.58158874511719 18
    vertex 7.259509563446045 53.58158874511719 8
  endloop
endfacet
facet normal 0 0 0
  outer loop
    vertex 7.259509563446045 53.58158874511719 8
    vertex 8.555781364440918 52.804630279541016 18
    vertex 8.555781364440918 52.804630279541016 8
  endloop
endfacet
facet normal 0 0 0
  outer loop
    vertex 8.555781364440918 52.804630279541016 8
    vertex 9.76965618133545 51.904361724853516 18
    vertex 9.76965618133545 51.904361724853516 8
  endloop
endfacet
facet normal 0 0 0
  outer loop
    vertex 9.76965618133545 51.904361724853516 8
    vertex 10.889444351196289 50.88944625854492 18
    vertex 10.889444351196289 50.88944625854492 8
  endloop
endfacet
facet normal 0 0 0
  outer loop
    vertex 10.889444351196289 50.88944625854492 8
    vertex 11.9043607711792 49.769657135009766 18
    vertex 11.9043607711792 49.769657135009766 8
  endloop
endfacet
facet normal 0 0 0
  outer loop
    vertex 11.9043607711792 30.230342864990234 8
    vertex 12.804632186889648 31.444217681884766 8
    vertex 11.9043607711792 30.230342864990234 18
  endloop
endfacet
facet normal 0 0 0
  outer loop
    vertex 12.804632186889648 31.444217681884766 8
    vertex 13.581587791442871 32.7404899597168 8
    vertex 12.804632186889648 31.444217681884766 18
  endloop
endfacet
facet normal 0 0 0
  outer loop
    vertex 13.581587791442871 32.7404899597168 8
    vertex 14.227745056152344 34.10667419433594 8
    vertex 13.581587791442871 32.7404899597168 18
  endloop
endfacet
facet normal 0 0 0
  outer loop
    vertex 14.227745056152344 34.10667419433594 8
    vertex 14.736881256103516 35.52961730957031 8
    vertex 14.227745056152344 34.10667419433594 18
  endloop
endfacet
facet normal 0 0 0
  outer loop
    vertex 14.736881256103516 35.52961730957031 8
    vertex 15.104093551635742 36.995609283447266 8
    vertex 14.736881256103516 35.52961730957031 18
  endloop
endfacet
facet normal 0 0 0
  outer loop
    vertex 14.736881256103516 44.47038269042969 8
    vertex 15.104093551635742 43.004390716552734 18
    vertex 15.104093551635742 43.004390716552734 8
  endloop
endfacet
facet normal 0 0 0
  outer loop
    vertex 15.104093551635742 36.995609283447266 8
    vertex 15.325844764709473 38.490535736083984 8
    vertex 15.104093551635742 36.995609283447266 18
  endloop
endfacet
facet normal 0 0 0
  outer loop
    vertex 15.325844764709473 38.490535736083984 8
    vertex 15.399999618530273 40 8
    vertex 15.325844764709473 38.490535736083984 18
  endloop
endfacet
facet normal 0 0 0
  outer loop
    vertex 15.325844764709473 41.509464263916016 8
    vertex 15.104093551635742 43.004390716552734 8
    vertex 15.325844764709473 41.509464263916016 18
  endloop
endfacet
facet normal 0 0 0
  outer loop
    vertex 15.325844764709473 41.509464263916016 8
    vertex 15.399999618530273 40 18
    vertex 15.399999618530273 40 8
  endloop
endfacet
facet normal 0 0 0
  outer loop
    vertex 11.9043607711792 49.769657135009766 8
    vertex 12.804632186889648 48.555782318115234 18
    vertex 12.804632186889648 48.555782318115234 8
  endloop
endfacet
facet normal 0 0 0
  outer loop
    vertex 12.804632186889648 48.555782318115234 8
    vertex 13.581587791442871 47.2595100402832 18
    vertex 13.581587791442871 47.2595100402832 8
  endloop
endfacet
facet normal 0 0 0
  outer loop
    vertex 14.227745056152344 45.89332580566406 8
    vertex 13.581587791442871 47.2595100402832 8
    vertex 14.227745056152344 45.89332580566406 18
  endloop
endfacet
facet normal 0 0 0
  outer loop
    vertex 14.736881256103516 44.47038269042969 8
    vertex 14.227745056152344 45.89332580566406 8
    vertex 14.736881256103516 44.47038269042969 18
  endloop
endfacet
facet normal 0 0 0
  outer loop
    vertex 1.509463906288147 24.67415428161621 18
    vertex 3.0043909549713135 24.895906448364258 8
    vertex 3.0043909549713135 24.895906448364258 18
  endloop
endfacet
facet normal 0 0 0
  outer loop
    vertex 4.470384120941162 25.263118743896484 8
    vertex 4.470384120941162 25.263118743896484 18
    vertex 3.0043909549713135 24.895906448364258 18
  endloop
endfacet
facet normal 0 0 0
  outer loop
    vertex 5.893324851989746 25.772254943847656 8
    vertex 5.893324851989746 25.772254943847656 18
    vertex 4.470384120941162 25.263118743896484 18
  endloop
endfacet
facet normal 0 0 0
  outer loop
    vertex 1.509463906288147 55.325843811035156 8
    vertex 0.30000001192092896 55.38526153564453 14
    vertex 1.509463906288147 55.325843811035156 18
  endloop
endfacet
facet normal 0 0 0
  outer loop
    vertex 1.509463906288147 55.325843811035156 8
    vertex 1.509463906288147 55.325843811035156 18
    vertex 3.0043909549713135 55.10409164428711 18
  endloop
endfacet
facet normal 0 0 0
  outer loop
    vertex 3.0043909549713135 55.10409164428711 8
    vertex 3.0043909549713135 55.10409164428711 18
    vertex 4.470384120941162 54.736881256103516 18
  endloop
endfacet
facet normal 0 0 0
  outer loop
    vertex 4.470384120941162 54.736881256103516 8
    vertex 4.470384120941162 54.736881256103516 18
    vertex 5.893324851989746 54.227745056152344 18
  endloop
endfacet
facet normal 0 0 0
  outer loop
    vertex 0 55.400001525878906 14
    vertex 0 55.400001525878906 18
    vertex 0.30000001192092896 55.38526153564453 14
  endloop
endfacet
facet normal 0 0 0
  outer loop
    vertex 0.30000001192092896 55.38526153564453 14
    vertex 0 55.400001525878906 18
    vertex 1.509463906288147 55.325843811035156 18
  endloop
endfacet
facet normal 0 0 0
  outer loop
    vertex 7.259509563446045 26.418413162231445 8
    vertex 7.259509563446045 26.418413162231445 18
    vertex 5.893324851989746 25.772254943847656 18
  endloop
endfacet
facet normal 0 0 0
  outer loop
    vertex 8.555781364440918 27.19536781311035 8
    vertex 8.555781364440918 27.19536781311035 18
    vertex 7.259509563446045 26.418413162231445 18
  endloop
endfacet
facet normal 0 0 0
  outer loop
    vertex 9.76965618133545 28.095638275146484 8
    vertex 9.76965618133545 28.095638275146484 18
    vertex 8.555781364440918 27.19536781311035 18
  endloop
endfacet
facet normal 0 0 0
  outer loop
    vertex 10.889444351196289 29.11055564880371 8
    vertex 10.889444351196289 29.11055564880371 18
    vertex 9.76965618133545 28.095638275146484 18
  endloop
endfacet
facet normal 0 0 0
  outer loop
    vertex 11.9043607711792 30.230342864990234 8
    vertex 11.9043607711792 30.230342864990234 18
    vertex 10.889444351196289 29.11055564880371 18
  endloop
endfacet
facet normal 0 0 0
  outer loop
    vertex 5.893324851989746 54.227745056152344 8
    vertex 5.893324851989746 54.227745056152344 18
    vertex 7.259509563446045 53.58158874511719 18
  endloop
endfacet
facet normal 0 0 0
  outer loop
    vertex 7.259509563446045 53.58158874511719 8
    vertex 7.259509563446045 53.58158874511719 18
    vertex 8.555781364440918 52.804630279541016 18
  endloop
endfacet
facet normal 0 0 0
  outer loop
    vertex 8.555781364440918 52.804630279541016 8
    vertex 8.555781364440918 52.804630279541016 18
    vertex 9.76965618133545 51.904361724853516 18
  endloop
endfacet
facet normal 0 0 0
  outer loop
    vertex 9.76965618133545 51.904361724853516 8
    vertex 9.76965618133545 51.904361724853516 18
    vertex 10.889444351196289 50.88944625854492 18
  endloop
endfacet
facet normal 0 0 0
  outer loop
    vertex 10.889444351196289 50.88944625854492 8
    vertex 10.889444351196289 50.88944625854492 18
    vertex 11.9043607711792 49.769657135009766 18
  endloop
endfacet
facet normal 0 0 0
  outer loop
    vertex 0 24.600000381469727 18
    vertex 1.509463906288147 24.67415428161621 18
    vertex 0 26.950000762939453 18
  endloop
endfacet
facet normal 0 0 0
  outer loop
    vertex 1.509463906288147 24.67415428161621 18
    vertex 3.0043909549713135 24.895906448364258 18
    vertex 0 26.950000762939453 18
  endloop
endfacet
facet normal 0 0 0
  outer loop
    vertex 0 26.950000762939453 18
    vertex 3.0043909549713135 24.895906448364258 18
    vertex 1.649999976158142 26.950000762939453 18
  endloop
endfacet
facet normal 0 0 0
  outer loop
    vertex 1.649999976158142 26.950000762939453 18
    vertex 2.224029779434204 28.819047927856445 18
    vertex 1.649999976158142 28.733898162841797 18
  endloop
endfacet
facet normal 0 0 0
  outer loop
    vertex 1.649999976158142 26.950000762939453 18
    vertex 3.0043909549713135 24.895906448364258 18
    vertex 2.224029779434204 28.819047927856445 18
  endloop
endfacet
facet normal 0 0 0
  outer loop
    vertex 2.224029779434204 28.819047927856445 18
    vertex 3.0043909549713135 24.895906448364258 18
    vertex 4.470384120941162 25.263118743896484 18
  endloop
endfacet
facet normal 0 0 0
  outer loop
    vertex 2.224029779434204 28.819047927856445 18
    vertex 4.470384120941162 25.263118743896484 18
    vertex 3.3092453479766846 29.090879440307617 18
  endloop
endfacet
facet normal 0 0 0
  outer loop
    vertex 3.3092453479766846 29.090879440307617 18
    vertex 4.470384120941162 25.263118743896484 18
    vertex 4.36259126663208 29.4677734375 18
  endloop
endfacet
facet normal 0 0 0
  outer loop
    vertex 4.470384120941162 25.263118743896484 18
    vertex 5.893324851989746 25.772254943847656 18
    vertex 4.36259126663208 29.4677734375 18
  endloop
endfacet
facet normal 0 0 0
  outer loop
    vertex 4.36259126663208 29.4677734375 18
    vertex 5.893324851989746 25.772254943847656 18
    vertex 5.373922824859619 29.94609832763672 18
  endloop
endfacet
facet normal 0 0 0
  outer loop
    vertex 0 53.04999923706055 18
    vertex 1.649999976158142 53.04999923706055 18
    vertex 0 55.400001525878906 18
  endloop
endfacet
facet normal 0 0 0
  outer loop
    vertex 1.649999976158142 51.2661018371582 18
    vertex 2.224029779434204 51.18095397949219 18
    vertex 1.649999976158142 53.04999923706055 18
  endloop
endfacet
facet normal 0 0 0
  outer loop
    vertex 1.649999976158142 53.04999923706055 18
    vertex 3.0043909549713135 55.10409164428711 18
    vertex 1.509463906288147 55.325843811035156 18
  endloop
endfacet
facet normal 0 0 0
  outer loop
    vertex 2.224029779434204 51.18095397949219 18
    vertex 3.3092453479766846 50.90911865234375 18
    vertex 1.649999976158142 53.04999923706055 18
  endloop
endfacet
facet normal 0 0 0
  outer loop
    vertex 1.649999976158142 53.04999923706055 18
    vertex 3.3092453479766846 50.90911865234375 18
    vertex 3.0043909549713135 55.10409164428711 18
  endloop
endfacet
facet normal 0 0 0
  outer loop
    vertex 1.649999976158142 53.04999923706055 18
    vertex 1.509463906288147 55.325843811035156 18
    vertex 0 55.400001525878906 18
  endloop
endfacet
facet normal 0 0 0
  outer loop
    vertex 3.3092453479766846 50.90911865234375 18
    vertex 4.470384120941162 54.736881256103516 18
    vertex 3.0043909549713135 55.10409164428711 18
  endloop
endfacet
facet normal 0 0 0
  outer loop
    vertex 3.3092453479766846 50.90911865234375 18
    vertex 4.36259126663208 50.5322265625 18
    vertex 4.470384120941162 54.736881256103516 18
  endloop
endfacet
facet normal 0 0 0
  outer loop
    vertex 4.36259126663208 50.5322265625 18
    vertex 5.373922824859619 50.05390167236328 18
    vertex 4.470384120941162 54.736881256103516 18
  endloop
endfacet
facet normal 0 0 0
  outer loop
    vertex 5.373922824859619 50.05390167236328 18
    vertex 5.893324851989746 54.227745056152344 18
    vertex 4.470384120941162 54.736881256103516 18
  endloop
endfacet
facet normal 0 0 0
  outer loop
    vertex 5.373922824859619 50.05390167236328 18
    vertex 6.333500862121582 49.47875213623047 18
    vertex 5.893324851989746 54.227745056152344 18
  endloop
endfacet
facet normal 0 0 0
  outer loop
    vertex 5.893324851989746 25.772254943847656 18
    vertex 7.259509563446045 26.418413162231445 18
    vertex 5.373922824859619 29.94609832763672 18
  endloop
endfacet
facet normal 0 0 0
  outer loop
    vertex 5.373922824859619 29.94609832763672 18
    vertex 7.259509563446045 26.418413162231445 18
    vertex 6.333500862121582 30.5212459564209 18
  endloop
endfacet
facet normal 0 0 0
  outer loop
    vertex 7.259509563446045 26.418413162231445 18
    vertex 7.232083320617676 31.187681198120117 18
    vertex 6.333500862121582 30.5212459564209 18
  endloop
endfacet
facet normal 0 0 0
  outer loop
    vertex 7.259509563446045 26.418413162231445 18
    vertex 8.555781364440918 27.19536781311035 18
    vertex 7.232083320617676 31.187681198120117 18
  endloop
endfacet
facet normal 0 0 0
  outer loop
    vertex 7.232083320617676 31.187681198120117 18
    vertex 8.555781364440918 27.19536781311035 18
    vertex 8.061017036437988 31.938982009887695 18
  endloop
endfacet
facet normal 0 0 0
  outer loop
    vertex 8.555781364440918 27.19536781311035 18
    vertex 8.812318801879883 32.76791763305664 18
    vertex 8.061017036437988 31.938982009887695 18
  endloop
endfacet
facet normal 0 0 0
  outer loop
    vertex 8.555781364440918 27.19536781311035 18
    vertex 9.76965618133545 28.095638275146484 18
    vertex 8.812318801879883 32.76791763305664 18
  endloop
endfacet
facet normal 0 0 0
  outer loop
    vertex 8.812318801879883 32.76791763305664 18
    vertex 9.76965618133545 28.095638275146484 18
    vertex 9.478754043579102 33.666500091552734 18
  endloop
endfacet
facet normal 0 0 0
  outer loop
    vertex 9.76965618133545 28.095638275146484 18
    vertex 10.053902626037598 34.626075744628906 18
    vertex 9.478754043579102 33.666500091552734 18
  endloop
endfacet
facet normal 0 0 0
  outer loop
    vertex 9.76965618133545 28.095638275146484 18
    vertex 10.889444351196289 29.11055564880371 18
    vertex 10.053902626037598 34.626075744628906 18
  endloop
endfacet
facet normal 0 0 0
  outer loop
    vertex 10.053902626037598 34.626075744628906 18
    vertex 10.889444351196289 29.11055564880371 18
    vertex 10.5322265625 35.63740921020508 18
  endloop
endfacet
facet normal 0 0 0
  outer loop
    vertex 10.889444351196289 29.11055564880371 18
    vertex 10.909119606018066 36.69075393676758 18
    vertex 10.5322265625 35.63740921020508 18
  endloop
endfacet
facet normal 0 0 0
  outer loop
    vertex 10.889444351196289 29.11055564880371 18
    vertex 11.180952072143555 37.775970458984375 18
    vertex 10.909119606018066 36.69075393676758 18
  endloop
endfacet
facet normal 0 0 0
  outer loop
    vertex 10.889444351196289 29.11055564880371 18
    vertex 11.9043607711792 30.230342864990234 18
    vertex 11.266101837158203 38.349998474121094 18
  endloop
endfacet
facet normal 0 0 0
  outer loop
    vertex 11.9043607711792 30.230342864990234 18
    vertex 12.804632186889648 31.444217681884766 18
    vertex 11.266101837158203 38.349998474121094 18
  endloop
endfacet
facet normal 0 0 0
  outer loop
    vertex 10.889444351196289 29.11055564880371 18
    vertex 11.266101837158203 38.349998474121094 18
    vertex 11.180952072143555 37.775970458984375 18
  endloop
endfacet
facet normal 0 0 0
  outer loop
    vertex 11.180952072143555 42.224029541015625 18
    vertex 11.266101837158203 41.650001525878906 18
    vertex 11.9043607711792 49.769657135009766 18
  endloop
endfacet
facet normal 0 0 0
  outer loop
    vertex 5.893324851989746 54.227745056152344 18
    vertex 6.333500862121582 49.47875213623047 18
    vertex 7.259509563446045 53.58158874511719 18
  endloop
endfacet
facet normal 0 0 0
  outer loop
    vertex 6.333500862121582 49.47875213623047 18
    vertex 7.232083320617676 48.812320709228516 18
    vertex 7.259509563446045 53.58158874511719 18
  endloop
endfacet
facet normal 0 0 0
  outer loop
    vertex 8.061017036437988 48.06101608276367 18
    vertex 8.812318801879883 47.23208236694336 18
    vertex 8.555781364440918 52.804630279541016 18
  endloop
endfacet
facet normal 0 0 0
  outer loop
    vertex 7.232083320617676 48.812320709228516 18
    vertex 8.061017036437988 48.06101608276367 18
    vertex 7.259509563446045 53.58158874511719 18
  endloop
endfacet
facet normal 0 0 0
  outer loop
    vertex 7.259509563446045 53.58158874511719 18
    vertex 8.061017036437988 48.06101608276367 18
    vertex 8.555781364440918 52.804630279541016 18
  endloop
endfacet
facet normal 0 0 0
  outer loop
    vertex 8.812318801879883 47.23208236694336 18
    vertex 9.478754043579102 46.333499908447266 18
    vertex 9.76965618133545 51.904361724853516 18
  endloop
endfacet
facet normal 0 0 0
  outer loop
    vertex 10.5322265625 44.36259078979492 18
    vertex 10.889444351196289 50.88944625854492 18
    vertex 10.053902626037598 45.373924255371094 18
  endloop
endfacet
facet normal 0 0 0
  outer loop
    vertex 9.478754043579102 46.333499908447266 18
    vertex 10.053902626037598 45.373924255371094 18
    vertex 9.76965618133545 51.904361724853516 18
  endloop
endfacet
facet normal 0 0 0
  outer loop
    vertex 10.053902626037598 45.373924255371094 18
    vertex 10.889444351196289 50.88944625854492 18
    vertex 9.76965618133545 51.904361724853516 18
  endloop
endfacet
facet normal 0 0 0
  outer loop
    vertex 8.812318801879883 47.23208236694336 18
    vertex 9.76965618133545 51.904361724853516 18
    vertex 8.555781364440918 52.804630279541016 18
  endloop
endfacet
facet normal 0 0 0
  outer loop
    vertex 10.5322265625 44.36259078979492 18
    vertex 10.909119606018066 43.30924606323242 18
    vertex 10.889444351196289 50.88944625854492 18
  endloop
endfacet
facet normal 0 0 0
  outer loop
    vertex 10.909119606018066 43.30924606323242 18
    vertex 11.9043607711792 49.769657135009766 18
    vertex 10.889444351196289 50.88944625854492 18
  endloop
endfacet
facet normal 0 0 0
  outer loop
    vertex 10.909119606018066 43.30924606323242 18
    vertex 11.180952072143555 42.224029541015625 18
    vertex 11.9043607711792 49.769657135009766 18
  endloop
endfacet
facet normal 0 0 0
  outer loop
    vertex 12.804632186889648 31.444217681884766 8
    vertex 12.804632186889648 31.444217681884766 18
    vertex 11.9043607711792 30.230342864990234 18
  endloop
endfacet
facet normal 0 0 0
  outer loop
    vertex 13.581587791442871 32.7404899597168 8
    vertex 13.581587791442871 32.7404899597168 18
    vertex 12.804632186889648 31.444217681884766 18
  endloop
endfacet
facet normal 0 0 0
  outer loop
    vertex 14.227745056152344 34.10667419433594 8
    vertex 14.227745056152344 34.10667419433594 18
    vertex 13.581587791442871 32.7404899597168 18
  endloop
endfacet
facet normal 0 0 0
  outer loop
    vertex 14.736881256103516 35.52961730957031 8
    vertex 14.736881256103516 35.52961730957031 18
    vertex 14.227745056152344 34.10667419433594 18
  endloop
endfacet
facet normal 0 0 0
  outer loop
    vertex 15.104093551635742 36.995609283447266 8
    vertex 15.104093551635742 36.995609283447266 18
    vertex 14.736881256103516 35.52961730957031 18
  endloop
endfacet
facet normal 0 0 0
  outer loop
    vertex 14.736881256103516 44.47038269042969 8
    vertex 14.736881256103516 44.47038269042969 18
    vertex 15.104093551635742 43.004390716552734 18
  endloop
endfacet
facet normal 0 0 0
  outer loop
    vertex 15.325844764709473 38.490535736083984 8
    vertex 15.325844764709473 38.490535736083984 18
    vertex 15.104093551635742 36.995609283447266 18
  endloop
endfacet
facet normal 0 0 0
  outer loop
    vertex 15.399999618530273 40 8
    vertex 15.399999618530273 40 18
    vertex 15.325844764709473 38.490535736083984 18
  endloop
endfacet
facet normal 0 0 0
  outer loop
    vertex 15.325844764709473 41.509464263916016 8
    vertex 15.325844764709473 41.509464263916016 18
    vertex 15.399999618530273 40 18
  endloop
endfacet
facet normal 0 0 0
  outer loop
    vertex 15.104093551635742 43.004390716552734 8
    vertex 15.104093551635742 43.004390716552734 18
    vertex 15.325844764709473 41.509464263916016 18
  endloop
endfacet
facet normal 0 0 0
  outer loop
    vertex 11.9043607711792 49.769657135009766 8
    vertex 11.9043607711792 49.769657135009766 18
    vertex 12.804632186889648 48.555782318115234 18
  endloop
endfacet
facet normal 0 0 0
  outer loop
    vertex 12.804632186889648 48.555782318115234 8
    vertex 12.804632186889648 48.555782318115234 18
    vertex 13.581587791442871 47.2595100402832 18
  endloop
endfacet
facet normal 0 0 0
  outer loop
    vertex 13.581587791442871 47.2595100402832 8
    vertex 13.581587791442871 47.2595100402832 18
    vertex 14.227745056152344 45.89332580566406 18
  endloop
endfacet
facet normal 0 0 0
  outer loop
    vertex 14.227745056152344 45.89332580566406 8
    vertex 14.227745056152344 45.89332580566406 18
    vertex 14.736881256103516 44.47038269042969 18
  endloop
endfacet
facet normal 0 0 0
  outer loop
    vertex 11.266101837158203 38.349998474121094 18
    vertex 12.804632186889648 31.444217681884766 18
    vertex 13.050000190734863 38.349998474121094 18
  endloop
endfacet
facet normal 0 0 0
  outer loop
    vertex 12.804632186889648 31.444217681884766 18
    vertex 13.581587791442871 32.7404899597168 18
    vertex 13.581587791442871 47.2595100402832 18
  endloop
endfacet
facet normal 0 0 0
  outer loop
    vertex 12.804632186889648 31.444217681884766 18
    vertex 13.581587791442871 47.2595100402832 18
    vertex 13.050000190734863 38.349998474121094 18
  endloop
endfacet
facet normal 0 0 0
  outer loop
    vertex 11.266101837158203 41.650001525878906 18
    vertex 13.050000190734863 41.650001525878906 18
    vertex 11.9043607711792 49.769657135009766 18
  endloop
endfacet
facet normal 0 0 0
  outer loop
    vertex 13.050000190734863 38.349998474121094 18
    vertex 13.581587791442871 47.2595100402832 18
    vertex 13.050000190734863 41.650001525878906 18
  endloop
endfacet
facet normal 0 0 0
  outer loop
    vertex 13.581587791442871 32.7404899597168 18
    vertex 14.227745056152344 34.10667419433594 18
    vertex 14.227745056152344 45.89332580566406 18
  endloop
endfacet
facet normal 0 0 0
  outer loop
    vertex 14.227745056152344 34.10667419433594 18
    vertex 14.736881256103516 35.52961730957031 18
    vertex 14.736881256103516 44.47038269042969 18
  endloop
endfacet
facet normal 0 0 0
  outer loop
    vertex 14.736881256103516 35.52961730957031 18
    vertex 15.104093551635742 36.995609283447266 18
    vertex 15.104093551635742 43.004390716552734 18
  endloop
endfacet
facet normal 0 0 0
  outer loop
    vertex 13.581587791442871 32.7404899597168 18
    vertex 14.227745056152344 45.89332580566406 18
    vertex 13.581587791442871 47.2595100402832 18
  endloop
endfacet
facet normal 0 0 0
  outer loop
    vertex 14.227745056152344 34.10667419433594 18
    vertex 14.736881256103516 44.47038269042969 18
    vertex 14.227745056152344 45.89332580566406 18
  endloop
endfacet
facet normal 0 0 0
  outer loop
    vertex 14.736881256103516 35.52961730957031 18
    vertex 15.104093551635742 43.004390716552734 18
    vertex 14.736881256103516 44.47038269042969 18
  endloop
endfacet
facet normal 0 0 0
  outer loop
    vertex 15.104093551635742 36.995609283447266 18
    vertex 15.325844764709473 38.490535736083984 18
    vertex 15.325844764709473 41.509464263916016 18
  endloop
endfacet
facet normal 0 0 0
  outer loop
    vertex 15.104093551635742 36.995609283447266 18
    vertex 15.325844764709473 41.509464263916016 18
    vertex 15.104093551635742 43.004390716552734 18
  endloop
endfacet
facet normal 0 0 0
  outer loop
    vertex 15.325844764709473 38.490535736083984 18
    vertex 15.399999618530273 40 18
    vertex 15.325844764709473 41.509464263916016 18
  endloop
endfacet
facet normal 0 0 0
  outer loop
    vertex 11.9043607711792 49.769657135009766 18
    vertex 13.050000190734863 41.650001525878906 18
    vertex 12.804632186889648 48.555782318115234 18
  endloop
endfacet
facet normal 0 0 0
  outer loop
    vertex 13.050000190734863 41.650001525878906 18
    vertex 13.581587791442871 47.2595100402832 18
    vertex 12.804632186889648 48.555782318115234 18
  endloop
endfacet
facet normal 0 0 0
  outer loop
    vertex 0.30000001192092896 -14.385261535644531 8
    vertex 1.4114468097686768 -14.330659866333008 8
    vertex 0.30000001192092896 -14.385261535644531 14
  endloop
endfacet
facet normal 0 0 0
  outer loop
    vertex 0.30000001192092896 14.385261535644531 8
    vertex 0.30000001192092896 14.385261535644531 14
    vertex 1.4114468097686768 14.330659866333008 8
  endloop
endfacet
facet normal 0 0 0
  outer loop
    vertex 1.4114468097686768 -14.330659866333008 8
    vertex 2.809300661087036 -14.123308181762695 8
    vertex 1.4114468097686768 -14.330659866333008 24
  endloop
endfacet
facet normal 0 0 0
  outer loop
    vertex 2.809300661087036 -14.123308181762695 8
    vertex 4.1800994873046875 -13.779940605163574 8
    vertex 2.809300661087036 -14.123308181762695 24
  endloop
endfacet
facet normal 0 0 0
  outer loop
    vertex 4.1800994873046875 -13.779940605163574 8
    vertex 5.510641574859619 -13.303865432739258 8
    vertex 4.1800994873046875 -13.779940605163574 24
  endloop
endfacet
facet normal 0 0 0
  outer loop
    vertex 5.510641574859619 -13.303865432739258 8
    vertex 6.788113117218018 -12.699666023254395 8
    vertex 5.510641574859619 -13.303865432739258 24
  endloop
endfacet
facet normal 0 0 0
  outer loop
    vertex 1.4114468097686768 -14.330659866333008 8
    vertex 0 -14.399999618530273 24
    vertex 0.30000001192092896 -14.385261535644531 14
  endloop
endfacet
facet normal 0 0 0
  outer loop
    vertex 0 -14.399999618530273 14
    vertex 0.30000001192092896 -14.385261535644531 14
    vertex 0 -14.399999618530273 24
  endloop
endfacet
facet normal 0 0 0
  outer loop
    vertex 1.4114468097686768 14.330659866333008 8
    vertex 2.809300661087036 14.123308181762695 24
    vertex 2.809300661087036 14.123308181762695 8
  endloop
endfacet
facet normal 0 0 0
  outer loop
    vertex 2.809300661087036 14.123308181762695 8
    vertex 4.1800994873046875 13.779940605163574 24
    vertex 4.1800994873046875 13.779940605163574 8
  endloop
endfacet
facet normal 0 0 0
  outer loop
    vertex 4.1800994873046875 13.779940605163574 8
    vertex 5.510641574859619 13.303865432739258 24
    vertex 5.510641574859619 13.303865432739258 8
  endloop
endfacet
facet normal 0 0 0
  outer loop
    vertex 1.4114468097686768 14.330659866333008 8
    vertex 0.30000001192092896 14.385261535644531 14
    vertex 1.4114468097686768 14.330659866333008 24
  endloop
endfacet
facet normal 0 0 0
  outer loop
    vertex 0 14.399999618530273 14
    vertex 0 14.399999618530273 24
    vertex 0.30000001192092896 14.385261535644531 14
  endloop
endfacet
facet normal 0 0 0
  outer loop
    vertex 6.788113117218018 -12.699666023254395 8
    vertex 8.000211715698242 -11.973162651062012 8
    vertex 6.788113117218018 -12.699666023254395 24
  endloop
endfacet
facet normal 0 0 0
  outer loop
    vertex 8.000211715698242 -11.973162651062012 8
    vertex 9.135263442993164 -11.13135051727295 8
    vertex 8.000211715698242 -11.973162651062012 24
  endloop
endfacet
facet normal 0 0 0
  outer loop
    vertex 9.135263442993164 -11.13135051727295 8
    vertex 10.182337760925293 -10.182337760925293 8
    vertex 9.135263442993164 -11.13135051727295 24
  endloop
endfacet
facet normal 0 0 0
  outer loop
    vertex 10.182337760925293 -10.182337760925293 8
    vertex 11.13135051727295 -9.135263442993164 8
    vertex 10.182337760925293 -10.182337760925293 24
  endloop
endfacet
facet normal 0 0 0
  outer loop
    vertex 11.13135051727295 -9.135263442993164 8
    vertex 11.973162651062012 -8.000211715698242 8
    vertex 11.13135051727295 -9.135263442993164 24
  endloop
endfacet
facet normal 0 0 0
  outer loop
    vertex 5.510641574859619 13.303865432739258 8
    vertex 6.788113117218018 12.699666023254395 24
    vertex 6.788113117218018 12.699666023254395 8
  endloop
endfacet
facet normal 0 0 0
  outer loop
    vertex 6.788113117218018 12.699666023254395 8
    vertex 8.000211715698242 11.973162651062012 24
    vertex 8.000211715698242 11.973162651062012 8
  endloop
endfacet
facet normal 0 0 0
  outer loop
    vertex 8.000211715698242 11.973162651062012 8
    vertex 9.135263442993164 11.13135051727295 24
    vertex 9.135263442993164 11.13135051727295 8
  endloop
endfacet
facet normal 0 0 0
  outer loop
    vertex 9.135263442993164 11.13135051727295 8
    vertex 10.182337760925293 10.182337760925293 24
    vertex 10.182337760925293 10.182337760925293 8
  endloop
endfacet
facet normal 0 0 0
  outer loop
    vertex 10.182337760925293 10.182337760925293 8
    vertex 11.13135051727295 9.135263442993164 24
    vertex 11.13135051727295 9.135263442993164 8
  endloop
endfacet
facet normal 0 0 0
  outer loop
    vertex 11.13135051727295 9.135263442993164 8
    vertex 11.973162651062012 8.000211715698242 24
    vertex 11.973162651062012 8.000211715698242 8
  endloop
endfacet
facet normal 0 0 0
  outer loop
    vertex 1.4114468097686768 -14.330659866333008 8
    vertex 1.4114468097686768 -14.330659866333008 24
    vertex 0 -14.399999618530273 24
  endloop
endfacet
facet normal 0 0 0
  outer loop
    vertex 2.809300661087036 -14.123308181762695 8
    vertex 2.809300661087036 -14.123308181762695 24
    vertex 1.4114468097686768 -14.330659866333008 24
  endloop
endfacet
facet normal 0 0 0
  outer loop
    vertex 4.1800994873046875 -13.779940605163574 8
    vertex 4.1800994873046875 -13.779940605163574 24
    vertex 2.809300661087036 -14.123308181762695 24
  endloop
endfacet
facet normal 0 0 0
  outer loop
    vertex 5.510641574859619 -13.303865432739258 8
    vertex 5.510641574859619 -13.303865432739258 24
    vertex 4.1800994873046875 -13.779940605163574 24
  endloop
endfacet
facet normal 0 0 0
  outer loop
    vertex 0 -14.399999618530273 24
    vertex 1.4114468097686768 -14.330659866333008 24
    vertex 0 -12.050000190734863 24
  endloop
endfacet
facet normal 0 0 0
  outer loop
    vertex 0 -12.050000190734863 24
    vertex 1.4114468097686768 -14.330659866333008 24
    vertex 1.649999976158142 -12.050000190734863 24
  endloop
endfacet
facet normal 0 0 0
  outer loop
    vertex 1.4114468097686768 -14.330659866333008 24
    vertex 2.809300661087036 -14.123308181762695 24
    vertex 1.649999976158142 -12.050000190734863 24
  endloop
endfacet
facet normal 0 0 0
  outer loop
    vertex 1.649999976158142 -12.050000190734863 24
    vertex 2.0289392471313477 -10.200166702270508 24
    vertex 1.649999976158142 -10.256377220153809 24
  endloop
endfacet
facet normal 0 0 0
  outer loop
    vertex 1.649999976158142 -12.050000190734863 24
    vertex 2.809300661087036 -14.123308181762695 24
    vertex 2.0289392471313477 -10.200166702270508 24
  endloop
endfacet
facet normal 0 0 0
  outer loop
    vertex 2.0289392471313477 -10.200166702270508 24
    vertex 2.809300661087036 -14.123308181762695 24
    vertex 4.1800994873046875 -13.779940605163574 24
  endloop
endfacet
facet normal 0 0 0
  outer loop
    vertex 2.0289392471313477 -10.200166702270508 24
    vertex 4.1800994873046875 -13.779940605163574 24
    vertex 3.01896071434021 -9.952179908752441 24
  endloop
endfacet
facet normal 0 0 0
  outer loop
    vertex 3.01896071434021 -9.952179908752441 24
    vertex 4.1800994873046875 -13.779940605163574 24
    vertex 3.979907751083374 -9.608346939086914 24
  endloop
endfacet
facet normal 0 0 0
  outer loop
    vertex 4.1800994873046875 -13.779940605163574 24
    vertex 5.510641574859619 -13.303865432739258 24
    vertex 3.979907751083374 -9.608346939086914 24
  endloop
endfacet
facet normal 0 0 0
  outer loop
    vertex 3.979907751083374 -9.608346939086914 24
    vertex 5.510641574859619 -13.303865432739258 24
    vertex 4.902525901794434 -9.171980857849121 24
  endloop
endfacet
facet normal 0 0 0
  outer loop
    vertex 5.510641574859619 -13.303865432739258 24
    vertex 6.788113117218018 -12.699666023254395 24
    vertex 4.902525901794434 -9.171980857849121 24
  endloop
endfacet
facet normal 0 0 0
  outer loop
    vertex 4.902525901794434 -9.171980857849121 24
    vertex 6.788113117218018 -12.699666023254395 24
    vertex 5.77793025970459 -8.647283554077148 24
  endloop
endfacet
facet normal 0 0 0
  outer loop
    vertex 1.4114468097686768 14.330659866333008 8
    vertex 1.4114468097686768 14.330659866333008 24
    vertex 2.809300661087036 14.123308181762695 24
  endloop
endfacet
facet normal 0 0 0
  outer loop
    vertex 0.30000001192092896 14.385261535644531 14
    vertex 0 14.399999618530273 24
    vertex 1.4114468097686768 14.330659866333008 24
  endloop
endfacet
facet normal 0 0 0
  outer loop
    vertex 2.809300661087036 14.123308181762695 8
    vertex 2.809300661087036 14.123308181762695 24
    vertex 4.1800994873046875 13.779940605163574 24
  endloop
endfacet
facet normal 0 0 0
  outer loop
    vertex 4.1800994873046875 13.779940605163574 8
    vertex 4.1800994873046875 13.779940605163574 24
    vertex 5.510641574859619 13.303865432739258 24
  endloop
endfacet
facet normal 0 0 0
  outer loop
    vertex 5.510641574859619 13.303865432739258 8
    vertex 5.510641574859619 13.303865432739258 24
    vertex 6.788113117218018 12.699666023254395 24
  endloop
endfacet
facet normal 0 0 0
  outer loop
    vertex 0 12.050000190734863 24
    vertex 1.649999976158142 12.050000190734863 24
    vertex 0 14.399999618530273 24
  endloop
endfacet
facet normal 0 0 0
  outer loop
    vertex 0 14.399999618530273 24
    vertex 1.649999976158142 12.050000190734863 24
    vertex 1.4114468097686768 14.330659866333008 24
  endloop
endfacet
facet normal 0 0 0
  outer loop
    vertex 1.649999976158142 10.256377220153809 24
    vertex 2.0289392471313477 10.200166702270508 24
    vertex 1.649999976158142 12.050000190734863 24
  endloop
endfacet
facet normal 0 0 0
  outer loop
    vertex 1.649999976158142 12.050000190734863 24
    vertex 2.0289392471313477 10.200166702270508 24
    vertex 3.01896071434021 9.952179908752441 24
  endloop
endfacet
facet normal 0 0 0
  outer loop
    vertex 1.4114468097686768 14.330659866333008 24
    vertex 1.649999976158142 12.050000190734863 24
    vertex 2.809300661087036 14.123308181762695 24
  endloop
endfacet
facet normal 0 0 0
  outer loop
    vertex 1.649999976158142 12.050000190734863 24
    vertex 3.01896071434021 9.952179908752441 24
    vertex 2.809300661087036 14.123308181762695 24
  endloop
endfacet
facet normal 0 0 0
  outer loop
    vertex 3.979907751083374 9.608346939086914 24
    vertex 4.1800994873046875 13.779940605163574 24
    vertex 3.01896071434021 9.952179908752441 24
  endloop
endfacet
facet normal 0 0 0
  outer loop
    vertex 2.809300661087036 14.123308181762695 24
    vertex 3.01896071434021 9.952179908752441 24
    vertex 4.1800994873046875 13.779940605163574 24
  endloop
endfacet
facet normal 0 0 0
  outer loop
    vertex 3.979907751083374 9.608346939086914 24
    vertex 4.902525901794434 9.171980857849121 24
    vertex 4.1800994873046875 13.779940605163574 24
  endloop
endfacet
facet normal 0 0 0
  outer loop
    vertex 4.1800994873046875 13.779940605163574 24
    vertex 4.902525901794434 9.171980857849121 24
    vertex 5.510641574859619 13.303865432739258 24
  endloop
endfacet
facet normal 0 0 0
  outer loop
    vertex 4.902525901794434 9.171980857849121 24
    vertex 5.77793025970459 8.647283554077148 24
    vertex 5.510641574859619 13.303865432739258 24
  endloop
endfacet
facet normal 0 0 0
  outer loop
    vertex 6.788113117218018 -12.699666023254395 8
    vertex 6.788113117218018 -12.699666023254395 24
    vertex 5.510641574859619 -13.303865432739258 24
  endloop
endfacet
facet normal 0 0 0
  outer loop
    vertex 8.000211715698242 -11.973162651062012 8
    vertex 8.000211715698242 -11.973162651062012 24
    vertex 6.788113117218018 -12.699666023254395 24
  endloop
endfacet
facet normal 0 0 0
  outer loop
    vertex 9.135263442993164 -11.13135051727295 8
    vertex 9.135263442993164 -11.13135051727295 24
    vertex 8.000211715698242 -11.973162651062012 24
  endloop
endfacet
facet normal 0 0 0
  outer loop
    vertex 10.182337760925293 -10.182337760925293 8
    vertex 10.182337760925293 -10.182337760925293 24
    vertex 9.135263442993164 -11.13135051727295 24
  endloop
endfacet
facet normal 0 0 0
  outer loop
    vertex 11.13135051727295 -9.135263442993164 8
    vertex 11.13135051727295 -9.135263442993164 24
    vertex 10.182337760925293 -10.182337760925293 24
  endloop
endfacet
facet normal 0 0 0
  outer loop
    vertex 11.973162651062012 -8.000211715698242 8
    vertex 11.973162651062012 -8.000211715698242 24
    vertex 11.13135051727295 -9.135263442993164 24
  endloop
endfacet
facet normal 0 0 0
  outer loop
    vertex 6.788113117218018 -12.699666023254395 24
    vertex 8.000211715698242 -11.973162651062012 24
    vertex 6.597690105438232 -8.039308547973633 24
  endloop
endfacet
facet normal 0 0 0
  outer loop
    vertex 5.77793025970459 -8.647283554077148 24
    vertex 6.788113117218018 -12.699666023254395 24
    vertex 6.597690105438232 -8.039308547973633 24
  endloop
endfacet
facet normal 0 0 0
  outer loop
    vertex 6.597690105438232 -8.039308547973633 24
    vertex 8.000211715698242 -11.973162651062012 24
    vertex 7.353910446166992 -7.353910446166992 24
  endloop
endfacet
facet normal 0 0 0
  outer loop
    vertex 8.000211715698242 -11.973162651062012 24
    vertex 9.135263442993164 -11.13135051727295 24
    vertex 8.039308547973633 -6.597690105438232 24
  endloop
endfacet
facet normal 0 0 0
  outer loop
    vertex 7.353910446166992 -7.353910446166992 24
    vertex 8.000211715698242 -11.973162651062012 24
    vertex 8.039308547973633 -6.597690105438232 24
  endloop
endfacet
facet normal 0 0 0
  outer loop
    vertex 8.039308547973633 -6.597690105438232 24
    vertex 9.135263442993164 -11.13135051727295 24
    vertex 8.647283554077148 -5.77793025970459 24
  endloop
endfacet
facet normal 0 0 0
  outer loop
    vertex 8.647283554077148 -5.77793025970459 24
    vertex 9.135263442993164 -11.13135051727295 24
    vertex 9.171980857849121 -4.902525901794434 24
  endloop
endfacet
facet normal 0 0 0
  outer loop
    vertex 9.135263442993164 -11.13135051727295 24
    vertex 10.182337760925293 -10.182337760925293 24
    vertex 9.171980857849121 -4.902525901794434 24
  endloop
endfacet
facet normal 0 0 0
  outer loop
    vertex 10.182337760925293 -10.182337760925293 24
    vertex 9.608346939086914 -3.979907751083374 24
    vertex 9.171980857849121 -4.902525901794434 24
  endloop
endfacet
facet normal 0 0 0
  outer loop
    vertex 10.182337760925293 -10.182337760925293 24
    vertex 9.952179908752441 -3.01896071434021 24
    vertex 9.608346939086914 -3.979907751083374 24
  endloop
endfacet
facet normal 0 0 0
  outer loop
    vertex 10.182337760925293 -10.182337760925293 24
    vertex 10.200166702270508 -2.0289392471313477 24
    vertex 9.952179908752441 -3.01896071434021 24
  endloop
endfacet
facet normal 0 0 0
  outer loop
    vertex 10.182337760925293 -10.182337760925293 24
    vertex 11.13135051727295 -9.135263442993164 24
    vertex 10.256377220153809 -1.649999976158142 24
  endloop
endfacet
facet normal 0 0 0
  outer loop
    vertex 11.13135051727295 -9.135263442993164 24
    vertex 11.973162651062012 -8.000211715698242 24
    vertex 10.256377220153809 -1.649999976158142 24
  endloop
endfacet
facet normal 0 0 0
  outer loop
    vertex 10.182337760925293 -10.182337760925293 24
    vertex 10.256377220153809 -1.649999976158142 24
    vertex 10.200166702270508 -2.0289392471313477 24
  endloop
endfacet
facet normal 0 0 0
  outer loop
    vertex 11.973162651062012 -8.000211715698242 24
    vertex 12.050000190734863 -1.649999976158142 24
    vertex 10.256377220153809 -1.649999976158142 24
  endloop
endfacet
facet normal 0 0 0
  outer loop
    vertex 10.256377220153809 1.649999976158142 24
    vertex 11.13135051727295 9.135263442993164 24
    vertex 10.200166702270508 2.0289392471313477 24
  endloop
endfacet
facet normal 0 0 0
  outer loop
    vertex 10.256377220153809 1.649999976158142 24
    vertex 12.050000190734863 1.649999976158142 24
    vertex 11.13135051727295 9.135263442993164 24
  endloop
endfacet
facet normal 0 0 0
  outer loop
    vertex 6.788113117218018 12.699666023254395 8
    vertex 6.788113117218018 12.699666023254395 24
    vertex 8.000211715698242 11.973162651062012 24
  endloop
endfacet
facet normal 0 0 0
  outer loop
    vertex 8.000211715698242 11.973162651062012 8
    vertex 8.000211715698242 11.973162651062012 24
    vertex 9.135263442993164 11.13135051727295 24
  endloop
endfacet
facet normal 0 0 0
  outer loop
    vertex 10.182337760925293 10.182337760925293 8
    vertex 10.182337760925293 10.182337760925293 24
    vertex 11.13135051727295 9.135263442993164 24
  endloop
endfacet
facet normal 0 0 0
  outer loop
    vertex 9.135263442993164 11.13135051727295 8
    vertex 9.135263442993164 11.13135051727295 24
    vertex 10.182337760925293 10.182337760925293 24
  endloop
endfacet
facet normal 0 0 0
  outer loop
    vertex 11.13135051727295 9.135263442993164 8
    vertex 11.13135051727295 9.135263442993164 24
    vertex 11.973162651062012 8.000211715698242 24
  endloop
endfacet
facet normal 0 0 0
  outer loop
    vertex 5.77793025970459 8.647283554077148 24
    vertex 6.597690105438232 8.039308547973633 24
    vertex 6.788113117218018 12.699666023254395 24
  endloop
endfacet
facet normal 0 0 0
  outer loop
    vertex 6.597690105438232 8.039308547973633 24
    vertex 7.353910446166992 7.353910446166992 24
    vertex 6.788113117218018 12.699666023254395 24
  endloop
endfacet
facet normal 0 0 0
  outer loop
    vertex 5.77793025970459 8.647283554077148 24
    vertex 6.788113117218018 12.699666023254395 24
    vertex 5.510641574859619 13.303865432739258 24
  endloop
endfacet
facet normal 0 0 0
  outer loop
    vertex 7.353910446166992 7.353910446166992 24
    vertex 8.000211715698242 11.973162651062012 24
    vertex 6.788113117218018 12.699666023254395 24
  endloop
endfacet
facet normal 0 0 0
  outer loop
    vertex 7.353910446166992 7.353910446166992 24
    vertex 8.039308547973633 6.597690105438232 24
    vertex 8.000211715698242 11.973162651062012 24
  endloop
endfacet
facet normal 0 0 0
  outer loop
    vertex 9.171980857849121 4.902525901794434 24
    vertex 9.135263442993164 11.13135051727295 24
    vertex 8.647283554077148 5.77793025970459 24
  endloop
endfacet
facet normal 0 0 0
  outer loop
    vertex 8.039308547973633 6.597690105438232 24
    vertex 8.647283554077148 5.77793025970459 24
    vertex 9.135263442993164 11.13135051727295 24
  endloop
endfacet
facet normal 0 0 0
  outer loop
    vertex 8.039308547973633 6.597690105438232 24
    vertex 9.135263442993164 11.13135051727295 24
    vertex 8.000211715698242 11.973162651062012 24
  endloop
endfacet
facet normal 0 0 0
  outer loop
    vertex 9.171980857849121 4.902525901794434 24
    vertex 9.608346939086914 3.979907751083374 24
    vertex 10.182337760925293 10.182337760925293 24
  endloop
endfacet
facet normal 0 0 0
  outer loop
    vertex 9.171980857849121 4.902525901794434 24
    vertex 10.182337760925293 10.182337760925293 24
    vertex 9.135263442993164 11.13135051727295 24
  endloop
endfacet
facet normal 0 0 0
  outer loop
    vertex 9.608346939086914 3.979907751083374 24
    vertex 9.952179908752441 3.01896071434021 24
    vertex 10.182337760925293 10.182337760925293 24
  endloop
endfacet
facet normal 0 0 0
  outer loop
    vertex 10.200166702270508 2.0289392471313477 24
    vertex 10.182337760925293 10.182337760925293 24
    vertex 9.952179908752441 3.01896071434021 24
  endloop
endfacet
facet normal 0 0 0
  outer loop
    vertex 10.200166702270508 2.0289392471313477 24
    vertex 11.13135051727295 9.135263442993164 24
    vertex 10.182337760925293 10.182337760925293 24
  endloop
endfacet
facet normal 0 0 0
  outer loop
    vertex 11.13135051727295 9.135263442993164 24
    vertex 12.050000190734863 1.649999976158142 24
    vertex 11.973162651062012 8.000211715698242 24
  endloop
endfacet
facet normal 0 0 0
  outer loop
    vertex 11.973162651062012 -8.000211715698242 8
    vertex 12.699666023254395 -6.788113117218018 8
    vertex 11.973162651062012 -8.000211715698242 24
  endloop
endfacet
facet normal 0 0 0
  outer loop
    vertex 12.699666023254395 -6.788113117218018 8
    vertex 13.303865432739258 -5.510641574859619 8
    vertex 12.699666023254395 -6.788113117218018 24
  endloop
endfacet
facet normal 0 0 0
  outer loop
    vertex 13.303865432739258 -5.510641574859619 8
    vertex 13.779940605163574 -4.1800994873046875 8
    vertex 13.303865432739258 -5.510641574859619 24
  endloop
endfacet
facet normal 0 0 0
  outer loop
    vertex 13.779940605163574 -4.1800994873046875 8
    vertex 14.123308181762695 -2.809300661087036 8
    vertex 13.779940605163574 -4.1800994873046875 24
  endloop
endfacet
facet normal 0 0 0
  outer loop
    vertex 14.123308181762695 -2.809300661087036 8
    vertex 14.330659866333008 -1.4114468097686768 8
    vertex 14.123308181762695 -2.809300661087036 24
  endloop
endfacet
facet normal 0 0 0
  outer loop
    vertex 14.330659866333008 -1.4114468097686768 8
    vertex 14.399999618530273 0 8
    vertex 14.330659866333008 -1.4114468097686768 24
  endloop
endfacet
facet normal 0 0 0
  outer loop
    vertex 13.779940605163574 4.1800994873046875 8
    vertex 13.303865432739258 5.510641574859619 8
    vertex 13.779940605163574 4.1800994873046875 24
  endloop
endfacet
facet normal 0 0 0
  outer loop
    vertex 13.779940605163574 4.1800994873046875 8
    vertex 14.123308181762695 2.809300661087036 24
    vertex 14.123308181762695 2.809300661087036 8
  endloop
endfacet
facet normal 0 0 0
  outer loop
    vertex 14.399999618530273 0 8
    vertex 14.330659866333008 1.4114468097686768 8
    vertex 14.399999618530273 0 24
  endloop
endfacet
facet normal 0 0 0
  outer loop
    vertex 14.123308181762695 2.809300661087036 8
    vertex 14.330659866333008 1.4114468097686768 24
    vertex 14.330659866333008 1.4114468097686768 8
  endloop
endfacet
facet normal 0 0 0
  outer loop
    vertex 11.973162651062012 8.000211715698242 8
    vertex 12.699666023254395 6.788113117218018 24
    vertex 12.699666023254395 6.788113117218018 8
  endloop
endfacet
facet normal 0 0 0
  outer loop
    vertex 12.699666023254395 6.788113117218018 8
    vertex 13.303865432739258 5.510641574859619 24
    vertex 13.303865432739258 5.510641574859619 8
  endloop
endfacet
facet normal 0 0 0
  outer loop
    vertex 12.699666023254395 -6.788113117218018 8
    vertex 12.699666023254395 -6.788113117218018 24
    vertex 11.973162651062012 -8.000211715698242 24
  endloop
endfacet
facet normal 0 0 0
  outer loop
    vertex 13.303865432739258 -5.510641574859619 8
    vertex 13.303865432739258 -5.510641574859619 24
    vertex 12.699666023254395 -6.788113117218018 24
  endloop
endfacet
facet normal 0 0 0
  outer loop
    vertex 13.779940605163574 -4.1800994873046875 8
    vertex 13.779940605163574 -4.1800994873046875 24
    vertex 13.303865432739258 -5.510641574859619 24
  endloop
endfacet
facet normal 0 0 0
  outer loop
    vertex 14.123308181762695 -2.809300661087036 8
    vertex 14.123308181762695 -2.809300661087036 24
    vertex 13.779940605163574 -4.1800994873046875 24
  endloop
endfacet
facet normal 0 0 0
  outer loop
    vertex 14.330659866333008 -1.4114468097686768 8
    vertex 14.330659866333008 -1.4114468097686768 24
    vertex 14.123308181762695 -2.809300661087036 24
  endloop
endfacet
facet normal 0 0 0
  outer loop
    vertex 14.399999618530273 0 8
    vertex 14.399999618530273 0 24
    vertex 14.330659866333008 -1.4114468097686768 24
  endloop
endfacet
facet normal 0 0 0
  outer loop
    vertex 14.123308181762695 2.809300661087036 8
    vertex 14.123308181762695 2.809300661087036 24
    vertex 14.330659866333008 1.4114468097686768 24
  endloop
endfacet
facet normal 0 0 0
  outer loop
    vertex 13.779940605163574 4.1800994873046875 8
    vertex 13.779940605163574 4.1800994873046875 24
    vertex 14.123308181762695 2.809300661087036 24
  endloop
endfacet
facet normal 0 0 0
  outer loop
    vertex 14.330659866333008 1.4114468097686768 8
    vertex 14.330659866333008 1.4114468097686768 24
    vertex 14.399999618530273 0 24
  endloop
endfacet
facet normal 0 0 0
  outer loop
    vertex 11.973162651062012 -8.000211715698242 24
    vertex 12.699666023254395 -6.788113117218018 24
    vertex 12.699666023254395 6.788113117218018 24
  endloop
endfacet
facet normal 0 0 0
  outer loop
    vertex 11.973162651062012 -8.000211715698242 24
    vertex 12.699666023254395 6.788113117218018 24
    vertex 12.050000190734863 -1.649999976158142 24
  endloop
endfacet
facet normal 0 0 0
  outer loop
    vertex 12.699666023254395 -6.788113117218018 24
    vertex 13.303865432739258 -5.510641574859619 24
    vertex 13.303865432739258 5.510641574859619 24
  endloop
endfacet
facet normal 0 0 0
  outer loop
    vertex 12.050000190734863 -1.649999976158142 24
    vertex 12.699666023254395 6.788113117218018 24
    vertex 12.050000190734863 1.649999976158142 24
  endloop
endfacet
facet normal 0 0 0
  outer loop
    vertex 12.699666023254395 -6.788113117218018 24
    vertex 13.303865432739258 5.510641574859619 24
    vertex 12.699666023254395 6.788113117218018 24
  endloop
endfacet
facet normal 0 0 0
  outer loop
    vertex 13.303865432739258 -5.510641574859619 24
    vertex 13.779940605163574 4.1800994873046875 24
    vertex 13.303865432739258 5.510641574859619 24
  endloop
endfacet
facet normal 0 0 0
  outer loop
    vertex 13.303865432739258 -5.510641574859619 24
    vertex 13.779940605163574 -4.1800994873046875 24
    vertex 13.779940605163574 4.1800994873046875 24
  endloop
endfacet
facet normal 0 0 0
  outer loop
    vertex 13.779940605163574 -4.1800994873046875 24
    vertex 14.123308181762695 -2.809300661087036 24
    vertex 14.123308181762695 2.809300661087036 24
  endloop
endfacet
facet normal 0 0 0
  outer loop
    vertex 14.123308181762695 -2.809300661087036 24
    vertex 14.330659866333008 -1.4114468097686768 24
    vertex 14.330659866333008 1.4114468097686768 24
  endloop
endfacet
facet normal 0 0 0
  outer loop
    vertex 14.330659866333008 -1.4114468097686768 24
    vertex 14.399999618530273 0 24
    vertex 14.330659866333008 1.4114468097686768 24
  endloop
endfacet
facet normal 0 0 0
  outer loop
    vertex 13.779940605163574 -4.1800994873046875 24
    vertex 14.123308181762695 2.809300661087036 24
    vertex 13.779940605163574 4.1800994873046875 24
  endloop
endfacet
facet normal 0 0 0
  outer loop
    vertex 14.123308181762695 -2.809300661087036 24
    vertex 14.330659866333008 1.4114468097686768 24
    vertex 14.123308181762695 2.809300661087036 24
  endloop
endfacet
facet normal 0 0 0
  outer loop
    vertex 11.973162651062012 8.000211715698242 8
    vertex 11.973162651062012 8.000211715698242 24
    vertex 12.699666023254395 6.788113117218018 24
  endloop
endfacet
facet normal 0 0 0
  outer loop
    vertex 12.699666023254395 6.788113117218018 8
    vertex 12.699666023254395 6.788113117218018 24
    vertex 13.303865432739258 5.510641574859619 24
  endloop
endfacet
facet normal 0 0 0
  outer loop
    vertex 13.303865432739258 5.510641574859619 8
    vertex 13.303865432739258 5.510641574859619 24
    vertex 13.779940605163574 4.1800994873046875 24
  endloop
endfacet
facet normal 0 0 0
  outer loop
    vertex 11.973162651062012 8.000211715698242 24
    vertex 12.050000190734863 1.649999976158142 24
    vertex 12.699666023254395 6.788113117218018 24
  endloop
endfacet
facet normal 0 0 0
  outer loop
    vertex 0 -54.400001525878906 0
    vertex 0 -52.04999923706055 0
    vertex 1.649999976158142 -52.04999923706055 0
  endloop
endfacet
facet normal 0 0 0
  outer loop
    vertex 0 -54.400001525878906 0
    vertex 1.649999976158142 -52.04999923706055 0
    vertex 1.4114468097686768 -54.33066177368164 0
  endloop
endfacet
facet normal 0 0 0
  outer loop
    vertex 1.649999976158142 -52.04999923706055 0
    vertex 1.649999976158142 -50.256378173828125 0
    vertex 2.0289392471313477 -50.20016860961914 0
  endloop
endfacet
facet normal 0 0 0
  outer loop
    vertex 1.649999976158142 -52.04999923706055 0
    vertex 2.0289392471313477 -50.20016860961914 0
    vertex 3.01896071434021 -49.952178955078125 0
  endloop
endfacet
facet normal 0 0 0
  outer loop
    vertex 1.4114468097686768 -54.33066177368164 0
    vertex 1.649999976158142 -52.04999923706055 0
    vertex 3.979907751083374 -49.60834884643555 0
  endloop
endfacet
facet normal 0 0 0
  outer loop
    vertex 1.649999976158142 -52.04999923706055 0
    vertex 3.01896071434021 -49.952178955078125 0
    vertex 3.979907751083374 -49.60834884643555 0
  endloop
endfacet
facet normal 0 0 0
  outer loop
    vertex 1.4114468097686768 -54.33066177368164 0
    vertex 3.979907751083374 -49.60834884643555 0
    vertex 4.902525901794434 -49.17198181152344 0
  endloop
endfacet
facet normal 0 0 0
  outer loop
    vertex 1.4114468097686768 -54.33066177368164 0
    vertex 4.902525901794434 -49.17198181152344 0
    vertex 5.77793025970459 -48.64728546142578 0
  endloop
endfacet
facet normal 0 0 0
  outer loop
    vertex 1.4114468097686768 -54.33066177368164 0
    vertex 9.436477661132812 -45 0
    vertex 2.809300661087036 -54.12330627441406 0
  endloop
endfacet
facet normal 0 0 0
  outer loop
    vertex 1.4114468097686768 -54.33066177368164 0
    vertex 5.77793025970459 -48.64728546142578 0
    vertex 6.597690105438232 -48.039310455322266 0
  endloop
endfacet
facet normal 0 0 0
  outer loop
    vertex 1.4114468097686768 -54.33066177368164 0
    vertex 6.597690105438232 -48.039310455322266 0
    vertex 7.353910446166992 -47.353912353515625 0
  endloop
endfacet
facet normal 0 0 0
  outer loop
    vertex 2.809300661087036 -54.12330627441406 0
    vertex 9.436477661132812 -45 0
    vertex 4.1800994873046875 -53.77994155883789 0
  endloop
endfacet
facet normal 0 0 0
  outer loop
    vertex 1.4114468097686768 -54.33066177368164 0
    vertex 7.353910446166992 -47.353912353515625 0
    vertex 8.039308547973633 -46.59769058227539 0
  endloop
endfacet
facet normal 0 0 0
  outer loop
    vertex 0 -54.400001525878906 0
    vertex 1.4114468097686768 -54.33066177368164 0
    vertex 0 -54.400001525878906 16
  endloop
endfacet
facet normal 0 0 0
  outer loop
    vertex 1.4114468097686768 -54.33066177368164 0
    vertex 1.4114468097686768 -54.33066177368164 1.2000000476837158
    vertex 0 -54.400001525878906 16
  endloop
endfacet
facet normal 0 0 0
  outer loop
    vertex 2.809300661087036 -54.12330627441406 0
    vertex 2.809300661087036 -54.12330627441406 16
    vertex 2.7044615745544434 -54.138858795166016 1.2000000476837158
  endloop
endfacet
facet normal 0 0 0
  outer loop
    vertex 2.809300661087036 -54.12330627441406 0
    vertex 4.1800994873046875 -53.77994155883789 0
    vertex 2.809300661087036 -54.12330627441406 16
  endloop
endfacet
facet normal 0 0 0
  outer loop
    vertex 4.1800994873046875 -53.77994155883789 0
    vertex 5.510641574859619 -53.303863525390625 0
    vertex 4.1800994873046875 -53.77994155883789 16
  endloop
endfacet
facet normal 0 0 0
  outer loop
    vertex 5.510641574859619 -53.303863525390625 0
    vertex 6.788113117218018 -52.69966506958008 0
    vertex 5.510641574859619 -53.303863525390625 16
  endloop
endfacet
facet normal 0 0 0
  outer loop
    vertex 4.1800994873046875 -53.77994155883789 0
    vertex 9.436477661132812 -45 0
    vertex 5.510641574859619 -53.303863525390625 0
  endloop
endfacet
facet normal 0 0 0
  outer loop
    vertex 5.510641574859619 -53.303863525390625 0
    vertex 9.436477661132812 -45 0
    vertex 6.788113117218018 -52.69966506958008 0
  endloop
endfacet
facet normal 0 0 0
  outer loop
    vertex 1.4114468097686768 -54.33066177368164 0
    vertex 8.039308547973633 -46.59769058227539 0
    vertex 9.436477661132812 -45 0
  endloop
endfacet
facet normal 0 0 0
  outer loop
    vertex 6.788113117218018 -52.69966506958008 0
    vertex 9.436477661132812 -45 0
    vertex 8.000211715698242 -51.97316360473633 0
  endloop
endfacet
facet normal 0 0 0
  outer loop
    vertex 8.000211715698242 -51.97316360473633 0
    vertex 9.135263442993164 -51.131351470947266 0
    vertex 8.000211715698242 -51.97316360473633 1.2000000476837158
  endloop
endfacet
facet normal 0 0 0
  outer loop
    vertex 8.000211715698242 -51.97316360473633 0
    vertex 9.436477661132812 -45 0
    vertex 9.135263442993164 -51.131351470947266 0
  endloop
endfacet
facet normal 0 0 0
  outer loop
    vertex 8.039308547973633 -46.59769058227539 0
    vertex 8.647283554077148 -45.777931213378906 0
    vertex 9.436477661132812 -45 0
  endloop
endfacet
facet normal 0 0 0
  outer loop
    vertex 8.647283554077148 -45.777931213378906 0
    vertex 9.113557815551758 -45 0
    vertex 9.436477661132812 -45 0
  endloop
endfacet
facet normal 0 0 0
  outer loop
    vertex 10.182337760925293 -50.18233871459961 0
    vertex 10.182337760925293 -45 0
    vertex 10.436929702758789 -45 0
  endloop
endfacet
facet normal 0 0 0
  outer loop
    vertex 6.788113117218018 -52.69966506958008 0
    vertex 6.788113117218018 -52.69966506958008 1.2000000476837158
    vertex 5.510641574859619 -53.303863525390625 16
  endloop
endfacet
facet normal 0 0 0
  outer loop
    vertex 8.000211715698242 -51.97316360473633 1.2000000476837158
    vertex 9.135263442993164 -51.131351470947266 0
    vertex 8.000211715698242 -51.97316360473633 16
  endloop
endfacet
facet normal 0 0 0
  outer loop
    vertex 9.135263442993164 -51.131351470947266 0
    vertex 10.182337760925293 -50.18233871459961 0
    vertex 9.135263442993164 -51.131351470947266 16
  endloop
endfacet
facet normal 0 0 0
  outer loop
    vertex 10.182337760925293 -50.18233871459961 0
    vertex 11.13135051727295 -49.13526153564453 0
    vertex 10.182337760925293 -50.18233871459961 16
  endloop
endfacet
facet normal 0 0 0
  outer loop
    vertex 11.13135051727295 -49.13526153564453 0
    vertex 11.13135051727295 -49.13526153564453 1.2000000476837158
    vertex 10.182337760925293 -50.18233871459961 16
  endloop
endfacet
facet normal 0 0 0
  outer loop
    vertex 11.973162651062012 -48.00020980834961 0
    vertex 11.973162651062012 -48.00020980834961 16
    vertex 11.910026550292969 -48.0853385925293 1.2000000476837158
  endloop
endfacet
facet normal 0 0 0
  outer loop
    vertex 1.4114468097686768 -54.33066177368164 1.2000000476837158
    vertex 2.7044615745544434 -54.138858795166016 1.2000000476837158
    vertex 1.4114468097686768 -54.33066177368164 16
  endloop
endfacet
facet normal 0 0 0
  outer loop
    vertex 1.4114468097686768 -54.33066177368164 1.2000000476837158
    vertex 1.4114468097686768 -54.33066177368164 16
    vertex 0 -54.400001525878906 16
  endloop
endfacet
facet normal 0 0 0
  outer loop
    vertex 2.7044615745544434 -54.138858795166016 1.2000000476837158
    vertex 2.809300661087036 -54.12330627441406 16
    vertex 1.4114468097686768 -54.33066177368164 16
  endloop
endfacet
facet normal 0 0 0
  outer loop
    vertex 4.1800994873046875 -53.77994155883789 0
    vertex 4.1800994873046875 -53.77994155883789 16
    vertex 2.809300661087036 -54.12330627441406 16
  endloop
endfacet
facet normal 0 0 0
  outer loop
    vertex 5.510641574859619 -53.303863525390625 0
    vertex 5.510641574859619 -53.303863525390625 16
    vertex 4.1800994873046875 -53.77994155883789 16
  endloop
endfacet
facet normal 0 0 0
  outer loop
    vertex 0.30000001192092896 -25.61473846435547 8
    vertex 0.30000001192092896 -25.61473846435547 14
    vertex 1.4114468097686768 -25.669340133666992 8
  endloop
endfacet
facet normal 0 0 0
  outer loop
    vertex 1.4114468097686768 -25.669340133666992 8
    vertex 2.809300661087036 -25.876691818237305 16
    vertex 2.809300661087036 -25.876691818237305 8
  endloop
endfacet
facet normal 0 0 0
  outer loop
    vertex 2.809300661087036 -25.876691818237305 8
    vertex 4.1800994873046875 -26.22005844116211 16
    vertex 4.1800994873046875 -26.22005844116211 8
  endloop
endfacet
facet normal 0 0 0
  outer loop
    vertex 4.1800994873046875 -26.22005844116211 8
    vertex 5.510641574859619 -26.696134567260742 16
    vertex 5.510641574859619 -26.696134567260742 8
  endloop
endfacet
facet normal 0 0 0
  outer loop
    vertex 6.788113117218018 -52.69966506958008 1.2000000476837158
    vertex 8.000211715698242 -51.97316360473633 1.2000000476837158
    vertex 8.000211715698242 -51.97316360473633 16
  endloop
endfacet
facet normal 0 0 0
  outer loop
    vertex 11.13135051727295 -49.13526153564453 1.2000000476837158
    vertex 11.910026550292969 -48.0853385925293 1.2000000476837158
    vertex 11.13135051727295 -49.13526153564453 16
  endloop
endfacet
facet normal 0 0 0
  outer loop
    vertex 6.788113117218018 -52.69966506958008 1.2000000476837158
    vertex 6.788113117218018 -52.69966506958008 16
    vertex 5.510641574859619 -53.303863525390625 16
  endloop
endfacet
facet normal 0 0 0
  outer loop
    vertex 6.788113117218018 -52.69966506958008 1.2000000476837158
    vertex 8.000211715698242 -51.97316360473633 16
    vertex 6.788113117218018 -52.69966506958008 16
  endloop
endfacet
facet normal 0 0 0
  outer loop
    vertex 9.135263442993164 -51.131351470947266 0
    vertex 9.135263442993164 -51.131351470947266 16
    vertex 8.000211715698242 -51.97316360473633 16
  endloop
endfacet
facet normal 0 0 0
  outer loop
    vertex 10.182337760925293 -50.18233871459961 0
    vertex 10.182337760925293 -50.18233871459961 16
    vertex 9.135263442993164 -51.131351470947266 16
  endloop
endfacet
facet normal 0 0 0
  outer loop
    vertex 11.13135051727295 -49.13526153564453 1.2000000476837158
    vertex 11.13135051727295 -49.13526153564453 16
    vertex 10.182337760925293 -50.18233871459961 16
  endloop
endfacet
facet normal 0 0 0
  outer loop
    vertex 11.910026550292969 -48.0853385925293 1.2000000476837158
    vertex 11.973162651062012 -48.00020980834961 16
    vertex 11.13135051727295 -49.13526153564453 16
  endloop
endfacet
facet normal 0 0 0
  outer loop
    vertex 5.510641574859619 -26.696134567260742 8
    vertex 6.788113117218018 -27.30033302307129 16
    vertex 6.788113117218018 -27.30033302307129 8
  endloop
endfacet
facet normal 0 0 0
  outer loop
    vertex 6.788113117218018 -27.30033302307129 8
    vertex 8.000211715698242 -28.026838302612305 16
    vertex 8.000211715698242 -28.026838302612305 8
  endloop
endfacet
facet normal 0 0 0
  outer loop
    vertex 8.000211715698242 -28.026838302612305 8
    vertex 9.135263442993164 -28.868648529052734 16
    vertex 9.135263442993164 -28.868648529052734 8
  endloop
endfacet
facet normal 0 0 0
  outer loop
    vertex 10.182337760925293 -29.817663192749023 8
    vertex 9.135263442993164 -28.868648529052734 8
    vertex 10.182337760925293 -29.817663192749023 16
  endloop
endfacet
facet normal 0 0 0
  outer loop
    vertex 10.182337760925293 -29.817663192749023 8
    vertex 11.13135051727295 -30.864736557006836 16
    vertex 11.13135051727295 -30.864736557006836 8
  endloop
endfacet
facet normal 0 0 0
  outer loop
    vertex 11.13135051727295 -30.864736557006836 8
    vertex 11.973162651062012 -31.999788284301758 16
    vertex 11.973162651062012 -31.999788284301758 8
  endloop
endfacet
facet normal 0 0 0
  outer loop
    vertex 11.973162651062012 -48.00020980834961 0
    vertex 12.699666023254395 -46.78811264038086 0
    vertex 12.64517879486084 -46.87902069091797 1.2000000476837158
  endloop
endfacet
facet normal 0 0 0
  outer loop
    vertex 11.973162651062012 -48.00020980834961 0
    vertex 11.973162651062012 -45 0
    vertex 12.120553016662598 -45 0
  endloop
endfacet
facet normal 0 0 0
  outer loop
    vertex 12.699666023254395 -46.78811264038086 0
    vertex 13.303865432739258 -45 0
    vertex 13.303865432739258 -45.510643005371094 0
  endloop
endfacet
facet normal 0 0 0
  outer loop
    vertex 12.699666023254395 -46.78811264038086 0
    vertex 12.699666023254395 -45 0
    vertex 13.303865432739258 -45 0
  endloop
endfacet
facet normal 0 0 0
  outer loop
    vertex 12.699666023254395 -46.78811264038086 0
    vertex 13.303865432739258 -45.510643005371094 0
    vertex 12.699666023254395 -46.78811264038086 1.2000000476837158
  endloop
endfacet
facet normal 0 0 0
  outer loop
    vertex 13.303865432739258 -45.510643005371094 0
    vertex 13.486576080322266 -45 0
    vertex 13.486576080322266 -45 8
  endloop
endfacet
facet normal 0 0 0
  outer loop
    vertex 11.973162651062012 -48.00020980834961 0
    vertex 12.64517879486084 -46.87902069091797 1.2000000476837158
    vertex 11.973162651062012 -48.00020980834961 16
  endloop
endfacet
facet normal 0 0 0
  outer loop
    vertex 13.303865432739258 -45.510643005371094 0
    vertex 12.699666023254395 -46.78811264038086 16
    vertex 12.699666023254395 -46.78811264038086 1.2000000476837158
  endloop
endfacet
facet normal 0 0 0
  outer loop
    vertex 12.64517879486084 -46.87902069091797 1.2000000476837158
    vertex 12.699666023254395 -46.78811264038086 1.2000000476837158
    vertex 12.699666023254395 -46.78811264038086 16
  endloop
endfacet
facet normal 0 0 0
  outer loop
    vertex 13.303865432739258 -45.510643005371094 0
    vertex 13.486576080322266 -45 8
    vertex 13.303865432739258 -45.510643005371094 16
  endloop
endfacet
facet normal 0 0 0
  outer loop
    vertex 12.64517879486084 -46.87902069091797 1.2000000476837158
    vertex 12.699666023254395 -46.78811264038086 16
    vertex 11.973162651062012 -48.00020980834961 16
  endloop
endfacet
facet normal 0 0 0
  outer loop
    vertex 13.303865432739258 -45.510643005371094 0
    vertex 13.303865432739258 -45.510643005371094 16
    vertex 12.699666023254395 -46.78811264038086 16
  endloop
endfacet
facet normal 0 0 0
  outer loop
    vertex 13.486576080322266 -45 8
    vertex 13.779940605163574 -44.18009948730469 8
    vertex 13.303865432739258 -45.510643005371094 16
  endloop
endfacet
facet normal 0 0 0
  outer loop
    vertex 13.779940605163574 -44.18009948730469 8
    vertex 14.123308181762695 -42.80929946899414 8
    vertex 13.779940605163574 -44.18009948730469 16
  endloop
endfacet
facet normal 0 0 0
  outer loop
    vertex 14.123308181762695 -42.80929946899414 8
    vertex 14.330659866333008 -41.41144561767578 8
    vertex 14.123308181762695 -42.80929946899414 16
  endloop
endfacet
facet normal 0 0 0
  outer loop
    vertex 14.330659866333008 -41.41144561767578 8
    vertex 14.399999618530273 -40 8
    vertex 14.330659866333008 -41.41144561767578 16
  endloop
endfacet
facet normal 0 0 0
  outer loop
    vertex 13.779940605163574 -35.81990051269531 8
    vertex 13.303865432739258 -34.489356994628906 8
    vertex 13.779940605163574 -35.81990051269531 16
  endloop
endfacet
facet normal 0 0 0
  outer loop
    vertex 14.123308181762695 -37.19070053100586 8
    vertex 13.779940605163574 -35.81990051269531 8
    vertex 14.123308181762695 -37.19070053100586 16
  endloop
endfacet
facet normal 0 0 0
  outer loop
    vertex 14.399999618530273 -40 8
    vertex 14.330659866333008 -38.58855438232422 8
    vertex 14.399999618530273 -40 16
  endloop
endfacet
facet normal 0 0 0
  outer loop
    vertex 14.123308181762695 -37.19070053100586 8
    vertex 14.330659866333008 -38.58855438232422 16
    vertex 14.330659866333008 -38.58855438232422 8
  endloop
endfacet
facet normal 0 0 0
  outer loop
    vertex 11.973162651062012 -31.999788284301758 8
    vertex 12.699666023254395 -33.21188735961914 16
    vertex 12.699666023254395 -33.21188735961914 8
  endloop
endfacet
facet normal 0 0 0
  outer loop
    vertex 12.699666023254395 -33.21188735961914 8
    vertex 13.303865432739258 -34.489356994628906 16
    vertex 13.303865432739258 -34.489356994628906 8
  endloop
endfacet
facet normal 0 0 0
  outer loop
    vertex 0 -54.400001525878906 16
    vertex 1.4114468097686768 -54.33066177368164 16
    vertex 0 -52.04999923706055 16
  endloop
endfacet
facet normal 0 0 0
  outer loop
    vertex 0 -52.04999923706055 16
    vertex 1.4114468097686768 -54.33066177368164 16
    vertex 1.649999976158142 -52.04999923706055 16
  endloop
endfacet
facet normal 0 0 0
  outer loop
    vertex 1.4114468097686768 -54.33066177368164 16
    vertex 2.809300661087036 -54.12330627441406 16
    vertex 1.649999976158142 -52.04999923706055 16
  endloop
endfacet
facet normal 0 0 0
  outer loop
    vertex 1.649999976158142 -52.04999923706055 16
    vertex 2.809300661087036 -54.12330627441406 16
    vertex 2.0289392471313477 -50.20016860961914 16
  endloop
endfacet
facet normal 0 0 0
  outer loop
    vertex 1.649999976158142 -52.04999923706055 16
    vertex 2.0289392471313477 -50.20016860961914 16
    vertex 1.649999976158142 -50.256378173828125 16
  endloop
endfacet
facet normal 0 0 0
  outer loop
    vertex 2.0289392471313477 -50.20016860961914 16
    vertex 2.809300661087036 -54.12330627441406 16
    vertex 4.1800994873046875 -53.77994155883789 16
  endloop
endfacet
facet normal 0 0 0
  outer loop
    vertex 2.0289392471313477 -50.20016860961914 16
    vertex 4.1800994873046875 -53.77994155883789 16
    vertex 3.01896071434021 -49.952178955078125 16
  endloop
endfacet
facet normal 0 0 0
  outer loop
    vertex 3.01896071434021 -49.952178955078125 16
    vertex 4.1800994873046875 -53.77994155883789 16
    vertex 3.979907751083374 -49.60834884643555 16
  endloop
endfacet
facet normal 0 0 0
  outer loop
    vertex 4.1800994873046875 -53.77994155883789 16
    vertex 5.510641574859619 -53.303863525390625 16
    vertex 3.979907751083374 -49.60834884643555 16
  endloop
endfacet
facet normal 0 0 0
  outer loop
    vertex 3.979907751083374 -49.60834884643555 16
    vertex 5.510641574859619 -53.303863525390625 16
    vertex 4.902525901794434 -49.17198181152344 16
  endloop
endfacet
facet normal 0 0 0
  outer loop
    vertex 5.510641574859619 -53.303863525390625 16
    vertex 6.788113117218018 -52.69966506958008 16
    vertex 4.902525901794434 -49.17198181152344 16
  endloop
endfacet
facet normal 0 0 0
  outer loop
    vertex 4.902525901794434 -49.17198181152344 16
    vertex 6.788113117218018 -52.69966506958008 16
    vertex 5.77793025970459 -48.64728546142578 16
  endloop
endfacet
facet normal 0 0 0
  outer loop
    vertex 1.4114468097686768 -25.669340133666992 8
    vertex 0.30000001192092896 -25.61473846435547 14
    vertex 1.4114468097686768 -25.669340133666992 16
  endloop
endfacet
facet normal 0 0 0
  outer loop
    vertex 1.4114468097686768 -25.669340133666992 8
    vertex 1.4114468097686768 -25.669340133666992 16
    vertex 2.809300661087036 -25.876691818237305 16
  endloop
endfacet
facet normal 0 0 0
  outer loop
    vertex 0 -25.600000381469727 14
    vertex 0 -25.600000381469727 16
    vertex 0.30000001192092896 -25.61473846435547 14
  endloop
endfacet
facet normal 0 0 0
  outer loop
    vertex 2.809300661087036 -25.876691818237305 8
    vertex 2.809300661087036 -25.876691818237305 16
    vertex 4.1800994873046875 -26.22005844116211 16
  endloop
endfacet
facet normal 0 0 0
  outer loop
    vertex 4.1800994873046875 -26.22005844116211 8
    vertex 4.1800994873046875 -26.22005844116211 16
    vertex 5.510641574859619 -26.696134567260742 16
  endloop
endfacet
facet normal 0 0 0
  outer loop
    vertex 5.510641574859619 -26.696134567260742 8
    vertex 5.510641574859619 -26.696134567260742 16
    vertex 6.788113117218018 -27.30033302307129 16
  endloop
endfacet
facet normal 0 0 0
  outer loop
    vertex 0.30000001192092896 -25.61473846435547 14
    vertex 0 -25.600000381469727 16
    vertex 1.4114468097686768 -25.669340133666992 16
  endloop
endfacet
facet normal 0 0 0
  outer loop
    vertex 0 -27.950000762939453 16
    vertex 1.649999976158142 -27.950000762939453 16
    vertex 0 -25.600000381469727 16
  endloop
endfacet
facet normal 0 0 0
  outer loop
    vertex 0 -25.600000381469727 16
    vertex 1.649999976158142 -27.950000762939453 16
    vertex 1.4114468097686768 -25.669340133666992 16
  endloop
endfacet
facet normal 0 0 0
  outer loop
    vertex 1.649999976158142 -29.743621826171875 16
    vertex 2.0289392471313477 -29.799833297729492 16
    vertex 1.649999976158142 -27.950000762939453 16
  endloop
endfacet
facet normal 0 0 0
  outer loop
    vertex 2.0289392471313477 -29.799833297729492 16
    vertex 3.01896071434021 -30.047821044921875 16
    vertex 1.649999976158142 -27.950000762939453 16
  endloop
endfacet
facet normal 0 0 0
  outer loop
    vertex 1.4114468097686768 -25.669340133666992 16
    vertex 1.649999976158142 -27.950000762939453 16
    vertex 2.809300661087036 -25.876691818237305 16
  endloop
endfacet
facet normal 0 0 0
  outer loop
    vertex 1.649999976158142 -27.950000762939453 16
    vertex 3.01896071434021 -30.047821044921875 16
    vertex 2.809300661087036 -25.876691818237305 16
  endloop
endfacet
facet normal 0 0 0
  outer loop
    vertex 2.809300661087036 -25.876691818237305 16
    vertex 3.01896071434021 -30.047821044921875 16
    vertex 4.1800994873046875 -26.22005844116211 16
  endloop
endfacet
facet normal 0 0 0
  outer loop
    vertex 3.01896071434021 -30.047821044921875 16
    vertex 3.979907751083374 -30.391653060913086 16
    vertex 4.1800994873046875 -26.22005844116211 16
  endloop
endfacet
facet normal 0 0 0
  outer loop
    vertex 3.979907751083374 -30.391653060913086 16
    vertex 4.902525901794434 -30.828018188476562 16
    vertex 4.1800994873046875 -26.22005844116211 16
  endloop
endfacet
facet normal 0 0 0
  outer loop
    vertex 4.1800994873046875 -26.22005844116211 16
    vertex 4.902525901794434 -30.828018188476562 16
    vertex 5.510641574859619 -26.696134567260742 16
  endloop
endfacet
facet normal 0 0 0
  outer loop
    vertex 4.902525901794434 -30.828018188476562 16
    vertex 5.77793025970459 -31.35271644592285 16
    vertex 5.510641574859619 -26.696134567260742 16
  endloop
endfacet
facet normal 0 0 0
  outer loop
    vertex 5.77793025970459 -48.64728546142578 16
    vertex 6.788113117218018 -52.69966506958008 16
    vertex 6.597690105438232 -48.039310455322266 16
  endloop
endfacet
facet normal 0 0 0
  outer loop
    vertex 6.788113117218018 -52.69966506958008 16
    vertex 8.000211715698242 -51.97316360473633 16
    vertex 6.597690105438232 -48.039310455322266 16
  endloop
endfacet
facet normal 0 0 0
  outer loop
    vertex 6.597690105438232 -48.039310455322266 16
    vertex 8.000211715698242 -51.97316360473633 16
    vertex 7.353910446166992 -47.353912353515625 16
  endloop
endfacet
facet normal 0 0 0
  outer loop
    vertex 8.000211715698242 -51.97316360473633 16
    vertex 9.135263442993164 -51.131351470947266 16
    vertex 8.039308547973633 -46.59769058227539 16
  endloop
endfacet
facet normal 0 0 0
  outer loop
    vertex 7.353910446166992 -47.353912353515625 16
    vertex 8.000211715698242 -51.97316360473633 16
    vertex 8.039308547973633 -46.59769058227539 16
  endloop
endfacet
facet normal 0 0 0
  outer loop
    vertex 8.039308547973633 -46.59769058227539 16
    vertex 9.135263442993164 -51.131351470947266 16
    vertex 8.647283554077148 -45.777931213378906 16
  endloop
endfacet
facet normal 0 0 0
  outer loop
    vertex 8.647283554077148 -45.777931213378906 16
    vertex 9.135263442993164 -51.131351470947266 16
    vertex 9.171980857849121 -44.90252685546875 16
  endloop
endfacet
facet normal 0 0 0
  outer loop
    vertex 9.135263442993164 -51.131351470947266 16
    vertex 10.182337760925293 -50.18233871459961 16
    vertex 9.171980857849121 -44.90252685546875 16
  endloop
endfacet
facet normal 0 0 0
  outer loop
    vertex 10.182337760925293 -50.18233871459961 16
    vertex 9.608346939086914 -43.97990798950195 16
    vertex 9.171980857849121 -44.90252685546875 16
  endloop
endfacet
facet normal 0 0 0
  outer loop
    vertex 10.182337760925293 -50.18233871459961 16
    vertex 9.952179908752441 -43.018959045410156 16
    vertex 9.608346939086914 -43.97990798950195 16
  endloop
endfacet
facet normal 0 0 0
  outer loop
    vertex 10.182337760925293 -50.18233871459961 16
    vertex 10.200166702270508 -42.02893829345703 16
    vertex 9.952179908752441 -43.018959045410156 16
  endloop
endfacet
facet normal 0 0 0
  outer loop
    vertex 10.182337760925293 -50.18233871459961 16
    vertex 10.256377220153809 -41.650001525878906 16
    vertex 10.200166702270508 -42.02893829345703 16
  endloop
endfacet
facet normal 0 0 0
  outer loop
    vertex 10.182337760925293 -50.18233871459961 16
    vertex 11.13135051727295 -49.13526153564453 16
    vertex 10.256377220153809 -41.650001525878906 16
  endloop
endfacet
facet normal 0 0 0
  outer loop
    vertex 11.13135051727295 -49.13526153564453 16
    vertex 11.973162651062012 -48.00020980834961 16
    vertex 10.256377220153809 -41.650001525878906 16
  endloop
endfacet
facet normal 0 0 0
  outer loop
    vertex 10.200166702270508 -37.97106170654297 16
    vertex 10.182337760925293 -29.817663192749023 16
    vertex 9.952179908752441 -36.981040954589844 16
  endloop
endfacet
facet normal 0 0 0
  outer loop
    vertex 11.973162651062012 -48.00020980834961 16
    vertex 12.050000190734863 -41.650001525878906 16
    vertex 10.256377220153809 -41.650001525878906 16
  endloop
endfacet
facet normal 0 0 0
  outer loop
    vertex 10.256377220153809 -38.349998474121094 16
    vertex 11.13135051727295 -30.864736557006836 16
    vertex 10.200166702270508 -37.97106170654297 16
  endloop
endfacet
facet normal 0 0 0
  outer loop
    vertex 10.256377220153809 -38.349998474121094 16
    vertex 12.050000190734863 -38.349998474121094 16
    vertex 11.13135051727295 -30.864736557006836 16
  endloop
endfacet
facet normal 0 0 0
  outer loop
    vertex 6.788113117218018 -27.30033302307129 8
    vertex 6.788113117218018 -27.30033302307129 16
    vertex 8.000211715698242 -28.026838302612305 16
  endloop
endfacet
facet normal 0 0 0
  outer loop
    vertex 8.000211715698242 -28.026838302612305 8
    vertex 8.000211715698242 -28.026838302612305 16
    vertex 9.135263442993164 -28.868648529052734 16
  endloop
endfacet
facet normal 0 0 0
  outer loop
    vertex 10.182337760925293 -29.817663192749023 8
    vertex 10.182337760925293 -29.817663192749023 16
    vertex 11.13135051727295 -30.864736557006836 16
  endloop
endfacet
facet normal 0 0 0
  outer loop
    vertex 9.135263442993164 -28.868648529052734 8
    vertex 9.135263442993164 -28.868648529052734 16
    vertex 10.182337760925293 -29.817663192749023 16
  endloop
endfacet
facet normal 0 0 0
  outer loop
    vertex 11.13135051727295 -30.864736557006836 8
    vertex 11.13135051727295 -30.864736557006836 16
    vertex 11.973162651062012 -31.999788284301758 16
  endloop
endfacet
facet normal 0 0 0
  outer loop
    vertex 5.77793025970459 -31.35271644592285 16
    vertex 6.597690105438232 -31.960691452026367 16
    vertex 6.788113117218018 -27.30033302307129 16
  endloop
endfacet
facet normal 0 0 0
  outer loop
    vertex 6.597690105438232 -31.960691452026367 16
    vertex 7.353910446166992 -32.646087646484375 16
    vertex 6.788113117218018 -27.30033302307129 16
  endloop
endfacet
facet normal 0 0 0
  outer loop
    vertex 5.77793025970459 -31.35271644592285 16
    vertex 6.788113117218018 -27.30033302307129 16
    vertex 5.510641574859619 -26.696134567260742 16
  endloop
endfacet
facet normal 0 0 0
  outer loop
    vertex 7.353910446166992 -32.646087646484375 16
    vertex 8.000211715698242 -28.026838302612305 16
    vertex 6.788113117218018 -27.30033302307129 16
  endloop
endfacet
facet normal 0 0 0
  outer loop
    vertex 7.353910446166992 -32.646087646484375 16
    vertex 8.039308547973633 -33.40230941772461 16
    vertex 8.000211715698242 -28.026838302612305 16
  endloop
endfacet
facet normal 0 0 0
  outer loop
    vertex 8.039308547973633 -33.40230941772461 16
    vertex 8.647283554077148 -34.222068786621094 16
    vertex 9.135263442993164 -28.868648529052734 16
  endloop
endfacet
facet normal 0 0 0
  outer loop
    vertex 9.171980857849121 -35.09747314453125 16
    vertex 9.135263442993164 -28.868648529052734 16
    vertex 8.647283554077148 -34.222068786621094 16
  endloop
endfacet
facet normal 0 0 0
  outer loop
    vertex 8.039308547973633 -33.40230941772461 16
    vertex 9.135263442993164 -28.868648529052734 16
    vertex 8.000211715698242 -28.026838302612305 16
  endloop
endfacet
facet normal 0 0 0
  outer loop
    vertex 9.171980857849121 -35.09747314453125 16
    vertex 9.608346939086914 -36.02009201049805 16
    vertex 10.182337760925293 -29.817663192749023 16
  endloop
endfacet
facet normal 0 0 0
  outer loop
    vertex 9.171980857849121 -35.09747314453125 16
    vertex 10.182337760925293 -29.817663192749023 16
    vertex 9.135263442993164 -28.868648529052734 16
  endloop
endfacet
facet normal 0 0 0
  outer loop
    vertex 9.608346939086914 -36.02009201049805 16
    vertex 9.952179908752441 -36.981040954589844 16
    vertex 10.182337760925293 -29.817663192749023 16
  endloop
endfacet
facet normal 0 0 0
  outer loop
    vertex 10.200166702270508 -37.97106170654297 16
    vertex 11.13135051727295 -30.864736557006836 16
    vertex 10.182337760925293 -29.817663192749023 16
  endloop
endfacet
facet normal 0 0 0
  outer loop
    vertex 11.13135051727295 -30.864736557006836 16
    vertex 12.050000190734863 -38.349998474121094 16
    vertex 11.973162651062012 -31.999788284301758 16
  endloop
endfacet
facet normal 0 0 0
  outer loop
    vertex 13.779940605163574 -44.18009948730469 8
    vertex 13.779940605163574 -44.18009948730469 16
    vertex 13.303865432739258 -45.510643005371094 16
  endloop
endfacet
facet normal 0 0 0
  outer loop
    vertex 13.303865432739258 -34.489356994628906 8
    vertex 13.303865432739258 -34.489356994628906 16
    vertex 13.779940605163574 -35.81990051269531 16
  endloop
endfacet
facet normal 0 0 0
  outer loop
    vertex 14.123308181762695 -42.80929946899414 8
    vertex 14.123308181762695 -42.80929946899414 16
    vertex 13.779940605163574 -44.18009948730469 16
  endloop
endfacet
facet normal 0 0 0
  outer loop
    vertex 14.330659866333008 -41.41144561767578 8
    vertex 14.330659866333008 -41.41144561767578 16
    vertex 14.123308181762695 -42.80929946899414 16
  endloop
endfacet
facet normal 0 0 0
  outer loop
    vertex 14.399999618530273 -40 8
    vertex 14.399999618530273 -40 16
    vertex 14.330659866333008 -41.41144561767578 16
  endloop
endfacet
facet normal 0 0 0
  outer loop
    vertex 14.123308181762695 -37.19070053100586 8
    vertex 14.123308181762695 -37.19070053100586 16
    vertex 14.330659866333008 -38.58855438232422 16
  endloop
endfacet
facet normal 0 0 0
  outer loop
    vertex 13.779940605163574 -35.81990051269531 8
    vertex 13.779940605163574 -35.81990051269531 16
    vertex 14.123308181762695 -37.19070053100586 16
  endloop
endfacet
facet normal 0 0 0
  outer loop
    vertex 14.330659866333008 -38.58855438232422 8
    vertex 14.330659866333008 -38.58855438232422 16
    vertex 14.399999618530273 -40 16
  endloop
endfacet
facet normal 0 0 0
  outer loop
    vertex 11.973162651062012 -48.00020980834961 16
    vertex 12.699666023254395 -46.78811264038086 16
    vertex 12.699666023254395 -33.21188735961914 16
  endloop
endfacet
facet normal 0 0 0
  outer loop
    vertex 11.973162651062012 -48.00020980834961 16
    vertex 12.699666023254395 -33.21188735961914 16
    vertex 12.050000190734863 -41.650001525878906 16
  endloop
endfacet
facet normal 0 0 0
  outer loop
    vertex 12.699666023254395 -46.78811264038086 16
    vertex 13.303865432739258 -45.510643005371094 16
    vertex 13.303865432739258 -34.489356994628906 16
  endloop
endfacet
facet normal 0 0 0
  outer loop
    vertex 12.050000190734863 -41.650001525878906 16
    vertex 12.699666023254395 -33.21188735961914 16
    vertex 12.050000190734863 -38.349998474121094 16
  endloop
endfacet
facet normal 0 0 0
  outer loop
    vertex 12.699666023254395 -46.78811264038086 16
    vertex 13.303865432739258 -34.489356994628906 16
    vertex 12.699666023254395 -33.21188735961914 16
  endloop
endfacet
facet normal 0 0 0
  outer loop
    vertex 13.303865432739258 -45.510643005371094 16
    vertex 13.779940605163574 -35.81990051269531 16
    vertex 13.303865432739258 -34.489356994628906 16
  endloop
endfacet
facet normal 0 0 0
  outer loop
    vertex 13.303865432739258 -45.510643005371094 16
    vertex 13.779940605163574 -44.18009948730469 16
    vertex 13.779940605163574 -35.81990051269531 16
  endloop
endfacet
facet normal 0 0 0
  outer loop
    vertex 13.779940605163574 -44.18009948730469 16
    vertex 14.123308181762695 -42.80929946899414 16
    vertex 14.123308181762695 -37.19070053100586 16
  endloop
endfacet
facet normal 0 0 0
  outer loop
    vertex 14.123308181762695 -42.80929946899414 16
    vertex 14.330659866333008 -41.41144561767578 16
    vertex 14.330659866333008 -38.58855438232422 16
  endloop
endfacet
facet normal 0 0 0
  outer loop
    vertex 14.330659866333008 -41.41144561767578 16
    vertex 14.399999618530273 -40 16
    vertex 14.330659866333008 -38.58855438232422 16
  endloop
endfacet
facet normal 0 0 0
  outer loop
    vertex 13.779940605163574 -44.18009948730469 16
    vertex 14.123308181762695 -37.19070053100586 16
    vertex 13.779940605163574 -35.81990051269531 16
  endloop
endfacet
facet normal 0 0 0
  outer loop
    vertex 14.123308181762695 -42.80929946899414 16
    vertex 14.330659866333008 -38.58855438232422 16
    vertex 14.123308181762695 -37.19070053100586 16
  endloop
endfacet
facet normal 0 0 0
  outer loop
    vertex 11.973162651062012 -31.999788284301758 8
    vertex 11.973162651062012 -31.999788284301758 16
    vertex 12.699666023254395 -33.21188735961914 16
  endloop
endfacet
facet normal 0 0 0
  outer loop
    vertex 12.699666023254395 -33.21188735961914 8
    vertex 12.699666023254395 -33.21188735961914 16
    vertex 13.303865432739258 -34.489356994628906 16
  endloop
endfacet
facet normal 0 0 0
  outer loop
    vertex 11.973162651062012 -31.999788284301758 16
    vertex 12.050000190734863 -38.349998474121094 16
    vertex 12.699666023254395 -33.21188735961914 16
  endloop
endfacet
facet normal 0 0 0
  outer loop
    vertex 1.4114468097686768 -54.33066177368164 0
    vertex 2.809300661087036 -54.12330627441406 0
    vertex 1.4114468097686768 -54.33066177368164 1.2000000476837158
  endloop
endfacet
facet normal 0 0 0
  outer loop
    vertex 1.4114468097686768 -54.33066177368164 1.2000000476837158
    vertex 2.809300661087036 -54.12330627441406 0
    vertex 2.7044615745544434 -54.138858795166016 1.2000000476837158
  endloop
endfacet
facet normal 0 0 0
  outer loop
    vertex 6.788113117218018 -52.69966506958008 0
    vertex 8.000211715698242 -51.97316360473633 0
    vertex 6.788113117218018 -52.69966506958008 1.2000000476837158
  endloop
endfacet
facet normal 0 0 0
  outer loop
    vertex 6.788113117218018 -52.69966506958008 1.2000000476837158
    vertex 8.000211715698242 -51.97316360473633 0
    vertex 8.000211715698242 -51.97316360473633 1.2000000476837158
  endloop
endfacet
facet normal 0 0 0
  outer loop
    vertex 9.135263442993164 -51.131351470947266 0
    vertex 9.436477661132812 -45 0
    vertex 10.182337760925293 -50.18233871459961 0
  endloop
endfacet
facet normal 0 0 0
  outer loop
    vertex 10.182337760925293 -50.18233871459961 0
    vertex 9.436477661132812 -45 0
    vertex 10.182337760925293 -45 0
  endloop
endfacet
facet normal 0 0 0
  outer loop
    vertex 10.182337760925293 -50.18233871459961 0
    vertex 10.436929702758789 -45 0
    vertex 11.13135051727295 -49.13526153564453 0
  endloop
endfacet
facet normal 0 0 0
  outer loop
    vertex 10.436929702758789 -45 0
    vertex 11.973162651062012 -45 0
    vertex 11.13135051727295 -49.13526153564453 0
  endloop
endfacet
facet normal 0 0 0
  outer loop
    vertex 11.13135051727295 -49.13526153564453 0
    vertex 11.973162651062012 -45 0
    vertex 11.973162651062012 -48.00020980834961 0
  endloop
endfacet
facet normal 0 0 0
  outer loop
    vertex 11.13135051727295 -49.13526153564453 0
    vertex 11.973162651062012 -48.00020980834961 0
    vertex 11.13135051727295 -49.13526153564453 1.2000000476837158
  endloop
endfacet
facet normal 0 0 0
  outer loop
    vertex 11.973162651062012 -48.00020980834961 0
    vertex 11.910026550292969 -48.0853385925293 1.2000000476837158
    vertex 11.13135051727295 -49.13526153564453 1.2000000476837158
  endloop
endfacet
facet normal 0 0 0
  outer loop
    vertex 11.973162651062012 -48.00020980834961 0
    vertex 12.120553016662598 -45 0
    vertex 12.699666023254395 -46.78811264038086 0
  endloop
endfacet
facet normal 0 0 0
  outer loop
    vertex 12.120553016662598 -45 0
    vertex 12.699666023254395 -45 0
    vertex 12.699666023254395 -46.78811264038086 0
  endloop
endfacet
facet normal 0 0 0
  outer loop
    vertex 13.303865432739258 -45.510643005371094 0
    vertex 13.303865432739258 -45 0
    vertex 13.328951835632324 -45 0
  endloop
endfacet
facet normal 0 0 0
  outer loop
    vertex 13.303865432739258 -45.510643005371094 0
    vertex 13.328951835632324 -45 0
    vertex 13.486576080322266 -45 0
  endloop
endfacet
facet normal 0 0 0
  outer loop
    vertex 12.699666023254395 -46.78811264038086 0
    vertex 12.699666023254395 -46.78811264038086 1.2000000476837158
    vertex 12.64517879486084 -46.87902069091797 1.2000000476837158
  endloop
endfacet
facet normal 0 0 0
  outer loop
    vertex -10.053902626037598 34.626075744628906 0
    vertex -10.053902626037598 34.626075744628906 18
    vertex -9.478754043579102 33.666500091552734 0
  endloop
endfacet
facet normal 0 0 0
  outer loop
    vertex -9.478754043579102 33.666500091552734 0
    vertex -9.478754043579102 33.666500091552734 18
    vertex -8.812318801879883 32.76791763305664 0
  endloop
endfacet
facet normal 0 0 0
  outer loop
    vertex -10.909119606018066 36.69075393676758 0
    vertex -10.909119606018066 36.69075393676758 18
    vertex -10.5322265625 35.63740921020508 0
  endloop
endfacet
facet normal 0 0 0
  outer loop
    vertex -10.909119606018066 36.69075393676758 0
    vertex -11.180952072143555 37.775970458984375 0
    vertex -11.180952072143555 37.775970458984375 18
  endloop
endfacet
facet normal 0 0 0
  outer loop
    vertex -11.266101837158203 38.349998474121094 0
    vertex -11.266101837158203 38.349998474121094 18
    vertex -11.180952072143555 37.775970458984375 0
  endloop
endfacet
facet normal 0 0 0
  outer loop
    vertex -11.266101837158203 41.650001525878906 0
    vertex -11.180952072143555 42.224029541015625 0
    vertex -11.180952072143555 42.224029541015625 18
  endloop
endfacet
facet normal 0 0 0
  outer loop
    vertex -11.180952072143555 42.224029541015625 0
    vertex -10.909119606018066 43.30924606323242 0
    vertex -10.909119606018066 43.30924606323242 18
  endloop
endfacet
facet normal 0 0 0
  outer loop
    vertex -10.909119606018066 43.30924606323242 0
    vertex -10.5322265625 44.36259078979492 0
    vertex -10.5322265625 44.36259078979492 18
  endloop
endfacet
facet normal 0 0 0
  outer loop
    vertex -10.053902626037598 34.626075744628906 0
    vertex -10.5322265625 35.63740921020508 0
    vertex -10.5322265625 35.63740921020508 18
  endloop
endfacet
facet normal 0 0 0
  outer loop
    vertex -8.812318801879883 32.76791763305664 0
    vertex -8.812318801879883 32.76791763305664 18
    vertex -8.061017036437988 31.938982009887695 0
  endloop
endfacet
facet normal 0 0 0
  outer loop
    vertex -8.061017036437988 31.938982009887695 0
    vertex -8.061017036437988 31.938982009887695 18
    vertex -7.232083320617676 31.187681198120117 0
  endloop
endfacet
facet normal 0 0 0
  outer loop
    vertex -7.232083320617676 31.187681198120117 0
    vertex -7.232083320617676 31.187681198120117 18
    vertex -6.333500862121582 30.5212459564209 0
  endloop
endfacet
facet normal 0 0 0
  outer loop
    vertex -6.333500862121582 30.5212459564209 0
    vertex -6.333500862121582 30.5212459564209 18
    vertex -5.373922824859619 29.94609832763672 0
  endloop
endfacet
facet normal 0 0 0
  outer loop
    vertex -10.5322265625 44.36259078979492 0
    vertex -10.053902626037598 45.373924255371094 0
    vertex -10.053902626037598 45.373924255371094 18
  endloop
endfacet
facet normal 0 0 0
  outer loop
    vertex -10.053902626037598 45.373924255371094 0
    vertex -9.478754043579102 46.333499908447266 0
    vertex -9.478754043579102 46.333499908447266 18
  endloop
endfacet
facet normal 0 0 0
  outer loop
    vertex -9.478754043579102 46.333499908447266 0
    vertex -8.812318801879883 47.23208236694336 0
    vertex -8.812318801879883 47.23208236694336 18
  endloop
endfacet
facet normal 0 0 0
  outer loop
    vertex -8.812318801879883 47.23208236694336 0
    vertex -8.061017036437988 48.06101608276367 0
    vertex -8.061017036437988 48.06101608276367 18
  endloop
endfacet
facet normal 0 0 0
  outer loop
    vertex -8.061017036437988 48.06101608276367 0
    vertex -7.232083320617676 48.812320709228516 0
    vertex -7.232083320617676 48.812320709228516 18
  endloop
endfacet
facet normal 0 0 0
  outer loop
    vertex -7.232083320617676 48.812320709228516 0
    vertex -6.333500862121582 49.47875213623047 0
    vertex -6.333500862121582 49.47875213623047 18
  endloop
endfacet
facet normal 0 0 0
  outer loop
    vertex -5.373922824859619 29.94609832763672 0
    vertex -5.373922824859619 29.94609832763672 18
    vertex -4.36259126663208 29.4677734375 0
  endloop
endfacet
facet normal 0 0 0
  outer loop
    vertex -4.36259126663208 29.4677734375 0
    vertex -4.36259126663208 29.4677734375 18
    vertex -3.3092453479766846 29.090879440307617 0
  endloop
endfacet
facet normal 0 0 0
  outer loop
    vertex -3.3092453479766846 29.090879440307617 0
    vertex -3.3092453479766846 29.090879440307617 18
    vertex -2.224029779434204 28.819047927856445 0
  endloop
endfacet
facet normal 0 0 0
  outer loop
    vertex -2.224029779434204 28.819047927856445 0
    vertex -2.224029779434204 28.819047927856445 18
    vertex -1.649999976158142 28.733898162841797 0
  endloop
endfacet
facet normal 0 0 0
  outer loop
    vertex -6.333500862121582 49.47875213623047 0
    vertex -5.373922824859619 50.05390167236328 0
    vertex -5.373922824859619 50.05390167236328 18
  endloop
endfacet
facet normal 0 0 0
  outer loop
    vertex -5.373922824859619 50.05390167236328 0
    vertex -4.36259126663208 50.5322265625 0
    vertex -4.36259126663208 50.5322265625 18
  endloop
endfacet
facet normal 0 0 0
  outer loop
    vertex -4.36259126663208 50.5322265625 0
    vertex -3.3092453479766846 50.90911865234375 0
    vertex -3.3092453479766846 50.90911865234375 18
  endloop
endfacet
facet normal 0 0 0
  outer loop
    vertex -3.3092453479766846 50.90911865234375 0
    vertex -2.224029779434204 51.18095397949219 0
    vertex -2.224029779434204 51.18095397949219 18
  endloop
endfacet
facet normal 0 0 0
  outer loop
    vertex -2.224029779434204 51.18095397949219 0
    vertex -1.649999976158142 51.2661018371582 0
    vertex -1.649999976158142 51.2661018371582 18
  endloop
endfacet
facet normal 0 0 0
  outer loop
    vertex -9.478754043579102 33.666500091552734 0
    vertex -10.053902626037598 34.626075744628906 18
    vertex -9.478754043579102 33.666500091552734 18
  endloop
endfacet
facet normal 0 0 0
  outer loop
    vertex -8.812318801879883 32.76791763305664 0
    vertex -9.478754043579102 33.666500091552734 18
    vertex -8.812318801879883 32.76791763305664 18
  endloop
endfacet
facet normal 0 0 0
  outer loop
    vertex -10.909119606018066 36.69075393676758 0
    vertex -11.180952072143555 37.775970458984375 18
    vertex -10.909119606018066 36.69075393676758 18
  endloop
endfacet
facet normal 0 0 0
  outer loop
    vertex -10.5322265625 35.63740921020508 0
    vertex -10.909119606018066 36.69075393676758 18
    vertex -10.5322265625 35.63740921020508 18
  endloop
endfacet
facet normal 0 0 0
  outer loop
    vertex -11.180952072143555 37.775970458984375 0
    vertex -11.266101837158203 38.349998474121094 18
    vertex -11.180952072143555 37.775970458984375 18
  endloop
endfacet
facet normal 0 0 0
  outer loop
    vertex -11.266101837158203 41.650001525878906 0
    vertex -11.180952072143555 42.224029541015625 18
    vertex -11.266101837158203 41.650001525878906 18
  endloop
endfacet
facet normal 0 0 0
  outer loop
    vertex -11.180952072143555 42.224029541015625 0
    vertex -10.909119606018066 43.30924606323242 18
    vertex -11.180952072143555 42.224029541015625 18
  endloop
endfacet
facet normal 0 0 0
  outer loop
    vertex -10.909119606018066 43.30924606323242 0
    vertex -10.5322265625 44.36259078979492 18
    vertex -10.909119606018066 43.30924606323242 18
  endloop
endfacet
facet normal 0 0 0
  outer loop
    vertex -10.053902626037598 34.626075744628906 0
    vertex -10.5322265625 35.63740921020508 18
    vertex -10.053902626037598 34.626075744628906 18
  endloop
endfacet
facet normal 0 0 0
  outer loop
    vertex -8.061017036437988 31.938982009887695 0
    vertex -8.812318801879883 32.76791763305664 18
    vertex -8.061017036437988 31.938982009887695 18
  endloop
endfacet
facet normal 0 0 0
  outer loop
    vertex -7.232083320617676 31.187681198120117 0
    vertex -8.061017036437988 31.938982009887695 18
    vertex -7.232083320617676 31.187681198120117 18
  endloop
endfacet
facet normal 0 0 0
  outer loop
    vertex -6.333500862121582 30.5212459564209 0
    vertex -7.232083320617676 31.187681198120117 18
    vertex -6.333500862121582 30.5212459564209 18
  endloop
endfacet
facet normal 0 0 0
  outer loop
    vertex -10.5322265625 44.36259078979492 0
    vertex -10.053902626037598 45.373924255371094 18
    vertex -10.5322265625 44.36259078979492 18
  endloop
endfacet
facet normal 0 0 0
  outer loop
    vertex -10.053902626037598 45.373924255371094 0
    vertex -9.478754043579102 46.333499908447266 18
    vertex -10.053902626037598 45.373924255371094 18
  endloop
endfacet
facet normal 0 0 0
  outer loop
    vertex -9.478754043579102 46.333499908447266 0
    vertex -8.812318801879883 47.23208236694336 18
    vertex -9.478754043579102 46.333499908447266 18
  endloop
endfacet
facet normal 0 0 0
  outer loop
    vertex -8.812318801879883 47.23208236694336 0
    vertex -8.061017036437988 48.06101608276367 18
    vertex -8.812318801879883 47.23208236694336 18
  endloop
endfacet
facet normal 0 0 0
  outer loop
    vertex -8.061017036437988 48.06101608276367 0
    vertex -7.232083320617676 48.812320709228516 18
    vertex -8.061017036437988 48.06101608276367 18
  endloop
endfacet
facet normal 0 0 0
  outer loop
    vertex -7.232083320617676 48.812320709228516 0
    vertex -6.333500862121582 49.47875213623047 18
    vertex -7.232083320617676 48.812320709228516 18
  endloop
endfacet
facet normal 0 0 0
  outer loop
    vertex -6.333500862121582 49.47875213623047 0
    vertex -5.373922824859619 50.05390167236328 18
    vertex -6.333500862121582 49.47875213623047 18
  endloop
endfacet
facet normal 0 0 0
  outer loop
    vertex -4.36259126663208 29.4677734375 0
    vertex -5.373922824859619 29.94609832763672 18
    vertex -4.36259126663208 29.4677734375 18
  endloop
endfacet
facet normal 0 0 0
  outer loop
    vertex -5.373922824859619 29.94609832763672 0
    vertex -6.333500862121582 30.5212459564209 18
    vertex -5.373922824859619 29.94609832763672 18
  endloop
endfacet
facet normal 0 0 0
  outer loop
    vertex -3.3092453479766846 29.090879440307617 0
    vertex -4.36259126663208 29.4677734375 18
    vertex -3.3092453479766846 29.090879440307617 18
  endloop
endfacet
facet normal 0 0 0
  outer loop
    vertex -2.224029779434204 28.819047927856445 0
    vertex -3.3092453479766846 29.090879440307617 18
    vertex -2.224029779434204 28.819047927856445 18
  endloop
endfacet
facet normal 0 0 0
  outer loop
    vertex -1.649999976158142 28.733898162841797 0
    vertex -2.224029779434204 28.819047927856445 18
    vertex -1.649999976158142 28.733898162841797 18
  endloop
endfacet
facet normal 0 0 0
  outer loop
    vertex -5.373922824859619 50.05390167236328 0
    vertex -4.36259126663208 50.5322265625 18
    vertex -5.373922824859619 50.05390167236328 18
  endloop
endfacet
facet normal 0 0 0
  outer loop
    vertex -4.36259126663208 50.5322265625 0
    vertex -3.3092453479766846 50.90911865234375 18
    vertex -4.36259126663208 50.5322265625 18
  endloop
endfacet
facet normal 0 0 0
  outer loop
    vertex -3.3092453479766846 50.90911865234375 0
    vertex -2.224029779434204 51.18095397949219 18
    vertex -3.3092453479766846 50.90911865234375 18
  endloop
endfacet
facet normal 0 0 0
  outer loop
    vertex -2.224029779434204 51.18095397949219 0
    vertex -1.649999976158142 51.2661018371582 18
    vertex -2.224029779434204 51.18095397949219 18
  endloop
endfacet
facet normal 0 0 0
  outer loop
    vertex 1.649999976158142 28.733898162841797 0
    vertex 1.649999976158142 28.733898162841797 18
    vertex 2.224029779434204 28.819047927856445 0
  endloop
endfacet
facet normal 0 0 0
  outer loop
    vertex 2.224029779434204 28.819047927856445 0
    vertex 2.224029779434204 28.819047927856445 18
    vertex 3.3092453479766846 29.090879440307617 0
  endloop
endfacet
facet normal 0 0 0
  outer loop
    vertex 3.3092453479766846 29.090879440307617 0
    vertex 3.3092453479766846 29.090879440307617 18
    vertex 4.36259126663208 29.4677734375 0
  endloop
endfacet
facet normal 0 0 0
  outer loop
    vertex 4.36259126663208 29.4677734375 0
    vertex 4.36259126663208 29.4677734375 18
    vertex 5.373922824859619 29.94609832763672 0
  endloop
endfacet
facet normal 0 0 0
  outer loop
    vertex 5.373922824859619 29.94609832763672 0
    vertex 5.373922824859619 29.94609832763672 18
    vertex 6.333500862121582 30.5212459564209 0
  endloop
endfacet
facet normal 0 0 0
  outer loop
    vertex 1.649999976158142 51.2661018371582 0
    vertex 2.224029779434204 51.18095397949219 0
    vertex 2.224029779434204 51.18095397949219 18
  endloop
endfacet
facet normal 0 0 0
  outer loop
    vertex 2.224029779434204 51.18095397949219 0
    vertex 3.3092453479766846 50.90911865234375 0
    vertex 3.3092453479766846 50.90911865234375 18
  endloop
endfacet
facet normal 0 0 0
  outer loop
    vertex 3.3092453479766846 50.90911865234375 0
    vertex 4.36259126663208 50.5322265625 0
    vertex 4.36259126663208 50.5322265625 18
  endloop
endfacet
facet normal 0 0 0
  outer loop
    vertex 4.36259126663208 50.5322265625 0
    vertex 5.373922824859619 50.05390167236328 0
    vertex 5.373922824859619 50.05390167236328 18
  endloop
endfacet
facet normal 0 0 0
  outer loop
    vertex 6.333500862121582 30.5212459564209 0
    vertex 6.333500862121582 30.5212459564209 18
    vertex 7.232083320617676 31.187681198120117 0
  endloop
endfacet
facet normal 0 0 0
  outer loop
    vertex 7.232083320617676 31.187681198120117 0
    vertex 7.232083320617676 31.187681198120117 18
    vertex 8.061017036437988 31.938982009887695 0
  endloop
endfacet
facet normal 0 0 0
  outer loop
    vertex 8.061017036437988 31.938982009887695 0
    vertex 8.061017036437988 31.938982009887695 18
    vertex 8.812318801879883 32.76791763305664 0
  endloop
endfacet
facet normal 0 0 0
  outer loop
    vertex 8.812318801879883 32.76791763305664 0
    vertex 8.812318801879883 32.76791763305664 18
    vertex 9.478754043579102 33.666500091552734 0
  endloop
endfacet
facet normal 0 0 0
  outer loop
    vertex 9.478754043579102 33.666500091552734 0
    vertex 9.478754043579102 33.666500091552734 18
    vertex 10.053902626037598 34.626075744628906 0
  endloop
endfacet
facet normal 0 0 0
  outer loop
    vertex 10.053902626037598 34.626075744628906 0
    vertex 10.053902626037598 34.626075744628906 18
    vertex 10.5322265625 35.63740921020508 0
  endloop
endfacet
facet normal 0 0 0
  outer loop
    vertex 10.5322265625 35.63740921020508 0
    vertex 10.5322265625 35.63740921020508 18
    vertex 10.909119606018066 36.69075393676758 0
  endloop
endfacet
facet normal 0 0 0
  outer loop
    vertex 10.909119606018066 36.69075393676758 0
    vertex 10.909119606018066 36.69075393676758 18
    vertex 11.180952072143555 37.775970458984375 0
  endloop
endfacet
facet normal 0 0 0
  outer loop
    vertex 11.180952072143555 37.775970458984375 0
    vertex 11.180952072143555 37.775970458984375 18
    vertex 11.266101837158203 38.349998474121094 0
  endloop
endfacet
facet normal 0 0 0
  outer loop
    vertex 11.180952072143555 42.224029541015625 0
    vertex 11.266101837158203 41.650001525878906 0
    vertex 11.266101837158203 41.650001525878906 18
  endloop
endfacet
facet normal 0 0 0
  outer loop
    vertex 10.5322265625 44.36259078979492 0
    vertex 10.909119606018066 43.30924606323242 0
    vertex 10.909119606018066 43.30924606323242 18
  endloop
endfacet
facet normal 0 0 0
  outer loop
    vertex 10.909119606018066 43.30924606323242 0
    vertex 11.180952072143555 42.224029541015625 0
    vertex 11.180952072143555 42.224029541015625 18
  endloop
endfacet
facet normal 0 0 0
  outer loop
    vertex 6.333500862121582 49.47875213623047 0
    vertex 7.232083320617676 48.812320709228516 0
    vertex 7.232083320617676 48.812320709228516 18
  endloop
endfacet
facet normal 0 0 0
  outer loop
    vertex 5.373922824859619 50.05390167236328 0
    vertex 6.333500862121582 49.47875213623047 0
    vertex 6.333500862121582 49.47875213623047 18
  endloop
endfacet
facet normal 0 0 0
  outer loop
    vertex 7.232083320617676 48.812320709228516 0
    vertex 8.061017036437988 48.06101608276367 0
    vertex 8.061017036437988 48.06101608276367 18
  endloop
endfacet
facet normal 0 0 0
  outer loop
    vertex 8.061017036437988 48.06101608276367 0
    vertex 8.812318801879883 47.23208236694336 0
    vertex 8.812318801879883 47.23208236694336 18
  endloop
endfacet
facet normal 0 0 0
  outer loop
    vertex 8.812318801879883 47.23208236694336 0
    vertex 9.478754043579102 46.333499908447266 0
    vertex 9.478754043579102 46.333499908447266 18
  endloop
endfacet
facet normal 0 0 0
  outer loop
    vertex 9.478754043579102 46.333499908447266 0
    vertex 10.053902626037598 45.373924255371094 0
    vertex 10.053902626037598 45.373924255371094 18
  endloop
endfacet
facet normal 0 0 0
  outer loop
    vertex 10.5322265625 44.36259078979492 0
    vertex 10.5322265625 44.36259078979492 18
    vertex 10.053902626037598 45.373924255371094 0
  endloop
endfacet
facet normal 0 0 0
  outer loop
    vertex 2.224029779434204 28.819047927856445 0
    vertex 1.649999976158142 28.733898162841797 18
    vertex 2.224029779434204 28.819047927856445 18
  endloop
endfacet
facet normal 0 0 0
  outer loop
    vertex 3.3092453479766846 29.090879440307617 0
    vertex 2.224029779434204 28.819047927856445 18
    vertex 3.3092453479766846 29.090879440307617 18
  endloop
endfacet
facet normal 0 0 0
  outer loop
    vertex 4.36259126663208 29.4677734375 0
    vertex 3.3092453479766846 29.090879440307617 18
    vertex 4.36259126663208 29.4677734375 18
  endloop
endfacet
facet normal 0 0 0
  outer loop
    vertex 5.373922824859619 29.94609832763672 0
    vertex 4.36259126663208 29.4677734375 18
    vertex 5.373922824859619 29.94609832763672 18
  endloop
endfacet
facet normal 0 0 0
  outer loop
    vertex 1.649999976158142 51.2661018371582 0
    vertex 2.224029779434204 51.18095397949219 18
    vertex 1.649999976158142 51.2661018371582 18
  endloop
endfacet
facet normal 0 0 0
  outer loop
    vertex 2.224029779434204 51.18095397949219 0
    vertex 3.3092453479766846 50.90911865234375 18
    vertex 2.224029779434204 51.18095397949219 18
  endloop
endfacet
facet normal 0 0 0
  outer loop
    vertex 3.3092453479766846 50.90911865234375 0
    vertex 4.36259126663208 50.5322265625 18
    vertex 3.3092453479766846 50.90911865234375 18
  endloop
endfacet
facet normal 0 0 0
  outer loop
    vertex 4.36259126663208 50.5322265625 0
    vertex 5.373922824859619 50.05390167236328 18
    vertex 4.36259126663208 50.5322265625 18
  endloop
endfacet
facet normal 0 0 0
  outer loop
    vertex 5.373922824859619 50.05390167236328 0
    vertex 6.333500862121582 49.47875213623047 18
    vertex 5.373922824859619 50.05390167236328 18
  endloop
endfacet
facet normal 0 0 0
  outer loop
    vertex 6.333500862121582 30.5212459564209 0
    vertex 5.373922824859619 29.94609832763672 18
    vertex 6.333500862121582 30.5212459564209 18
  endloop
endfacet
facet normal 0 0 0
  outer loop
    vertex 7.232083320617676 31.187681198120117 0
    vertex 6.333500862121582 30.5212459564209 18
    vertex 7.232083320617676 31.187681198120117 18
  endloop
endfacet
facet normal 0 0 0
  outer loop
    vertex 8.061017036437988 31.938982009887695 0
    vertex 7.232083320617676 31.187681198120117 18
    vertex 8.061017036437988 31.938982009887695 18
  endloop
endfacet
facet normal 0 0 0
  outer loop
    vertex 8.812318801879883 32.76791763305664 0
    vertex 8.061017036437988 31.938982009887695 18
    vertex 8.812318801879883 32.76791763305664 18
  endloop
endfacet
facet normal 0 0 0
  outer loop
    vertex 9.478754043579102 33.666500091552734 0
    vertex 8.812318801879883 32.76791763305664 18
    vertex 9.478754043579102 33.666500091552734 18
  endloop
endfacet
facet normal 0 0 0
  outer loop
    vertex 10.053902626037598 34.626075744628906 0
    vertex 9.478754043579102 33.666500091552734 18
    vertex 10.053902626037598 34.626075744628906 18
  endloop
endfacet
facet normal 0 0 0
  outer loop
    vertex 10.5322265625 35.63740921020508 0
    vertex 10.053902626037598 34.626075744628906 18
    vertex 10.5322265625 35.63740921020508 18
  endloop
endfacet
facet normal 0 0 0
  outer loop
    vertex 10.909119606018066 36.69075393676758 0
    vertex 10.5322265625 35.63740921020508 18
    vertex 10.909119606018066 36.69075393676758 18
  endloop
endfacet
facet normal 0 0 0
  outer loop
    vertex 11.180952072143555 37.775970458984375 0
    vertex 10.909119606018066 36.69075393676758 18
    vertex 11.180952072143555 37.775970458984375 18
  endloop
endfacet
facet normal 0 0 0
  outer loop
    vertex 11.266101837158203 38.349998474121094 0
    vertex 11.180952072143555 37.775970458984375 18
    vertex 11.266101837158203 38.349998474121094 18
  endloop
endfacet
facet normal 0 0 0
  outer loop
    vertex 11.180952072143555 42.224029541015625 0
    vertex 11.266101837158203 41.650001525878906 18
    vertex 11.180952072143555 42.224029541015625 18
  endloop
endfacet
facet normal 0 0 0
  outer loop
    vertex 10.5322265625 44.36259078979492 0
    vertex 10.909119606018066 43.30924606323242 18
    vertex 10.5322265625 44.36259078979492 18
  endloop
endfacet
facet normal 0 0 0
  outer loop
    vertex 10.909119606018066 43.30924606323242 0
    vertex 11.180952072143555 42.224029541015625 18
    vertex 10.909119606018066 43.30924606323242 18
  endloop
endfacet
facet normal 0 0 0
  outer loop
    vertex 6.333500862121582 49.47875213623047 0
    vertex 7.232083320617676 48.812320709228516 18
    vertex 6.333500862121582 49.47875213623047 18
  endloop
endfacet
facet normal 0 0 0
  outer loop
    vertex 7.232083320617676 48.812320709228516 0
    vertex 8.061017036437988 48.06101608276367 18
    vertex 7.232083320617676 48.812320709228516 18
  endloop
endfacet
facet normal 0 0 0
  outer loop
    vertex 8.061017036437988 48.06101608276367 0
    vertex 8.812318801879883 47.23208236694336 18
    vertex 8.061017036437988 48.06101608276367 18
  endloop
endfacet
facet normal 0 0 0
  outer loop
    vertex 8.812318801879883 47.23208236694336 0
    vertex 9.478754043579102 46.333499908447266 18
    vertex 8.812318801879883 47.23208236694336 18
  endloop
endfacet
facet normal 0 0 0
  outer loop
    vertex 9.478754043579102 46.333499908447266 0
    vertex 10.053902626037598 45.373924255371094 18
    vertex 9.478754043579102 46.333499908447266 18
  endloop
endfacet
facet normal 0 0 0
  outer loop
    vertex 10.053902626037598 45.373924255371094 0
    vertex 10.5322265625 44.36259078979492 18
    vertex 10.053902626037598 45.373924255371094 18
  endloop
endfacet
facet normal 0 0 0
  outer loop
    vertex 11.266101837158203 38.349998474121094 0
    vertex 11.266101837158203 38.349998474121094 18
    vertex 13.050000190734863 38.349998474121094 0
  endloop
endfacet
facet normal 0 0 0
  outer loop
    vertex 13.050000190734863 38.349998474121094 0
    vertex 13.050000190734863 38.349998474121094 18
    vertex 13.050000190734863 41.650001525878906 0
  endloop
endfacet
facet normal 0 0 0
  outer loop
    vertex 11.266101837158203 41.650001525878906 0
    vertex 13.050000190734863 41.650001525878906 0
    vertex 13.050000190734863 41.650001525878906 18
  endloop
endfacet
facet normal 0 0 0
  outer loop
    vertex 11.266101837158203 41.650001525878906 0
    vertex 13.050000190734863 41.650001525878906 18
    vertex 11.266101837158203 41.650001525878906 18
  endloop
endfacet
facet normal 0 0 0
  outer loop
    vertex 13.050000190734863 38.349998474121094 0
    vertex 11.266101837158203 38.349998474121094 18
    vertex 13.050000190734863 38.349998474121094 18
  endloop
endfacet
facet normal 0 0 0
  outer loop
    vertex 13.050000190734863 41.650001525878906 0
    vertex 13.050000190734863 38.349998474121094 18
    vertex 13.050000190734863 41.650001525878906 18
  endloop
endfacet
facet normal 0 0 0
  outer loop
    vertex -1.649999976158142 53.04999923706055 0
    vertex -0.30000001192092896 53.04999923706055 0
    vertex -0.30000001192092896 53.04999923706055 14
  endloop
endfacet
facet normal 0 0 0
  outer loop
    vertex -1.649999976158142 51.2661018371582 0
    vertex -1.649999976158142 53.04999923706055 0
    vertex -1.649999976158142 53.04999923706055 18
  endloop
endfacet
facet normal 0 0 0
  outer loop
    vertex -1.649999976158142 53.04999923706055 0
    vertex -0.30000001192092896 53.04999923706055 14
    vertex 0 53.04999923706055 18
  endloop
endfacet
facet normal 0 0 0
  outer loop
    vertex -1.649999976158142 51.2661018371582 0
    vertex -1.649999976158142 53.04999923706055 18
    vertex -1.649999976158142 51.2661018371582 18
  endloop
endfacet
facet normal 0 0 0
  outer loop
    vertex -1.649999976158142 53.04999923706055 0
    vertex 0 53.04999923706055 18
    vertex -1.649999976158142 53.04999923706055 18
  endloop
endfacet
facet normal 0 0 0
  outer loop
    vertex -0.30000001192092896 53.04999923706055 14
    vertex 0 53.04999923706055 14
    vertex 0 53.04999923706055 18
  endloop
endfacet
facet normal 0 0 0
  outer loop
    vertex 0.30000001192092896 53.04999923706055 0
    vertex 1.649999976158142 53.04999923706055 0
    vertex 0.30000001192092896 53.04999923706055 14
  endloop
endfacet
facet normal 0 0 0
  outer loop
    vertex 1.649999976158142 51.2661018371582 0
    vertex 1.649999976158142 51.2661018371582 18
    vertex 1.649999976158142 53.04999923706055 0
  endloop
endfacet
facet normal 0 0 0
  outer loop
    vertex 1.649999976158142 53.04999923706055 0
    vertex 1.649999976158142 53.04999923706055 18
    vertex 0.30000001192092896 53.04999923706055 14
  endloop
endfacet
facet normal 0 0 0
  outer loop
    vertex 1.649999976158142 53.04999923706055 0
    vertex 1.649999976158142 51.2661018371582 18
    vertex 1.649999976158142 53.04999923706055 18
  endloop
endfacet
facet normal 0 0 0
  outer loop
    vertex 0 53.04999923706055 14
    vertex 0.30000001192092896 53.04999923706055 14
    vertex 0 53.04999923706055 18
  endloop
endfacet
facet normal 0 0 0
  outer loop
    vertex 0.30000001192092896 53.04999923706055 14
    vertex 1.649999976158142 53.04999923706055 18
    vertex 0 53.04999923706055 18
  endloop
endfacet
facet normal 0 0 0
  outer loop
    vertex -13.050000190734863 38.349998474121094 0
    vertex -13.050000190734863 38.349998474121094 18
    vertex -11.266101837158203 38.349998474121094 0
  endloop
endfacet
facet normal 0 0 0
  outer loop
    vertex -13.050000190734863 38.349998474121094 0
    vertex -13.050000190734863 41.650001525878906 0
    vertex -13.050000190734863 41.650001525878906 18
  endloop
endfacet
facet normal 0 0 0
  outer loop
    vertex -13.050000190734863 41.650001525878906 0
    vertex -11.266101837158203 41.650001525878906 0
    vertex -11.266101837158203 41.650001525878906 18
  endloop
endfacet
facet normal 0 0 0
  outer loop
    vertex -13.050000190734863 38.349998474121094 0
    vertex -13.050000190734863 41.650001525878906 18
    vertex -13.050000190734863 38.349998474121094 18
  endloop
endfacet
facet normal 0 0 0
  outer loop
    vertex -13.050000190734863 41.650001525878906 0
    vertex -11.266101837158203 41.650001525878906 18
    vertex -13.050000190734863 41.650001525878906 18
  endloop
endfacet
facet normal 0 0 0
  outer loop
    vertex -11.266101837158203 38.349998474121094 0
    vertex -13.050000190734863 38.349998474121094 18
    vertex -11.266101837158203 38.349998474121094 18
  endloop
endfacet
facet normal 0 0 0
  outer loop
    vertex -1.649999976158142 26.950000762939453 0
    vertex -0.30000001192092896 26.950000762939453 14
    vertex -0.30000001192092896 26.950000762939453 0
  endloop
endfacet
facet normal 0 0 0
  outer loop
    vertex -1.649999976158142 26.950000762939453 0
    vertex -1.649999976158142 28.733898162841797 0
    vertex -1.649999976158142 28.733898162841797 18
  endloop
endfacet
facet normal 0 0 0
  outer loop
    vertex -1.649999976158142 26.950000762939453 0
    vertex -1.649999976158142 26.950000762939453 18
    vertex -0.30000001192092896 26.950000762939453 14
  endloop
endfacet
facet normal 0 0 0
  outer loop
    vertex -1.649999976158142 26.950000762939453 0
    vertex -1.649999976158142 28.733898162841797 18
    vertex -1.649999976158142 26.950000762939453 18
  endloop
endfacet
facet normal 0 0 0
  outer loop
    vertex -0.30000001192092896 26.950000762939453 14
    vertex 0 26.950000762939453 18
    vertex 0 26.950000762939453 14
  endloop
endfacet
facet normal 0 0 0
  outer loop
    vertex -0.30000001192092896 26.950000762939453 14
    vertex -1.649999976158142 26.950000762939453 18
    vertex 0 26.950000762939453 18
  endloop
endfacet
facet normal 0 0 0
  outer loop
    vertex 0.30000001192092896 26.950000762939453 0
    vertex 0.30000001192092896 26.950000762939453 14
    vertex 1.649999976158142 26.950000762939453 0
  endloop
endfacet
facet normal 0 0 0
  outer loop
    vertex 1.649999976158142 26.950000762939453 0
    vertex 1.649999976158142 26.950000762939453 18
    vertex 1.649999976158142 28.733898162841797 0
  endloop
endfacet
facet normal 0 0 0
  outer loop
    vertex 1.649999976158142 26.950000762939453 0
    vertex 0.30000001192092896 26.950000762939453 14
    vertex 0 26.950000762939453 18
  endloop
endfacet
facet normal 0 0 0
  outer loop
    vertex 1.649999976158142 26.950000762939453 0
    vertex 0 26.950000762939453 18
    vertex 1.649999976158142 26.950000762939453 18
  endloop
endfacet
facet normal 0 0 0
  outer loop
    vertex 1.649999976158142 28.733898162841797 0
    vertex 1.649999976158142 26.950000762939453 18
    vertex 1.649999976158142 28.733898162841797 18
  endloop
endfacet
facet normal 0 0 0
  outer loop
    vertex 0 26.950000762939453 14
    vertex 0 26.950000762939453 18
    vertex 0.30000001192092896 26.950000762939453 14
  endloop
endfacet
facet normal 0 0 0
  outer loop
    vertex -9.952179908752441 -3.01896071434021 0
    vertex -9.952179908752441 -3.01896071434021 24
    vertex -9.608346939086914 -3.979907751083374 0
  endloop
endfacet
facet normal 0 0 0
  outer loop
    vertex -10.200166702270508 -2.0289392471313477 0
    vertex -10.256377220153809 -1.649999976158142 0
    vertex -10.256377220153809 -1.649999976158142 24
  endloop
endfacet
facet normal 0 0 0
  outer loop
    vertex -9.952179908752441 -3.01896071434021 0
    vertex -10.200166702270508 -2.0289392471313477 0
    vertex -10.200166702270508 -2.0289392471313477 24
  endloop
endfacet
facet normal 0 0 0
  outer loop
    vertex -9.171980857849121 -4.902525901794434 0
    vertex -9.608346939086914 -3.979907751083374 0
    vertex -9.608346939086914 -3.979907751083374 24
  endloop
endfacet
facet normal 0 0 0
  outer loop
    vertex -10.256377220153809 1.649999976158142 0
    vertex -10.200166702270508 2.0289392471313477 0
    vertex -10.200166702270508 2.0289392471313477 24
  endloop
endfacet
facet normal 0 0 0
  outer loop
    vertex -10.200166702270508 2.0289392471313477 0
    vertex -9.952179908752441 3.01896071434021 0
    vertex -9.952179908752441 3.01896071434021 24
  endloop
endfacet
facet normal 0 0 0
  outer loop
    vertex -9.952179908752441 3.01896071434021 0
    vertex -9.608346939086914 3.979907751083374 0
    vertex -9.608346939086914 3.979907751083374 24
  endloop
endfacet
facet normal 0 0 0
  outer loop
    vertex -9.608346939086914 3.979907751083374 0
    vertex -9.171980857849121 4.902525901794434 0
    vertex -9.171980857849121 4.902525901794434 24
  endloop
endfacet
facet normal 0 0 0
  outer loop
    vertex -9.171980857849121 -4.902525901794434 0
    vertex -9.171980857849121 -4.902525901794434 24
    vertex -8.647283554077148 -5.77793025970459 0
  endloop
endfacet
facet normal 0 0 0
  outer loop
    vertex -8.647283554077148 -5.77793025970459 0
    vertex -8.647283554077148 -5.77793025970459 24
    vertex -8.039308547973633 -6.597690105438232 0
  endloop
endfacet
facet normal 0 0 0
  outer loop
    vertex -8.039308547973633 -6.597690105438232 0
    vertex -8.039308547973633 -6.597690105438232 24
    vertex -7.353910446166992 -7.353910446166992 0
  endloop
endfacet
facet normal 0 0 0
  outer loop
    vertex -7.353910446166992 -7.353910446166992 0
    vertex -7.353910446166992 -7.353910446166992 24
    vertex -6.597690105438232 -8.039308547973633 0
  endloop
endfacet
facet normal 0 0 0
  outer loop
    vertex -6.597690105438232 -8.039308547973633 0
    vertex -6.597690105438232 -8.039308547973633 24
    vertex -5.77793025970459 -8.647283554077148 0
  endloop
endfacet
facet normal 0 0 0
  outer loop
    vertex -9.171980857849121 4.902525901794434 0
    vertex -8.647283554077148 5.77793025970459 0
    vertex -8.647283554077148 5.77793025970459 24
  endloop
endfacet
facet normal 0 0 0
  outer loop
    vertex -8.647283554077148 5.77793025970459 0
    vertex -8.039308547973633 6.597690105438232 0
    vertex -8.039308547973633 6.597690105438232 24
  endloop
endfacet
facet normal 0 0 0
  outer loop
    vertex -8.039308547973633 6.597690105438232 0
    vertex -7.353910446166992 7.353910446166992 0
    vertex -7.353910446166992 7.353910446166992 24
  endloop
endfacet
facet normal 0 0 0
  outer loop
    vertex -7.353910446166992 7.353910446166992 0
    vertex -6.597690105438232 8.039308547973633 0
    vertex -6.597690105438232 8.039308547973633 24
  endloop
endfacet
facet normal 0 0 0
  outer loop
    vertex -6.597690105438232 8.039308547973633 0
    vertex -5.77793025970459 8.647283554077148 0
    vertex -5.77793025970459 8.647283554077148 24
  endloop
endfacet
facet normal 0 0 0
  outer loop
    vertex -5.77793025970459 -8.647283554077148 0
    vertex -5.77793025970459 -8.647283554077148 24
    vertex -4.902525901794434 -9.171980857849121 0
  endloop
endfacet
facet normal 0 0 0
  outer loop
    vertex -4.902525901794434 -9.171980857849121 0
    vertex -4.902525901794434 -9.171980857849121 24
    vertex -3.979907751083374 -9.608346939086914 0
  endloop
endfacet
facet normal 0 0 0
  outer loop
    vertex -3.01896071434021 -9.952179908752441 0
    vertex -3.979907751083374 -9.608346939086914 0
    vertex -3.979907751083374 -9.608346939086914 24
  endloop
endfacet
facet normal 0 0 0
  outer loop
    vertex -3.01896071434021 -9.952179908752441 0
    vertex -3.01896071434021 -9.952179908752441 24
    vertex -2.0289392471313477 -10.200166702270508 0
  endloop
endfacet
facet normal 0 0 0
  outer loop
    vertex -2.0289392471313477 -10.200166702270508 0
    vertex -2.0289392471313477 -10.200166702270508 24
    vertex -1.649999976158142 -10.256377220153809 0
  endloop
endfacet
facet normal 0 0 0
  outer loop
    vertex -5.77793025970459 8.647283554077148 0
    vertex -4.902525901794434 9.171980857849121 0
    vertex -4.902525901794434 9.171980857849121 24
  endloop
endfacet
facet normal 0 0 0
  outer loop
    vertex -4.902525901794434 9.171980857849121 0
    vertex -3.979907751083374 9.608346939086914 0
    vertex -3.979907751083374 9.608346939086914 24
  endloop
endfacet
facet normal 0 0 0
  outer loop
    vertex -3.979907751083374 9.608346939086914 0
    vertex -3.01896071434021 9.952179908752441 0
    vertex -3.01896071434021 9.952179908752441 24
  endloop
endfacet
facet normal 0 0 0
  outer loop
    vertex -3.01896071434021 9.952179908752441 0
    vertex -2.0289392471313477 10.200166702270508 0
    vertex -2.0289392471313477 10.200166702270508 24
  endloop
endfacet
facet normal 0 0 0
  outer loop
    vertex -2.0289392471313477 10.200166702270508 0
    vertex -1.649999976158142 10.256377220153809 0
    vertex -1.649999976158142 10.256377220153809 24
  endloop
endfacet
facet normal 0 0 0
  outer loop
    vertex -9.952179908752441 -3.01896071434021 0
    vertex -10.200166702270508 -2.0289392471313477 24
    vertex -9.952179908752441 -3.01896071434021 24
  endloop
endfacet
facet normal 0 0 0
  outer loop
    vertex -10.200166702270508 -2.0289392471313477 0
    vertex -10.256377220153809 -1.649999976158142 24
    vertex -10.200166702270508 -2.0289392471313477 24
  endloop
endfacet
facet normal 0 0 0
  outer loop
    vertex -9.608346939086914 -3.979907751083374 0
    vertex -9.952179908752441 -3.01896071434021 24
    vertex -9.608346939086914 -3.979907751083374 24
  endloop
endfacet
facet normal 0 0 0
  outer loop
    vertex -9.171980857849121 -4.902525901794434 0
    vertex -9.608346939086914 -3.979907751083374 24
    vertex -9.171980857849121 -4.902525901794434 24
  endloop
endfacet
facet normal 0 0 0
  outer loop
    vertex -10.256377220153809 1.649999976158142 0
    vertex -10.200166702270508 2.0289392471313477 24
    vertex -10.256377220153809 1.649999976158142 24
  endloop
endfacet
facet normal 0 0 0
  outer loop
    vertex -10.200166702270508 2.0289392471313477 0
    vertex -9.952179908752441 3.01896071434021 24
    vertex -10.200166702270508 2.0289392471313477 24
  endloop
endfacet
facet normal 0 0 0
  outer loop
    vertex -9.952179908752441 3.01896071434021 0
    vertex -9.608346939086914 3.979907751083374 24
    vertex -9.952179908752441 3.01896071434021 24
  endloop
endfacet
facet normal 0 0 0
  outer loop
    vertex -9.608346939086914 3.979907751083374 0
    vertex -9.171980857849121 4.902525901794434 24
    vertex -9.608346939086914 3.979907751083374 24
  endloop
endfacet
facet normal 0 0 0
  outer loop
    vertex -8.647283554077148 -5.77793025970459 0
    vertex -9.171980857849121 -4.902525901794434 24
    vertex -8.647283554077148 -5.77793025970459 24
  endloop
endfacet
facet normal 0 0 0
  outer loop
    vertex -8.039308547973633 -6.597690105438232 0
    vertex -8.647283554077148 -5.77793025970459 24
    vertex -8.039308547973633 -6.597690105438232 24
  endloop
endfacet
facet normal 0 0 0
  outer loop
    vertex -7.353910446166992 -7.353910446166992 0
    vertex -8.039308547973633 -6.597690105438232 24
    vertex -7.353910446166992 -7.353910446166992 24
  endloop
endfacet
facet normal 0 0 0
  outer loop
    vertex -6.597690105438232 -8.039308547973633 0
    vertex -7.353910446166992 -7.353910446166992 24
    vertex -6.597690105438232 -8.039308547973633 24
  endloop
endfacet
facet normal 0 0 0
  outer loop
    vertex -5.77793025970459 -8.647283554077148 0
    vertex -6.597690105438232 -8.039308547973633 24
    vertex -5.77793025970459 -8.647283554077148 24
  endloop
endfacet
facet normal 0 0 0
  outer loop
    vertex -9.171980857849121 4.902525901794434 0
    vertex -8.647283554077148 5.77793025970459 24
    vertex -9.171980857849121 4.902525901794434 24
  endloop
endfacet
facet normal 0 0 0
  outer loop
    vertex -8.647283554077148 5.77793025970459 0
    vertex -8.039308547973633 6.597690105438232 24
    vertex -8.647283554077148 5.77793025970459 24
  endloop
endfacet
facet normal 0 0 0
  outer loop
    vertex -8.039308547973633 6.597690105438232 0
    vertex -7.353910446166992 7.353910446166992 24
    vertex -8.039308547973633 6.597690105438232 24
  endloop
endfacet
facet normal 0 0 0
  outer loop
    vertex -7.353910446166992 7.353910446166992 0
    vertex -6.597690105438232 8.039308547973633 24
    vertex -7.353910446166992 7.353910446166992 24
  endloop
endfacet
facet normal 0 0 0
  outer loop
    vertex -6.597690105438232 8.039308547973633 0
    vertex -5.77793025970459 8.647283554077148 24
    vertex -6.597690105438232 8.039308547973633 24
  endloop
endfacet
facet normal 0 0 0
  outer loop
    vertex -4.902525901794434 -9.171980857849121 0
    vertex -5.77793025970459 -8.647283554077148 24
    vertex -4.902525901794434 -9.171980857849121 24
  endloop
endfacet
facet normal 0 0 0
  outer loop
    vertex -3.979907751083374 -9.608346939086914 0
    vertex -4.902525901794434 -9.171980857849121 24
    vertex -3.979907751083374 -9.608346939086914 24
  endloop
endfacet
facet normal 0 0 0
  outer loop
    vertex -3.01896071434021 -9.952179908752441 0
    vertex -3.979907751083374 -9.608346939086914 24
    vertex -3.01896071434021 -9.952179908752441 24
  endloop
endfacet
facet normal 0 0 0
  outer loop
    vertex -2.0289392471313477 -10.200166702270508 0
    vertex -3.01896071434021 -9.952179908752441 24
    vertex -2.0289392471313477 -10.200166702270508 24
  endloop
endfacet
facet normal 0 0 0
  outer loop
    vertex -1.649999976158142 -10.256377220153809 0
    vertex -2.0289392471313477 -10.200166702270508 24
    vertex -1.649999976158142 -10.256377220153809 24
  endloop
endfacet
facet normal 0 0 0
  outer loop
    vertex -5.77793025970459 8.647283554077148 0
    vertex -4.902525901794434 9.171980857849121 24
    vertex -5.77793025970459 8.647283554077148 24
  endloop
endfacet
facet normal 0 0 0
  outer loop
    vertex -4.902525901794434 9.171980857849121 0
    vertex -3.979907751083374 9.608346939086914 24
    vertex -4.902525901794434 9.171980857849121 24
  endloop
endfacet
facet normal 0 0 0
  outer loop
    vertex -3.979907751083374 9.608346939086914 0
    vertex -3.01896071434021 9.952179908752441 24
    vertex -3.979907751083374 9.608346939086914 24
  endloop
endfacet
facet normal 0 0 0
  outer loop
    vertex -3.01896071434021 9.952179908752441 0
    vertex -2.0289392471313477 10.200166702270508 24
    vertex -3.01896071434021 9.952179908752441 24
  endloop
endfacet
facet normal 0 0 0
  outer loop
    vertex -2.0289392471313477 10.200166702270508 0
    vertex -1.649999976158142 10.256377220153809 24
    vertex -2.0289392471313477 10.200166702270508 24
  endloop
endfacet
facet normal 0 0 0
  outer loop
    vertex 1.649999976158142 -10.256377220153809 0
    vertex 1.649999976158142 -10.256377220153809 24
    vertex 2.0289392471313477 -10.200166702270508 0
  endloop
endfacet
facet normal 0 0 0
  outer loop
    vertex 2.0289392471313477 -10.200166702270508 0
    vertex 2.0289392471313477 -10.200166702270508 24
    vertex 3.01896071434021 -9.952179908752441 0
  endloop
endfacet
facet normal 0 0 0
  outer loop
    vertex 3.01896071434021 -9.952179908752441 0
    vertex 3.01896071434021 -9.952179908752441 24
    vertex 3.979907751083374 -9.608346939086914 0
  endloop
endfacet
facet normal 0 0 0
  outer loop
    vertex 3.979907751083374 -9.608346939086914 0
    vertex 3.979907751083374 -9.608346939086914 24
    vertex 4.902525901794434 -9.171980857849121 0
  endloop
endfacet
facet normal 0 0 0
  outer loop
    vertex 4.902525901794434 -9.171980857849121 0
    vertex 4.902525901794434 -9.171980857849121 24
    vertex 5.77793025970459 -8.647283554077148 0
  endloop
endfacet
facet normal 0 0 0
  outer loop
    vertex 1.649999976158142 10.256377220153809 0
    vertex 2.0289392471313477 10.200166702270508 0
    vertex 2.0289392471313477 10.200166702270508 24
  endloop
endfacet
facet normal 0 0 0
  outer loop
    vertex 2.0289392471313477 10.200166702270508 0
    vertex 3.01896071434021 9.952179908752441 0
    vertex 3.01896071434021 9.952179908752441 24
  endloop
endfacet
facet normal 0 0 0
  outer loop
    vertex 3.979907751083374 9.608346939086914 0
    vertex 3.979907751083374 9.608346939086914 24
    vertex 3.01896071434021 9.952179908752441 0
  endloop
endfacet
facet normal 0 0 0
  outer loop
    vertex 3.979907751083374 9.608346939086914 0
    vertex 4.902525901794434 9.171980857849121 0
    vertex 4.902525901794434 9.171980857849121 24
  endloop
endfacet
facet normal 0 0 0
  outer loop
    vertex 4.902525901794434 9.171980857849121 0
    vertex 5.77793025970459 8.647283554077148 0
    vertex 5.77793025970459 8.647283554077148 24
  endloop
endfacet
facet normal 0 0 0
  outer loop
    vertex 5.77793025970459 -8.647283554077148 0
    vertex 5.77793025970459 -8.647283554077148 24
    vertex 6.597690105438232 -8.039308547973633 0
  endloop
endfacet
facet normal 0 0 0
  outer loop
    vertex 6.597690105438232 -8.039308547973633 0
    vertex 6.597690105438232 -8.039308547973633 24
    vertex 7.353910446166992 -7.353910446166992 0
  endloop
endfacet
facet normal 0 0 0
  outer loop
    vertex 7.353910446166992 -7.353910446166992 0
    vertex 7.353910446166992 -7.353910446166992 24
    vertex 8.039308547973633 -6.597690105438232 0
  endloop
endfacet
facet normal 0 0 0
  outer loop
    vertex 8.039308547973633 -6.597690105438232 0
    vertex 8.039308547973633 -6.597690105438232 24
    vertex 8.647283554077148 -5.77793025970459 0
  endloop
endfacet
facet normal 0 0 0
  outer loop
    vertex 8.647283554077148 -5.77793025970459 0
    vertex 8.647283554077148 -5.77793025970459 24
    vertex 9.171980857849121 -4.902525901794434 0
  endloop
endfacet
facet normal 0 0 0
  outer loop
    vertex 9.171980857849121 -4.902525901794434 0
    vertex 9.171980857849121 -4.902525901794434 24
    vertex 9.608346939086914 -3.979907751083374 0
  endloop
endfacet
facet normal 0 0 0
  outer loop
    vertex 9.608346939086914 -3.979907751083374 0
    vertex 9.608346939086914 -3.979907751083374 24
    vertex 9.952179908752441 -3.01896071434021 0
  endloop
endfacet
facet normal 0 0 0
  outer loop
    vertex 9.952179908752441 -3.01896071434021 0
    vertex 9.952179908752441 -3.01896071434021 24
    vertex 10.200166702270508 -2.0289392471313477 0
  endloop
endfacet
facet normal 0 0 0
  outer loop
    vertex 10.200166702270508 -2.0289392471313477 0
    vertex 10.200166702270508 -2.0289392471313477 24
    vertex 10.256377220153809 -1.649999976158142 0
  endloop
endfacet
facet normal 0 0 0
  outer loop
    vertex 9.171980857849121 4.902525901794434 0
    vertex 9.608346939086914 3.979907751083374 0
    vertex 9.608346939086914 3.979907751083374 24
  endloop
endfacet
facet normal 0 0 0
  outer loop
    vertex 10.200166702270508 2.0289392471313477 0
    vertex 10.200166702270508 2.0289392471313477 24
    vertex 9.952179908752441 3.01896071434021 0
  endloop
endfacet
facet normal 0 0 0
  outer loop
    vertex 10.256377220153809 1.649999976158142 0
    vertex 10.256377220153809 1.649999976158142 24
    vertex 10.200166702270508 2.0289392471313477 0
  endloop
endfacet
facet normal 0 0 0
  outer loop
    vertex 9.608346939086914 3.979907751083374 0
    vertex 9.952179908752441 3.01896071434021 0
    vertex 9.952179908752441 3.01896071434021 24
  endloop
endfacet
facet normal 0 0 0
  outer loop
    vertex 5.77793025970459 8.647283554077148 0
    vertex 6.597690105438232 8.039308547973633 0
    vertex 6.597690105438232 8.039308547973633 24
  endloop
endfacet
facet normal 0 0 0
  outer loop
    vertex 6.597690105438232 8.039308547973633 0
    vertex 7.353910446166992 7.353910446166992 0
    vertex 7.353910446166992 7.353910446166992 24
  endloop
endfacet
facet normal 0 0 0
  outer loop
    vertex 7.353910446166992 7.353910446166992 0
    vertex 8.039308547973633 6.597690105438232 0
    vertex 8.039308547973633 6.597690105438232 24
  endloop
endfacet
facet normal 0 0 0
  outer loop
    vertex 8.039308547973633 6.597690105438232 0
    vertex 8.647283554077148 5.77793025970459 0
    vertex 8.647283554077148 5.77793025970459 24
  endloop
endfacet
facet normal 0 0 0
  outer loop
    vertex 9.171980857849121 4.902525901794434 0
    vertex 9.171980857849121 4.902525901794434 24
    vertex 8.647283554077148 5.77793025970459 0
  endloop
endfacet
facet normal 0 0 0
  outer loop
    vertex 2.0289392471313477 -10.200166702270508 0
    vertex 1.649999976158142 -10.256377220153809 24
    vertex 2.0289392471313477 -10.200166702270508 24
  endloop
endfacet
facet normal 0 0 0
  outer loop
    vertex 3.01896071434021 -9.952179908752441 0
    vertex 2.0289392471313477 -10.200166702270508 24
    vertex 3.01896071434021 -9.952179908752441 24
  endloop
endfacet
facet normal 0 0 0
  outer loop
    vertex 3.979907751083374 -9.608346939086914 0
    vertex 3.01896071434021 -9.952179908752441 24
    vertex 3.979907751083374 -9.608346939086914 24
  endloop
endfacet
facet normal 0 0 0
  outer loop
    vertex 4.902525901794434 -9.171980857849121 0
    vertex 3.979907751083374 -9.608346939086914 24
    vertex 4.902525901794434 -9.171980857849121 24
  endloop
endfacet
facet normal 0 0 0
  outer loop
    vertex 5.77793025970459 -8.647283554077148 0
    vertex 4.902525901794434 -9.171980857849121 24
    vertex 5.77793025970459 -8.647283554077148 24
  endloop
endfacet
facet normal 0 0 0
  outer loop
    vertex 1.649999976158142 10.256377220153809 0
    vertex 2.0289392471313477 10.200166702270508 24
    vertex 1.649999976158142 10.256377220153809 24
  endloop
endfacet
facet normal 0 0 0
  outer loop
    vertex 2.0289392471313477 10.200166702270508 0
    vertex 3.01896071434021 9.952179908752441 24
    vertex 2.0289392471313477 10.200166702270508 24
  endloop
endfacet
facet normal 0 0 0
  outer loop
    vertex 3.01896071434021 9.952179908752441 0
    vertex 3.979907751083374 9.608346939086914 24
    vertex 3.01896071434021 9.952179908752441 24
  endloop
endfacet
facet normal 0 0 0
  outer loop
    vertex 3.979907751083374 9.608346939086914 0
    vertex 4.902525901794434 9.171980857849121 24
    vertex 3.979907751083374 9.608346939086914 24
  endloop
endfacet
facet normal 0 0 0
  outer loop
    vertex 4.902525901794434 9.171980857849121 0
    vertex 5.77793025970459 8.647283554077148 24
    vertex 4.902525901794434 9.171980857849121 24
  endloop
endfacet
facet normal 0 0 0
  outer loop
    vertex 6.597690105438232 -8.039308547973633 0
    vertex 5.77793025970459 -8.647283554077148 24
    vertex 6.597690105438232 -8.039308547973633 24
  endloop
endfacet
facet normal 0 0 0
  outer loop
    vertex 7.353910446166992 -7.353910446166992 0
    vertex 6.597690105438232 -8.039308547973633 24
    vertex 7.353910446166992 -7.353910446166992 24
  endloop
endfacet
facet normal 0 0 0
  outer loop
    vertex 8.039308547973633 -6.597690105438232 0
    vertex 7.353910446166992 -7.353910446166992 24
    vertex 8.039308547973633 -6.597690105438232 24
  endloop
endfacet
facet normal 0 0 0
  outer loop
    vertex 8.647283554077148 -5.77793025970459 0
    vertex 8.039308547973633 -6.597690105438232 24
    vertex 8.647283554077148 -5.77793025970459 24
  endloop
endfacet
facet normal 0 0 0
  outer loop
    vertex 9.171980857849121 -4.902525901794434 0
    vertex 8.647283554077148 -5.77793025970459 24
    vertex 9.171980857849121 -4.902525901794434 24
  endloop
endfacet
facet normal 0 0 0
  outer loop
    vertex 9.608346939086914 -3.979907751083374 0
    vertex 9.171980857849121 -4.902525901794434 24
    vertex 9.608346939086914 -3.979907751083374 24
  endloop
endfacet
facet normal 0 0 0
  outer loop
    vertex 9.952179908752441 -3.01896071434021 0
    vertex 9.608346939086914 -3.979907751083374 24
    vertex 9.952179908752441 -3.01896071434021 24
  endloop
endfacet
facet normal 0 0 0
  outer loop
    vertex 10.200166702270508 -2.0289392471313477 0
    vertex 9.952179908752441 -3.01896071434021 24
    vertex 10.200166702270508 -2.0289392471313477 24
  endloop
endfacet
facet normal 0 0 0
  outer loop
    vertex 10.256377220153809 -1.649999976158142 0
    vertex 10.200166702270508 -2.0289392471313477 24
    vertex 10.256377220153809 -1.649999976158142 24
  endloop
endfacet
facet normal 0 0 0
  outer loop
    vertex 9.171980857849121 4.902525901794434 0
    vertex 9.608346939086914 3.979907751083374 24
    vertex 9.171980857849121 4.902525901794434 24
  endloop
endfacet
facet normal 0 0 0
  outer loop
    vertex 9.608346939086914 3.979907751083374 0
    vertex 9.952179908752441 3.01896071434021 24
    vertex 9.608346939086914 3.979907751083374 24
  endloop
endfacet
facet normal 0 0 0
  outer loop
    vertex 10.200166702270508 2.0289392471313477 0
    vertex 10.256377220153809 1.649999976158142 24
    vertex 10.200166702270508 2.0289392471313477 24
  endloop
endfacet
facet normal 0 0 0
  outer loop
    vertex 9.952179908752441 3.01896071434021 0
    vertex 10.200166702270508 2.0289392471313477 24
    vertex 9.952179908752441 3.01896071434021 24
  endloop
endfacet
facet normal 0 0 0
  outer loop
    vertex 5.77793025970459 8.647283554077148 0
    vertex 6.597690105438232 8.039308547973633 24
    vertex 5.77793025970459 8.647283554077148 24
  endloop
endfacet
facet normal 0 0 0
  outer loop
    vertex 6.597690105438232 8.039308547973633 0
    vertex 7.353910446166992 7.353910446166992 24
    vertex 6.597690105438232 8.039308547973633 24
  endloop
endfacet
facet normal 0 0 0
  outer loop
    vertex 7.353910446166992 7.353910446166992 0
    vertex 8.039308547973633 6.597690105438232 24
    vertex 7.353910446166992 7.353910446166992 24
  endloop
endfacet
facet normal 0 0 0
  outer loop
    vertex 8.039308547973633 6.597690105438232 0
    vertex 8.647283554077148 5.77793025970459 24
    vertex 8.039308547973633 6.597690105438232 24
  endloop
endfacet
facet normal 0 0 0
  outer loop
    vertex 8.647283554077148 5.77793025970459 0
    vertex 9.171980857849121 4.902525901794434 24
    vertex 8.647283554077148 5.77793025970459 24
  endloop
endfacet
facet normal 0 0 0
  outer loop
    vertex 10.256377220153809 -1.649999976158142 0
    vertex 10.256377220153809 -1.649999976158142 24
    vertex 12.050000190734863 -1.649999976158142 0
  endloop
endfacet
facet normal 0 0 0
  outer loop
    vertex 10.256377220153809 1.649999976158142 0
    vertex 12.050000190734863 1.649999976158142 0
    vertex 12.050000190734863 1.649999976158142 24
  endloop
endfacet
facet normal 0 0 0
  outer loop
    vertex 12.050000190734863 -1.649999976158142 0
    vertex 12.050000190734863 -1.649999976158142 24
    vertex 12.050000190734863 1.649999976158142 0
  endloop
endfacet
facet normal 0 0 0
  outer loop
    vertex 12.050000190734863 -1.649999976158142 0
    vertex 10.256377220153809 -1.649999976158142 24
    vertex 12.050000190734863 -1.649999976158142 24
  endloop
endfacet
facet normal 0 0 0
  outer loop
    vertex 10.256377220153809 1.649999976158142 0
    vertex 12.050000190734863 1.649999976158142 24
    vertex 10.256377220153809 1.649999976158142 24
  endloop
endfacet
facet normal 0 0 0
  outer loop
    vertex 12.050000190734863 1.649999976158142 0
    vertex 12.050000190734863 -1.649999976158142 24
    vertex 12.050000190734863 1.649999976158142 24
  endloop
endfacet
facet normal 0 0 0
  outer loop
    vertex -1.649999976158142 12.050000190734863 0
    vertex -0.30000001192092896 12.050000190734863 0
    vertex -0.30000001192092896 12.050000190734863 14
  endloop
endfacet
facet normal 0 0 0
  outer loop
    vertex -1.649999976158142 10.256377220153809 0
    vertex -1.649999976158142 12.050000190734863 0
    vertex -1.649999976158142 12.050000190734863 24
  endloop
endfacet
facet normal 0 0 0
  outer loop
    vertex -1.649999976158142 12.050000190734863 0
    vertex -0.30000001192092896 12.050000190734863 14
    vertex -1.649999976158142 12.050000190734863 24
  endloop
endfacet
facet normal 0 0 0
  outer loop
    vertex -1.649999976158142 10.256377220153809 0
    vertex -1.649999976158142 12.050000190734863 24
    vertex -1.649999976158142 10.256377220153809 24
  endloop
endfacet
facet normal 0 0 0
  outer loop
    vertex -0.30000001192092896 12.050000190734863 14
    vertex 0 12.050000190734863 14
    vertex -1.649999976158142 12.050000190734863 24
  endloop
endfacet
facet normal 0 0 0
  outer loop
    vertex -1.649999976158142 12.050000190734863 24
    vertex 0 12.050000190734863 14
    vertex 0 12.050000190734863 24
  endloop
endfacet
facet normal 0 0 0
  outer loop
    vertex 0.30000001192092896 12.050000190734863 0
    vertex 1.649999976158142 12.050000190734863 0
    vertex 0.30000001192092896 12.050000190734863 14
  endloop
endfacet
facet normal 0 0 0
  outer loop
    vertex 1.649999976158142 10.256377220153809 0
    vertex 1.649999976158142 10.256377220153809 24
    vertex 1.649999976158142 12.050000190734863 0
  endloop
endfacet
facet normal 0 0 0
  outer loop
    vertex 1.649999976158142 12.050000190734863 0
    vertex 1.649999976158142 12.050000190734863 24
    vertex 0.30000001192092896 12.050000190734863 14
  endloop
endfacet
facet normal 0 0 0
  outer loop
    vertex 1.649999976158142 12.050000190734863 0
    vertex 1.649999976158142 10.256377220153809 24
    vertex 1.649999976158142 12.050000190734863 24
  endloop
endfacet
facet normal 0 0 0
  outer loop
    vertex 0 12.050000190734863 14
    vertex 0.30000001192092896 12.050000190734863 14
    vertex 0 12.050000190734863 24
  endloop
endfacet
facet normal 0 0 0
  outer loop
    vertex 0.30000001192092896 12.050000190734863 14
    vertex 1.649999976158142 12.050000190734863 24
    vertex 0 12.050000190734863 24
  endloop
endfacet
facet normal 0 0 0
  outer loop
    vertex -12.050000190734863 -1.649999976158142 0
    vertex -12.050000190734863 1.649999976158142 0
    vertex -12.050000190734863 1.649999976158142 24
  endloop
endfacet
facet normal 0 0 0
  outer loop
    vertex -12.050000190734863 -1.649999976158142 0
    vertex -12.050000190734863 -1.649999976158142 24
    vertex -10.256377220153809 -1.649999976158142 0
  endloop
endfacet
facet normal 0 0 0
  outer loop
    vertex -12.050000190734863 1.649999976158142 0
    vertex -10.256377220153809 1.649999976158142 0
    vertex -10.256377220153809 1.649999976158142 24
  endloop
endfacet
facet normal 0 0 0
  outer loop
    vertex -12.050000190734863 -1.649999976158142 0
    vertex -12.050000190734863 1.649999976158142 24
    vertex -12.050000190734863 -1.649999976158142 24
  endloop
endfacet
facet normal 0 0 0
  outer loop
    vertex -10.256377220153809 -1.649999976158142 0
    vertex -12.050000190734863 -1.649999976158142 24
    vertex -10.256377220153809 -1.649999976158142 24
  endloop
endfacet
facet normal 0 0 0
  outer loop
    vertex -12.050000190734863 1.649999976158142 0
    vertex -10.256377220153809 1.649999976158142 24
    vertex -12.050000190734863 1.649999976158142 24
  endloop
endfacet
facet normal 0 0 0
  outer loop
    vertex -1.649999976158142 -12.050000190734863 0
    vertex -0.30000001192092896 -12.050000190734863 14
    vertex -0.30000001192092896 -12.050000190734863 0
  endloop
endfacet
facet normal 0 0 0
  outer loop
    vertex -1.649999976158142 -12.050000190734863 0
    vertex -1.649999976158142 -10.256377220153809 0
    vertex -1.649999976158142 -10.256377220153809 24
  endloop
endfacet
facet normal 0 0 0
  outer loop
    vertex -1.649999976158142 -12.050000190734863 0
    vertex -1.649999976158142 -12.050000190734863 24
    vertex -0.30000001192092896 -12.050000190734863 14
  endloop
endfacet
facet normal 0 0 0
  outer loop
    vertex -1.649999976158142 -12.050000190734863 0
    vertex -1.649999976158142 -10.256377220153809 24
    vertex -1.649999976158142 -12.050000190734863 24
  endloop
endfacet
facet normal 0 0 0
  outer loop
    vertex -0.30000001192092896 -12.050000190734863 14
    vertex 0 -12.050000190734863 24
    vertex 0 -12.050000190734863 14
  endloop
endfacet
facet normal 0 0 0
  outer loop
    vertex -0.30000001192092896 -12.050000190734863 14
    vertex -1.649999976158142 -12.050000190734863 24
    vertex 0 -12.050000190734863 24
  endloop
endfacet
facet normal 0 0 0
  outer loop
    vertex 0.30000001192092896 -12.050000190734863 0
    vertex 0.30000001192092896 -12.050000190734863 14
    vertex 1.649999976158142 -12.050000190734863 0
  endloop
endfacet
facet normal 0 0 0
  outer loop
    vertex 1.649999976158142 -12.050000190734863 0
    vertex 1.649999976158142 -12.050000190734863 24
    vertex 1.649999976158142 -10.256377220153809 0
  endloop
endfacet
facet normal 0 0 0
  outer loop
    vertex 1.649999976158142 -12.050000190734863 0
    vertex 0.30000001192092896 -12.050000190734863 14
    vertex 0 -12.050000190734863 24
  endloop
endfacet
facet normal 0 0 0
  outer loop
    vertex 1.649999976158142 -12.050000190734863 0
    vertex 0 -12.050000190734863 24
    vertex 1.649999976158142 -12.050000190734863 24
  endloop
endfacet
facet normal 0 0 0
  outer loop
    vertex 1.649999976158142 -10.256377220153809 0
    vertex 1.649999976158142 -12.050000190734863 24
    vertex 1.649999976158142 -10.256377220153809 24
  endloop
endfacet
facet normal 0 0 0
  outer loop
    vertex 0 -12.050000190734863 14
    vertex 0 -12.050000190734863 24
    vertex 0.30000001192092896 -12.050000190734863 14
  endloop
endfacet
facet normal 0 0 0
  outer loop
    vertex -9.171980857849121 -44.90252685546875 0
    vertex -9.171980857849121 -44.90252685546875 16
    vertex -9.113557815551758 -45 0
  endloop
endfacet
facet normal 0 0 0
  outer loop
    vertex -9.952179908752441 -43.018959045410156 0
    vertex -9.952179908752441 -43.018959045410156 16
    vertex -9.608346939086914 -43.97990798950195 0
  endloop
endfacet
facet normal 0 0 0
  outer loop
    vertex -10.200166702270508 -42.02893829345703 0
    vertex -10.200166702270508 -42.02893829345703 16
    vertex -9.952179908752441 -43.018959045410156 0
  endloop
endfacet
facet normal 0 0 0
  outer loop
    vertex -10.200166702270508 -42.02893829345703 0
    vertex -10.256377220153809 -41.650001525878906 0
    vertex -10.256377220153809 -41.650001525878906 16
  endloop
endfacet
facet normal 0 0 0
  outer loop
    vertex -9.171980857849121 -44.90252685546875 0
    vertex -9.608346939086914 -43.97990798950195 0
    vertex -9.608346939086914 -43.97990798950195 16
  endloop
endfacet
facet normal 0 0 0
  outer loop
    vertex -10.256377220153809 -38.349998474121094 0
    vertex -10.200166702270508 -37.97106170654297 0
    vertex -10.200166702270508 -37.97106170654297 16
  endloop
endfacet
facet normal 0 0 0
  outer loop
    vertex -10.200166702270508 -37.97106170654297 0
    vertex -9.952179908752441 -36.981040954589844 0
    vertex -9.952179908752441 -36.981040954589844 16
  endloop
endfacet
facet normal 0 0 0
  outer loop
    vertex -9.952179908752441 -36.981040954589844 0
    vertex -9.608346939086914 -36.02009201049805 0
    vertex -9.608346939086914 -36.02009201049805 16
  endloop
endfacet
facet normal 0 0 0
  outer loop
    vertex -9.608346939086914 -36.02009201049805 0
    vertex -9.171980857849121 -35.09747314453125 0
    vertex -9.171980857849121 -35.09747314453125 16
  endloop
endfacet
facet normal 0 0 0
  outer loop
    vertex -9.113557815551758 -45 0
    vertex -9.171980857849121 -44.90252685546875 16
    vertex -8.647283554077148 -45.777931213378906 0
  endloop
endfacet
facet normal 0 0 0
  outer loop
    vertex -8.647283554077148 -45.777931213378906 0
    vertex -8.647283554077148 -45.777931213378906 16
    vertex -8.039308547973633 -46.59769058227539 0
  endloop
endfacet
facet normal 0 0 0
  outer loop
    vertex -8.039308547973633 -46.59769058227539 0
    vertex -8.039308547973633 -46.59769058227539 16
    vertex -7.353910446166992 -47.353912353515625 0
  endloop
endfacet
facet normal 0 0 0
  outer loop
    vertex -7.353910446166992 -47.353912353515625 0
    vertex -7.353910446166992 -47.353912353515625 16
    vertex -6.859794616699219 -47.80175018310547 0
  endloop
endfacet
facet normal 0 0 0
  outer loop
    vertex -6.859794616699219 -47.80175018310547 0
    vertex -7.353910446166992 -47.353912353515625 16
    vertex -6.788113117218018 -47.86671829223633 0
  endloop
endfacet
facet normal 0 0 0
  outer loop
    vertex -6.788113117218018 -47.86671829223633 0
    vertex -7.353910446166992 -47.353912353515625 16
    vertex -6.597690105438232 -48.039310455322266 0
  endloop
endfacet
facet normal 0 0 0
  outer loop
    vertex -6.597690105438232 -48.039310455322266 0
    vertex -6.597690105438232 -48.039310455322266 16
    vertex -5.77793025970459 -48.64728546142578 0
  endloop
endfacet
facet normal 0 0 0
  outer loop
    vertex -9.171980857849121 -35.09747314453125 0
    vertex -8.647283554077148 -34.222068786621094 0
    vertex -8.647283554077148 -34.222068786621094 16
  endloop
endfacet
facet normal 0 0 0
  outer loop
    vertex -8.647283554077148 -34.222068786621094 0
    vertex -8.039308547973633 -33.40230941772461 0
    vertex -8.039308547973633 -33.40230941772461 16
  endloop
endfacet
facet normal 0 0 0
  outer loop
    vertex -8.039308547973633 -33.40230941772461 0
    vertex -7.353910446166992 -32.646087646484375 0
    vertex -7.353910446166992 -32.646087646484375 16
  endloop
endfacet
facet normal 0 0 0
  outer loop
    vertex -7.353910446166992 -32.646087646484375 0
    vertex -6.597690105438232 -31.960691452026367 0
    vertex -6.597690105438232 -31.960691452026367 16
  endloop
endfacet
facet normal 0 0 0
  outer loop
    vertex -6.597690105438232 -31.960691452026367 0
    vertex -5.77793025970459 -31.35271644592285 0
    vertex -5.77793025970459 -31.35271644592285 16
  endloop
endfacet
facet normal 0 0 0
  outer loop
    vertex -5.77793025970459 -48.64728546142578 0
    vertex -5.77793025970459 -48.64728546142578 16
    vertex -5.498215198516846 -48.814937591552734 0
  endloop
endfacet
facet normal 0 0 0
  outer loop
    vertex -5.498215198516846 -48.814937591552734 0
    vertex -5.77793025970459 -48.64728546142578 16
    vertex -5.296066761016846 -48.936100006103516 0
  endloop
endfacet
facet normal 0 0 0
  outer loop
    vertex -5.296066761016846 -48.936100006103516 0
    vertex -5.77793025970459 -48.64728546142578 16
    vertex -4.902525901794434 -49.17198181152344 0
  endloop
endfacet
facet normal 0 0 0
  outer loop
    vertex -4.902525901794434 -49.17198181152344 0
    vertex -4.902525901794434 -49.17198181152344 16
    vertex -3.979907751083374 -49.60834884643555 0
  endloop
endfacet
facet normal 0 0 0
  outer loop
    vertex -3.9752440452575684 -49.610015869140625 0
    vertex -3.979907751083374 -49.60834884643555 0
    vertex -3.979907751083374 -49.60834884643555 16
  endloop
endfacet
facet normal 0 0 0
  outer loop
    vertex -3.9752440452575684 -49.610015869140625 0
    vertex -3.979907751083374 -49.60834884643555 16
    vertex -3.01896071434021 -49.952178955078125 0
  endloop
endfacet
facet normal 0 0 0
  outer loop
    vertex -3.01896071434021 -49.952178955078125 0
    vertex -3.01896071434021 -49.952178955078125 16
    vertex -2.0289392471313477 -50.20016860961914 0
  endloop
endfacet
facet normal 0 0 0
  outer loop
    vertex -2.0289392471313477 -50.20016860961914 0
    vertex -2.0289392471313477 -50.20016860961914 16
    vertex -1.649999976158142 -50.256378173828125 0
  endloop
endfacet
facet normal 0 0 0
  outer loop
    vertex -5.77793025970459 -31.35271644592285 0
    vertex -4.902525901794434 -30.828018188476562 0
    vertex -4.902525901794434 -30.828018188476562 16
  endloop
endfacet
facet normal 0 0 0
  outer loop
    vertex -4.902525901794434 -30.828018188476562 0
    vertex -3.979907751083374 -30.391653060913086 0
    vertex -3.979907751083374 -30.391653060913086 16
  endloop
endfacet
facet normal 0 0 0
  outer loop
    vertex -3.979907751083374 -30.391653060913086 0
    vertex -3.01896071434021 -30.047821044921875 0
    vertex -3.01896071434021 -30.047821044921875 16
  endloop
endfacet
facet normal 0 0 0
  outer loop
    vertex -3.01896071434021 -30.047821044921875 0
    vertex -2.0289392471313477 -29.799833297729492 0
    vertex -2.0289392471313477 -29.799833297729492 16
  endloop
endfacet
facet normal 0 0 0
  outer loop
    vertex -2.0289392471313477 -29.799833297729492 0
    vertex -1.649999976158142 -29.743621826171875 0
    vertex -1.649999976158142 -29.743621826171875 16
  endloop
endfacet
facet normal 0 0 0
  outer loop
    vertex -9.171980857849121 -44.90252685546875 0
    vertex -9.608346939086914 -43.97990798950195 16
    vertex -9.171980857849121 -44.90252685546875 16
  endloop
endfacet
facet normal 0 0 0
  outer loop
    vertex -9.952179908752441 -43.018959045410156 0
    vertex -10.200166702270508 -42.02893829345703 16
    vertex -9.952179908752441 -43.018959045410156 16
  endloop
endfacet
facet normal 0 0 0
  outer loop
    vertex -10.200166702270508 -42.02893829345703 0
    vertex -10.256377220153809 -41.650001525878906 16
    vertex -10.200166702270508 -42.02893829345703 16
  endloop
endfacet
facet normal 0 0 0
  outer loop
    vertex -9.608346939086914 -43.97990798950195 0
    vertex -9.952179908752441 -43.018959045410156 16
    vertex -9.608346939086914 -43.97990798950195 16
  endloop
endfacet
facet normal 0 0 0
  outer loop
    vertex -10.256377220153809 -38.349998474121094 0
    vertex -10.200166702270508 -37.97106170654297 16
    vertex -10.256377220153809 -38.349998474121094 16
  endloop
endfacet
facet normal 0 0 0
  outer loop
    vertex -10.200166702270508 -37.97106170654297 0
    vertex -9.952179908752441 -36.981040954589844 16
    vertex -10.200166702270508 -37.97106170654297 16
  endloop
endfacet
facet normal 0 0 0
  outer loop
    vertex -9.952179908752441 -36.981040954589844 0
    vertex -9.608346939086914 -36.02009201049805 16
    vertex -9.952179908752441 -36.981040954589844 16
  endloop
endfacet
facet normal 0 0 0
  outer loop
    vertex -9.608346939086914 -36.02009201049805 0
    vertex -9.171980857849121 -35.09747314453125 16
    vertex -9.608346939086914 -36.02009201049805 16
  endloop
endfacet
facet normal 0 0 0
  outer loop
    vertex -8.647283554077148 -45.777931213378906 0
    vertex -9.171980857849121 -44.90252685546875 16
    vertex -8.647283554077148 -45.777931213378906 16
  endloop
endfacet
facet normal 0 0 0
  outer loop
    vertex -7.353910446166992 -47.353912353515625 0
    vertex -8.039308547973633 -46.59769058227539 16
    vertex -7.353910446166992 -47.353912353515625 16
  endloop
endfacet
facet normal 0 0 0
  outer loop
    vertex -8.039308547973633 -46.59769058227539 0
    vertex -8.647283554077148 -45.777931213378906 16
    vertex -8.039308547973633 -46.59769058227539 16
  endloop
endfacet
facet normal 0 0 0
  outer loop
    vertex -6.597690105438232 -48.039310455322266 0
    vertex -7.353910446166992 -47.353912353515625 16
    vertex -6.597690105438232 -48.039310455322266 16
  endloop
endfacet
facet normal 0 0 0
  outer loop
    vertex -5.77793025970459 -48.64728546142578 0
    vertex -6.597690105438232 -48.039310455322266 16
    vertex -5.77793025970459 -48.64728546142578 16
  endloop
endfacet
facet normal 0 0 0
  outer loop
    vertex -9.171980857849121 -35.09747314453125 0
    vertex -8.647283554077148 -34.222068786621094 16
    vertex -9.171980857849121 -35.09747314453125 16
  endloop
endfacet
facet normal 0 0 0
  outer loop
    vertex -8.647283554077148 -34.222068786621094 0
    vertex -8.039308547973633 -33.40230941772461 16
    vertex -8.647283554077148 -34.222068786621094 16
  endloop
endfacet
facet normal 0 0 0
  outer loop
    vertex -8.039308547973633 -33.40230941772461 0
    vertex -7.353910446166992 -32.646087646484375 16
    vertex -8.039308547973633 -33.40230941772461 16
  endloop
endfacet
facet normal 0 0 0
  outer loop
    vertex -7.353910446166992 -32.646087646484375 0
    vertex -6.597690105438232 -31.960691452026367 16
    vertex -7.353910446166992 -32.646087646484375 16
  endloop
endfacet
facet normal 0 0 0
  outer loop
    vertex -6.597690105438232 -31.960691452026367 0
    vertex -5.77793025970459 -31.35271644592285 16
    vertex -6.597690105438232 -31.960691452026367 16
  endloop
endfacet
facet normal 0 0 0
  outer loop
    vertex -4.902525901794434 -49.17198181152344 0
    vertex -5.77793025970459 -48.64728546142578 16
    vertex -4.902525901794434 -49.17198181152344 16
  endloop
endfacet
facet normal 0 0 0
  outer loop
    vertex -3.979907751083374 -49.60834884643555 0
    vertex -4.902525901794434 -49.17198181152344 16
    vertex -3.979907751083374 -49.60834884643555 16
  endloop
endfacet
facet normal 0 0 0
  outer loop
    vertex -3.01896071434021 -49.952178955078125 0
    vertex -3.979907751083374 -49.60834884643555 16
    vertex -3.01896071434021 -49.952178955078125 16
  endloop
endfacet
facet normal 0 0 0
  outer loop
    vertex -2.0289392471313477 -50.20016860961914 0
    vertex -3.01896071434021 -49.952178955078125 16
    vertex -2.0289392471313477 -50.20016860961914 16
  endloop
endfacet
facet normal 0 0 0
  outer loop
    vertex -1.649999976158142 -50.256378173828125 0
    vertex -2.0289392471313477 -50.20016860961914 16
    vertex -1.649999976158142 -50.256378173828125 16
  endloop
endfacet
facet normal 0 0 0
  outer loop
    vertex -5.77793025970459 -31.35271644592285 0
    vertex -4.902525901794434 -30.828018188476562 16
    vertex -5.77793025970459 -31.35271644592285 16
  endloop
endfacet
facet normal 0 0 0
  outer loop
    vertex -4.902525901794434 -30.828018188476562 0
    vertex -3.979907751083374 -30.391653060913086 16
    vertex -4.902525901794434 -30.828018188476562 16
  endloop
endfacet
facet normal 0 0 0
  outer loop
    vertex -3.979907751083374 -30.391653060913086 0
    vertex -3.01896071434021 -30.047821044921875 16
    vertex -3.979907751083374 -30.391653060913086 16
  endloop
endfacet
facet normal 0 0 0
  outer loop
    vertex -3.01896071434021 -30.047821044921875 0
    vertex -2.0289392471313477 -29.799833297729492 16
    vertex -3.01896071434021 -30.047821044921875 16
  endloop
endfacet
facet normal 0 0 0
  outer loop
    vertex -2.0289392471313477 -29.799833297729492 0
    vertex -1.649999976158142 -29.743621826171875 16
    vertex -2.0289392471313477 -29.799833297729492 16
  endloop
endfacet
facet normal 0 0 0
  outer loop
    vertex 1.649999976158142 -50.256378173828125 0
    vertex 1.649999976158142 -50.256378173828125 16
    vertex 2.0289392471313477 -50.20016860961914 0
  endloop
endfacet
facet normal 0 0 0
  outer loop
    vertex 2.0289392471313477 -50.20016860961914 0
    vertex 2.0289392471313477 -50.20016860961914 16
    vertex 3.01896071434021 -49.952178955078125 0
  endloop
endfacet
facet normal 0 0 0
  outer loop
    vertex 3.01896071434021 -49.952178955078125 0
    vertex 3.01896071434021 -49.952178955078125 16
    vertex 3.979907751083374 -49.60834884643555 0
  endloop
endfacet
facet normal 0 0 0
  outer loop
    vertex 3.979907751083374 -49.60834884643555 0
    vertex 3.979907751083374 -49.60834884643555 16
    vertex 4.902525901794434 -49.17198181152344 0
  endloop
endfacet
facet normal 0 0 0
  outer loop
    vertex 4.902525901794434 -49.17198181152344 0
    vertex 4.902525901794434 -49.17198181152344 16
    vertex 5.77793025970459 -48.64728546142578 0
  endloop
endfacet
facet normal 0 0 0
  outer loop
    vertex 1.649999976158142 -29.743621826171875 0
    vertex 2.0289392471313477 -29.799833297729492 0
    vertex 2.0289392471313477 -29.799833297729492 16
  endloop
endfacet
facet normal 0 0 0
  outer loop
    vertex 2.0289392471313477 -29.799833297729492 0
    vertex 3.01896071434021 -30.047821044921875 0
    vertex 3.01896071434021 -30.047821044921875 16
  endloop
endfacet
facet normal 0 0 0
  outer loop
    vertex 3.01896071434021 -30.047821044921875 0
    vertex 3.979907751083374 -30.391653060913086 0
    vertex 3.979907751083374 -30.391653060913086 16
  endloop
endfacet
facet normal 0 0 0
  outer loop
    vertex 3.979907751083374 -30.391653060913086 0
    vertex 4.902525901794434 -30.828018188476562 0
    vertex 4.902525901794434 -30.828018188476562 16
  endloop
endfacet
facet normal 0 0 0
  outer loop
    vertex 4.902525901794434 -30.828018188476562 0
    vertex 5.77793025970459 -31.35271644592285 0
    vertex 5.77793025970459 -31.35271644592285 16
  endloop
endfacet
facet normal 0 0 0
  outer loop
    vertex 5.77793025970459 -48.64728546142578 0
    vertex 5.77793025970459 -48.64728546142578 16
    vertex 6.597690105438232 -48.039310455322266 0
  endloop
endfacet
facet normal 0 0 0
  outer loop
    vertex 6.597690105438232 -48.039310455322266 0
    vertex 6.597690105438232 -48.039310455322266 16
    vertex 7.353910446166992 -47.353912353515625 0
  endloop
endfacet
facet normal 0 0 0
  outer loop
    vertex 7.353910446166992 -47.353912353515625 0
    vertex 7.353910446166992 -47.353912353515625 16
    vertex 8.039308547973633 -46.59769058227539 0
  endloop
endfacet
facet normal 0 0 0
  outer loop
    vertex 8.039308547973633 -46.59769058227539 0
    vertex 8.039308547973633 -46.59769058227539 16
    vertex 8.647283554077148 -45.777931213378906 0
  endloop
endfacet
facet normal 0 0 0
  outer loop
    vertex 8.647283554077148 -45.777931213378906 0
    vertex 8.647283554077148 -45.777931213378906 16
    vertex 9.113557815551758 -45 0
  endloop
endfacet
facet normal 0 0 0
  outer loop
    vertex 9.113557815551758 -45 0
    vertex 8.647283554077148 -45.777931213378906 16
    vertex 9.171980857849121 -44.90252685546875 0
  endloop
endfacet
facet normal 0 0 0
  outer loop
    vertex 9.171980857849121 -35.09747314453125 0
    vertex 9.171980857849121 -35.09747314453125 16
    vertex 8.647283554077148 -34.222068786621094 0
  endloop
endfacet
facet normal 0 0 0
  outer loop
    vertex 9.171980857849121 -44.90252685546875 0
    vertex 9.171980857849121 -44.90252685546875 16
    vertex 9.608346939086914 -43.97990798950195 0
  endloop
endfacet
facet normal 0 0 0
  outer loop
    vertex 9.608346939086914 -43.97990798950195 0
    vertex 9.608346939086914 -43.97990798950195 16
    vertex 9.952179908752441 -43.018959045410156 0
  endloop
endfacet
facet normal 0 0 0
  outer loop
    vertex 9.952179908752441 -43.018959045410156 0
    vertex 9.952179908752441 -43.018959045410156 16
    vertex 10.200166702270508 -42.02893829345703 0
  endloop
endfacet
facet normal 0 0 0
  outer loop
    vertex 10.200166702270508 -42.02893829345703 0
    vertex 10.200166702270508 -42.02893829345703 16
    vertex 10.256377220153809 -41.650001525878906 0
  endloop
endfacet
facet normal 0 0 0
  outer loop
    vertex 9.171980857849121 -35.09747314453125 0
    vertex 9.608346939086914 -36.02009201049805 0
    vertex 9.608346939086914 -36.02009201049805 16
  endloop
endfacet
facet normal 0 0 0
  outer loop
    vertex 10.200166702270508 -37.97106170654297 0
    vertex 10.200166702270508 -37.97106170654297 16
    vertex 9.952179908752441 -36.981040954589844 0
  endloop
endfacet
facet normal 0 0 0
  outer loop
    vertex 10.256377220153809 -38.349998474121094 0
    vertex 10.256377220153809 -38.349998474121094 16
    vertex 10.200166702270508 -37.97106170654297 0
  endloop
endfacet
facet normal 0 0 0
  outer loop
    vertex 9.608346939086914 -36.02009201049805 0
    vertex 9.952179908752441 -36.981040954589844 0
    vertex 9.952179908752441 -36.981040954589844 16
  endloop
endfacet
facet normal 0 0 0
  outer loop
    vertex 5.77793025970459 -31.35271644592285 0
    vertex 6.597690105438232 -31.960691452026367 0
    vertex 6.597690105438232 -31.960691452026367 16
  endloop
endfacet
facet normal 0 0 0
  outer loop
    vertex 6.597690105438232 -31.960691452026367 0
    vertex 7.353910446166992 -32.646087646484375 0
    vertex 7.353910446166992 -32.646087646484375 16
  endloop
endfacet
facet normal 0 0 0
  outer loop
    vertex 7.353910446166992 -32.646087646484375 0
    vertex 8.039308547973633 -33.40230941772461 0
    vertex 8.039308547973633 -33.40230941772461 16
  endloop
endfacet
facet normal 0 0 0
  outer loop
    vertex 8.039308547973633 -33.40230941772461 0
    vertex 8.647283554077148 -34.222068786621094 0
    vertex 8.647283554077148 -34.222068786621094 16
  endloop
endfacet
facet normal 0 0 0
  outer loop
    vertex 2.0289392471313477 -50.20016860961914 0
    vertex 1.649999976158142 -50.256378173828125 16
    vertex 2.0289392471313477 -50.20016860961914 16
  endloop
endfacet
facet normal 0 0 0
  outer loop
    vertex 3.01896071434021 -49.952178955078125 0
    vertex 2.0289392471313477 -50.20016860961914 16
    vertex 3.01896071434021 -49.952178955078125 16
  endloop
endfacet
facet normal 0 0 0
  outer loop
    vertex 3.979907751083374 -49.60834884643555 0
    vertex 3.01896071434021 -49.952178955078125 16
    vertex 3.979907751083374 -49.60834884643555 16
  endloop
endfacet
facet normal 0 0 0
  outer loop
    vertex 4.902525901794434 -49.17198181152344 0
    vertex 3.979907751083374 -49.60834884643555 16
    vertex 4.902525901794434 -49.17198181152344 16
  endloop
endfacet
facet normal 0 0 0
  outer loop
    vertex 5.77793025970459 -48.64728546142578 0
    vertex 4.902525901794434 -49.17198181152344 16
    vertex 5.77793025970459 -48.64728546142578 16
  endloop
endfacet
facet normal 0 0 0
  outer loop
    vertex 1.649999976158142 -29.743621826171875 0
    vertex 2.0289392471313477 -29.799833297729492 16
    vertex 1.649999976158142 -29.743621826171875 16
  endloop
endfacet
facet normal 0 0 0
  outer loop
    vertex 2.0289392471313477 -29.799833297729492 0
    vertex 3.01896071434021 -30.047821044921875 16
    vertex 2.0289392471313477 -29.799833297729492 16
  endloop
endfacet
facet normal 0 0 0
  outer loop
    vertex 3.01896071434021 -30.047821044921875 0
    vertex 3.979907751083374 -30.391653060913086 16
    vertex 3.01896071434021 -30.047821044921875 16
  endloop
endfacet
facet normal 0 0 0
  outer loop
    vertex 3.979907751083374 -30.391653060913086 0
    vertex 4.902525901794434 -30.828018188476562 16
    vertex 3.979907751083374 -30.391653060913086 16
  endloop
endfacet
facet normal 0 0 0
  outer loop
    vertex 4.902525901794434 -30.828018188476562 0
    vertex 5.77793025970459 -31.35271644592285 16
    vertex 4.902525901794434 -30.828018188476562 16
  endloop
endfacet
facet normal 0 0 0
  outer loop
    vertex 6.597690105438232 -48.039310455322266 0
    vertex 5.77793025970459 -48.64728546142578 16
    vertex 6.597690105438232 -48.039310455322266 16
  endloop
endfacet
facet normal 0 0 0
  outer loop
    vertex 7.353910446166992 -47.353912353515625 0
    vertex 6.597690105438232 -48.039310455322266 16
    vertex 7.353910446166992 -47.353912353515625 16
  endloop
endfacet
facet normal 0 0 0
  outer loop
    vertex 8.039308547973633 -46.59769058227539 0
    vertex 7.353910446166992 -47.353912353515625 16
    vertex 8.039308547973633 -46.59769058227539 16
  endloop
endfacet
facet normal 0 0 0
  outer loop
    vertex 8.647283554077148 -45.777931213378906 0
    vertex 8.039308547973633 -46.59769058227539 16
    vertex 8.647283554077148 -45.777931213378906 16
  endloop
endfacet
facet normal 0 0 0
  outer loop
    vertex 9.171980857849121 -44.90252685546875 0
    vertex 8.647283554077148 -45.777931213378906 16
    vertex 9.171980857849121 -44.90252685546875 16
  endloop
endfacet
facet normal 0 0 0
  outer loop
    vertex 9.608346939086914 -43.97990798950195 0
    vertex 9.171980857849121 -44.90252685546875 16
    vertex 9.608346939086914 -43.97990798950195 16
  endloop
endfacet
facet normal 0 0 0
  outer loop
    vertex 9.952179908752441 -43.018959045410156 0
    vertex 9.608346939086914 -43.97990798950195 16
    vertex 9.952179908752441 -43.018959045410156 16
  endloop
endfacet
facet normal 0 0 0
  outer loop
    vertex 10.200166702270508 -42.02893829345703 0
    vertex 9.952179908752441 -43.018959045410156 16
    vertex 10.200166702270508 -42.02893829345703 16
  endloop
endfacet
facet normal 0 0 0
  outer loop
    vertex 10.256377220153809 -41.650001525878906 0
    vertex 10.200166702270508 -42.02893829345703 16
    vertex 10.256377220153809 -41.650001525878906 16
  endloop
endfacet
facet normal 0 0 0
  outer loop
    vertex 9.171980857849121 -35.09747314453125 0
    vertex 9.608346939086914 -36.02009201049805 16
    vertex 9.171980857849121 -35.09747314453125 16
  endloop
endfacet
facet normal 0 0 0
  outer loop
    vertex 9.608346939086914 -36.02009201049805 0
    vertex 9.952179908752441 -36.981040954589844 16
    vertex 9.608346939086914 -36.02009201049805 16
  endloop
endfacet
facet normal 0 0 0
  outer loop
    vertex 9.952179908752441 -36.981040954589844 0
    vertex 10.200166702270508 -37.97106170654297 16
    vertex 9.952179908752441 -36.981040954589844 16
  endloop
endfacet
facet normal 0 0 0
  outer loop
    vertex 10.200166702270508 -37.97106170654297 0
    vertex 10.256377220153809 -38.349998474121094 16
    vertex 10.200166702270508 -37.97106170654297 16
  endloop
endfacet
facet normal 0 0 0
  outer loop
    vertex 5.77793025970459 -31.35271644592285 0
    vertex 6.597690105438232 -31.960691452026367 16
    vertex 5.77793025970459 -31.35271644592285 16
  endloop
endfacet
facet normal 0 0 0
  outer loop
    vertex 6.597690105438232 -31.960691452026367 0
    vertex 7.353910446166992 -32.646087646484375 16
    vertex 6.597690105438232 -31.960691452026367 16
  endloop
endfacet
facet normal 0 0 0
  outer loop
    vertex 7.353910446166992 -32.646087646484375 0
    vertex 8.039308547973633 -33.40230941772461 16
    vertex 7.353910446166992 -32.646087646484375 16
  endloop
endfacet
facet normal 0 0 0
  outer loop
    vertex 8.039308547973633 -33.40230941772461 0
    vertex 8.647283554077148 -34.222068786621094 16
    vertex 8.039308547973633 -33.40230941772461 16
  endloop
endfacet
facet normal 0 0 0
  outer loop
    vertex 8.647283554077148 -34.222068786621094 0
    vertex 9.171980857849121 -35.09747314453125 16
    vertex 8.647283554077148 -34.222068786621094 16
  endloop
endfacet
facet normal 0 0 0
  outer loop
    vertex 10.256377220153809 -41.650001525878906 0
    vertex 10.256377220153809 -41.650001525878906 16
    vertex 12.050000190734863 -41.650001525878906 0
  endloop
endfacet
facet normal 0 0 0
  outer loop
    vertex 10.256377220153809 -38.349998474121094 0
    vertex 12.050000190734863 -38.349998474121094 0
    vertex 12.050000190734863 -38.349998474121094 16
  endloop
endfacet
facet normal 0 0 0
  outer loop
    vertex 12.050000190734863 -41.650001525878906 0
    vertex 10.256377220153809 -41.650001525878906 16
    vertex 12.050000190734863 -41.650001525878906 16
  endloop
endfacet
facet normal 0 0 0
  outer loop
    vertex 10.256377220153809 -38.349998474121094 0
    vertex 12.050000190734863 -38.349998474121094 16
    vertex 10.256377220153809 -38.349998474121094 16
  endloop
endfacet
facet normal 0 0 0
  outer loop
    vertex 12.050000190734863 -41.650001525878906 0
    vertex 12.050000190734863 -41.650001525878906 16
    vertex 12.050000190734863 -38.349998474121094 0
  endloop
endfacet
facet normal 0 0 0
  outer loop
    vertex 12.050000190734863 -38.349998474121094 0
    vertex 12.050000190734863 -41.650001525878906 16
    vertex 12.050000190734863 -38.349998474121094 16
  endloop
endfacet
facet normal 0 0 0
  outer loop
    vertex -1.649999976158142 -29.743621826171875 0
    vertex -1.649999976158142 -27.950000762939453 0
    vertex -1.649999976158142 -27.950000762939453 16
  endloop
endfacet
facet normal 0 0 0
  outer loop
    vertex -1.649999976158142 -27.950000762939453 0
    vertex -0.30000001192092896 -27.950000762939453 0
    vertex -0.30000001192092896 -27.950000762939453 14
  endloop
endfacet
facet normal 0 0 0
  outer loop
    vertex -1.649999976158142 -27.950000762939453 0
    vertex -0.30000001192092896 -27.950000762939453 14
    vertex -1.649999976158142 -27.950000762939453 16
  endloop
endfacet
facet normal 0 0 0
  outer loop
    vertex -1.649999976158142 -29.743621826171875 0
    vertex -1.649999976158142 -27.950000762939453 16
    vertex -1.649999976158142 -29.743621826171875 16
  endloop
endfacet
facet normal 0 0 0
  outer loop
    vertex -0.30000001192092896 -27.950000762939453 14
    vertex 0 -27.950000762939453 14
    vertex -1.649999976158142 -27.950000762939453 16
  endloop
endfacet
facet normal 0 0 0
  outer loop
    vertex -1.649999976158142 -27.950000762939453 16
    vertex 0 -27.950000762939453 14
    vertex 0 -27.950000762939453 16
  endloop
endfacet
facet normal 0 0 0
  outer loop
    vertex 0.30000001192092896 -27.950000762939453 0
    vertex 1.649999976158142 -27.950000762939453 0
    vertex 0.30000001192092896 -27.950000762939453 14
  endloop
endfacet
facet normal 0 0 0
  outer loop
    vertex 1.649999976158142 -29.743621826171875 0
    vertex 1.649999976158142 -29.743621826171875 16
    vertex 1.649999976158142 -27.950000762939453 0
  endloop
endfacet
facet normal 0 0 0
  outer loop
    vertex 1.649999976158142 -27.950000762939453 0
    vertex 1.649999976158142 -27.950000762939453 16
    vertex 0.30000001192092896 -27.950000762939453 14
  endloop
endfacet
facet normal 0 0 0
  outer loop
    vertex 1.649999976158142 -27.950000762939453 0
    vertex 1.649999976158142 -29.743621826171875 16
    vertex 1.649999976158142 -27.950000762939453 16
  endloop
endfacet
facet normal 0 0 0
  outer loop
    vertex 0 -27.950000762939453 14
    vertex 0.30000001192092896 -27.950000762939453 14
    vertex 0 -27.950000762939453 16
  endloop
endfacet
facet normal 0 0 0
  outer loop
    vertex 0.30000001192092896 -27.950000762939453 14
    vertex 1.649999976158142 -27.950000762939453 16
    vertex 0 -27.950000762939453 16
  endloop
endfacet
facet normal 0 0 0
  outer loop
    vertex -12.050000190734863 -41.650001525878906 0
    vertex -12.050000190734863 -38.349998474121094 0
    vertex -12.050000190734863 -38.349998474121094 16
  endloop
endfacet
facet normal 0 0 0
  outer loop
    vertex -12.050000190734863 -41.650001525878906 0
    vertex -12.050000190734863 -38.349998474121094 16
    vertex -12.050000190734863 -41.650001525878906 16
  endloop
endfacet
facet normal 0 0 0
  outer loop
    vertex -12.050000190734863 -41.650001525878906 0
    vertex -12.050000190734863 -41.650001525878906 16
    vertex -10.256377220153809 -41.650001525878906 0
  endloop
endfacet
facet normal 0 0 0
  outer loop
    vertex -12.050000190734863 -38.349998474121094 0
    vertex -10.256377220153809 -38.349998474121094 0
    vertex -10.256377220153809 -38.349998474121094 16
  endloop
endfacet
facet normal 0 0 0
  outer loop
    vertex -10.256377220153809 -41.650001525878906 0
    vertex -12.050000190734863 -41.650001525878906 16
    vertex -10.256377220153809 -41.650001525878906 16
  endloop
endfacet
facet normal 0 0 0
  outer loop
    vertex -12.050000190734863 -38.349998474121094 0
    vertex -10.256377220153809 -38.349998474121094 16
    vertex -12.050000190734863 -38.349998474121094 16
  endloop
endfacet
facet normal 0 0 0
  outer loop
    vertex -1.649999976158142 -52.04999923706055 0
    vertex -1.649999976158142 -50.256378173828125 0
    vertex -1.649999976158142 -50.256378173828125 16
  endloop
endfacet
facet normal 0 0 0
  outer loop
    vertex -1.649999976158142 -52.04999923706055 0
    vertex 0 -52.04999923706055 16
    vertex -1.4114468097686768 -52.04999923706055 0
  endloop
endfacet
facet normal 0 0 0
  outer loop
    vertex -1.4114468097686768 -52.04999923706055 0
    vertex 0 -52.04999923706055 16
    vertex -1.2994052171707153 -52.04999923706055 0
  endloop
endfacet
facet normal 0 0 0
  outer loop
    vertex -1.2994052171707153 -52.04999923706055 0
    vertex 0 -52.04999923706055 16
    vertex 0 -52.04999923706055 0
  endloop
endfacet
facet normal 0 0 0
  outer loop
    vertex -1.649999976158142 -52.04999923706055 0
    vertex -1.649999976158142 -50.256378173828125 16
    vertex -1.649999976158142 -52.04999923706055 16
  endloop
endfacet
facet normal 0 0 0
  outer loop
    vertex -1.649999976158142 -52.04999923706055 0
    vertex -1.649999976158142 -52.04999923706055 16
    vertex 0 -52.04999923706055 16
  endloop
endfacet
facet normal 0 0 0
  outer loop
    vertex 0 -52.04999923706055 0
    vertex 1.649999976158142 -52.04999923706055 16
    vertex 1.649999976158142 -52.04999923706055 0
  endloop
endfacet
facet normal 0 0 0
  outer loop
    vertex 1.649999976158142 -52.04999923706055 0
    vertex 1.649999976158142 -52.04999923706055 16
    vertex 1.649999976158142 -50.256378173828125 0
  endloop
endfacet
facet normal 0 0 0
  outer loop
    vertex 0 -52.04999923706055 0
    vertex 0 -52.04999923706055 16
    vertex 1.649999976158142 -52.04999923706055 16
  endloop
endfacet
facet normal 0 0 0
  outer loop
    vertex 1.649999976158142 -50.256378173828125 0
    vertex 1.649999976158142 -52.04999923706055 16
    vertex 1.649999976158142 -50.256378173828125 16
  endloop
endfacet
facet normal 0 0 0
  outer loop
    vertex -6 60 0
    vertex -6 66.51227569580078 3.548036813735962
    vertex -6 66.2742919921875 3.607649087905884
  endloop
endfacet
facet normal 0 0 0
  outer loop
    vertex -6 60 0
    vertex -6 66.2742919921875 3.607649087905884
    vertex -6 66.04328918457031 3.6903011798858643
  endloop
endfacet
facet normal 0 0 0
  outer loop
    vertex -6 60 0
    vertex -6 66.04328918457031 3.6903011798858643
    vertex -6 65.8215103149414 3.795196771621704
  endloop
endfacet
facet normal 0 0 0
  outer loop
    vertex -6 60 0
    vertex -6 65.8215103149414 3.795196771621704
    vertex -6 65.61107635498047 3.921325922012329
  endloop
endfacet
facet normal 0 0 0
  outer loop
    vertex -6 60 0
    vertex -6 65.61107635498047 3.921325922012329
    vertex -6 65.41401672363281 4.067473888397217
  endloop
endfacet
facet normal 0 0 0
  outer loop
    vertex -6 60 0
    vertex -6 65.41401672363281 4.067473888397217
    vertex -6 65.23223114013672 4.232233047485352
  endloop
endfacet
facet normal 0 0 0
  outer loop
    vertex -6 60 0
    vertex -6 65.23223114013672 4.232233047485352
    vertex -6 65.06747436523438 4.4140167236328125
  endloop
endfacet
facet normal 0 0 0
  outer loop
    vertex -6 60 0
    vertex -6 60 8
    vertex -0.30000001192092896 60 0
  endloop
endfacet
facet normal 0 0 0
  outer loop
    vertex -6 60 0
    vertex -6 64.79519653320312 4.821507930755615
    vertex -6 64.69029998779297 5.0432915687561035
  endloop
endfacet
facet normal 0 0 0
  outer loop
    vertex -6 60 0
    vertex -6 65.06747436523438 4.4140167236328125
    vertex -6 64.92132568359375 4.611074447631836
  endloop
endfacet
facet normal 0 0 0
  outer loop
    vertex -6 60 0
    vertex -6 64.92132568359375 4.611074447631836
    vertex -6 64.79519653320312 4.821507930755615
  endloop
endfacet
facet normal 0 0 0
  outer loop
    vertex -6 60 0
    vertex -6 64.69029998779297 5.0432915687561035
    vertex -6 64.60765075683594 5.274288177490234
  endloop
endfacet
facet normal 0 0 0
  outer loop
    vertex -6 60 0
    vertex -6 64.60765075683594 5.274288177490234
    vertex -6 64.54803466796875 5.512274265289307
  endloop
endfacet
facet normal 0 0 0
  outer loop
    vertex -6 60 0
    vertex -6 64.54803466796875 5.512274265289307
    vertex -6 64.51203918457031 5.75495719909668
  endloop
endfacet
facet normal 0 0 0
  outer loop
    vertex -6 60 0
    vertex -6 64.51203918457031 5.75495719909668
    vertex -6 64.5 6
  endloop
endfacet
facet normal 0 0 0
  outer loop
    vertex -6 60 0
    vertex -6 64.5 6
    vertex -6 64.51203918457031 6.24504280090332
  endloop
endfacet
facet normal 0 0 0
  outer loop
    vertex -6 60 0
    vertex -6 64.51203918457031 6.24504280090332
    vertex -6 64.54803466796875 6.487725734710693
  endloop
endfacet
facet normal 0 0 0
  outer loop
    vertex -6 60 0
    vertex -6 64.54803466796875 6.487725734710693
    vertex -6 64.60765075683594 6.725711822509766
  endloop
endfacet
facet normal 0 0 0
  outer loop
    vertex -6 60 0
    vertex -6 64.69029998779297 6.9567084312438965
    vertex -6 60 8
  endloop
endfacet
facet normal 0 0 0
  outer loop
    vertex -6 60 0
    vertex -6 64.60765075683594 6.725711822509766
    vertex -6 64.69029998779297 6.9567084312438965
  endloop
endfacet
facet normal 0 0 0
  outer loop
    vertex -0.30000001192092896 60 0
    vertex -6 60 8
    vertex -0.30000001192092896 60 8
  endloop
endfacet
facet normal 0 0 0
  outer loop
    vertex -6 60 8
    vertex -6 64.69029998779297 6.9567084312438965
    vertex -6 64.79519653320312 7.178492069244385
  endloop
endfacet
facet normal 0 0 0
  outer loop
    vertex -6 60 8
    vertex -6 64.79519653320312 7.178492069244385
    vertex -6 64.92132568359375 7.388925552368164
  endloop
endfacet
facet normal 0 0 0
  outer loop
    vertex -6 60 8
    vertex -6 64.92132568359375 7.388925552368164
    vertex -6 65.06747436523438 7.5859832763671875
  endloop
endfacet
facet normal 0 0 0
  outer loop
    vertex -6 60 8
    vertex -6 65.06747436523438 7.5859832763671875
    vertex -6 65.23223114013672 7.767766952514648
  endloop
endfacet
facet normal 0 0 0
  outer loop
    vertex -6 60 8
    vertex -6 65.23223114013672 7.767766952514648
    vertex -6 65.41401672363281 7.932526111602783
  endloop
endfacet
facet normal 0 0 0
  outer loop
    vertex -6 60 8
    vertex -6 65.41401672363281 7.932526111602783
    vertex -6 65.50499725341797 8
  endloop
endfacet
facet normal 0 0 0
  outer loop
    vertex -6 60 0
    vertex -6 80 0
    vertex -6 67 3.5
  endloop
endfacet
facet normal 0 0 0
  outer loop
    vertex -6 60 0
    vertex -6 67 3.5
    vertex -6 66.75495910644531 3.512038230895996
  endloop
endfacet
facet normal 0 0 0
  outer loop
    vertex -6 60 0
    vertex -6 66.75495910644531 3.512038230895996
    vertex -6 66.51227569580078 3.548036813735962
  endloop
endfacet
facet normal 0 0 0
  outer loop
    vertex -6 80 0
    vertex -6 67.24504089355469 3.512038230895996
    vertex -6 67 3.5
  endloop
endfacet
facet normal 0 0 0
  outer loop
    vertex -6 80 0
    vertex -6 67.48772430419922 3.548036813735962
    vertex -6 67.24504089355469 3.512038230895996
  endloop
endfacet
facet normal 0 0 0
  outer loop
    vertex -6 80 0
    vertex -6 67.7257080078125 3.607649087905884
    vertex -6 67.48772430419922 3.548036813735962
  endloop
endfacet
facet normal 0 0 0
  outer loop
    vertex -6 80 0
    vertex -6 67.95671081542969 3.6903011798858643
    vertex -6 67.7257080078125 3.607649087905884
  endloop
endfacet
facet normal 0 0 0
  outer loop
    vertex -6 80 0
    vertex -6 68.1784896850586 3.795196771621704
    vertex -6 67.95671081542969 3.6903011798858643
  endloop
endfacet
facet normal 0 0 0
  outer loop
    vertex -6 80 0
    vertex -6 68.38892364501953 3.921325922012329
    vertex -6 68.1784896850586 3.795196771621704
  endloop
endfacet
facet normal 0 0 0
  outer loop
    vertex -6 80 0
    vertex -6 68.58598327636719 4.067473888397217
    vertex -6 68.38892364501953 3.921325922012329
  endloop
endfacet
facet normal 0 0 0
  outer loop
    vertex -6 80 0
    vertex -6 68.76776885986328 4.232233047485352
    vertex -6 68.58598327636719 4.067473888397217
  endloop
endfacet
facet normal 0 0 0
  outer loop
    vertex -6 80 0
    vertex -6 68.93252563476562 4.4140167236328125
    vertex -6 68.76776885986328 4.232233047485352
  endloop
endfacet
facet normal 0 0 0
  outer loop
    vertex -6 80 0
    vertex -6 69.07867431640625 4.611074447631836
    vertex -6 68.93252563476562 4.4140167236328125
  endloop
endfacet
facet normal 0 0 0
  outer loop
    vertex -6 80 0
    vertex -6 69.20480346679688 4.821507930755615
    vertex -6 69.07867431640625 4.611074447631836
  endloop
endfacet
facet normal 0 0 0
  outer loop
    vertex -6 80 0
    vertex -6 69.30970001220703 5.0432915687561035
    vertex -6 69.20480346679688 4.821507930755615
  endloop
endfacet
facet normal 0 0 0
  outer loop
    vertex -6 80 0
    vertex -6 69.39234924316406 5.274288177490234
    vertex -6 69.30970001220703 5.0432915687561035
  endloop
endfacet
facet normal 0 0 0
  outer loop
    vertex -6 80 0
    vertex -6 69.45196533203125 5.512274265289307
    vertex -6 69.39234924316406 5.274288177490234
  endloop
endfacet
facet normal 0 0 0
  outer loop
    vertex -6 80 0
    vertex -6 69.48796081542969 5.75495719909668
    vertex -6 69.45196533203125 5.512274265289307
  endloop
endfacet
facet normal 0 0 0
  outer loop
    vertex -6 80 0
    vertex -6 80 8
    vertex -6 69.48796081542969 5.75495719909668
  endloop
endfacet
facet normal 0 0 0
  outer loop
    vertex -6 69.48796081542969 5.75495719909668
    vertex -6 80 8
    vertex -6 69.5 6
  endloop
endfacet
facet normal 0 0 0
  outer loop
    vertex -6 69.5 6
    vertex -6 80 8
    vertex -6 69.48796081542969 6.24504280090332
  endloop
endfacet
facet normal 0 0 0
  outer loop
    vertex -6 69.48796081542969 6.24504280090332
    vertex -6 80 8
    vertex -6 69.45196533203125 6.487725734710693
  endloop
endfacet
facet normal 0 0 0
  outer loop
    vertex -6 69.45196533203125 6.487725734710693
    vertex -6 80 8
    vertex -6 69.39234924316406 6.725711822509766
  endloop
endfacet
facet normal 0 0 0
  outer loop
    vertex -6 69.30970001220703 6.9567084312438965
    vertex -6 69.39234924316406 6.725711822509766
    vertex -6 80 8
  endloop
endfacet
facet normal 0 0 0
  outer loop
    vertex -6 69.30970001220703 6.9567084312438965
    vertex -6 80 8
    vertex -6 69.20480346679688 7.178492069244385
  endloop
endfacet
facet normal 0 0 0
  outer loop
    vertex -6 69.20480346679688 7.178492069244385
    vertex -6 80 8
    vertex -6 69.07867431640625 7.388925552368164
  endloop
endfacet
facet normal 0 0 0
  outer loop
    vertex -6 69.07867431640625 7.388925552368164
    vertex -6 80 8
    vertex -6 68.93252563476562 7.5859832763671875
  endloop
endfacet
facet normal 0 0 0
  outer loop
    vertex -6 68.93252563476562 7.5859832763671875
    vertex -6 80 8
    vertex -6 68.76776885986328 7.767766952514648
  endloop
endfacet
facet normal 0 0 0
  outer loop
    vertex -6 68.58598327636719 7.932526111602783
    vertex -6 80 8
    vertex -6 68.49500274658203 8
  endloop
endfacet
facet normal 0 0 0
  outer loop
    vertex -6 68.76776885986328 7.767766952514648
    vertex -6 80 8
    vertex -6 68.58598327636719 7.932526111602783
  endloop
endfacet
facet normal 0 0 0
  outer loop
    vertex 0.30000001192092896 60 0
    vertex 0.30000001192092896 60 8
    vertex 6 60 0
  endloop
endfacet
facet normal 0 0 0
  outer loop
    vertex 6 60 0
    vertex 0.30000001192092896 60 8
    vertex 6 60 8
  endloop
endfacet
facet normal 0 0 0
  outer loop
    vertex 6 60 0
    vertex 6 66.04328918457031 3.6903011798858643
    vertex 6 66.2742919921875 3.607649087905884
  endloop
endfacet
facet normal 0 0 0
  outer loop
    vertex 6 60 0
    vertex 6 65.8215103149414 3.795196771621704
    vertex 6 66.04328918457031 3.6903011798858643
  endloop
endfacet
facet normal 0 0 0
  outer loop
    vertex 6 60 0
    vertex 6 65.61107635498047 3.921325922012329
    vertex 6 65.8215103149414 3.795196771621704
  endloop
endfacet
facet normal 0 0 0
  outer loop
    vertex 6 60 0
    vertex 6 65.41401672363281 4.067473888397217
    vertex 6 65.61107635498047 3.921325922012329
  endloop
endfacet
facet normal 0 0 0
  outer loop
    vertex 6 60 0
    vertex 6 65.23223114013672 4.232233047485352
    vertex 6 65.41401672363281 4.067473888397217
  endloop
endfacet
facet normal 0 0 0
  outer loop
    vertex 6 60 0
    vertex 6 65.06747436523438 4.4140167236328125
    vertex 6 65.23223114013672 4.232233047485352
  endloop
endfacet
facet normal 0 0 0
  outer loop
    vertex 6 60 0
    vertex 6 64.69029998779297 5.0432915687561035
    vertex 6 64.79519653320312 4.821507930755615
  endloop
endfacet
facet normal 0 0 0
  outer loop
    vertex 6 60 0
    vertex 6 64.92132568359375 4.611074447631836
    vertex 6 65.06747436523438 4.4140167236328125
  endloop
endfacet
facet normal 0 0 0
  outer loop
    vertex 6 60 0
    vertex 6 64.79519653320312 4.821507930755615
    vertex 6 64.92132568359375 4.611074447631836
  endloop
endfacet
facet normal 0 0 0
  outer loop
    vertex 6 60 0
    vertex 6 60 8
    vertex 6 64.69029998779297 5.0432915687561035
  endloop
endfacet
facet normal 0 0 0
  outer loop
    vertex 6 60 8
    vertex 6 64.60765075683594 5.274288177490234
    vertex 6 64.69029998779297 5.0432915687561035
  endloop
endfacet
facet normal 0 0 0
  outer loop
    vertex 6 60 8
    vertex 6 64.54803466796875 5.512274265289307
    vertex 6 64.60765075683594 5.274288177490234
  endloop
endfacet
facet normal 0 0 0
  outer loop
    vertex 6 60 8
    vertex 6 64.51203918457031 5.75495719909668
    vertex 6 64.54803466796875 5.512274265289307
  endloop
endfacet
facet normal 0 0 0
  outer loop
    vertex 6 60 8
    vertex 6 64.5 6
    vertex 6 64.51203918457031 5.75495719909668
  endloop
endfacet
facet normal 0 0 0
  outer loop
    vertex 6 60 8
    vertex 6 64.51203918457031 6.24504280090332
    vertex 6 64.5 6
  endloop
endfacet
facet normal 0 0 0
  outer loop
    vertex 6 60 8
    vertex 6 64.54803466796875 6.487725734710693
    vertex 6 64.51203918457031 6.24504280090332
  endloop
endfacet
facet normal 0 0 0
  outer loop
    vertex 6 60 8
    vertex 6 64.60765075683594 6.725711822509766
    vertex 6 64.54803466796875 6.487725734710693
  endloop
endfacet
facet normal 0 0 0
  outer loop
    vertex 6 60 8
    vertex 6 64.69029998779297 6.9567084312438965
    vertex 6 64.60765075683594 6.725711822509766
  endloop
endfacet
facet normal 0 0 0
  outer loop
    vertex 6 60 8
    vertex 6 64.79519653320312 7.178492069244385
    vertex 6 64.69029998779297 6.9567084312438965
  endloop
endfacet
facet normal 0 0 0
  outer loop
    vertex 6 60 8
    vertex 6 64.92132568359375 7.388925552368164
    vertex 6 64.79519653320312 7.178492069244385
  endloop
endfacet
facet normal 0 0 0
  outer loop
    vertex 6 60 8
    vertex 6 65.06747436523438 7.5859832763671875
    vertex 6 64.92132568359375 7.388925552368164
  endloop
endfacet
facet normal 0 0 0
  outer loop
    vertex 6 60 8
    vertex 6 65.23223114013672 7.767766952514648
    vertex 6 65.06747436523438 7.5859832763671875
  endloop
endfacet
facet normal 0 0 0
  outer loop
    vertex 6 60 8
    vertex 6 65.41401672363281 7.932526111602783
    vertex 6 65.23223114013672 7.767766952514648
  endloop
endfacet
facet normal 0 0 0
  outer loop
    vertex 6 60 8
    vertex 6 65.50499725341797 8
    vertex 6 65.41401672363281 7.932526111602783
  endloop
endfacet
facet normal 0 0 0
  outer loop
    vertex 6 60 0
    vertex 6 66.2742919921875 3.607649087905884
    vertex 6 80 0
  endloop
endfacet
facet normal 0 0 0
  outer loop
    vertex 6 80 0
    vertex 6 66.2742919921875 3.607649087905884
    vertex 6 66.51227569580078 3.548036813735962
  endloop
endfacet
facet normal 0 0 0
  outer loop
    vertex 6 80 0
    vertex 6 66.51227569580078 3.548036813735962
    vertex 6 66.75495910644531 3.512038230895996
  endloop
endfacet
facet normal 0 0 0
  outer loop
    vertex 6 80 0
    vertex 6 66.75495910644531 3.512038230895996
    vertex 6 67 3.5
  endloop
endfacet
facet normal 0 0 0
  outer loop
    vertex 6 80 0
    vertex 6 67 3.5
    vertex 6 67.24504089355469 3.512038230895996
  endloop
endfacet
facet normal 0 0 0
  outer loop
    vertex 6 80 0
    vertex 6 67.24504089355469 3.512038230895996
    vertex 6 67.48772430419922 3.548036813735962
  endloop
endfacet
facet normal 0 0 0
  outer loop
    vertex 6 80 0
    vertex 6 67.48772430419922 3.548036813735962
    vertex 6 67.7257080078125 3.607649087905884
  endloop
endfacet
facet normal 0 0 0
  outer loop
    vertex 6 80 0
    vertex 6 67.7257080078125 3.607649087905884
    vertex 6 67.95671081542969 3.6903011798858643
  endloop
endfacet
facet normal 0 0 0
  outer loop
    vertex 6 80 0
    vertex 6 67.95671081542969 3.6903011798858643
    vertex 6 68.1784896850586 3.795196771621704
  endloop
endfacet
facet normal 0 0 0
  outer loop
    vertex 6 80 0
    vertex 6 68.1784896850586 3.795196771621704
    vertex 6 68.38892364501953 3.921325922012329
  endloop
endfacet
facet normal 0 0 0
  outer loop
    vertex 6 80 0
    vertex 6 68.38892364501953 3.921325922012329
    vertex 6 68.58598327636719 4.067473888397217
  endloop
endfacet
facet normal 0 0 0
  outer loop
    vertex 6 80 0
    vertex 6 68.58598327636719 4.067473888397217
    vertex 6 68.76776885986328 4.232233047485352
  endloop
endfacet
facet normal 0 0 0
  outer loop
    vertex 6 80 0
    vertex 6 68.76776885986328 4.232233047485352
    vertex 6 68.93252563476562 4.4140167236328125
  endloop
endfacet
facet normal 0 0 0
  outer loop
    vertex 6 80 0
    vertex 6 68.93252563476562 4.4140167236328125
    vertex 6 69.07867431640625 4.611074447631836
  endloop
endfacet
facet normal 0 0 0
  outer loop
    vertex 6 80 0
    vertex 6 69.07867431640625 4.611074447631836
    vertex 6 69.20480346679688 4.821507930755615
  endloop
endfacet
facet normal 0 0 0
  outer loop
    vertex 6 80 0
    vertex 6 69.20480346679688 4.821507930755615
    vertex 6 69.30970001220703 5.0432915687561035
  endloop
endfacet
facet normal 0 0 0
  outer loop
    vertex 6 80 0
    vertex 6 69.30970001220703 5.0432915687561035
    vertex 6 69.39234924316406 5.274288177490234
  endloop
endfacet
facet normal 0 0 0
  outer loop
    vertex 6 80 0
    vertex 6 69.39234924316406 5.274288177490234
    vertex 6 69.45196533203125 5.512274265289307
  endloop
endfacet
facet normal 0 0 0
  outer loop
    vertex 6 80 0
    vertex 6 69.45196533203125 5.512274265289307
    vertex 6 69.48796081542969 5.75495719909668
  endloop
endfacet
facet normal 0 0 0
  outer loop
    vertex 6 80 0
    vertex 6 69.48796081542969 5.75495719909668
    vertex 6 69.5 6
  endloop
endfacet
facet normal 0 0 0
  outer loop
    vertex 6 80 0
    vertex 6 69.5 6
    vertex 6 69.48796081542969 6.24504280090332
  endloop
endfacet
facet normal 0 0 0
  outer loop
    vertex 6 80 0
    vertex 6 69.48796081542969 6.24504280090332
    vertex 6 80 8
  endloop
endfacet
facet normal 0 0 0
  outer loop
    vertex 6 69.48796081542969 6.24504280090332
    vertex 6 69.45196533203125 6.487725734710693
    vertex 6 80 8
  endloop
endfacet
facet normal 0 0 0
  outer loop
    vertex 6 69.45196533203125 6.487725734710693
    vertex 6 69.39234924316406 6.725711822509766
    vertex 6 80 8
  endloop
endfacet
facet normal 0 0 0
  outer loop
    vertex 6 69.30970001220703 6.9567084312438965
    vertex 6 80 8
    vertex 6 69.39234924316406 6.725711822509766
  endloop
endfacet
facet normal 0 0 0
  outer loop
    vertex 6 69.30970001220703 6.9567084312438965
    vertex 6 69.20480346679688 7.178492069244385
    vertex 6 80 8
  endloop
endfacet
facet normal 0 0 0
  outer loop
    vertex 6 69.20480346679688 7.178492069244385
    vertex 6 69.07867431640625 7.388925552368164
    vertex 6 80 8
  endloop
endfacet
facet normal 0 0 0
  outer loop
    vertex 6 69.07867431640625 7.388925552368164
    vertex 6 68.93252563476562 7.5859832763671875
    vertex 6 80 8
  endloop
endfacet
facet normal 0 0 0
  outer loop
    vertex 6 68.93252563476562 7.5859832763671875
    vertex 6 68.76776885986328 7.767766952514648
    vertex 6 80 8
  endloop
endfacet
facet normal 0 0 0
  outer loop
    vertex 6 68.58598327636719 7.932526111602783
    vertex 6 68.49500274658203 8
    vertex 6 80 8
  endloop
endfacet
facet normal 0 0 0
  outer loop
    vertex 6 68.76776885986328 7.767766952514648
    vertex 6 68.58598327636719 7.932526111602783
    vertex 6 80 8
  endloop
endfacet
facet normal 0 0 0
  outer loop
    vertex -11.899999618530273 66.51227569580078 3.548036813735962
    vertex -11.899999618530273 66.75495910644531 3.512038230895996
    vertex -11.899999618530273 67.24504089355469 3.512038230895996
  endloop
endfacet
facet normal 0 0 0
  outer loop
    vertex -11.899999618530273 66.51227569580078 3.548036813735962
    vertex -11.899999618530273 67.48772430419922 3.548036813735962
    vertex -11.899999618530273 66.2742919921875 3.607649087905884
  endloop
endfacet
facet normal 0 0 0
  outer loop
    vertex -11.899999618530273 66.04328918457031 3.6903011798858643
    vertex -11.899999618530273 66.2742919921875 3.607649087905884
    vertex -11.899999618530273 67.7257080078125 3.607649087905884
  endloop
endfacet
facet normal 0 0 0
  outer loop
    vertex -11.899999618530273 66.04328918457031 3.6903011798858643
    vertex -11.899999618530273 67.95671081542969 3.6903011798858643
    vertex -11.899999618530273 65.8215103149414 3.795196771621704
  endloop
endfacet
facet normal 0 0 0
  outer loop
    vertex -11.899999618530273 66.75495910644531 3.512038230895996
    vertex -11.899999618530273 67 3.5
    vertex -11.899999618530273 67.24504089355469 3.512038230895996
  endloop
endfacet
facet normal 0 0 0
  outer loop
    vertex -11.899999618530273 66.51227569580078 3.548036813735962
    vertex -11.899999618530273 67.24504089355469 3.512038230895996
    vertex -11.899999618530273 67.48772430419922 3.548036813735962
  endloop
endfacet
facet normal 0 0 0
  outer loop
    vertex -11.899999618530273 66.2742919921875 3.607649087905884
    vertex -11.899999618530273 67.48772430419922 3.548036813735962
    vertex -11.899999618530273 67.7257080078125 3.607649087905884
  endloop
endfacet
facet normal 0 0 0
  outer loop
    vertex -11.899999618530273 66.04328918457031 3.6903011798858643
    vertex -11.899999618530273 67.7257080078125 3.607649087905884
    vertex -11.899999618530273 67.95671081542969 3.6903011798858643
  endloop
endfacet
facet normal 0 0 0
  outer loop
    vertex -11.899999618530273 65.61107635498047 3.921325922012329
    vertex -11.899999618530273 65.8215103149414 3.795196771621704
    vertex -11.899999618530273 68.1784896850586 3.795196771621704
  endloop
endfacet
facet normal 0 0 0
  outer loop
    vertex -11.899999618530273 65.61107635498047 3.921325922012329
    vertex -11.899999618530273 68.38892364501953 3.921325922012329
    vertex -11.899999618530273 65.41401672363281 4.067473888397217
  endloop
endfacet
facet normal 0 0 0
  outer loop
    vertex -11.899999618530273 65.41401672363281 4.067473888397217
    vertex -11.899999618530273 68.58598327636719 4.067473888397217
    vertex -11.899999618530273 65.23223114013672 4.232233047485352
  endloop
endfacet
facet normal 0 0 0
  outer loop
    vertex -11.899999618530273 65.23223114013672 4.232233047485352
    vertex -11.899999618530273 68.76776885986328 4.232233047485352
    vertex -11.899999618530273 65.06747436523438 4.4140167236328125
  endloop
endfacet
facet normal 0 0 0
  outer loop
    vertex -11.899999618530273 65.06747436523438 4.4140167236328125
    vertex -11.899999618530273 68.93252563476562 4.4140167236328125
    vertex -11.899999618530273 64.92132568359375 4.611074447631836
  endloop
endfacet
facet normal 0 0 0
  outer loop
    vertex -11.899999618530273 67.95671081542969 3.6903011798858643
    vertex -11.899999618530273 68.1784896850586 3.795196771621704
    vertex -11.899999618530273 65.8215103149414 3.795196771621704
  endloop
endfacet
facet normal 0 0 0
  outer loop
    vertex -11.899999618530273 65.61107635498047 3.921325922012329
    vertex -11.899999618530273 68.1784896850586 3.795196771621704
    vertex -11.899999618530273 68.38892364501953 3.921325922012329
  endloop
endfacet
facet normal 0 0 0
  outer loop
    vertex -11.899999618530273 65.41401672363281 4.067473888397217
    vertex -11.899999618530273 68.38892364501953 3.921325922012329
    vertex -11.899999618530273 68.58598327636719 4.067473888397217
  endloop
endfacet
facet normal 0 0 0
  outer loop
    vertex -11.899999618530273 65.23223114013672 4.232233047485352
    vertex -11.899999618530273 68.58598327636719 4.067473888397217
    vertex -11.899999618530273 68.76776885986328 4.232233047485352
  endloop
endfacet
facet normal 0 0 0
  outer loop
    vertex -11.899999618530273 65.06747436523438 4.4140167236328125
    vertex -11.899999618530273 68.76776885986328 4.232233047485352
    vertex -11.899999618530273 68.93252563476562 4.4140167236328125
  endloop
endfacet
facet normal 0 0 0
  outer loop
    vertex -11.899999618530273 66.51227569580078 3.548036813735962
    vertex -6 66.75495910644531 3.512038230895996
    vertex -11.899999618530273 66.75495910644531 3.512038230895996
  endloop
endfacet
facet normal 0 0 0
  outer loop
    vertex -11.899999618530273 66.04328918457031 3.6903011798858643
    vertex -6 66.2742919921875 3.607649087905884
    vertex -11.899999618530273 66.2742919921875 3.607649087905884
  endloop
endfacet
facet normal 0 0 0
  outer loop
    vertex -11.899999618530273 66.04328918457031 3.6903011798858643
    vertex -11.899999618530273 65.8215103149414 3.795196771621704
    vertex -6 66.04328918457031 3.6903011798858643
  endloop
endfacet
facet normal 0 0 0
  outer loop
    vertex -11.899999618530273 66.51227569580078 3.548036813735962
    vertex -11.899999618530273 66.2742919921875 3.607649087905884
    vertex -6 66.51227569580078 3.548036813735962
  endloop
endfacet
facet normal 0 0 0
  outer loop
    vertex -11.899999618530273 66.75495910644531 3.512038230895996
    vertex -6 67 3.5
    vertex -11.899999618530273 67 3.5
  endloop
endfacet
facet normal 0 0 0
  outer loop
    vertex -11.899999618530273 67 3.5
    vertex -6 67.24504089355469 3.512038230895996
    vertex -11.899999618530273 67.24504089355469 3.512038230895996
  endloop
endfacet
facet normal 0 0 0
  outer loop
    vertex -11.899999618530273 67.24504089355469 3.512038230895996
    vertex -6 67.48772430419922 3.548036813735962
    vertex -11.899999618530273 67.48772430419922 3.548036813735962
  endloop
endfacet
facet normal 0 0 0
  outer loop
    vertex -11.899999618530273 67.48772430419922 3.548036813735962
    vertex -6 67.7257080078125 3.607649087905884
    vertex -11.899999618530273 67.7257080078125 3.607649087905884
  endloop
endfacet
facet normal 0 0 0
  outer loop
    vertex -11.899999618530273 67.7257080078125 3.607649087905884
    vertex -6 67.95671081542969 3.6903011798858643
    vertex -11.899999618530273 67.95671081542969 3.6903011798858643
  endloop
endfacet
facet normal 0 0 0
  outer loop
    vertex -11.899999618530273 65.61107635498047 3.921325922012329
    vertex -11.899999618530273 65.41401672363281 4.067473888397217
    vertex -6 65.61107635498047 3.921325922012329
  endloop
endfacet
facet normal 0 0 0
  outer loop
    vertex -11.899999618530273 65.41401672363281 4.067473888397217
    vertex -11.899999618530273 65.23223114013672 4.232233047485352
    vertex -6 65.41401672363281 4.067473888397217
  endloop
endfacet
facet normal 0 0 0
  outer loop
    vertex -11.899999618530273 65.61107635498047 3.921325922012329
    vertex -6 65.8215103149414 3.795196771621704
    vertex -11.899999618530273 65.8215103149414 3.795196771621704
  endloop
endfacet
facet normal 0 0 0
  outer loop
    vertex -11.899999618530273 65.23223114013672 4.232233047485352
    vertex -11.899999618530273 65.06747436523438 4.4140167236328125
    vertex -6 65.23223114013672 4.232233047485352
  endloop
endfacet
facet normal 0 0 0
  outer loop
    vertex -11.899999618530273 65.06747436523438 4.4140167236328125
    vertex -11.899999618530273 64.92132568359375 4.611074447631836
    vertex -6 65.06747436523438 4.4140167236328125
  endloop
endfacet
facet normal 0 0 0
  outer loop
    vertex -11.899999618530273 67.95671081542969 3.6903011798858643
    vertex -6 68.1784896850586 3.795196771621704
    vertex -11.899999618530273 68.1784896850586 3.795196771621704
  endloop
endfacet
facet normal 0 0 0
  outer loop
    vertex -11.899999618530273 68.1784896850586 3.795196771621704
    vertex -6 68.38892364501953 3.921325922012329
    vertex -11.899999618530273 68.38892364501953 3.921325922012329
  endloop
endfacet
facet normal 0 0 0
  outer loop
    vertex -11.899999618530273 68.38892364501953 3.921325922012329
    vertex -6 68.58598327636719 4.067473888397217
    vertex -11.899999618530273 68.58598327636719 4.067473888397217
  endloop
endfacet
facet normal 0 0 0
  outer loop
    vertex -11.899999618530273 68.58598327636719 4.067473888397217
    vertex -6 68.76776885986328 4.232233047485352
    vertex -11.899999618530273 68.76776885986328 4.232233047485352
  endloop
endfacet
facet normal 0 0 0
  outer loop
    vertex -11.899999618530273 68.76776885986328 4.232233047485352
    vertex -6 68.93252563476562 4.4140167236328125
    vertex -11.899999618530273 68.93252563476562 4.4140167236328125
  endloop
endfacet
facet normal 0 0 0
  outer loop
    vertex -11.899999618530273 64.92132568359375 4.611074447631836
    vertex -11.899999618530273 69.07867431640625 4.611074447631836
    vertex -11.899999618530273 64.79519653320312 4.821507930755615
  endloop
endfacet
facet normal 0 0 0
  outer loop
    vertex -11.899999618530273 64.79519653320312 4.821507930755615
    vertex -11.899999618530273 69.20480346679688 4.821507930755615
    vertex -11.899999618530273 64.69029998779297 5.0432915687561035
  endloop
endfacet
facet normal 0 0 0
  outer loop
    vertex -11.899999618530273 64.69029998779297 5.0432915687561035
    vertex -11.899999618530273 69.30970001220703 5.0432915687561035
    vertex -11.899999618530273 64.60765075683594 5.274288177490234
  endloop
endfacet
facet normal 0 0 0
  outer loop
    vertex -11.899999618530273 68.93252563476562 4.4140167236328125
    vertex -11.899999618530273 69.07867431640625 4.611074447631836
    vertex -11.899999618530273 64.92132568359375 4.611074447631836
  endloop
endfacet
facet normal 0 0 0
  outer loop
    vertex -11.899999618530273 64.79519653320312 4.821507930755615
    vertex -11.899999618530273 69.07867431640625 4.611074447631836
    vertex -11.899999618530273 69.20480346679688 4.821507930755615
  endloop
endfacet
facet normal 0 0 0
  outer loop
    vertex -11.899999618530273 64.69029998779297 5.0432915687561035
    vertex -11.899999618530273 69.20480346679688 4.821507930755615
    vertex -11.899999618530273 69.30970001220703 5.0432915687561035
  endloop
endfacet
facet normal 0 0 0
  outer loop
    vertex -11.899999618530273 69.30970001220703 5.0432915687561035
    vertex -11.899999618530273 69.39234924316406 5.274288177490234
    vertex -11.899999618530273 64.60765075683594 5.274288177490234
  endloop
endfacet
facet normal 0 0 0
  outer loop
    vertex -11.899999618530273 64.60765075683594 5.274288177490234
    vertex -11.899999618530273 69.39234924316406 5.274288177490234
    vertex -11.899999618530273 64.54803466796875 5.512274265289307
  endloop
endfacet
facet normal 0 0 0
  outer loop
    vertex -11.899999618530273 64.54803466796875 5.512274265289307
    vertex -11.899999618530273 69.45196533203125 5.512274265289307
    vertex -11.899999618530273 64.51203918457031 5.75495719909668
  endloop
endfacet
facet normal 0 0 0
  outer loop
    vertex -11.899999618530273 64.51203918457031 5.75495719909668
    vertex -11.899999618530273 69.48796081542969 5.75495719909668
    vertex -11.899999618530273 64.5 6
  endloop
endfacet
facet normal 0 0 0
  outer loop
    vertex -11.899999618530273 64.54803466796875 5.512274265289307
    vertex -11.899999618530273 69.39234924316406 5.274288177490234
    vertex -11.899999618530273 69.45196533203125 5.512274265289307
  endloop
endfacet
facet normal 0 0 0
  outer loop
    vertex -11.899999618530273 64.51203918457031 5.75495719909668
    vertex -11.899999618530273 69.45196533203125 5.512274265289307
    vertex -11.899999618530273 69.48796081542969 5.75495719909668
  endloop
endfacet
facet normal 0 0 0
  outer loop
    vertex -11.899999618530273 69.48796081542969 5.75495719909668
    vertex -11.899999618530273 69.5 6
    vertex -11.899999618530273 64.5 6
  endloop
endfacet
facet normal 0 0 0
  outer loop
    vertex -11.899999618530273 64.92132568359375 4.611074447631836
    vertex -11.899999618530273 64.79519653320312 4.821507930755615
    vertex -6 64.92132568359375 4.611074447631836
  endloop
endfacet
facet normal 0 0 0
  outer loop
    vertex -11.899999618530273 64.79519653320312 4.821507930755615
    vertex -11.899999618530273 64.69029998779297 5.0432915687561035
    vertex -6 64.79519653320312 4.821507930755615
  endloop
endfacet
facet normal 0 0 0
  outer loop
    vertex -11.899999618530273 64.69029998779297 5.0432915687561035
    vertex -11.899999618530273 64.60765075683594 5.274288177490234
    vertex -6 64.69029998779297 5.0432915687561035
  endloop
endfacet
facet normal 0 0 0
  outer loop
    vertex -11.899999618530273 68.93252563476562 4.4140167236328125
    vertex -6 69.07867431640625 4.611074447631836
    vertex -11.899999618530273 69.07867431640625 4.611074447631836
  endloop
endfacet
facet normal 0 0 0
  outer loop
    vertex -11.899999618530273 69.07867431640625 4.611074447631836
    vertex -6 69.20480346679688 4.821507930755615
    vertex -11.899999618530273 69.20480346679688 4.821507930755615
  endloop
endfacet
facet normal 0 0 0
  outer loop
    vertex -11.899999618530273 69.20480346679688 4.821507930755615
    vertex -6 69.30970001220703 5.0432915687561035
    vertex -11.899999618530273 69.30970001220703 5.0432915687561035
  endloop
endfacet
facet normal 0 0 0
  outer loop
    vertex -11.899999618530273 64.60765075683594 5.274288177490234
    vertex -11.899999618530273 64.54803466796875 5.512274265289307
    vertex -6 64.60765075683594 5.274288177490234
  endloop
endfacet
facet normal 0 0 0
  outer loop
    vertex -11.899999618530273 64.54803466796875 5.512274265289307
    vertex -11.899999618530273 64.51203918457031 5.75495719909668
    vertex -6 64.54803466796875 5.512274265289307
  endloop
endfacet
facet normal 0 0 0
  outer loop
    vertex -11.899999618530273 64.51203918457031 5.75495719909668
    vertex -11.899999618530273 64.5 6
    vertex -6 64.51203918457031 5.75495719909668
  endloop
endfacet
facet normal 0 0 0
  outer loop
    vertex -11.899999618530273 69.30970001220703 5.0432915687561035
    vertex -6 69.39234924316406 5.274288177490234
    vertex -11.899999618530273 69.39234924316406 5.274288177490234
  endloop
endfacet
facet normal 0 0 0
  outer loop
    vertex -11.899999618530273 69.39234924316406 5.274288177490234
    vertex -6 69.45196533203125 5.512274265289307
    vertex -11.899999618530273 69.45196533203125 5.512274265289307
  endloop
endfacet
facet normal 0 0 0
  outer loop
    vertex -11.899999618530273 69.45196533203125 5.512274265289307
    vertex -6 69.48796081542969 5.75495719909668
    vertex -11.899999618530273 69.48796081542969 5.75495719909668
  endloop
endfacet
facet normal 0 0 0
  outer loop
    vertex -11.899999618530273 69.48796081542969 5.75495719909668
    vertex -6 69.5 6
    vertex -11.899999618530273 69.5 6
  endloop
endfacet
facet normal 0 0 0
  outer loop
    vertex -11.899999618530273 66.75495910644531 3.512038230895996
    vertex -6 66.75495910644531 3.512038230895996
    vertex -6 67 3.5
  endloop
endfacet
facet normal 0 0 0
  outer loop
    vertex -11.899999618530273 66.51227569580078 3.548036813735962
    vertex -6 66.51227569580078 3.548036813735962
    vertex -6 66.75495910644531 3.512038230895996
  endloop
endfacet
facet normal 0 0 0
  outer loop
    vertex -11.899999618530273 66.04328918457031 3.6903011798858643
    vertex -6 66.04328918457031 3.6903011798858643
    vertex -6 66.2742919921875 3.607649087905884
  endloop
endfacet
facet normal 0 0 0
  outer loop
    vertex -11.899999618530273 66.2742919921875 3.607649087905884
    vertex -6 66.2742919921875 3.607649087905884
    vertex -6 66.51227569580078 3.548036813735962
  endloop
endfacet
facet normal 0 0 0
  outer loop
    vertex -11.899999618530273 67 3.5
    vertex -6 67 3.5
    vertex -6 67.24504089355469 3.512038230895996
  endloop
endfacet
facet normal 0 0 0
  outer loop
    vertex -11.899999618530273 67.24504089355469 3.512038230895996
    vertex -6 67.24504089355469 3.512038230895996
    vertex -6 67.48772430419922 3.548036813735962
  endloop
endfacet
facet normal 0 0 0
  outer loop
    vertex -11.899999618530273 67.48772430419922 3.548036813735962
    vertex -6 67.48772430419922 3.548036813735962
    vertex -6 67.7257080078125 3.607649087905884
  endloop
endfacet
facet normal 0 0 0
  outer loop
    vertex -11.899999618530273 67.7257080078125 3.607649087905884
    vertex -6 67.7257080078125 3.607649087905884
    vertex -6 67.95671081542969 3.6903011798858643
  endloop
endfacet
facet normal 0 0 0
  outer loop
    vertex -11.899999618530273 67.95671081542969 3.6903011798858643
    vertex -6 67.95671081542969 3.6903011798858643
    vertex -6 68.1784896850586 3.795196771621704
  endloop
endfacet
facet normal 0 0 0
  outer loop
    vertex -11.899999618530273 65.41401672363281 4.067473888397217
    vertex -6 65.41401672363281 4.067473888397217
    vertex -6 65.61107635498047 3.921325922012329
  endloop
endfacet
facet normal 0 0 0
  outer loop
    vertex -11.899999618530273 65.8215103149414 3.795196771621704
    vertex -6 65.8215103149414 3.795196771621704
    vertex -6 66.04328918457031 3.6903011798858643
  endloop
endfacet
facet normal 0 0 0
  outer loop
    vertex -11.899999618530273 65.61107635498047 3.921325922012329
    vertex -6 65.61107635498047 3.921325922012329
    vertex -6 65.8215103149414 3.795196771621704
  endloop
endfacet
facet normal 0 0 0
  outer loop
    vertex -11.899999618530273 65.23223114013672 4.232233047485352
    vertex -6 65.23223114013672 4.232233047485352
    vertex -6 65.41401672363281 4.067473888397217
  endloop
endfacet
facet normal 0 0 0
  outer loop
    vertex -11.899999618530273 65.06747436523438 4.4140167236328125
    vertex -6 65.06747436523438 4.4140167236328125
    vertex -6 65.23223114013672 4.232233047485352
  endloop
endfacet
facet normal 0 0 0
  outer loop
    vertex -11.899999618530273 68.1784896850586 3.795196771621704
    vertex -6 68.1784896850586 3.795196771621704
    vertex -6 68.38892364501953 3.921325922012329
  endloop
endfacet
facet normal 0 0 0
  outer loop
    vertex -11.899999618530273 68.38892364501953 3.921325922012329
    vertex -6 68.38892364501953 3.921325922012329
    vertex -6 68.58598327636719 4.067473888397217
  endloop
endfacet
facet normal 0 0 0
  outer loop
    vertex -11.899999618530273 68.58598327636719 4.067473888397217
    vertex -6 68.58598327636719 4.067473888397217
    vertex -6 68.76776885986328 4.232233047485352
  endloop
endfacet
facet normal 0 0 0
  outer loop
    vertex -11.899999618530273 68.76776885986328 4.232233047485352
    vertex -6 68.76776885986328 4.232233047485352
    vertex -6 68.93252563476562 4.4140167236328125
  endloop
endfacet
facet normal 0 0 0
  outer loop
    vertex -11.899999618530273 68.93252563476562 4.4140167236328125
    vertex -6 68.93252563476562 4.4140167236328125
    vertex -6 69.07867431640625 4.611074447631836
  endloop
endfacet
facet normal 0 0 0
  outer loop
    vertex -11.899999618530273 64.92132568359375 4.611074447631836
    vertex -6 64.92132568359375 4.611074447631836
    vertex -6 65.06747436523438 4.4140167236328125
  endloop
endfacet
facet normal 0 0 0
  outer loop
    vertex -11.899999618530273 64.79519653320312 4.821507930755615
    vertex -6 64.79519653320312 4.821507930755615
    vertex -6 64.92132568359375 4.611074447631836
  endloop
endfacet
facet normal 0 0 0
  outer loop
    vertex -11.899999618530273 64.69029998779297 5.0432915687561035
    vertex -6 64.69029998779297 5.0432915687561035
    vertex -6 64.79519653320312 4.821507930755615
  endloop
endfacet
facet normal 0 0 0
  outer loop
    vertex -11.899999618530273 64.60765075683594 5.274288177490234
    vertex -6 64.60765075683594 5.274288177490234
    vertex -6 64.69029998779297 5.0432915687561035
  endloop
endfacet
facet normal 0 0 0
  outer loop
    vertex -11.899999618530273 69.07867431640625 4.611074447631836
    vertex -6 69.07867431640625 4.611074447631836
    vertex -6 69.20480346679688 4.821507930755615
  endloop
endfacet
facet normal 0 0 0
  outer loop
    vertex -11.899999618530273 69.20480346679688 4.821507930755615
    vertex -6 69.20480346679688 4.821507930755615
    vertex -6 69.30970001220703 5.0432915687561035
  endloop
endfacet
facet normal 0 0 0
  outer loop
    vertex -11.899999618530273 69.30970001220703 5.0432915687561035
    vertex -6 69.30970001220703 5.0432915687561035
    vertex -6 69.39234924316406 5.274288177490234
  endloop
endfacet
facet normal 0 0 0
  outer loop
    vertex -11.899999618530273 64.54803466796875 5.512274265289307
    vertex -6 64.54803466796875 5.512274265289307
    vertex -6 64.60765075683594 5.274288177490234
  endloop
endfacet
facet normal 0 0 0
  outer loop
    vertex -11.899999618530273 64.51203918457031 5.75495719909668
    vertex -6 64.51203918457031 5.75495719909668
    vertex -6 64.54803466796875 5.512274265289307
  endloop
endfacet
facet normal 0 0 0
  outer loop
    vertex -6 64.51203918457031 5.75495719909668
    vertex -11.899999618530273 64.5 6
    vertex -6 64.5 6
  endloop
endfacet
facet normal 0 0 0
  outer loop
    vertex -11.899999618530273 69.39234924316406 5.274288177490234
    vertex -6 69.39234924316406 5.274288177490234
    vertex -6 69.45196533203125 5.512274265289307
  endloop
endfacet
facet normal 0 0 0
  outer loop
    vertex -11.899999618530273 69.45196533203125 5.512274265289307
    vertex -6 69.45196533203125 5.512274265289307
    vertex -6 69.48796081542969 5.75495719909668
  endloop
endfacet
facet normal 0 0 0
  outer loop
    vertex -11.899999618530273 69.48796081542969 5.75495719909668
    vertex -6 69.48796081542969 5.75495719909668
    vertex -6 69.5 6
  endloop
endfacet
facet normal 0 0 0
  outer loop
    vertex -11.899999618530273 64.5 6
    vertex -11.899999618530273 69.5 6
    vertex -11.899999618530273 64.51203918457031 6.24504280090332
  endloop
endfacet
facet normal 0 0 0
  outer loop
    vertex -11.899999618530273 64.51203918457031 6.24504280090332
    vertex -11.899999618530273 69.48796081542969 6.24504280090332
    vertex -11.899999618530273 64.54803466796875 6.487725734710693
  endloop
endfacet
facet normal 0 0 0
  outer loop
    vertex -11.899999618530273 64.54803466796875 6.487725734710693
    vertex -11.899999618530273 69.45196533203125 6.487725734710693
    vertex -11.899999618530273 64.60765075683594 6.725711822509766
  endloop
endfacet
facet normal 0 0 0
  outer loop
    vertex -11.899999618530273 64.51203918457031 6.24504280090332
    vertex -11.899999618530273 69.5 6
    vertex -11.899999618530273 69.48796081542969 6.24504280090332
  endloop
endfacet
facet normal 0 0 0
  outer loop
    vertex -11.899999618530273 64.54803466796875 6.487725734710693
    vertex -11.899999618530273 69.48796081542969 6.24504280090332
    vertex -11.899999618530273 69.45196533203125 6.487725734710693
  endloop
endfacet
facet normal 0 0 0
  outer loop
    vertex -11.899999618530273 64.60765075683594 6.725711822509766
    vertex -11.899999618530273 69.45196533203125 6.487725734710693
    vertex -11.899999618530273 69.39234924316406 6.725711822509766
  endloop
endfacet
facet normal 0 0 0
  outer loop
    vertex -11.899999618530273 64.60765075683594 6.725711822509766
    vertex -11.899999618530273 69.39234924316406 6.725711822509766
    vertex -11.899999618530273 64.69029998779297 6.9567084312438965
  endloop
endfacet
facet normal 0 0 0
  outer loop
    vertex -11.899999618530273 64.69029998779297 6.9567084312438965
    vertex -11.899999618530273 69.30970001220703 6.9567084312438965
    vertex -11.899999618530273 64.79519653320312 7.178492069244385
  endloop
endfacet
facet normal 0 0 0
  outer loop
    vertex -11.899999618530273 64.79519653320312 7.178492069244385
    vertex -11.899999618530273 69.20480346679688 7.178492069244385
    vertex -11.899999618530273 64.92132568359375 7.388925552368164
  endloop
endfacet
facet normal 0 0 0
  outer loop
    vertex -11.899999618530273 64.92132568359375 7.388925552368164
    vertex -11.899999618530273 69.07867431640625 7.388925552368164
    vertex -11.899999618530273 65.06747436523438 7.5859832763671875
  endloop
endfacet
facet normal 0 0 0
  outer loop
    vertex -11.899999618530273 64.69029998779297 6.9567084312438965
    vertex -11.899999618530273 69.39234924316406 6.725711822509766
    vertex -11.899999618530273 69.30970001220703 6.9567084312438965
  endloop
endfacet
facet normal 0 0 0
  outer loop
    vertex -11.899999618530273 64.79519653320312 7.178492069244385
    vertex -11.899999618530273 69.30970001220703 6.9567084312438965
    vertex -11.899999618530273 69.20480346679688 7.178492069244385
  endloop
endfacet
facet normal 0 0 0
  outer loop
    vertex -11.899999618530273 64.92132568359375 7.388925552368164
    vertex -11.899999618530273 69.20480346679688 7.178492069244385
    vertex -11.899999618530273 69.07867431640625 7.388925552368164
  endloop
endfacet
facet normal 0 0 0
  outer loop
    vertex -11.899999618530273 64.5 6
    vertex -11.899999618530273 64.51203918457031 6.24504280090332
    vertex -6 64.5 6
  endloop
endfacet
facet normal 0 0 0
  outer loop
    vertex -11.899999618530273 64.51203918457031 6.24504280090332
    vertex -11.899999618530273 64.54803466796875 6.487725734710693
    vertex -6 64.51203918457031 6.24504280090332
  endloop
endfacet
facet normal 0 0 0
  outer loop
    vertex -11.899999618530273 64.54803466796875 6.487725734710693
    vertex -11.899999618530273 64.60765075683594 6.725711822509766
    vertex -6 64.54803466796875 6.487725734710693
  endloop
endfacet
facet normal 0 0 0
  outer loop
    vertex -11.899999618530273 64.60765075683594 6.725711822509766
    vertex -11.899999618530273 64.69029998779297 6.9567084312438965
    vertex -6 64.60765075683594 6.725711822509766
  endloop
endfacet
facet normal 0 0 0
  outer loop
    vertex -11.899999618530273 64.69029998779297 6.9567084312438965
    vertex -11.899999618530273 64.79519653320312 7.178492069244385
    vertex -6 64.69029998779297 6.9567084312438965
  endloop
endfacet
facet normal 0 0 0
  outer loop
    vertex -11.899999618530273 64.79519653320312 7.178492069244385
    vertex -11.899999618530273 64.92132568359375 7.388925552368164
    vertex -6 64.79519653320312 7.178492069244385
  endloop
endfacet
facet normal 0 0 0
  outer loop
    vertex -11.899999618530273 64.92132568359375 7.388925552368164
    vertex -11.899999618530273 65.06747436523438 7.5859832763671875
    vertex -6 64.92132568359375 7.388925552368164
  endloop
endfacet
facet normal 0 0 0
  outer loop
    vertex -11.899999618530273 69.30970001220703 6.9567084312438965
    vertex -11.899999618530273 69.39234924316406 6.725711822509766
    vertex -6 69.30970001220703 6.9567084312438965
  endloop
endfacet
facet normal 0 0 0
  outer loop
    vertex -11.899999618530273 69.30970001220703 6.9567084312438965
    vertex -6 69.20480346679688 7.178492069244385
    vertex -11.899999618530273 69.20480346679688 7.178492069244385
  endloop
endfacet
facet normal 0 0 0
  outer loop
    vertex -11.899999618530273 69.20480346679688 7.178492069244385
    vertex -6 69.07867431640625 7.388925552368164
    vertex -11.899999618530273 69.07867431640625 7.388925552368164
  endloop
endfacet
facet normal 0 0 0
  outer loop
    vertex -11.899999618530273 69.5 6
    vertex -6 69.48796081542969 6.24504280090332
    vertex -11.899999618530273 69.48796081542969 6.24504280090332
  endloop
endfacet
facet normal 0 0 0
  outer loop
    vertex -11.899999618530273 69.48796081542969 6.24504280090332
    vertex -6 69.45196533203125 6.487725734710693
    vertex -11.899999618530273 69.45196533203125 6.487725734710693
  endloop
endfacet
facet normal 0 0 0
  outer loop
    vertex -11.899999618530273 69.45196533203125 6.487725734710693
    vertex -6 69.39234924316406 6.725711822509766
    vertex -11.899999618530273 69.39234924316406 6.725711822509766
  endloop
endfacet
facet normal 0 0 0
  outer loop
    vertex -11.899999618530273 65.06747436523438 7.5859832763671875
    vertex -11.899999618530273 68.93252563476562 7.5859832763671875
    vertex -11.899999618530273 65.23223114013672 7.767766952514648
  endloop
endfacet
facet normal 0 0 0
  outer loop
    vertex -11.899999618530273 65.23223114013672 7.767766952514648
    vertex -11.899999618530273 68.76776885986328 7.767766952514648
    vertex -11.899999618530273 65.41401672363281 7.932526111602783
  endloop
endfacet
facet normal 0 0 0
  outer loop
    vertex -11.899999618530273 65.41401672363281 7.932526111602783
    vertex -11.899999618530273 68.49500274658203 8
    vertex -11.899999618530273 65.50499725341797 8
  endloop
endfacet
facet normal 0 0 0
  outer loop
    vertex -11.899999618530273 69.07867431640625 7.388925552368164
    vertex -11.899999618530273 68.93252563476562 7.5859832763671875
    vertex -11.899999618530273 65.06747436523438 7.5859832763671875
  endloop
endfacet
facet normal 0 0 0
  outer loop
    vertex -11.899999618530273 65.23223114013672 7.767766952514648
    vertex -11.899999618530273 68.93252563476562 7.5859832763671875
    vertex -11.899999618530273 68.76776885986328 7.767766952514648
  endloop
endfacet
facet normal 0 0 0
  outer loop
    vertex -11.899999618530273 65.41401672363281 7.932526111602783
    vertex -11.899999618530273 68.76776885986328 7.767766952514648
    vertex -11.899999618530273 68.58598327636719 7.932526111602783
  endloop
endfacet
facet normal 0 0 0
  outer loop
    vertex -11.899999618530273 65.41401672363281 7.932526111602783
    vertex -11.899999618530273 68.58598327636719 7.932526111602783
    vertex -11.899999618530273 68.49500274658203 8
  endloop
endfacet
facet normal 0 0 0
  outer loop
    vertex -11.899999618530273 65.06747436523438 7.5859832763671875
    vertex -11.899999618530273 65.23223114013672 7.767766952514648
    vertex -6 65.06747436523438 7.5859832763671875
  endloop
endfacet
facet normal 0 0 0
  outer loop
    vertex -11.899999618530273 65.23223114013672 7.767766952514648
    vertex -11.899999618530273 65.41401672363281 7.932526111602783
    vertex -6 65.23223114013672 7.767766952514648
  endloop
endfacet
facet normal 0 0 0
  outer loop
    vertex -11.899999618530273 65.41401672363281 7.932526111602783
    vertex -11.899999618530273 65.50499725341797 8
    vertex -6 65.41401672363281 7.932526111602783
  endloop
endfacet
facet normal 0 0 0
  outer loop
    vertex -11.899999618530273 69.07867431640625 7.388925552368164
    vertex -6 68.93252563476562 7.5859832763671875
    vertex -11.899999618530273 68.93252563476562 7.5859832763671875
  endloop
endfacet
facet normal 0 0 0
  outer loop
    vertex -11.899999618530273 68.93252563476562 7.5859832763671875
    vertex -6 68.76776885986328 7.767766952514648
    vertex -11.899999618530273 68.76776885986328 7.767766952514648
  endloop
endfacet
facet normal 0 0 0
  outer loop
    vertex -11.899999618530273 68.76776885986328 7.767766952514648
    vertex -6 68.58598327636719 7.932526111602783
    vertex -11.899999618530273 68.58598327636719 7.932526111602783
  endloop
endfacet
facet normal 0 0 0
  outer loop
    vertex -11.899999618530273 68.58598327636719 7.932526111602783
    vertex -6 68.49500274658203 8
    vertex -11.899999618530273 68.49500274658203 8
  endloop
endfacet
facet normal 0 0 0
  outer loop
    vertex -11.899999618530273 64.51203918457031 6.24504280090332
    vertex -6 64.51203918457031 6.24504280090332
    vertex -6 64.5 6
  endloop
endfacet
facet normal 0 0 0
  outer loop
    vertex -11.899999618530273 64.54803466796875 6.487725734710693
    vertex -6 64.54803466796875 6.487725734710693
    vertex -6 64.51203918457031 6.24504280090332
  endloop
endfacet
facet normal 0 0 0
  outer loop
    vertex -11.899999618530273 64.60765075683594 6.725711822509766
    vertex -6 64.60765075683594 6.725711822509766
    vertex -6 64.54803466796875 6.487725734710693
  endloop
endfacet
facet normal 0 0 0
  outer loop
    vertex -11.899999618530273 64.69029998779297 6.9567084312438965
    vertex -6 64.69029998779297 6.9567084312438965
    vertex -6 64.60765075683594 6.725711822509766
  endloop
endfacet
facet normal 0 0 0
  outer loop
    vertex -11.899999618530273 64.79519653320312 7.178492069244385
    vertex -6 64.79519653320312 7.178492069244385
    vertex -6 64.69029998779297 6.9567084312438965
  endloop
endfacet
facet normal 0 0 0
  outer loop
    vertex -11.899999618530273 64.92132568359375 7.388925552368164
    vertex -6 64.92132568359375 7.388925552368164
    vertex -6 64.79519653320312 7.178492069244385
  endloop
endfacet
facet normal 0 0 0
  outer loop
    vertex -11.899999618530273 69.30970001220703 6.9567084312438965
    vertex -6 69.30970001220703 6.9567084312438965
    vertex -6 69.20480346679688 7.178492069244385
  endloop
endfacet
facet normal 0 0 0
  outer loop
    vertex -11.899999618530273 69.20480346679688 7.178492069244385
    vertex -6 69.20480346679688 7.178492069244385
    vertex -6 69.07867431640625 7.388925552368164
  endloop
endfacet
facet normal 0 0 0
  outer loop
    vertex -11.899999618530273 69.07867431640625 7.388925552368164
    vertex -6 69.07867431640625 7.388925552368164
    vertex -6 68.93252563476562 7.5859832763671875
  endloop
endfacet
facet normal 0 0 0
  outer loop
    vertex -11.899999618530273 69.5 6
    vertex -6 69.5 6
    vertex -6 69.48796081542969 6.24504280090332
  endloop
endfacet
facet normal 0 0 0
  outer loop
    vertex -11.899999618530273 69.48796081542969 6.24504280090332
    vertex -6 69.48796081542969 6.24504280090332
    vertex -6 69.45196533203125 6.487725734710693
  endloop
endfacet
facet normal 0 0 0
  outer loop
    vertex -11.899999618530273 69.45196533203125 6.487725734710693
    vertex -6 69.45196533203125 6.487725734710693
    vertex -6 69.39234924316406 6.725711822509766
  endloop
endfacet
facet normal 0 0 0
  outer loop
    vertex -11.899999618530273 69.39234924316406 6.725711822509766
    vertex -6 69.39234924316406 6.725711822509766
    vertex -6 69.30970001220703 6.9567084312438965
  endloop
endfacet
facet normal 0 0 0
  outer loop
    vertex -11.899999618530273 65.06747436523438 7.5859832763671875
    vertex -6 65.06747436523438 7.5859832763671875
    vertex -6 64.92132568359375 7.388925552368164
  endloop
endfacet
facet normal 0 0 0
  outer loop
    vertex -11.899999618530273 65.23223114013672 7.767766952514648
    vertex -6 65.23223114013672 7.767766952514648
    vertex -6 65.06747436523438 7.5859832763671875
  endloop
endfacet
facet normal 0 0 0
  outer loop
    vertex -11.899999618530273 65.41401672363281 7.932526111602783
    vertex -6 65.41401672363281 7.932526111602783
    vertex -6 65.23223114013672 7.767766952514648
  endloop
endfacet
facet normal 0 0 0
  outer loop
    vertex -11.899999618530273 65.50499725341797 8
    vertex -6 65.50499725341797 8
    vertex -6 65.41401672363281 7.932526111602783
  endloop
endfacet
facet normal 0 0 0
  outer loop
    vertex -11.899999618530273 68.93252563476562 7.5859832763671875
    vertex -6 68.93252563476562 7.5859832763671875
    vertex -6 68.76776885986328 7.767766952514648
  endloop
endfacet
facet normal 0 0 0
  outer loop
    vertex -11.899999618530273 68.76776885986328 7.767766952514648
    vertex -6 68.76776885986328 7.767766952514648
    vertex -6 68.58598327636719 7.932526111602783
  endloop
endfacet
facet normal 0 0 0
  outer loop
    vertex -11.899999618530273 68.58598327636719 7.932526111602783
    vertex -6 68.58598327636719 7.932526111602783
    vertex -6 68.49500274658203 8
  endloop
endfacet
facet normal 0 0 0
  outer loop
    vertex 6 66.51227569580078 3.548036813735962
    vertex 11.899999618530273 66.75495910644531 3.512038230895996
    vertex 6 66.75495910644531 3.512038230895996
  endloop
endfacet
facet normal 0 0 0
  outer loop
    vertex 6 66.04328918457031 3.6903011798858643
    vertex 11.899999618530273 66.2742919921875 3.607649087905884
    vertex 6 66.2742919921875 3.607649087905884
  endloop
endfacet
facet normal 0 0 0
  outer loop
    vertex 6 66.04328918457031 3.6903011798858643
    vertex 6 65.8215103149414 3.795196771621704
    vertex 11.899999618530273 66.04328918457031 3.6903011798858643
  endloop
endfacet
facet normal 0 0 0
  outer loop
    vertex 6 66.51227569580078 3.548036813735962
    vertex 6 66.2742919921875 3.607649087905884
    vertex 11.899999618530273 66.51227569580078 3.548036813735962
  endloop
endfacet
facet normal 0 0 0
  outer loop
    vertex 6 66.75495910644531 3.512038230895996
    vertex 11.899999618530273 67 3.5
    vertex 6 67 3.5
  endloop
endfacet
facet normal 0 0 0
  outer loop
    vertex 6 67 3.5
    vertex 11.899999618530273 67.24504089355469 3.512038230895996
    vertex 6 67.24504089355469 3.512038230895996
  endloop
endfacet
facet normal 0 0 0
  outer loop
    vertex 6 67.24504089355469 3.512038230895996
    vertex 11.899999618530273 67.48772430419922 3.548036813735962
    vertex 6 67.48772430419922 3.548036813735962
  endloop
endfacet
facet normal 0 0 0
  outer loop
    vertex 6 67.48772430419922 3.548036813735962
    vertex 11.899999618530273 67.7257080078125 3.607649087905884
    vertex 6 67.7257080078125 3.607649087905884
  endloop
endfacet
facet normal 0 0 0
  outer loop
    vertex 6 67.7257080078125 3.607649087905884
    vertex 11.899999618530273 67.95671081542969 3.6903011798858643
    vertex 6 67.95671081542969 3.6903011798858643
  endloop
endfacet
facet normal 0 0 0
  outer loop
    vertex 6 65.61107635498047 3.921325922012329
    vertex 6 65.41401672363281 4.067473888397217
    vertex 11.899999618530273 65.61107635498047 3.921325922012329
  endloop
endfacet
facet normal 0 0 0
  outer loop
    vertex 6 65.41401672363281 4.067473888397217
    vertex 6 65.23223114013672 4.232233047485352
    vertex 11.899999618530273 65.41401672363281 4.067473888397217
  endloop
endfacet
facet normal 0 0 0
  outer loop
    vertex 6 65.61107635498047 3.921325922012329
    vertex 11.899999618530273 65.8215103149414 3.795196771621704
    vertex 6 65.8215103149414 3.795196771621704
  endloop
endfacet
facet normal 0 0 0
  outer loop
    vertex 6 65.23223114013672 4.232233047485352
    vertex 6 65.06747436523438 4.4140167236328125
    vertex 11.899999618530273 65.23223114013672 4.232233047485352
  endloop
endfacet
facet normal 0 0 0
  outer loop
    vertex 6 65.06747436523438 4.4140167236328125
    vertex 6 64.92132568359375 4.611074447631836
    vertex 11.899999618530273 65.06747436523438 4.4140167236328125
  endloop
endfacet
facet normal 0 0 0
  outer loop
    vertex 6 67.95671081542969 3.6903011798858643
    vertex 11.899999618530273 68.1784896850586 3.795196771621704
    vertex 6 68.1784896850586 3.795196771621704
  endloop
endfacet
facet normal 0 0 0
  outer loop
    vertex 6 68.1784896850586 3.795196771621704
    vertex 11.899999618530273 68.38892364501953 3.921325922012329
    vertex 6 68.38892364501953 3.921325922012329
  endloop
endfacet
facet normal 0 0 0
  outer loop
    vertex 6 68.38892364501953 3.921325922012329
    vertex 11.899999618530273 68.58598327636719 4.067473888397217
    vertex 6 68.58598327636719 4.067473888397217
  endloop
endfacet
facet normal 0 0 0
  outer loop
    vertex 6 68.58598327636719 4.067473888397217
    vertex 11.899999618530273 68.76776885986328 4.232233047485352
    vertex 6 68.76776885986328 4.232233047485352
  endloop
endfacet
facet normal 0 0 0
  outer loop
    vertex 6 68.76776885986328 4.232233047485352
    vertex 11.899999618530273 68.93252563476562 4.4140167236328125
    vertex 6 68.93252563476562 4.4140167236328125
  endloop
endfacet
facet normal 0 0 0
  outer loop
    vertex 6 64.92132568359375 4.611074447631836
    vertex 6 64.79519653320312 4.821507930755615
    vertex 11.899999618530273 64.92132568359375 4.611074447631836
  endloop
endfacet
facet normal 0 0 0
  outer loop
    vertex 6 64.79519653320312 4.821507930755615
    vertex 6 64.69029998779297 5.0432915687561035
    vertex 11.899999618530273 64.79519653320312 4.821507930755615
  endloop
endfacet
facet normal 0 0 0
  outer loop
    vertex 6 64.69029998779297 5.0432915687561035
    vertex 6 64.60765075683594 5.274288177490234
    vertex 11.899999618530273 64.69029998779297 5.0432915687561035
  endloop
endfacet
facet normal 0 0 0
  outer loop
    vertex 6 68.93252563476562 4.4140167236328125
    vertex 11.899999618530273 69.07867431640625 4.611074447631836
    vertex 6 69.07867431640625 4.611074447631836
  endloop
endfacet
facet normal 0 0 0
  outer loop
    vertex 6 69.07867431640625 4.611074447631836
    vertex 11.899999618530273 69.20480346679688 4.821507930755615
    vertex 6 69.20480346679688 4.821507930755615
  endloop
endfacet
facet normal 0 0 0
  outer loop
    vertex 6 69.20480346679688 4.821507930755615
    vertex 11.899999618530273 69.30970001220703 5.0432915687561035
    vertex 6 69.30970001220703 5.0432915687561035
  endloop
endfacet
facet normal 0 0 0
  outer loop
    vertex 6 64.60765075683594 5.274288177490234
    vertex 6 64.54803466796875 5.512274265289307
    vertex 11.899999618530273 64.60765075683594 5.274288177490234
  endloop
endfacet
facet normal 0 0 0
  outer loop
    vertex 6 64.54803466796875 5.512274265289307
    vertex 6 64.51203918457031 5.75495719909668
    vertex 11.899999618530273 64.54803466796875 5.512274265289307
  endloop
endfacet
facet normal 0 0 0
  outer loop
    vertex 6 64.51203918457031 5.75495719909668
    vertex 6 64.5 6
    vertex 11.899999618530273 64.51203918457031 5.75495719909668
  endloop
endfacet
facet normal 0 0 0
  outer loop
    vertex 6 69.30970001220703 5.0432915687561035
    vertex 11.899999618530273 69.39234924316406 5.274288177490234
    vertex 6 69.39234924316406 5.274288177490234
  endloop
endfacet
facet normal 0 0 0
  outer loop
    vertex 6 69.39234924316406 5.274288177490234
    vertex 11.899999618530273 69.45196533203125 5.512274265289307
    vertex 6 69.45196533203125 5.512274265289307
  endloop
endfacet
facet normal 0 0 0
  outer loop
    vertex 6 69.45196533203125 5.512274265289307
    vertex 11.899999618530273 69.48796081542969 5.75495719909668
    vertex 6 69.48796081542969 5.75495719909668
  endloop
endfacet
facet normal 0 0 0
  outer loop
    vertex 6 69.48796081542969 5.75495719909668
    vertex 11.899999618530273 69.5 6
    vertex 6 69.5 6
  endloop
endfacet
facet normal 0 0 0
  outer loop
    vertex 6 66.75495910644531 3.512038230895996
    vertex 11.899999618530273 66.75495910644531 3.512038230895996
    vertex 11.899999618530273 67 3.5
  endloop
endfacet
facet normal 0 0 0
  outer loop
    vertex 6 66.51227569580078 3.548036813735962
    vertex 11.899999618530273 66.51227569580078 3.548036813735962
    vertex 11.899999618530273 66.75495910644531 3.512038230895996
  endloop
endfacet
facet normal 0 0 0
  outer loop
    vertex 6 66.04328918457031 3.6903011798858643
    vertex 11.899999618530273 66.04328918457031 3.6903011798858643
    vertex 11.899999618530273 66.2742919921875 3.607649087905884
  endloop
endfacet
facet normal 0 0 0
  outer loop
    vertex 6 66.2742919921875 3.607649087905884
    vertex 11.899999618530273 66.2742919921875 3.607649087905884
    vertex 11.899999618530273 66.51227569580078 3.548036813735962
  endloop
endfacet
facet normal 0 0 0
  outer loop
    vertex 6 67 3.5
    vertex 11.899999618530273 67 3.5
    vertex 11.899999618530273 67.24504089355469 3.512038230895996
  endloop
endfacet
facet normal 0 0 0
  outer loop
    vertex 6 67.24504089355469 3.512038230895996
    vertex 11.899999618530273 67.24504089355469 3.512038230895996
    vertex 11.899999618530273 67.48772430419922 3.548036813735962
  endloop
endfacet
facet normal 0 0 0
  outer loop
    vertex 6 67.48772430419922 3.548036813735962
    vertex 11.899999618530273 67.48772430419922 3.548036813735962
    vertex 11.899999618530273 67.7257080078125 3.607649087905884
  endloop
endfacet
facet normal 0 0 0
  outer loop
    vertex 6 67.7257080078125 3.607649087905884
    vertex 11.899999618530273 67.7257080078125 3.607649087905884
    vertex 11.899999618530273 67.95671081542969 3.6903011798858643
  endloop
endfacet
facet normal 0 0 0
  outer loop
    vertex 6 67.95671081542969 3.6903011798858643
    vertex 11.899999618530273 67.95671081542969 3.6903011798858643
    vertex 11.899999618530273 68.1784896850586 3.795196771621704
  endloop
endfacet
facet normal 0 0 0
  outer loop
    vertex 6 65.41401672363281 4.067473888397217
    vertex 11.899999618530273 65.41401672363281 4.067473888397217
    vertex 11.899999618530273 65.61107635498047 3.921325922012329
  endloop
endfacet
facet normal 0 0 0
  outer loop
    vertex 6 65.8215103149414 3.795196771621704
    vertex 11.899999618530273 65.8215103149414 3.795196771621704
    vertex 11.899999618530273 66.04328918457031 3.6903011798858643
  endloop
endfacet
facet normal 0 0 0
  outer loop
    vertex 6 65.61107635498047 3.921325922012329
    vertex 11.899999618530273 65.61107635498047 3.921325922012329
    vertex 11.899999618530273 65.8215103149414 3.795196771621704
  endloop
endfacet
facet normal 0 0 0
  outer loop
    vertex 6 65.23223114013672 4.232233047485352
    vertex 11.899999618530273 65.23223114013672 4.232233047485352
    vertex 11.899999618530273 65.41401672363281 4.067473888397217
  endloop
endfacet
facet normal 0 0 0
  outer loop
    vertex 6 65.06747436523438 4.4140167236328125
    vertex 11.899999618530273 65.06747436523438 4.4140167236328125
    vertex 11.899999618530273 65.23223114013672 4.232233047485352
  endloop
endfacet
facet normal 0 0 0
  outer loop
    vertex 6 68.1784896850586 3.795196771621704
    vertex 11.899999618530273 68.1784896850586 3.795196771621704
    vertex 11.899999618530273 68.38892364501953 3.921325922012329
  endloop
endfacet
facet normal 0 0 0
  outer loop
    vertex 6 68.38892364501953 3.921325922012329
    vertex 11.899999618530273 68.38892364501953 3.921325922012329
    vertex 11.899999618530273 68.58598327636719 4.067473888397217
  endloop
endfacet
facet normal 0 0 0
  outer loop
    vertex 6 68.58598327636719 4.067473888397217
    vertex 11.899999618530273 68.58598327636719 4.067473888397217
    vertex 11.899999618530273 68.76776885986328 4.232233047485352
  endloop
endfacet
facet normal 0 0 0
  outer loop
    vertex 6 68.76776885986328 4.232233047485352
    vertex 11.899999618530273 68.76776885986328 4.232233047485352
    vertex 11.899999618530273 68.93252563476562 4.4140167236328125
  endloop
endfacet
facet normal 0 0 0
  outer loop
    vertex 6 68.93252563476562 4.4140167236328125
    vertex 11.899999618530273 68.93252563476562 4.4140167236328125
    vertex 11.899999618530273 69.07867431640625 4.611074447631836
  endloop
endfacet
facet normal 0 0 0
  outer loop
    vertex 11.899999618530273 66.51227569580078 3.548036813735962
    vertex 11.899999618530273 67.24504089355469 3.512038230895996
    vertex 11.899999618530273 66.75495910644531 3.512038230895996
  endloop
endfacet
facet normal 0 0 0
  outer loop
    vertex 11.899999618530273 66.51227569580078 3.548036813735962
    vertex 11.899999618530273 66.2742919921875 3.607649087905884
    vertex 11.899999618530273 67.48772430419922 3.548036813735962
  endloop
endfacet
facet normal 0 0 0
  outer loop
    vertex 11.899999618530273 66.04328918457031 3.6903011798858643
    vertex 11.899999618530273 67.7257080078125 3.607649087905884
    vertex 11.899999618530273 66.2742919921875 3.607649087905884
  endloop
endfacet
facet normal 0 0 0
  outer loop
    vertex 11.899999618530273 66.04328918457031 3.6903011798858643
    vertex 11.899999618530273 65.8215103149414 3.795196771621704
    vertex 11.899999618530273 67.95671081542969 3.6903011798858643
  endloop
endfacet
facet normal 0 0 0
  outer loop
    vertex 11.899999618530273 66.75495910644531 3.512038230895996
    vertex 11.899999618530273 67.24504089355469 3.512038230895996
    vertex 11.899999618530273 67 3.5
  endloop
endfacet
facet normal 0 0 0
  outer loop
    vertex 11.899999618530273 66.51227569580078 3.548036813735962
    vertex 11.899999618530273 67.48772430419922 3.548036813735962
    vertex 11.899999618530273 67.24504089355469 3.512038230895996
  endloop
endfacet
facet normal 0 0 0
  outer loop
    vertex 11.899999618530273 66.2742919921875 3.607649087905884
    vertex 11.899999618530273 67.7257080078125 3.607649087905884
    vertex 11.899999618530273 67.48772430419922 3.548036813735962
  endloop
endfacet
facet normal 0 0 0
  outer loop
    vertex 11.899999618530273 66.04328918457031 3.6903011798858643
    vertex 11.899999618530273 67.95671081542969 3.6903011798858643
    vertex 11.899999618530273 67.7257080078125 3.607649087905884
  endloop
endfacet
facet normal 0 0 0
  outer loop
    vertex 11.899999618530273 65.61107635498047 3.921325922012329
    vertex 11.899999618530273 68.1784896850586 3.795196771621704
    vertex 11.899999618530273 65.8215103149414 3.795196771621704
  endloop
endfacet
facet normal 0 0 0
  outer loop
    vertex 11.899999618530273 65.61107635498047 3.921325922012329
    vertex 11.899999618530273 65.41401672363281 4.067473888397217
    vertex 11.899999618530273 68.38892364501953 3.921325922012329
  endloop
endfacet
facet normal 0 0 0
  outer loop
    vertex 11.899999618530273 65.41401672363281 4.067473888397217
    vertex 11.899999618530273 65.23223114013672 4.232233047485352
    vertex 11.899999618530273 68.58598327636719 4.067473888397217
  endloop
endfacet
facet normal 0 0 0
  outer loop
    vertex 11.899999618530273 65.23223114013672 4.232233047485352
    vertex 11.899999618530273 65.06747436523438 4.4140167236328125
    vertex 11.899999618530273 68.76776885986328 4.232233047485352
  endloop
endfacet
facet normal 0 0 0
  outer loop
    vertex 11.899999618530273 65.06747436523438 4.4140167236328125
    vertex 11.899999618530273 64.92132568359375 4.611074447631836
    vertex 11.899999618530273 68.93252563476562 4.4140167236328125
  endloop
endfacet
facet normal 0 0 0
  outer loop
    vertex 11.899999618530273 67.95671081542969 3.6903011798858643
    vertex 11.899999618530273 65.8215103149414 3.795196771621704
    vertex 11.899999618530273 68.1784896850586 3.795196771621704
  endloop
endfacet
facet normal 0 0 0
  outer loop
    vertex 11.899999618530273 65.61107635498047 3.921325922012329
    vertex 11.899999618530273 68.38892364501953 3.921325922012329
    vertex 11.899999618530273 68.1784896850586 3.795196771621704
  endloop
endfacet
facet normal 0 0 0
  outer loop
    vertex 11.899999618530273 65.41401672363281 4.067473888397217
    vertex 11.899999618530273 68.58598327636719 4.067473888397217
    vertex 11.899999618530273 68.38892364501953 3.921325922012329
  endloop
endfacet
facet normal 0 0 0
  outer loop
    vertex 11.899999618530273 65.23223114013672 4.232233047485352
    vertex 11.899999618530273 68.76776885986328 4.232233047485352
    vertex 11.899999618530273 68.58598327636719 4.067473888397217
  endloop
endfacet
facet normal 0 0 0
  outer loop
    vertex 11.899999618530273 65.06747436523438 4.4140167236328125
    vertex 11.899999618530273 68.93252563476562 4.4140167236328125
    vertex 11.899999618530273 68.76776885986328 4.232233047485352
  endloop
endfacet
facet normal 0 0 0
  outer loop
    vertex 6 64.92132568359375 4.611074447631836
    vertex 11.899999618530273 64.92132568359375 4.611074447631836
    vertex 11.899999618530273 65.06747436523438 4.4140167236328125
  endloop
endfacet
facet normal 0 0 0
  outer loop
    vertex 6 64.79519653320312 4.821507930755615
    vertex 11.899999618530273 64.79519653320312 4.821507930755615
    vertex 11.899999618530273 64.92132568359375 4.611074447631836
  endloop
endfacet
facet normal 0 0 0
  outer loop
    vertex 6 64.69029998779297 5.0432915687561035
    vertex 11.899999618530273 64.69029998779297 5.0432915687561035
    vertex 11.899999618530273 64.79519653320312 4.821507930755615
  endloop
endfacet
facet normal 0 0 0
  outer loop
    vertex 6 64.60765075683594 5.274288177490234
    vertex 11.899999618530273 64.60765075683594 5.274288177490234
    vertex 11.899999618530273 64.69029998779297 5.0432915687561035
  endloop
endfacet
facet normal 0 0 0
  outer loop
    vertex 6 69.07867431640625 4.611074447631836
    vertex 11.899999618530273 69.07867431640625 4.611074447631836
    vertex 11.899999618530273 69.20480346679688 4.821507930755615
  endloop
endfacet
facet normal 0 0 0
  outer loop
    vertex 6 69.20480346679688 4.821507930755615
    vertex 11.899999618530273 69.20480346679688 4.821507930755615
    vertex 11.899999618530273 69.30970001220703 5.0432915687561035
  endloop
endfacet
facet normal 0 0 0
  outer loop
    vertex 6 69.30970001220703 5.0432915687561035
    vertex 11.899999618530273 69.30970001220703 5.0432915687561035
    vertex 11.899999618530273 69.39234924316406 5.274288177490234
  endloop
endfacet
facet normal 0 0 0
  outer loop
    vertex 6 64.54803466796875 5.512274265289307
    vertex 11.899999618530273 64.54803466796875 5.512274265289307
    vertex 11.899999618530273 64.60765075683594 5.274288177490234
  endloop
endfacet
facet normal 0 0 0
  outer loop
    vertex 6 64.51203918457031 5.75495719909668
    vertex 11.899999618530273 64.51203918457031 5.75495719909668
    vertex 11.899999618530273 64.54803466796875 5.512274265289307
  endloop
endfacet
facet normal 0 0 0
  outer loop
    vertex 11.899999618530273 64.51203918457031 5.75495719909668
    vertex 6 64.5 6
    vertex 11.899999618530273 64.5 6
  endloop
endfacet
facet normal 0 0 0
  outer loop
    vertex 6 69.39234924316406 5.274288177490234
    vertex 11.899999618530273 69.39234924316406 5.274288177490234
    vertex 11.899999618530273 69.45196533203125 5.512274265289307
  endloop
endfacet
facet normal 0 0 0
  outer loop
    vertex 6 69.45196533203125 5.512274265289307
    vertex 11.899999618530273 69.45196533203125 5.512274265289307
    vertex 11.899999618530273 69.48796081542969 5.75495719909668
  endloop
endfacet
facet normal 0 0 0
  outer loop
    vertex 6 69.48796081542969 5.75495719909668
    vertex 11.899999618530273 69.48796081542969 5.75495719909668
    vertex 11.899999618530273 69.5 6
  endloop
endfacet
facet normal 0 0 0
  outer loop
    vertex 11.899999618530273 64.92132568359375 4.611074447631836
    vertex 11.899999618530273 64.79519653320312 4.821507930755615
    vertex 11.899999618530273 69.07867431640625 4.611074447631836
  endloop
endfacet
facet normal 0 0 0
  outer loop
    vertex 11.899999618530273 64.79519653320312 4.821507930755615
    vertex 11.899999618530273 64.69029998779297 5.0432915687561035
    vertex 11.899999618530273 69.20480346679688 4.821507930755615
  endloop
endfacet
facet normal 0 0 0
  outer loop
    vertex 11.899999618530273 64.69029998779297 5.0432915687561035
    vertex 11.899999618530273 64.60765075683594 5.274288177490234
    vertex 11.899999618530273 69.30970001220703 5.0432915687561035
  endloop
endfacet
facet normal 0 0 0
  outer loop
    vertex 11.899999618530273 68.93252563476562 4.4140167236328125
    vertex 11.899999618530273 64.92132568359375 4.611074447631836
    vertex 11.899999618530273 69.07867431640625 4.611074447631836
  endloop
endfacet
facet normal 0 0 0
  outer loop
    vertex 11.899999618530273 64.79519653320312 4.821507930755615
    vertex 11.899999618530273 69.20480346679688 4.821507930755615
    vertex 11.899999618530273 69.07867431640625 4.611074447631836
  endloop
endfacet
facet normal 0 0 0
  outer loop
    vertex 11.899999618530273 64.69029998779297 5.0432915687561035
    vertex 11.899999618530273 69.30970001220703 5.0432915687561035
    vertex 11.899999618530273 69.20480346679688 4.821507930755615
  endloop
endfacet
facet normal 0 0 0
  outer loop
    vertex 11.899999618530273 69.30970001220703 5.0432915687561035
    vertex 11.899999618530273 64.60765075683594 5.274288177490234
    vertex 11.899999618530273 69.39234924316406 5.274288177490234
  endloop
endfacet
facet normal 0 0 0
  outer loop
    vertex 11.899999618530273 64.60765075683594 5.274288177490234
    vertex 11.899999618530273 64.54803466796875 5.512274265289307
    vertex 11.899999618530273 69.39234924316406 5.274288177490234
  endloop
endfacet
facet normal 0 0 0
  outer loop
    vertex 11.899999618530273 64.54803466796875 5.512274265289307
    vertex 11.899999618530273 64.51203918457031 5.75495719909668
    vertex 11.899999618530273 69.45196533203125 5.512274265289307
  endloop
endfacet
facet normal 0 0 0
  outer loop
    vertex 11.899999618530273 64.51203918457031 5.75495719909668
    vertex 11.899999618530273 64.5 6
    vertex 11.899999618530273 69.48796081542969 5.75495719909668
  endloop
endfacet
facet normal 0 0 0
  outer loop
    vertex 11.899999618530273 64.54803466796875 5.512274265289307
    vertex 11.899999618530273 69.45196533203125 5.512274265289307
    vertex 11.899999618530273 69.39234924316406 5.274288177490234
  endloop
endfacet
facet normal 0 0 0
  outer loop
    vertex 11.899999618530273 64.51203918457031 5.75495719909668
    vertex 11.899999618530273 69.48796081542969 5.75495719909668
    vertex 11.899999618530273 69.45196533203125 5.512274265289307
  endloop
endfacet
facet normal 0 0 0
  outer loop
    vertex 11.899999618530273 69.48796081542969 5.75495719909668
    vertex 11.899999618530273 64.5 6
    vertex 11.899999618530273 69.5 6
  endloop
endfacet
facet normal 0 0 0
  outer loop
    vertex 6 64.5 6
    vertex 6 64.51203918457031 6.24504280090332
    vertex 11.899999618530273 64.5 6
  endloop
endfacet
facet normal 0 0 0
  outer loop
    vertex 6 64.51203918457031 6.24504280090332
    vertex 6 64.54803466796875 6.487725734710693
    vertex 11.899999618530273 64.51203918457031 6.24504280090332
  endloop
endfacet
facet normal 0 0 0
  outer loop
    vertex 6 64.54803466796875 6.487725734710693
    vertex 6 64.60765075683594 6.725711822509766
    vertex 11.899999618530273 64.54803466796875 6.487725734710693
  endloop
endfacet
facet normal 0 0 0
  outer loop
    vertex 6 64.60765075683594 6.725711822509766
    vertex 6 64.69029998779297 6.9567084312438965
    vertex 11.899999618530273 64.60765075683594 6.725711822509766
  endloop
endfacet
facet normal 0 0 0
  outer loop
    vertex 6 64.69029998779297 6.9567084312438965
    vertex 6 64.79519653320312 7.178492069244385
    vertex 11.899999618530273 64.69029998779297 6.9567084312438965
  endloop
endfacet
facet normal 0 0 0
  outer loop
    vertex 6 64.79519653320312 7.178492069244385
    vertex 6 64.92132568359375 7.388925552368164
    vertex 11.899999618530273 64.79519653320312 7.178492069244385
  endloop
endfacet
facet normal 0 0 0
  outer loop
    vertex 6 64.92132568359375 7.388925552368164
    vertex 6 65.06747436523438 7.5859832763671875
    vertex 11.899999618530273 64.92132568359375 7.388925552368164
  endloop
endfacet
facet normal 0 0 0
  outer loop
    vertex 6 69.30970001220703 6.9567084312438965
    vertex 6 69.39234924316406 6.725711822509766
    vertex 11.899999618530273 69.30970001220703 6.9567084312438965
  endloop
endfacet
facet normal 0 0 0
  outer loop
    vertex 6 69.30970001220703 6.9567084312438965
    vertex 11.899999618530273 69.20480346679688 7.178492069244385
    vertex 6 69.20480346679688 7.178492069244385
  endloop
endfacet
facet normal 0 0 0
  outer loop
    vertex 6 69.20480346679688 7.178492069244385
    vertex 11.899999618530273 69.07867431640625 7.388925552368164
    vertex 6 69.07867431640625 7.388925552368164
  endloop
endfacet
facet normal 0 0 0
  outer loop
    vertex 6 69.5 6
    vertex 11.899999618530273 69.48796081542969 6.24504280090332
    vertex 6 69.48796081542969 6.24504280090332
  endloop
endfacet
facet normal 0 0 0
  outer loop
    vertex 6 69.48796081542969 6.24504280090332
    vertex 11.899999618530273 69.45196533203125 6.487725734710693
    vertex 6 69.45196533203125 6.487725734710693
  endloop
endfacet
facet normal 0 0 0
  outer loop
    vertex 6 69.45196533203125 6.487725734710693
    vertex 11.899999618530273 69.39234924316406 6.725711822509766
    vertex 6 69.39234924316406 6.725711822509766
  endloop
endfacet
facet normal 0 0 0
  outer loop
    vertex 6 65.06747436523438 7.5859832763671875
    vertex 6 65.23223114013672 7.767766952514648
    vertex 11.899999618530273 65.06747436523438 7.5859832763671875
  endloop
endfacet
facet normal 0 0 0
  outer loop
    vertex 6 65.23223114013672 7.767766952514648
    vertex 6 65.41401672363281 7.932526111602783
    vertex 11.899999618530273 65.23223114013672 7.767766952514648
  endloop
endfacet
facet normal 0 0 0
  outer loop
    vertex 6 65.41401672363281 7.932526111602783
    vertex 6 65.50499725341797 8
    vertex 11.899999618530273 65.41401672363281 7.932526111602783
  endloop
endfacet
facet normal 0 0 0
  outer loop
    vertex 6 69.07867431640625 7.388925552368164
    vertex 11.899999618530273 68.93252563476562 7.5859832763671875
    vertex 6 68.93252563476562 7.5859832763671875
  endloop
endfacet
facet normal 0 0 0
  outer loop
    vertex 6 68.93252563476562 7.5859832763671875
    vertex 11.899999618530273 68.76776885986328 7.767766952514648
    vertex 6 68.76776885986328 7.767766952514648
  endloop
endfacet
facet normal 0 0 0
  outer loop
    vertex 6 68.76776885986328 7.767766952514648
    vertex 11.899999618530273 68.58598327636719 7.932526111602783
    vertex 6 68.58598327636719 7.932526111602783
  endloop
endfacet
facet normal 0 0 0
  outer loop
    vertex 6 68.58598327636719 7.932526111602783
    vertex 11.899999618530273 68.49500274658203 8
    vertex 6 68.49500274658203 8
  endloop
endfacet
facet normal 0 0 0
  outer loop
    vertex 6 64.51203918457031 6.24504280090332
    vertex 11.899999618530273 64.51203918457031 6.24504280090332
    vertex 11.899999618530273 64.5 6
  endloop
endfacet
facet normal 0 0 0
  outer loop
    vertex 6 64.54803466796875 6.487725734710693
    vertex 11.899999618530273 64.54803466796875 6.487725734710693
    vertex 11.899999618530273 64.51203918457031 6.24504280090332
  endloop
endfacet
facet normal 0 0 0
  outer loop
    vertex 6 64.60765075683594 6.725711822509766
    vertex 11.899999618530273 64.60765075683594 6.725711822509766
    vertex 11.899999618530273 64.54803466796875 6.487725734710693
  endloop
endfacet
facet normal 0 0 0
  outer loop
    vertex 6 64.69029998779297 6.9567084312438965
    vertex 11.899999618530273 64.69029998779297 6.9567084312438965
    vertex 11.899999618530273 64.60765075683594 6.725711822509766
  endloop
endfacet
facet normal 0 0 0
  outer loop
    vertex 6 64.79519653320312 7.178492069244385
    vertex 11.899999618530273 64.79519653320312 7.178492069244385
    vertex 11.899999618530273 64.69029998779297 6.9567084312438965
  endloop
endfacet
facet normal 0 0 0
  outer loop
    vertex 6 64.92132568359375 7.388925552368164
    vertex 11.899999618530273 64.92132568359375 7.388925552368164
    vertex 11.899999618530273 64.79519653320312 7.178492069244385
  endloop
endfacet
facet normal 0 0 0
  outer loop
    vertex 6 69.30970001220703 6.9567084312438965
    vertex 11.899999618530273 69.30970001220703 6.9567084312438965
    vertex 11.899999618530273 69.20480346679688 7.178492069244385
  endloop
endfacet
facet normal 0 0 0
  outer loop
    vertex 6 69.20480346679688 7.178492069244385
    vertex 11.899999618530273 69.20480346679688 7.178492069244385
    vertex 11.899999618530273 69.07867431640625 7.388925552368164
  endloop
endfacet
facet normal 0 0 0
  outer loop
    vertex 6 69.07867431640625 7.388925552368164
    vertex 11.899999618530273 69.07867431640625 7.388925552368164
    vertex 11.899999618530273 68.93252563476562 7.5859832763671875
  endloop
endfacet
facet normal 0 0 0
  outer loop
    vertex 6 69.5 6
    vertex 11.899999618530273 69.5 6
    vertex 11.899999618530273 69.48796081542969 6.24504280090332
  endloop
endfacet
facet normal 0 0 0
  outer loop
    vertex 6 69.48796081542969 6.24504280090332
    vertex 11.899999618530273 69.48796081542969 6.24504280090332
    vertex 11.899999618530273 69.45196533203125 6.487725734710693
  endloop
endfacet
facet normal 0 0 0
  outer loop
    vertex 6 69.45196533203125 6.487725734710693
    vertex 11.899999618530273 69.45196533203125 6.487725734710693
    vertex 11.899999618530273 69.39234924316406 6.725711822509766
  endloop
endfacet
facet normal 0 0 0
  outer loop
    vertex 6 69.39234924316406 6.725711822509766
    vertex 11.899999618530273 69.39234924316406 6.725711822509766
    vertex 11.899999618530273 69.30970001220703 6.9567084312438965
  endloop
endfacet
facet normal 0 0 0
  outer loop
    vertex 11.899999618530273 64.5 6
    vertex 11.899999618530273 64.51203918457031 6.24504280090332
    vertex 11.899999618530273 69.5 6
  endloop
endfacet
facet normal 0 0 0
  outer loop
    vertex 11.899999618530273 64.51203918457031 6.24504280090332
    vertex 11.899999618530273 64.54803466796875 6.487725734710693
    vertex 11.899999618530273 69.48796081542969 6.24504280090332
  endloop
endfacet
facet normal 0 0 0
  outer loop
    vertex 11.899999618530273 64.54803466796875 6.487725734710693
    vertex 11.899999618530273 64.60765075683594 6.725711822509766
    vertex 11.899999618530273 69.45196533203125 6.487725734710693
  endloop
endfacet
facet normal 0 0 0
  outer loop
    vertex 11.899999618530273 64.51203918457031 6.24504280090332
    vertex 11.899999618530273 69.48796081542969 6.24504280090332
    vertex 11.899999618530273 69.5 6
  endloop
endfacet
facet normal 0 0 0
  outer loop
    vertex 11.899999618530273 64.54803466796875 6.487725734710693
    vertex 11.899999618530273 69.45196533203125 6.487725734710693
    vertex 11.899999618530273 69.48796081542969 6.24504280090332
  endloop
endfacet
facet normal 0 0 0
  outer loop
    vertex 11.899999618530273 64.60765075683594 6.725711822509766
    vertex 11.899999618530273 69.39234924316406 6.725711822509766
    vertex 11.899999618530273 69.45196533203125 6.487725734710693
  endloop
endfacet
facet normal 0 0 0
  outer loop
    vertex 11.899999618530273 64.60765075683594 6.725711822509766
    vertex 11.899999618530273 64.69029998779297 6.9567084312438965
    vertex 11.899999618530273 69.39234924316406 6.725711822509766
  endloop
endfacet
facet normal 0 0 0
  outer loop
    vertex 11.899999618530273 64.69029998779297 6.9567084312438965
    vertex 11.899999618530273 64.79519653320312 7.178492069244385
    vertex 11.899999618530273 69.30970001220703 6.9567084312438965
  endloop
endfacet
facet normal 0 0 0
  outer loop
    vertex 11.899999618530273 64.79519653320312 7.178492069244385
    vertex 11.899999618530273 64.92132568359375 7.388925552368164
    vertex 11.899999618530273 69.20480346679688 7.178492069244385
  endloop
endfacet
facet normal 0 0 0
  outer loop
    vertex 11.899999618530273 64.92132568359375 7.388925552368164
    vertex 11.899999618530273 65.06747436523438 7.5859832763671875
    vertex 11.899999618530273 69.07867431640625 7.388925552368164
  endloop
endfacet
facet normal 0 0 0
  outer loop
    vertex 11.899999618530273 64.69029998779297 6.9567084312438965
    vertex 11.899999618530273 69.30970001220703 6.9567084312438965
    vertex 11.899999618530273 69.39234924316406 6.725711822509766
  endloop
endfacet
facet normal 0 0 0
  outer loop
    vertex 11.899999618530273 64.79519653320312 7.178492069244385
    vertex 11.899999618530273 69.20480346679688 7.178492069244385
    vertex 11.899999618530273 69.30970001220703 6.9567084312438965
  endloop
endfacet
facet normal 0 0 0
  outer loop
    vertex 11.899999618530273 64.92132568359375 7.388925552368164
    vertex 11.899999618530273 69.07867431640625 7.388925552368164
    vertex 11.899999618530273 69.20480346679688 7.178492069244385
  endloop
endfacet
facet normal 0 0 0
  outer loop
    vertex 6 65.06747436523438 7.5859832763671875
    vertex 11.899999618530273 65.06747436523438 7.5859832763671875
    vertex 11.899999618530273 64.92132568359375 7.388925552368164
  endloop
endfacet
facet normal 0 0 0
  outer loop
    vertex 6 65.23223114013672 7.767766952514648
    vertex 11.899999618530273 65.23223114013672 7.767766952514648
    vertex 11.899999618530273 65.06747436523438 7.5859832763671875
  endloop
endfacet
facet normal 0 0 0
  outer loop
    vertex 6 65.41401672363281 7.932526111602783
    vertex 11.899999618530273 65.41401672363281 7.932526111602783
    vertex 11.899999618530273 65.23223114013672 7.767766952514648
  endloop
endfacet
facet normal 0 0 0
  outer loop
    vertex 6 65.50499725341797 8
    vertex 11.899999618530273 65.50499725341797 8
    vertex 11.899999618530273 65.41401672363281 7.932526111602783
  endloop
endfacet
facet normal 0 0 0
  outer loop
    vertex 6 68.93252563476562 7.5859832763671875
    vertex 11.899999618530273 68.93252563476562 7.5859832763671875
    vertex 11.899999618530273 68.76776885986328 7.767766952514648
  endloop
endfacet
facet normal 0 0 0
  outer loop
    vertex 6 68.76776885986328 7.767766952514648
    vertex 11.899999618530273 68.76776885986328 7.767766952514648
    vertex 11.899999618530273 68.58598327636719 7.932526111602783
  endloop
endfacet
facet normal 0 0 0
  outer loop
    vertex 6 68.58598327636719 7.932526111602783
    vertex 11.899999618530273 68.58598327636719 7.932526111602783
    vertex 11.899999618530273 68.49500274658203 8
  endloop
endfacet
facet normal 0 0 0
  outer loop
    vertex 11.899999618530273 65.06747436523438 7.5859832763671875
    vertex 11.899999618530273 65.23223114013672 7.767766952514648
    vertex 11.899999618530273 68.93252563476562 7.5859832763671875
  endloop
endfacet
facet normal 0 0 0
  outer loop
    vertex 11.899999618530273 65.23223114013672 7.767766952514648
    vertex 11.899999618530273 65.41401672363281 7.932526111602783
    vertex 11.899999618530273 68.76776885986328 7.767766952514648
  endloop
endfacet
facet normal 0 0 0
  outer loop
    vertex 11.899999618530273 65.41401672363281 7.932526111602783
    vertex 11.899999618530273 65.50499725341797 8
    vertex 11.899999618530273 68.58598327636719 7.932526111602783
  endloop
endfacet
facet normal 0 0 0
  outer loop
    vertex 11.899999618530273 69.07867431640625 7.388925552368164
    vertex 11.899999618530273 65.06747436523438 7.5859832763671875
    vertex 11.899999618530273 68.93252563476562 7.5859832763671875
  endloop
endfacet
facet normal 0 0 0
  outer loop
    vertex 11.899999618530273 65.23223114013672 7.767766952514648
    vertex 11.899999618530273 68.76776885986328 7.767766952514648
    vertex 11.899999618530273 68.93252563476562 7.5859832763671875
  endloop
endfacet
facet normal 0 0 0
  outer loop
    vertex 11.899999618530273 65.41401672363281 7.932526111602783
    vertex 11.899999618530273 68.58598327636719 7.932526111602783
    vertex 11.899999618530273 68.76776885986328 7.767766952514648
  endloop
endfacet
facet normal 0 0 0
  outer loop
    vertex 11.899999618530273 65.50499725341797 8
    vertex 11.899999618530273 68.49500274658203 8
    vertex 11.899999618530273 68.58598327636719 7.932526111602783
  endloop
endfacet
facet normal 0 0 0
  outer loop
    vertex -12 20 6
    vertex -11.416666984558105 21.5 6
    vertex -12 21.5 6
  endloop
endfacet
facet normal 0 0 0
  outer loop
    vertex -12 20 6
    vertex -11.166666984558105 20 6
    vertex -11.416666984558105 21.5 6
  endloop
endfacet
facet normal 0 0 0
  outer loop
    vertex -12 20 6
    vertex -12 21.5 6
    vertex -12 20 8
  endloop
endfacet
facet normal 0 0 0
  outer loop
    vertex -12 22.5 6
    vertex -11.583333015441895 22.5 6
    vertex -12 25 6
  endloop
endfacet
facet normal 0 0 0
  outer loop
    vertex -11.583333015441895 22.5 6
    vertex -11 24 6
    vertex -12 25 6
  endloop
endfacet
facet normal 0 0 0
  outer loop
    vertex -11 24 6
    vertex -11 25 6
    vertex -12 25 6
  endloop
endfacet
facet normal 0 0 0
  outer loop
    vertex -12 22.5 6
    vertex -12 25 6
    vertex -12 22.5 8
  endloop
endfacet
facet normal 0 0 0
  outer loop
    vertex -11.416666984558105 21.5 6
    vertex -11.166666984558105 20 6
    vertex -11 21.5 6
  endloop
endfacet
facet normal 0 0 0
  outer loop
    vertex -11.166666984558105 20 6
    vertex -11 20 6
    vertex -11 21.5 6
  endloop
endfacet
facet normal 0 0 0
  outer loop
    vertex -11 20 6
    vertex -11 21.5 8
    vertex -11 21.5 6
  endloop
endfacet
facet normal 0 0 0
  outer loop
    vertex -11.583333015441895 22.5 6
    vertex -11 22.5 6
    vertex -11 24 6
  endloop
endfacet
facet normal 0 0 0
  outer loop
    vertex -11 22.5 6
    vertex -11 24 8
    vertex -11 24 6
  endloop
endfacet
facet normal 0 0 0
  outer loop
    vertex -12 21.5 6
    vertex -12 21.5 8
    vertex -12 20 8
  endloop
endfacet
facet normal 0 0 0
  outer loop
    vertex -12 22.5 8
    vertex -12 25 6
    vertex -12 25 8
  endloop
endfacet
facet normal 0 0 0
  outer loop
    vertex -11 20 6
    vertex -11 20 8
    vertex -11 21.5 8
  endloop
endfacet
facet normal 0 0 0
  outer loop
    vertex -11 22.5 6
    vertex -11 22.5 8
    vertex -11 24 8
  endloop
endfacet
facet normal 0 0 0
  outer loop
    vertex -12 25 6
    vertex -11 25 6
    vertex -11 25 8
  endloop
endfacet
facet normal 0 0 0
  outer loop
    vertex -12 25 6
    vertex -11 25 8
    vertex -12 25 8
  endloop
endfacet
facet normal 0 0 0
  outer loop
    vertex -12 19 6
    vertex -12 20 6
    vertex -12 20 8
  endloop
endfacet
facet normal 0 0 0
  outer loop
    vertex -12 19 6
    vertex -9 19 6
    vertex -12 20 6
  endloop
endfacet
facet normal 0 0 0
  outer loop
    vertex -12 20 6
    vertex -9 19 6
    vertex -11.166666984558105 20 6
  endloop
endfacet
facet normal 0 0 0
  outer loop
    vertex -12 19 6
    vertex -12 19 8
    vertex -9 19 6
  endloop
endfacet
facet normal 0 0 0
  outer loop
    vertex -12 19 6
    vertex -12 20 8
    vertex -12 19 8
  endloop
endfacet
facet normal 0 0 0
  outer loop
    vertex -11.166666984558105 20 6
    vertex -9 19 6
    vertex -11 20 6
  endloop
endfacet
facet normal 0 0 0
  outer loop
    vertex -11 20 6
    vertex -9 19 6
    vertex -9 20 6
  endloop
endfacet
facet normal 0 0 0
  outer loop
    vertex -12 19 8
    vertex -9 19 8
    vertex -9 19 6
  endloop
endfacet
facet normal 0 0 0
  outer loop
    vertex -11 20 6
    vertex -9 20 6
    vertex -9 20 8
  endloop
endfacet
facet normal 0 0 0
  outer loop
    vertex -11 20 6
    vertex -9 20 8
    vertex -11 20 8
  endloop
endfacet
facet normal 0 0 0
  outer loop
    vertex -12 21.5 6
    vertex -11.416666984558105 21.5 6
    vertex -12 22.5 6
  endloop
endfacet
facet normal 0 0 0
  outer loop
    vertex -11.416666984558105 21.5 6
    vertex -11 21.5 6
    vertex -12 22.5 6
  endloop
endfacet
facet normal 0 0 0
  outer loop
    vertex -12 21.5 6
    vertex -12 22.5 6
    vertex -12 22.5 8
  endloop
endfacet
facet normal 0 0 0
  outer loop
    vertex -12 22.5 6
    vertex -9 21.5 6
    vertex -11.583333015441895 22.5 6
  endloop
endfacet
facet normal 0 0 0
  outer loop
    vertex -12 22.5 6
    vertex -11 21.5 6
    vertex -9 21.5 6
  endloop
endfacet
facet normal 0 0 0
  outer loop
    vertex -11.583333015441895 22.5 6
    vertex -9 22 6
    vertex -11 22.5 6
  endloop
endfacet
facet normal 0 0 0
  outer loop
    vertex -12 21.5 6
    vertex -12 22.5 8
    vertex -12 21.5 8
  endloop
endfacet
facet normal 0 0 0
  outer loop
    vertex -11.583333015441895 22.5 6
    vertex -9 21.5 6
    vertex -9 22 6
  endloop
endfacet
facet normal 0 0 0
  outer loop
    vertex -11 21.5 6
    vertex -11 21.5 8
    vertex -9 21.5 6
  endloop
endfacet
facet normal 0 0 0
  outer loop
    vertex -11 22.5 6
    vertex -9 22 6
    vertex -9 22.5 6
  endloop
endfacet
facet normal 0 0 0
  outer loop
    vertex -11 22.5 6
    vertex -9 22.5 6
    vertex -9 22.5 8
  endloop
endfacet
facet normal 0 0 0
  outer loop
    vertex -11 22.5 6
    vertex -9 22.5 8
    vertex -11 22.5 8
  endloop
endfacet
facet normal 0 0 0
  outer loop
    vertex -11 21.5 8
    vertex -9 21.5 8
    vertex -9 21.5 6
  endloop
endfacet
facet normal 0 0 0
  outer loop
    vertex -11 24 6
    vertex -9 24 6
    vertex -11 25 6
  endloop
endfacet
facet normal 0 0 0
  outer loop
    vertex -9 24 6
    vertex -9 25 6
    vertex -11 25 6
  endloop
endfacet
facet normal 0 0 0
  outer loop
    vertex -11 24 6
    vertex -9 24 8
    vertex -9 24 6
  endloop
endfacet
facet normal 0 0 0
  outer loop
    vertex -11 24 6
    vertex -11 24 8
    vertex -9 24 8
  endloop
endfacet
facet normal 0 0 0
  outer loop
    vertex -11 25 6
    vertex -9 25 6
    vertex -11 25 8
  endloop
endfacet
facet normal 0 0 0
  outer loop
    vertex -11 25 8
    vertex -9 25 6
    vertex -9 25 8
  endloop
endfacet
facet normal 0 0 0
  outer loop
    vertex -9 19 6
    vertex -8 19 6
    vertex -9 20 6
  endloop
endfacet
facet normal 0 0 0
  outer loop
    vertex -9 19 6
    vertex -9 19 8
    vertex -8 19 6
  endloop
endfacet
facet normal 0 0 0
  outer loop
    vertex -8 19 6
    vertex -9 19 8
    vertex -8 19 8
  endloop
endfacet
facet normal 0 0 0
  outer loop
    vertex -8 19 6
    vertex -9 21.5 6
    vertex -9 20 6
  endloop
endfacet
facet normal 0 0 0
  outer loop
    vertex -8 19 6
    vertex -9 22 6
    vertex -9 21.5 6
  endloop
endfacet
facet normal 0 0 0
  outer loop
    vertex -8 19 6
    vertex -8 22 6
    vertex -9 22 6
  endloop
endfacet
facet normal 0 0 0
  outer loop
    vertex -9 20 6
    vertex -9 21.5 6
    vertex -9 20 8
  endloop
endfacet
facet normal 0 0 0
  outer loop
    vertex -8 19 6
    vertex -8 19 8
    vertex -8 22 6
  endloop
endfacet
facet normal 0 0 0
  outer loop
    vertex -9 21.5 6
    vertex -9 21.5 8
    vertex -9 20 8
  endloop
endfacet
facet normal 0 0 0
  outer loop
    vertex -8 22 6
    vertex -8 19 8
    vertex -8 22 8
  endloop
endfacet
facet normal 0 0 0
  outer loop
    vertex -9 22 6
    vertex -8 22 6
    vertex -9 22.5 6
  endloop
endfacet
facet normal 0 0 0
  outer loop
    vertex -9 22.5 6
    vertex -8 22 6
    vertex -9 24 6
  endloop
endfacet
facet normal 0 0 0
  outer loop
    vertex -9 24 6
    vertex -8 22 6
    vertex -9 25 6
  endloop
endfacet
facet normal 0 0 0
  outer loop
    vertex -8 22 6
    vertex -8 25 6
    vertex -9 25 6
  endloop
endfacet
facet normal 0 0 0
  outer loop
    vertex -9 22.5 6
    vertex -9 24 6
    vertex -9 22.5 8
  endloop
endfacet
facet normal 0 0 0
  outer loop
    vertex -8 22 6
    vertex -8 22 8
    vertex -8 25 6
  endloop
endfacet
facet normal 0 0 0
  outer loop
    vertex -9 24 6
    vertex -9 24 8
    vertex -9 22.5 8
  endloop
endfacet
facet normal 0 0 0
  outer loop
    vertex -8 22 8
    vertex -8 25 8
    vertex -8 25 6
  endloop
endfacet
facet normal 0 0 0
  outer loop
    vertex -9 25 6
    vertex -8 25 6
    vertex -8 25 8
  endloop
endfacet
facet normal 0 0 0
  outer loop
    vertex -9 25 6
    vertex -8 25 8
    vertex -9 25 8
  endloop
endfacet
facet normal 0 0 0
  outer loop
    vertex 8 19 6
    vertex 8.833333015441895 20 6
    vertex 8 20 6
  endloop
endfacet
facet normal 0 0 0
  outer loop
    vertex 8 19 6
    vertex 8.882352828979492 19.705883026123047 6
    vertex 8.833333015441895 20 6
  endloop
endfacet
facet normal 0 0 0
  outer loop
    vertex 8 21.5 6
    vertex 8.416666984558105 22.5 6
    vertex 8 22.5 6
  endloop
endfacet
facet normal 0 0 0
  outer loop
    vertex 8 20 6
    vertex 8 21.5 6
    vertex 8 20 8
  endloop
endfacet
facet normal 0 0 0
  outer loop
    vertex 8 22.5 6
    vertex 8.416666984558105 22.5 6
    vertex 8 25 6
  endloop
endfacet
facet normal 0 0 0
  outer loop
    vertex 8 22.5 6
    vertex 8 25 6
    vertex 8 22.5 8
  endloop
endfacet
facet normal 0 0 0
  outer loop
    vertex 8 20 6
    vertex 8.833333015441895 20 6
    vertex 8 21.5 6
  endloop
endfacet
facet normal 0 0 0
  outer loop
    vertex 8 21.5 6
    vertex 8.833333015441895 20 6
    vertex 8.583333015441895 21.5 6
  endloop
endfacet
facet normal 0 0 0
  outer loop
    vertex 8 21.5 6
    vertex 8.441176414489746 22.352941513061523 6
    vertex 8.416666984558105 22.5 6
  endloop
endfacet
facet normal 0 0 0
  outer loop
    vertex 8.583333015441895 21.5 6
    vertex 8.833333015441895 20 6
    vertex 9 21.5 6
  endloop
endfacet
facet normal 0 0 0
  outer loop
    vertex 8.833333015441895 20 6
    vertex 9 20 6
    vertex 9 21.5 6
  endloop
endfacet
facet normal 0 0 0
  outer loop
    vertex 8.416666984558105 22.5 6
    vertex 9 24 6
    vertex 8 25 6
  endloop
endfacet
facet normal 0 0 0
  outer loop
    vertex 8.416666984558105 22.5 6
    vertex 9 22.5 6
    vertex 9 24 6
  endloop
endfacet
facet normal 0 0 0
  outer loop
    vertex 9 24 6
    vertex 9 25 6
    vertex 8 25 6
  endloop
endfacet
facet normal 0 0 0
  outer loop
    vertex 8 21.5 6
    vertex 8 21.5 8
    vertex 8 20 8
  endloop
endfacet
facet normal 0 0 0
  outer loop
    vertex 8 22.5 8
    vertex 8 25 6
    vertex 8 25 8
  endloop
endfacet
facet normal 0 0 0
  outer loop
    vertex 9 20 6
    vertex 9 21.5 8
    vertex 9 21.5 6
  endloop
endfacet
facet normal 0 0 0
  outer loop
    vertex 9 22.5 6
    vertex 9 24 8
    vertex 9 24 6
  endloop
endfacet
facet normal 0 0 0
  outer loop
    vertex 9 20 6
    vertex 9 20 8
    vertex 9 21.5 8
  endloop
endfacet
facet normal 0 0 0
  outer loop
    vertex 9 22.5 6
    vertex 9 22.5 8
    vertex 9 24 8
  endloop
endfacet
facet normal 0 0 0
  outer loop
    vertex 8 25 6
    vertex 9 25 6
    vertex 9 25 8
  endloop
endfacet
facet normal 0 0 0
  outer loop
    vertex 8 25 6
    vertex 9 25 8
    vertex 8 25 8
  endloop
endfacet
facet normal 0 0 0
  outer loop
    vertex 8 19 6
    vertex 8 20 6
    vertex 8 20 8
  endloop
endfacet
facet normal 0 0 0
  outer loop
    vertex 8 19 6
    vertex 8 20 8
    vertex 8 19 8
  endloop
endfacet
facet normal 0 0 0
  outer loop
    vertex 8.882352828979492 19.705883026123047 6
    vertex 9 20 6
    vertex 8.833333015441895 20 6
  endloop
endfacet
facet normal 0 0 0
  outer loop
    vertex 8 19 6
    vertex 11 19 6
    vertex 8.882352828979492 19.705883026123047 6
  endloop
endfacet
facet normal 0 0 0
  outer loop
    vertex 8 19 6
    vertex 8 19 8
    vertex 11 19 6
  endloop
endfacet
facet normal 0 0 0
  outer loop
    vertex 8.882352828979492 19.705883026123047 6
    vertex 11 19 6
    vertex 11 20 6
  endloop
endfacet
facet normal 0 0 0
  outer loop
    vertex 8 19 8
    vertex 11 19 8
    vertex 11 19 6
  endloop
endfacet
facet normal 0 0 0
  outer loop
    vertex 8.882352828979492 19.705883026123047 6
    vertex 11 20 6
    vertex 9 20 6
  endloop
endfacet
facet normal 0 0 0
  outer loop
    vertex 9 20 6
    vertex 11 20 6
    vertex 11 20 8
  endloop
endfacet
facet normal 0 0 0
  outer loop
    vertex 9 20 6
    vertex 11 20 8
    vertex 9 20 8
  endloop
endfacet
facet normal 0 0 0
  outer loop
    vertex 8 21.5 6
    vertex 8 22.5 6
    vertex 8 22.5 8
  endloop
endfacet
facet normal 0 0 0
  outer loop
    vertex 8 21.5 6
    vertex 8.583333015441895 21.5 6
    vertex 8.441176414489746 22.352941513061523 6
  endloop
endfacet
facet normal 0 0 0
  outer loop
    vertex 8.583333015441895 21.5 6
    vertex 9 21.5 6
    vertex 8.441176414489746 22.352941513061523 6
  endloop
endfacet
facet normal 0 0 0
  outer loop
    vertex 8.416666984558105 22.5 6
    vertex 8.441176414489746 22.352941513061523 6
    vertex 9 22.5 6
  endloop
endfacet
facet normal 0 0 0
  outer loop
    vertex 8 21.5 6
    vertex 8 22.5 8
    vertex 8 21.5 8
  endloop
endfacet
facet normal 0 0 0
  outer loop
    vertex 8.441176414489746 22.352941513061523 6
    vertex 9 21.5 6
    vertex 11 21.5 6
  endloop
endfacet
facet normal 0 0 0
  outer loop
    vertex 9 21.5 6
    vertex 9 21.5 8
    vertex 11 21.5 6
  endloop
endfacet
facet normal 0 0 0
  outer loop
    vertex 8.441176414489746 22.352941513061523 6
    vertex 11 22.5 6
    vertex 9 22.5 6
  endloop
endfacet
facet normal 0 0 0
  outer loop
    vertex 8.441176414489746 22.352941513061523 6
    vertex 11 21.5 6
    vertex 11 22 6
  endloop
endfacet
facet normal 0 0 0
  outer loop
    vertex 8.441176414489746 22.352941513061523 6
    vertex 11 22 6
    vertex 11 22.5 6
  endloop
endfacet
facet normal 0 0 0
  outer loop
    vertex 9 22.5 6
    vertex 11 22.5 6
    vertex 11 22.5 8
  endloop
endfacet
facet normal 0 0 0
  outer loop
    vertex 9 22.5 6
    vertex 11 22.5 8
    vertex 9 22.5 8
  endloop
endfacet
facet normal 0 0 0
  outer loop
    vertex 11 21.5 6
    vertex 9 21.5 8
    vertex 11 21.5 8
  endloop
endfacet
facet normal 0 0 0
  outer loop
    vertex 9 24 6
    vertex 11 24 6
    vertex 9 25 6
  endloop
endfacet
facet normal 0 0 0
  outer loop
    vertex 11 24 6
    vertex 11 25 6
    vertex 9 25 6
  endloop
endfacet
facet normal 0 0 0
  outer loop
    vertex 9 24 6
    vertex 11 24 8
    vertex 11 24 6
  endloop
endfacet
facet normal 0 0 0
  outer loop
    vertex 9 24 6
    vertex 9 24 8
    vertex 11 24 8
  endloop
endfacet
facet normal 0 0 0
  outer loop
    vertex 9 25 6
    vertex 11 25 6
    vertex 9 25 8
  endloop
endfacet
facet normal 0 0 0
  outer loop
    vertex 11 25 6
    vertex 11 25 8
    vertex 9 25 8
  endloop
endfacet
facet normal 0 0 0
  outer loop
    vertex 11 19 6
    vertex 12 19 6
    vertex 11 20 6
  endloop
endfacet
facet normal 0 0 0
  outer loop
    vertex 11 19 6
    vertex 11 19 8
    vertex 12 19 6
  endloop
endfacet
facet normal 0 0 0
  outer loop
    vertex 11 19 8
    vertex 12 19 8
    vertex 12 19 6
  endloop
endfacet
facet normal 0 0 0
  outer loop
    vertex 11 20 6
    vertex 11 21.5 6
    vertex 11 20 8
  endloop
endfacet
facet normal 0 0 0
  outer loop
    vertex 11 20 6
    vertex 12 19 6
    vertex 11 21.5 6
  endloop
endfacet
facet normal 0 0 0
  outer loop
    vertex 11 21.5 6
    vertex 12 19 6
    vertex 11 22 6
  endloop
endfacet
facet normal 0 0 0
  outer loop
    vertex 11 22 6
    vertex 12 19 6
    vertex 12 22 6
  endloop
endfacet
facet normal 0 0 0
  outer loop
    vertex 11 21.5 6
    vertex 11 21.5 8
    vertex 11 20 8
  endloop
endfacet
facet normal 0 0 0
  outer loop
    vertex 12 19 6
    vertex 12 19 8
    vertex 12 22 6
  endloop
endfacet
facet normal 0 0 0
  outer loop
    vertex 12 22 6
    vertex 12 19 8
    vertex 12 22 8
  endloop
endfacet
facet normal 0 0 0
  outer loop
    vertex 11 22.5 6
    vertex 11 24 6
    vertex 11 22.5 8
  endloop
endfacet
facet normal 0 0 0
  outer loop
    vertex 11 22 6
    vertex 12 22 6
    vertex 11 22.5 6
  endloop
endfacet
facet normal 0 0 0
  outer loop
    vertex 11 22.5 6
    vertex 12 22 6
    vertex 11 24 6
  endloop
endfacet
facet normal 0 0 0
  outer loop
    vertex 11 24 6
    vertex 12 22 6
    vertex 11 25 6
  endloop
endfacet
facet normal 0 0 0
  outer loop
    vertex 12 22 6
    vertex 12 25 6
    vertex 11 25 6
  endloop
endfacet
facet normal 0 0 0
  outer loop
    vertex 11 24 6
    vertex 11 24 8
    vertex 11 22.5 8
  endloop
endfacet
facet normal 0 0 0
  outer loop
    vertex 12 22 6
    vertex 12 22 8
    vertex 12 25 6
  endloop
endfacet
facet normal 0 0 0
  outer loop
    vertex 12 22 8
    vertex 12 25 8
    vertex 12 25 6
  endloop
endfacet
facet normal 0 0 0
  outer loop
    vertex 11 25 6
    vertex 12 25 6
    vertex 12 25 8
  endloop
endfacet
facet normal 0 0 0
  outer loop
    vertex 11 25 6
    vertex 12 25 8
    vertex 11 25 8
  endloop
endfacet
facet normal 0 0 0
  outer loop
    vertex -12 -21 6
    vertex -12 -21 8
    vertex -11 -21 6
  endloop
endfacet
facet normal 0 0 0
  outer loop
    vertex -11 -21 6
    vertex -12 -21 8
    vertex -11 -21 8
  endloop
endfacet
facet normal 0 0 0
  outer loop
    vertex -12 -21 6
    vertex -11 -21 6
    vertex -12 -15 6
  endloop
endfacet
facet normal 0 0 0
  outer loop
    vertex -11 -21 6
    vertex -11 -16 6
    vertex -12 -15 6
  endloop
endfacet
facet normal 0 0 0
  outer loop
    vertex -12 -15 6
    vertex -11 -16 6
    vertex -11 -15 6
  endloop
endfacet
facet normal 0 0 0
  outer loop
    vertex -12 -21 6
    vertex -12 -15 6
    vertex -12 -15 8
  endloop
endfacet
facet normal 0 0 0
  outer loop
    vertex -12 -15 6
    vertex -11 -15 6
    vertex -11 -15 8
  endloop
endfacet
facet normal 0 0 0
  outer loop
    vertex -11 -21 6
    vertex -11 -21 8
    vertex -11 -16 6
  endloop
endfacet
facet normal 0 0 0
  outer loop
    vertex -12 -21 6
    vertex -12 -15 8
    vertex -12 -21 8
  endloop
endfacet
facet normal 0 0 0
  outer loop
    vertex -12 -15 6
    vertex -11 -15 8
    vertex -12 -15 8
  endloop
endfacet
facet normal 0 0 0
  outer loop
    vertex -11 -16 6
    vertex -11 -21 8
    vertex -11 -16 8
  endloop
endfacet
facet normal 0 0 0
  outer loop
    vertex -9 -21 6
    vertex -9 -21 8
    vertex -8 -21 6
  endloop
endfacet
facet normal 0 0 0
  outer loop
    vertex -8 -21 6
    vertex -9 -21 8
    vertex -8 -21 8
  endloop
endfacet
facet normal 0 0 0
  outer loop
    vertex -9 -21 6
    vertex -8 -21 6
    vertex -9 -16 6
  endloop
endfacet
facet normal 0 0 0
  outer loop
    vertex -8 -21 6
    vertex -9 -15.75 6
    vertex -9 -16 6
  endloop
endfacet
facet normal 0 0 0
  outer loop
    vertex -8 -21 6
    vertex -8 -16 6
    vertex -9 -15.75 6
  endloop
endfacet
facet normal 0 0 0
  outer loop
    vertex -9 -21 6
    vertex -9 -16 6
    vertex -9 -16 8
  endloop
endfacet
facet normal 0 0 0
  outer loop
    vertex -8 -21 6
    vertex -8 -21 8
    vertex -8 -16 6
  endloop
endfacet
facet normal 0 0 0
  outer loop
    vertex -8 -16 6
    vertex -8 -21 8
    vertex -8 -15 6
  endloop
endfacet
facet normal 0 0 0
  outer loop
    vertex -9 -21 6
    vertex -9 -16 8
    vertex -9 -21 8
  endloop
endfacet
facet normal 0 0 0
  outer loop
    vertex -8 -15 6
    vertex -8 -21 8
    vertex -8 -16 8
  endloop
endfacet
facet normal 0 0 0
  outer loop
    vertex -11 -16 6
    vertex -10.5 -15.375 6
    vertex -11 -15 6
  endloop
endfacet
facet normal 0 0 0
  outer loop
    vertex -11 -16 6
    vertex -10.5 -16 6
    vertex -10.5 -15.375 6
  endloop
endfacet
facet normal 0 0 0
  outer loop
    vertex -11 -15 6
    vertex -10.5 -15.375 6
    vertex -10.363636016845703 -15.409090995788574 6
  endloop
endfacet
facet normal 0 0 0
  outer loop
    vertex -11 -16 6
    vertex -10.5 -16 8
    vertex -10.5 -16 6
  endloop
endfacet
facet normal 0 0 0
  outer loop
    vertex -11 -16 6
    vertex -11 -16 8
    vertex -10.5 -16 8
  endloop
endfacet
facet normal 0 0 0
  outer loop
    vertex -11 -15 6
    vertex -10.363636016845703 -15.409090995788574 6
    vertex -8 -15 6
  endloop
endfacet
facet normal 0 0 0
  outer loop
    vertex -11 -15 6
    vertex -8 -15 6
    vertex -11 -15 8
  endloop
endfacet
facet normal 0 0 0
  outer loop
    vertex -10.363636016845703 -15.409090995788574 6
    vertex -9.5 -16 6
    vertex -9 -15.75 6
  endloop
endfacet
facet normal 0 0 0
  outer loop
    vertex -9.5 -16 6
    vertex -9 -16 6
    vertex -9 -15.75 6
  endloop
endfacet
facet normal 0 0 0
  outer loop
    vertex -10.363636016845703 -15.409090995788574 6
    vertex -9 -15.75 6
    vertex -8 -15 6
  endloop
endfacet
facet normal 0 0 0
  outer loop
    vertex -9.5 -16 6
    vertex -9 -16 8
    vertex -9 -16 6
  endloop
endfacet
facet normal 0 0 0
  outer loop
    vertex -9.5 -16 6
    vertex -9.5 -16 8
    vertex -9 -16 8
  endloop
endfacet
facet normal 0 0 0
  outer loop
    vertex -9 -15.75 6
    vertex -8 -16 6
    vertex -8 -15 6
  endloop
endfacet
facet normal 0 0 0
  outer loop
    vertex -11 -15 8
    vertex -8 -15 6
    vertex -8 -15 8
  endloop
endfacet
facet normal 0 0 0
  outer loop
    vertex -8 -15 6
    vertex -8 -16 8
    vertex -8 -15 8
  endloop
endfacet
facet normal 0 0 0
  outer loop
    vertex -10.5 -18 6
    vertex -9.5 -18 6
    vertex -10.5 -16 6
  endloop
endfacet
facet normal 0 0 0
  outer loop
    vertex -10.5 -18 6
    vertex -10.5 -18 8
    vertex -9.5 -18 6
  endloop
endfacet
facet normal 0 0 0
  outer loop
    vertex -10.5 -16 6
    vertex -10.363636016845703 -15.409090995788574 6
    vertex -10.5 -15.375 6
  endloop
endfacet
facet normal 0 0 0
  outer loop
    vertex -10.5 -16 6
    vertex -9.5 -18 6
    vertex -10.363636016845703 -15.409090995788574 6
  endloop
endfacet
facet normal 0 0 0
  outer loop
    vertex -10.363636016845703 -15.409090995788574 6
    vertex -9.5 -18 6
    vertex -9.5 -16 6
  endloop
endfacet
facet normal 0 0 0
  outer loop
    vertex -10.5 -18 6
    vertex -10.5 -16 6
    vertex -10.5 -16 8
  endloop
endfacet
facet normal 0 0 0
  outer loop
    vertex -9.5 -18 6
    vertex -9.5 -18 8
    vertex -9.5 -16 6
  endloop
endfacet
facet normal 0 0 0
  outer loop
    vertex -10.5 -18 6
    vertex -10.5 -16 8
    vertex -10.5 -18 8
  endloop
endfacet
facet normal 0 0 0
  outer loop
    vertex -9.5 -18 6
    vertex -10.5 -18 8
    vertex -9.5 -18 8
  endloop
endfacet
facet normal 0 0 0
  outer loop
    vertex -9.5 -16 6
    vertex -9.5 -18 8
    vertex -9.5 -16 8
  endloop
endfacet
facet normal 0 0 0
  outer loop
    vertex 8 -21 6
    vertex 8 -21 8
    vertex 9 -21 6
  endloop
endfacet
facet normal 0 0 0
  outer loop
    vertex 8 -21 8
    vertex 9 -21 8
    vertex 9 -21 6
  endloop
endfacet
facet normal 0 0 0
  outer loop
    vertex 8 -21 6
    vertex 8 -15 6
    vertex 8 -15 8
  endloop
endfacet
facet normal 0 0 0
  outer loop
    vertex 8 -21 6
    vertex 9 -21 6
    vertex 8 -15 6
  endloop
endfacet
facet normal 0 0 0
  outer loop
    vertex 8 -15 6
    vertex 9 -21 6
    vertex 9 -16 6
  endloop
endfacet
facet normal 0 0 0
  outer loop
    vertex 8 -15 6
    vertex 9 -16 6
    vertex 9 -15 6
  endloop
endfacet
facet normal 0 0 0
  outer loop
    vertex 8 -15 6
    vertex 9 -15 6
    vertex 9 -15 8
  endloop
endfacet
facet normal 0 0 0
  outer loop
    vertex 8 -21 6
    vertex 8 -15 8
    vertex 8 -21 8
  endloop
endfacet
facet normal 0 0 0
  outer loop
    vertex 8 -15 6
    vertex 9 -15 8
    vertex 8 -15 8
  endloop
endfacet
facet normal 0 0 0
  outer loop
    vertex 9 -21 6
    vertex 9 -21 8
    vertex 9 -16 6
  endloop
endfacet
facet normal 0 0 0
  outer loop
    vertex 9 -16 6
    vertex 9 -21 8
    vertex 9 -16 8
  endloop
endfacet
facet normal 0 0 0
  outer loop
    vertex 11 -21 6
    vertex 11 -21 8
    vertex 12 -21 6
  endloop
endfacet
facet normal 0 0 0
  outer loop
    vertex 11 -21 8
    vertex 12 -21 8
    vertex 12 -21 6
  endloop
endfacet
facet normal 0 0 0
  outer loop
    vertex 11 -21 6
    vertex 11 -16 6
    vertex 11 -16 8
  endloop
endfacet
facet normal 0 0 0
  outer loop
    vertex 11 -21 6
    vertex 12 -21 6
    vertex 11 -16 6
  endloop
endfacet
facet normal 0 0 0
  outer loop
    vertex 11 -16 6
    vertex 12 -21 6
    vertex 11 -15.75 6
  endloop
endfacet
facet normal 0 0 0
  outer loop
    vertex 11 -15.75 6
    vertex 12 -21 6
    vertex 12 -16 6
  endloop
endfacet
facet normal 0 0 0
  outer loop
    vertex 11 -21 6
    vertex 11 -16 8
    vertex 11 -21 8
  endloop
endfacet
facet normal 0 0 0
  outer loop
    vertex 12 -21 6
    vertex 12 -21 8
    vertex 12 -16 6
  endloop
endfacet
facet normal 0 0 0
  outer loop
    vertex 12 -16 6
    vertex 12 -21 8
    vertex 12 -15 6
  endloop
endfacet
facet normal 0 0 0
  outer loop
    vertex 12 -15 6
    vertex 12 -21 8
    vertex 12 -16 8
  endloop
endfacet
facet normal 0 0 0
  outer loop
    vertex 9 -16 6
    vertex 9.5 -15.375 6
    vertex 9 -15 6
  endloop
endfacet
facet normal 0 0 0
  outer loop
    vertex 9 -16 6
    vertex 9.5 -16 6
    vertex 9.5 -15.375 6
  endloop
endfacet
facet normal 0 0 0
  outer loop
    vertex 9 -15 6
    vertex 9.5 -15.375 6
    vertex 9.636363983154297 -15.409090995788574 6
  endloop
endfacet
facet normal 0 0 0
  outer loop
    vertex 9 -16 6
    vertex 9.5 -16 8
    vertex 9.5 -16 6
  endloop
endfacet
facet normal 0 0 0
  outer loop
    vertex 9 -15 6
    vertex 9.636363983154297 -15.409090995788574 6
    vertex 12 -15 6
  endloop
endfacet
facet normal 0 0 0
  outer loop
    vertex 9.636363983154297 -15.409090995788574 6
    vertex 10.5 -16 6
    vertex 11 -15.75 6
  endloop
endfacet
facet normal 0 0 0
  outer loop
    vertex 9 -15 6
    vertex 12 -15 6
    vertex 9 -15 8
  endloop
endfacet
facet normal 0 0 0
  outer loop
    vertex 9 -16 6
    vertex 9 -16 8
    vertex 9.5 -16 8
  endloop
endfacet
facet normal 0 0 0
  outer loop
    vertex 10.5 -16 6
    vertex 11 -16 6
    vertex 11 -15.75 6
  endloop
endfacet
facet normal 0 0 0
  outer loop
    vertex 9.636363983154297 -15.409090995788574 6
    vertex 11 -15.75 6
    vertex 12 -15 6
  endloop
endfacet
facet normal 0 0 0
  outer loop
    vertex 10.5 -16 6
    vertex 11 -16 8
    vertex 11 -16 6
  endloop
endfacet
facet normal 0 0 0
  outer loop
    vertex 11 -15.75 6
    vertex 12 -16 6
    vertex 12 -15 6
  endloop
endfacet
facet normal 0 0 0
  outer loop
    vertex 10.5 -16 6
    vertex 10.5 -16 8
    vertex 11 -16 8
  endloop
endfacet
facet normal 0 0 0
  outer loop
    vertex 9 -15 8
    vertex 12 -15 6
    vertex 12 -15 8
  endloop
endfacet
facet normal 0 0 0
  outer loop
    vertex 12 -15 6
    vertex 12 -16 8
    vertex 12 -15 8
  endloop
endfacet
facet normal 0 0 0
  outer loop
    vertex 9.5 -16 6
    vertex 9.636363983154297 -15.409090995788574 6
    vertex 9.5 -15.375 6
  endloop
endfacet
facet normal 0 0 0
  outer loop
    vertex 9.5 -18 6
    vertex 9.5 -16 6
    vertex 9.5 -16 8
  endloop
endfacet
facet normal 0 0 0
  outer loop
    vertex 9.5 -18 6
    vertex 10.5 -18 6
    vertex 9.5 -16 6
  endloop
endfacet
facet normal 0 0 0
  outer loop
    vertex 9.5 -18 6
    vertex 9.5 -18 8
    vertex 10.5 -18 6
  endloop
endfacet
facet normal 0 0 0
  outer loop
    vertex 9.5 -16 6
    vertex 10.5 -18 6
    vertex 9.636363983154297 -15.409090995788574 6
  endloop
endfacet
facet normal 0 0 0
  outer loop
    vertex 9.636363983154297 -15.409090995788574 6
    vertex 10.5 -18 6
    vertex 10.5 -16 6
  endloop
endfacet
facet normal 0 0 0
  outer loop
    vertex 9.5 -18 6
    vertex 9.5 -16 8
    vertex 9.5 -18 8
  endloop
endfacet
facet normal 0 0 0
  outer loop
    vertex 10.5 -18 6
    vertex 9.5 -18 8
    vertex 10.5 -18 8
  endloop
endfacet
facet normal 0 0 0
  outer loop
    vertex 10.5 -18 6
    vertex 10.5 -18 8
    vertex 10.5 -16 6
  endloop
endfacet
facet normal 0 0 0
  outer loop
    vertex 10.5 -16 6
    vertex 10.5 -18 8
    vertex 10.5 -16 8
  endloop
endfacet
facet normal 0 0 0
  outer loop
    vertex -0.30000001192092896 -27.950000762939453 0
    vertex -0.30000001192092896 -12.050000190734863 0
    vertex -0.30000001192092896 -14.385261535644531 8
  endloop
endfacet
facet normal 0 0 0
  outer loop
    vertex -0.30000001192092896 -27.950000762939453 0
    vertex -0.30000001192092896 -14.385261535644531 8
    vertex -0.30000001192092896 -25.61473846435547 8
  endloop
endfacet
facet normal 0 0 0
  outer loop
    vertex -0.30000001192092896 -27.950000762939453 0
    vertex -0.30000001192092896 -25.61473846435547 8
    vertex -0.30000001192092896 -27.950000762939453 14
  endloop
endfacet
facet normal 0 0 0
  outer loop
    vertex -0.30000001192092896 12.050000190734863 0
    vertex -0.30000001192092896 26.950000762939453 0
    vertex -0.30000001192092896 24.61473846435547 8
  endloop
endfacet
facet normal 0 0 0
  outer loop
    vertex -0.30000001192092896 12.050000190734863 0
    vertex -0.30000001192092896 24.61473846435547 8
    vertex -0.30000001192092896 14.385261535644531 8
  endloop
endfacet
facet normal 0 0 0
  outer loop
    vertex -0.30000001192092896 -12.050000190734863 0
    vertex -0.30000001192092896 -12.050000190734863 14
    vertex -0.30000001192092896 -14.385261535644531 8
  endloop
endfacet
facet normal 0 0 0
  outer loop
    vertex -0.30000001192092896 12.050000190734863 0
    vertex -0.30000001192092896 14.385261535644531 8
    vertex -0.30000001192092896 12.050000190734863 14
  endloop
endfacet
facet normal 0 0 0
  outer loop
    vertex -0.30000001192092896 -25.61473846435547 8
    vertex -0.30000001192092896 -25.61473846435547 14
    vertex -0.30000001192092896 -27.950000762939453 14
  endloop
endfacet
facet normal 0 0 0
  outer loop
    vertex -0.30000001192092896 -27.950000762939453 14
    vertex -0.30000001192092896 -25.61473846435547 14
    vertex 0 -27.950000762939453 14
  endloop
endfacet
facet normal 0 0 0
  outer loop
    vertex -0.30000001192092896 -25.61473846435547 14
    vertex 0 -25.600000381469727 14
    vertex 0 -27.950000762939453 14
  endloop
endfacet
facet normal 0 0 0
  outer loop
    vertex -0.30000001192092896 -14.385261535644531 8
    vertex -0.30000001192092896 -12.050000190734863 14
    vertex -0.30000001192092896 -14.385261535644531 14
  endloop
endfacet
facet normal 0 0 0
  outer loop
    vertex -0.30000001192092896 -14.385261535644531 14
    vertex 0 -12.050000190734863 14
    vertex 0 -14.399999618530273 14
  endloop
endfacet
facet normal 0 0 0
  outer loop
    vertex -0.30000001192092896 -14.385261535644531 14
    vertex -0.30000001192092896 -12.050000190734863 14
    vertex 0 -12.050000190734863 14
  endloop
endfacet
facet normal 0 0 0
  outer loop
    vertex -0.30000001192092896 14.385261535644531 8
    vertex -0.30000001192092896 14.385261535644531 14
    vertex -0.30000001192092896 12.050000190734863 14
  endloop
endfacet
facet normal 0 0 0
  outer loop
    vertex -0.30000001192092896 12.050000190734863 14
    vertex -0.30000001192092896 14.385261535644531 14
    vertex 0 12.050000190734863 14
  endloop
endfacet
facet normal 0 0 0
  outer loop
    vertex -0.30000001192092896 14.385261535644531 14
    vertex 0 14.399999618530273 14
    vertex 0 12.050000190734863 14
  endloop
endfacet
facet normal 0 0 0
  outer loop
    vertex -0.30000001192092896 53.04999923706055 0
    vertex -0.30000001192092896 60 0
    vertex -0.30000001192092896 60 8
  endloop
endfacet
facet normal 0 0 0
  outer loop
    vertex -0.30000001192092896 53.04999923706055 0
    vertex -0.30000001192092896 60 8
    vertex -0.30000001192092896 55.38526153564453 8
  endloop
endfacet
facet normal 0 0 0
  outer loop
    vertex -0.30000001192092896 24.61473846435547 8
    vertex -0.30000001192092896 26.950000762939453 0
    vertex -0.30000001192092896 24.61473846435547 14
  endloop
endfacet
facet normal 0 0 0
  outer loop
    vertex -0.30000001192092896 24.61473846435547 14
    vertex -0.30000001192092896 26.950000762939453 0
    vertex -0.30000001192092896 26.950000762939453 14
  endloop
endfacet
facet normal 0 0 0
  outer loop
    vertex -0.30000001192092896 53.04999923706055 0
    vertex -0.30000001192092896 55.38526153564453 8
    vertex -0.30000001192092896 53.04999923706055 14
  endloop
endfacet
facet normal 0 0 0
  outer loop
    vertex -0.30000001192092896 24.61473846435547 14
    vertex 0 26.950000762939453 14
    vertex 0 24.600000381469727 14
  endloop
endfacet
facet normal 0 0 0
  outer loop
    vertex -0.30000001192092896 24.61473846435547 14
    vertex -0.30000001192092896 26.950000762939453 14
    vertex 0 26.950000762939453 14
  endloop
endfacet
facet normal 0 0 0
  outer loop
    vertex -0.30000001192092896 53.04999923706055 14
    vertex -0.30000001192092896 55.38526153564453 14
    vertex 0 53.04999923706055 14
  endloop
endfacet
facet normal 0 0 0
  outer loop
    vertex -0.30000001192092896 55.38526153564453 8
    vertex -0.30000001192092896 55.38526153564453 14
    vertex -0.30000001192092896 53.04999923706055 14
  endloop
endfacet
facet normal 0 0 0
  outer loop
    vertex -0.30000001192092896 55.38526153564453 14
    vertex 0 55.400001525878906 14
    vertex 0 53.04999923706055 14
  endloop
endfacet
facet normal 0 0 0
  outer loop
    vertex 0.30000001192092896 -27.950000762939453 0
    vertex 0.30000001192092896 -25.61473846435547 8
    vertex 0.30000001192092896 -12.050000190734863 0
  endloop
endfacet
facet normal 0 0 0
  outer loop
    vertex 0.30000001192092896 -25.61473846435547 8
    vertex 0.30000001192092896 -14.385261535644531 8
    vertex 0.30000001192092896 -12.050000190734863 0
  endloop
endfacet
facet normal 0 0 0
  outer loop
    vertex 0.30000001192092896 -27.950000762939453 0
    vertex 0.30000001192092896 -25.61473846435547 14
    vertex 0.30000001192092896 -25.61473846435547 8
  endloop
endfacet
facet normal 0 0 0
  outer loop
    vertex 0.30000001192092896 -27.950000762939453 0
    vertex 0.30000001192092896 -27.950000762939453 14
    vertex 0.30000001192092896 -25.61473846435547 14
  endloop
endfacet
facet normal 0 0 0
  outer loop
    vertex 0.30000001192092896 12.050000190734863 0
    vertex 0.30000001192092896 14.385261535644531 8
    vertex 0.30000001192092896 26.950000762939453 0
  endloop
endfacet
facet normal 0 0 0
  outer loop
    vertex 0.30000001192092896 14.385261535644531 8
    vertex 0.30000001192092896 24.61473846435547 8
    vertex 0.30000001192092896 26.950000762939453 0
  endloop
endfacet
facet normal 0 0 0
  outer loop
    vertex 0.30000001192092896 -12.050000190734863 0
    vertex 0.30000001192092896 -14.385261535644531 8
    vertex 0.30000001192092896 -12.050000190734863 14
  endloop
endfacet
facet normal 0 0 0
  outer loop
    vertex 0.30000001192092896 12.050000190734863 0
    vertex 0.30000001192092896 12.050000190734863 14
    vertex 0.30000001192092896 14.385261535644531 8
  endloop
endfacet
facet normal 0 0 0
  outer loop
    vertex 0 -27.950000762939453 14
    vertex 0 -25.600000381469727 14
    vertex 0.30000001192092896 -25.61473846435547 14
  endloop
endfacet
facet normal 0 0 0
  outer loop
    vertex 0 -27.950000762939453 14
    vertex 0.30000001192092896 -25.61473846435547 14
    vertex 0.30000001192092896 -27.950000762939453 14
  endloop
endfacet
facet normal 0 0 0
  outer loop
    vertex 0.30000001192092896 -14.385261535644531 8
    vertex 0.30000001192092896 -14.385261535644531 14
    vertex 0.30000001192092896 -12.050000190734863 14
  endloop
endfacet
facet normal 0 0 0
  outer loop
    vertex 0 -14.399999618530273 14
    vertex 0 -12.050000190734863 14
    vertex 0.30000001192092896 -14.385261535644531 14
  endloop
endfacet
facet normal 0 0 0
  outer loop
    vertex 0.30000001192092896 -14.385261535644531 14
    vertex 0 -12.050000190734863 14
    vertex 0.30000001192092896 -12.050000190734863 14
  endloop
endfacet
facet normal 0 0 0
  outer loop
    vertex 0.30000001192092896 14.385261535644531 8
    vertex 0.30000001192092896 12.050000190734863 14
    vertex 0.30000001192092896 14.385261535644531 14
  endloop
endfacet
facet normal 0 0 0
  outer loop
    vertex 0 12.050000190734863 14
    vertex 0 14.399999618530273 14
    vertex 0.30000001192092896 14.385261535644531 14
  endloop
endfacet
facet normal 0 0 0
  outer loop
    vertex 0 12.050000190734863 14
    vertex 0.30000001192092896 14.385261535644531 14
    vertex 0.30000001192092896 12.050000190734863 14
  endloop
endfacet
facet normal 0 0 0
  outer loop
    vertex 0.30000001192092896 53.04999923706055 0
    vertex 0.30000001192092896 55.38526153564453 8
    vertex 0.30000001192092896 60 0
  endloop
endfacet
facet normal 0 0 0
  outer loop
    vertex 0.30000001192092896 60 0
    vertex 0.30000001192092896 55.38526153564453 8
    vertex 0.30000001192092896 60 8
  endloop
endfacet
facet normal 0 0 0
  outer loop
    vertex 0.30000001192092896 24.61473846435547 8
    vertex 0.30000001192092896 26.950000762939453 14
    vertex 0.30000001192092896 26.950000762939453 0
  endloop
endfacet
facet normal 0 0 0
  outer loop
    vertex 0.30000001192092896 53.04999923706055 0
    vertex 0.30000001192092896 55.38526153564453 14
    vertex 0.30000001192092896 55.38526153564453 8
  endloop
endfacet
facet normal 0 0 0
  outer loop
    vertex 0.30000001192092896 53.04999923706055 0
    vertex 0.30000001192092896 53.04999923706055 14
    vertex 0.30000001192092896 55.38526153564453 14
  endloop
endfacet
facet normal 0 0 0
  outer loop
    vertex 0.30000001192092896 24.61473846435547 8
    vertex 0.30000001192092896 24.61473846435547 14
    vertex 0.30000001192092896 26.950000762939453 14
  endloop
endfacet
facet normal 0 0 0
  outer loop
    vertex 0 24.600000381469727 14
    vertex 0 26.950000762939453 14
    vertex 0.30000001192092896 24.61473846435547 14
  endloop
endfacet
facet normal 0 0 0
  outer loop
    vertex 0.30000001192092896 24.61473846435547 14
    vertex 0 26.950000762939453 14
    vertex 0.30000001192092896 26.950000762939453 14
  endloop
endfacet
facet normal 0 0 0
  outer loop
    vertex 0 53.04999923706055 14
    vertex 0 55.400001525878906 14
    vertex 0.30000001192092896 53.04999923706055 14
  endloop
endfacet
facet normal 0 0 0
  outer loop
    vertex 0.30000001192092896 53.04999923706055 14
    vertex 0 55.400001525878906 14
    vertex 0.30000001192092896 55.38526153564453 14
  endloop
endfacet
endsolid Baxter_PD_PETG_Frame