solid Baxter_PD_CapWrench
facet normal 0 0 0
  outer loop
    vertex -10.34325122833252 -13.77944564819336 -3
    vertex -10.500163078308105 -13.663071632385254 -3
    vertex -10.501992225646973 -11.916205406188965 -3
  endloop
endfacet
facet normal 0 0 0
  outer loop
    vertex -1.690795660018921 -17.16693687438965 -3
    vertex -1 -17.20087242126465 -3
    vertex -1 -17.20087242126465 -2
  endloop
endfacet
facet normal 0 0 0
  outer loop
    vertex 1.690795660018921 -17.16693687438965 -3
    vertex 1 -17.20087242126465 -2
    vertex 1 -17.20087242126465 -3
  endloop
endfacet
facet normal 0 0 0
  outer loop
    vertex 1.690795660018921 -17.16693687438965 -3
    vertex 7.7364983558654785 -15.400008201599121 -3
    vertex 3.3653080463409424 -16.918546676635742 -3
  endloop
endfacet
facet normal 0 0 0
  outer loop
    vertex 3.3653080463409424 -16.918546676635742 -3
    vertex 7.7364983558654785 -15.400008201599121 -3
    vertex 5.007410526275635 -16.507221221923828 -3
  endloop
endfacet
facet normal 0 0 0
  outer loop
    vertex 5.007410526275635 -16.507221221923828 -3
    vertex 7.7364983558654785 -15.400008201599121 -3
    vertex 6.60128927230835 -15.936922073364258 -3
  endloop
endfacet
facet normal 0 0 0
  outer loop
    vertex 6.60128927230835 -15.936922073364258 -3
    vertex 7.7364983558654785 -15.400008201599121 -3
    vertex 7.7364983558654785 -15.400008201599121 -2
  endloop
endfacet
facet normal 0 0 0
  outer loop
    vertex -5.007410526275635 -16.507221221923828 -3
    vertex -2.8701257705688477 -6.929096698760986 -3
    vertex -3.3653080463409424 -16.918546676635742 -3
  endloop
endfacet
facet normal 0 0 0
  outer loop
    vertex -5.007410526275635 -16.507221221923828 -3
    vertex -6.60128927230835 -15.936922073364258 -3
    vertex -4.542874813079834 -5.957088470458984 -3
  endloop
endfacet
facet normal 0 0 0
  outer loop
    vertex -3.3653080463409424 -16.918546676635742 -3
    vertex -1.4631774425506592 -7.355889797210693 -3
    vertex -1.690795660018921 -17.16693687438965 -3
  endloop
endfacet
facet normal 0 0 0
  outer loop
    vertex -1.690795660018921 -17.16693687438965 -3
    vertex -1 -7.424595355987549 -3
    vertex -1 -17.20087242126465 -3
  endloop
endfacet
facet normal 0 0 0
  outer loop
    vertex 1.690795660018921 -17.16693687438965 -3
    vertex 1 -17.20087242126465 -3
    vertex 1 -7.5 -3
  endloop
endfacet
facet normal 0 0 0
  outer loop
    vertex -10.34325122833252 -13.77944564819336 -3
    vertex -4.542874813079834 -5.957088470458984 -3
    vertex -9.583586692810059 -14.342850685119629 -3
  endloop
endfacet
facet normal 0 0 0
  outer loop
    vertex -8.131593704223633 -15.213141441345215 -3
    vertex -9.583586692810059 -14.342850685119629 -3
    vertex -4.542874813079834 -5.957088470458984 -3
  endloop
endfacet
facet normal 0 0 0
  outer loop
    vertex -8.131593704223633 -15.213141441345215 -3
    vertex -4.542874813079834 -5.957088470458984 -3
    vertex -6.60128927230835 -15.936922073364258 -3
  endloop
endfacet
facet normal 0 0 0
  outer loop
    vertex -10.34325122833252 -13.77944564819336 -3
    vertex -10.501992225646973 -11.916205406188965 -3
    vertex -4.542874813079834 -5.957088470458984 -3
  endloop
endfacet
facet normal 0 0 0
  outer loop
    vertex -5.007410526275635 -16.507221221923828 -3
    vertex -3.535475492477417 -6.614409446716309 -3
    vertex -2.8701257705688477 -6.929096698760986 -3
  endloop
endfacet
facet normal 0 0 0
  outer loop
    vertex -1.690795660018921 -17.16693687438965 -3
    vertex -1.4631774425506592 -7.355889797210693 -3
    vertex -1 -7.424595355987549 -3
  endloop
endfacet
facet normal 0 0 0
  outer loop
    vertex -3.3653080463409424 -16.918546676635742 -3
    vertex -2.1771349906921387 -7.1770524978637695 -3
    vertex -1.4631774425506592 -7.355889797210693 -3
  endloop
endfacet
facet normal 0 0 0
  outer loop
    vertex -3.3653080463409424 -16.918546676635742 -3
    vertex -2.8701257705688477 -6.929096698760986 -3
    vertex -2.1771349906921387 -7.1770524978637695 -3
  endloop
endfacet
facet normal 0 0 0
  outer loop
    vertex 1.690795660018921 -17.16693687438965 -3
    vertex 1 -7.5 -3
    vertex 3.175426483154297 -7.5 -3
  endloop
endfacet
facet normal 0 0 0
  outer loop
    vertex 1.690795660018921 -17.16693687438965 -3
    vertex 3.175426483154297 -7.5 -3
    vertex 7.7364983558654785 -15.400008201599121 -3
  endloop
endfacet
facet normal 0 0 0
  outer loop
    vertex 9.583586692810059 -14.342850685119629 -3
    vertex 9.473608016967773 -14.408769607543945 -2
    vertex 9.473608016967773 -14.408769607543945 -3
  endloop
endfacet
facet normal 0 0 0
  outer loop
    vertex 9.583586692810059 -14.342850685119629 -3
    vertex 9.473608016967773 -14.408769607543945 -3
    vertex 5.484827518463135 -7.5 -3
  endloop
endfacet
facet normal 0 0 0
  outer loop
    vertex 9.583586692810059 -14.342850685119629 -3
    vertex 11.593145370483398 -7.5 -3
    vertex 10.943284034729004 -13.334430694580078 -3
  endloop
endfacet
facet normal 0 0 0
  outer loop
    vertex 10.943284034729004 -13.334430694580078 -3
    vertex 11.593145370483398 -7.5 -3
    vertex 12.197591781616211 -12.197591781616211 -3
  endloop
endfacet
facet normal 0 0 0
  outer loop
    vertex 12.197591781616211 -12.197591781616211 -3
    vertex 14.059196472167969 -9.966050148010254 -3
    vertex 13.334430694580078 -10.943284034729004 -3
  endloop
endfacet
facet normal 0 0 0
  outer loop
    vertex -10.34325122833252 -13.77944564819336 -3
    vertex -9.583586692810059 -14.342850685119629 -3
    vertex -10.34325122833252 -13.77944564819336 3
  endloop
endfacet
facet normal 0 0 0
  outer loop
    vertex -5.007410526275635 -16.507221221923828 -3
    vertex -3.3653080463409424 -16.918546676635742 -3
    vertex -5.007410526275635 -16.507221221923828 3
  endloop
endfacet
facet normal 0 0 0
  outer loop
    vertex -8.131593704223633 -15.213141441345215 -3
    vertex -6.60128927230835 -15.936922073364258 -3
    vertex -8.131593704223633 -15.213141441345215 3
  endloop
endfacet
facet normal 0 0 0
  outer loop
    vertex -5.007410526275635 -16.507221221923828 -3
    vertex -6.60128927230835 -15.936922073364258 3
    vertex -6.60128927230835 -15.936922073364258 -3
  endloop
endfacet
facet normal 0 0 0
  outer loop
    vertex -3.3653080463409424 -16.918546676635742 -3
    vertex -1.690795660018921 -17.16693687438965 -3
    vertex -3.3653080463409424 -16.918546676635742 3
  endloop
endfacet
facet normal 0 0 0
  outer loop
    vertex 1.690795660018921 -17.16693687438965 -3
    vertex 0 -17.25 2
    vertex 1 -17.20087242126465 -2
  endloop
endfacet
facet normal 0 0 0
  outer loop
    vertex 1.690795660018921 -17.16693687438965 -3
    vertex 3.3653080463409424 -16.918546676635742 -3
    vertex 1.690795660018921 -17.16693687438965 3
  endloop
endfacet
facet normal 0 0 0
  outer loop
    vertex 3.3653080463409424 -16.918546676635742 -3
    vertex 5.007410526275635 -16.507221221923828 -3
    vertex 3.3653080463409424 -16.918546676635742 3
  endloop
endfacet
facet normal 0 0 0
  outer loop
    vertex 5.007410526275635 -16.507221221923828 -3
    vertex 6.60128927230835 -15.936922073364258 -3
    vertex 5.007410526275635 -16.507221221923828 3
  endloop
endfacet
facet normal 0 0 0
  outer loop
    vertex -1.690795660018921 -17.16693687438965 -3
    vertex -1 -17.20087242126465 -2
    vertex -1.690795660018921 -17.16693687438965 3
  endloop
endfacet
facet normal 0 0 0
  outer loop
    vertex 0 -17.25 -2
    vertex 1 -17.20087242126465 -2
    vertex 0 -17.25 2
  endloop
endfacet
facet normal 0 0 0
  outer loop
    vertex -1.690795660018921 -17.16693687438965 3
    vertex -1 -17.20087242126465 -2
    vertex 0 -17.25 -2
  endloop
endfacet
facet normal 0 0 0
  outer loop
    vertex 6.60128927230835 -15.936922073364258 -3
    vertex 7.7364983558654785 -15.400008201599121 -2
    vertex 6.60128927230835 -15.936922073364258 3
  endloop
endfacet
facet normal 0 0 0
  outer loop
    vertex 6.60128927230835 -15.936922073364258 3
    vertex 7.7364983558654785 -15.400008201599121 -2
    vertex 8.131593704223633 -15.213141441345215 -2
  endloop
endfacet
facet normal 0 0 0
  outer loop
    vertex -8.131593704223633 -15.213141441345215 -3
    vertex -9.583586692810059 -14.342850685119629 3
    vertex -9.583586692810059 -14.342850685119629 -3
  endloop
endfacet
facet normal 0 0 0
  outer loop
    vertex 9.583586692810059 -14.342850685119629 -3
    vertex 9.473608016967773 -14.408769607543945 2
    vertex 9.473608016967773 -14.408769607543945 -2
  endloop
endfacet
facet normal 0 0 0
  outer loop
    vertex 9.583586692810059 -14.342850685119629 -3
    vertex 10.943284034729004 -13.334430694580078 -3
    vertex 9.583586692810059 -14.342850685119629 3
  endloop
endfacet
facet normal 0 0 0
  outer loop
    vertex 10.943284034729004 -13.334430694580078 -3
    vertex 12.197591781616211 -12.197591781616211 -3
    vertex 10.943284034729004 -13.334430694580078 3
  endloop
endfacet
facet normal 0 0 0
  outer loop
    vertex 12.197591781616211 -12.197591781616211 -3
    vertex 13.334430694580078 -10.943284034729004 -3
    vertex 12.197591781616211 -12.197591781616211 3
  endloop
endfacet
facet normal 0 0 0
  outer loop
    vertex 13.334430694580078 -10.943284034729004 -3
    vertex 14.059196472167969 -9.966050148010254 -3
    vertex 14.059196472167969 -9.966050148010254 3
  endloop
endfacet
facet normal 0 0 0
  outer loop
    vertex 8.131593704223633 -15.213141441345215 2
    vertex 8.131593704223633 -15.213141441345215 -2
    vertex 9.473608016967773 -14.408769607543945 -2
  endloop
endfacet
facet normal 0 0 0
  outer loop
    vertex -11.895730018615723 -6.053047180175781 -3
    vertex -11.695652961730957 -10.281438827514648 -3
    vertex -11.836191177368164 -10.421977043151855 -3
  endloop
endfacet
facet normal 0 0 0
  outer loop
    vertex -13.148584365844727 -11.148333549499512 -3
    vertex -13.32364559173584 -10.723747253417969 -3
    vertex -12.197591781616211 8.20956039428711 -3
  endloop
endfacet
facet normal 0 0 0
  outer loop
    vertex -11.895730018615723 -6.053047180175781 -3
    vertex -10.943284034729004 5.033372402191162 -3
    vertex -11.695652961730957 -10.281438827514648 -3
  endloop
endfacet
facet normal 0 0 0
  outer loop
    vertex -10.509748458862305 -4.509609699249268 -3
    vertex -8.131593704223633 6.717380046844482 -3
    vertex -10.504951477050781 -9.090737342834473 -3
  endloop
endfacet
facet normal 0 0 0
  outer loop
    vertex -5.007410526275635 -16.507221221923828 -3
    vertex -4.166776657104492 -6.236021995544434 -3
    vertex -3.535475492477417 -6.614409446716309 -3
  endloop
endfacet
facet normal 0 0 0
  outer loop
    vertex -5.007410526275635 -16.507221221923828 -3
    vertex -4.542874813079834 -5.957088470458984 -3
    vertex -4.166776657104492 -6.236021995544434 -3
  endloop
endfacet
facet normal 0 0 0
  outer loop
    vertex -5.957088470458984 -4.542874813079834 -3
    vertex -10.504951477050781 -9.090737342834473 -3
    vertex -6.236021995544434 -4.166776657104492 -3
  endloop
endfacet
facet normal 0 0 0
  outer loop
    vertex -10.504951477050781 -9.090737342834473 -3
    vertex -6.614409446716309 -3.535475492477417 -3
    vertex -6.236021995544434 -4.166776657104492 -3
  endloop
endfacet
facet normal 0 0 0
  outer loop
    vertex -10.504951477050781 -9.090737342834473 -3
    vertex -6.929096698760986 -2.8701257705688477 -3
    vertex -6.614409446716309 -3.535475492477417 -3
  endloop
endfacet
facet normal 0 0 0
  outer loop
    vertex 9.583586692810059 -14.342850685119629 -3
    vertex 5.484827518463135 -7.5 -3
    vertex 11.593145370483398 -7.5 -3
  endloop
endfacet
facet normal 0 0 0
  outer loop
    vertex 12.197591781616211 -12.197591781616211 -3
    vertex 11.593145370483398 -7.5 -3
    vertex 14.059196472167969 -9.966050148010254 -3
  endloop
endfacet
facet normal 0 0 0
  outer loop
    vertex -10.504951477050781 -9.090737342834473 -3
    vertex -7.1770524978637695 -2.1771349906921387 -3
    vertex -6.929096698760986 -2.8701257705688477 -3
  endloop
endfacet
facet normal 0 0 0
  outer loop
    vertex -10.504951477050781 -9.090737342834473 -3
    vertex -7.355889797210693 -1.4631774425506592 -3
    vertex -7.1770524978637695 -2.1771349906921387 -3
  endloop
endfacet
facet normal 0 0 0
  outer loop
    vertex -7.355889797210693 -1.4631774425506592 -3
    vertex -10.504951477050781 -9.090737342834473 -3
    vertex -7.463885307312012 -0.7351285815238953 -3
  endloop
endfacet
facet normal 0 0 0
  outer loop
    vertex -10.504951477050781 -9.090737342834473 -3
    vertex -8.131593704223633 6.717380046844482 -3
    vertex -7.463885307312012 -0.7351285815238953 -3
  endloop
endfacet
facet normal 0 0 0
  outer loop
    vertex -9.583586692810059 -14.342850685119629 -3
    vertex -9.583586692810059 -14.342850685119629 3
    vertex -10.34325122833252 -13.77944564819336 3
  endloop
endfacet
facet normal 0 0 0
  outer loop
    vertex 1.690795660018921 -17.16693687438965 -3
    vertex 1 -17.20087242126465 2
    vertex 0 -17.25 2
  endloop
endfacet
facet normal 0 0 0
  outer loop
    vertex 0 -17.25 -2
    vertex 0 -17.25 2
    vertex -1 -17.20087242126465 2
  endloop
endfacet
facet normal 0 0 0
  outer loop
    vertex 1.690795660018921 -17.16693687438965 -3
    vertex 1.690795660018921 -17.16693687438965 3
    vertex 1 -17.20087242126465 2
  endloop
endfacet
facet normal 0 0 0
  outer loop
    vertex 8.131593704223633 -15.213141441345215 -2
    vertex 8.131593704223633 -15.213141441345215 2
    vertex 7.7364983558654785 -15.400008201599121 2
  endloop
endfacet
facet normal 0 0 0
  outer loop
    vertex -5.007410526275635 -16.507221221923828 -3
    vertex -5.007410526275635 -16.507221221923828 3
    vertex -6.60128927230835 -15.936922073364258 3
  endloop
endfacet
facet normal 0 0 0
  outer loop
    vertex -3.3653080463409424 -16.918546676635742 -3
    vertex -3.3653080463409424 -16.918546676635742 3
    vertex -5.007410526275635 -16.507221221923828 3
  endloop
endfacet
facet normal 0 0 0
  outer loop
    vertex -6.60128927230835 -15.936922073364258 -3
    vertex -6.60128927230835 -15.936922073364258 3
    vertex -8.131593704223633 -15.213141441345215 3
  endloop
endfacet
facet normal 0 0 0
  outer loop
    vertex -1.690795660018921 -17.16693687438965 -3
    vertex -1.690795660018921 -17.16693687438965 3
    vertex -3.3653080463409424 -16.918546676635742 3
  endloop
endfacet
facet normal 0 0 0
  outer loop
    vertex -1.690795660018921 -17.16693687438965 3
    vertex 0 -17.25 -2
    vertex -1 -17.20087242126465 2
  endloop
endfacet
facet normal 0 0 0
  outer loop
    vertex 3.3653080463409424 -16.918546676635742 -3
    vertex 3.3653080463409424 -16.918546676635742 3
    vertex 1.690795660018921 -17.16693687438965 3
  endloop
endfacet
facet normal 0 0 0
  outer loop
    vertex 5.007410526275635 -16.507221221923828 -3
    vertex 5.007410526275635 -16.507221221923828 3
    vertex 3.3653080463409424 -16.918546676635742 3
  endloop
endfacet
facet normal 0 0 0
  outer loop
    vertex 6.60128927230835 -15.936922073364258 -3
    vertex 6.60128927230835 -15.936922073364258 3
    vertex 5.007410526275635 -16.507221221923828 3
  endloop
endfacet
facet normal 0 0 0
  outer loop
    vertex 6.60128927230835 -15.936922073364258 3
    vertex 8.131593704223633 -15.213141441345215 -2
    vertex 7.7364983558654785 -15.400008201599121 2
  endloop
endfacet
facet normal 0 0 0
  outer loop
    vertex 9.473608016967773 -14.408769607543945 -2
    vertex 9.473608016967773 -14.408769607543945 2
    vertex 8.131593704223633 -15.213141441345215 2
  endloop
endfacet
facet normal 0 0 0
  outer loop
    vertex 9.583586692810059 -14.342850685119629 -3
    vertex 9.583586692810059 -14.342850685119629 3
    vertex 9.473608016967773 -14.408769607543945 2
  endloop
endfacet
facet normal 0 0 0
  outer loop
    vertex -8.131593704223633 -15.213141441345215 -3
    vertex -8.131593704223633 -15.213141441345215 3
    vertex -9.583586692810059 -14.342850685119629 3
  endloop
endfacet
facet normal 0 0 0
  outer loop
    vertex 10.943284034729004 -13.334430694580078 -3
    vertex 10.943284034729004 -13.334430694580078 3
    vertex 9.583586692810059 -14.342850685119629 3
  endloop
endfacet
facet normal 0 0 0
  outer loop
    vertex 12.197591781616211 -12.197591781616211 -3
    vertex 12.197591781616211 -12.197591781616211 3
    vertex 10.943284034729004 -13.334430694580078 3
  endloop
endfacet
facet normal 0 0 0
  outer loop
    vertex 13.334430694580078 -10.943284034729004 -3
    vertex 13.334430694580078 -10.943284034729004 3
    vertex 12.197591781616211 -12.197591781616211 3
  endloop
endfacet
facet normal 0 0 0
  outer loop
    vertex 13.334430694580078 -10.943284034729004 -3
    vertex 14.059196472167969 -9.966050148010254 3
    vertex 13.334430694580078 -10.943284034729004 3
  endloop
endfacet
facet normal 0 0 0
  outer loop
    vertex -10.34325122833252 -13.77944564819336 3
    vertex -9.583586692810059 -14.342850685119629 3
    vertex -9.583586692810059 -13.420150756835938 3
  endloop
endfacet
facet normal 0 0 0
  outer loop
    vertex -1.690795660018921 -17.16693687438965 3
    vertex -1 -17.20087242126465 2
    vertex -1 -17.20087242126465 3
  endloop
endfacet
facet normal 0 0 0
  outer loop
    vertex 1.690795660018921 -17.16693687438965 3
    vertex 1 -17.20087242126465 3
    vertex 1 -17.20087242126465 2
  endloop
endfacet
facet normal 0 0 0
  outer loop
    vertex 6.60128927230835 -15.936922073364258 3
    vertex 7.7364983558654785 -15.400008201599121 2
    vertex 7.7364983558654785 -15.400008201599121 3
  endloop
endfacet
facet normal 0 0 0
  outer loop
    vertex -8.131593704223633 -15.213141441345215 3
    vertex -8.131593704223633 -12.600998878479004 3
    vertex -9.583586692810059 -14.342850685119629 3
  endloop
endfacet
facet normal 0 0 0
  outer loop
    vertex -8.131593704223633 -15.213141441345215 3
    vertex -6.60128927230835 -15.936922073364258 3
    vertex -7.916446685791016 -10.833720207214355 3
  endloop
endfacet
facet normal 0 0 0
  outer loop
    vertex -5.007410526275635 -16.507221221923828 3
    vertex -5.007410526275635 -9.904897689819336 3
    vertex -6.60128927230835 -15.936922073364258 3
  endloop
endfacet
facet normal 0 0 0
  outer loop
    vertex -5.007410526275635 -16.507221221923828 3
    vertex -3.3653080463409424 -16.918546676635742 3
    vertex -4.654843330383301 -9.330544471740723 3
  endloop
endfacet
facet normal 0 0 0
  outer loop
    vertex -9.583586692810059 -14.342850685119629 3
    vertex -9.441718101501465 -10.855931282043457 3
    vertex -9.583586692810059 -13.420150756835938 3
  endloop
endfacet
facet normal 0 0 0
  outer loop
    vertex -9.583586692810059 -14.342850685119629 3
    vertex -8.131593704223633 -12.600998878479004 3
    vertex -9.441718101501465 -10.855931282043457 3
  endloop
endfacet
facet normal 0 0 0
  outer loop
    vertex -8.131593704223633 -15.213141441345215 3
    vertex -7.916446685791016 -10.833720207214355 3
    vertex -8.131593704223633 -12.600998878479004 3
  endloop
endfacet
facet normal 0 0 0
  outer loop
    vertex -3.3653080463409424 -16.918546676635742 3
    vertex -1.690795660018921 -17.16693687438965 3
    vertex -2.1771349906921387 -7.1770524978637695 3
  endloop
endfacet
facet normal 0 0 0
  outer loop
    vertex -1.690795660018921 -17.16693687438965 3
    vertex -1 -17.20087242126465 3
    vertex -1 -7.424595355987549 3
  endloop
endfacet
facet normal 0 0 0
  outer loop
    vertex 1.690795660018921 -17.16693687438965 3
    vertex 1 -7.5 3
    vertex 1 -17.20087242126465 3
  endloop
endfacet
facet normal 0 0 0
  outer loop
    vertex -7.916446685791016 -10.833720207214355 3
    vertex -6.60128927230835 -15.936922073364258 3
    vertex -7.933340549468994 -9.347554206848145 3
  endloop
endfacet
facet normal 0 0 0
  outer loop
    vertex -5.007410526275635 -16.507221221923828 3
    vertex -4.654843330383301 -9.330544471740723 3
    vertex -5.007410526275635 -9.904897689819336 3
  endloop
endfacet
facet normal 0 0 0
  outer loop
    vertex -6.60128927230835 -15.936922073364258 3
    vertex -5.007410526275635 -9.904897689819336 3
    vertex -7.933340549468994 -9.347554206848145 3
  endloop
endfacet
facet normal 0 0 0
  outer loop
    vertex -8.131593704223633 -12.600998878479004 3
    vertex -8.131593704223633 -9.545806884765625 3
    vertex -9.441718101501465 -10.855931282043457 3
  endloop
endfacet
facet normal 0 0 0
  outer loop
    vertex -3.3653080463409424 -16.918546676635742 3
    vertex -3.535475492477417 -6.614409446716309 3
    vertex -4.654843330383301 -9.330544471740723 3
  endloop
endfacet
facet normal 0 0 0
  outer loop
    vertex -1.690795660018921 -17.16693687438965 3
    vertex -1 -7.424595355987549 3
    vertex -1.4631774425506592 -7.355889797210693 3
  endloop
endfacet
facet normal 0 0 0
  outer loop
    vertex -3.3653080463409424 -16.918546676635742 3
    vertex -2.1771349906921387 -7.1770524978637695 3
    vertex -2.8701257705688477 -6.929096698760986 3
  endloop
endfacet
facet normal 0 0 0
  outer loop
    vertex -3.3653080463409424 -16.918546676635742 3
    vertex -2.8701257705688477 -6.929096698760986 3
    vertex -3.535475492477417 -6.614409446716309 3
  endloop
endfacet
facet normal 0 0 0
  outer loop
    vertex -1.690795660018921 -17.16693687438965 3
    vertex -1.4631774425506592 -7.355889797210693 3
    vertex -2.1771349906921387 -7.1770524978637695 3
  endloop
endfacet
facet normal 0 0 0
  outer loop
    vertex 1.690795660018921 -17.16693687438965 3
    vertex 3.175426483154297 -7.5 3
    vertex 1 -7.5 3
  endloop
endfacet
facet normal 0 0 0
  outer loop
    vertex 1.690795660018921 -17.16693687438965 3
    vertex 3.3653080463409424 -16.918546676635742 3
    vertex 3.175426483154297 -7.5 3
  endloop
endfacet
facet normal 0 0 0
  outer loop
    vertex 3.3653080463409424 -16.918546676635742 3
    vertex 5.007410526275635 -16.507221221923828 3
    vertex 3.175426483154297 -7.5 3
  endloop
endfacet
facet normal 0 0 0
  outer loop
    vertex 5.007410526275635 -16.507221221923828 3
    vertex 6.60128927230835 -15.936922073364258 3
    vertex 3.175426483154297 -7.5 3
  endloop
endfacet
facet normal 0 0 0
  outer loop
    vertex 6.60128927230835 -15.936922073364258 3
    vertex 7.7364983558654785 -15.400008201599121 3
    vertex 3.175426483154297 -7.5 3
  endloop
endfacet
facet normal 0 0 0
  outer loop
    vertex 9.583586692810059 -14.342850685119629 3
    vertex 9.473608016967773 -14.408769607543945 3
    vertex 9.473608016967773 -14.408769607543945 2
  endloop
endfacet
facet normal 0 0 0
  outer loop
    vertex 9.583586692810059 -14.342850685119629 3
    vertex 5.484827518463135 -7.5 3
    vertex 9.473608016967773 -14.408769607543945 3
  endloop
endfacet
facet normal 0 0 0
  outer loop
    vertex 9.583586692810059 -14.342850685119629 3
    vertex 10.943284034729004 -13.334430694580078 3
    vertex 5.484827518463135 -7.5 3
  endloop
endfacet
facet normal 0 0 0
  outer loop
    vertex 10.943284034729004 -13.334430694580078 3
    vertex 12.197591781616211 -12.197591781616211 3
    vertex 5.484827518463135 -7.5 3
  endloop
endfacet
facet normal 0 0 0
  outer loop
    vertex 12.197591781616211 -12.197591781616211 3
    vertex 13.334430694580078 -10.943284034729004 3
    vertex 11.593145370483398 -7.5 3
  endloop
endfacet
facet normal 0 0 0
  outer loop
    vertex -5.007410526275635 -9.904897689819336 3
    vertex -5.007410526275635 -6.421624183654785 3
    vertex -7.933340549468994 -9.347554206848145 3
  endloop
endfacet
facet normal 0 0 0
  outer loop
    vertex -9.179048538208008 -6.108299255371094 3
    vertex -9.276066780090332 -7.861853122711182 3
    vertex -8.131593704223633 -6.717380046844482 3
  endloop
endfacet
facet normal 0 0 0
  outer loop
    vertex -4.654843330383301 -9.330544471740723 3
    vertex -3.535475492477417 -6.614409446716309 3
    vertex -4.166776657104492 -6.236021995544434 3
  endloop
endfacet
facet normal 0 0 0
  outer loop
    vertex -4.654843330383301 -9.330544471740723 3
    vertex -4.542874813079834 -5.957088470458984 3
    vertex -4.750489711761475 -6.164703369140625 3
  endloop
endfacet
facet normal 0 0 0
  outer loop
    vertex -4.654843330383301 -9.330544471740723 3
    vertex -4.166776657104492 -6.236021995544434 3
    vertex -4.542874813079834 -5.957088470458984 3
  endloop
endfacet
facet normal 0 0 0
  outer loop
    vertex -7.965131759643555 -6.550918102264404 3
    vertex -5.957088470458984 -4.542874813079834 3
    vertex -6.236021995544434 -4.166776657104492 3
  endloop
endfacet
facet normal 0 0 0
  outer loop
    vertex 12.197591781616211 -12.197591781616211 3
    vertex 11.593145370483398 -7.5 3
    vertex 5.484827518463135 -7.5 3
  endloop
endfacet
facet normal 0 0 0
  outer loop
    vertex 13.334430694580078 -10.943284034729004 3
    vertex 14.059196472167969 -9.966050148010254 3
    vertex 11.593145370483398 -7.5 3
  endloop
endfacet
facet normal 0 0 0
  outer loop
    vertex -7.965131759643555 -6.550918102264404 3
    vertex -6.236021995544434 -4.166776657104492 3
    vertex -6.614409446716309 -3.535475492477417 3
  endloop
endfacet
facet normal 0 0 0
  outer loop
    vertex -7.965131759643555 -6.550918102264404 3
    vertex -6.614409446716309 -3.535475492477417 3
    vertex -6.929096698760986 -2.8701257705688477 3
  endloop
endfacet
facet normal 0 0 0
  outer loop
    vertex -7.965131759643555 -6.550918102264404 3
    vertex -6.929096698760986 -2.8701257705688477 3
    vertex -7.1770524978637695 -2.1771349906921387 3
  endloop
endfacet
facet normal 0 0 0
  outer loop
    vertex -7.965131759643555 -6.550918102264404 3
    vertex -7.1770524978637695 -2.1771349906921387 3
    vertex -7.355889797210693 -1.4631774425506592 3
  endloop
endfacet
facet normal 0 0 0
  outer loop
    vertex -7.463885307312012 -0.7351285815238953 3
    vertex -7.965131759643555 -6.550918102264404 3
    vertex -7.355889797210693 -1.4631774425506592 3
  endloop
endfacet
facet normal 0 0 0
  outer loop
    vertex -9.179048538208008 -6.108299255371094 3
    vertex -8.131593704223633 -6.717380046844482 3
    vertex -8.131593704223633 6.717380046844482 3
  endloop
endfacet
facet normal 0 0 0
  outer loop
    vertex -7.965131759643555 -6.550918102264404 3
    vertex -7.463885307312012 -0.7351285815238953 3
    vertex -7.5 0 3
  endloop
endfacet
facet normal 0 0 0
  outer loop
    vertex -7.965131759643555 -6.550918102264404 3
    vertex -7.5 0 3
    vertex -7.463885307312012 0.7351285815238953 3
  endloop
endfacet
facet normal 0 0 0
  outer loop
    vertex -10.509748458862305 -4.509609699249268 -3
    vertex -10.943284034729004 5.033372402191162 -3
    vertex -8.131593704223633 6.717380046844482 -3
  endloop
endfacet
facet normal 0 0 0
  outer loop
    vertex -11.895730018615723 -6.053047180175781 -3
    vertex -12.197591781616211 8.20956039428711 -3
    vertex -11.895730018615723 10.481515884399414 -3
  endloop
endfacet
facet normal 0 0 0
  outer loop
    vertex -14.779743194580078 0.6904438734054565 -3
    vertex -15.213141441345215 6.105733394622803 -3
    vertex -14.779743194580078 8.854676246643066 -3
  endloop
endfacet
facet normal 0 0 0
  outer loop
    vertex -10.943284034729004 5.033372402191162 -3
    vertex -10.732767105102539 9.31855297088623 -3
    vertex -8.131593704223633 6.717380046844482 -3
  endloop
endfacet
facet normal 0 0 0
  outer loop
    vertex -15.213141441345215 6.105733394622803 -3
    vertex -15.104732513427734 8.312464714050293 -3
    vertex -14.779743194580078 8.854676246643066 -3
  endloop
endfacet
facet normal 0 0 0
  outer loop
    vertex -12.197591781616211 8.20956039428711 -3
    vertex -12.077069282531738 10.662856101989746 -3
    vertex -11.895730018615723 10.481515884399414 -3
  endloop
endfacet
facet normal 0 0 0
  outer loop
    vertex -8.131593704223633 6.717380046844482 -3
    vertex -7.5 0 -3
    vertex -7.463885307312012 -0.7351285815238953 -3
  endloop
endfacet
facet normal 0 0 0
  outer loop
    vertex -8.131593704223633 6.717380046844482 -3
    vertex -7.463885307312012 0.7351285815238953 -3
    vertex -7.5 0 -3
  endloop
endfacet
facet normal 0 0 0
  outer loop
    vertex -8.131593704223633 6.717380046844482 -3
    vertex -7.355889797210693 1.4631774425506592 -3
    vertex -7.463885307312012 0.7351285815238953 -3
  endloop
endfacet
facet normal 0 0 0
  outer loop
    vertex -8.131593704223633 6.717380046844482 -3
    vertex -7.1770524978637695 2.1771349906921387 -3
    vertex -7.355889797210693 1.4631774425506592 -3
  endloop
endfacet
facet normal 0 0 0
  outer loop
    vertex -8.131593704223633 6.717380046844482 -3
    vertex -6.929096698760986 2.8701257705688477 -3
    vertex -7.1770524978637695 2.1771349906921387 -3
  endloop
endfacet
facet normal 0 0 0
  outer loop
    vertex -8.131593704223633 6.717380046844482 -3
    vertex -6.614409446716309 3.535475492477417 -3
    vertex -6.929096698760986 2.8701257705688477 -3
  endloop
endfacet
facet normal 0 0 0
  outer loop
    vertex -8.131593704223633 6.717380046844482 -3
    vertex -6.236021995544434 4.166776657104492 -3
    vertex -6.614409446716309 3.535475492477417 -3
  endloop
endfacet
facet normal 0 0 0
  outer loop
    vertex -8.131593704223633 6.717380046844482 -3
    vertex -5.957088470458984 4.542874813079834 -3
    vertex -6.236021995544434 4.166776657104492 -3
  endloop
endfacet
facet normal 0 0 0
  outer loop
    vertex -10.600321769714355 12.014534950256348 -3
    vertex -4.166776657104492 6.236021995544434 -3
    vertex -4.542874813079834 5.957088470458984 -3
  endloop
endfacet
facet normal 0 0 0
  outer loop
    vertex -3.3653080463409424 16.918546676635742 -3
    vertex -3.535475492477417 6.614409446716309 -3
    vertex -4.166776657104492 6.236021995544434 -3
  endloop
endfacet
facet normal 0 0 0
  outer loop
    vertex 12.197591781616211 12.197591781616211 -3
    vertex 11.593145370483398 7.5 -3
    vertex 5.484827518463135 7.5 -3
  endloop
endfacet
facet normal 0 0 0
  outer loop
    vertex 13.334430694580078 10.943284034729004 -3
    vertex 14.059196472167969 9.966050148010254 -3
    vertex 11.593145370483398 7.5 -3
  endloop
endfacet
facet normal 0 0 0
  outer loop
    vertex -10.520059585571289 13.6483154296875 -3
    vertex -10.34325122833252 13.77944564819336 -3
    vertex -10.600321769714355 12.014534950256348 -3
  endloop
endfacet
facet normal 0 0 0
  outer loop
    vertex -10.34325122833252 13.77944564819336 -3
    vertex -9.583586692810059 14.342850685119629 -3
    vertex -10.600321769714355 12.014534950256348 -3
  endloop
endfacet
facet normal 0 0 0
  outer loop
    vertex -5.007410526275635 16.507221221923828 -3
    vertex -4.166776657104492 6.236021995544434 -3
    vertex -10.600321769714355 12.014534950256348 -3
  endloop
endfacet
facet normal 0 0 0
  outer loop
    vertex -3.3653080463409424 16.918546676635742 -3
    vertex -2.8701257705688477 6.929096698760986 -3
    vertex -3.535475492477417 6.614409446716309 -3
  endloop
endfacet
facet normal 0 0 0
  outer loop
    vertex -1.690795660018921 17.16693687438965 -3
    vertex -2.1771349906921387 7.1770524978637695 -3
    vertex -2.8701257705688477 6.929096698760986 -3
  endloop
endfacet
facet normal 0 0 0
  outer loop
    vertex -1.690795660018921 17.16693687438965 -3
    vertex -1.4631774425506592 7.355889797210693 -3
    vertex -2.1771349906921387 7.1770524978637695 -3
  endloop
endfacet
facet normal 0 0 0
  outer loop
    vertex -1.690795660018921 17.16693687438965 -3
    vertex -1 7.424595355987549 -3
    vertex -1.4631774425506592 7.355889797210693 -3
  endloop
endfacet
facet normal 0 0 0
  outer loop
    vertex -5.007410526275635 16.507221221923828 -3
    vertex -3.3653080463409424 16.918546676635742 -3
    vertex -4.166776657104492 6.236021995544434 -3
  endloop
endfacet
facet normal 0 0 0
  outer loop
    vertex -9.583586692810059 14.342850685119629 -3
    vertex -8.131593704223633 15.213141441345215 -3
    vertex -10.600321769714355 12.014534950256348 -3
  endloop
endfacet
facet normal 0 0 0
  outer loop
    vertex -8.131593704223633 15.213141441345215 -3
    vertex -6.60128927230835 15.936922073364258 -3
    vertex -10.600321769714355 12.014534950256348 -3
  endloop
endfacet
facet normal 0 0 0
  outer loop
    vertex -6.60128927230835 15.936922073364258 -3
    vertex -5.007410526275635 16.507221221923828 -3
    vertex -10.600321769714355 12.014534950256348 -3
  endloop
endfacet
facet normal 0 0 0
  outer loop
    vertex -3.3653080463409424 16.918546676635742 -3
    vertex -1.690795660018921 17.16693687438965 -3
    vertex -2.8701257705688477 6.929096698760986 -3
  endloop
endfacet
facet normal 0 0 0
  outer loop
    vertex -1.690795660018921 17.16693687438965 -3
    vertex -1 17.20087242126465 -3
    vertex -1 7.424595355987549 -3
  endloop
endfacet
facet normal 0 0 0
  outer loop
    vertex 1.690795660018921 17.16693687438965 -3
    vertex 1 7.5 -3
    vertex 1 17.20087242126465 -3
  endloop
endfacet
facet normal 0 0 0
  outer loop
    vertex 1.690795660018921 17.16693687438965 -3
    vertex 3.3653080463409424 16.918546676635742 -3
    vertex 1 7.5 -3
  endloop
endfacet
facet normal 0 0 0
  outer loop
    vertex 3.3653080463409424 16.918546676635742 -3
    vertex 3.175426483154297 7.5 -3
    vertex 1 7.5 -3
  endloop
endfacet
facet normal 0 0 0
  outer loop
    vertex 12.197591781616211 12.197591781616211 -3
    vertex 5.484827518463135 7.5 -3
    vertex 10.943284034729004 13.334430694580078 -3
  endloop
endfacet
facet normal 0 0 0
  outer loop
    vertex 13.334430694580078 10.943284034729004 -3
    vertex 11.593145370483398 7.5 -3
    vertex 12.197591781616211 12.197591781616211 -3
  endloop
endfacet
facet normal 0 0 0
  outer loop
    vertex 10.943284034729004 13.334430694580078 -3
    vertex 5.484827518463135 7.5 -3
    vertex 9.583586692810059 14.342850685119629 -3
  endloop
endfacet
facet normal 0 0 0
  outer loop
    vertex 9.583586692810059 14.342850685119629 -3
    vertex 5.484827518463135 7.5 -3
    vertex 9.473608016967773 14.408769607543945 -3
  endloop
endfacet
facet normal 0 0 0
  outer loop
    vertex 5.007410526275635 16.507221221923828 -3
    vertex 6.60128927230835 15.936922073364258 -3
    vertex 3.175426483154297 7.5 -3
  endloop
endfacet
facet normal 0 0 0
  outer loop
    vertex 5.007410526275635 16.507221221923828 -3
    vertex 3.175426483154297 7.5 -3
    vertex 3.3653080463409424 16.918546676635742 -3
  endloop
endfacet
facet normal 0 0 0
  outer loop
    vertex 6.60128927230835 15.936922073364258 -3
    vertex 7.7364983558654785 15.400008201599121 -3
    vertex 3.175426483154297 7.5 -3
  endloop
endfacet
facet normal 0 0 0
  outer loop
    vertex 9.583586692810059 14.342850685119629 -3
    vertex 9.473608016967773 14.408769607543945 -3
    vertex 9.473608016967773 14.408769607543945 -2
  endloop
endfacet
facet normal 0 0 0
  outer loop
    vertex -1.690795660018921 17.16693687438965 -3
    vertex -1 17.20087242126465 -2
    vertex -1 17.20087242126465 -3
  endloop
endfacet
facet normal 0 0 0
  outer loop
    vertex 1.690795660018921 17.16693687438965 -3
    vertex 1 17.20087242126465 -3
    vertex 1 17.20087242126465 -2
  endloop
endfacet
facet normal 0 0 0
  outer loop
    vertex 6.60128927230835 15.936922073364258 -3
    vertex 7.7364983558654785 15.400008201599121 -2
    vertex 7.7364983558654785 15.400008201599121 -3
  endloop
endfacet
facet normal 0 0 0
  outer loop
    vertex -10.34325122833252 13.77944564819336 -3
    vertex -9.583586692810059 14.342850685119629 3
    vertex -9.583586692810059 14.342850685119629 -3
  endloop
endfacet
facet normal 0 0 0
  outer loop
    vertex -9.583586692810059 14.342850685119629 -3
    vertex -8.131593704223633 15.213141441345215 3
    vertex -8.131593704223633 15.213141441345215 -3
  endloop
endfacet
facet normal 0 0 0
  outer loop
    vertex 13.334430694580078 10.943284034729004 -3
    vertex 13.334430694580078 10.943284034729004 3
    vertex 14.059196472167969 9.966050148010254 -3
  endloop
endfacet
facet normal 0 0 0
  outer loop
    vertex 13.334430694580078 10.943284034729004 -3
    vertex 12.197591781616211 12.197591781616211 -3
    vertex 13.334430694580078 10.943284034729004 3
  endloop
endfacet
facet normal 0 0 0
  outer loop
    vertex 10.943284034729004 13.334430694580078 -3
    vertex 9.583586692810059 14.342850685119629 -3
    vertex 10.943284034729004 13.334430694580078 3
  endloop
endfacet
facet normal 0 0 0
  outer loop
    vertex 12.197591781616211 12.197591781616211 -3
    vertex 10.943284034729004 13.334430694580078 -3
    vertex 12.197591781616211 12.197591781616211 3
  endloop
endfacet
facet normal 0 0 0
  outer loop
    vertex 9.583586692810059 14.342850685119629 -3
    vertex 9.473608016967773 14.408769607543945 -2
    vertex 9.583586692810059 14.342850685119629 3
  endloop
endfacet
facet normal 0 0 0
  outer loop
    vertex 9.473608016967773 14.408769607543945 2
    vertex 9.473608016967773 14.408769607543945 -2
    vertex 8.131593704223633 15.213141441345215 -2
  endloop
endfacet
facet normal 0 0 0
  outer loop
    vertex -8.131593704223633 15.213141441345215 -3
    vertex -6.60128927230835 15.936922073364258 3
    vertex -6.60128927230835 15.936922073364258 -3
  endloop
endfacet
facet normal 0 0 0
  outer loop
    vertex -6.60128927230835 15.936922073364258 -3
    vertex -5.007410526275635 16.507221221923828 3
    vertex -5.007410526275635 16.507221221923828 -3
  endloop
endfacet
facet normal 0 0 0
  outer loop
    vertex -5.007410526275635 16.507221221923828 -3
    vertex -3.3653080463409424 16.918546676635742 3
    vertex -3.3653080463409424 16.918546676635742 -3
  endloop
endfacet
facet normal 0 0 0
  outer loop
    vertex -3.3653080463409424 16.918546676635742 -3
    vertex -1.690795660018921 17.16693687438965 3
    vertex -1.690795660018921 17.16693687438965 -3
  endloop
endfacet
facet normal 0 0 0
  outer loop
    vertex -1.690795660018921 17.16693687438965 -3
    vertex 0 17.25 2
    vertex -1 17.20087242126465 -2
  endloop
endfacet
facet normal 0 0 0
  outer loop
    vertex 6.60128927230835 15.936922073364258 -3
    vertex 8.131593704223633 15.213141441345215 2
    vertex 7.7364983558654785 15.400008201599121 -2
  endloop
endfacet
facet normal 0 0 0
  outer loop
    vertex 5.007410526275635 16.507221221923828 -3
    vertex 6.60128927230835 15.936922073364258 3
    vertex 6.60128927230835 15.936922073364258 -3
  endloop
endfacet
facet normal 0 0 0
  outer loop
    vertex 5.007410526275635 16.507221221923828 -3
    vertex 3.3653080463409424 16.918546676635742 -3
    vertex 5.007410526275635 16.507221221923828 3
  endloop
endfacet
facet normal 0 0 0
  outer loop
    vertex 1.690795660018921 17.16693687438965 -3
    vertex 3.3653080463409424 16.918546676635742 3
    vertex 3.3653080463409424 16.918546676635742 -3
  endloop
endfacet
facet normal 0 0 0
  outer loop
    vertex 0 17.25 -2
    vertex -1 17.20087242126465 -2
    vertex 0 17.25 2
  endloop
endfacet
facet normal 0 0 0
  outer loop
    vertex 1.690795660018921 17.16693687438965 -3
    vertex 1 17.20087242126465 -2
    vertex 1.690795660018921 17.16693687438965 3
  endloop
endfacet
facet normal 0 0 0
  outer loop
    vertex 1.690795660018921 17.16693687438965 3
    vertex 1 17.20087242126465 -2
    vertex 0 17.25 -2
  endloop
endfacet
facet normal 0 0 0
  outer loop
    vertex 8.131593704223633 15.213141441345215 2
    vertex 8.131593704223633 15.213141441345215 -2
    vertex 7.7364983558654785 15.400008201599121 -2
  endloop
endfacet
facet normal 0 0 0
  outer loop
    vertex -10.509748458862305 -4.509609699249268 3
    vertex -9.583586692810059 4.994267463684082 3
    vertex -9.872668266296387 8.458455085754395 3
  endloop
endfacet
facet normal 0 0 0
  outer loop
    vertex -7.965131759643555 -6.550918102264404 3
    vertex -7.463885307312012 0.7351285815238953 3
    vertex -8.1157808303833 6.70156717300415 3
  endloop
endfacet
facet normal 0 0 0
  outer loop
    vertex -9.179048538208008 -6.108299255371094 3
    vertex -8.131593704223633 6.717380046844482 3
    vertex -9.583586692810059 4.994267463684082 3
  endloop
endfacet
facet normal 0 0 0
  outer loop
    vertex -8.1157808303833 6.70156717300415 3
    vertex -7.463885307312012 0.7351285815238953 3
    vertex -7.355889797210693 1.4631774425506592 3
  endloop
endfacet
facet normal 0 0 0
  outer loop
    vertex -8.1157808303833 6.70156717300415 3
    vertex -7.355889797210693 1.4631774425506592 3
    vertex -7.1770524978637695 2.1771349906921387 3
  endloop
endfacet
facet normal 0 0 0
  outer loop
    vertex -8.1157808303833 6.70156717300415 3
    vertex -7.1770524978637695 2.1771349906921387 3
    vertex -6.929096698760986 2.8701257705688477 3
  endloop
endfacet
facet normal 0 0 0
  outer loop
    vertex -8.1157808303833 6.70156717300415 3
    vertex -6.929096698760986 2.8701257705688477 3
    vertex -6.614409446716309 3.535475492477417 3
  endloop
endfacet
facet normal 0 0 0
  outer loop
    vertex -6.236021995544434 4.166776657104492 3
    vertex -8.1157808303833 6.70156717300415 3
    vertex -6.614409446716309 3.535475492477417 3
  endloop
endfacet
facet normal 0 0 0
  outer loop
    vertex -8.1157808303833 6.70156717300415 3
    vertex -6.236021995544434 4.166776657104492 3
    vertex -5.957088470458984 4.542874813079834 3
  endloop
endfacet
facet normal 0 0 0
  outer loop
    vertex -9.583586692810059 4.994267463684082 3
    vertex -8.131593704223633 6.717380046844482 3
    vertex -9.872668266296387 8.458455085754395 3
  endloop
endfacet
facet normal 0 0 0
  outer loop
    vertex -3.3653080463409424 16.918546676635742 3
    vertex -4.542874813079834 5.957088470458984 3
    vertex -4.166776657104492 6.236021995544434 3
  endloop
endfacet
facet normal 0 0 0
  outer loop
    vertex -3.3653080463409424 16.918546676635742 3
    vertex -4.166776657104492 6.236021995544434 3
    vertex -3.535475492477417 6.614409446716309 3
  endloop
endfacet
facet normal 0 0 0
  outer loop
    vertex 9.583586692810059 14.342850685119629 3
    vertex 5.484827518463135 7.5 3
    vertex 11.593145370483398 7.5 3
  endloop
endfacet
facet normal 0 0 0
  outer loop
    vertex 12.197591781616211 12.197591781616211 3
    vertex 11.593145370483398 7.5 3
    vertex 14.059196472167969 9.966050148010254 3
  endloop
endfacet
facet normal 0 0 0
  outer loop
    vertex -10.34325122833252 13.77944564819336 -3
    vertex -10.34325122833252 13.77944564819336 3
    vertex -9.583586692810059 14.342850685119629 3
  endloop
endfacet
facet normal 0 0 0
  outer loop
    vertex 8.131593704223633 15.213141441345215 -2
    vertex 8.131593704223633 15.213141441345215 2
    vertex 9.473608016967773 14.408769607543945 2
  endloop
endfacet
facet normal 0 0 0
  outer loop
    vertex -9.583586692810059 14.342850685119629 -3
    vertex -9.583586692810059 14.342850685119629 3
    vertex -8.131593704223633 15.213141441345215 3
  endloop
endfacet
facet normal 0 0 0
  outer loop
    vertex 13.334430694580078 10.943284034729004 3
    vertex 14.059196472167969 9.966050148010254 3
    vertex 14.059196472167969 9.966050148010254 -3
  endloop
endfacet
facet normal 0 0 0
  outer loop
    vertex 12.197591781616211 12.197591781616211 -3
    vertex 12.197591781616211 12.197591781616211 3
    vertex 13.334430694580078 10.943284034729004 3
  endloop
endfacet
facet normal 0 0 0
  outer loop
    vertex 10.943284034729004 13.334430694580078 -3
    vertex 10.943284034729004 13.334430694580078 3
    vertex 12.197591781616211 12.197591781616211 3
  endloop
endfacet
facet normal 0 0 0
  outer loop
    vertex 9.583586692810059 14.342850685119629 -3
    vertex 9.583586692810059 14.342850685119629 3
    vertex 10.943284034729004 13.334430694580078 3
  endloop
endfacet
facet normal 0 0 0
  outer loop
    vertex 9.583586692810059 14.342850685119629 3
    vertex 9.473608016967773 14.408769607543945 -2
    vertex 9.473608016967773 14.408769607543945 2
  endloop
endfacet
facet normal 0 0 0
  outer loop
    vertex -1.690795660018921 17.16693687438965 -3
    vertex -1 17.20087242126465 2
    vertex 0 17.25 2
  endloop
endfacet
facet normal 0 0 0
  outer loop
    vertex -1.690795660018921 17.16693687438965 -3
    vertex -1.690795660018921 17.16693687438965 3
    vertex -1 17.20087242126465 2
  endloop
endfacet
facet normal 0 0 0
  outer loop
    vertex 0 17.25 2
    vertex 1 17.20087242126465 2
    vertex 0 17.25 -2
  endloop
endfacet
facet normal 0 0 0
  outer loop
    vertex 6.60128927230835 15.936922073364258 -3
    vertex 7.7364983558654785 15.400008201599121 2
    vertex 8.131593704223633 15.213141441345215 2
  endloop
endfacet
facet normal 0 0 0
  outer loop
    vertex 6.60128927230835 15.936922073364258 -3
    vertex 6.60128927230835 15.936922073364258 3
    vertex 7.7364983558654785 15.400008201599121 2
  endloop
endfacet
facet normal 0 0 0
  outer loop
    vertex -8.131593704223633 15.213141441345215 -3
    vertex -8.131593704223633 15.213141441345215 3
    vertex -6.60128927230835 15.936922073364258 3
  endloop
endfacet
facet normal 0 0 0
  outer loop
    vertex -6.60128927230835 15.936922073364258 -3
    vertex -6.60128927230835 15.936922073364258 3
    vertex -5.007410526275635 16.507221221923828 3
  endloop
endfacet
facet normal 0 0 0
  outer loop
    vertex -5.007410526275635 16.507221221923828 -3
    vertex -5.007410526275635 16.507221221923828 3
    vertex -3.3653080463409424 16.918546676635742 3
  endloop
endfacet
facet normal 0 0 0
  outer loop
    vertex -3.3653080463409424 16.918546676635742 -3
    vertex -3.3653080463409424 16.918546676635742 3
    vertex -1.690795660018921 17.16693687438965 3
  endloop
endfacet
facet normal 0 0 0
  outer loop
    vertex 1.690795660018921 17.16693687438965 3
    vertex 0 17.25 -2
    vertex 1 17.20087242126465 2
  endloop
endfacet
facet normal 0 0 0
  outer loop
    vertex 3.3653080463409424 16.918546676635742 -3
    vertex 3.3653080463409424 16.918546676635742 3
    vertex 5.007410526275635 16.507221221923828 3
  endloop
endfacet
facet normal 0 0 0
  outer loop
    vertex 1.690795660018921 17.16693687438965 -3
    vertex 1.690795660018921 17.16693687438965 3
    vertex 3.3653080463409424 16.918546676635742 3
  endloop
endfacet
facet normal 0 0 0
  outer loop
    vertex 5.007410526275635 16.507221221923828 -3
    vertex 5.007410526275635 16.507221221923828 3
    vertex 6.60128927230835 15.936922073364258 3
  endloop
endfacet
facet normal 0 0 0
  outer loop
    vertex -9.627886772155762 13.441102981567383 3
    vertex -9.583586692810059 14.342850685119629 3
    vertex -10.34325122833252 13.77944564819336 3
  endloop
endfacet
facet normal 0 0 0
  outer loop
    vertex -9.627886772155762 13.441102981567383 3
    vertex -9.740222930908203 11.154437065124512 3
    vertex -4.542874813079834 5.957088470458984 3
  endloop
endfacet
facet normal 0 0 0
  outer loop
    vertex -9.627886772155762 13.441102981567383 3
    vertex -4.542874813079834 5.957088470458984 3
    vertex -9.583586692810059 14.342850685119629 3
  endloop
endfacet
facet normal 0 0 0
  outer loop
    vertex -9.583586692810059 14.342850685119629 3
    vertex -4.542874813079834 5.957088470458984 3
    vertex -8.131593704223633 15.213141441345215 3
  endloop
endfacet
facet normal 0 0 0
  outer loop
    vertex -8.131593704223633 15.213141441345215 3
    vertex -4.542874813079834 5.957088470458984 3
    vertex -6.60128927230835 15.936922073364258 3
  endloop
endfacet
facet normal 0 0 0
  outer loop
    vertex -3.3653080463409424 16.918546676635742 3
    vertex -3.535475492477417 6.614409446716309 3
    vertex -2.8701257705688477 6.929096698760986 3
  endloop
endfacet
facet normal 0 0 0
  outer loop
    vertex -3.3653080463409424 16.918546676635742 3
    vertex -2.8701257705688477 6.929096698760986 3
    vertex -2.1771349906921387 7.1770524978637695 3
  endloop
endfacet
facet normal 0 0 0
  outer loop
    vertex -1.690795660018921 17.16693687438965 3
    vertex -2.1771349906921387 7.1770524978637695 3
    vertex -1.4631774425506592 7.355889797210693 3
  endloop
endfacet
facet normal 0 0 0
  outer loop
    vertex -1 7.424595355987549 3
    vertex -1 17.20087242126465 3
    vertex -1.4631774425506592 7.355889797210693 3
  endloop
endfacet
facet normal 0 0 0
  outer loop
    vertex 1.690795660018921 17.16693687438965 3
    vertex 1 7.5 3
    vertex 3.175426483154297 7.5 3
  endloop
endfacet
facet normal 0 0 0
  outer loop
    vertex -6.60128927230835 15.936922073364258 3
    vertex -4.542874813079834 5.957088470458984 3
    vertex -5.007410526275635 16.507221221923828 3
  endloop
endfacet
facet normal 0 0 0
  outer loop
    vertex -5.007410526275635 16.507221221923828 3
    vertex -4.542874813079834 5.957088470458984 3
    vertex -3.3653080463409424 16.918546676635742 3
  endloop
endfacet
facet normal 0 0 0
  outer loop
    vertex -3.3653080463409424 16.918546676635742 3
    vertex -2.1771349906921387 7.1770524978637695 3
    vertex -1.690795660018921 17.16693687438965 3
  endloop
endfacet
facet normal 0 0 0
  outer loop
    vertex -1.690795660018921 17.16693687438965 3
    vertex -1.4631774425506592 7.355889797210693 3
    vertex -1 17.20087242126465 3
  endloop
endfacet
facet normal 0 0 0
  outer loop
    vertex 1.690795660018921 17.16693687438965 3
    vertex 1 17.20087242126465 3
    vertex 1 7.5 3
  endloop
endfacet
facet normal 0 0 0
  outer loop
    vertex 12.197591781616211 12.197591781616211 3
    vertex 10.943284034729004 13.334430694580078 3
    vertex 11.593145370483398 7.5 3
  endloop
endfacet
facet normal 0 0 0
  outer loop
    vertex 13.334430694580078 10.943284034729004 3
    vertex 12.197591781616211 12.197591781616211 3
    vertex 14.059196472167969 9.966050148010254 3
  endloop
endfacet
facet normal 0 0 0
  outer loop
    vertex 10.943284034729004 13.334430694580078 3
    vertex 9.583586692810059 14.342850685119629 3
    vertex 11.593145370483398 7.5 3
  endloop
endfacet
facet normal 0 0 0
  outer loop
    vertex 9.583586692810059 14.342850685119629 3
    vertex 9.473608016967773 14.408769607543945 3
    vertex 5.484827518463135 7.5 3
  endloop
endfacet
facet normal 0 0 0
  outer loop
    vertex 3.3653080463409424 16.918546676635742 3
    vertex 3.175426483154297 7.5 3
    vertex 7.7364983558654785 15.400008201599121 3
  endloop
endfacet
facet normal 0 0 0
  outer loop
    vertex 1.690795660018921 17.16693687438965 3
    vertex 3.175426483154297 7.5 3
    vertex 3.3653080463409424 16.918546676635742 3
  endloop
endfacet
facet normal 0 0 0
  outer loop
    vertex 9.583586692810059 14.342850685119629 3
    vertex 9.473608016967773 14.408769607543945 2
    vertex 9.473608016967773 14.408769607543945 3
  endloop
endfacet
facet normal 0 0 0
  outer loop
    vertex -1.690795660018921 17.16693687438965 3
    vertex -1 17.20087242126465 3
    vertex -1 17.20087242126465 2
  endloop
endfacet
facet normal 0 0 0
  outer loop
    vertex 1.690795660018921 17.16693687438965 3
    vertex 1 17.20087242126465 2
    vertex 1 17.20087242126465 3
  endloop
endfacet
facet normal 0 0 0
  outer loop
    vertex 6.60128927230835 15.936922073364258 3
    vertex 7.7364983558654785 15.400008201599121 3
    vertex 7.7364983558654785 15.400008201599121 2
  endloop
endfacet
facet normal 0 0 0
  outer loop
    vertex 5.007410526275635 16.507221221923828 3
    vertex 7.7364983558654785 15.400008201599121 3
    vertex 6.60128927230835 15.936922073364258 3
  endloop
endfacet
facet normal 0 0 0
  outer loop
    vertex 5.007410526275635 16.507221221923828 3
    vertex 3.3653080463409424 16.918546676635742 3
    vertex 7.7364983558654785 15.400008201599121 3
  endloop
endfacet
facet normal 0 0 0
  outer loop
    vertex -138.8038330078125 -11 -3
    vertex -145.32745361328125 -11 -3
    vertex -144.89340209960938 -10.60660171508789 -3
  endloop
endfacet
facet normal 0 0 0
  outer loop
    vertex -138.8038330078125 -11 -3
    vertex -144.89340209960938 -10.60660171508789 -3
    vertex -143.90484619140625 -9.515899658203125 -3
  endloop
endfacet
facet normal 0 0 0
  outer loop
    vertex -138.8038330078125 -11 -3
    vertex -143.90484619140625 -9.515899658203125 -3
    vertex -143.0279541015625 -8.333553314208984 -3
  endloop
endfacet
facet normal 0 0 0
  outer loop
    vertex -138.8038330078125 -11 -3
    vertex -143.0279541015625 -8.333553314208984 -3
    vertex -142.27117919921875 -7.070950984954834 -3
  endloop
endfacet
facet normal 0 0 0
  outer loop
    vertex -138.8038330078125 -11 -3
    vertex -142.27117919921875 -7.070950984954834 -3
    vertex -141.6417999267578 -5.740251541137695 -3
  endloop
endfacet
facet normal 0 0 0
  outer loop
    vertex -138.8038330078125 -11 -3
    vertex -26.42255401611328 -11 -3
    vertex -138.8038330078125 -11 3
  endloop
endfacet
facet normal 0 0 0
  outer loop
    vertex -138.8038330078125 -11 -3
    vertex -141.6417999267578 -5.740251541137695 -3
    vertex -16.049251556396484 -10.913688659667969 -3
  endloop
endfacet
facet normal 0 0 0
  outer loop
    vertex -16.049251556396484 -10.913688659667969 -3
    vertex -141.6417999267578 -5.740251541137695 -3
    vertex -141.14588928222656 -4.354269981384277 -3
  endloop
endfacet
facet normal 0 0 0
  outer loop
    vertex -16.049251556396484 -10.913688659667969 -3
    vertex -141.14588928222656 -4.354269981384277 -3
    vertex -140.78822326660156 -2.9263548851013184 -3
  endloop
endfacet
facet normal 0 0 0
  outer loop
    vertex -16.049251556396484 -10.913688659667969 -3
    vertex -140.78822326660156 -2.9263548851013184 -3
    vertex -140.57223510742188 -1.4702571630477905 -3
  endloop
endfacet
facet normal 0 0 0
  outer loop
    vertex -16.049251556396484 -10.913688659667969 -3
    vertex -140.57223510742188 -1.4702571630477905 -3
    vertex -140.5 0 -3
  endloop
endfacet
facet normal 0 0 0
  outer loop
    vertex -16.049251556396484 -10.913688659667969 -3
    vertex -140.5 0 -3
    vertex -140.57223510742188 1.4702571630477905 -3
  endloop
endfacet
facet normal 0 0 0
  outer loop
    vertex -16.049251556396484 -10.913688659667969 -3
    vertex -140.57223510742188 1.4702571630477905 -3
    vertex -140.78822326660156 2.9263548851013184 -3
  endloop
endfacet
facet normal 0 0 0
  outer loop
    vertex -16.049251556396484 -10.913688659667969 -3
    vertex -140.78822326660156 2.9263548851013184 -3
    vertex -141.14588928222656 4.354269981384277 -3
  endloop
endfacet
facet normal 0 0 0
  outer loop
    vertex -16.049251556396484 -10.913688659667969 -3
    vertex -141.14588928222656 4.354269981384277 -3
    vertex -141.6417999267578 5.740251541137695 -3
  endloop
endfacet
facet normal 0 0 0
  outer loop
    vertex -138.8038330078125 -11 3
    vertex -87.4509048461914 -9.807852745056152 3
    vertex -88.40284729003906 -9.569403648376465 3
  endloop
endfacet
facet normal 0 0 0
  outer loop
    vertex -138.8038330078125 -11 3
    vertex -85.5 -10 3
    vertex -86.48017120361328 -9.951847076416016 3
  endloop
endfacet
facet normal 0 0 0
  outer loop
    vertex -138.8038330078125 -11 3
    vertex -86.48017120361328 -9.951847076416016 3
    vertex -87.4509048461914 -9.807852745056152 3
  endloop
endfacet
facet normal 0 0 0
  outer loop
    vertex -138.8038330078125 -11 3
    vertex -26.85660171508789 -9.215391159057617 3
    vertex -85.5 -10 3
  endloop
endfacet
facet normal 0 0 0
  outer loop
    vertex -138.8038330078125 -11 3
    vertex -90.2139663696289 -8.819212913513184 3
    vertex -91.05570220947266 -8.314696311950684 3
  endloop
endfacet
facet normal 0 0 0
  outer loop
    vertex -138.8038330078125 -11 3
    vertex -89.32683563232422 -9.238795280456543 3
    vertex -90.2139663696289 -8.819212913513184 3
  endloop
endfacet
facet normal 0 0 0
  outer loop
    vertex -138.8038330078125 -11 3
    vertex -88.40284729003906 -9.569403648376465 3
    vertex -89.32683563232422 -9.238795280456543 3
  endloop
endfacet
facet normal 0 0 0
  outer loop
    vertex -138.8038330078125 -11 3
    vertex -91.05570220947266 -8.314696311950684 3
    vertex -91.84393310546875 -7.730104446411133 3
  endloop
endfacet
facet normal 0 0 0
  outer loop
    vertex -138.8038330078125 -11 3
    vertex -91.84393310546875 -7.730104446411133 3
    vertex -92.5710678100586 -7.071067810058594 3
  endloop
endfacet
facet normal 0 0 0
  outer loop
    vertex -138.8038330078125 -11 3
    vertex -92.5710678100586 -7.071067810058594 3
    vertex -93.2301025390625 -6.343932628631592 3
  endloop
endfacet
facet normal 0 0 0
  outer loop
    vertex -138.8038330078125 -11 3
    vertex -93.2301025390625 -6.343932628631592 3
    vertex -93.814697265625 -5.555702209472656 3
  endloop
endfacet
facet normal 0 0 0
  outer loop
    vertex -138.8038330078125 -11 3
    vertex -93.814697265625 -5.555702209472656 3
    vertex -94.3192138671875 -4.713967323303223 3
  endloop
endfacet
facet normal 0 0 0
  outer loop
    vertex -138.8038330078125 -11 3
    vertex -94.3192138671875 -4.713967323303223 3
    vertex -94.7387924194336 -3.8268344402313232 3
  endloop
endfacet
facet normal 0 0 0
  outer loop
    vertex -138.8038330078125 -11 3
    vertex -94.7387924194336 -3.8268344402313232 3
    vertex -95.06940460205078 -2.9028468132019043 3
  endloop
endfacet
facet normal 0 0 0
  outer loop
    vertex -138.8038330078125 -11 3
    vertex -95.06940460205078 -2.9028468132019043 3
    vertex -95.30785369873047 -1.9509031772613525 3
  endloop
endfacet
facet normal 0 0 0
  outer loop
    vertex -138.8038330078125 -11 3
    vertex -95.30785369873047 -1.9509031772613525 3
    vertex -137.861572265625 8.22824764251709 3
  endloop
endfacet
facet normal 0 0 0
  outer loop
    vertex -138.8038330078125 11 -3
    vertex -144.89340209960938 10.60660171508789 -3
    vertex -145.32745361328125 11 -3
  endloop
endfacet
facet normal 0 0 0
  outer loop
    vertex -138.8038330078125 11 -3
    vertex -143.90484619140625 9.515899658203125 -3
    vertex -144.89340209960938 10.60660171508789 -3
  endloop
endfacet
facet normal 0 0 0
  outer loop
    vertex -16.049251556396484 -10.913688659667969 -3
    vertex -141.6417999267578 5.740251541137695 -3
    vertex -142.27117919921875 7.070950984954834 -3
  endloop
endfacet
facet normal 0 0 0
  outer loop
    vertex -16.049251556396484 -10.913688659667969 -3
    vertex -142.27117919921875 7.070950984954834 -3
    vertex -143.0279541015625 8.333553314208984 -3
  endloop
endfacet
facet normal 0 0 0
  outer loop
    vertex -16.049251556396484 -10.913688659667969 -3
    vertex -143.0279541015625 8.333553314208984 -3
    vertex -143.90484619140625 9.515899658203125 -3
  endloop
endfacet
facet normal 0 0 0
  outer loop
    vertex -138.8038330078125 11 -3
    vertex -16.049251556396484 -10.913688659667969 -3
    vertex -143.90484619140625 9.515899658203125 -3
  endloop
endfacet
facet normal 0 0 0
  outer loop
    vertex -137.861572265625 8.22824764251709 3
    vertex -95.30785369873047 -1.9509031772613525 3
    vertex -95.45185089111328 -0.9801713824272156 3
  endloop
endfacet
facet normal 0 0 0
  outer loop
    vertex -137.861572265625 8.22824764251709 3
    vertex -95.45185089111328 -0.9801713824272156 3
    vertex -95.5 0 3
  endloop
endfacet
facet normal 0 0 0
  outer loop
    vertex -137.861572265625 8.22824764251709 3
    vertex -95.5 0 3
    vertex -95.45185089111328 0.9801713824272156 3
  endloop
endfacet
facet normal 0 0 0
  outer loop
    vertex -137.861572265625 8.22824764251709 3
    vertex -95.45185089111328 0.9801713824272156 3
    vertex -95.30785369873047 1.9509031772613525 3
  endloop
endfacet
facet normal 0 0 0
  outer loop
    vertex -137.861572265625 8.22824764251709 3
    vertex -95.30785369873047 1.9509031772613525 3
    vertex -95.06940460205078 2.9028468132019043 3
  endloop
endfacet
facet normal 0 0 0
  outer loop
    vertex -137.861572265625 8.22824764251709 3
    vertex -95.06940460205078 2.9028468132019043 3
    vertex -94.80000305175781 3.655778646469116 3
  endloop
endfacet
facet normal 0 0 0
  outer loop
    vertex -137.861572265625 8.22824764251709 3
    vertex -88.40284729003906 9.569403648376465 3
    vertex -137.92005920410156 8.237438201904297 3
  endloop
endfacet
facet normal 0 0 0
  outer loop
    vertex -137.92005920410156 8.237438201904297 3
    vertex -88.40284729003906 9.569403648376465 3
    vertex -138.8038330078125 11 3
  endloop
endfacet
facet normal 0 0 0
  outer loop
    vertex -137.861572265625 8.22824764251709 3
    vertex -94.80000305175781 3.655778646469116 3
    vertex -94.80000305175781 4 3
  endloop
endfacet
facet normal 0 0 0
  outer loop
    vertex -137.861572265625 8.22824764251709 3
    vertex -94.80000305175781 4 3
    vertex -94.65689086914062 4 3
  endloop
endfacet
facet normal 0 0 0
  outer loop
    vertex -137.861572265625 8.22824764251709 3
    vertex -94.65689086914062 4 3
    vertex -94.3192138671875 4.713967323303223 3
  endloop
endfacet
facet normal 0 0 0
  outer loop
    vertex -137.861572265625 8.22824764251709 3
    vertex -94.3192138671875 4.713967323303223 3
    vertex -93.814697265625 5.555702209472656 3
  endloop
endfacet
facet normal 0 0 0
  outer loop
    vertex -137.861572265625 8.22824764251709 3
    vertex -93.814697265625 5.555702209472656 3
    vertex -93.2301025390625 6.343932628631592 3
  endloop
endfacet
facet normal 0 0 0
  outer loop
    vertex -137.861572265625 8.22824764251709 3
    vertex -93.2301025390625 6.343932628631592 3
    vertex -92.5710678100586 7.071067810058594 3
  endloop
endfacet
facet normal 0 0 0
  outer loop
    vertex -137.861572265625 8.22824764251709 3
    vertex -92.5710678100586 7.071067810058594 3
    vertex -91.84393310546875 7.730104446411133 3
  endloop
endfacet
facet normal 0 0 0
  outer loop
    vertex -137.861572265625 8.22824764251709 3
    vertex -91.84393310546875 7.730104446411133 3
    vertex -91.05570220947266 8.314696311950684 3
  endloop
endfacet
facet normal 0 0 0
  outer loop
    vertex -137.861572265625 8.22824764251709 3
    vertex -91.05570220947266 8.314696311950684 3
    vertex -90.2139663696289 8.819212913513184 3
  endloop
endfacet
facet normal 0 0 0
  outer loop
    vertex -137.861572265625 8.22824764251709 3
    vertex -90.2139663696289 8.819212913513184 3
    vertex -89.32683563232422 9.238795280456543 3
  endloop
endfacet
facet normal 0 0 0
  outer loop
    vertex -137.861572265625 8.22824764251709 3
    vertex -89.32683563232422 9.238795280456543 3
    vertex -88.40284729003906 9.569403648376465 3
  endloop
endfacet
facet normal 0 0 0
  outer loop
    vertex -138.8038330078125 11 -3
    vertex -138.8038330078125 11 3
    vertex -26.42255401611328 11 3
  endloop
endfacet
facet normal 0 0 0
  outer loop
    vertex -138.8038330078125 11 3
    vertex -88.40284729003906 9.569403648376465 3
    vertex -87.4509048461914 9.807852745056152 3
  endloop
endfacet
facet normal 0 0 0
  outer loop
    vertex -138.8038330078125 11 3
    vertex -87.4509048461914 9.807852745056152 3
    vertex -86.48017120361328 9.951847076416016 3
  endloop
endfacet
facet normal 0 0 0
  outer loop
    vertex -138.8038330078125 11 3
    vertex -86.48017120361328 9.951847076416016 3
    vertex -85.5 10 3
  endloop
endfacet
facet normal 0 0 0
  outer loop
    vertex -138.8038330078125 11 3
    vertex -85.5 10 3
    vertex -26.42255401611328 11 3
  endloop
endfacet
facet normal 0 0 0
  outer loop
    vertex -138.8038330078125 -11 -3
    vertex -16.049251556396484 -10.913688659667969 -3
    vertex -26.42255401611328 -11 -3
  endloop
endfacet
facet normal 0 0 0
  outer loop
    vertex -26.42255401611328 -11 -3
    vertex -16.049251556396484 -10.913688659667969 -3
    vertex -25.765899658203125 -11 -3
  endloop
endfacet
facet normal 0 0 0
  outer loop
    vertex -25.765899658203125 -11 -3
    vertex -16.049251556396484 -10.913688659667969 -3
    vertex -16.05349349975586 -11 -3
  endloop
endfacet
facet normal 0 0 0
  outer loop
    vertex -138.8038330078125 -11 3
    vertex -26.42255401611328 -11 -3
    vertex -26.42255401611328 -11 3
  endloop
endfacet
facet normal 0 0 0
  outer loop
    vertex -138.8038330078125 -11 3
    vertex -26.42255401611328 -11 3
    vertex -26.788780212402344 -9.226048469543457 3
  endloop
endfacet
facet normal 0 0 0
  outer loop
    vertex -26.85660171508789 -9.215391159057617 3
    vertex -84.51982879638672 -9.951847076416016 3
    vertex -85.5 -10 3
  endloop
endfacet
facet normal 0 0 0
  outer loop
    vertex -26.85660171508789 -9.215391159057617 3
    vertex -83.5490951538086 -9.807852745056152 3
    vertex -84.51982879638672 -9.951847076416016 3
  endloop
endfacet
facet normal 0 0 0
  outer loop
    vertex -138.8038330078125 -11 3
    vertex -26.788780212402344 -9.226048469543457 3
    vertex -26.85660171508789 -9.215391159057617 3
  endloop
endfacet
facet normal 0 0 0
  outer loop
    vertex -26.85660171508789 -9.215391159057617 3
    vertex -82.59715270996094 -9.569403648376465 3
    vertex -83.5490951538086 -9.807852745056152 3
  endloop
endfacet
facet normal 0 0 0
  outer loop
    vertex -26.85660171508789 -9.215391159057617 3
    vertex -81.67316436767578 -9.238795280456543 3
    vertex -82.59715270996094 -9.569403648376465 3
  endloop
endfacet
facet normal 0 0 0
  outer loop
    vertex -26.85660171508789 -9.215391159057617 3
    vertex -80.7860336303711 -8.819212913513184 3
    vertex -81.67316436767578 -9.238795280456543 3
  endloop
endfacet
facet normal 0 0 0
  outer loop
    vertex -26.85660171508789 -9.215391159057617 3
    vertex -79.94429779052734 -8.314696311950684 3
    vertex -80.7860336303711 -8.819212913513184 3
  endloop
endfacet
facet normal 0 0 0
  outer loop
    vertex -26.85660171508789 -9.215391159057617 3
    vertex -79.15606689453125 -7.730104446411133 3
    vertex -79.94429779052734 -8.314696311950684 3
  endloop
endfacet
facet normal 0 0 0
  outer loop
    vertex -26.85660171508789 -9.215391159057617 3
    vertex -78.4289321899414 -7.071067810058594 3
    vertex -79.15606689453125 -7.730104446411133 3
  endloop
endfacet
facet normal 0 0 0
  outer loop
    vertex -26.85660171508789 -9.215391159057617 3
    vertex -77.7698974609375 -6.343932628631592 3
    vertex -78.4289321899414 -7.071067810058594 3
  endloop
endfacet
facet normal 0 0 0
  outer loop
    vertex -26.85660171508789 -9.215391159057617 3
    vertex -77.185302734375 -5.555702209472656 3
    vertex -77.7698974609375 -6.343932628631592 3
  endloop
endfacet
facet normal 0 0 0
  outer loop
    vertex -26.85660171508789 -9.215391159057617 3
    vertex -76.6807861328125 -4.713967323303223 3
    vertex -77.185302734375 -5.555702209472656 3
  endloop
endfacet
facet normal 0 0 0
  outer loop
    vertex -26.85660171508789 -9.215391159057617 3
    vertex -76.2612075805664 -3.8268344402313232 3
    vertex -76.6807861328125 -4.713967323303223 3
  endloop
endfacet
facet normal 0 0 0
  outer loop
    vertex -26.85660171508789 -9.215391159057617 3
    vertex -75.93059539794922 -2.9028468132019043 3
    vertex -76.2612075805664 -3.8268344402313232 3
  endloop
endfacet
facet normal 0 0 0
  outer loop
    vertex -26.85660171508789 -9.215391159057617 3
    vertex -75.69214630126953 -1.9509031772613525 3
    vertex -75.93059539794922 -2.9028468132019043 3
  endloop
endfacet
facet normal 0 0 0
  outer loop
    vertex -26.85660171508789 -9.215391159057617 3
    vertex -75.54814910888672 -0.9801713824272156 3
    vertex -75.69214630126953 -1.9509031772613525 3
  endloop
endfacet
facet normal 0 0 0
  outer loop
    vertex -26.85660171508789 -9.215391159057617 3
    vertex -75.5 0 3
    vertex -75.54814910888672 -0.9801713824272156 3
  endloop
endfacet
facet normal 0 0 0
  outer loop
    vertex -26.85660171508789 -9.215391159057617 3
    vertex -75.54814910888672 0.9801713824272156 3
    vertex -75.5 0 3
  endloop
endfacet
facet normal 0 0 0
  outer loop
    vertex -138.8038330078125 11 -3
    vertex -26.42255401611328 11 -3
    vertex -16.049251556396484 -10.913688659667969 -3
  endloop
endfacet
facet normal 0 0 0
  outer loop
    vertex -138.8038330078125 11 -3
    vertex -26.42255401611328 11 3
    vertex -26.42255401611328 11 -3
  endloop
endfacet
facet normal 0 0 0
  outer loop
    vertex -16.049251556396484 -10.913688659667969 -3
    vertex -26.42255401611328 11 -3
    vertex -25.795137405395508 11 -3
  endloop
endfacet
facet normal 0 0 0
  outer loop
    vertex -16.049251556396484 -10.913688659667969 -3
    vertex -25.795137405395508 11 -3
    vertex -17.527297973632812 11 -3
  endloop
endfacet
facet normal 0 0 0
  outer loop
    vertex -26.42255401611328 11 3
    vertex -75.69214630126953 1.9509031772613525 3
    vertex -75.54814910888672 0.9801713824272156 3
  endloop
endfacet
facet normal 0 0 0
  outer loop
    vertex -26.42255401611328 11 3
    vertex -75.93059539794922 2.9028468132019043 3
    vertex -75.69214630126953 1.9509031772613525 3
  endloop
endfacet
facet normal 0 0 0
  outer loop
    vertex -26.42255401611328 11 3
    vertex -76.19999694824219 3.655778646469116 3
    vertex -75.93059539794922 2.9028468132019043 3
  endloop
endfacet
facet normal 0 0 0
  outer loop
    vertex -26.42255401611328 11 3
    vertex -76.19999694824219 4 3
    vertex -76.19999694824219 3.655778646469116 3
  endloop
endfacet
facet normal 0 0 0
  outer loop
    vertex -26.42255401611328 11 3
    vertex -77.185302734375 5.555702209472656 3
    vertex -76.6807861328125 4.713967323303223 3
  endloop
endfacet
facet normal 0 0 0
  outer loop
    vertex -26.42255401611328 11 3
    vertex -76.34310913085938 4 3
    vertex -76.19999694824219 4 3
  endloop
endfacet
facet normal 0 0 0
  outer loop
    vertex -26.42255401611328 11 3
    vertex -76.6807861328125 4.713967323303223 3
    vertex -76.34310913085938 4 3
  endloop
endfacet
facet normal 0 0 0
  outer loop
    vertex -26.42255401611328 11 3
    vertex -81.67316436767578 9.238795280456543 3
    vertex -80.7860336303711 8.819212913513184 3
  endloop
endfacet
facet normal 0 0 0
  outer loop
    vertex -26.42255401611328 11 3
    vertex -82.59715270996094 9.569403648376465 3
    vertex -81.67316436767578 9.238795280456543 3
  endloop
endfacet
facet normal 0 0 0
  outer loop
    vertex -26.42255401611328 11 3
    vertex -77.7698974609375 6.343932628631592 3
    vertex -77.185302734375 5.555702209472656 3
  endloop
endfacet
facet normal 0 0 0
  outer loop
    vertex -26.42255401611328 11 3
    vertex -78.4289321899414 7.071067810058594 3
    vertex -77.7698974609375 6.343932628631592 3
  endloop
endfacet
facet normal 0 0 0
  outer loop
    vertex -26.42255401611328 11 3
    vertex -79.15606689453125 7.730104446411133 3
    vertex -78.4289321899414 7.071067810058594 3
  endloop
endfacet
facet normal 0 0 0
  outer loop
    vertex -26.42255401611328 11 3
    vertex -79.94429779052734 8.314696311950684 3
    vertex -79.15606689453125 7.730104446411133 3
  endloop
endfacet
facet normal 0 0 0
  outer loop
    vertex -26.42255401611328 11 3
    vertex -80.7860336303711 8.819212913513184 3
    vertex -79.94429779052734 8.314696311950684 3
  endloop
endfacet
facet normal 0 0 0
  outer loop
    vertex -26.85660171508789 -9.215391159057617 3
    vertex -26.42255401611328 11 3
    vertex -75.54814910888672 0.9801713824272156 3
  endloop
endfacet
facet normal 0 0 0
  outer loop
    vertex -26.42255401611328 11 3
    vertex -84.51982879638672 9.951847076416016 3
    vertex -83.5490951538086 9.807852745056152 3
  endloop
endfacet
facet normal 0 0 0
  outer loop
    vertex -26.42255401611328 11 3
    vertex -85.5 10 3
    vertex -84.51982879638672 9.951847076416016 3
  endloop
endfacet
facet normal 0 0 0
  outer loop
    vertex -26.42255401611328 11 3
    vertex -83.5490951538086 9.807852745056152 3
    vertex -82.59715270996094 9.569403648376465 3
  endloop
endfacet
facet normal 0 0 0
  outer loop
    vertex -25.765899658203125 -11.5951566696167 -3
    vertex -16.05349349975586 -11 -3
    vertex -24.583553314208984 -12.472043991088867 -3
  endloop
endfacet
facet normal 0 0 0
  outer loop
    vertex -25.765899658203125 -11.5951566696167 -3
    vertex -26.42255401611328 -11 -3
    vertex -25.765899658203125 -11 -3
  endloop
endfacet
facet normal 0 0 0
  outer loop
    vertex -25.765899658203125 -11.5951566696167 -3
    vertex -25.765899658203125 -11 -3
    vertex -16.05349349975586 -11 -3
  endloop
endfacet
facet normal 0 0 0
  outer loop
    vertex -17.720256805419922 -14.927770614624023 -3
    vertex -16.406524658203125 -14.992310523986816 -3
    vertex -16.406524658203125 -14.992310523986816 -2
  endloop
endfacet
facet normal 0 0 0
  outer loop
    vertex -19.176355361938477 -14.711779594421387 -3
    vertex -20.604270935058594 -14.354104995727539 -3
    vertex -16.05349349975586 -11 -3
  endloop
endfacet
facet normal 0 0 0
  outer loop
    vertex -21.990251541137695 -13.858193397521973 -3
    vertex -23.320951461791992 -13.228818893432617 -3
    vertex -16.05349349975586 -11 -3
  endloop
endfacet
facet normal 0 0 0
  outer loop
    vertex -21.990251541137695 -13.858193397521973 -3
    vertex -16.05349349975586 -11 -3
    vertex -20.604270935058594 -14.354104995727539 -3
  endloop
endfacet
facet normal 0 0 0
  outer loop
    vertex -19.176355361938477 -14.711779594421387 -3
    vertex -16.05349349975586 -11 -3
    vertex -17.720256805419922 -14.927770614624023 -3
  endloop
endfacet
facet normal 0 0 0
  outer loop
    vertex -17.720256805419922 -14.927770614624023 -3
    vertex -16.05349349975586 -11 -3
    vertex -16.406524658203125 -14.992310523986816 -3
  endloop
endfacet
facet normal 0 0 0
  outer loop
    vertex -16.05349349975586 -11 -3
    vertex -15.155108451843262 -13.74089527130127 -3
    vertex -16.406524658203125 -14.992310523986816 -3
  endloop
endfacet
facet normal 0 0 0
  outer loop
    vertex -10.509748458862305 -13.858193397521973 -3
    vertex -10.500163078308105 -13.663071632385254 -3
    vertex -10.34325122833252 -13.77944564819336 -3
  endloop
endfacet
facet normal 0 0 0
  outer loop
    vertex -11.895730018615723 -14.354104995727539 -3
    vertex -13.288849830627441 -14.703063011169434 -2
    vertex -13.288849830627441 -14.703063011169434 -3
  endloop
endfacet
facet normal 0 0 0
  outer loop
    vertex -11.895730018615723 -14.354104995727539 -3
    vertex -13.288849830627441 -14.703063011169434 -3
    vertex -10.501992225646973 -11.916205406188965 -3
  endloop
endfacet
facet normal 0 0 0
  outer loop
    vertex -11.895730018615723 -14.354104995727539 -3
    vertex -10.501992225646973 -11.916205406188965 -3
    vertex -10.509748458862305 -13.858193397521973 -3
  endloop
endfacet
facet normal 0 0 0
  outer loop
    vertex -10.509748458862305 -13.858193397521973 -3
    vertex -10.501992225646973 -11.916205406188965 -3
    vertex -10.500163078308105 -13.663071632385254 -3
  endloop
endfacet
facet normal 0 0 0
  outer loop
    vertex -23.320951461791992 -13.228818893432617 -3
    vertex -24.583553314208984 -12.472043991088867 -3
    vertex -16.05349349975586 -11 -3
  endloop
endfacet
facet normal 0 0 0
  outer loop
    vertex -16.05349349975586 -11 -3
    vertex -16.049251556396484 -10.913688659667969 -3
    vertex -15.155108451843262 -13.74089527130127 -3
  endloop
endfacet
facet normal 0 0 0
  outer loop
    vertex -13.148584365844727 -11.148333549499512 -3
    vertex -15.155108451843262 -13.74089527130127 -3
    vertex -13.32364559173584 -10.723747253417969 -3
  endloop
endfacet
facet normal 0 0 0
  outer loop
    vertex -13.148584365844727 -11.148333549499512 -3
    vertex -11.836191177368164 -10.421977043151855 -3
    vertex -15.155108451843262 -13.74089527130127 -3
  endloop
endfacet
facet normal 0 0 0
  outer loop
    vertex -21.990251541137695 -13.858193397521973 -3
    vertex -20.604270935058594 -14.354104995727539 -3
    vertex -21.990251541137695 -13.858193397521973 3
  endloop
endfacet
facet normal 0 0 0
  outer loop
    vertex -21.990251541137695 -13.858193397521973 -3
    vertex -23.320951461791992 -13.228818893432617 3
    vertex -23.320951461791992 -13.228818893432617 -3
  endloop
endfacet
facet normal 0 0 0
  outer loop
    vertex -23.320951461791992 -13.228818893432617 -3
    vertex -24.583553314208984 -12.472043991088867 3
    vertex -24.583553314208984 -12.472043991088867 -3
  endloop
endfacet
facet normal 0 0 0
  outer loop
    vertex -25.765899658203125 -11.5951566696167 -3
    vertex -24.583553314208984 -12.472043991088867 -3
    vertex -25.765899658203125 -11.5951566696167 3
  endloop
endfacet
facet normal 0 0 0
  outer loop
    vertex -25.765899658203125 -11.5951566696167 -3
    vertex -25.765899658203125 -11.5951566696167 3
    vertex -26.42255401611328 -11 -3
  endloop
endfacet
facet normal 0 0 0
  outer loop
    vertex -19.176355361938477 -14.711779594421387 -3
    vertex -20.604270935058594 -14.354104995727539 3
    vertex -20.604270935058594 -14.354104995727539 -3
  endloop
endfacet
facet normal 0 0 0
  outer loop
    vertex -19.176355361938477 -14.711779594421387 -3
    vertex -17.720256805419922 -14.927770614624023 -3
    vertex -19.176355361938477 -14.711779594421387 3
  endloop
endfacet
facet normal 0 0 0
  outer loop
    vertex -11.895730018615723 -14.354104995727539 -3
    vertex -13.288849830627441 -14.703063011169434 2
    vertex -13.288849830627441 -14.703063011169434 -2
  endloop
endfacet
facet normal 0 0 0
  outer loop
    vertex -11.895730018615723 -14.354104995727539 -3
    vertex -10.509748458862305 -13.858193397521973 -3
    vertex -11.895730018615723 -14.354104995727539 3
  endloop
endfacet
facet normal 0 0 0
  outer loop
    vertex -10.509748458862305 -13.858193397521973 -3
    vertex -10.34325122833252 -13.77944564819336 -3
    vertex -10.34325122833252 -13.77944564819336 3
  endloop
endfacet
facet normal 0 0 0
  outer loop
    vertex -17.720256805419922 -14.927770614624023 -3
    vertex -16.406524658203125 -14.992310523986816 -2
    vertex -17.720256805419922 -14.927770614624023 3
  endloop
endfacet
facet normal 0 0 0
  outer loop
    vertex -16.406524658203125 -14.992310523986816 -2
    vertex -16.25 -15 -2
    vertex -16.406524658203125 -14.992310523986816 2
  endloop
endfacet
facet normal 0 0 0
  outer loop
    vertex -16.25 -15 2
    vertex -16.25 -15 -2
    vertex -14.779743194580078 -14.927770614624023 -2
  endloop
endfacet
facet normal 0 0 0
  outer loop
    vertex -13.32364559173584 -14.711779594421387 -2
    vertex -14.779743194580078 -14.927770614624023 2
    vertex -14.779743194580078 -14.927770614624023 -2
  endloop
endfacet
facet normal 0 0 0
  outer loop
    vertex -13.32364559173584 -14.711779594421387 -2
    vertex -13.288849830627441 -14.703063011169434 -2
    vertex -13.288849830627441 -14.703063011169434 2
  endloop
endfacet
facet normal 0 0 0
  outer loop
    vertex -13.148584365844727 -11.148333549499512 -3
    vertex -11.895730018615723 -6.053047180175781 -3
    vertex -11.836191177368164 -10.421977043151855 -3
  endloop
endfacet
facet normal 0 0 0
  outer loop
    vertex -13.32364559173584 -10.723747253417969 -3
    vertex -15.155108451843262 -13.74089527130127 -3
    vertex -14.779743194580078 0.6904438734054565 -3
  endloop
endfacet
facet normal 0 0 0
  outer loop
    vertex -10.509748458862305 -4.509609699249268 -3
    vertex -10.504951477050781 -9.090737342834473 -3
    vertex -11.695652961730957 -10.281438827514648 -3
  endloop
endfacet
facet normal 0 0 0
  outer loop
    vertex -16.049251556396484 -10.913688659667969 -3
    vertex -15.213141441345215 6.105733394622803 -3
    vertex -15.155108451843262 -13.74089527130127 -3
  endloop
endfacet
facet normal 0 0 0
  outer loop
    vertex -10.509748458862305 -4.509609699249268 -3
    vertex -11.695652961730957 -10.281438827514648 -3
    vertex -10.943284034729004 5.033372402191162 -3
  endloop
endfacet
facet normal 0 0 0
  outer loop
    vertex -13.148584365844727 -11.148333549499512 -3
    vertex -12.197591781616211 8.20956039428711 -3
    vertex -11.895730018615723 -6.053047180175781 -3
  endloop
endfacet
facet normal 0 0 0
  outer loop
    vertex -14.779743194580078 0.6904438734054565 -3
    vertex -15.155108451843262 -13.74089527130127 -3
    vertex -15.213141441345215 6.105733394622803 -3
  endloop
endfacet
facet normal 0 0 0
  outer loop
    vertex -13.32364559173584 -10.723747253417969 -3
    vertex -14.779743194580078 0.6904438734054565 -3
    vertex -14.779743194580078 8.854676246643066 -3
  endloop
endfacet
facet normal 0 0 0
  outer loop
    vertex -16.25 -15 2
    vertex -16.406524658203125 -14.992310523986816 2
    vertex -16.25 -15 -2
  endloop
endfacet
facet normal 0 0 0
  outer loop
    vertex -14.779743194580078 -14.927770614624023 -2
    vertex -14.779743194580078 -14.927770614624023 2
    vertex -16.25 -15 2
  endloop
endfacet
facet normal 0 0 0
  outer loop
    vertex -13.32364559173584 -14.711779594421387 -2
    vertex -13.32364559173584 -14.711779594421387 2
    vertex -14.779743194580078 -14.927770614624023 2
  endloop
endfacet
facet normal 0 0 0
  outer loop
    vertex -13.32364559173584 -14.711779594421387 -2
    vertex -13.288849830627441 -14.703063011169434 2
    vertex -13.32364559173584 -14.711779594421387 2
  endloop
endfacet
facet normal 0 0 0
  outer loop
    vertex -11.895730018615723 -14.354104995727539 -3
    vertex -11.895730018615723 -14.354104995727539 3
    vertex -13.288849830627441 -14.703063011169434 2
  endloop
endfacet
facet normal 0 0 0
  outer loop
    vertex -21.990251541137695 -13.858193397521973 -3
    vertex -21.990251541137695 -13.858193397521973 3
    vertex -23.320951461791992 -13.228818893432617 3
  endloop
endfacet
facet normal 0 0 0
  outer loop
    vertex -23.320951461791992 -13.228818893432617 -3
    vertex -23.320951461791992 -13.228818893432617 3
    vertex -24.583553314208984 -12.472043991088867 3
  endloop
endfacet
facet normal 0 0 0
  outer loop
    vertex -24.583553314208984 -12.472043991088867 -3
    vertex -24.583553314208984 -12.472043991088867 3
    vertex -25.765899658203125 -11.5951566696167 3
  endloop
endfacet
facet normal 0 0 0
  outer loop
    vertex -26.42255401611328 -11 -3
    vertex -25.765899658203125 -11.5951566696167 3
    vertex -26.42255401611328 -11 3
  endloop
endfacet
facet normal 0 0 0
  outer loop
    vertex -19.176355361938477 -14.711779594421387 -3
    vertex -19.176355361938477 -14.711779594421387 3
    vertex -20.604270935058594 -14.354104995727539 3
  endloop
endfacet
facet normal 0 0 0
  outer loop
    vertex -20.604270935058594 -14.354104995727539 -3
    vertex -20.604270935058594 -14.354104995727539 3
    vertex -21.990251541137695 -13.858193397521973 3
  endloop
endfacet
facet normal 0 0 0
  outer loop
    vertex -17.720256805419922 -14.927770614624023 -3
    vertex -17.720256805419922 -14.927770614624023 3
    vertex -19.176355361938477 -14.711779594421387 3
  endloop
endfacet
facet normal 0 0 0
  outer loop
    vertex -17.720256805419922 -14.927770614624023 3
    vertex -16.406524658203125 -14.992310523986816 -2
    vertex -16.406524658203125 -14.992310523986816 2
  endloop
endfacet
facet normal 0 0 0
  outer loop
    vertex -10.509748458862305 -13.858193397521973 -3
    vertex -10.509748458862305 -13.858193397521973 3
    vertex -11.895730018615723 -14.354104995727539 3
  endloop
endfacet
facet normal 0 0 0
  outer loop
    vertex -10.509748458862305 -13.858193397521973 -3
    vertex -10.34325122833252 -13.77944564819336 3
    vertex -10.509748458862305 -13.858193397521973 3
  endloop
endfacet
facet normal 0 0 0
  outer loop
    vertex -25.765899658203125 -11.5951566696167 3
    vertex -26.788780212402344 -9.226048469543457 3
    vertex -26.42255401611328 -11 3
  endloop
endfacet
facet normal 0 0 0
  outer loop
    vertex -17.720256805419922 -14.927770614624023 3
    vertex -16.406524658203125 -14.992310523986816 2
    vertex -16.406524658203125 -14.992310523986816 3
  endloop
endfacet
facet normal 0 0 0
  outer loop
    vertex -11.895730018615723 -14.354104995727539 3
    vertex -13.288849830627441 -14.703063011169434 3
    vertex -13.288849830627441 -14.703063011169434 2
  endloop
endfacet
facet normal 0 0 0
  outer loop
    vertex -11.895730018615723 -14.354104995727539 3
    vertex -10.509748458862305 -13.858193397521973 3
    vertex -13.288849830627441 -14.703063011169434 3
  endloop
endfacet
facet normal 0 0 0
  outer loop
    vertex -10.509748458862305 -13.858193397521973 3
    vertex -10.34325122833252 -13.77944564819336 3
    vertex -13.288849830627441 -14.703063011169434 3
  endloop
endfacet
facet normal 0 0 0
  outer loop
    vertex -10.34325122833252 -13.77944564819336 3
    vertex -9.583586692810059 -13.420150756835938 3
    vertex -13.288849830627441 -14.703063011169434 3
  endloop
endfacet
facet normal 0 0 0
  outer loop
    vertex -9.583586692810059 -13.420150756835938 3
    vertex -9.441718101501465 -10.855931282043457 3
    vertex -13.288849830627441 -14.703063011169434 3
  endloop
endfacet
facet normal 0 0 0
  outer loop
    vertex -8.131593704223633 -12.600998878479004 3
    vertex -7.916446685791016 -10.833720207214355 3
    vertex -8.131593704223633 -9.545806884765625 3
  endloop
endfacet
facet normal 0 0 0
  outer loop
    vertex -10.509748458862305 -4.509609699249268 3
    vertex -16.406524658203125 -14.992310523986816 3
    vertex -9.276066780090332 -7.861853122711182 3
  endloop
endfacet
facet normal 0 0 0
  outer loop
    vertex -25.765899658203125 -11.5951566696167 3
    vertex -24.583553314208984 -12.472043991088867 3
    vertex -24.583553314208984 12.472043991088867 3
  endloop
endfacet
facet normal 0 0 0
  outer loop
    vertex -21.990251541137695 -13.858193397521973 3
    vertex -21.990251541137695 13.858193397521973 3
    vertex -23.320951461791992 -13.228818893432617 3
  endloop
endfacet
facet normal 0 0 0
  outer loop
    vertex -23.320951461791992 -13.228818893432617 3
    vertex -23.320951461791992 13.228818893432617 3
    vertex -24.583553314208984 -12.472043991088867 3
  endloop
endfacet
facet normal 0 0 0
  outer loop
    vertex -25.765899658203125 -11.5951566696167 3
    vertex -25.765899658203125 11.5951566696167 3
    vertex -26.788780212402344 -9.226048469543457 3
  endloop
endfacet
facet normal 0 0 0
  outer loop
    vertex -26.788780212402344 -9.226048469543457 3
    vertex -26.42255401611328 11 3
    vertex -26.85660171508789 -9.215391159057617 3
  endloop
endfacet
facet normal 0 0 0
  outer loop
    vertex -21.990251541137695 -13.858193397521973 3
    vertex -20.604270935058594 -14.354104995727539 3
    vertex -20.604270935058594 14.354104995727539 3
  endloop
endfacet
facet normal 0 0 0
  outer loop
    vertex -19.176355361938477 -14.711779594421387 3
    vertex -19.176355361938477 14.711779594421387 3
    vertex -20.604270935058594 -14.354104995727539 3
  endloop
endfacet
facet normal 0 0 0
  outer loop
    vertex -19.176355361938477 -14.711779594421387 3
    vertex -17.720256805419922 -14.927770614624023 3
    vertex -17.720256805419922 14.927770614624023 3
  endloop
endfacet
facet normal 0 0 0
  outer loop
    vertex -17.720256805419922 -14.927770614624023 3
    vertex -16.406524658203125 -14.992310523986816 3
    vertex -16.406524658203125 14.992310523986816 3
  endloop
endfacet
facet normal 0 0 0
  outer loop
    vertex -10.509748458862305 -4.509609699249268 3
    vertex -16.406524658203125 14.992310523986816 3
    vertex -16.406524658203125 -14.992310523986816 3
  endloop
endfacet
facet normal 0 0 0
  outer loop
    vertex -10.509748458862305 -4.509609699249268 3
    vertex -9.276066780090332 -7.861853122711182 3
    vertex -9.583586692810059 4.994267463684082 3
  endloop
endfacet
facet normal 0 0 0
  outer loop
    vertex -7.916446685791016 -10.833720207214355 3
    vertex -7.933340549468994 -9.347554206848145 3
    vertex -8.131593704223633 -9.545806884765625 3
  endloop
endfacet
facet normal 0 0 0
  outer loop
    vertex -5.007410526275635 -9.904897689819336 3
    vertex -4.654843330383301 -9.330544471740723 3
    vertex -5.007410526275635 -6.421624183654785 3
  endloop
endfacet
facet normal 0 0 0
  outer loop
    vertex -4.654843330383301 -9.330544471740723 3
    vertex -4.750489711761475 -6.164703369140625 3
    vertex -5.007410526275635 -6.421624183654785 3
  endloop
endfacet
facet normal 0 0 0
  outer loop
    vertex -9.179048538208008 -6.108299255371094 3
    vertex -9.583586692810059 4.994267463684082 3
    vertex -9.276066780090332 -7.861853122711182 3
  endloop
endfacet
facet normal 0 0 0
  outer loop
    vertex -7.965131759643555 -6.550918102264404 3
    vertex -8.131593704223633 6.717380046844482 3
    vertex -8.131593704223633 -6.717380046844482 3
  endloop
endfacet
facet normal 0 0 0
  outer loop
    vertex -16.049251556396484 -10.913688659667969 -3
    vertex -17.527297973632812 11 -3
    vertex -15.213141441345215 6.105733394622803 -3
  endloop
endfacet
facet normal 0 0 0
  outer loop
    vertex -13.32364559173584 -10.723747253417969 -3
    vertex -14.779743194580078 8.854676246643066 -3
    vertex -12.077069282531738 10.662856101989746 -3
  endloop
endfacet
facet normal 0 0 0
  outer loop
    vertex -13.32364559173584 -10.723747253417969 -3
    vertex -12.077069282531738 10.662856101989746 -3
    vertex -12.197591781616211 8.20956039428711 -3
  endloop
endfacet
facet normal 0 0 0
  outer loop
    vertex -11.895730018615723 -6.053047180175781 -3
    vertex -11.895730018615723 10.481515884399414 -3
    vertex -10.943284034729004 5.033372402191162 -3
  endloop
endfacet
facet normal 0 0 0
  outer loop
    vertex -15.213141441345215 6.105733394622803 -3
    vertex -16.406524658203125 14.992310523986816 -3
    vertex -15.104732513427734 8.312464714050293 -3
  endloop
endfacet
facet normal 0 0 0
  outer loop
    vertex -10.943284034729004 5.033372402191162 -3
    vertex -11.895730018615723 10.481515884399414 -3
    vertex -10.732767105102539 9.31855297088623 -3
  endloop
endfacet
facet normal 0 0 0
  outer loop
    vertex -26.42255401611328 11 -3
    vertex -25.765899658203125 11.5951566696167 -3
    vertex -25.795137405395508 11 -3
  endloop
endfacet
facet normal 0 0 0
  outer loop
    vertex -25.795137405395508 11 -3
    vertex -25.765899658203125 11.5951566696167 -3
    vertex -24.583553314208984 12.472043991088867 -3
  endloop
endfacet
facet normal 0 0 0
  outer loop
    vertex -25.795137405395508 11 -3
    vertex -24.583553314208984 12.472043991088867 -3
    vertex -23.320951461791992 13.228818893432617 -3
  endloop
endfacet
facet normal 0 0 0
  outer loop
    vertex -25.795137405395508 11 -3
    vertex -23.320951461791992 13.228818893432617 -3
    vertex -21.990251541137695 13.858193397521973 -3
  endloop
endfacet
facet normal 0 0 0
  outer loop
    vertex -25.795137405395508 11 -3
    vertex -21.990251541137695 13.858193397521973 -3
    vertex -20.604270935058594 14.354104995727539 -3
  endloop
endfacet
facet normal 0 0 0
  outer loop
    vertex -25.795137405395508 11 -3
    vertex -20.604270935058594 14.354104995727539 -3
    vertex -19.176355361938477 14.711779594421387 -3
  endloop
endfacet
facet normal 0 0 0
  outer loop
    vertex -15.213141441345215 6.105733394622803 -3
    vertex -17.527297973632812 11 -3
    vertex -17.720256805419922 14.927770614624023 -3
  endloop
endfacet
facet normal 0 0 0
  outer loop
    vertex -25.795137405395508 11 -3
    vertex -17.720256805419922 14.927770614624023 -3
    vertex -17.527297973632812 11 -3
  endloop
endfacet
facet normal 0 0 0
  outer loop
    vertex -15.213141441345215 6.105733394622803 -3
    vertex -17.720256805419922 14.927770614624023 -3
    vertex -16.406524658203125 14.992310523986816 -3
  endloop
endfacet
facet normal 0 0 0
  outer loop
    vertex -15.104732513427734 8.312464714050293 -3
    vertex -16.406524658203125 14.992310523986816 -3
    vertex -14.779743194580078 8.854676246643066 -3
  endloop
endfacet
facet normal 0 0 0
  outer loop
    vertex -14.779743194580078 8.854676246643066 -3
    vertex -16.406524658203125 14.992310523986816 -3
    vertex -12.077069282531738 10.662856101989746 -3
  endloop
endfacet
facet normal 0 0 0
  outer loop
    vertex -25.795137405395508 11 -3
    vertex -19.176355361938477 14.711779594421387 -3
    vertex -17.720256805419922 14.927770614624023 -3
  endloop
endfacet
facet normal 0 0 0
  outer loop
    vertex -17.720256805419922 14.927770614624023 -3
    vertex -16.406524658203125 14.992310523986816 -2
    vertex -16.406524658203125 14.992310523986816 -3
  endloop
endfacet
facet normal 0 0 0
  outer loop
    vertex -10.520059585571289 13.6483154296875 -3
    vertex -10.600321769714355 12.014534950256348 -3
    vertex -13.288849830627441 14.703063011169434 -3
  endloop
endfacet
facet normal 0 0 0
  outer loop
    vertex -10.520059585571289 13.6483154296875 -3
    vertex -13.288849830627441 14.703063011169434 -3
    vertex -11.895730018615723 14.354104995727539 -3
  endloop
endfacet
facet normal 0 0 0
  outer loop
    vertex -10.520059585571289 13.6483154296875 -3
    vertex -10.509748458862305 13.858193397521973 -3
    vertex -10.34325122833252 13.77944564819336 -3
  endloop
endfacet
facet normal 0 0 0
  outer loop
    vertex -10.520059585571289 13.6483154296875 -3
    vertex -11.895730018615723 14.354104995727539 -3
    vertex -10.509748458862305 13.858193397521973 -3
  endloop
endfacet
facet normal 0 0 0
  outer loop
    vertex -11.895730018615723 14.354104995727539 -3
    vertex -13.288849830627441 14.703063011169434 -3
    vertex -13.288849830627441 14.703063011169434 -2
  endloop
endfacet
facet normal 0 0 0
  outer loop
    vertex -26.42255401611328 11 -3
    vertex -26.42255401611328 11 3
    vertex -25.765899658203125 11.5951566696167 -3
  endloop
endfacet
facet normal 0 0 0
  outer loop
    vertex -25.765899658203125 11.5951566696167 -3
    vertex -24.583553314208984 12.472043991088867 3
    vertex -24.583553314208984 12.472043991088867 -3
  endloop
endfacet
facet normal 0 0 0
  outer loop
    vertex -24.583553314208984 12.472043991088867 -3
    vertex -23.320951461791992 13.228818893432617 3
    vertex -23.320951461791992 13.228818893432617 -3
  endloop
endfacet
facet normal 0 0 0
  outer loop
    vertex -23.320951461791992 13.228818893432617 -3
    vertex -21.990251541137695 13.858193397521973 3
    vertex -21.990251541137695 13.858193397521973 -3
  endloop
endfacet
facet normal 0 0 0
  outer loop
    vertex -21.990251541137695 13.858193397521973 -3
    vertex -20.604270935058594 14.354104995727539 3
    vertex -20.604270935058594 14.354104995727539 -3
  endloop
endfacet
facet normal 0 0 0
  outer loop
    vertex -20.604270935058594 14.354104995727539 -3
    vertex -19.176355361938477 14.711779594421387 3
    vertex -19.176355361938477 14.711779594421387 -3
  endloop
endfacet
facet normal 0 0 0
  outer loop
    vertex -19.176355361938477 14.711779594421387 -3
    vertex -17.720256805419922 14.927770614624023 3
    vertex -17.720256805419922 14.927770614624023 -3
  endloop
endfacet
facet normal 0 0 0
  outer loop
    vertex -17.720256805419922 14.927770614624023 -3
    vertex -16.406524658203125 14.992310523986816 2
    vertex -16.406524658203125 14.992310523986816 -2
  endloop
endfacet
facet normal 0 0 0
  outer loop
    vertex -10.34325122833252 13.77944564819336 -3
    vertex -10.509748458862305 13.858193397521973 -3
    vertex -10.509748458862305 13.858193397521973 3
  endloop
endfacet
facet normal 0 0 0
  outer loop
    vertex -11.895730018615723 14.354104995727539 -3
    vertex -10.509748458862305 13.858193397521973 3
    vertex -10.509748458862305 13.858193397521973 -3
  endloop
endfacet
facet normal 0 0 0
  outer loop
    vertex -16.25 15 -2
    vertex -16.406524658203125 14.992310523986816 -2
    vertex -16.25 15 2
  endloop
endfacet
facet normal 0 0 0
  outer loop
    vertex -16.25 15 -2
    vertex -14.779743194580078 14.927770614624023 2
    vertex -14.779743194580078 14.927770614624023 -2
  endloop
endfacet
facet normal 0 0 0
  outer loop
    vertex -13.32364559173584 14.711779594421387 -2
    vertex -14.779743194580078 14.927770614624023 -2
    vertex -13.32364559173584 14.711779594421387 2
  endloop
endfacet
facet normal 0 0 0
  outer loop
    vertex -13.32364559173584 14.711779594421387 -2
    vertex -13.32364559173584 14.711779594421387 2
    vertex -13.288849830627441 14.703063011169434 -2
  endloop
endfacet
facet normal 0 0 0
  outer loop
    vertex -11.895730018615723 14.354104995727539 -3
    vertex -13.288849830627441 14.703063011169434 -2
    vertex -11.895730018615723 14.354104995727539 3
  endloop
endfacet
facet normal 0 0 0
  outer loop
    vertex -25.765899658203125 -11.5951566696167 3
    vertex -24.583553314208984 12.472043991088867 3
    vertex -25.765899658203125 11.5951566696167 3
  endloop
endfacet
facet normal 0 0 0
  outer loop
    vertex -26.788780212402344 -9.226048469543457 3
    vertex -25.765899658203125 11.5951566696167 3
    vertex -26.42255401611328 11 3
  endloop
endfacet
facet normal 0 0 0
  outer loop
    vertex -24.583553314208984 -12.472043991088867 3
    vertex -23.320951461791992 13.228818893432617 3
    vertex -24.583553314208984 12.472043991088867 3
  endloop
endfacet
facet normal 0 0 0
  outer loop
    vertex -23.320951461791992 -13.228818893432617 3
    vertex -21.990251541137695 13.858193397521973 3
    vertex -23.320951461791992 13.228818893432617 3
  endloop
endfacet
facet normal 0 0 0
  outer loop
    vertex -21.990251541137695 -13.858193397521973 3
    vertex -20.604270935058594 14.354104995727539 3
    vertex -21.990251541137695 13.858193397521973 3
  endloop
endfacet
facet normal 0 0 0
  outer loop
    vertex -20.604270935058594 -14.354104995727539 3
    vertex -19.176355361938477 14.711779594421387 3
    vertex -20.604270935058594 14.354104995727539 3
  endloop
endfacet
facet normal 0 0 0
  outer loop
    vertex -19.176355361938477 -14.711779594421387 3
    vertex -17.720256805419922 14.927770614624023 3
    vertex -19.176355361938477 14.711779594421387 3
  endloop
endfacet
facet normal 0 0 0
  outer loop
    vertex -17.720256805419922 -14.927770614624023 3
    vertex -16.406524658203125 14.992310523986816 3
    vertex -17.720256805419922 14.927770614624023 3
  endloop
endfacet
facet normal 0 0 0
  outer loop
    vertex -10.509748458862305 -4.509609699249268 3
    vertex -9.872668266296387 8.458455085754395 3
    vertex -16.406524658203125 14.992310523986816 3
  endloop
endfacet
facet normal 0 0 0
  outer loop
    vertex -7.965131759643555 -6.550918102264404 3
    vertex -8.1157808303833 6.70156717300415 3
    vertex -8.131593704223633 6.717380046844482 3
  endloop
endfacet
facet normal 0 0 0
  outer loop
    vertex -17.720256805419922 14.927770614624023 -3
    vertex -17.720256805419922 14.927770614624023 3
    vertex -16.406524658203125 14.992310523986816 2
  endloop
endfacet
facet normal 0 0 0
  outer loop
    vertex -16.25 15 2
    vertex -16.406524658203125 14.992310523986816 -2
    vertex -16.406524658203125 14.992310523986816 2
  endloop
endfacet
facet normal 0 0 0
  outer loop
    vertex -16.25 15 -2
    vertex -16.25 15 2
    vertex -14.779743194580078 14.927770614624023 2
  endloop
endfacet
facet normal 0 0 0
  outer loop
    vertex -14.779743194580078 14.927770614624023 -2
    vertex -14.779743194580078 14.927770614624023 2
    vertex -13.32364559173584 14.711779594421387 2
  endloop
endfacet
facet normal 0 0 0
  outer loop
    vertex -13.32364559173584 14.711779594421387 2
    vertex -13.288849830627441 14.703063011169434 2
    vertex -13.288849830627441 14.703063011169434 -2
  endloop
endfacet
facet normal 0 0 0
  outer loop
    vertex -25.765899658203125 11.5951566696167 -3
    vertex -26.42255401611328 11 3
    vertex -25.765899658203125 11.5951566696167 3
  endloop
endfacet
facet normal 0 0 0
  outer loop
    vertex -25.765899658203125 11.5951566696167 -3
    vertex -25.765899658203125 11.5951566696167 3
    vertex -24.583553314208984 12.472043991088867 3
  endloop
endfacet
facet normal 0 0 0
  outer loop
    vertex -24.583553314208984 12.472043991088867 -3
    vertex -24.583553314208984 12.472043991088867 3
    vertex -23.320951461791992 13.228818893432617 3
  endloop
endfacet
facet normal 0 0 0
  outer loop
    vertex -23.320951461791992 13.228818893432617 -3
    vertex -23.320951461791992 13.228818893432617 3
    vertex -21.990251541137695 13.858193397521973 3
  endloop
endfacet
facet normal 0 0 0
  outer loop
    vertex -21.990251541137695 13.858193397521973 -3
    vertex -21.990251541137695 13.858193397521973 3
    vertex -20.604270935058594 14.354104995727539 3
  endloop
endfacet
facet normal 0 0 0
  outer loop
    vertex -20.604270935058594 14.354104995727539 -3
    vertex -20.604270935058594 14.354104995727539 3
    vertex -19.176355361938477 14.711779594421387 3
  endloop
endfacet
facet normal 0 0 0
  outer loop
    vertex -19.176355361938477 14.711779594421387 -3
    vertex -19.176355361938477 14.711779594421387 3
    vertex -17.720256805419922 14.927770614624023 3
  endloop
endfacet
facet normal 0 0 0
  outer loop
    vertex -11.895730018615723 14.354104995727539 3
    vertex -13.288849830627441 14.703063011169434 -2
    vertex -13.288849830627441 14.703063011169434 2
  endloop
endfacet
facet normal 0 0 0
  outer loop
    vertex -11.895730018615723 14.354104995727539 -3
    vertex -11.895730018615723 14.354104995727539 3
    vertex -10.509748458862305 13.858193397521973 3
  endloop
endfacet
facet normal 0 0 0
  outer loop
    vertex -10.34325122833252 13.77944564819336 -3
    vertex -10.509748458862305 13.858193397521973 3
    vertex -10.34325122833252 13.77944564819336 3
  endloop
endfacet
facet normal 0 0 0
  outer loop
    vertex -17.720256805419922 14.927770614624023 3
    vertex -16.406524658203125 14.992310523986816 3
    vertex -16.406524658203125 14.992310523986816 2
  endloop
endfacet
facet normal 0 0 0
  outer loop
    vertex -9.627886772155762 13.441102981567383 3
    vertex -10.34325122833252 13.77944564819336 3
    vertex -9.740222930908203 11.154437065124512 3
  endloop
endfacet
facet normal 0 0 0
  outer loop
    vertex -11.895730018615723 14.354104995727539 3
    vertex -9.740222930908203 11.154437065124512 3
    vertex -10.509748458862305 13.858193397521973 3
  endloop
endfacet
facet normal 0 0 0
  outer loop
    vertex -10.34325122833252 13.77944564819336 3
    vertex -10.509748458862305 13.858193397521973 3
    vertex -9.740222930908203 11.154437065124512 3
  endloop
endfacet
facet normal 0 0 0
  outer loop
    vertex -11.895730018615723 14.354104995727539 3
    vertex -13.288849830627441 14.703063011169434 3
    vertex -9.740222930908203 11.154437065124512 3
  endloop
endfacet
facet normal 0 0 0
  outer loop
    vertex -11.895730018615723 14.354104995727539 3
    vertex -13.288849830627441 14.703063011169434 2
    vertex -13.288849830627441 14.703063011169434 3
  endloop
endfacet
facet normal 0 0 0
  outer loop
    vertex -164.9279327392578 -17.638425827026367 -3
    vertex -166.6114044189453 -16.629392623901367 -3
    vertex -163.83355712890625 -12.472043991088867 -3
  endloop
endfacet
facet normal 0 0 0
  outer loop
    vertex -159.4018096923828 -19.615705490112305 -3
    vertex -156.9702606201172 -14.927770614624023 -3
    vertex -157.46034240722656 -19.90369415283203 -3
  endloop
endfacet
facet normal 0 0 0
  outer loop
    vertex -161.30569458007812 -19.13880729675293 -3
    vertex -158.42636108398438 -14.711779594421387 -3
    vertex -159.4018096923828 -19.615705490112305 -3
  endloop
endfacet
facet normal 0 0 0
  outer loop
    vertex -157.46034240722656 -19.90369415283203 -3
    vertex -155.5 -15 -3
    vertex -155.5 -20 -3
  endloop
endfacet
facet normal 0 0 0
  outer loop
    vertex -161.30569458007812 -19.13880729675293 -3
    vertex -163.15367126464844 -18.477590560913086 -3
    vertex -161.24024963378906 -13.858193397521973 -3
  endloop
endfacet
facet normal 0 0 0
  outer loop
    vertex -164.9279327392578 -17.638425827026367 -3
    vertex -162.57095336914062 -13.228818893432617 -3
    vertex -163.15367126464844 -18.477590560913086 -3
  endloop
endfacet
facet normal 0 0 0
  outer loop
    vertex -159.4018096923828 -19.615705490112305 -3
    vertex -158.42636108398438 -14.711779594421387 -3
    vertex -156.9702606201172 -14.927770614624023 -3
  endloop
endfacet
facet normal 0 0 0
  outer loop
    vertex -161.30569458007812 -19.13880729675293 -3
    vertex -161.24024963378906 -13.858193397521973 -3
    vertex -159.85426330566406 -14.354104995727539 -3
  endloop
endfacet
facet normal 0 0 0
  outer loop
    vertex -163.15367126464844 -18.477590560913086 -3
    vertex -162.57095336914062 -13.228818893432617 -3
    vertex -161.24024963378906 -13.858193397521973 -3
  endloop
endfacet
facet normal 0 0 0
  outer loop
    vertex -161.30569458007812 -19.13880729675293 -3
    vertex -159.85426330566406 -14.354104995727539 -3
    vertex -158.42636108398438 -14.711779594421387 -3
  endloop
endfacet
facet normal 0 0 0
  outer loop
    vertex -157.46034240722656 -19.90369415283203 -3
    vertex -156.9702606201172 -14.927770614624023 -3
    vertex -155.5 -15 -3
  endloop
endfacet
facet normal 0 0 0
  outer loop
    vertex -155.5 -20 -3
    vertex -155.5 -15 -3
    vertex -154.0297393798828 -14.927770614624023 -3
  endloop
endfacet
facet normal 0 0 0
  outer loop
    vertex -155.5 -20 -3
    vertex -154.0297393798828 -14.927770614624023 -3
    vertex -152.57363891601562 -14.711779594421387 -3
  endloop
endfacet
facet normal 0 0 0
  outer loop
    vertex -155.5 -20 -3
    vertex -152.57363891601562 -14.711779594421387 -3
    vertex -151.14573669433594 -14.354104995727539 -3
  endloop
endfacet
facet normal 0 0 0
  outer loop
    vertex -155.5 -20 -3
    vertex -151.14573669433594 -14.354104995727539 -3
    vertex -149.75975036621094 -13.858193397521973 -3
  endloop
endfacet
facet normal 0 0 0
  outer loop
    vertex -166.6114044189453 -16.629392623901367 -3
    vertex -168.1878662109375 -15.460208892822266 -3
    vertex -166.10659790039062 -10.60660171508789 -3
  endloop
endfacet
facet normal 0 0 0
  outer loop
    vertex -164.9279327392578 -17.638425827026367 -3
    vertex -163.83355712890625 -12.472043991088867 -3
    vertex -162.57095336914062 -13.228818893432617 -3
  endloop
endfacet
facet normal 0 0 0
  outer loop
    vertex -168.1878662109375 -15.460208892822266 -3
    vertex -169.6421356201172 -14.142135620117188 -3
    vertex -167.9720458984375 -8.333553314208984 -3
  endloop
endfacet
facet normal 0 0 0
  outer loop
    vertex -166.6114044189453 -16.629392623901367 -3
    vertex -165.01589965820312 -11.5951566696167 -3
    vertex -163.83355712890625 -12.472043991088867 -3
  endloop
endfacet
facet normal 0 0 0
  outer loop
    vertex -166.6114044189453 -16.629392623901367 -3
    vertex -166.10659790039062 -10.60660171508789 -3
    vertex -165.01589965820312 -11.5951566696167 -3
  endloop
endfacet
facet normal 0 0 0
  outer loop
    vertex -169.6421356201172 -14.142135620117188 -3
    vertex -170.960205078125 -12.687865257263184 -3
    vertex -169.3582000732422 -5.740251541137695 -3
  endloop
endfacet
facet normal 0 0 0
  outer loop
    vertex -168.1878662109375 -15.460208892822266 -3
    vertex -167.09515380859375 -9.515899658203125 -3
    vertex -166.10659790039062 -10.60660171508789 -3
  endloop
endfacet
facet normal 0 0 0
  outer loop
    vertex -168.1878662109375 -15.460208892822266 -3
    vertex -167.9720458984375 -8.333553314208984 -3
    vertex -167.09515380859375 -9.515899658203125 -3
  endloop
endfacet
facet normal 0 0 0
  outer loop
    vertex -155.5 -20 -3
    vertex -138.8038330078125 -11 -3
    vertex -153.53965759277344 -19.90369415283203 -3
  endloop
endfacet
facet normal 0 0 0
  outer loop
    vertex -153.53965759277344 -19.90369415283203 -3
    vertex -138.8038330078125 -11 -3
    vertex -151.5981903076172 -19.615705490112305 -3
  endloop
endfacet
facet normal 0 0 0
  outer loop
    vertex -151.5981903076172 -19.615705490112305 -3
    vertex -138.8038330078125 -11 -3
    vertex -149.69430541992188 -19.13880729675293 -3
  endloop
endfacet
facet normal 0 0 0
  outer loop
    vertex -155.5 -20 -3
    vertex -149.75975036621094 -13.858193397521973 -3
    vertex -148.42904663085938 -13.228818893432617 -3
  endloop
endfacet
facet normal 0 0 0
  outer loop
    vertex -155.5 -20 -3
    vertex -148.42904663085938 -13.228818893432617 -3
    vertex -147.16644287109375 -12.472043991088867 -3
  endloop
endfacet
facet normal 0 0 0
  outer loop
    vertex -149.69430541992188 -19.13880729675293 -3
    vertex -138.8038330078125 -11 -3
    vertex -147.84632873535156 -18.477590560913086 -3
  endloop
endfacet
facet normal 0 0 0
  outer loop
    vertex -147.84632873535156 -18.477590560913086 -3
    vertex -138.8038330078125 -11 -3
    vertex -146.0720672607422 -17.638425827026367 -3
  endloop
endfacet
facet normal 0 0 0
  outer loop
    vertex -146.0720672607422 -17.638425827026367 -3
    vertex -138.8038330078125 -11 -3
    vertex -144.3885955810547 -16.629392623901367 -3
  endloop
endfacet
facet normal 0 0 0
  outer loop
    vertex -155.5 -20 -3
    vertex -147.16644287109375 -12.472043991088867 -3
    vertex -138.8038330078125 -11 -3
  endloop
endfacet
facet normal 0 0 0
  outer loop
    vertex -144.3885955810547 -16.629392623901367 -3
    vertex -138.8038330078125 -11 -3
    vertex -142.8121337890625 -15.460208892822266 -3
  endloop
endfacet
facet normal 0 0 0
  outer loop
    vertex -142.8121337890625 -15.460208892822266 -3
    vertex -138.8038330078125 -11 -3
    vertex -141.3578643798828 -14.142135620117188 -3
  endloop
endfacet
facet normal 0 0 0
  outer loop
    vertex -141.3578643798828 -14.142135620117188 -3
    vertex -138.8038330078125 -11 -3
    vertex -140.039794921875 -12.687865257263184 -3
  endloop
endfacet
facet normal 0 0 0
  outer loop
    vertex -138.8038330078125 -11 -3
    vertex -147.16644287109375 -12.472043991088867 -3
    vertex -145.98410034179688 -11.5951566696167 -3
  endloop
endfacet
facet normal 0 0 0
  outer loop
    vertex -138.8038330078125 -11 -3
    vertex -145.98410034179688 -11.5951566696167 -3
    vertex -145.32745361328125 -11 -3
  endloop
endfacet
facet normal 0 0 0
  outer loop
    vertex -140.039794921875 -12.687865257263184 -3
    vertex -138.8038330078125 -11 -3
    vertex -138.87060546875 -11.111404418945312 -3
  endloop
endfacet
facet normal 0 0 0
  outer loop
    vertex -164.9279327392578 -17.638425827026367 -3
    vertex -163.15367126464844 -18.477590560913086 -3
    vertex -164.9279327392578 -17.638425827026367 3
  endloop
endfacet
facet normal 0 0 0
  outer loop
    vertex -164.9279327392578 -17.638425827026367 -3
    vertex -166.6114044189453 -16.629392623901367 3
    vertex -166.6114044189453 -16.629392623901367 -3
  endloop
endfacet
facet normal 0 0 0
  outer loop
    vertex -166.6114044189453 -16.629392623901367 -3
    vertex -168.1878662109375 -15.460208892822266 3
    vertex -168.1878662109375 -15.460208892822266 -3
  endloop
endfacet
facet normal 0 0 0
  outer loop
    vertex -159.4018096923828 -19.615705490112305 -3
    vertex -157.46034240722656 -19.90369415283203 -3
    vertex -159.4018096923828 -19.615705490112305 3
  endloop
endfacet
facet normal 0 0 0
  outer loop
    vertex -161.30569458007812 -19.13880729675293 -3
    vertex -159.4018096923828 -19.615705490112305 -3
    vertex -161.30569458007812 -19.13880729675293 3
  endloop
endfacet
facet normal 0 0 0
  outer loop
    vertex -161.30569458007812 -19.13880729675293 -3
    vertex -163.15367126464844 -18.477590560913086 3
    vertex -163.15367126464844 -18.477590560913086 -3
  endloop
endfacet
facet normal 0 0 0
  outer loop
    vertex -157.46034240722656 -19.90369415283203 -3
    vertex -155.5 -20 -3
    vertex -157.46034240722656 -19.90369415283203 3
  endloop
endfacet
facet normal 0 0 0
  outer loop
    vertex -155.5 -20 -3
    vertex -153.53965759277344 -19.90369415283203 -3
    vertex -155.5 -20 3
  endloop
endfacet
facet normal 0 0 0
  outer loop
    vertex -153.53965759277344 -19.90369415283203 -3
    vertex -151.5981903076172 -19.615705490112305 -3
    vertex -153.53965759277344 -19.90369415283203 3
  endloop
endfacet
facet normal 0 0 0
  outer loop
    vertex -169.6421356201172 -14.142135620117188 -3
    vertex -170.960205078125 -12.687865257263184 3
    vertex -170.960205078125 -12.687865257263184 -3
  endloop
endfacet
facet normal 0 0 0
  outer loop
    vertex -168.1878662109375 -15.460208892822266 -3
    vertex -169.6421356201172 -14.142135620117188 3
    vertex -169.6421356201172 -14.142135620117188 -3
  endloop
endfacet
facet normal 0 0 0
  outer loop
    vertex -170.960205078125 -12.687865257263184 -3
    vertex -172.12939453125 -11.111404418945312 3
    vertex -172.12939453125 -11.111404418945312 -3
  endloop
endfacet
facet normal 0 0 0
  outer loop
    vertex -151.5981903076172 -19.615705490112305 -3
    vertex -149.69430541992188 -19.13880729675293 -3
    vertex -151.5981903076172 -19.615705490112305 3
  endloop
endfacet
facet normal 0 0 0
  outer loop
    vertex -149.69430541992188 -19.13880729675293 -3
    vertex -147.84632873535156 -18.477590560913086 -3
    vertex -149.69430541992188 -19.13880729675293 3
  endloop
endfacet
facet normal 0 0 0
  outer loop
    vertex -147.84632873535156 -18.477590560913086 -3
    vertex -146.0720672607422 -17.638425827026367 -3
    vertex -147.84632873535156 -18.477590560913086 3
  endloop
endfacet
facet normal 0 0 0
  outer loop
    vertex -146.0720672607422 -17.638425827026367 -3
    vertex -144.3885955810547 -16.629392623901367 -3
    vertex -146.0720672607422 -17.638425827026367 3
  endloop
endfacet
facet normal 0 0 0
  outer loop
    vertex -144.3885955810547 -16.629392623901367 -3
    vertex -142.8121337890625 -15.460208892822266 -3
    vertex -144.3885955810547 -16.629392623901367 3
  endloop
endfacet
facet normal 0 0 0
  outer loop
    vertex -142.8121337890625 -15.460208892822266 -3
    vertex -141.3578643798828 -14.142135620117188 -3
    vertex -142.8121337890625 -15.460208892822266 3
  endloop
endfacet
facet normal 0 0 0
  outer loop
    vertex -141.3578643798828 -14.142135620117188 -3
    vertex -140.039794921875 -12.687865257263184 -3
    vertex -141.3578643798828 -14.142135620117188 3
  endloop
endfacet
facet normal 0 0 0
  outer loop
    vertex -140.039794921875 -12.687865257263184 -3
    vertex -138.87060546875 -11.111404418945312 -3
    vertex -140.039794921875 -12.687865257263184 3
  endloop
endfacet
facet normal 0 0 0
  outer loop
    vertex -138.87060546875 -11.111404418945312 -3
    vertex -138.8038330078125 -11 -3
    vertex -138.8038330078125 -11 3
  endloop
endfacet
facet normal 0 0 0
  outer loop
    vertex -170.960205078125 -12.687865257263184 -3
    vertex -169.85411071777344 -4.354269981384277 -3
    vertex -169.3582000732422 -5.740251541137695 -3
  endloop
endfacet
facet normal 0 0 0
  outer loop
    vertex -169.6421356201172 -14.142135620117188 -3
    vertex -168.72882080078125 -7.070950984954834 -3
    vertex -167.9720458984375 -8.333553314208984 -3
  endloop
endfacet
facet normal 0 0 0
  outer loop
    vertex -169.6421356201172 -14.142135620117188 -3
    vertex -169.3582000732422 -5.740251541137695 -3
    vertex -168.72882080078125 -7.070950984954834 -3
  endloop
endfacet
facet normal 0 0 0
  outer loop
    vertex -170.960205078125 -12.687865257263184 -3
    vertex -170.21177673339844 -2.9263548851013184 -3
    vertex -169.85411071777344 -4.354269981384277 -3
  endloop
endfacet
facet normal 0 0 0
  outer loop
    vertex -170.960205078125 -12.687865257263184 -3
    vertex -170.42776489257812 -1.4702571630477905 -3
    vertex -170.21177673339844 -2.9263548851013184 -3
  endloop
endfacet
facet normal 0 0 0
  outer loop
    vertex -170.960205078125 -12.687865257263184 -3
    vertex -170.5 0 -3
    vertex -170.42776489257812 -1.4702571630477905 -3
  endloop
endfacet
facet normal 0 0 0
  outer loop
    vertex -173.138427734375 -9.427934646606445 -3
    vertex -173.9775848388672 -7.6536688804626465 -3
    vertex -173.138427734375 9.427934646606445 -3
  endloop
endfacet
facet normal 0 0 0
  outer loop
    vertex -170.960205078125 -12.687865257263184 -3
    vertex -172.12939453125 -11.111404418945312 -3
    vertex -170.960205078125 12.687865257263184 -3
  endloop
endfacet
facet normal 0 0 0
  outer loop
    vertex -172.12939453125 -11.111404418945312 -3
    vertex -173.138427734375 -9.427934646606445 -3
    vertex -172.12939453125 11.111404418945312 -3
  endloop
endfacet
facet normal 0 0 0
  outer loop
    vertex -173.9775848388672 -7.6536688804626465 -3
    vertex -174.63880920410156 -5.805693626403809 -3
    vertex -173.9775848388672 7.6536688804626465 -3
  endloop
endfacet
facet normal 0 0 0
  outer loop
    vertex -174.63880920410156 -5.805693626403809 -3
    vertex -175.11570739746094 -3.901806354522705 -3
    vertex -174.63880920410156 5.805693626403809 -3
  endloop
endfacet
facet normal 0 0 0
  outer loop
    vertex -175.11570739746094 -3.901806354522705 -3
    vertex -175.40370178222656 -1.9603427648544312 -3
    vertex -175.11570739746094 3.901806354522705 -3
  endloop
endfacet
facet normal 0 0 0
  outer loop
    vertex -172.12939453125 -11.111404418945312 -3
    vertex -173.138427734375 -9.427934646606445 3
    vertex -173.138427734375 -9.427934646606445 -3
  endloop
endfacet
facet normal 0 0 0
  outer loop
    vertex -173.138427734375 -9.427934646606445 -3
    vertex -173.9775848388672 -7.6536688804626465 3
    vertex -173.9775848388672 -7.6536688804626465 -3
  endloop
endfacet
facet normal 0 0 0
  outer loop
    vertex -173.9775848388672 -7.6536688804626465 -3
    vertex -174.63880920410156 -5.805693626403809 3
    vertex -174.63880920410156 -5.805693626403809 -3
  endloop
endfacet
facet normal 0 0 0
  outer loop
    vertex -174.63880920410156 -5.805693626403809 -3
    vertex -175.11570739746094 -3.901806354522705 3
    vertex -175.11570739746094 -3.901806354522705 -3
  endloop
endfacet
facet normal 0 0 0
  outer loop
    vertex -175.11570739746094 -3.901806354522705 -3
    vertex -175.40370178222656 -1.9603427648544312 3
    vertex -175.40370178222656 -1.9603427648544312 -3
  endloop
endfacet
facet normal 0 0 0
  outer loop
    vertex -175.40370178222656 -1.9603427648544312 -3
    vertex -175.5 0 3
    vertex -175.5 0 -3
  endloop
endfacet
facet normal 0 0 0
  outer loop
    vertex -163.15367126464844 -18.477590560913086 -3
    vertex -163.15367126464844 -18.477590560913086 3
    vertex -164.9279327392578 -17.638425827026367 3
  endloop
endfacet
facet normal 0 0 0
  outer loop
    vertex -164.9279327392578 -17.638425827026367 -3
    vertex -164.9279327392578 -17.638425827026367 3
    vertex -166.6114044189453 -16.629392623901367 3
  endloop
endfacet
facet normal 0 0 0
  outer loop
    vertex -166.6114044189453 -16.629392623901367 -3
    vertex -166.6114044189453 -16.629392623901367 3
    vertex -168.1878662109375 -15.460208892822266 3
  endloop
endfacet
facet normal 0 0 0
  outer loop
    vertex -168.1878662109375 -15.460208892822266 -3
    vertex -168.1878662109375 -15.460208892822266 3
    vertex -169.6421356201172 -14.142135620117188 3
  endloop
endfacet
facet normal 0 0 0
  outer loop
    vertex -161.30569458007812 -19.13880729675293 -3
    vertex -161.30569458007812 -19.13880729675293 3
    vertex -163.15367126464844 -18.477590560913086 3
  endloop
endfacet
facet normal 0 0 0
  outer loop
    vertex -159.4018096923828 -19.615705490112305 -3
    vertex -159.4018096923828 -19.615705490112305 3
    vertex -161.30569458007812 -19.13880729675293 3
  endloop
endfacet
facet normal 0 0 0
  outer loop
    vertex -157.46034240722656 -19.90369415283203 -3
    vertex -157.46034240722656 -19.90369415283203 3
    vertex -159.4018096923828 -19.615705490112305 3
  endloop
endfacet
facet normal 0 0 0
  outer loop
    vertex -155.5 -20 -3
    vertex -155.5 -20 3
    vertex -157.46034240722656 -19.90369415283203 3
  endloop
endfacet
facet normal 0 0 0
  outer loop
    vertex -153.53965759277344 -19.90369415283203 -3
    vertex -153.53965759277344 -19.90369415283203 3
    vertex -155.5 -20 3
  endloop
endfacet
facet normal 0 0 0
  outer loop
    vertex -151.5981903076172 -19.615705490112305 -3
    vertex -151.5981903076172 -19.615705490112305 3
    vertex -153.53965759277344 -19.90369415283203 3
  endloop
endfacet
facet normal 0 0 0
  outer loop
    vertex -169.6421356201172 -14.142135620117188 -3
    vertex -169.6421356201172 -14.142135620117188 3
    vertex -170.960205078125 -12.687865257263184 3
  endloop
endfacet
facet normal 0 0 0
  outer loop
    vertex -170.960205078125 -12.687865257263184 -3
    vertex -170.960205078125 -12.687865257263184 3
    vertex -172.12939453125 -11.111404418945312 3
  endloop
endfacet
facet normal 0 0 0
  outer loop
    vertex -172.12939453125 -11.111404418945312 -3
    vertex -172.12939453125 -11.111404418945312 3
    vertex -173.138427734375 -9.427934646606445 3
  endloop
endfacet
facet normal 0 0 0
  outer loop
    vertex -149.69430541992188 -19.13880729675293 -3
    vertex -149.69430541992188 -19.13880729675293 3
    vertex -151.5981903076172 -19.615705490112305 3
  endloop
endfacet
facet normal 0 0 0
  outer loop
    vertex -147.84632873535156 -18.477590560913086 -3
    vertex -147.84632873535156 -18.477590560913086 3
    vertex -149.69430541992188 -19.13880729675293 3
  endloop
endfacet
facet normal 0 0 0
  outer loop
    vertex -146.0720672607422 -17.638425827026367 -3
    vertex -146.0720672607422 -17.638425827026367 3
    vertex -147.84632873535156 -18.477590560913086 3
  endloop
endfacet
facet normal 0 0 0
  outer loop
    vertex -144.3885955810547 -16.629392623901367 -3
    vertex -144.3885955810547 -16.629392623901367 3
    vertex -146.0720672607422 -17.638425827026367 3
  endloop
endfacet
facet normal 0 0 0
  outer loop
    vertex -142.8121337890625 -15.460208892822266 -3
    vertex -142.8121337890625 -15.460208892822266 3
    vertex -144.3885955810547 -16.629392623901367 3
  endloop
endfacet
facet normal 0 0 0
  outer loop
    vertex -141.3578643798828 -14.142135620117188 -3
    vertex -141.3578643798828 -14.142135620117188 3
    vertex -142.8121337890625 -15.460208892822266 3
  endloop
endfacet
facet normal 0 0 0
  outer loop
    vertex -140.039794921875 -12.687865257263184 -3
    vertex -140.039794921875 -12.687865257263184 3
    vertex -141.3578643798828 -14.142135620117188 3
  endloop
endfacet
facet normal 0 0 0
  outer loop
    vertex -138.87060546875 -11.111404418945312 -3
    vertex -138.87060546875 -11.111404418945312 3
    vertex -140.039794921875 -12.687865257263184 3
  endloop
endfacet
facet normal 0 0 0
  outer loop
    vertex -138.87060546875 -11.111404418945312 -3
    vertex -138.8038330078125 -11 3
    vertex -138.87060546875 -11.111404418945312 3
  endloop
endfacet
facet normal 0 0 0
  outer loop
    vertex -164.9279327392578 -17.638425827026367 3
    vertex -163.15367126464844 -18.477590560913086 3
    vertex -163.83355712890625 -12.472043991088867 3
  endloop
endfacet
facet normal 0 0 0
  outer loop
    vertex -164.9279327392578 -17.638425827026367 3
    vertex -165.01589965820312 -11.5951566696167 3
    vertex -166.6114044189453 -16.629392623901367 3
  endloop
endfacet
facet normal 0 0 0
  outer loop
    vertex -161.30569458007812 -19.13880729675293 3
    vertex -159.4018096923828 -19.615705490112305 3
    vertex -159.85426330566406 -14.354104995727539 3
  endloop
endfacet
facet normal 0 0 0
  outer loop
    vertex -159.4018096923828 -19.615705490112305 3
    vertex -157.46034240722656 -19.90369415283203 3
    vertex -158.42636108398438 -14.711779594421387 3
  endloop
endfacet
facet normal 0 0 0
  outer loop
    vertex -157.46034240722656 -19.90369415283203 3
    vertex -155.5 -20 3
    vertex -156.9702606201172 -14.927770614624023 3
  endloop
endfacet
facet normal 0 0 0
  outer loop
    vertex -155.5 -20 3
    vertex -153.53965759277344 -19.90369415283203 3
    vertex -155.5 -15 3
  endloop
endfacet
facet normal 0 0 0
  outer loop
    vertex -153.53965759277344 -19.90369415283203 3
    vertex -151.5981903076172 -19.615705490112305 3
    vertex -154.0297393798828 -14.927770614624023 3
  endloop
endfacet
facet normal 0 0 0
  outer loop
    vertex -161.30569458007812 -19.13880729675293 3
    vertex -162.57095336914062 -13.228818893432617 3
    vertex -163.15367126464844 -18.477590560913086 3
  endloop
endfacet
facet normal 0 0 0
  outer loop
    vertex -161.30569458007812 -19.13880729675293 3
    vertex -159.85426330566406 -14.354104995727539 3
    vertex -161.24024963378906 -13.858193397521973 3
  endloop
endfacet
facet normal 0 0 0
  outer loop
    vertex -161.30569458007812 -19.13880729675293 3
    vertex -161.24024963378906 -13.858193397521973 3
    vertex -162.57095336914062 -13.228818893432617 3
  endloop
endfacet
facet normal 0 0 0
  outer loop
    vertex -159.4018096923828 -19.615705490112305 3
    vertex -158.42636108398438 -14.711779594421387 3
    vertex -159.85426330566406 -14.354104995727539 3
  endloop
endfacet
facet normal 0 0 0
  outer loop
    vertex -157.46034240722656 -19.90369415283203 3
    vertex -156.9702606201172 -14.927770614624023 3
    vertex -158.42636108398438 -14.711779594421387 3
  endloop
endfacet
facet normal 0 0 0
  outer loop
    vertex -155.5 -20 3
    vertex -155.5 -15 3
    vertex -156.9702606201172 -14.927770614624023 3
  endloop
endfacet
facet normal 0 0 0
  outer loop
    vertex -153.53965759277344 -19.90369415283203 3
    vertex -154.0297393798828 -14.927770614624023 3
    vertex -155.5 -15 3
  endloop
endfacet
facet normal 0 0 0
  outer loop
    vertex -151.5981903076172 -19.615705490112305 3
    vertex -152.57363891601562 -14.711779594421387 3
    vertex -154.0297393798828 -14.927770614624023 3
  endloop
endfacet
facet normal 0 0 0
  outer loop
    vertex -166.6114044189453 -16.629392623901367 3
    vertex -167.09515380859375 -9.515899658203125 3
    vertex -168.1878662109375 -15.460208892822266 3
  endloop
endfacet
facet normal 0 0 0
  outer loop
    vertex -164.9279327392578 -17.638425827026367 3
    vertex -163.83355712890625 -12.472043991088867 3
    vertex -165.01589965820312 -11.5951566696167 3
  endloop
endfacet
facet normal 0 0 0
  outer loop
    vertex -166.6114044189453 -16.629392623901367 3
    vertex -165.01589965820312 -11.5951566696167 3
    vertex -166.10659790039062 -10.60660171508789 3
  endloop
endfacet
facet normal 0 0 0
  outer loop
    vertex -169.6421356201172 -14.142135620117188 3
    vertex -169.85411071777344 -4.354269981384277 3
    vertex -170.960205078125 -12.687865257263184 3
  endloop
endfacet
facet normal 0 0 0
  outer loop
    vertex -168.1878662109375 -15.460208892822266 3
    vertex -168.72882080078125 -7.070950984954834 3
    vertex -169.6421356201172 -14.142135620117188 3
  endloop
endfacet
facet normal 0 0 0
  outer loop
    vertex -166.6114044189453 -16.629392623901367 3
    vertex -166.10659790039062 -10.60660171508789 3
    vertex -167.09515380859375 -9.515899658203125 3
  endloop
endfacet
facet normal 0 0 0
  outer loop
    vertex -168.1878662109375 -15.460208892822266 3
    vertex -167.09515380859375 -9.515899658203125 3
    vertex -167.9720458984375 -8.333553314208984 3
  endloop
endfacet
facet normal 0 0 0
  outer loop
    vertex -168.1878662109375 -15.460208892822266 3
    vertex -167.9720458984375 -8.333553314208984 3
    vertex -168.72882080078125 -7.070950984954834 3
  endloop
endfacet
facet normal 0 0 0
  outer loop
    vertex -163.15367126464844 -18.477590560913086 3
    vertex -162.57095336914062 -13.228818893432617 3
    vertex -163.83355712890625 -12.472043991088867 3
  endloop
endfacet
facet normal 0 0 0
  outer loop
    vertex -151.5981903076172 -19.615705490112305 3
    vertex -149.69430541992188 -19.13880729675293 3
    vertex -152.57363891601562 -14.711779594421387 3
  endloop
endfacet
facet normal 0 0 0
  outer loop
    vertex -149.69430541992188 -19.13880729675293 3
    vertex -147.84632873535156 -18.477590560913086 3
    vertex -149.75975036621094 -13.858193397521973 3
  endloop
endfacet
facet normal 0 0 0
  outer loop
    vertex -147.84632873535156 -18.477590560913086 3
    vertex -146.0720672607422 -17.638425827026367 3
    vertex -148.42904663085938 -13.228818893432617 3
  endloop
endfacet
facet normal 0 0 0
  outer loop
    vertex -149.69430541992188 -19.13880729675293 3
    vertex -151.14573669433594 -14.354104995727539 3
    vertex -152.57363891601562 -14.711779594421387 3
  endloop
endfacet
facet normal 0 0 0
  outer loop
    vertex -149.69430541992188 -19.13880729675293 3
    vertex -149.75975036621094 -13.858193397521973 3
    vertex -151.14573669433594 -14.354104995727539 3
  endloop
endfacet
facet normal 0 0 0
  outer loop
    vertex -147.84632873535156 -18.477590560913086 3
    vertex -148.42904663085938 -13.228818893432617 3
    vertex -149.75975036621094 -13.858193397521973 3
  endloop
endfacet
facet normal 0 0 0
  outer loop
    vertex -146.0720672607422 -17.638425827026367 3
    vertex -144.3885955810547 -16.629392623901367 3
    vertex -145.98410034179688 -11.5951566696167 3
  endloop
endfacet
facet normal 0 0 0
  outer loop
    vertex -146.0720672607422 -17.638425827026367 3
    vertex -147.16644287109375 -12.472043991088867 3
    vertex -148.42904663085938 -13.228818893432617 3
  endloop
endfacet
facet normal 0 0 0
  outer loop
    vertex -146.0720672607422 -17.638425827026367 3
    vertex -145.98410034179688 -11.5951566696167 3
    vertex -147.16644287109375 -12.472043991088867 3
  endloop
endfacet
facet normal 0 0 0
  outer loop
    vertex -144.3885955810547 -16.629392623901367 3
    vertex -142.8121337890625 -15.460208892822266 3
    vertex -144.89340209960938 -10.60660171508789 3
  endloop
endfacet
facet normal 0 0 0
  outer loop
    vertex -144.3885955810547 -16.629392623901367 3
    vertex -144.89340209960938 -10.60660171508789 3
    vertex -145.98410034179688 -11.5951566696167 3
  endloop
endfacet
facet normal 0 0 0
  outer loop
    vertex -142.8121337890625 -15.460208892822266 3
    vertex -141.3578643798828 -14.142135620117188 3
    vertex -143.0279541015625 -8.333553314208984 3
  endloop
endfacet
facet normal 0 0 0
  outer loop
    vertex -142.8121337890625 -15.460208892822266 3
    vertex -143.90484619140625 -9.515899658203125 3
    vertex -144.89340209960938 -10.60660171508789 3
  endloop
endfacet
facet normal 0 0 0
  outer loop
    vertex -142.8121337890625 -15.460208892822266 3
    vertex -143.0279541015625 -8.333553314208984 3
    vertex -143.90484619140625 -9.515899658203125 3
  endloop
endfacet
facet normal 0 0 0
  outer loop
    vertex -141.3578643798828 -14.142135620117188 3
    vertex -140.039794921875 -12.687865257263184 3
    vertex -141.14588928222656 -4.354269981384277 3
  endloop
endfacet
facet normal 0 0 0
  outer loop
    vertex -173.138427734375 -9.427934646606445 -3
    vertex -173.138427734375 -9.427934646606445 3
    vertex -173.9775848388672 -7.6536688804626465 3
  endloop
endfacet
facet normal 0 0 0
  outer loop
    vertex -173.9775848388672 -7.6536688804626465 -3
    vertex -173.9775848388672 -7.6536688804626465 3
    vertex -174.63880920410156 -5.805693626403809 3
  endloop
endfacet
facet normal 0 0 0
  outer loop
    vertex -174.63880920410156 -5.805693626403809 -3
    vertex -174.63880920410156 -5.805693626403809 3
    vertex -175.11570739746094 -3.901806354522705 3
  endloop
endfacet
facet normal 0 0 0
  outer loop
    vertex -175.11570739746094 -3.901806354522705 -3
    vertex -175.11570739746094 -3.901806354522705 3
    vertex -175.40370178222656 -1.9603427648544312 3
  endloop
endfacet
facet normal 0 0 0
  outer loop
    vertex -175.40370178222656 -1.9603427648544312 -3
    vertex -175.40370178222656 -1.9603427648544312 3
    vertex -175.5 0 3
  endloop
endfacet
facet normal 0 0 0
  outer loop
    vertex -169.6421356201172 -14.142135620117188 3
    vertex -169.3582000732422 -5.740251541137695 3
    vertex -169.85411071777344 -4.354269981384277 3
  endloop
endfacet
facet normal 0 0 0
  outer loop
    vertex -169.6421356201172 -14.142135620117188 3
    vertex -168.72882080078125 -7.070950984954834 3
    vertex -169.3582000732422 -5.740251541137695 3
  endloop
endfacet
facet normal 0 0 0
  outer loop
    vertex -170.960205078125 -12.687865257263184 3
    vertex -169.85411071777344 -4.354269981384277 3
    vertex -170.21177673339844 -2.9263548851013184 3
  endloop
endfacet
facet normal 0 0 0
  outer loop
    vertex -170.960205078125 -12.687865257263184 3
    vertex -170.21177673339844 -2.9263548851013184 3
    vertex -170.42776489257812 -1.4702571630477905 3
  endloop
endfacet
facet normal 0 0 0
  outer loop
    vertex -170.960205078125 -12.687865257263184 3
    vertex -170.42776489257812 -1.4702571630477905 3
    vertex -170.5 0 3
  endloop
endfacet
facet normal 0 0 0
  outer loop
    vertex -173.138427734375 -9.427934646606445 3
    vertex -173.138427734375 9.427934646606445 3
    vertex -173.9775848388672 -7.6536688804626465 3
  endloop
endfacet
facet normal 0 0 0
  outer loop
    vertex -170.960205078125 -12.687865257263184 3
    vertex -170.960205078125 12.687865257263184 3
    vertex -172.12939453125 -11.111404418945312 3
  endloop
endfacet
facet normal 0 0 0
  outer loop
    vertex -172.12939453125 -11.111404418945312 3
    vertex -172.12939453125 11.111404418945312 3
    vertex -173.138427734375 -9.427934646606445 3
  endloop
endfacet
facet normal 0 0 0
  outer loop
    vertex -173.9775848388672 -7.6536688804626465 3
    vertex -173.9775848388672 7.6536688804626465 3
    vertex -174.63880920410156 -5.805693626403809 3
  endloop
endfacet
facet normal 0 0 0
  outer loop
    vertex -174.63880920410156 -5.805693626403809 3
    vertex -174.63880920410156 5.805693626403809 3
    vertex -175.11570739746094 -3.901806354522705 3
  endloop
endfacet
facet normal 0 0 0
  outer loop
    vertex -175.11570739746094 -3.901806354522705 3
    vertex -175.11570739746094 3.901806354522705 3
    vertex -175.40370178222656 -1.9603427648544312 3
  endloop
endfacet
facet normal 0 0 0
  outer loop
    vertex -141.3578643798828 -14.142135620117188 3
    vertex -142.27117919921875 -7.070950984954834 3
    vertex -143.0279541015625 -8.333553314208984 3
  endloop
endfacet
facet normal 0 0 0
  outer loop
    vertex -141.3578643798828 -14.142135620117188 3
    vertex -141.6417999267578 -5.740251541137695 3
    vertex -142.27117919921875 -7.070950984954834 3
  endloop
endfacet
facet normal 0 0 0
  outer loop
    vertex -141.3578643798828 -14.142135620117188 3
    vertex -141.14588928222656 -4.354269981384277 3
    vertex -141.6417999267578 -5.740251541137695 3
  endloop
endfacet
facet normal 0 0 0
  outer loop
    vertex -140.039794921875 -12.687865257263184 3
    vertex -140.78822326660156 -2.9263548851013184 3
    vertex -141.14588928222656 -4.354269981384277 3
  endloop
endfacet
facet normal 0 0 0
  outer loop
    vertex -140.039794921875 -12.687865257263184 3
    vertex -140.57223510742188 -1.4702571630477905 3
    vertex -140.78822326660156 -2.9263548851013184 3
  endloop
endfacet
facet normal 0 0 0
  outer loop
    vertex -140.039794921875 -12.687865257263184 3
    vertex -140.5 0 3
    vertex -140.57223510742188 -1.4702571630477905 3
  endloop
endfacet
facet normal 0 0 0
  outer loop
    vertex -138.87060546875 -11.111404418945312 3
    vertex -138.8038330078125 -11 3
    vertex -137.92005920410156 8.237438201904297 3
  endloop
endfacet
facet normal 0 0 0
  outer loop
    vertex -140.039794921875 -12.687865257263184 3
    vertex -138.87060546875 -11.111404418945312 3
    vertex -138.87060546875 11.111404418945312 3
  endloop
endfacet
facet normal 0 0 0
  outer loop
    vertex -175.40370178222656 -1.9603427648544312 -3
    vertex -175.5 0 -3
    vertex -175.40370178222656 1.9603427648544312 -3
  endloop
endfacet
facet normal 0 0 0
  outer loop
    vertex -170.960205078125 -12.687865257263184 -3
    vertex -170.960205078125 12.687865257263184 -3
    vertex -170.5 0 -3
  endloop
endfacet
facet normal 0 0 0
  outer loop
    vertex -175.40370178222656 -1.9603427648544312 -3
    vertex -175.40370178222656 1.9603427648544312 -3
    vertex -175.11570739746094 3.901806354522705 -3
  endloop
endfacet
facet normal 0 0 0
  outer loop
    vertex -175.11570739746094 -3.901806354522705 -3
    vertex -175.11570739746094 3.901806354522705 -3
    vertex -174.63880920410156 5.805693626403809 -3
  endloop
endfacet
facet normal 0 0 0
  outer loop
    vertex -174.63880920410156 -5.805693626403809 -3
    vertex -174.63880920410156 5.805693626403809 -3
    vertex -173.9775848388672 7.6536688804626465 -3
  endloop
endfacet
facet normal 0 0 0
  outer loop
    vertex -173.9775848388672 -7.6536688804626465 -3
    vertex -173.9775848388672 7.6536688804626465 -3
    vertex -173.138427734375 9.427934646606445 -3
  endloop
endfacet
facet normal 0 0 0
  outer loop
    vertex -173.138427734375 -9.427934646606445 -3
    vertex -173.138427734375 9.427934646606445 -3
    vertex -172.12939453125 11.111404418945312 -3
  endloop
endfacet
facet normal 0 0 0
  outer loop
    vertex -172.12939453125 -11.111404418945312 -3
    vertex -172.12939453125 11.111404418945312 -3
    vertex -170.960205078125 12.687865257263184 -3
  endloop
endfacet
facet normal 0 0 0
  outer loop
    vertex -170.960205078125 12.687865257263184 -3
    vertex -170.42776489257812 1.4702571630477905 -3
    vertex -170.5 0 -3
  endloop
endfacet
facet normal 0 0 0
  outer loop
    vertex -170.960205078125 12.687865257263184 -3
    vertex -170.21177673339844 2.9263548851013184 -3
    vertex -170.42776489257812 1.4702571630477905 -3
  endloop
endfacet
facet normal 0 0 0
  outer loop
    vertex -169.6421356201172 14.142135620117188 -3
    vertex -169.85411071777344 4.354269981384277 -3
    vertex -170.21177673339844 2.9263548851013184 -3
  endloop
endfacet
facet normal 0 0 0
  outer loop
    vertex -169.6421356201172 14.142135620117188 -3
    vertex -169.3582000732422 5.740251541137695 -3
    vertex -169.85411071777344 4.354269981384277 -3
  endloop
endfacet
facet normal 0 0 0
  outer loop
    vertex -170.960205078125 12.687865257263184 -3
    vertex -169.6421356201172 14.142135620117188 -3
    vertex -170.21177673339844 2.9263548851013184 -3
  endloop
endfacet
facet normal 0 0 0
  outer loop
    vertex -169.6421356201172 14.142135620117188 -3
    vertex -168.72882080078125 7.070950984954834 -3
    vertex -169.3582000732422 5.740251541137695 -3
  endloop
endfacet
facet normal 0 0 0
  outer loop
    vertex -175.5 0 -3
    vertex -175.40370178222656 1.9603427648544312 3
    vertex -175.40370178222656 1.9603427648544312 -3
  endloop
endfacet
facet normal 0 0 0
  outer loop
    vertex -175.40370178222656 1.9603427648544312 -3
    vertex -175.11570739746094 3.901806354522705 3
    vertex -175.11570739746094 3.901806354522705 -3
  endloop
endfacet
facet normal 0 0 0
  outer loop
    vertex -175.11570739746094 3.901806354522705 -3
    vertex -174.63880920410156 5.805693626403809 3
    vertex -174.63880920410156 5.805693626403809 -3
  endloop
endfacet
facet normal 0 0 0
  outer loop
    vertex -174.63880920410156 5.805693626403809 -3
    vertex -173.9775848388672 7.6536688804626465 3
    vertex -173.9775848388672 7.6536688804626465 -3
  endloop
endfacet
facet normal 0 0 0
  outer loop
    vertex -173.9775848388672 7.6536688804626465 -3
    vertex -173.138427734375 9.427934646606445 3
    vertex -173.138427734375 9.427934646606445 -3
  endloop
endfacet
facet normal 0 0 0
  outer loop
    vertex -168.1878662109375 15.460208892822266 -3
    vertex -167.9720458984375 8.333553314208984 -3
    vertex -168.72882080078125 7.070950984954834 -3
  endloop
endfacet
facet normal 0 0 0
  outer loop
    vertex -168.1878662109375 15.460208892822266 -3
    vertex -167.09515380859375 9.515899658203125 -3
    vertex -167.9720458984375 8.333553314208984 -3
  endloop
endfacet
facet normal 0 0 0
  outer loop
    vertex -169.6421356201172 14.142135620117188 -3
    vertex -168.1878662109375 15.460208892822266 -3
    vertex -168.72882080078125 7.070950984954834 -3
  endloop
endfacet
facet normal 0 0 0
  outer loop
    vertex -166.6114044189453 16.629392623901367 -3
    vertex -166.10659790039062 10.60660171508789 -3
    vertex -167.09515380859375 9.515899658203125 -3
  endloop
endfacet
facet normal 0 0 0
  outer loop
    vertex -164.9279327392578 17.638425827026367 -3
    vertex -165.01589965820312 11.5951566696167 -3
    vertex -166.10659790039062 10.60660171508789 -3
  endloop
endfacet
facet normal 0 0 0
  outer loop
    vertex -168.1878662109375 15.460208892822266 -3
    vertex -166.6114044189453 16.629392623901367 -3
    vertex -167.09515380859375 9.515899658203125 -3
  endloop
endfacet
facet normal 0 0 0
  outer loop
    vertex -164.9279327392578 17.638425827026367 -3
    vertex -163.83355712890625 12.472043991088867 -3
    vertex -165.01589965820312 11.5951566696167 -3
  endloop
endfacet
facet normal 0 0 0
  outer loop
    vertex -166.6114044189453 16.629392623901367 -3
    vertex -164.9279327392578 17.638425827026367 -3
    vertex -166.10659790039062 10.60660171508789 -3
  endloop
endfacet
facet normal 0 0 0
  outer loop
    vertex -163.15367126464844 18.477590560913086 -3
    vertex -162.57095336914062 13.228818893432617 -3
    vertex -163.83355712890625 12.472043991088867 -3
  endloop
endfacet
facet normal 0 0 0
  outer loop
    vertex -164.9279327392578 17.638425827026367 -3
    vertex -163.15367126464844 18.477590560913086 -3
    vertex -163.83355712890625 12.472043991088867 -3
  endloop
endfacet
facet normal 0 0 0
  outer loop
    vertex -161.30569458007812 19.13880729675293 -3
    vertex -161.24024963378906 13.858193397521973 -3
    vertex -162.57095336914062 13.228818893432617 -3
  endloop
endfacet
facet normal 0 0 0
  outer loop
    vertex -161.30569458007812 19.13880729675293 -3
    vertex -159.85426330566406 14.354104995727539 -3
    vertex -161.24024963378906 13.858193397521973 -3
  endloop
endfacet
facet normal 0 0 0
  outer loop
    vertex -159.4018096923828 19.615705490112305 -3
    vertex -158.42636108398438 14.711779594421387 -3
    vertex -159.85426330566406 14.354104995727539 -3
  endloop
endfacet
facet normal 0 0 0
  outer loop
    vertex -163.15367126464844 18.477590560913086 -3
    vertex -161.30569458007812 19.13880729675293 -3
    vertex -162.57095336914062 13.228818893432617 -3
  endloop
endfacet
facet normal 0 0 0
  outer loop
    vertex -157.46034240722656 19.90369415283203 -3
    vertex -156.9702606201172 14.927770614624023 -3
    vertex -158.42636108398438 14.711779594421387 -3
  endloop
endfacet
facet normal 0 0 0
  outer loop
    vertex -155.5 20 -3
    vertex -155.5 15 -3
    vertex -156.9702606201172 14.927770614624023 -3
  endloop
endfacet
facet normal 0 0 0
  outer loop
    vertex -153.53965759277344 19.90369415283203 -3
    vertex -154.0297393798828 14.927770614624023 -3
    vertex -155.5 15 -3
  endloop
endfacet
facet normal 0 0 0
  outer loop
    vertex -149.69430541992188 19.13880729675293 -3
    vertex -152.57363891601562 14.711779594421387 -3
    vertex -154.0297393798828 14.927770614624023 -3
  endloop
endfacet
facet normal 0 0 0
  outer loop
    vertex -161.30569458007812 19.13880729675293 -3
    vertex -159.4018096923828 19.615705490112305 -3
    vertex -159.85426330566406 14.354104995727539 -3
  endloop
endfacet
facet normal 0 0 0
  outer loop
    vertex -159.4018096923828 19.615705490112305 -3
    vertex -157.46034240722656 19.90369415283203 -3
    vertex -158.42636108398438 14.711779594421387 -3
  endloop
endfacet
facet normal 0 0 0
  outer loop
    vertex -157.46034240722656 19.90369415283203 -3
    vertex -155.5 20 -3
    vertex -156.9702606201172 14.927770614624023 -3
  endloop
endfacet
facet normal 0 0 0
  outer loop
    vertex -155.5 20 -3
    vertex -153.53965759277344 19.90369415283203 -3
    vertex -155.5 15 -3
  endloop
endfacet
facet normal 0 0 0
  outer loop
    vertex -153.53965759277344 19.90369415283203 -3
    vertex -151.5981903076172 19.615705490112305 -3
    vertex -154.0297393798828 14.927770614624023 -3
  endloop
endfacet
facet normal 0 0 0
  outer loop
    vertex -138.87060546875 11.111404418945312 -3
    vertex -145.32745361328125 11 -3
    vertex -145.98410034179688 11.5951566696167 -3
  endloop
endfacet
facet normal 0 0 0
  outer loop
    vertex -138.8038330078125 11 -3
    vertex -145.32745361328125 11 -3
    vertex -138.87060546875 11.111404418945312 -3
  endloop
endfacet
facet normal 0 0 0
  outer loop
    vertex -140.039794921875 12.687865257263184 -3
    vertex -145.98410034179688 11.5951566696167 -3
    vertex -147.16644287109375 12.472043991088867 -3
  endloop
endfacet
facet normal 0 0 0
  outer loop
    vertex -140.039794921875 12.687865257263184 -3
    vertex -138.87060546875 11.111404418945312 -3
    vertex -145.98410034179688 11.5951566696167 -3
  endloop
endfacet
facet normal 0 0 0
  outer loop
    vertex -142.8121337890625 15.460208892822266 -3
    vertex -148.42904663085938 13.228818893432617 -3
    vertex -149.75975036621094 13.858193397521973 -3
  endloop
endfacet
facet normal 0 0 0
  outer loop
    vertex -144.3885955810547 16.629392623901367 -3
    vertex -149.75975036621094 13.858193397521973 -3
    vertex -151.14573669433594 14.354104995727539 -3
  endloop
endfacet
facet normal 0 0 0
  outer loop
    vertex -141.3578643798828 14.142135620117188 -3
    vertex -147.16644287109375 12.472043991088867 -3
    vertex -148.42904663085938 13.228818893432617 -3
  endloop
endfacet
facet normal 0 0 0
  outer loop
    vertex -140.039794921875 12.687865257263184 -3
    vertex -147.16644287109375 12.472043991088867 -3
    vertex -141.3578643798828 14.142135620117188 -3
  endloop
endfacet
facet normal 0 0 0
  outer loop
    vertex -141.3578643798828 14.142135620117188 -3
    vertex -148.42904663085938 13.228818893432617 -3
    vertex -142.8121337890625 15.460208892822266 -3
  endloop
endfacet
facet normal 0 0 0
  outer loop
    vertex -147.84632873535156 18.477590560913086 -3
    vertex -151.14573669433594 14.354104995727539 -3
    vertex -152.57363891601562 14.711779594421387 -3
  endloop
endfacet
facet normal 0 0 0
  outer loop
    vertex -144.3885955810547 16.629392623901367 -3
    vertex -151.14573669433594 14.354104995727539 -3
    vertex -146.0720672607422 17.638425827026367 -3
  endloop
endfacet
facet normal 0 0 0
  outer loop
    vertex -147.84632873535156 18.477590560913086 -3
    vertex -152.57363891601562 14.711779594421387 -3
    vertex -149.69430541992188 19.13880729675293 -3
  endloop
endfacet
facet normal 0 0 0
  outer loop
    vertex -146.0720672607422 17.638425827026367 -3
    vertex -151.14573669433594 14.354104995727539 -3
    vertex -147.84632873535156 18.477590560913086 -3
  endloop
endfacet
facet normal 0 0 0
  outer loop
    vertex -142.8121337890625 15.460208892822266 -3
    vertex -149.75975036621094 13.858193397521973 -3
    vertex -144.3885955810547 16.629392623901367 -3
  endloop
endfacet
facet normal 0 0 0
  outer loop
    vertex -151.5981903076172 19.615705490112305 -3
    vertex -149.69430541992188 19.13880729675293 -3
    vertex -154.0297393798828 14.927770614624023 -3
  endloop
endfacet
facet normal 0 0 0
  outer loop
    vertex -173.138427734375 9.427934646606445 -3
    vertex -172.12939453125 11.111404418945312 3
    vertex -172.12939453125 11.111404418945312 -3
  endloop
endfacet
facet normal 0 0 0
  outer loop
    vertex -172.12939453125 11.111404418945312 -3
    vertex -170.960205078125 12.687865257263184 3
    vertex -170.960205078125 12.687865257263184 -3
  endloop
endfacet
facet normal 0 0 0
  outer loop
    vertex -170.960205078125 12.687865257263184 -3
    vertex -169.6421356201172 14.142135620117188 3
    vertex -169.6421356201172 14.142135620117188 -3
  endloop
endfacet
facet normal 0 0 0
  outer loop
    vertex -169.6421356201172 14.142135620117188 -3
    vertex -168.1878662109375 15.460208892822266 3
    vertex -168.1878662109375 15.460208892822266 -3
  endloop
endfacet
facet normal 0 0 0
  outer loop
    vertex -168.1878662109375 15.460208892822266 -3
    vertex -166.6114044189453 16.629392623901367 3
    vertex -166.6114044189453 16.629392623901367 -3
  endloop
endfacet
facet normal 0 0 0
  outer loop
    vertex -166.6114044189453 16.629392623901367 -3
    vertex -164.9279327392578 17.638425827026367 3
    vertex -164.9279327392578 17.638425827026367 -3
  endloop
endfacet
facet normal 0 0 0
  outer loop
    vertex -164.9279327392578 17.638425827026367 -3
    vertex -163.15367126464844 18.477590560913086 3
    vertex -163.15367126464844 18.477590560913086 -3
  endloop
endfacet
facet normal 0 0 0
  outer loop
    vertex -163.15367126464844 18.477590560913086 -3
    vertex -161.30569458007812 19.13880729675293 3
    vertex -161.30569458007812 19.13880729675293 -3
  endloop
endfacet
facet normal 0 0 0
  outer loop
    vertex -161.30569458007812 19.13880729675293 -3
    vertex -159.4018096923828 19.615705490112305 3
    vertex -159.4018096923828 19.615705490112305 -3
  endloop
endfacet
facet normal 0 0 0
  outer loop
    vertex -159.4018096923828 19.615705490112305 -3
    vertex -157.46034240722656 19.90369415283203 3
    vertex -157.46034240722656 19.90369415283203 -3
  endloop
endfacet
facet normal 0 0 0
  outer loop
    vertex -157.46034240722656 19.90369415283203 -3
    vertex -155.5 20 3
    vertex -155.5 20 -3
  endloop
endfacet
facet normal 0 0 0
  outer loop
    vertex -155.5 20 -3
    vertex -153.53965759277344 19.90369415283203 3
    vertex -153.53965759277344 19.90369415283203 -3
  endloop
endfacet
facet normal 0 0 0
  outer loop
    vertex -153.53965759277344 19.90369415283203 -3
    vertex -151.5981903076172 19.615705490112305 3
    vertex -151.5981903076172 19.615705490112305 -3
  endloop
endfacet
facet normal 0 0 0
  outer loop
    vertex -140.039794921875 12.687865257263184 -3
    vertex -141.3578643798828 14.142135620117188 -3
    vertex -140.039794921875 12.687865257263184 3
  endloop
endfacet
facet normal 0 0 0
  outer loop
    vertex -141.3578643798828 14.142135620117188 -3
    vertex -142.8121337890625 15.460208892822266 -3
    vertex -141.3578643798828 14.142135620117188 3
  endloop
endfacet
facet normal 0 0 0
  outer loop
    vertex -138.8038330078125 11 -3
    vertex -138.87060546875 11.111404418945312 -3
    vertex -138.87060546875 11.111404418945312 3
  endloop
endfacet
facet normal 0 0 0
  outer loop
    vertex -140.039794921875 12.687865257263184 -3
    vertex -138.87060546875 11.111404418945312 3
    vertex -138.87060546875 11.111404418945312 -3
  endloop
endfacet
facet normal 0 0 0
  outer loop
    vertex -142.8121337890625 15.460208892822266 -3
    vertex -144.3885955810547 16.629392623901367 -3
    vertex -142.8121337890625 15.460208892822266 3
  endloop
endfacet
facet normal 0 0 0
  outer loop
    vertex -144.3885955810547 16.629392623901367 -3
    vertex -146.0720672607422 17.638425827026367 -3
    vertex -144.3885955810547 16.629392623901367 3
  endloop
endfacet
facet normal 0 0 0
  outer loop
    vertex -146.0720672607422 17.638425827026367 -3
    vertex -147.84632873535156 18.477590560913086 -3
    vertex -146.0720672607422 17.638425827026367 3
  endloop
endfacet
facet normal 0 0 0
  outer loop
    vertex -147.84632873535156 18.477590560913086 -3
    vertex -149.69430541992188 19.13880729675293 -3
    vertex -147.84632873535156 18.477590560913086 3
  endloop
endfacet
facet normal 0 0 0
  outer loop
    vertex -151.5981903076172 19.615705490112305 -3
    vertex -149.69430541992188 19.13880729675293 3
    vertex -149.69430541992188 19.13880729675293 -3
  endloop
endfacet
facet normal 0 0 0
  outer loop
    vertex -175.5 0 -3
    vertex -175.5 0 3
    vertex -175.40370178222656 1.9603427648544312 3
  endloop
endfacet
facet normal 0 0 0
  outer loop
    vertex -175.40370178222656 1.9603427648544312 -3
    vertex -175.40370178222656 1.9603427648544312 3
    vertex -175.11570739746094 3.901806354522705 3
  endloop
endfacet
facet normal 0 0 0
  outer loop
    vertex -175.11570739746094 3.901806354522705 -3
    vertex -175.11570739746094 3.901806354522705 3
    vertex -174.63880920410156 5.805693626403809 3
  endloop
endfacet
facet normal 0 0 0
  outer loop
    vertex -174.63880920410156 5.805693626403809 -3
    vertex -174.63880920410156 5.805693626403809 3
    vertex -173.9775848388672 7.6536688804626465 3
  endloop
endfacet
facet normal 0 0 0
  outer loop
    vertex -173.9775848388672 7.6536688804626465 -3
    vertex -173.9775848388672 7.6536688804626465 3
    vertex -173.138427734375 9.427934646606445 3
  endloop
endfacet
facet normal 0 0 0
  outer loop
    vertex -173.138427734375 9.427934646606445 -3
    vertex -173.138427734375 9.427934646606445 3
    vertex -172.12939453125 11.111404418945312 3
  endloop
endfacet
facet normal 0 0 0
  outer loop
    vertex -175.40370178222656 -1.9603427648544312 3
    vertex -175.40370178222656 1.9603427648544312 3
    vertex -175.5 0 3
  endloop
endfacet
facet normal 0 0 0
  outer loop
    vertex -170.960205078125 -12.687865257263184 3
    vertex -170.5 0 3
    vertex -170.960205078125 12.687865257263184 3
  endloop
endfacet
facet normal 0 0 0
  outer loop
    vertex -175.40370178222656 -1.9603427648544312 3
    vertex -175.11570739746094 3.901806354522705 3
    vertex -175.40370178222656 1.9603427648544312 3
  endloop
endfacet
facet normal 0 0 0
  outer loop
    vertex -175.11570739746094 -3.901806354522705 3
    vertex -174.63880920410156 5.805693626403809 3
    vertex -175.11570739746094 3.901806354522705 3
  endloop
endfacet
facet normal 0 0 0
  outer loop
    vertex -174.63880920410156 -5.805693626403809 3
    vertex -173.9775848388672 7.6536688804626465 3
    vertex -174.63880920410156 5.805693626403809 3
  endloop
endfacet
facet normal 0 0 0
  outer loop
    vertex -173.9775848388672 -7.6536688804626465 3
    vertex -173.138427734375 9.427934646606445 3
    vertex -173.9775848388672 7.6536688804626465 3
  endloop
endfacet
facet normal 0 0 0
  outer loop
    vertex -173.138427734375 -9.427934646606445 3
    vertex -172.12939453125 11.111404418945312 3
    vertex -173.138427734375 9.427934646606445 3
  endloop
endfacet
facet normal 0 0 0
  outer loop
    vertex -172.12939453125 -11.111404418945312 3
    vertex -170.960205078125 12.687865257263184 3
    vertex -172.12939453125 11.111404418945312 3
  endloop
endfacet
facet normal 0 0 0
  outer loop
    vertex -170.960205078125 12.687865257263184 3
    vertex -170.5 0 3
    vertex -170.42776489257812 1.4702571630477905 3
  endloop
endfacet
facet normal 0 0 0
  outer loop
    vertex -170.960205078125 12.687865257263184 3
    vertex -170.42776489257812 1.4702571630477905 3
    vertex -170.21177673339844 2.9263548851013184 3
  endloop
endfacet
facet normal 0 0 0
  outer loop
    vertex -170.960205078125 12.687865257263184 3
    vertex -170.21177673339844 2.9263548851013184 3
    vertex -169.85411071777344 4.354269981384277 3
  endloop
endfacet
facet normal 0 0 0
  outer loop
    vertex -169.6421356201172 14.142135620117188 3
    vertex -169.85411071777344 4.354269981384277 3
    vertex -169.3582000732422 5.740251541137695 3
  endloop
endfacet
facet normal 0 0 0
  outer loop
    vertex -169.6421356201172 14.142135620117188 3
    vertex -169.3582000732422 5.740251541137695 3
    vertex -168.72882080078125 7.070950984954834 3
  endloop
endfacet
facet normal 0 0 0
  outer loop
    vertex -169.6421356201172 14.142135620117188 3
    vertex -168.72882080078125 7.070950984954834 3
    vertex -167.9720458984375 8.333553314208984 3
  endloop
endfacet
facet normal 0 0 0
  outer loop
    vertex -140.039794921875 -12.687865257263184 3
    vertex -140.039794921875 12.687865257263184 3
    vertex -140.5 0 3
  endloop
endfacet
facet normal 0 0 0
  outer loop
    vertex -140.039794921875 12.687865257263184 3
    vertex -140.57223510742188 1.4702571630477905 3
    vertex -140.5 0 3
  endloop
endfacet
facet normal 0 0 0
  outer loop
    vertex -138.8038330078125 -11 3
    vertex -137.861572265625 8.22824764251709 3
    vertex -137.92005920410156 8.237438201904297 3
  endloop
endfacet
facet normal 0 0 0
  outer loop
    vertex -138.87060546875 -11.111404418945312 3
    vertex -137.92005920410156 8.237438201904297 3
    vertex -138.87060546875 11.111404418945312 3
  endloop
endfacet
facet normal 0 0 0
  outer loop
    vertex -140.039794921875 -12.687865257263184 3
    vertex -138.87060546875 11.111404418945312 3
    vertex -140.039794921875 12.687865257263184 3
  endloop
endfacet
facet normal 0 0 0
  outer loop
    vertex -140.039794921875 12.687865257263184 3
    vertex -140.78822326660156 2.9263548851013184 3
    vertex -140.57223510742188 1.4702571630477905 3
  endloop
endfacet
facet normal 0 0 0
  outer loop
    vertex -140.039794921875 12.687865257263184 3
    vertex -141.14588928222656 4.354269981384277 3
    vertex -140.78822326660156 2.9263548851013184 3
  endloop
endfacet
facet normal 0 0 0
  outer loop
    vertex -141.3578643798828 14.142135620117188 3
    vertex -141.6417999267578 5.740251541137695 3
    vertex -141.14588928222656 4.354269981384277 3
  endloop
endfacet
facet normal 0 0 0
  outer loop
    vertex -141.3578643798828 14.142135620117188 3
    vertex -142.27117919921875 7.070950984954834 3
    vertex -141.6417999267578 5.740251541137695 3
  endloop
endfacet
facet normal 0 0 0
  outer loop
    vertex -172.12939453125 11.111404418945312 -3
    vertex -172.12939453125 11.111404418945312 3
    vertex -170.960205078125 12.687865257263184 3
  endloop
endfacet
facet normal 0 0 0
  outer loop
    vertex -170.960205078125 12.687865257263184 -3
    vertex -170.960205078125 12.687865257263184 3
    vertex -169.6421356201172 14.142135620117188 3
  endloop
endfacet
facet normal 0 0 0
  outer loop
    vertex -169.6421356201172 14.142135620117188 -3
    vertex -169.6421356201172 14.142135620117188 3
    vertex -168.1878662109375 15.460208892822266 3
  endloop
endfacet
facet normal 0 0 0
  outer loop
    vertex -168.1878662109375 15.460208892822266 -3
    vertex -168.1878662109375 15.460208892822266 3
    vertex -166.6114044189453 16.629392623901367 3
  endloop
endfacet
facet normal 0 0 0
  outer loop
    vertex -166.6114044189453 16.629392623901367 -3
    vertex -166.6114044189453 16.629392623901367 3
    vertex -164.9279327392578 17.638425827026367 3
  endloop
endfacet
facet normal 0 0 0
  outer loop
    vertex -164.9279327392578 17.638425827026367 -3
    vertex -164.9279327392578 17.638425827026367 3
    vertex -163.15367126464844 18.477590560913086 3
  endloop
endfacet
facet normal 0 0 0
  outer loop
    vertex -163.15367126464844 18.477590560913086 -3
    vertex -163.15367126464844 18.477590560913086 3
    vertex -161.30569458007812 19.13880729675293 3
  endloop
endfacet
facet normal 0 0 0
  outer loop
    vertex -161.30569458007812 19.13880729675293 -3
    vertex -161.30569458007812 19.13880729675293 3
    vertex -159.4018096923828 19.615705490112305 3
  endloop
endfacet
facet normal 0 0 0
  outer loop
    vertex -159.4018096923828 19.615705490112305 -3
    vertex -159.4018096923828 19.615705490112305 3
    vertex -157.46034240722656 19.90369415283203 3
  endloop
endfacet
facet normal 0 0 0
  outer loop
    vertex -157.46034240722656 19.90369415283203 -3
    vertex -157.46034240722656 19.90369415283203 3
    vertex -155.5 20 3
  endloop
endfacet
facet normal 0 0 0
  outer loop
    vertex -155.5 20 -3
    vertex -155.5 20 3
    vertex -153.53965759277344 19.90369415283203 3
  endloop
endfacet
facet normal 0 0 0
  outer loop
    vertex -153.53965759277344 19.90369415283203 -3
    vertex -153.53965759277344 19.90369415283203 3
    vertex -151.5981903076172 19.615705490112305 3
  endloop
endfacet
facet normal 0 0 0
  outer loop
    vertex -141.3578643798828 14.142135620117188 -3
    vertex -141.3578643798828 14.142135620117188 3
    vertex -140.039794921875 12.687865257263184 3
  endloop
endfacet
facet normal 0 0 0
  outer loop
    vertex -138.8038330078125 11 -3
    vertex -138.87060546875 11.111404418945312 3
    vertex -138.8038330078125 11 3
  endloop
endfacet
facet normal 0 0 0
  outer loop
    vertex -140.039794921875 12.687865257263184 -3
    vertex -140.039794921875 12.687865257263184 3
    vertex -138.87060546875 11.111404418945312 3
  endloop
endfacet
facet normal 0 0 0
  outer loop
    vertex -144.3885955810547 16.629392623901367 -3
    vertex -144.3885955810547 16.629392623901367 3
    vertex -142.8121337890625 15.460208892822266 3
  endloop
endfacet
facet normal 0 0 0
  outer loop
    vertex -142.8121337890625 15.460208892822266 -3
    vertex -142.8121337890625 15.460208892822266 3
    vertex -141.3578643798828 14.142135620117188 3
  endloop
endfacet
facet normal 0 0 0
  outer loop
    vertex -146.0720672607422 17.638425827026367 -3
    vertex -146.0720672607422 17.638425827026367 3
    vertex -144.3885955810547 16.629392623901367 3
  endloop
endfacet
facet normal 0 0 0
  outer loop
    vertex -147.84632873535156 18.477590560913086 -3
    vertex -147.84632873535156 18.477590560913086 3
    vertex -146.0720672607422 17.638425827026367 3
  endloop
endfacet
facet normal 0 0 0
  outer loop
    vertex -149.69430541992188 19.13880729675293 -3
    vertex -149.69430541992188 19.13880729675293 3
    vertex -147.84632873535156 18.477590560913086 3
  endloop
endfacet
facet normal 0 0 0
  outer loop
    vertex -151.5981903076172 19.615705490112305 -3
    vertex -151.5981903076172 19.615705490112305 3
    vertex -149.69430541992188 19.13880729675293 3
  endloop
endfacet
facet normal 0 0 0
  outer loop
    vertex -170.960205078125 12.687865257263184 3
    vertex -169.85411071777344 4.354269981384277 3
    vertex -169.6421356201172 14.142135620117188 3
  endloop
endfacet
facet normal 0 0 0
  outer loop
    vertex -168.1878662109375 15.460208892822266 3
    vertex -167.9720458984375 8.333553314208984 3
    vertex -167.09515380859375 9.515899658203125 3
  endloop
endfacet
facet normal 0 0 0
  outer loop
    vertex -168.1878662109375 15.460208892822266 3
    vertex -167.09515380859375 9.515899658203125 3
    vertex -166.10659790039062 10.60660171508789 3
  endloop
endfacet
facet normal 0 0 0
  outer loop
    vertex -169.6421356201172 14.142135620117188 3
    vertex -167.9720458984375 8.333553314208984 3
    vertex -168.1878662109375 15.460208892822266 3
  endloop
endfacet
facet normal 0 0 0
  outer loop
    vertex -166.6114044189453 16.629392623901367 3
    vertex -166.10659790039062 10.60660171508789 3
    vertex -165.01589965820312 11.5951566696167 3
  endloop
endfacet
facet normal 0 0 0
  outer loop
    vertex -168.1878662109375 15.460208892822266 3
    vertex -166.10659790039062 10.60660171508789 3
    vertex -166.6114044189453 16.629392623901367 3
  endloop
endfacet
facet normal 0 0 0
  outer loop
    vertex -164.9279327392578 17.638425827026367 3
    vertex -165.01589965820312 11.5951566696167 3
    vertex -163.83355712890625 12.472043991088867 3
  endloop
endfacet
facet normal 0 0 0
  outer loop
    vertex -164.9279327392578 17.638425827026367 3
    vertex -163.83355712890625 12.472043991088867 3
    vertex -162.57095336914062 13.228818893432617 3
  endloop
endfacet
facet normal 0 0 0
  outer loop
    vertex -166.6114044189453 16.629392623901367 3
    vertex -165.01589965820312 11.5951566696167 3
    vertex -164.9279327392578 17.638425827026367 3
  endloop
endfacet
facet normal 0 0 0
  outer loop
    vertex -163.15367126464844 18.477590560913086 3
    vertex -162.57095336914062 13.228818893432617 3
    vertex -161.24024963378906 13.858193397521973 3
  endloop
endfacet
facet normal 0 0 0
  outer loop
    vertex -161.30569458007812 19.13880729675293 3
    vertex -161.24024963378906 13.858193397521973 3
    vertex -159.85426330566406 14.354104995727539 3
  endloop
endfacet
facet normal 0 0 0
  outer loop
    vertex -161.30569458007812 19.13880729675293 3
    vertex -159.85426330566406 14.354104995727539 3
    vertex -158.42636108398438 14.711779594421387 3
  endloop
endfacet
facet normal 0 0 0
  outer loop
    vertex -164.9279327392578 17.638425827026367 3
    vertex -162.57095336914062 13.228818893432617 3
    vertex -163.15367126464844 18.477590560913086 3
  endloop
endfacet
facet normal 0 0 0
  outer loop
    vertex -163.15367126464844 18.477590560913086 3
    vertex -161.24024963378906 13.858193397521973 3
    vertex -161.30569458007812 19.13880729675293 3
  endloop
endfacet
facet normal 0 0 0
  outer loop
    vertex -159.4018096923828 19.615705490112305 3
    vertex -158.42636108398438 14.711779594421387 3
    vertex -156.9702606201172 14.927770614624023 3
  endloop
endfacet
facet normal 0 0 0
  outer loop
    vertex -157.46034240722656 19.90369415283203 3
    vertex -156.9702606201172 14.927770614624023 3
    vertex -155.5 15 3
  endloop
endfacet
facet normal 0 0 0
  outer loop
    vertex -155.5 20 3
    vertex -155.5 15 3
    vertex -154.0297393798828 14.927770614624023 3
  endloop
endfacet
facet normal 0 0 0
  outer loop
    vertex -153.53965759277344 19.90369415283203 3
    vertex -154.0297393798828 14.927770614624023 3
    vertex -152.57363891601562 14.711779594421387 3
  endloop
endfacet
facet normal 0 0 0
  outer loop
    vertex -161.30569458007812 19.13880729675293 3
    vertex -158.42636108398438 14.711779594421387 3
    vertex -159.4018096923828 19.615705490112305 3
  endloop
endfacet
facet normal 0 0 0
  outer loop
    vertex -159.4018096923828 19.615705490112305 3
    vertex -156.9702606201172 14.927770614624023 3
    vertex -157.46034240722656 19.90369415283203 3
  endloop
endfacet
facet normal 0 0 0
  outer loop
    vertex -157.46034240722656 19.90369415283203 3
    vertex -155.5 15 3
    vertex -155.5 20 3
  endloop
endfacet
facet normal 0 0 0
  outer loop
    vertex -153.53965759277344 19.90369415283203 3
    vertex -152.57363891601562 14.711779594421387 3
    vertex -151.5981903076172 19.615705490112305 3
  endloop
endfacet
facet normal 0 0 0
  outer loop
    vertex -155.5 20 3
    vertex -154.0297393798828 14.927770614624023 3
    vertex -153.53965759277344 19.90369415283203 3
  endloop
endfacet
facet normal 0 0 0
  outer loop
    vertex -142.8121337890625 15.460208892822266 3
    vertex -143.90484619140625 9.515899658203125 3
    vertex -143.0279541015625 8.333553314208984 3
  endloop
endfacet
facet normal 0 0 0
  outer loop
    vertex -142.8121337890625 15.460208892822266 3
    vertex -143.0279541015625 8.333553314208984 3
    vertex -142.27117919921875 7.070950984954834 3
  endloop
endfacet
facet normal 0 0 0
  outer loop
    vertex -140.039794921875 12.687865257263184 3
    vertex -141.3578643798828 14.142135620117188 3
    vertex -141.14588928222656 4.354269981384277 3
  endloop
endfacet
facet normal 0 0 0
  outer loop
    vertex -144.3885955810547 16.629392623901367 3
    vertex -144.89340209960938 10.60660171508789 3
    vertex -143.90484619140625 9.515899658203125 3
  endloop
endfacet
facet normal 0 0 0
  outer loop
    vertex -141.3578643798828 14.142135620117188 3
    vertex -142.8121337890625 15.460208892822266 3
    vertex -142.27117919921875 7.070950984954834 3
  endloop
endfacet
facet normal 0 0 0
  outer loop
    vertex -146.0720672607422 17.638425827026367 3
    vertex -147.16644287109375 12.472043991088867 3
    vertex -145.98410034179688 11.5951566696167 3
  endloop
endfacet
facet normal 0 0 0
  outer loop
    vertex -147.84632873535156 18.477590560913086 3
    vertex -148.42904663085938 13.228818893432617 3
    vertex -147.16644287109375 12.472043991088867 3
  endloop
endfacet
facet normal 0 0 0
  outer loop
    vertex -144.3885955810547 16.629392623901367 3
    vertex -145.98410034179688 11.5951566696167 3
    vertex -144.89340209960938 10.60660171508789 3
  endloop
endfacet
facet normal 0 0 0
  outer loop
    vertex -142.8121337890625 15.460208892822266 3
    vertex -144.3885955810547 16.629392623901367 3
    vertex -143.90484619140625 9.515899658203125 3
  endloop
endfacet
facet normal 0 0 0
  outer loop
    vertex -137.92005920410156 8.237438201904297 3
    vertex -138.8038330078125 11 3
    vertex -138.87060546875 11.111404418945312 3
  endloop
endfacet
facet normal 0 0 0
  outer loop
    vertex -149.69430541992188 19.13880729675293 3
    vertex -149.75975036621094 13.858193397521973 3
    vertex -148.42904663085938 13.228818893432617 3
  endloop
endfacet
facet normal 0 0 0
  outer loop
    vertex -151.5981903076172 19.615705490112305 3
    vertex -152.57363891601562 14.711779594421387 3
    vertex -151.14573669433594 14.354104995727539 3
  endloop
endfacet
facet normal 0 0 0
  outer loop
    vertex -149.69430541992188 19.13880729675293 3
    vertex -151.14573669433594 14.354104995727539 3
    vertex -149.75975036621094 13.858193397521973 3
  endloop
endfacet
facet normal 0 0 0
  outer loop
    vertex -146.0720672607422 17.638425827026367 3
    vertex -147.84632873535156 18.477590560913086 3
    vertex -147.16644287109375 12.472043991088867 3
  endloop
endfacet
facet normal 0 0 0
  outer loop
    vertex -147.84632873535156 18.477590560913086 3
    vertex -149.69430541992188 19.13880729675293 3
    vertex -148.42904663085938 13.228818893432617 3
  endloop
endfacet
facet normal 0 0 0
  outer loop
    vertex -144.3885955810547 16.629392623901367 3
    vertex -146.0720672607422 17.638425827026367 3
    vertex -145.98410034179688 11.5951566696167 3
  endloop
endfacet
facet normal 0 0 0
  outer loop
    vertex -151.5981903076172 19.615705490112305 3
    vertex -151.14573669433594 14.354104995727539 3
    vertex -149.69430541992188 19.13880729675293 3
  endloop
endfacet
facet normal 0 0 0
  outer loop
    vertex -4.542874813079834 -5.957088470458984 -2
    vertex -4.166776657104492 -6.236021995544434 -3
    vertex -4.542874813079834 -5.957088470458984 -3
  endloop
endfacet
facet normal 0 0 0
  outer loop
    vertex -3.535475492477417 -6.614409446716309 -3
    vertex -4.166776657104492 -6.236021995544434 -3
    vertex -4.166776657104492 -6.236021995544434 3
  endloop
endfacet
facet normal 0 0 0
  outer loop
    vertex -4.542874813079834 -5.957088470458984 -2
    vertex -4.542874813079834 -5.957088470458984 2
    vertex -4.166776657104492 -6.236021995544434 -3
  endloop
endfacet
facet normal 0 0 0
  outer loop
    vertex -2.1771349906921387 -7.1770524978637695 -3
    vertex -2.8701257705688477 -6.929096698760986 -3
    vertex -2.8701257705688477 -6.929096698760986 3
  endloop
endfacet
facet normal 0 0 0
  outer loop
    vertex -1.4631774425506592 -7.355889797210693 -3
    vertex -2.1771349906921387 -7.1770524978637695 -3
    vertex -2.1771349906921387 -7.1770524978637695 3
  endloop
endfacet
facet normal 0 0 0
  outer loop
    vertex -1 -7.424595355987549 -3
    vertex -1.4631774425506592 -7.355889797210693 -3
    vertex -1.4631774425506592 -7.355889797210693 3
  endloop
endfacet
facet normal 0 0 0
  outer loop
    vertex -2.8701257705688477 -6.929096698760986 -3
    vertex -3.535475492477417 -6.614409446716309 -3
    vertex -3.535475492477417 -6.614409446716309 3
  endloop
endfacet
facet normal 0 0 0
  outer loop
    vertex -4.7579498291015625 -5.79757833480835 -2
    vertex -4.542874813079834 -5.957088470458984 2
    vertex -4.542874813079834 -5.957088470458984 -2
  endloop
endfacet
facet normal 0 0 0
  outer loop
    vertex -4.7579498291015625 -5.79757833480835 -2
    vertex -5.303300857543945 -5.303300857543945 -2
    vertex -4.7579498291015625 -5.79757833480835 2
  endloop
endfacet
facet normal 0 0 0
  outer loop
    vertex -5.79757833480835 -4.7579498291015625 -2
    vertex -5.303300857543945 -5.303300857543945 2
    vertex -5.303300857543945 -5.303300857543945 -2
  endloop
endfacet
facet normal 0 0 0
  outer loop
    vertex -1 -7.424595355987549 -2
    vertex -1 -7.424595355987549 -3
    vertex -1.4631774425506592 -7.355889797210693 3
  endloop
endfacet
facet normal 0 0 0
  outer loop
    vertex -1 -7.424595355987549 -2
    vertex -0.7351285815238953 -7.463885307312012 2
    vertex -0.7351285815238953 -7.463885307312012 -2
  endloop
endfacet
facet normal 0 0 0
  outer loop
    vertex -0.7351285815238953 -7.463885307312012 -2
    vertex 0 -7.5 2
    vertex 0 -7.5 -2
  endloop
endfacet
facet normal 0 0 0
  outer loop
    vertex -5.957088470458984 -4.542874813079834 -3
    vertex -6.236021995544434 -4.166776657104492 -3
    vertex -6.236021995544434 -4.166776657104492 3
  endloop
endfacet
facet normal 0 0 0
  outer loop
    vertex -6.614409446716309 -3.535475492477417 -3
    vertex -6.929096698760986 -2.8701257705688477 -3
    vertex -6.929096698760986 -2.8701257705688477 3
  endloop
endfacet
facet normal 0 0 0
  outer loop
    vertex -6.236021995544434 -4.166776657104492 -3
    vertex -6.614409446716309 -3.535475492477417 -3
    vertex -6.614409446716309 -3.535475492477417 3
  endloop
endfacet
facet normal 0 0 0
  outer loop
    vertex -6.929096698760986 -2.8701257705688477 -3
    vertex -7.1770524978637695 -2.1771349906921387 -3
    vertex -7.1770524978637695 -2.1771349906921387 3
  endloop
endfacet
facet normal 0 0 0
  outer loop
    vertex -7.1770524978637695 -2.1771349906921387 -3
    vertex -7.355889797210693 -1.4631774425506592 -3
    vertex -7.355889797210693 -1.4631774425506592 3
  endloop
endfacet
facet normal 0 0 0
  outer loop
    vertex -7.355889797210693 -1.4631774425506592 -3
    vertex -7.463885307312012 -0.7351285815238953 -3
    vertex -7.463885307312012 -0.7351285815238953 3
  endloop
endfacet
facet normal 0 0 0
  outer loop
    vertex -7.463885307312012 -0.7351285815238953 -3
    vertex -7.5 0 -3
    vertex -7.5 0 3
  endloop
endfacet
facet normal 0 0 0
  outer loop
    vertex -5.957088470458984 -4.542874813079834 -2
    vertex -5.957088470458984 -4.542874813079834 -3
    vertex -6.236021995544434 -4.166776657104492 3
  endloop
endfacet
facet normal 0 0 0
  outer loop
    vertex -5.79757833480835 -4.7579498291015625 -2
    vertex -5.957088470458984 -4.542874813079834 -2
    vertex -5.79757833480835 -4.7579498291015625 2
  endloop
endfacet
facet normal 0 0 0
  outer loop
    vertex -4.542874813079834 -5.957088470458984 2
    vertex -4.542874813079834 -5.957088470458984 3
    vertex -4.166776657104492 -6.236021995544434 -3
  endloop
endfacet
facet normal 0 0 0
  outer loop
    vertex -4.7579498291015625 -5.79757833480835 -2
    vertex -4.7579498291015625 -5.79757833480835 2
    vertex -4.542874813079834 -5.957088470458984 2
  endloop
endfacet
facet normal 0 0 0
  outer loop
    vertex -5.303300857543945 -5.303300857543945 -2
    vertex -5.303300857543945 -5.303300857543945 2
    vertex -4.7579498291015625 -5.79757833480835 2
  endloop
endfacet
facet normal 0 0 0
  outer loop
    vertex -1 -7.424595355987549 -2
    vertex -1 -7.424595355987549 2
    vertex -0.7351285815238953 -7.463885307312012 2
  endloop
endfacet
facet normal 0 0 0
  outer loop
    vertex -0.7351285815238953 -7.463885307312012 -2
    vertex -0.7351285815238953 -7.463885307312012 2
    vertex 0 -7.5 2
  endloop
endfacet
facet normal 0 0 0
  outer loop
    vertex -3.535475492477417 -6.614409446716309 -3
    vertex -4.166776657104492 -6.236021995544434 3
    vertex -3.535475492477417 -6.614409446716309 3
  endloop
endfacet
facet normal 0 0 0
  outer loop
    vertex -4.542874813079834 -5.957088470458984 3
    vertex -4.166776657104492 -6.236021995544434 3
    vertex -4.166776657104492 -6.236021995544434 -3
  endloop
endfacet
facet normal 0 0 0
  outer loop
    vertex -2.1771349906921387 -7.1770524978637695 -3
    vertex -2.8701257705688477 -6.929096698760986 3
    vertex -2.1771349906921387 -7.1770524978637695 3
  endloop
endfacet
facet normal 0 0 0
  outer loop
    vertex -2.1771349906921387 -7.1770524978637695 3
    vertex -1.4631774425506592 -7.355889797210693 3
    vertex -1.4631774425506592 -7.355889797210693 -3
  endloop
endfacet
facet normal 0 0 0
  outer loop
    vertex -1 -7.424595355987549 -2
    vertex -1.4631774425506592 -7.355889797210693 3
    vertex -1 -7.424595355987549 2
  endloop
endfacet
facet normal 0 0 0
  outer loop
    vertex -3.535475492477417 -6.614409446716309 3
    vertex -2.8701257705688477 -6.929096698760986 3
    vertex -2.8701257705688477 -6.929096698760986 -3
  endloop
endfacet
facet normal 0 0 0
  outer loop
    vertex -5.79757833480835 -4.7579498291015625 -2
    vertex -5.79757833480835 -4.7579498291015625 2
    vertex -5.303300857543945 -5.303300857543945 2
  endloop
endfacet
facet normal 0 0 0
  outer loop
    vertex -5.957088470458984 -4.542874813079834 -2
    vertex -5.957088470458984 -4.542874813079834 2
    vertex -5.79757833480835 -4.7579498291015625 2
  endloop
endfacet
facet normal 0 0 0
  outer loop
    vertex -5.957088470458984 -4.542874813079834 -2
    vertex -6.236021995544434 -4.166776657104492 3
    vertex -5.957088470458984 -4.542874813079834 2
  endloop
endfacet
facet normal 0 0 0
  outer loop
    vertex -6.236021995544434 -4.166776657104492 -3
    vertex -6.614409446716309 -3.535475492477417 3
    vertex -6.236021995544434 -4.166776657104492 3
  endloop
endfacet
facet normal 0 0 0
  outer loop
    vertex -6.614409446716309 -3.535475492477417 -3
    vertex -6.929096698760986 -2.8701257705688477 3
    vertex -6.614409446716309 -3.535475492477417 3
  endloop
endfacet
facet normal 0 0 0
  outer loop
    vertex -6.929096698760986 -2.8701257705688477 -3
    vertex -7.1770524978637695 -2.1771349906921387 3
    vertex -6.929096698760986 -2.8701257705688477 3
  endloop
endfacet
facet normal 0 0 0
  outer loop
    vertex -7.1770524978637695 -2.1771349906921387 -3
    vertex -7.355889797210693 -1.4631774425506592 3
    vertex -7.1770524978637695 -2.1771349906921387 3
  endloop
endfacet
facet normal 0 0 0
  outer loop
    vertex -7.463885307312012 -0.7351285815238953 3
    vertex -7.355889797210693 -1.4631774425506592 3
    vertex -7.355889797210693 -1.4631774425506592 -3
  endloop
endfacet
facet normal 0 0 0
  outer loop
    vertex -7.463885307312012 -0.7351285815238953 -3
    vertex -7.5 0 3
    vertex -7.463885307312012 -0.7351285815238953 3
  endloop
endfacet
facet normal 0 0 0
  outer loop
    vertex -1 -7.424595355987549 2
    vertex -1.4631774425506592 -7.355889797210693 3
    vertex -1 -7.424595355987549 3
  endloop
endfacet
facet normal 0 0 0
  outer loop
    vertex -5.957088470458984 -4.542874813079834 2
    vertex -6.236021995544434 -4.166776657104492 3
    vertex -5.957088470458984 -4.542874813079834 3
  endloop
endfacet
facet normal 0 0 0
  outer loop
    vertex -5.957088470458984 4.542874813079834 -2
    vertex -6.236021995544434 4.166776657104492 -3
    vertex -5.957088470458984 4.542874813079834 -3
  endloop
endfacet
facet normal 0 0 0
  outer loop
    vertex -1 7.424595355987549 -2
    vertex -1.4631774425506592 7.355889797210693 -3
    vertex -1 7.424595355987549 -3
  endloop
endfacet
facet normal 0 0 0
  outer loop
    vertex -7.5 0 -3
    vertex -7.463885307312012 0.7351285815238953 -3
    vertex -7.463885307312012 0.7351285815238953 3
  endloop
endfacet
facet normal 0 0 0
  outer loop
    vertex -7.463885307312012 0.7351285815238953 -3
    vertex -7.355889797210693 1.4631774425506592 -3
    vertex -7.355889797210693 1.4631774425506592 3
  endloop
endfacet
facet normal 0 0 0
  outer loop
    vertex -7.355889797210693 1.4631774425506592 -3
    vertex -7.1770524978637695 2.1771349906921387 -3
    vertex -7.1770524978637695 2.1771349906921387 3
  endloop
endfacet
facet normal 0 0 0
  outer loop
    vertex -7.1770524978637695 2.1771349906921387 -3
    vertex -6.929096698760986 2.8701257705688477 -3
    vertex -6.929096698760986 2.8701257705688477 3
  endloop
endfacet
facet normal 0 0 0
  outer loop
    vertex -6.929096698760986 2.8701257705688477 -3
    vertex -6.614409446716309 3.535475492477417 -3
    vertex -6.614409446716309 3.535475492477417 3
  endloop
endfacet
facet normal 0 0 0
  outer loop
    vertex -6.614409446716309 3.535475492477417 -3
    vertex -6.236021995544434 4.166776657104492 -3
    vertex -6.236021995544434 4.166776657104492 3
  endloop
endfacet
facet normal 0 0 0
  outer loop
    vertex -5.957088470458984 4.542874813079834 -2
    vertex -5.957088470458984 4.542874813079834 2
    vertex -6.236021995544434 4.166776657104492 -3
  endloop
endfacet
facet normal 0 0 0
  outer loop
    vertex -5.957088470458984 4.542874813079834 -2
    vertex -5.79757833480835 4.7579498291015625 -2
    vertex -5.957088470458984 4.542874813079834 2
  endloop
endfacet
facet normal 0 0 0
  outer loop
    vertex -5.79757833480835 4.7579498291015625 -2
    vertex -5.303300857543945 5.303300857543945 -2
    vertex -5.79757833480835 4.7579498291015625 2
  endloop
endfacet
facet normal 0 0 0
  outer loop
    vertex -4.542874813079834 5.957088470458984 -3
    vertex -4.166776657104492 6.236021995544434 -3
    vertex -4.166776657104492 6.236021995544434 3
  endloop
endfacet
facet normal 0 0 0
  outer loop
    vertex -4.166776657104492 6.236021995544434 -3
    vertex -3.535475492477417 6.614409446716309 -3
    vertex -3.535475492477417 6.614409446716309 3
  endloop
endfacet
facet normal 0 0 0
  outer loop
    vertex -3.535475492477417 6.614409446716309 -3
    vertex -2.8701257705688477 6.929096698760986 -3
    vertex -2.8701257705688477 6.929096698760986 3
  endloop
endfacet
facet normal 0 0 0
  outer loop
    vertex -2.8701257705688477 6.929096698760986 -3
    vertex -2.1771349906921387 7.1770524978637695 -3
    vertex -2.1771349906921387 7.1770524978637695 3
  endloop
endfacet
facet normal 0 0 0
  outer loop
    vertex -2.1771349906921387 7.1770524978637695 -3
    vertex -1.4631774425506592 7.355889797210693 -3
    vertex -1.4631774425506592 7.355889797210693 3
  endloop
endfacet
facet normal 0 0 0
  outer loop
    vertex -1 7.424595355987549 -2
    vertex -1 7.424595355987549 2
    vertex -1.4631774425506592 7.355889797210693 -3
  endloop
endfacet
facet normal 0 0 0
  outer loop
    vertex -5.303300857543945 5.303300857543945 -2
    vertex -4.7579498291015625 5.79757833480835 -2
    vertex -5.303300857543945 5.303300857543945 2
  endloop
endfacet
facet normal 0 0 0
  outer loop
    vertex -4.7579498291015625 5.79757833480835 -2
    vertex -4.542874813079834 5.957088470458984 -2
    vertex -4.7579498291015625 5.79757833480835 2
  endloop
endfacet
facet normal 0 0 0
  outer loop
    vertex -4.542874813079834 5.957088470458984 -2
    vertex -4.542874813079834 5.957088470458984 -3
    vertex -4.166776657104492 6.236021995544434 3
  endloop
endfacet
facet normal 0 0 0
  outer loop
    vertex -1 7.424595355987549 -2
    vertex -0.7351285815238953 7.463885307312012 -2
    vertex -1 7.424595355987549 2
  endloop
endfacet
facet normal 0 0 0
  outer loop
    vertex -0.7351285815238953 7.463885307312012 -2
    vertex 0 7.5 -2
    vertex -0.7351285815238953 7.463885307312012 2
  endloop
endfacet
facet normal 0 0 0
  outer loop
    vertex -5.957088470458984 4.542874813079834 2
    vertex -5.957088470458984 4.542874813079834 3
    vertex -6.236021995544434 4.166776657104492 -3
  endloop
endfacet
facet normal 0 0 0
  outer loop
    vertex -5.79757833480835 4.7579498291015625 -2
    vertex -5.79757833480835 4.7579498291015625 2
    vertex -5.957088470458984 4.542874813079834 2
  endloop
endfacet
facet normal 0 0 0
  outer loop
    vertex -7.5 0 -3
    vertex -7.463885307312012 0.7351285815238953 3
    vertex -7.5 0 3
  endloop
endfacet
facet normal 0 0 0
  outer loop
    vertex -7.463885307312012 0.7351285815238953 -3
    vertex -7.355889797210693 1.4631774425506592 3
    vertex -7.463885307312012 0.7351285815238953 3
  endloop
endfacet
facet normal 0 0 0
  outer loop
    vertex -7.1770524978637695 2.1771349906921387 3
    vertex -7.355889797210693 1.4631774425506592 3
    vertex -7.355889797210693 1.4631774425506592 -3
  endloop
endfacet
facet normal 0 0 0
  outer loop
    vertex -7.1770524978637695 2.1771349906921387 -3
    vertex -6.929096698760986 2.8701257705688477 3
    vertex -7.1770524978637695 2.1771349906921387 3
  endloop
endfacet
facet normal 0 0 0
  outer loop
    vertex -6.929096698760986 2.8701257705688477 -3
    vertex -6.614409446716309 3.535475492477417 3
    vertex -6.929096698760986 2.8701257705688477 3
  endloop
endfacet
facet normal 0 0 0
  outer loop
    vertex -6.236021995544434 4.166776657104492 3
    vertex -6.614409446716309 3.535475492477417 3
    vertex -6.614409446716309 3.535475492477417 -3
  endloop
endfacet
facet normal 0 0 0
  outer loop
    vertex -6.236021995544434 4.166776657104492 -3
    vertex -5.957088470458984 4.542874813079834 3
    vertex -6.236021995544434 4.166776657104492 3
  endloop
endfacet
facet normal 0 0 0
  outer loop
    vertex -5.303300857543945 5.303300857543945 -2
    vertex -5.303300857543945 5.303300857543945 2
    vertex -5.79757833480835 4.7579498291015625 2
  endloop
endfacet
facet normal 0 0 0
  outer loop
    vertex -4.7579498291015625 5.79757833480835 -2
    vertex -4.7579498291015625 5.79757833480835 2
    vertex -5.303300857543945 5.303300857543945 2
  endloop
endfacet
facet normal 0 0 0
  outer loop
    vertex -4.542874813079834 5.957088470458984 -2
    vertex -4.542874813079834 5.957088470458984 2
    vertex -4.7579498291015625 5.79757833480835 2
  endloop
endfacet
facet normal 0 0 0
  outer loop
    vertex -1 7.424595355987549 2
    vertex -1 7.424595355987549 3
    vertex -1.4631774425506592 7.355889797210693 -3
  endloop
endfacet
facet normal 0 0 0
  outer loop
    vertex -0.7351285815238953 7.463885307312012 -2
    vertex -0.7351285815238953 7.463885307312012 2
    vertex -1 7.424595355987549 2
  endloop
endfacet
facet normal 0 0 0
  outer loop
    vertex 0 7.5 -2
    vertex 0 7.5 2
    vertex -0.7351285815238953 7.463885307312012 2
  endloop
endfacet
facet normal 0 0 0
  outer loop
    vertex -4.542874813079834 5.957088470458984 -2
    vertex -4.166776657104492 6.236021995544434 3
    vertex -4.542874813079834 5.957088470458984 2
  endloop
endfacet
facet normal 0 0 0
  outer loop
    vertex -3.535475492477417 6.614409446716309 3
    vertex -4.166776657104492 6.236021995544434 3
    vertex -4.166776657104492 6.236021995544434 -3
  endloop
endfacet
facet normal 0 0 0
  outer loop
    vertex -3.535475492477417 6.614409446716309 -3
    vertex -2.8701257705688477 6.929096698760986 3
    vertex -3.535475492477417 6.614409446716309 3
  endloop
endfacet
facet normal 0 0 0
  outer loop
    vertex -2.1771349906921387 7.1770524978637695 3
    vertex -2.8701257705688477 6.929096698760986 3
    vertex -2.8701257705688477 6.929096698760986 -3
  endloop
endfacet
facet normal 0 0 0
  outer loop
    vertex -1.4631774425506592 7.355889797210693 3
    vertex -2.1771349906921387 7.1770524978637695 3
    vertex -2.1771349906921387 7.1770524978637695 -3
  endloop
endfacet
facet normal 0 0 0
  outer loop
    vertex -1.4631774425506592 7.355889797210693 -3
    vertex -1 7.424595355987549 3
    vertex -1.4631774425506592 7.355889797210693 3
  endloop
endfacet
facet normal 0 0 0
  outer loop
    vertex -4.542874813079834 5.957088470458984 2
    vertex -4.166776657104492 6.236021995544434 3
    vertex -4.542874813079834 5.957088470458984 3
  endloop
endfacet
facet normal 0 0 0
  outer loop
    vertex 1 -7.5 -2
    vertex 3.175426483154297 -7.5 -3
    vertex 1 -7.5 -3
  endloop
endfacet
facet normal 0 0 0
  outer loop
    vertex 5.484827518463135 -7.5 -2
    vertex 11.593145370483398 -7.5 -3
    vertex 5.484827518463135 -7.5 -3
  endloop
endfacet
facet normal 0 0 0
  outer loop
    vertex 1 -7.5 -2
    vertex 3.175426483154297 -7.5 -2
    vertex 3.175426483154297 -7.5 -3
  endloop
endfacet
facet normal 0 0 0
  outer loop
    vertex 5.484827518463135 -7.5 -2
    vertex 5.484827518463135 -7.5 2
    vertex 11.593145370483398 -7.5 -3
  endloop
endfacet
facet normal 0 0 0
  outer loop
    vertex 0 -7.5 -2
    vertex 1 -7.5 2
    vertex 1 -7.5 -2
  endloop
endfacet
facet normal 0 0 0
  outer loop
    vertex 1 -7.5 -2
    vertex 1 -7.5 2
    vertex 3.175426483154297 -7.5 -2
  endloop
endfacet
facet normal 0 0 0
  outer loop
    vertex 3.175426483154297 -7.5 -2
    vertex 5.484827518463135 -7.5 2
    vertex 5.484827518463135 -7.5 -2
  endloop
endfacet
facet normal 0 0 0
  outer loop
    vertex 0 -7.5 -2
    vertex 0 -7.5 2
    vertex 1 -7.5 2
  endloop
endfacet
facet normal 0 0 0
  outer loop
    vertex 3.175426483154297 -7.5 -2
    vertex 1 -7.5 2
    vertex 3.175426483154297 -7.5 2
  endloop
endfacet
facet normal 0 0 0
  outer loop
    vertex 3.175426483154297 -7.5 -2
    vertex 3.175426483154297 -7.5 2
    vertex 5.484827518463135 -7.5 2
  endloop
endfacet
facet normal 0 0 0
  outer loop
    vertex 5.484827518463135 -7.5 2
    vertex 5.484827518463135 -7.5 3
    vertex 11.593145370483398 -7.5 -3
  endloop
endfacet
facet normal 0 0 0
  outer loop
    vertex 5.484827518463135 -7.5 3
    vertex 11.593145370483398 -7.5 3
    vertex 11.593145370483398 -7.5 -3
  endloop
endfacet
facet normal 0 0 0
  outer loop
    vertex 1 -7.5 2
    vertex 1 -7.5 3
    vertex 3.175426483154297 -7.5 2
  endloop
endfacet
facet normal 0 0 0
  outer loop
    vertex 3.175426483154297 -7.5 2
    vertex 1 -7.5 3
    vertex 3.175426483154297 -7.5 3
  endloop
endfacet
facet normal 0 0 0
  outer loop
    vertex 1 7.5 -2
    vertex 1 7.5 -3
    vertex 3.175426483154297 7.5 -2
  endloop
endfacet
facet normal 0 0 0
  outer loop
    vertex 3.175426483154297 7.5 -2
    vertex 1 7.5 -3
    vertex 3.175426483154297 7.5 -3
  endloop
endfacet
facet normal 0 0 0
  outer loop
    vertex 5.484827518463135 7.5 -3
    vertex 11.593145370483398 7.5 -3
    vertex 11.593145370483398 7.5 3
  endloop
endfacet
facet normal 0 0 0
  outer loop
    vertex 0 7.5 -2
    vertex 1 7.5 -2
    vertex 0 7.5 2
  endloop
endfacet
facet normal 0 0 0
  outer loop
    vertex 1 7.5 -2
    vertex 3.175426483154297 7.5 -2
    vertex 3.175426483154297 7.5 2
  endloop
endfacet
facet normal 0 0 0
  outer loop
    vertex 3.175426483154297 7.5 -2
    vertex 5.484827518463135 7.5 -2
    vertex 3.175426483154297 7.5 2
  endloop
endfacet
facet normal 0 0 0
  outer loop
    vertex 5.484827518463135 7.5 -2
    vertex 5.484827518463135 7.5 -3
    vertex 11.593145370483398 7.5 3
  endloop
endfacet
facet normal 0 0 0
  outer loop
    vertex 1 7.5 -2
    vertex 1 7.5 2
    vertex 0 7.5 2
  endloop
endfacet
facet normal 0 0 0
  outer loop
    vertex 1 7.5 -2
    vertex 3.175426483154297 7.5 2
    vertex 1 7.5 2
  endloop
endfacet
facet normal 0 0 0
  outer loop
    vertex 5.484827518463135 7.5 -2
    vertex 5.484827518463135 7.5 2
    vertex 3.175426483154297 7.5 2
  endloop
endfacet
facet normal 0 0 0
  outer loop
    vertex 5.484827518463135 7.5 -2
    vertex 11.593145370483398 7.5 3
    vertex 5.484827518463135 7.5 2
  endloop
endfacet
facet normal 0 0 0
  outer loop
    vertex 1 7.5 2
    vertex 3.175426483154297 7.5 3
    vertex 1 7.5 3
  endloop
endfacet
facet normal 0 0 0
  outer loop
    vertex 1 7.5 2
    vertex 3.175426483154297 7.5 2
    vertex 3.175426483154297 7.5 3
  endloop
endfacet
facet normal 0 0 0
  outer loop
    vertex 5.484827518463135 7.5 2
    vertex 11.593145370483398 7.5 3
    vertex 5.484827518463135 7.5 3
  endloop
endfacet
facet normal 0 0 0
  outer loop
    vertex 14.059196472167969 9.966050148010254 3
    vertex 11.593145370483398 7.5 -3
    vertex 14.059196472167969 9.966050148010254 -3
  endloop
endfacet
facet normal 0 0 0
  outer loop
    vertex 14.059196472167969 9.966050148010254 3
    vertex 11.593145370483398 7.5 3
    vertex 11.593145370483398 7.5 -3
  endloop
endfacet
facet normal 0 0 0
  outer loop
    vertex 14.059196472167969 -9.966050148010254 -3
    vertex 11.593145370483398 -7.5 -3
    vertex 11.593145370483398 -7.5 3
  endloop
endfacet
facet normal 0 0 0
  outer loop
    vertex 14.059196472167969 -9.966050148010254 -3
    vertex 11.593145370483398 -7.5 3
    vertex 14.059196472167969 -9.966050148010254 3
  endloop
endfacet
facet normal 0 0 0
  outer loop
    vertex -163.83355712890625 -12.472043991088867 -3
    vertex -165.01589965820312 -11.5951566696167 -3
    vertex -165.01589965820312 -11.5951566696167 3
  endloop
endfacet
facet normal 0 0 0
  outer loop
    vertex -165.01589965820312 -11.5951566696167 -3
    vertex -166.10659790039062 -10.60660171508789 -3
    vertex -166.10659790039062 -10.60660171508789 3
  endloop
endfacet
facet normal 0 0 0
  outer loop
    vertex -159.85426330566406 -14.354104995727539 -3
    vertex -161.24024963378906 -13.858193397521973 -3
    vertex -161.24024963378906 -13.858193397521973 3
  endloop
endfacet
facet normal 0 0 0
  outer loop
    vertex -158.42636108398438 -14.711779594421387 -3
    vertex -159.85426330566406 -14.354104995727539 -3
    vertex -159.85426330566406 -14.354104995727539 3
  endloop
endfacet
facet normal 0 0 0
  outer loop
    vertex -156.9702606201172 -14.927770614624023 -3
    vertex -158.42636108398438 -14.711779594421387 -3
    vertex -158.42636108398438 -14.711779594421387 3
  endloop
endfacet
facet normal 0 0 0
  outer loop
    vertex -161.24024963378906 -13.858193397521973 -3
    vertex -162.57095336914062 -13.228818893432617 -3
    vertex -162.57095336914062 -13.228818893432617 3
  endloop
endfacet
facet normal 0 0 0
  outer loop
    vertex -162.57095336914062 -13.228818893432617 -3
    vertex -163.83355712890625 -12.472043991088867 -3
    vertex -163.83355712890625 -12.472043991088867 3
  endloop
endfacet
facet normal 0 0 0
  outer loop
    vertex -155.5 -15 -3
    vertex -156.9702606201172 -14.927770614624023 -3
    vertex -156.9702606201172 -14.927770614624023 3
  endloop
endfacet
facet normal 0 0 0
  outer loop
    vertex -154.0297393798828 -14.927770614624023 -3
    vertex -155.5 -15 -3
    vertex -155.5 -15 3
  endloop
endfacet
facet normal 0 0 0
  outer loop
    vertex -152.57363891601562 -14.711779594421387 -3
    vertex -154.0297393798828 -14.927770614624023 -3
    vertex -154.0297393798828 -14.927770614624023 3
  endloop
endfacet
facet normal 0 0 0
  outer loop
    vertex -151.14573669433594 -14.354104995727539 -3
    vertex -152.57363891601562 -14.711779594421387 -3
    vertex -152.57363891601562 -14.711779594421387 3
  endloop
endfacet
facet normal 0 0 0
  outer loop
    vertex -149.75975036621094 -13.858193397521973 -3
    vertex -151.14573669433594 -14.354104995727539 -3
    vertex -151.14573669433594 -14.354104995727539 3
  endloop
endfacet
facet normal 0 0 0
  outer loop
    vertex -148.42904663085938 -13.228818893432617 -3
    vertex -149.75975036621094 -13.858193397521973 -3
    vertex -149.75975036621094 -13.858193397521973 3
  endloop
endfacet
facet normal 0 0 0
  outer loop
    vertex -147.16644287109375 -12.472043991088867 -3
    vertex -148.42904663085938 -13.228818893432617 -3
    vertex -148.42904663085938 -13.228818893432617 3
  endloop
endfacet
facet normal 0 0 0
  outer loop
    vertex -145.98410034179688 -11.5951566696167 -3
    vertex -147.16644287109375 -12.472043991088867 -3
    vertex -147.16644287109375 -12.472043991088867 3
  endloop
endfacet
facet normal 0 0 0
  outer loop
    vertex -145.32745361328125 -11 -3
    vertex -145.98410034179688 -11.5951566696167 -3
    vertex -145.98410034179688 -11.5951566696167 3
  endloop
endfacet
facet normal 0 0 0
  outer loop
    vertex -145.32745361328125 -11 -3
    vertex -145.98410034179688 -11.5951566696167 3
    vertex -144.89340209960938 -10.60660171508789 -3
  endloop
endfacet
facet normal 0 0 0
  outer loop
    vertex -143.90484619140625 -9.515899658203125 -3
    vertex -144.89340209960938 -10.60660171508789 -3
    vertex -144.89340209960938 -10.60660171508789 3
  endloop
endfacet
facet normal 0 0 0
  outer loop
    vertex -166.10659790039062 -10.60660171508789 -3
    vertex -167.09515380859375 -9.515899658203125 -3
    vertex -167.09515380859375 -9.515899658203125 3
  endloop
endfacet
facet normal 0 0 0
  outer loop
    vertex -167.09515380859375 -9.515899658203125 -3
    vertex -167.9720458984375 -8.333553314208984 -3
    vertex -167.9720458984375 -8.333553314208984 3
  endloop
endfacet
facet normal 0 0 0
  outer loop
    vertex -167.9720458984375 -8.333553314208984 -3
    vertex -168.72882080078125 -7.070950984954834 -3
    vertex -168.72882080078125 -7.070950984954834 3
  endloop
endfacet
facet normal 0 0 0
  outer loop
    vertex -168.72882080078125 -7.070950984954834 -3
    vertex -169.3582000732422 -5.740251541137695 -3
    vertex -169.3582000732422 -5.740251541137695 3
  endloop
endfacet
facet normal 0 0 0
  outer loop
    vertex -169.3582000732422 -5.740251541137695 -3
    vertex -169.85411071777344 -4.354269981384277 -3
    vertex -169.85411071777344 -4.354269981384277 3
  endloop
endfacet
facet normal 0 0 0
  outer loop
    vertex -169.85411071777344 -4.354269981384277 -3
    vertex -170.21177673339844 -2.9263548851013184 -3
    vertex -170.21177673339844 -2.9263548851013184 3
  endloop
endfacet
facet normal 0 0 0
  outer loop
    vertex -170.21177673339844 -2.9263548851013184 -3
    vertex -170.42776489257812 -1.4702571630477905 -3
    vertex -170.42776489257812 -1.4702571630477905 3
  endloop
endfacet
facet normal 0 0 0
  outer loop
    vertex -170.42776489257812 -1.4702571630477905 -3
    vertex -170.5 0 -3
    vertex -170.5 0 3
  endloop
endfacet
facet normal 0 0 0
  outer loop
    vertex -143.0279541015625 -8.333553314208984 -3
    vertex -143.90484619140625 -9.515899658203125 -3
    vertex -143.90484619140625 -9.515899658203125 3
  endloop
endfacet
facet normal 0 0 0
  outer loop
    vertex -142.27117919921875 -7.070950984954834 -3
    vertex -143.0279541015625 -8.333553314208984 -3
    vertex -143.0279541015625 -8.333553314208984 3
  endloop
endfacet
facet normal 0 0 0
  outer loop
    vertex -141.6417999267578 -5.740251541137695 -3
    vertex -142.27117919921875 -7.070950984954834 -3
    vertex -142.27117919921875 -7.070950984954834 3
  endloop
endfacet
facet normal 0 0 0
  outer loop
    vertex -141.14588928222656 -4.354269981384277 -3
    vertex -141.6417999267578 -5.740251541137695 -3
    vertex -141.6417999267578 -5.740251541137695 3
  endloop
endfacet
facet normal 0 0 0
  outer loop
    vertex -140.78822326660156 -2.9263548851013184 -3
    vertex -141.14588928222656 -4.354269981384277 -3
    vertex -141.14588928222656 -4.354269981384277 3
  endloop
endfacet
facet normal 0 0 0
  outer loop
    vertex -140.57223510742188 -1.4702571630477905 -3
    vertex -140.78822326660156 -2.9263548851013184 -3
    vertex -140.78822326660156 -2.9263548851013184 3
  endloop
endfacet
facet normal 0 0 0
  outer loop
    vertex -140.57223510742188 -1.4702571630477905 -3
    vertex -140.57223510742188 -1.4702571630477905 3
    vertex -140.5 0 -3
  endloop
endfacet
facet normal 0 0 0
  outer loop
    vertex -165.01589965820312 -11.5951566696167 3
    vertex -163.83355712890625 -12.472043991088867 3
    vertex -163.83355712890625 -12.472043991088867 -3
  endloop
endfacet
facet normal 0 0 0
  outer loop
    vertex -165.01589965820312 -11.5951566696167 -3
    vertex -166.10659790039062 -10.60660171508789 3
    vertex -165.01589965820312 -11.5951566696167 3
  endloop
endfacet
facet normal 0 0 0
  outer loop
    vertex -167.09515380859375 -9.515899658203125 3
    vertex -166.10659790039062 -10.60660171508789 3
    vertex -166.10659790039062 -10.60660171508789 -3
  endloop
endfacet
facet normal 0 0 0
  outer loop
    vertex -159.85426330566406 -14.354104995727539 3
    vertex -158.42636108398438 -14.711779594421387 3
    vertex -158.42636108398438 -14.711779594421387 -3
  endloop
endfacet
facet normal 0 0 0
  outer loop
    vertex -159.85426330566406 -14.354104995727539 -3
    vertex -161.24024963378906 -13.858193397521973 3
    vertex -159.85426330566406 -14.354104995727539 3
  endloop
endfacet
facet normal 0 0 0
  outer loop
    vertex -162.57095336914062 -13.228818893432617 3
    vertex -161.24024963378906 -13.858193397521973 3
    vertex -161.24024963378906 -13.858193397521973 -3
  endloop
endfacet
facet normal 0 0 0
  outer loop
    vertex -163.83355712890625 -12.472043991088867 3
    vertex -162.57095336914062 -13.228818893432617 3
    vertex -162.57095336914062 -13.228818893432617 -3
  endloop
endfacet
facet normal 0 0 0
  outer loop
    vertex -156.9702606201172 -14.927770614624023 -3
    vertex -158.42636108398438 -14.711779594421387 3
    vertex -156.9702606201172 -14.927770614624023 3
  endloop
endfacet
facet normal 0 0 0
  outer loop
    vertex -155.5 -15 -3
    vertex -156.9702606201172 -14.927770614624023 3
    vertex -155.5 -15 3
  endloop
endfacet
facet normal 0 0 0
  outer loop
    vertex -154.0297393798828 -14.927770614624023 -3
    vertex -155.5 -15 3
    vertex -154.0297393798828 -14.927770614624023 3
  endloop
endfacet
facet normal 0 0 0
  outer loop
    vertex -154.0297393798828 -14.927770614624023 3
    vertex -152.57363891601562 -14.711779594421387 3
    vertex -152.57363891601562 -14.711779594421387 -3
  endloop
endfacet
facet normal 0 0 0
  outer loop
    vertex -152.57363891601562 -14.711779594421387 3
    vertex -151.14573669433594 -14.354104995727539 3
    vertex -151.14573669433594 -14.354104995727539 -3
  endloop
endfacet
facet normal 0 0 0
  outer loop
    vertex -149.75975036621094 -13.858193397521973 -3
    vertex -151.14573669433594 -14.354104995727539 3
    vertex -149.75975036621094 -13.858193397521973 3
  endloop
endfacet
facet normal 0 0 0
  outer loop
    vertex -149.75975036621094 -13.858193397521973 3
    vertex -148.42904663085938 -13.228818893432617 3
    vertex -148.42904663085938 -13.228818893432617 -3
  endloop
endfacet
facet normal 0 0 0
  outer loop
    vertex -148.42904663085938 -13.228818893432617 3
    vertex -147.16644287109375 -12.472043991088867 3
    vertex -147.16644287109375 -12.472043991088867 -3
  endloop
endfacet
facet normal 0 0 0
  outer loop
    vertex -147.16644287109375 -12.472043991088867 3
    vertex -145.98410034179688 -11.5951566696167 3
    vertex -145.98410034179688 -11.5951566696167 -3
  endloop
endfacet
facet normal 0 0 0
  outer loop
    vertex -145.98410034179688 -11.5951566696167 3
    vertex -144.89340209960938 -10.60660171508789 3
    vertex -144.89340209960938 -10.60660171508789 -3
  endloop
endfacet
facet normal 0 0 0
  outer loop
    vertex -167.09515380859375 -9.515899658203125 -3
    vertex -167.9720458984375 -8.333553314208984 3
    vertex -167.09515380859375 -9.515899658203125 3
  endloop
endfacet
facet normal 0 0 0
  outer loop
    vertex -168.72882080078125 -7.070950984954834 3
    vertex -167.9720458984375 -8.333553314208984 3
    vertex -167.9720458984375 -8.333553314208984 -3
  endloop
endfacet
facet normal 0 0 0
  outer loop
    vertex -168.72882080078125 -7.070950984954834 -3
    vertex -169.3582000732422 -5.740251541137695 3
    vertex -168.72882080078125 -7.070950984954834 3
  endloop
endfacet
facet normal 0 0 0
  outer loop
    vertex -169.85411071777344 -4.354269981384277 3
    vertex -169.3582000732422 -5.740251541137695 3
    vertex -169.3582000732422 -5.740251541137695 -3
  endloop
endfacet
facet normal 0 0 0
  outer loop
    vertex -169.85411071777344 -4.354269981384277 -3
    vertex -170.21177673339844 -2.9263548851013184 3
    vertex -169.85411071777344 -4.354269981384277 3
  endloop
endfacet
facet normal 0 0 0
  outer loop
    vertex -170.21177673339844 -2.9263548851013184 -3
    vertex -170.42776489257812 -1.4702571630477905 3
    vertex -170.21177673339844 -2.9263548851013184 3
  endloop
endfacet
facet normal 0 0 0
  outer loop
    vertex -170.42776489257812 -1.4702571630477905 -3
    vertex -170.5 0 3
    vertex -170.42776489257812 -1.4702571630477905 3
  endloop
endfacet
facet normal 0 0 0
  outer loop
    vertex -144.89340209960938 -10.60660171508789 3
    vertex -143.90484619140625 -9.515899658203125 3
    vertex -143.90484619140625 -9.515899658203125 -3
  endloop
endfacet
facet normal 0 0 0
  outer loop
    vertex -143.0279541015625 -8.333553314208984 -3
    vertex -143.90484619140625 -9.515899658203125 3
    vertex -143.0279541015625 -8.333553314208984 3
  endloop
endfacet
facet normal 0 0 0
  outer loop
    vertex -143.0279541015625 -8.333553314208984 3
    vertex -142.27117919921875 -7.070950984954834 3
    vertex -142.27117919921875 -7.070950984954834 -3
  endloop
endfacet
facet normal 0 0 0
  outer loop
    vertex -141.6417999267578 -5.740251541137695 -3
    vertex -142.27117919921875 -7.070950984954834 3
    vertex -141.6417999267578 -5.740251541137695 3
  endloop
endfacet
facet normal 0 0 0
  outer loop
    vertex -141.6417999267578 -5.740251541137695 3
    vertex -141.14588928222656 -4.354269981384277 3
    vertex -141.14588928222656 -4.354269981384277 -3
  endloop
endfacet
facet normal 0 0 0
  outer loop
    vertex -141.14588928222656 -4.354269981384277 3
    vertex -140.78822326660156 -2.9263548851013184 3
    vertex -140.78822326660156 -2.9263548851013184 -3
  endloop
endfacet
facet normal 0 0 0
  outer loop
    vertex -140.57223510742188 -1.4702571630477905 -3
    vertex -140.78822326660156 -2.9263548851013184 3
    vertex -140.57223510742188 -1.4702571630477905 3
  endloop
endfacet
facet normal 0 0 0
  outer loop
    vertex -140.5 0 -3
    vertex -140.57223510742188 -1.4702571630477905 3
    vertex -140.5 0 3
  endloop
endfacet
facet normal 0 0 0
  outer loop
    vertex -170.5 0 -3
    vertex -170.42776489257812 1.4702571630477905 -3
    vertex -170.42776489257812 1.4702571630477905 3
  endloop
endfacet
facet normal 0 0 0
  outer loop
    vertex -170.42776489257812 1.4702571630477905 -3
    vertex -170.21177673339844 2.9263548851013184 -3
    vertex -170.21177673339844 2.9263548851013184 3
  endloop
endfacet
facet normal 0 0 0
  outer loop
    vertex -170.21177673339844 2.9263548851013184 -3
    vertex -169.85411071777344 4.354269981384277 -3
    vertex -169.85411071777344 4.354269981384277 3
  endloop
endfacet
facet normal 0 0 0
  outer loop
    vertex -169.85411071777344 4.354269981384277 -3
    vertex -169.3582000732422 5.740251541137695 -3
    vertex -169.3582000732422 5.740251541137695 3
  endloop
endfacet
facet normal 0 0 0
  outer loop
    vertex -169.3582000732422 5.740251541137695 -3
    vertex -168.72882080078125 7.070950984954834 -3
    vertex -168.72882080078125 7.070950984954834 3
  endloop
endfacet
facet normal 0 0 0
  outer loop
    vertex -168.72882080078125 7.070950984954834 -3
    vertex -167.9720458984375 8.333553314208984 -3
    vertex -167.9720458984375 8.333553314208984 3
  endloop
endfacet
facet normal 0 0 0
  outer loop
    vertex -167.9720458984375 8.333553314208984 -3
    vertex -167.09515380859375 9.515899658203125 -3
    vertex -167.09515380859375 9.515899658203125 3
  endloop
endfacet
facet normal 0 0 0
  outer loop
    vertex -140.5 0 -3
    vertex -140.5 0 3
    vertex -140.57223510742188 1.4702571630477905 -3
  endloop
endfacet
facet normal 0 0 0
  outer loop
    vertex -140.78822326660156 2.9263548851013184 -3
    vertex -140.57223510742188 1.4702571630477905 -3
    vertex -140.57223510742188 1.4702571630477905 3
  endloop
endfacet
facet normal 0 0 0
  outer loop
    vertex -141.14588928222656 4.354269981384277 -3
    vertex -140.78822326660156 2.9263548851013184 -3
    vertex -140.78822326660156 2.9263548851013184 3
  endloop
endfacet
facet normal 0 0 0
  outer loop
    vertex -141.6417999267578 5.740251541137695 -3
    vertex -141.14588928222656 4.354269981384277 -3
    vertex -141.14588928222656 4.354269981384277 3
  endloop
endfacet
facet normal 0 0 0
  outer loop
    vertex -142.27117919921875 7.070950984954834 -3
    vertex -141.6417999267578 5.740251541137695 -3
    vertex -141.6417999267578 5.740251541137695 3
  endloop
endfacet
facet normal 0 0 0
  outer loop
    vertex -143.0279541015625 8.333553314208984 -3
    vertex -142.27117919921875 7.070950984954834 -3
    vertex -142.27117919921875 7.070950984954834 3
  endloop
endfacet
facet normal 0 0 0
  outer loop
    vertex -143.90484619140625 9.515899658203125 -3
    vertex -143.0279541015625 8.333553314208984 -3
    vertex -143.0279541015625 8.333553314208984 3
  endloop
endfacet
facet normal 0 0 0
  outer loop
    vertex -144.89340209960938 10.60660171508789 -3
    vertex -143.90484619140625 9.515899658203125 -3
    vertex -143.90484619140625 9.515899658203125 3
  endloop
endfacet
facet normal 0 0 0
  outer loop
    vertex -167.09515380859375 9.515899658203125 -3
    vertex -166.10659790039062 10.60660171508789 -3
    vertex -166.10659790039062 10.60660171508789 3
  endloop
endfacet
facet normal 0 0 0
  outer loop
    vertex -166.10659790039062 10.60660171508789 -3
    vertex -165.01589965820312 11.5951566696167 -3
    vertex -165.01589965820312 11.5951566696167 3
  endloop
endfacet
facet normal 0 0 0
  outer loop
    vertex -165.01589965820312 11.5951566696167 -3
    vertex -163.83355712890625 12.472043991088867 -3
    vertex -163.83355712890625 12.472043991088867 3
  endloop
endfacet
facet normal 0 0 0
  outer loop
    vertex -163.83355712890625 12.472043991088867 -3
    vertex -162.57095336914062 13.228818893432617 -3
    vertex -162.57095336914062 13.228818893432617 3
  endloop
endfacet
facet normal 0 0 0
  outer loop
    vertex -162.57095336914062 13.228818893432617 -3
    vertex -161.24024963378906 13.858193397521973 -3
    vertex -161.24024963378906 13.858193397521973 3
  endloop
endfacet
facet normal 0 0 0
  outer loop
    vertex -161.24024963378906 13.858193397521973 -3
    vertex -159.85426330566406 14.354104995727539 -3
    vertex -159.85426330566406 14.354104995727539 3
  endloop
endfacet
facet normal 0 0 0
  outer loop
    vertex -159.85426330566406 14.354104995727539 -3
    vertex -158.42636108398438 14.711779594421387 -3
    vertex -158.42636108398438 14.711779594421387 3
  endloop
endfacet
facet normal 0 0 0
  outer loop
    vertex -158.42636108398438 14.711779594421387 -3
    vertex -156.9702606201172 14.927770614624023 -3
    vertex -156.9702606201172 14.927770614624023 3
  endloop
endfacet
facet normal 0 0 0
  outer loop
    vertex -156.9702606201172 14.927770614624023 -3
    vertex -155.5 15 -3
    vertex -155.5 15 3
  endloop
endfacet
facet normal 0 0 0
  outer loop
    vertex -155.5 15 -3
    vertex -154.0297393798828 14.927770614624023 -3
    vertex -154.0297393798828 14.927770614624023 3
  endloop
endfacet
facet normal 0 0 0
  outer loop
    vertex -154.0297393798828 14.927770614624023 -3
    vertex -152.57363891601562 14.711779594421387 -3
    vertex -152.57363891601562 14.711779594421387 3
  endloop
endfacet
facet normal 0 0 0
  outer loop
    vertex -147.16644287109375 12.472043991088867 -3
    vertex -145.98410034179688 11.5951566696167 -3
    vertex -145.98410034179688 11.5951566696167 3
  endloop
endfacet
facet normal 0 0 0
  outer loop
    vertex -145.32745361328125 11 -3
    vertex -144.89340209960938 10.60660171508789 -3
    vertex -144.89340209960938 10.60660171508789 3
  endloop
endfacet
facet normal 0 0 0
  outer loop
    vertex -145.98410034179688 11.5951566696167 -3
    vertex -145.32745361328125 11 -3
    vertex -144.89340209960938 10.60660171508789 3
  endloop
endfacet
facet normal 0 0 0
  outer loop
    vertex -149.75975036621094 13.858193397521973 -3
    vertex -148.42904663085938 13.228818893432617 -3
    vertex -148.42904663085938 13.228818893432617 3
  endloop
endfacet
facet normal 0 0 0
  outer loop
    vertex -148.42904663085938 13.228818893432617 -3
    vertex -147.16644287109375 12.472043991088867 -3
    vertex -147.16644287109375 12.472043991088867 3
  endloop
endfacet
facet normal 0 0 0
  outer loop
    vertex -151.14573669433594 14.354104995727539 -3
    vertex -149.75975036621094 13.858193397521973 -3
    vertex -149.75975036621094 13.858193397521973 3
  endloop
endfacet
facet normal 0 0 0
  outer loop
    vertex -152.57363891601562 14.711779594421387 -3
    vertex -151.14573669433594 14.354104995727539 -3
    vertex -151.14573669433594 14.354104995727539 3
  endloop
endfacet
facet normal 0 0 0
  outer loop
    vertex -170.5 0 -3
    vertex -170.42776489257812 1.4702571630477905 3
    vertex -170.5 0 3
  endloop
endfacet
facet normal 0 0 0
  outer loop
    vertex -170.42776489257812 1.4702571630477905 -3
    vertex -170.21177673339844 2.9263548851013184 3
    vertex -170.42776489257812 1.4702571630477905 3
  endloop
endfacet
facet normal 0 0 0
  outer loop
    vertex -169.85411071777344 4.354269981384277 3
    vertex -170.21177673339844 2.9263548851013184 3
    vertex -170.21177673339844 2.9263548851013184 -3
  endloop
endfacet
facet normal 0 0 0
  outer loop
    vertex -169.3582000732422 5.740251541137695 3
    vertex -169.85411071777344 4.354269981384277 3
    vertex -169.85411071777344 4.354269981384277 -3
  endloop
endfacet
facet normal 0 0 0
  outer loop
    vertex -169.3582000732422 5.740251541137695 -3
    vertex -168.72882080078125 7.070950984954834 3
    vertex -169.3582000732422 5.740251541137695 3
  endloop
endfacet
facet normal 0 0 0
  outer loop
    vertex -167.9720458984375 8.333553314208984 3
    vertex -168.72882080078125 7.070950984954834 3
    vertex -168.72882080078125 7.070950984954834 -3
  endloop
endfacet
facet normal 0 0 0
  outer loop
    vertex -167.9720458984375 8.333553314208984 -3
    vertex -167.09515380859375 9.515899658203125 3
    vertex -167.9720458984375 8.333553314208984 3
  endloop
endfacet
facet normal 0 0 0
  outer loop
    vertex -166.10659790039062 10.60660171508789 3
    vertex -167.09515380859375 9.515899658203125 3
    vertex -167.09515380859375 9.515899658203125 -3
  endloop
endfacet
facet normal 0 0 0
  outer loop
    vertex -140.57223510742188 1.4702571630477905 -3
    vertex -140.5 0 3
    vertex -140.57223510742188 1.4702571630477905 3
  endloop
endfacet
facet normal 0 0 0
  outer loop
    vertex -140.78822326660156 2.9263548851013184 -3
    vertex -140.57223510742188 1.4702571630477905 3
    vertex -140.78822326660156 2.9263548851013184 3
  endloop
endfacet
facet normal 0 0 0
  outer loop
    vertex -141.14588928222656 4.354269981384277 -3
    vertex -140.78822326660156 2.9263548851013184 3
    vertex -141.14588928222656 4.354269981384277 3
  endloop
endfacet
facet normal 0 0 0
  outer loop
    vertex -141.14588928222656 4.354269981384277 3
    vertex -141.6417999267578 5.740251541137695 3
    vertex -141.6417999267578 5.740251541137695 -3
  endloop
endfacet
facet normal 0 0 0
  outer loop
    vertex -142.27117919921875 7.070950984954834 -3
    vertex -141.6417999267578 5.740251541137695 3
    vertex -142.27117919921875 7.070950984954834 3
  endloop
endfacet
facet normal 0 0 0
  outer loop
    vertex -142.27117919921875 7.070950984954834 3
    vertex -143.0279541015625 8.333553314208984 3
    vertex -143.0279541015625 8.333553314208984 -3
  endloop
endfacet
facet normal 0 0 0
  outer loop
    vertex -143.90484619140625 9.515899658203125 -3
    vertex -143.0279541015625 8.333553314208984 3
    vertex -143.90484619140625 9.515899658203125 3
  endloop
endfacet
facet normal 0 0 0
  outer loop
    vertex -165.01589965820312 11.5951566696167 3
    vertex -166.10659790039062 10.60660171508789 3
    vertex -166.10659790039062 10.60660171508789 -3
  endloop
endfacet
facet normal 0 0 0
  outer loop
    vertex -163.83355712890625 12.472043991088867 3
    vertex -165.01589965820312 11.5951566696167 3
    vertex -165.01589965820312 11.5951566696167 -3
  endloop
endfacet
facet normal 0 0 0
  outer loop
    vertex -162.57095336914062 13.228818893432617 3
    vertex -163.83355712890625 12.472043991088867 3
    vertex -163.83355712890625 12.472043991088867 -3
  endloop
endfacet
facet normal 0 0 0
  outer loop
    vertex -161.24024963378906 13.858193397521973 3
    vertex -162.57095336914062 13.228818893432617 3
    vertex -162.57095336914062 13.228818893432617 -3
  endloop
endfacet
facet normal 0 0 0
  outer loop
    vertex -161.24024963378906 13.858193397521973 -3
    vertex -159.85426330566406 14.354104995727539 3
    vertex -161.24024963378906 13.858193397521973 3
  endloop
endfacet
facet normal 0 0 0
  outer loop
    vertex -158.42636108398438 14.711779594421387 3
    vertex -159.85426330566406 14.354104995727539 3
    vertex -159.85426330566406 14.354104995727539 -3
  endloop
endfacet
facet normal 0 0 0
  outer loop
    vertex -156.9702606201172 14.927770614624023 3
    vertex -158.42636108398438 14.711779594421387 3
    vertex -158.42636108398438 14.711779594421387 -3
  endloop
endfacet
facet normal 0 0 0
  outer loop
    vertex -156.9702606201172 14.927770614624023 -3
    vertex -155.5 15 3
    vertex -156.9702606201172 14.927770614624023 3
  endloop
endfacet
facet normal 0 0 0
  outer loop
    vertex -155.5 15 -3
    vertex -154.0297393798828 14.927770614624023 3
    vertex -155.5 15 3
  endloop
endfacet
facet normal 0 0 0
  outer loop
    vertex -152.57363891601562 14.711779594421387 3
    vertex -154.0297393798828 14.927770614624023 3
    vertex -154.0297393798828 14.927770614624023 -3
  endloop
endfacet
facet normal 0 0 0
  outer loop
    vertex -151.14573669433594 14.354104995727539 3
    vertex -152.57363891601562 14.711779594421387 3
    vertex -152.57363891601562 14.711779594421387 -3
  endloop
endfacet
facet normal 0 0 0
  outer loop
    vertex -145.98410034179688 11.5951566696167 3
    vertex -147.16644287109375 12.472043991088867 3
    vertex -147.16644287109375 12.472043991088867 -3
  endloop
endfacet
facet normal 0 0 0
  outer loop
    vertex -143.90484619140625 9.515899658203125 3
    vertex -144.89340209960938 10.60660171508789 3
    vertex -144.89340209960938 10.60660171508789 -3
  endloop
endfacet
facet normal 0 0 0
  outer loop
    vertex -145.98410034179688 11.5951566696167 -3
    vertex -144.89340209960938 10.60660171508789 3
    vertex -145.98410034179688 11.5951566696167 3
  endloop
endfacet
facet normal 0 0 0
  outer loop
    vertex -148.42904663085938 13.228818893432617 3
    vertex -149.75975036621094 13.858193397521973 3
    vertex -149.75975036621094 13.858193397521973 -3
  endloop
endfacet
facet normal 0 0 0
  outer loop
    vertex -147.16644287109375 12.472043991088867 3
    vertex -148.42904663085938 13.228818893432617 3
    vertex -148.42904663085938 13.228818893432617 -3
  endloop
endfacet
facet normal 0 0 0
  outer loop
    vertex -151.14573669433594 14.354104995727539 -3
    vertex -149.75975036621094 13.858193397521973 3
    vertex -151.14573669433594 14.354104995727539 3
  endloop
endfacet
facet normal 0 0 0
  outer loop
    vertex -92.5710678100586 -7.071067810058594 2
    vertex -92.80000305175781 -4 2
    vertex -93.2301025390625 -6.343932628631592 2
  endloop
endfacet
facet normal 0 0 0
  outer loop
    vertex -87.4509048461914 -9.807852745056152 2
    vertex -86.48017120361328 -9.951847076416016 2
    vertex -87 -4 2
  endloop
endfacet
facet normal 0 0 0
  outer loop
    vertex -88.40284729003906 -9.569403648376465 2
    vertex -87.4509048461914 -9.807852745056152 2
    vertex -88 -4 2
  endloop
endfacet
facet normal 0 0 0
  outer loop
    vertex -86.48017120361328 -9.951847076416016 2
    vertex -85.5 -10 2
    vertex -87 -4 2
  endloop
endfacet
facet normal 0 0 0
  outer loop
    vertex -85.5 -10 2
    vertex -84.51982879638672 -9.951847076416016 2
    vertex -87 -4 2
  endloop
endfacet
facet normal 0 0 0
  outer loop
    vertex -84.51982879638672 -9.951847076416016 2
    vertex -83.5490951538086 -9.807852745056152 2
    vertex -87 -4 2
  endloop
endfacet
facet normal 0 0 0
  outer loop
    vertex -83.5490951538086 -9.807852745056152 2
    vertex -82.59715270996094 -9.569403648376465 2
    vertex -87 -4 2
  endloop
endfacet
facet normal 0 0 0
  outer loop
    vertex -91.84393310546875 -7.730104446411133 2
    vertex -92.80000305175781 -4 2
    vertex -92.5710678100586 -7.071067810058594 2
  endloop
endfacet
facet normal 0 0 0
  outer loop
    vertex -91.84393310546875 -7.730104446411133 2
    vertex -91.80000305175781 -4 2
    vertex -92.80000305175781 -4 2
  endloop
endfacet
facet normal 0 0 0
  outer loop
    vertex -87.4509048461914 -9.807852745056152 2
    vertex -87 -4 2
    vertex -88 -4 2
  endloop
endfacet
facet normal 0 0 0
  outer loop
    vertex -81.67316436767578 -9.238795280456543 2
    vertex -80.7860336303711 -8.819212913513184 2
    vertex -81.19999694824219 -4 2
  endloop
endfacet
facet normal 0 0 0
  outer loop
    vertex -82.59715270996094 -9.569403648376465 2
    vertex -83 -4 2
    vertex -87 -4 2
  endloop
endfacet
facet normal 0 0 0
  outer loop
    vertex -92.5710678100586 -7.071067810058594 2
    vertex -93.2301025390625 -6.343932628631592 2
    vertex -93.2301025390625 -6.343932628631592 3
  endloop
endfacet
facet normal 0 0 0
  outer loop
    vertex -93.2301025390625 -6.343932628631592 2
    vertex -93.814697265625 -5.555702209472656 2
    vertex -93.814697265625 -5.555702209472656 3
  endloop
endfacet
facet normal 0 0 0
  outer loop
    vertex -92.5710678100586 -7.071067810058594 2
    vertex -93.2301025390625 -6.343932628631592 3
    vertex -92.5710678100586 -7.071067810058594 3
  endloop
endfacet
facet normal 0 0 0
  outer loop
    vertex -93.2301025390625 -6.343932628631592 2
    vertex -93.814697265625 -5.555702209472656 3
    vertex -93.2301025390625 -6.343932628631592 3
  endloop
endfacet
facet normal 0 0 0
  outer loop
    vertex -93.814697265625 -5.555702209472656 2
    vertex -94.3192138671875 -4.713967323303223 3
    vertex -93.814697265625 -5.555702209472656 3
  endloop
endfacet
facet normal 0 0 0
  outer loop
    vertex -89.32683563232422 -9.238795280456543 2
    vertex -90.2139663696289 -8.819212913513184 2
    vertex -90.2139663696289 -8.819212913513184 3
  endloop
endfacet
facet normal 0 0 0
  outer loop
    vertex -87.4509048461914 -9.807852745056152 2
    vertex -87.4509048461914 -9.807852745056152 3
    vertex -86.48017120361328 -9.951847076416016 2
  endloop
endfacet
facet normal 0 0 0
  outer loop
    vertex -88.40284729003906 -9.569403648376465 2
    vertex -88.40284729003906 -9.569403648376465 3
    vertex -87.4509048461914 -9.807852745056152 2
  endloop
endfacet
facet normal 0 0 0
  outer loop
    vertex -88.40284729003906 -9.569403648376465 2
    vertex -89.32683563232422 -9.238795280456543 2
    vertex -89.32683563232422 -9.238795280456543 3
  endloop
endfacet
facet normal 0 0 0
  outer loop
    vertex -90.2139663696289 -8.819212913513184 2
    vertex -91.05570220947266 -8.314696311950684 2
    vertex -91.05570220947266 -8.314696311950684 3
  endloop
endfacet
facet normal 0 0 0
  outer loop
    vertex -91.84393310546875 -7.730104446411133 2
    vertex -91.84393310546875 -7.730104446411133 3
    vertex -91.05570220947266 -8.314696311950684 2
  endloop
endfacet
facet normal 0 0 0
  outer loop
    vertex -86.48017120361328 -9.951847076416016 2
    vertex -86.48017120361328 -9.951847076416016 3
    vertex -85.5 -10 2
  endloop
endfacet
facet normal 0 0 0
  outer loop
    vertex -85.5 -10 2
    vertex -85.5 -10 3
    vertex -84.51982879638672 -9.951847076416016 2
  endloop
endfacet
facet normal 0 0 0
  outer loop
    vertex -84.51982879638672 -9.951847076416016 2
    vertex -84.51982879638672 -9.951847076416016 3
    vertex -83.5490951538086 -9.807852745056152 2
  endloop
endfacet
facet normal 0 0 0
  outer loop
    vertex -83.5490951538086 -9.807852745056152 2
    vertex -83.5490951538086 -9.807852745056152 3
    vertex -82.59715270996094 -9.569403648376465 2
  endloop
endfacet
facet normal 0 0 0
  outer loop
    vertex -82.59715270996094 -9.569403648376465 2
    vertex -82.59715270996094 -9.569403648376465 3
    vertex -81.67316436767578 -9.238795280456543 2
  endloop
endfacet
facet normal 0 0 0
  outer loop
    vertex -81.67316436767578 -9.238795280456543 2
    vertex -81.67316436767578 -9.238795280456543 3
    vertex -80.7860336303711 -8.819212913513184 2
  endloop
endfacet
facet normal 0 0 0
  outer loop
    vertex -89.32683563232422 -9.238795280456543 2
    vertex -90.2139663696289 -8.819212913513184 3
    vertex -89.32683563232422 -9.238795280456543 3
  endloop
endfacet
facet normal 0 0 0
  outer loop
    vertex -88.40284729003906 -9.569403648376465 2
    vertex -89.32683563232422 -9.238795280456543 3
    vertex -88.40284729003906 -9.569403648376465 3
  endloop
endfacet
facet normal 0 0 0
  outer loop
    vertex -87.4509048461914 -9.807852745056152 2
    vertex -88.40284729003906 -9.569403648376465 3
    vertex -87.4509048461914 -9.807852745056152 3
  endloop
endfacet
facet normal 0 0 0
  outer loop
    vertex -86.48017120361328 -9.951847076416016 2
    vertex -87.4509048461914 -9.807852745056152 3
    vertex -86.48017120361328 -9.951847076416016 3
  endloop
endfacet
facet normal 0 0 0
  outer loop
    vertex -90.2139663696289 -8.819212913513184 2
    vertex -91.05570220947266 -8.314696311950684 3
    vertex -90.2139663696289 -8.819212913513184 3
  endloop
endfacet
facet normal 0 0 0
  outer loop
    vertex -91.05570220947266 -8.314696311950684 2
    vertex -91.84393310546875 -7.730104446411133 3
    vertex -91.05570220947266 -8.314696311950684 3
  endloop
endfacet
facet normal 0 0 0
  outer loop
    vertex -91.84393310546875 -7.730104446411133 2
    vertex -92.5710678100586 -7.071067810058594 3
    vertex -91.84393310546875 -7.730104446411133 3
  endloop
endfacet
facet normal 0 0 0
  outer loop
    vertex -85.5 -10 2
    vertex -86.48017120361328 -9.951847076416016 3
    vertex -85.5 -10 3
  endloop
endfacet
facet normal 0 0 0
  outer loop
    vertex -84.51982879638672 -9.951847076416016 2
    vertex -85.5 -10 3
    vertex -84.51982879638672 -9.951847076416016 3
  endloop
endfacet
facet normal 0 0 0
  outer loop
    vertex -83.5490951538086 -9.807852745056152 2
    vertex -84.51982879638672 -9.951847076416016 3
    vertex -83.5490951538086 -9.807852745056152 3
  endloop
endfacet
facet normal 0 0 0
  outer loop
    vertex -82.59715270996094 -9.569403648376465 2
    vertex -83.5490951538086 -9.807852745056152 3
    vertex -82.59715270996094 -9.569403648376465 3
  endloop
endfacet
facet normal 0 0 0
  outer loop
    vertex -81.67316436767578 -9.238795280456543 2
    vertex -82.59715270996094 -9.569403648376465 3
    vertex -81.67316436767578 -9.238795280456543 3
  endloop
endfacet
facet normal 0 0 0
  outer loop
    vertex -80.7860336303711 -8.819212913513184 2
    vertex -81.67316436767578 -9.238795280456543 3
    vertex -80.7860336303711 -8.819212913513184 3
  endloop
endfacet
facet normal 0 0 0
  outer loop
    vertex -91.84393310546875 -7.730104446411133 2
    vertex -92.5710678100586 -7.071067810058594 2
    vertex -92.5710678100586 -7.071067810058594 3
  endloop
endfacet
facet normal 0 0 0
  outer loop
    vertex -93.2301025390625 -6.343932628631592 2
    vertex -94.80000305175781 3 2
    vertex -93.814697265625 -5.555702209472656 2
  endloop
endfacet
facet normal 0 0 0
  outer loop
    vertex -93.814697265625 -5.555702209472656 2
    vertex -94.80000305175781 3 2
    vertex -94.3192138671875 -4.713967323303223 2
  endloop
endfacet
facet normal 0 0 0
  outer loop
    vertex -93.2301025390625 -6.343932628631592 2
    vertex -92.80000305175781 -4 2
    vertex -92.80000305175781 3 2
  endloop
endfacet
facet normal 0 0 0
  outer loop
    vertex -94.3192138671875 -4.713967323303223 2
    vertex -94.80000305175781 3 2
    vertex -94.7387924194336 -3.8268344402313232 2
  endloop
endfacet
facet normal 0 0 0
  outer loop
    vertex -94.7387924194336 -3.8268344402313232 2
    vertex -94.80000305175781 3 2
    vertex -95.06940460205078 -2.9028468132019043 2
  endloop
endfacet
facet normal 0 0 0
  outer loop
    vertex -95.06940460205078 -2.9028468132019043 2
    vertex -95.06940460205078 2.9028468132019043 2
    vertex -95.30785369873047 -1.9509031772613525 2
  endloop
endfacet
facet normal 0 0 0
  outer loop
    vertex -95.30785369873047 -1.9509031772613525 2
    vertex -95.30785369873047 1.9509031772613525 2
    vertex -95.45185089111328 -0.9801713824272156 2
  endloop
endfacet
facet normal 0 0 0
  outer loop
    vertex -93.2301025390625 -6.343932628631592 2
    vertex -92.80000305175781 3 2
    vertex -94.80000305175781 3 2
  endloop
endfacet
facet normal 0 0 0
  outer loop
    vertex -90.2139663696289 -8.819212913513184 2
    vertex -89.80000305175781 3 2
    vertex -91.05570220947266 -8.314696311950684 2
  endloop
endfacet
facet normal 0 0 0
  outer loop
    vertex -91.84393310546875 -7.730104446411133 2
    vertex -91.05570220947266 -8.314696311950684 2
    vertex -89.80000305175781 3 2
  endloop
endfacet
facet normal 0 0 0
  outer loop
    vertex -91.84393310546875 -7.730104446411133 2
    vertex -89.80000305175781 3 2
    vertex -91.80000305175781 -4 2
  endloop
endfacet
facet normal 0 0 0
  outer loop
    vertex -89.32683563232422 -9.238795280456543 2
    vertex -89.32683563232422 9.238795280456543 2
    vertex -90.2139663696289 -8.819212913513184 2
  endloop
endfacet
facet normal 0 0 0
  outer loop
    vertex -88.40284729003906 -9.569403648376465 2
    vertex -88 -4 2
    vertex -88 4 2
  endloop
endfacet
facet normal 0 0 0
  outer loop
    vertex -88.40284729003906 -9.569403648376465 2
    vertex -88.40284729003906 9.569403648376465 2
    vertex -89.32683563232422 -9.238795280456543 2
  endloop
endfacet
facet normal 0 0 0
  outer loop
    vertex -81.67316436767578 -9.238795280456543 2
    vertex -81.19999694824219 -4 2
    vertex -81.19999694824219 0 2
  endloop
endfacet
facet normal 0 0 0
  outer loop
    vertex -82.59715270996094 -9.569403648376465 2
    vertex -81.67316436767578 -9.238795280456543 2
    vertex -81.67316436767578 9.238795280456543 2
  endloop
endfacet
facet normal 0 0 0
  outer loop
    vertex -81.67316436767578 -9.238795280456543 2
    vertex -81.19999694824219 0 2
    vertex -81.19999694824219 1 2
  endloop
endfacet
facet normal 0 0 0
  outer loop
    vertex -82.59715270996094 -9.569403648376465 2
    vertex -82.59715270996094 9.569403648376465 2
    vertex -83 -4 2
  endloop
endfacet
facet normal 0 0 0
  outer loop
    vertex -81.67316436767578 -9.238795280456543 2
    vertex -81.19999694824219 1 2
    vertex -81.19999694824219 3 2
  endloop
endfacet
facet normal 0 0 0
  outer loop
    vertex -87 -3 2
    vertex -84 -3 2
    vertex -87 3 2
  endloop
endfacet
facet normal 0 0 0
  outer loop
    vertex -81.67316436767578 -9.238795280456543 2
    vertex -81.19999694824219 3 2
    vertex -81.19999694824219 4 2
  endloop
endfacet
facet normal 0 0 0
  outer loop
    vertex -93.814697265625 -5.555702209472656 2
    vertex -94.3192138671875 -4.713967323303223 2
    vertex -94.3192138671875 -4.713967323303223 3
  endloop
endfacet
facet normal 0 0 0
  outer loop
    vertex -94.3192138671875 -4.713967323303223 2
    vertex -94.7387924194336 -3.8268344402313232 2
    vertex -94.7387924194336 -3.8268344402313232 3
  endloop
endfacet
facet normal 0 0 0
  outer loop
    vertex -94.7387924194336 -3.8268344402313232 2
    vertex -95.06940460205078 -2.9028468132019043 2
    vertex -95.06940460205078 -2.9028468132019043 3
  endloop
endfacet
facet normal 0 0 0
  outer loop
    vertex -94.3192138671875 -4.713967323303223 2
    vertex -94.7387924194336 -3.8268344402313232 3
    vertex -94.3192138671875 -4.713967323303223 3
  endloop
endfacet
facet normal 0 0 0
  outer loop
    vertex -94.7387924194336 -3.8268344402313232 2
    vertex -95.06940460205078 -2.9028468132019043 3
    vertex -94.7387924194336 -3.8268344402313232 3
  endloop
endfacet
facet normal 0 0 0
  outer loop
    vertex -95.06940460205078 -2.9028468132019043 2
    vertex -95.30785369873047 -1.9509031772613525 3
    vertex -95.06940460205078 -2.9028468132019043 3
  endloop
endfacet
facet normal 0 0 0
  outer loop
    vertex -95.06940460205078 -2.9028468132019043 2
    vertex -95.30785369873047 -1.9509031772613525 2
    vertex -95.30785369873047 -1.9509031772613525 3
  endloop
endfacet
facet normal 0 0 0
  outer loop
    vertex -95.30785369873047 -1.9509031772613525 2
    vertex -95.45185089111328 -0.9801713824272156 2
    vertex -95.45185089111328 -0.9801713824272156 3
  endloop
endfacet
facet normal 0 0 0
  outer loop
    vertex -95.45185089111328 -0.9801713824272156 2
    vertex -95.5 0 2
    vertex -95.5 0 3
  endloop
endfacet
facet normal 0 0 0
  outer loop
    vertex -95.30785369873047 -1.9509031772613525 2
    vertex -95.45185089111328 -0.9801713824272156 3
    vertex -95.30785369873047 -1.9509031772613525 3
  endloop
endfacet
facet normal 0 0 0
  outer loop
    vertex -95.45185089111328 -0.9801713824272156 2
    vertex -95.5 0 3
    vertex -95.45185089111328 -0.9801713824272156 3
  endloop
endfacet
facet normal 0 0 0
  outer loop
    vertex -95.45185089111328 -0.9801713824272156 2
    vertex -95.45185089111328 0.9801713824272156 2
    vertex -95.5 0 2
  endloop
endfacet
facet normal 0 0 0
  outer loop
    vertex -95.45185089111328 -0.9801713824272156 2
    vertex -95.30785369873047 1.9509031772613525 2
    vertex -95.45185089111328 0.9801713824272156 2
  endloop
endfacet
facet normal 0 0 0
  outer loop
    vertex -95.30785369873047 -1.9509031772613525 2
    vertex -95.06940460205078 2.9028468132019043 2
    vertex -95.30785369873047 1.9509031772613525 2
  endloop
endfacet
facet normal 0 0 0
  outer loop
    vertex -95.06940460205078 -2.9028468132019043 2
    vertex -94.80000305175781 3 2
    vertex -95.06940460205078 2.9028468132019043 2
  endloop
endfacet
facet normal 0 0 0
  outer loop
    vertex -95.06940460205078 2.9028468132019043 2
    vertex -94.80000305175781 3 2
    vertex -94.80000305175781 3.655778646469116 2
  endloop
endfacet
facet normal 0 0 0
  outer loop
    vertex -94.65689086914062 4 2
    vertex -89.80000305175781 4 2
    vertex -94.3192138671875 4.713967323303223 2
  endloop
endfacet
facet normal 0 0 0
  outer loop
    vertex -94.3192138671875 4.713967323303223 2
    vertex -89.80000305175781 4 2
    vertex -93.814697265625 5.555702209472656 2
  endloop
endfacet
facet normal 0 0 0
  outer loop
    vertex -91.80000305175781 -4 2
    vertex -89.80000305175781 3 2
    vertex -91.80000305175781 3 2
  endloop
endfacet
facet normal 0 0 0
  outer loop
    vertex -90.2139663696289 -8.819212913513184 2
    vertex -89.32683563232422 9.238795280456543 2
    vertex -89.80000305175781 3 2
  endloop
endfacet
facet normal 0 0 0
  outer loop
    vertex -88.40284729003906 -9.569403648376465 2
    vertex -88 4 2
    vertex -88.40284729003906 9.569403648376465 2
  endloop
endfacet
facet normal 0 0 0
  outer loop
    vertex -84 -3 2
    vertex -84 3 2
    vertex -87 3 2
  endloop
endfacet
facet normal 0 0 0
  outer loop
    vertex -83 -4 2
    vertex -82.59715270996094 9.569403648376465 2
    vertex -83 -3 2
  endloop
endfacet
facet normal 0 0 0
  outer loop
    vertex -81.67316436767578 -9.238795280456543 2
    vertex -81.19999694824219 4 2
    vertex -81.67316436767578 9.238795280456543 2
  endloop
endfacet
facet normal 0 0 0
  outer loop
    vertex -89.32683563232422 -9.238795280456543 2
    vertex -88.40284729003906 9.569403648376465 2
    vertex -89.32683563232422 9.238795280456543 2
  endloop
endfacet
facet normal 0 0 0
  outer loop
    vertex -82.59715270996094 -9.569403648376465 2
    vertex -81.67316436767578 9.238795280456543 2
    vertex -82.59715270996094 9.569403648376465 2
  endloop
endfacet
facet normal 0 0 0
  outer loop
    vertex -83 -3 2
    vertex -82.59715270996094 9.569403648376465 2
    vertex -83 3 2
  endloop
endfacet
facet normal 0 0 0
  outer loop
    vertex -95.5 0 2
    vertex -95.45185089111328 0.9801713824272156 2
    vertex -95.45185089111328 0.9801713824272156 3
  endloop
endfacet
facet normal 0 0 0
  outer loop
    vertex -95.45185089111328 0.9801713824272156 2
    vertex -95.30785369873047 1.9509031772613525 2
    vertex -95.30785369873047 1.9509031772613525 3
  endloop
endfacet
facet normal 0 0 0
  outer loop
    vertex -95.5 0 2
    vertex -95.45185089111328 0.9801713824272156 3
    vertex -95.5 0 3
  endloop
endfacet
facet normal 0 0 0
  outer loop
    vertex -95.45185089111328 0.9801713824272156 2
    vertex -95.30785369873047 1.9509031772613525 3
    vertex -95.45185089111328 0.9801713824272156 3
  endloop
endfacet
facet normal 0 0 0
  outer loop
    vertex -95.30785369873047 1.9509031772613525 2
    vertex -95.06940460205078 2.9028468132019043 3
    vertex -95.30785369873047 1.9509031772613525 3
  endloop
endfacet
facet normal 0 0 0
  outer loop
    vertex -95.30785369873047 1.9509031772613525 2
    vertex -95.06940460205078 2.9028468132019043 2
    vertex -95.06940460205078 2.9028468132019043 3
  endloop
endfacet
facet normal 0 0 0
  outer loop
    vertex -95.06940460205078 2.9028468132019043 2
    vertex -94.80000305175781 3.655778646469116 2
    vertex -94.80000305175781 3.655778646469116 3
  endloop
endfacet
facet normal 0 0 0
  outer loop
    vertex -94.65689086914062 4 2
    vertex -94.3192138671875 4.713967323303223 2
    vertex -94.3192138671875 4.713967323303223 3
  endloop
endfacet
facet normal 0 0 0
  outer loop
    vertex -95.06940460205078 2.9028468132019043 2
    vertex -94.80000305175781 3.655778646469116 3
    vertex -95.06940460205078 2.9028468132019043 3
  endloop
endfacet
facet normal 0 0 0
  outer loop
    vertex -94.65689086914062 4 2
    vertex -94.3192138671875 4.713967323303223 3
    vertex -94.65689086914062 4 3
  endloop
endfacet
facet normal 0 0 0
  outer loop
    vertex -94.3192138671875 4.713967323303223 2
    vertex -93.814697265625 5.555702209472656 3
    vertex -94.3192138671875 4.713967323303223 3
  endloop
endfacet
facet normal 0 0 0
  outer loop
    vertex -93.814697265625 5.555702209472656 2
    vertex -89.80000305175781 4 2
    vertex -93.2301025390625 6.343932628631592 2
  endloop
endfacet
facet normal 0 0 0
  outer loop
    vertex -89.80000305175781 3 2
    vertex -89.32683563232422 9.238795280456543 2
    vertex -89.80000305175781 4 2
  endloop
endfacet
facet normal 0 0 0
  outer loop
    vertex -93.2301025390625 6.343932628631592 2
    vertex -89.80000305175781 4 2
    vertex -92.5710678100586 7.071067810058594 2
  endloop
endfacet
facet normal 0 0 0
  outer loop
    vertex -88 4 2
    vertex -87 4 2
    vertex -88.40284729003906 9.569403648376465 2
  endloop
endfacet
facet normal 0 0 0
  outer loop
    vertex -92.5710678100586 7.071067810058594 2
    vertex -89.80000305175781 4 2
    vertex -91.84393310546875 7.730104446411133 2
  endloop
endfacet
facet normal 0 0 0
  outer loop
    vertex -89.80000305175781 4 2
    vertex -91.05570220947266 8.314696311950684 2
    vertex -91.84393310546875 7.730104446411133 2
  endloop
endfacet
facet normal 0 0 0
  outer loop
    vertex -89.80000305175781 4 2
    vertex -90.2139663696289 8.819212913513184 2
    vertex -91.05570220947266 8.314696311950684 2
  endloop
endfacet
facet normal 0 0 0
  outer loop
    vertex -89.80000305175781 4 2
    vertex -89.32683563232422 9.238795280456543 2
    vertex -90.2139663696289 8.819212913513184 2
  endloop
endfacet
facet normal 0 0 0
  outer loop
    vertex -87 4 2
    vertex -83 4 2
    vertex -87.4509048461914 9.807852745056152 2
  endloop
endfacet
facet normal 0 0 0
  outer loop
    vertex -83 3 2
    vertex -82.59715270996094 9.569403648376465 2
    vertex -83 4 2
  endloop
endfacet
facet normal 0 0 0
  outer loop
    vertex -81.19999694824219 4 2
    vertex -80.7860336303711 8.819212913513184 2
    vertex -81.67316436767578 9.238795280456543 2
  endloop
endfacet
facet normal 0 0 0
  outer loop
    vertex -87 4 2
    vertex -87.4509048461914 9.807852745056152 2
    vertex -88.40284729003906 9.569403648376465 2
  endloop
endfacet
facet normal 0 0 0
  outer loop
    vertex -83 4 2
    vertex -86.48017120361328 9.951847076416016 2
    vertex -87.4509048461914 9.807852745056152 2
  endloop
endfacet
facet normal 0 0 0
  outer loop
    vertex -83 4 2
    vertex -85.5 10 2
    vertex -86.48017120361328 9.951847076416016 2
  endloop
endfacet
facet normal 0 0 0
  outer loop
    vertex -83 4 2
    vertex -83.5490951538086 9.807852745056152 2
    vertex -84.51982879638672 9.951847076416016 2
  endloop
endfacet
facet normal 0 0 0
  outer loop
    vertex -83 4 2
    vertex -84.51982879638672 9.951847076416016 2
    vertex -85.5 10 2
  endloop
endfacet
facet normal 0 0 0
  outer loop
    vertex -83 4 2
    vertex -82.59715270996094 9.569403648376465 2
    vertex -83.5490951538086 9.807852745056152 2
  endloop
endfacet
facet normal 0 0 0
  outer loop
    vertex -94.3192138671875 4.713967323303223 2
    vertex -93.814697265625 5.555702209472656 2
    vertex -93.814697265625 5.555702209472656 3
  endloop
endfacet
facet normal 0 0 0
  outer loop
    vertex -93.814697265625 5.555702209472656 2
    vertex -93.2301025390625 6.343932628631592 2
    vertex -93.2301025390625 6.343932628631592 3
  endloop
endfacet
facet normal 0 0 0
  outer loop
    vertex -93.2301025390625 6.343932628631592 2
    vertex -92.5710678100586 7.071067810058594 2
    vertex -92.5710678100586 7.071067810058594 3
  endloop
endfacet
facet normal 0 0 0
  outer loop
    vertex -93.814697265625 5.555702209472656 2
    vertex -93.2301025390625 6.343932628631592 3
    vertex -93.814697265625 5.555702209472656 3
  endloop
endfacet
facet normal 0 0 0
  outer loop
    vertex -93.2301025390625 6.343932628631592 2
    vertex -92.5710678100586 7.071067810058594 3
    vertex -93.2301025390625 6.343932628631592 3
  endloop
endfacet
facet normal 0 0 0
  outer loop
    vertex -92.5710678100586 7.071067810058594 2
    vertex -91.84393310546875 7.730104446411133 3
    vertex -92.5710678100586 7.071067810058594 3
  endloop
endfacet
facet normal 0 0 0
  outer loop
    vertex -92.5710678100586 7.071067810058594 2
    vertex -91.84393310546875 7.730104446411133 2
    vertex -91.84393310546875 7.730104446411133 3
  endloop
endfacet
facet normal 0 0 0
  outer loop
    vertex -91.84393310546875 7.730104446411133 2
    vertex -91.05570220947266 8.314696311950684 2
    vertex -91.05570220947266 8.314696311950684 3
  endloop
endfacet
facet normal 0 0 0
  outer loop
    vertex -91.05570220947266 8.314696311950684 2
    vertex -90.2139663696289 8.819212913513184 2
    vertex -90.2139663696289 8.819212913513184 3
  endloop
endfacet
facet normal 0 0 0
  outer loop
    vertex -90.2139663696289 8.819212913513184 2
    vertex -89.32683563232422 9.238795280456543 2
    vertex -89.32683563232422 9.238795280456543 3
  endloop
endfacet
facet normal 0 0 0
  outer loop
    vertex -89.32683563232422 9.238795280456543 2
    vertex -88.40284729003906 9.569403648376465 2
    vertex -88.40284729003906 9.569403648376465 3
  endloop
endfacet
facet normal 0 0 0
  outer loop
    vertex -88.40284729003906 9.569403648376465 2
    vertex -87.4509048461914 9.807852745056152 2
    vertex -87.4509048461914 9.807852745056152 3
  endloop
endfacet
facet normal 0 0 0
  outer loop
    vertex -87.4509048461914 9.807852745056152 2
    vertex -86.48017120361328 9.951847076416016 2
    vertex -86.48017120361328 9.951847076416016 3
  endloop
endfacet
facet normal 0 0 0
  outer loop
    vertex -86.48017120361328 9.951847076416016 2
    vertex -85.5 10 2
    vertex -85.5 10 3
  endloop
endfacet
facet normal 0 0 0
  outer loop
    vertex -85.5 10 2
    vertex -84.51982879638672 9.951847076416016 2
    vertex -84.51982879638672 9.951847076416016 3
  endloop
endfacet
facet normal 0 0 0
  outer loop
    vertex -84.51982879638672 9.951847076416016 2
    vertex -83.5490951538086 9.807852745056152 2
    vertex -83.5490951538086 9.807852745056152 3
  endloop
endfacet
facet normal 0 0 0
  outer loop
    vertex -81.67316436767578 9.238795280456543 2
    vertex -80.7860336303711 8.819212913513184 2
    vertex -80.7860336303711 8.819212913513184 3
  endloop
endfacet
facet normal 0 0 0
  outer loop
    vertex -81.67316436767578 9.238795280456543 2
    vertex -81.67316436767578 9.238795280456543 3
    vertex -82.59715270996094 9.569403648376465 2
  endloop
endfacet
facet normal 0 0 0
  outer loop
    vertex -83.5490951538086 9.807852745056152 2
    vertex -82.59715270996094 9.569403648376465 2
    vertex -82.59715270996094 9.569403648376465 3
  endloop
endfacet
facet normal 0 0 0
  outer loop
    vertex -91.84393310546875 7.730104446411133 2
    vertex -91.05570220947266 8.314696311950684 3
    vertex -91.84393310546875 7.730104446411133 3
  endloop
endfacet
facet normal 0 0 0
  outer loop
    vertex -91.05570220947266 8.314696311950684 2
    vertex -90.2139663696289 8.819212913513184 3
    vertex -91.05570220947266 8.314696311950684 3
  endloop
endfacet
facet normal 0 0 0
  outer loop
    vertex -90.2139663696289 8.819212913513184 2
    vertex -89.32683563232422 9.238795280456543 3
    vertex -90.2139663696289 8.819212913513184 3
  endloop
endfacet
facet normal 0 0 0
  outer loop
    vertex -89.32683563232422 9.238795280456543 2
    vertex -88.40284729003906 9.569403648376465 3
    vertex -89.32683563232422 9.238795280456543 3
  endloop
endfacet
facet normal 0 0 0
  outer loop
    vertex -88.40284729003906 9.569403648376465 2
    vertex -87.4509048461914 9.807852745056152 3
    vertex -88.40284729003906 9.569403648376465 3
  endloop
endfacet
facet normal 0 0 0
  outer loop
    vertex -87.4509048461914 9.807852745056152 2
    vertex -86.48017120361328 9.951847076416016 3
    vertex -87.4509048461914 9.807852745056152 3
  endloop
endfacet
facet normal 0 0 0
  outer loop
    vertex -86.48017120361328 9.951847076416016 2
    vertex -85.5 10 3
    vertex -86.48017120361328 9.951847076416016 3
  endloop
endfacet
facet normal 0 0 0
  outer loop
    vertex -85.5 10 2
    vertex -84.51982879638672 9.951847076416016 3
    vertex -85.5 10 3
  endloop
endfacet
facet normal 0 0 0
  outer loop
    vertex -84.51982879638672 9.951847076416016 2
    vertex -83.5490951538086 9.807852745056152 3
    vertex -84.51982879638672 9.951847076416016 3
  endloop
endfacet
facet normal 0 0 0
  outer loop
    vertex -81.67316436767578 9.238795280456543 2
    vertex -80.7860336303711 8.819212913513184 3
    vertex -81.67316436767578 9.238795280456543 3
  endloop
endfacet
facet normal 0 0 0
  outer loop
    vertex -82.59715270996094 9.569403648376465 2
    vertex -81.67316436767578 9.238795280456543 3
    vertex -82.59715270996094 9.569403648376465 3
  endloop
endfacet
facet normal 0 0 0
  outer loop
    vertex -83.5490951538086 9.807852745056152 2
    vertex -82.59715270996094 9.569403648376465 3
    vertex -83.5490951538086 9.807852745056152 3
  endloop
endfacet
facet normal 0 0 0
  outer loop
    vertex -80.7860336303711 -8.819212913513184 2
    vertex -79.94429779052734 -8.314696311950684 2
    vertex -81.19999694824219 -4 2
  endloop
endfacet
facet normal 0 0 0
  outer loop
    vertex -79.94429779052734 -8.314696311950684 2
    vertex -80.19999694824219 -4 2
    vertex -81.19999694824219 -4 2
  endloop
endfacet
facet normal 0 0 0
  outer loop
    vertex -79.94429779052734 -8.314696311950684 2
    vertex -79.15606689453125 -7.730104446411133 2
    vertex -80.19999694824219 0 2
  endloop
endfacet
facet normal 0 0 0
  outer loop
    vertex -80.7860336303711 -8.819212913513184 2
    vertex -80.7860336303711 -8.819212913513184 3
    vertex -79.94429779052734 -8.314696311950684 2
  endloop
endfacet
facet normal 0 0 0
  outer loop
    vertex -79.94429779052734 -8.314696311950684 2
    vertex -79.94429779052734 -8.314696311950684 3
    vertex -79.15606689453125 -7.730104446411133 2
  endloop
endfacet
facet normal 0 0 0
  outer loop
    vertex -79.15606689453125 -7.730104446411133 2
    vertex -79.15606689453125 -7.730104446411133 3
    vertex -78.4289321899414 -7.071067810058594 2
  endloop
endfacet
facet normal 0 0 0
  outer loop
    vertex -79.94429779052734 -8.314696311950684 2
    vertex -80.7860336303711 -8.819212913513184 3
    vertex -79.94429779052734 -8.314696311950684 3
  endloop
endfacet
facet normal 0 0 0
  outer loop
    vertex -79.15606689453125 -7.730104446411133 2
    vertex -79.94429779052734 -8.314696311950684 3
    vertex -79.15606689453125 -7.730104446411133 3
  endloop
endfacet
facet normal 0 0 0
  outer loop
    vertex -78.4289321899414 -7.071067810058594 2
    vertex -78.4289321899414 -7.071067810058594 3
    vertex -77.7698974609375 -6.343932628631592 2
  endloop
endfacet
facet normal 0 0 0
  outer loop
    vertex -77.7698974609375 -6.343932628631592 2
    vertex -77.7698974609375 -6.343932628631592 3
    vertex -77.185302734375 -5.555702209472656 2
  endloop
endfacet
facet normal 0 0 0
  outer loop
    vertex -77.185302734375 -5.555702209472656 2
    vertex -77.185302734375 -5.555702209472656 3
    vertex -76.6807861328125 -4.713967323303223 2
  endloop
endfacet
facet normal 0 0 0
  outer loop
    vertex -78.4289321899414 -7.071067810058594 2
    vertex -79.15606689453125 -7.730104446411133 3
    vertex -78.4289321899414 -7.071067810058594 3
  endloop
endfacet
facet normal 0 0 0
  outer loop
    vertex -77.7698974609375 -6.343932628631592 2
    vertex -78.4289321899414 -7.071067810058594 3
    vertex -77.7698974609375 -6.343932628631592 3
  endloop
endfacet
facet normal 0 0 0
  outer loop
    vertex -77.185302734375 -5.555702209472656 2
    vertex -77.7698974609375 -6.343932628631592 3
    vertex -77.185302734375 -5.555702209472656 3
  endloop
endfacet
facet normal 0 0 0
  outer loop
    vertex -79.15606689453125 -7.730104446411133 2
    vertex -78.4289321899414 -7.071067810058594 2
    vertex -80.19999694824219 0 2
  endloop
endfacet
facet normal 0 0 0
  outer loop
    vertex -78.4289321899414 -7.071067810058594 2
    vertex -77.7698974609375 -6.343932628631592 2
    vertex -80.19999694824219 0 2
  endloop
endfacet
facet normal 0 0 0
  outer loop
    vertex -79.94429779052734 -8.314696311950684 2
    vertex -80.19999694824219 0 2
    vertex -80.19999694824219 -4 2
  endloop
endfacet
facet normal 0 0 0
  outer loop
    vertex -77.7698974609375 -6.343932628631592 2
    vertex -77.185302734375 -5.555702209472656 2
    vertex -80.19999694824219 0 2
  endloop
endfacet
facet normal 0 0 0
  outer loop
    vertex -77.185302734375 -5.555702209472656 2
    vertex -76.6807861328125 -4.713967323303223 2
    vertex -80.19999694824219 0 2
  endloop
endfacet
facet normal 0 0 0
  outer loop
    vertex -76.6807861328125 -4.713967323303223 2
    vertex -76.2612075805664 -3.8268344402313232 2
    vertex -80.19999694824219 0 2
  endloop
endfacet
facet normal 0 0 0
  outer loop
    vertex -76.2612075805664 -3.8268344402313232 2
    vertex -76.19999694824219 0 2
    vertex -80.19999694824219 0 2
  endloop
endfacet
facet normal 0 0 0
  outer loop
    vertex -76.2612075805664 -3.8268344402313232 2
    vertex -75.93059539794922 -2.9028468132019043 2
    vertex -75.93059539794922 2.9028468132019043 2
  endloop
endfacet
facet normal 0 0 0
  outer loop
    vertex -75.93059539794922 -2.9028468132019043 2
    vertex -75.69214630126953 -1.9509031772613525 2
    vertex -75.69214630126953 1.9509031772613525 2
  endloop
endfacet
facet normal 0 0 0
  outer loop
    vertex -75.69214630126953 -1.9509031772613525 2
    vertex -75.54814910888672 -0.9801713824272156 2
    vertex -75.54814910888672 0.9801713824272156 2
  endloop
endfacet
facet normal 0 0 0
  outer loop
    vertex -76.2612075805664 -3.8268344402313232 2
    vertex -75.93059539794922 2.9028468132019043 2
    vertex -76.19999694824219 0 2
  endloop
endfacet
facet normal 0 0 0
  outer loop
    vertex -76.6807861328125 -4.713967323303223 2
    vertex -76.6807861328125 -4.713967323303223 3
    vertex -76.2612075805664 -3.8268344402313232 2
  endloop
endfacet
facet normal 0 0 0
  outer loop
    vertex -76.2612075805664 -3.8268344402313232 2
    vertex -76.2612075805664 -3.8268344402313232 3
    vertex -75.93059539794922 -2.9028468132019043 2
  endloop
endfacet
facet normal 0 0 0
  outer loop
    vertex -75.93059539794922 -2.9028468132019043 2
    vertex -75.93059539794922 -2.9028468132019043 3
    vertex -75.69214630126953 -1.9509031772613525 2
  endloop
endfacet
facet normal 0 0 0
  outer loop
    vertex -76.6807861328125 -4.713967323303223 2
    vertex -77.185302734375 -5.555702209472656 3
    vertex -76.6807861328125 -4.713967323303223 3
  endloop
endfacet
facet normal 0 0 0
  outer loop
    vertex -76.2612075805664 -3.8268344402313232 2
    vertex -76.6807861328125 -4.713967323303223 3
    vertex -76.2612075805664 -3.8268344402313232 3
  endloop
endfacet
facet normal 0 0 0
  outer loop
    vertex -75.93059539794922 -2.9028468132019043 2
    vertex -76.2612075805664 -3.8268344402313232 3
    vertex -75.93059539794922 -2.9028468132019043 3
  endloop
endfacet
facet normal 0 0 0
  outer loop
    vertex -75.69214630126953 -1.9509031772613525 2
    vertex -75.69214630126953 -1.9509031772613525 3
    vertex -75.54814910888672 -0.9801713824272156 2
  endloop
endfacet
facet normal 0 0 0
  outer loop
    vertex -75.54814910888672 -0.9801713824272156 2
    vertex -75.54814910888672 -0.9801713824272156 3
    vertex -75.5 0 2
  endloop
endfacet
facet normal 0 0 0
  outer loop
    vertex -75.69214630126953 -1.9509031772613525 2
    vertex -75.93059539794922 -2.9028468132019043 3
    vertex -75.69214630126953 -1.9509031772613525 3
  endloop
endfacet
facet normal 0 0 0
  outer loop
    vertex -75.54814910888672 -0.9801713824272156 2
    vertex -75.69214630126953 -1.9509031772613525 3
    vertex -75.54814910888672 -0.9801713824272156 3
  endloop
endfacet
facet normal 0 0 0
  outer loop
    vertex -75.5 0 2
    vertex -75.54814910888672 -0.9801713824272156 3
    vertex -75.5 0 3
  endloop
endfacet
facet normal 0 0 0
  outer loop
    vertex -75.54814910888672 -0.9801713824272156 2
    vertex -75.5 0 2
    vertex -75.54814910888672 0.9801713824272156 2
  endloop
endfacet
facet normal 0 0 0
  outer loop
    vertex -75.69214630126953 -1.9509031772613525 2
    vertex -75.54814910888672 0.9801713824272156 2
    vertex -75.69214630126953 1.9509031772613525 2
  endloop
endfacet
facet normal 0 0 0
  outer loop
    vertex -75.93059539794922 -2.9028468132019043 2
    vertex -75.69214630126953 1.9509031772613525 2
    vertex -75.93059539794922 2.9028468132019043 2
  endloop
endfacet
facet normal 0 0 0
  outer loop
    vertex -80.19999694824219 1 2
    vertex -77.19999694824219 1 2
    vertex -80.19999694824219 3 2
  endloop
endfacet
facet normal 0 0 0
  outer loop
    vertex -80.19999694824219 3 2
    vertex -77.19999694824219 1 2
    vertex -77.19999694824219 3 2
  endloop
endfacet
facet normal 0 0 0
  outer loop
    vertex -76.19999694824219 0 2
    vertex -75.93059539794922 2.9028468132019043 2
    vertex -76.19999694824219 1 2
  endloop
endfacet
facet normal 0 0 0
  outer loop
    vertex -76.19999694824219 1 2
    vertex -75.93059539794922 2.9028468132019043 2
    vertex -76.19999694824219 3 2
  endloop
endfacet
facet normal 0 0 0
  outer loop
    vertex -75.93059539794922 2.9028468132019043 2
    vertex -76.19999694824219 3.655778646469116 2
    vertex -76.19999694824219 3 2
  endloop
endfacet
facet normal 0 0 0
  outer loop
    vertex -76.6807861328125 4.713967323303223 2
    vertex -77.185302734375 5.555702209472656 2
    vertex -76.34310913085938 4 2
  endloop
endfacet
facet normal 0 0 0
  outer loop
    vertex -75.5 0 2
    vertex -75.5 0 3
    vertex -75.54814910888672 0.9801713824272156 2
  endloop
endfacet
facet normal 0 0 0
  outer loop
    vertex -75.54814910888672 0.9801713824272156 2
    vertex -75.54814910888672 0.9801713824272156 3
    vertex -75.69214630126953 1.9509031772613525 2
  endloop
endfacet
facet normal 0 0 0
  outer loop
    vertex -75.69214630126953 1.9509031772613525 2
    vertex -75.69214630126953 1.9509031772613525 3
    vertex -75.93059539794922 2.9028468132019043 2
  endloop
endfacet
facet normal 0 0 0
  outer loop
    vertex -75.54814910888672 0.9801713824272156 2
    vertex -75.5 0 3
    vertex -75.54814910888672 0.9801713824272156 3
  endloop
endfacet
facet normal 0 0 0
  outer loop
    vertex -75.69214630126953 1.9509031772613525 2
    vertex -75.54814910888672 0.9801713824272156 3
    vertex -75.69214630126953 1.9509031772613525 3
  endloop
endfacet
facet normal 0 0 0
  outer loop
    vertex -75.93059539794922 2.9028468132019043 2
    vertex -75.93059539794922 2.9028468132019043 3
    vertex -76.19999694824219 3.655778646469116 2
  endloop
endfacet
facet normal 0 0 0
  outer loop
    vertex -76.6807861328125 4.713967323303223 2
    vertex -76.34310913085938 4 2
    vertex -76.34310913085938 4 3
  endloop
endfacet
facet normal 0 0 0
  outer loop
    vertex -76.6807861328125 4.713967323303223 2
    vertex -76.6807861328125 4.713967323303223 3
    vertex -77.185302734375 5.555702209472656 2
  endloop
endfacet
facet normal 0 0 0
  outer loop
    vertex -75.93059539794922 2.9028468132019043 2
    vertex -75.69214630126953 1.9509031772613525 3
    vertex -75.93059539794922 2.9028468132019043 3
  endloop
endfacet
facet normal 0 0 0
  outer loop
    vertex -76.19999694824219 3.655778646469116 2
    vertex -75.93059539794922 2.9028468132019043 3
    vertex -76.19999694824219 3.655778646469116 3
  endloop
endfacet
facet normal 0 0 0
  outer loop
    vertex -76.6807861328125 4.713967323303223 2
    vertex -76.34310913085938 4 3
    vertex -76.6807861328125 4.713967323303223 3
  endloop
endfacet
facet normal 0 0 0
  outer loop
    vertex -81.19999694824219 4 2
    vertex -76.34310913085938 4 2
    vertex -80.7860336303711 8.819212913513184 2
  endloop
endfacet
facet normal 0 0 0
  outer loop
    vertex -77.185302734375 5.555702209472656 2
    vertex -77.7698974609375 6.343932628631592 2
    vertex -76.34310913085938 4 2
  endloop
endfacet
facet normal 0 0 0
  outer loop
    vertex -76.34310913085938 4 2
    vertex -77.7698974609375 6.343932628631592 2
    vertex -78.4289321899414 7.071067810058594 2
  endloop
endfacet
facet normal 0 0 0
  outer loop
    vertex -76.34310913085938 4 2
    vertex -78.4289321899414 7.071067810058594 2
    vertex -79.15606689453125 7.730104446411133 2
  endloop
endfacet
facet normal 0 0 0
  outer loop
    vertex -76.34310913085938 4 2
    vertex -79.15606689453125 7.730104446411133 2
    vertex -79.94429779052734 8.314696311950684 2
  endloop
endfacet
facet normal 0 0 0
  outer loop
    vertex -76.34310913085938 4 2
    vertex -79.94429779052734 8.314696311950684 2
    vertex -80.7860336303711 8.819212913513184 2
  endloop
endfacet
facet normal 0 0 0
  outer loop
    vertex -77.185302734375 5.555702209472656 2
    vertex -77.185302734375 5.555702209472656 3
    vertex -77.7698974609375 6.343932628631592 2
  endloop
endfacet
facet normal 0 0 0
  outer loop
    vertex -77.7698974609375 6.343932628631592 2
    vertex -77.7698974609375 6.343932628631592 3
    vertex -78.4289321899414 7.071067810058594 2
  endloop
endfacet
facet normal 0 0 0
  outer loop
    vertex -78.4289321899414 7.071067810058594 2
    vertex -78.4289321899414 7.071067810058594 3
    vertex -79.15606689453125 7.730104446411133 2
  endloop
endfacet
facet normal 0 0 0
  outer loop
    vertex -77.185302734375 5.555702209472656 2
    vertex -76.6807861328125 4.713967323303223 3
    vertex -77.185302734375 5.555702209472656 3
  endloop
endfacet
facet normal 0 0 0
  outer loop
    vertex -77.7698974609375 6.343932628631592 2
    vertex -77.185302734375 5.555702209472656 3
    vertex -77.7698974609375 6.343932628631592 3
  endloop
endfacet
facet normal 0 0 0
  outer loop
    vertex -78.4289321899414 7.071067810058594 2
    vertex -77.7698974609375 6.343932628631592 3
    vertex -78.4289321899414 7.071067810058594 3
  endloop
endfacet
facet normal 0 0 0
  outer loop
    vertex -79.94429779052734 8.314696311950684 2
    vertex -79.15606689453125 7.730104446411133 2
    vertex -79.15606689453125 7.730104446411133 3
  endloop
endfacet
facet normal 0 0 0
  outer loop
    vertex -79.94429779052734 8.314696311950684 2
    vertex -79.94429779052734 8.314696311950684 3
    vertex -80.7860336303711 8.819212913513184 2
  endloop
endfacet
facet normal 0 0 0
  outer loop
    vertex -79.94429779052734 8.314696311950684 2
    vertex -79.15606689453125 7.730104446411133 3
    vertex -79.94429779052734 8.314696311950684 3
  endloop
endfacet
facet normal 0 0 0
  outer loop
    vertex -79.15606689453125 7.730104446411133 2
    vertex -78.4289321899414 7.071067810058594 3
    vertex -79.15606689453125 7.730104446411133 3
  endloop
endfacet
facet normal 0 0 0
  outer loop
    vertex -80.7860336303711 8.819212913513184 2
    vertex -79.94429779052734 8.314696311950684 3
    vertex -80.7860336303711 8.819212913513184 3
  endloop
endfacet
facet normal 0 0 0
  outer loop
    vertex -94.80000305175781 3 1.649999976158142
    vertex -92.80000305175781 3.5999999046325684 1.649999976158142
    vertex -94.80000305175781 4 1.649999976158142
  endloop
endfacet
facet normal 0 0 0
  outer loop
    vertex -94.80000305175781 3 1.649999976158142
    vertex -92.80000305175781 3 1.649999976158142
    vertex -92.80000305175781 3.5999999046325684 1.649999976158142
  endloop
endfacet
facet normal 0 0 0
  outer loop
    vertex -94.80000305175781 3 1.649999976158142
    vertex -94.80000305175781 3 2
    vertex -92.80000305175781 3 1.649999976158142
  endloop
endfacet
facet normal 0 0 0
  outer loop
    vertex -94.80000305175781 3 1.649999976158142
    vertex -94.80000305175781 4 1.649999976158142
    vertex -94.80000305175781 3.655778646469116 2
  endloop
endfacet
facet normal 0 0 0
  outer loop
    vertex -92.80000305175781 3 1.649999976158142
    vertex -94.80000305175781 3 2
    vertex -92.80000305175781 3 2
  endloop
endfacet
facet normal 0 0 0
  outer loop
    vertex -94.80000305175781 3 1.649999976158142
    vertex -94.80000305175781 3.655778646469116 2
    vertex -94.80000305175781 3 2
  endloop
endfacet
facet normal 0 0 0
  outer loop
    vertex -94.80000305175781 4 1.649999976158142
    vertex -89.80000305175781 4 2
    vertex -94.65689086914062 4 2
  endloop
endfacet
facet normal 0 0 0
  outer loop
    vertex -94.80000305175781 3.655778646469116 2
    vertex -94.80000305175781 4 1.649999976158142
    vertex -94.80000305175781 4 3
  endloop
endfacet
facet normal 0 0 0
  outer loop
    vertex -94.80000305175781 4 1.649999976158142
    vertex -94.65689086914062 4 2
    vertex -94.80000305175781 4 3
  endloop
endfacet
facet normal 0 0 0
  outer loop
    vertex -91.80000305175781 3 1.649999976158142
    vertex -89.80000305175781 3 1.649999976158142
    vertex -92.74871826171875 3.5897436141967773 1.649999976158142
  endloop
endfacet
facet normal 0 0 0
  outer loop
    vertex -92.80000305175781 3.5999999046325684 1.649999976158142
    vertex -92.74871826171875 3.5897436141967773 1.649999976158142
    vertex -89.80000305175781 4 1.649999976158142
  endloop
endfacet
facet normal 0 0 0
  outer loop
    vertex -92.74871826171875 3.5897436141967773 1.649999976158142
    vertex -89.80000305175781 3 1.649999976158142
    vertex -89.80000305175781 4 1.649999976158142
  endloop
endfacet
facet normal 0 0 0
  outer loop
    vertex -91.80000305175781 3 1.649999976158142
    vertex -89.80000305175781 3 2
    vertex -89.80000305175781 3 1.649999976158142
  endloop
endfacet
facet normal 0 0 0
  outer loop
    vertex -89.80000305175781 3 1.649999976158142
    vertex -89.80000305175781 3 2
    vertex -89.80000305175781 4 1.649999976158142
  endloop
endfacet
facet normal 0 0 0
  outer loop
    vertex -92.80000305175781 3.5999999046325684 1.649999976158142
    vertex -89.80000305175781 4 1.649999976158142
    vertex -94.80000305175781 4 1.649999976158142
  endloop
endfacet
facet normal 0 0 0
  outer loop
    vertex -94.80000305175781 4 1.649999976158142
    vertex -89.80000305175781 4 1.649999976158142
    vertex -89.80000305175781 4 2
  endloop
endfacet
facet normal 0 0 0
  outer loop
    vertex -91.80000305175781 3 1.649999976158142
    vertex -91.80000305175781 3 2
    vertex -89.80000305175781 3 2
  endloop
endfacet
facet normal 0 0 0
  outer loop
    vertex -89.80000305175781 3 2
    vertex -89.80000305175781 4 2
    vertex -89.80000305175781 4 1.649999976158142
  endloop
endfacet
facet normal 0 0 0
  outer loop
    vertex -94.80000305175781 3.655778646469116 2
    vertex -94.80000305175781 4 3
    vertex -94.80000305175781 3.655778646469116 3
  endloop
endfacet
facet normal 0 0 0
  outer loop
    vertex -94.65689086914062 4 2
    vertex -94.65689086914062 4 3
    vertex -94.80000305175781 4 3
  endloop
endfacet
facet normal 0 0 0
  outer loop
    vertex -92.80000305175781 -4 1.649999976158142
    vertex -92.80000305175781 3 2
    vertex -92.80000305175781 -4 2
  endloop
endfacet
facet normal 0 0 0
  outer loop
    vertex -92.80000305175781 -4 1.649999976158142
    vertex -92.80000305175781 -4 2
    vertex -91.80000305175781 -4 1.649999976158142
  endloop
endfacet
facet normal 0 0 0
  outer loop
    vertex -91.80000305175781 -4 1.649999976158142
    vertex -92.80000305175781 -4 2
    vertex -91.80000305175781 -4 2
  endloop
endfacet
facet normal 0 0 0
  outer loop
    vertex -92.80000305175781 -4 1.649999976158142
    vertex -91.80000305175781 -4 1.649999976158142
    vertex -92.80000305175781 3 1.649999976158142
  endloop
endfacet
facet normal 0 0 0
  outer loop
    vertex -91.80000305175781 -4 1.649999976158142
    vertex -91.80000305175781 -4 2
    vertex -91.80000305175781 3 1.649999976158142
  endloop
endfacet
facet normal 0 0 0
  outer loop
    vertex -92.80000305175781 -4 1.649999976158142
    vertex -92.80000305175781 3 1.649999976158142
    vertex -92.80000305175781 3 2
  endloop
endfacet
facet normal 0 0 0
  outer loop
    vertex -92.80000305175781 3 1.649999976158142
    vertex -92.74871826171875 3.5897436141967773 1.649999976158142
    vertex -92.80000305175781 3.5999999046325684 1.649999976158142
  endloop
endfacet
facet normal 0 0 0
  outer loop
    vertex -91.80000305175781 -4 1.649999976158142
    vertex -92.74871826171875 3.5897436141967773 1.649999976158142
    vertex -92.80000305175781 3 1.649999976158142
  endloop
endfacet
facet normal 0 0 0
  outer loop
    vertex -91.80000305175781 -4 1.649999976158142
    vertex -91.80000305175781 3 1.649999976158142
    vertex -92.74871826171875 3.5897436141967773 1.649999976158142
  endloop
endfacet
facet normal 0 0 0
  outer loop
    vertex -91.80000305175781 -4 2
    vertex -91.80000305175781 3 2
    vertex -91.80000305175781 3 1.649999976158142
  endloop
endfacet
facet normal 0 0 0
  outer loop
    vertex -88 -4 1.649999976158142
    vertex -88 -4 2
    vertex -87 -4 1.649999976158142
  endloop
endfacet
facet normal 0 0 0
  outer loop
    vertex -88 -4 1.649999976158142
    vertex -87 -4 1.649999976158142
    vertex -87.1025619506836 -3.1794872283935547 1.649999976158142
  endloop
endfacet
facet normal 0 0 0
  outer loop
    vertex -87 -4 1.649999976158142
    vertex -88 -4 2
    vertex -87 -4 2
  endloop
endfacet
facet normal 0 0 0
  outer loop
    vertex -88 -4 1.649999976158142
    vertex -87.1025619506836 -3.1794872283935547 1.649999976158142
    vertex -88 4 1.649999976158142
  endloop
endfacet
facet normal 0 0 0
  outer loop
    vertex -87.1025619506836 -3.1794872283935547 1.649999976158142
    vertex -87 -3 1.649999976158142
    vertex -87 3 1.649999976158142
  endloop
endfacet
facet normal 0 0 0
  outer loop
    vertex -87 -3 1.649999976158142
    vertex -87 -3 2
    vertex -87 3 1.649999976158142
  endloop
endfacet
facet normal 0 0 0
  outer loop
    vertex -88 -4 1.649999976158142
    vertex -88 4 2
    vertex -88 -4 2
  endloop
endfacet
facet normal 0 0 0
  outer loop
    vertex -87.1025619506836 -3.1794872283935547 1.649999976158142
    vertex -87 3 1.649999976158142
    vertex -88 4 1.649999976158142
  endloop
endfacet
facet normal 0 0 0
  outer loop
    vertex -88 -4 1.649999976158142
    vertex -88 4 1.649999976158142
    vertex -88 4 2
  endloop
endfacet
facet normal 0 0 0
  outer loop
    vertex -87 -3 2
    vertex -87 3 2
    vertex -87 3 1.649999976158142
  endloop
endfacet
facet normal 0 0 0
  outer loop
    vertex -87 3 1.649999976158142
    vertex -87 4 1.649999976158142
    vertex -88 4 1.649999976158142
  endloop
endfacet
facet normal 0 0 0
  outer loop
    vertex -88 4 1.649999976158142
    vertex -87 4 1.649999976158142
    vertex -87 4 2
  endloop
endfacet
facet normal 0 0 0
  outer loop
    vertex -88 4 1.649999976158142
    vertex -87 4 2
    vertex -88 4 2
  endloop
endfacet
facet normal 0 0 0
  outer loop
    vertex -84 -3.799999952316284 1.649999976158142
    vertex -83 -4 1.649999976158142
    vertex -84 -3 1.649999976158142
  endloop
endfacet
facet normal 0 0 0
  outer loop
    vertex -83 -4 1.649999976158142
    vertex -84 3 1.649999976158142
    vertex -84 -3 1.649999976158142
  endloop
endfacet
facet normal 0 0 0
  outer loop
    vertex -83 -4 1.649999976158142
    vertex -83 -3 1.649999976158142
    vertex -84 3.200000047683716 1.649999976158142
  endloop
endfacet
facet normal 0 0 0
  outer loop
    vertex -83 -3 1.649999976158142
    vertex -83 -3 2
    vertex -83 3 1.649999976158142
  endloop
endfacet
facet normal 0 0 0
  outer loop
    vertex -84 -3 1.649999976158142
    vertex -84 3 2
    vertex -84 -3 2
  endloop
endfacet
facet normal 0 0 0
  outer loop
    vertex -83 -4 1.649999976158142
    vertex -84 3.200000047683716 1.649999976158142
    vertex -84 3 1.649999976158142
  endloop
endfacet
facet normal 0 0 0
  outer loop
    vertex -83 -3 1.649999976158142
    vertex -83 3 1.649999976158142
    vertex -84 3.200000047683716 1.649999976158142
  endloop
endfacet
facet normal 0 0 0
  outer loop
    vertex -84 -3 1.649999976158142
    vertex -84 3 1.649999976158142
    vertex -84 3 2
  endloop
endfacet
facet normal 0 0 0
  outer loop
    vertex -83 -3 2
    vertex -83 3 2
    vertex -83 3 1.649999976158142
  endloop
endfacet
facet normal 0 0 0
  outer loop
    vertex -87 -4 1.649999976158142
    vertex -83 -4 1.649999976158142
    vertex -84 -3.799999952316284 1.649999976158142
  endloop
endfacet
facet normal 0 0 0
  outer loop
    vertex -87 -4 1.649999976158142
    vertex -87 -4 2
    vertex -83 -4 1.649999976158142
  endloop
endfacet
facet normal 0 0 0
  outer loop
    vertex -87 -4 1.649999976158142
    vertex -84 -3.799999952316284 1.649999976158142
    vertex -87.1025619506836 -3.1794872283935547 1.649999976158142
  endloop
endfacet
facet normal 0 0 0
  outer loop
    vertex -87.1025619506836 -3.1794872283935547 1.649999976158142
    vertex -84 -3.799999952316284 1.649999976158142
    vertex -87 -3 1.649999976158142
  endloop
endfacet
facet normal 0 0 0
  outer loop
    vertex -87 -3 1.649999976158142
    vertex -84 -3.799999952316284 1.649999976158142
    vertex -84 -3 1.649999976158142
  endloop
endfacet
facet normal 0 0 0
  outer loop
    vertex -87 -3 1.649999976158142
    vertex -84 -3 1.649999976158142
    vertex -84 -3 2
  endloop
endfacet
facet normal 0 0 0
  outer loop
    vertex -83 -4 1.649999976158142
    vertex -83 -4 2
    vertex -83 -3 1.649999976158142
  endloop
endfacet
facet normal 0 0 0
  outer loop
    vertex -87 -4 2
    vertex -83 -4 2
    vertex -83 -4 1.649999976158142
  endloop
endfacet
facet normal 0 0 0
  outer loop
    vertex -87 -3 1.649999976158142
    vertex -84 -3 2
    vertex -87 -3 2
  endloop
endfacet
facet normal 0 0 0
  outer loop
    vertex -83 -4 2
    vertex -83 -3 2
    vertex -83 -3 1.649999976158142
  endloop
endfacet
facet normal 0 0 0
  outer loop
    vertex -87 3 1.649999976158142
    vertex -84 3 1.649999976158142
    vertex -84 3.200000047683716 1.649999976158142
  endloop
endfacet
facet normal 0 0 0
  outer loop
    vertex -87 3 1.649999976158142
    vertex -84 3.200000047683716 1.649999976158142
    vertex -87 4 1.649999976158142
  endloop
endfacet
facet normal 0 0 0
  outer loop
    vertex -87 4 1.649999976158142
    vertex -84 3.200000047683716 1.649999976158142
    vertex -83 4 1.649999976158142
  endloop
endfacet
facet normal 0 0 0
  outer loop
    vertex -84 3.200000047683716 1.649999976158142
    vertex -83 3 1.649999976158142
    vertex -83 4 1.649999976158142
  endloop
endfacet
facet normal 0 0 0
  outer loop
    vertex -87 3 1.649999976158142
    vertex -87 3 2
    vertex -84 3 1.649999976158142
  endloop
endfacet
facet normal 0 0 0
  outer loop
    vertex -83 3 1.649999976158142
    vertex -83 3 2
    vertex -83 4 1.649999976158142
  endloop
endfacet
facet normal 0 0 0
  outer loop
    vertex -87 4 1.649999976158142
    vertex -83 4 1.649999976158142
    vertex -83 4 2
  endloop
endfacet
facet normal 0 0 0
  outer loop
    vertex -87 3 2
    vertex -84 3 2
    vertex -84 3 1.649999976158142
  endloop
endfacet
facet normal 0 0 0
  outer loop
    vertex -83 3 2
    vertex -83 4 2
    vertex -83 4 1.649999976158142
  endloop
endfacet
facet normal 0 0 0
  outer loop
    vertex -87 4 1.649999976158142
    vertex -83 4 2
    vertex -87 4 2
  endloop
endfacet
facet normal 0 0 0
  outer loop
    vertex -81.19999694824219 -4 1.649999976158142
    vertex -81.19999694824219 -4 2
    vertex -80.19999694824219 -4 1.649999976158142
  endloop
endfacet
facet normal 0 0 0
  outer loop
    vertex -81.19999694824219 -4 1.649999976158142
    vertex -81.19999694824219 0 2
    vertex -81.19999694824219 -4 2
  endloop
endfacet
facet normal 0 0 0
  outer loop
    vertex -81.19999694824219 -4 1.649999976158142
    vertex -80.69999694824219 0 1.649999976158142
    vertex -81.19999694824219 0 1.649999976158142
  endloop
endfacet
facet normal 0 0 0
  outer loop
    vertex -81.19999694824219 -4 1.649999976158142
    vertex -81.19999694824219 0 1.649999976158142
    vertex -81.19999694824219 0 2
  endloop
endfacet
facet normal 0 0 0
  outer loop
    vertex -81.19999694824219 1 1.649999976158142
    vertex -80.82499694824219 1 1.649999976158142
    vertex -81.07499694824219 3 1.649999976158142
  endloop
endfacet
facet normal 0 0 0
  outer loop
    vertex -81.19999694824219 1 1.649999976158142
    vertex -81.07499694824219 3 1.649999976158142
    vertex -81.19999694824219 3 1.649999976158142
  endloop
endfacet
facet normal 0 0 0
  outer loop
    vertex -81.19999694824219 1 1.649999976158142
    vertex -81.19999694824219 3 1.649999976158142
    vertex -81.19999694824219 3 2
  endloop
endfacet
facet normal 0 0 0
  outer loop
    vertex -81.19999694824219 1 1.649999976158142
    vertex -81.19999694824219 3 2
    vertex -81.19999694824219 1 2
  endloop
endfacet
facet normal 0 0 0
  outer loop
    vertex -81.19999694824219 -4 1.649999976158142
    vertex -80.19999694824219 -4 1.649999976158142
    vertex -80.69999694824219 0 1.649999976158142
  endloop
endfacet
facet normal 0 0 0
  outer loop
    vertex -80.19999694824219 -4 1.649999976158142
    vertex -80.19999694824219 -4 2
    vertex -80.19999694824219 0 1.649999976158142
  endloop
endfacet
facet normal 0 0 0
  outer loop
    vertex -80.19999694824219 -4 1.649999976158142
    vertex -81.19999694824219 -4 2
    vertex -80.19999694824219 -4 2
  endloop
endfacet
facet normal 0 0 0
  outer loop
    vertex -80.19999694824219 -4 1.649999976158142
    vertex -80.19999694824219 0 1.649999976158142
    vertex -80.69999694824219 0 1.649999976158142
  endloop
endfacet
facet normal 0 0 0
  outer loop
    vertex -80.19999694824219 -4 2
    vertex -80.19999694824219 0 2
    vertex -80.19999694824219 0 1.649999976158142
  endloop
endfacet
facet normal 0 0 0
  outer loop
    vertex -80.82499694824219 1 1.649999976158142
    vertex -80.19999694824219 1 1.649999976158142
    vertex -80.19999694824219 3 1.649999976158142
  endloop
endfacet
facet normal 0 0 0
  outer loop
    vertex -80.82499694824219 1 1.649999976158142
    vertex -80.19999694824219 3 1.649999976158142
    vertex -81.07499694824219 3 1.649999976158142
  endloop
endfacet
facet normal 0 0 0
  outer loop
    vertex -80.19999694824219 1 1.649999976158142
    vertex -80.19999694824219 1 2
    vertex -80.19999694824219 3 1.649999976158142
  endloop
endfacet
facet normal 0 0 0
  outer loop
    vertex -80.19999694824219 3 1.649999976158142
    vertex -80.19999694824219 1 2
    vertex -80.19999694824219 3 2
  endloop
endfacet
facet normal 0 0 0
  outer loop
    vertex -81.19999694824219 3 1.649999976158142
    vertex -81.07499694824219 3 1.649999976158142
    vertex -81.19999694824219 4 1.649999976158142
  endloop
endfacet
facet normal 0 0 0
  outer loop
    vertex -81.07499694824219 3 1.649999976158142
    vertex -80.19999694824219 3 1.649999976158142
    vertex -81.19999694824219 4 1.649999976158142
  endloop
endfacet
facet normal 0 0 0
  outer loop
    vertex -81.19999694824219 3 1.649999976158142
    vertex -81.19999694824219 4 1.649999976158142
    vertex -81.19999694824219 4 2
  endloop
endfacet
facet normal 0 0 0
  outer loop
    vertex -81.19999694824219 3 1.649999976158142
    vertex -81.19999694824219 4 2
    vertex -81.19999694824219 3 2
  endloop
endfacet
facet normal 0 0 0
  outer loop
    vertex -80.19999694824219 3 1.649999976158142
    vertex -77.19999694824219 3 1.649999976158142
    vertex -81.19999694824219 4 1.649999976158142
  endloop
endfacet
facet normal 0 0 0
  outer loop
    vertex -77.19999694824219 3 1.649999976158142
    vertex -76.98947143554688 3.1578948497772217 1.649999976158142
    vertex -81.19999694824219 4 1.649999976158142
  endloop
endfacet
facet normal 0 0 0
  outer loop
    vertex -76.98947143554688 3.1578948497772217 1.649999976158142
    vertex -76.19999694824219 4 1.649999976158142
    vertex -81.19999694824219 4 1.649999976158142
  endloop
endfacet
facet normal 0 0 0
  outer loop
    vertex -77.19999694824219 3 1.649999976158142
    vertex -76.94999694824219 3 1.649999976158142
    vertex -76.98947143554688 3.1578948497772217 1.649999976158142
  endloop
endfacet
facet normal 0 0 0
  outer loop
    vertex -80.19999694824219 3 1.649999976158142
    vertex -80.19999694824219 3 2
    vertex -77.19999694824219 3 1.649999976158142
  endloop
endfacet
facet normal 0 0 0
  outer loop
    vertex -76.19999694824219 3 1.649999976158142
    vertex -76.19999694824219 3 2
    vertex -76.19999694824219 4 1.649999976158142
  endloop
endfacet
facet normal 0 0 0
  outer loop
    vertex -81.19999694824219 4 1.649999976158142
    vertex -76.19999694824219 4 1.649999976158142
    vertex -76.34310913085938 4 2
  endloop
endfacet
facet normal 0 0 0
  outer loop
    vertex -77.19999694824219 3 1.649999976158142
    vertex -80.19999694824219 3 2
    vertex -77.19999694824219 3 2
  endloop
endfacet
facet normal 0 0 0
  outer loop
    vertex -81.19999694824219 4 1.649999976158142
    vertex -76.34310913085938 4 2
    vertex -81.19999694824219 4 2
  endloop
endfacet
facet normal 0 0 0
  outer loop
    vertex -76.19999694824219 4 1.649999976158142
    vertex -76.19999694824219 4 3
    vertex -76.34310913085938 4 2
  endloop
endfacet
facet normal 0 0 0
  outer loop
    vertex -76.34310913085938 4 2
    vertex -76.19999694824219 4 3
    vertex -76.34310913085938 4 3
  endloop
endfacet
facet normal 0 0 0
  outer loop
    vertex -81.19999694824219 0 1.649999976158142
    vertex -80.69999694824219 0 1.649999976158142
    vertex -81.19999694824219 1 1.649999976158142
  endloop
endfacet
facet normal 0 0 0
  outer loop
    vertex -81.19999694824219 0 1.649999976158142
    vertex -81.19999694824219 1 1.649999976158142
    vertex -81.19999694824219 1 2
  endloop
endfacet
facet normal 0 0 0
  outer loop
    vertex -81.19999694824219 0 1.649999976158142
    vertex -81.19999694824219 1 2
    vertex -81.19999694824219 0 2
  endloop
endfacet
facet normal 0 0 0
  outer loop
    vertex -80.69999694824219 0 1.649999976158142
    vertex -80.19999694824219 0 1.649999976158142
    vertex -81.19999694824219 1 1.649999976158142
  endloop
endfacet
facet normal 0 0 0
  outer loop
    vertex -80.19999694824219 0 1.649999976158142
    vertex -76.19999694824219 0 1.649999976158142
    vertex -81.19999694824219 1 1.649999976158142
  endloop
endfacet
facet normal 0 0 0
  outer loop
    vertex -81.19999694824219 1 1.649999976158142
    vertex -76.19999694824219 0 1.649999976158142
    vertex -80.82499694824219 1 1.649999976158142
  endloop
endfacet
facet normal 0 0 0
  outer loop
    vertex -80.82499694824219 1 1.649999976158142
    vertex -76.19999694824219 0 1.649999976158142
    vertex -80.19999694824219 1 1.649999976158142
  endloop
endfacet
facet normal 0 0 0
  outer loop
    vertex -80.19999694824219 1 1.649999976158142
    vertex -76.19999694824219 0 1.649999976158142
    vertex -77.19999694824219 1 1.649999976158142
  endloop
endfacet
facet normal 0 0 0
  outer loop
    vertex -77.19999694824219 1 1.649999976158142
    vertex -76.19999694824219 0 1.649999976158142
    vertex -76.44999694824219 1 1.649999976158142
  endloop
endfacet
facet normal 0 0 0
  outer loop
    vertex -80.19999694824219 0 1.649999976158142
    vertex -80.19999694824219 0 2
    vertex -76.19999694824219 0 1.649999976158142
  endloop
endfacet
facet normal 0 0 0
  outer loop
    vertex -80.19999694824219 1 1.649999976158142
    vertex -77.19999694824219 1 1.649999976158142
    vertex -77.19999694824219 1 2
  endloop
endfacet
facet normal 0 0 0
  outer loop
    vertex -76.19999694824219 0 1.649999976158142
    vertex -76.19999694824219 0 2
    vertex -76.19999694824219 1 1.649999976158142
  endloop
endfacet
facet normal 0 0 0
  outer loop
    vertex -80.19999694824219 1 1.649999976158142
    vertex -77.19999694824219 1 2
    vertex -80.19999694824219 1 2
  endloop
endfacet
facet normal 0 0 0
  outer loop
    vertex -76.19999694824219 0 1.649999976158142
    vertex -80.19999694824219 0 2
    vertex -76.19999694824219 0 2
  endloop
endfacet
facet normal 0 0 0
  outer loop
    vertex -76.19999694824219 1 1.649999976158142
    vertex -76.19999694824219 0 2
    vertex -76.19999694824219 1 2
  endloop
endfacet
facet normal 0 0 0
  outer loop
    vertex -76.19999694824219 0 1.649999976158142
    vertex -76.19999694824219 1 1.649999976158142
    vertex -76.44999694824219 1 1.649999976158142
  endloop
endfacet
facet normal 0 0 0
  outer loop
    vertex -77.19999694824219 1 1.649999976158142
    vertex -76.44999694824219 1 1.649999976158142
    vertex -76.94999694824219 3 1.649999976158142
  endloop
endfacet
facet normal 0 0 0
  outer loop
    vertex -76.44999694824219 1 1.649999976158142
    vertex -76.19999694824219 1 1.649999976158142
    vertex -76.19999694824219 3 1.649999976158142
  endloop
endfacet
facet normal 0 0 0
  outer loop
    vertex -77.19999694824219 1 1.649999976158142
    vertex -76.94999694824219 3 1.649999976158142
    vertex -77.19999694824219 3 1.649999976158142
  endloop
endfacet
facet normal 0 0 0
  outer loop
    vertex -77.19999694824219 1 1.649999976158142
    vertex -77.19999694824219 3 1.649999976158142
    vertex -77.19999694824219 3 2
  endloop
endfacet
facet normal 0 0 0
  outer loop
    vertex -76.19999694824219 1 1.649999976158142
    vertex -76.19999694824219 3 2
    vertex -76.19999694824219 3 1.649999976158142
  endloop
endfacet
facet normal 0 0 0
  outer loop
    vertex -77.19999694824219 1 1.649999976158142
    vertex -77.19999694824219 3 2
    vertex -77.19999694824219 1 2
  endloop
endfacet
facet normal 0 0 0
  outer loop
    vertex -76.19999694824219 1 1.649999976158142
    vertex -76.19999694824219 1 2
    vertex -76.19999694824219 3 2
  endloop
endfacet
facet normal 0 0 0
  outer loop
    vertex -76.44999694824219 1 1.649999976158142
    vertex -76.19999694824219 4 1.649999976158142
    vertex -76.94999694824219 3 1.649999976158142
  endloop
endfacet
facet normal 0 0 0
  outer loop
    vertex -76.44999694824219 1 1.649999976158142
    vertex -76.19999694824219 3 1.649999976158142
    vertex -76.19999694824219 4 1.649999976158142
  endloop
endfacet
facet normal 0 0 0
  outer loop
    vertex -76.94999694824219 3 1.649999976158142
    vertex -76.19999694824219 4 1.649999976158142
    vertex -76.98947143554688 3.1578948497772217 1.649999976158142
  endloop
endfacet
facet normal 0 0 0
  outer loop
    vertex -76.19999694824219 3 2
    vertex -76.19999694824219 3.655778646469116 2
    vertex -76.19999694824219 4 1.649999976158142
  endloop
endfacet
facet normal 0 0 0
  outer loop
    vertex -76.19999694824219 3.655778646469116 2
    vertex -76.19999694824219 4 3
    vertex -76.19999694824219 4 1.649999976158142
  endloop
endfacet
facet normal 0 0 0
  outer loop
    vertex -76.19999694824219 3.655778646469116 2
    vertex -76.19999694824219 3.655778646469116 3
    vertex -76.19999694824219 4 3
  endloop
endfacet
facet normal 0 0 0
  outer loop
    vertex 3.175426483154297 7.5 2
    vertex 5.484827518463135 7.5 2
    vertex 9.473608016967773 14.408769607543945 2
  endloop
endfacet
facet normal 0 0 0
  outer loop
    vertex 5.484827518463135 7.5 2
    vertex 5.484827518463135 7.5 3
    vertex 9.473608016967773 14.408769607543945 3
  endloop
endfacet
facet normal 0 0 0
  outer loop
    vertex 3.175426483154297 7.5 2
    vertex 9.473608016967773 14.408769607543945 2
    vertex 8.131593704223633 15.213141441345215 2
  endloop
endfacet
facet normal 0 0 0
  outer loop
    vertex 3.175426483154297 7.5 2
    vertex 8.131593704223633 15.213141441345215 2
    vertex 7.7364983558654785 15.400008201599121 2
  endloop
endfacet
facet normal 0 0 0
  outer loop
    vertex 5.484827518463135 7.5 2
    vertex 9.473608016967773 14.408769607543945 3
    vertex 9.473608016967773 14.408769607543945 2
  endloop
endfacet
facet normal 0 0 0
  outer loop
    vertex 3.175426483154297 7.5 2
    vertex 7.7364983558654785 15.400008201599121 3
    vertex 3.175426483154297 7.5 3
  endloop
endfacet
facet normal 0 0 0
  outer loop
    vertex 3.175426483154297 7.5 2
    vertex 7.7364983558654785 15.400008201599121 2
    vertex 7.7364983558654785 15.400008201599121 3
  endloop
endfacet
facet normal 0 0 0
  outer loop
    vertex 5.484827518463135 7.5 -2
    vertex 9.473608016967773 14.408769607543945 -3
    vertex 5.484827518463135 7.5 -3
  endloop
endfacet
facet normal 0 0 0
  outer loop
    vertex 3.175426483154297 7.5 -2
    vertex 3.175426483154297 7.5 -3
    vertex 7.7364983558654785 15.400008201599121 -3
  endloop
endfacet
facet normal 0 0 0
  outer loop
    vertex 5.484827518463135 7.5 -2
    vertex 9.473608016967773 14.408769607543945 -2
    vertex 9.473608016967773 14.408769607543945 -3
  endloop
endfacet
facet normal 0 0 0
  outer loop
    vertex 3.175426483154297 7.5 -2
    vertex 7.7364983558654785 15.400008201599121 -3
    vertex 7.7364983558654785 15.400008201599121 -2
  endloop
endfacet
facet normal 0 0 0
  outer loop
    vertex 3.175426483154297 7.5 -2
    vertex 7.7364983558654785 15.400008201599121 -2
    vertex 5.484827518463135 7.5 -2
  endloop
endfacet
facet normal 0 0 0
  outer loop
    vertex 5.484827518463135 7.5 -2
    vertex 8.131593704223633 15.213141441345215 -2
    vertex 9.473608016967773 14.408769607543945 -2
  endloop
endfacet
facet normal 0 0 0
  outer loop
    vertex 5.484827518463135 7.5 -2
    vertex 7.7364983558654785 15.400008201599121 -2
    vertex 8.131593704223633 15.213141441345215 -2
  endloop
endfacet
facet normal 0 0 0
  outer loop
    vertex -1 7.424595355987549 2
    vertex -0.7351285815238953 7.463885307312012 2
    vertex 0 17.25 2
  endloop
endfacet
facet normal 0 0 0
  outer loop
    vertex -0.7351285815238953 7.463885307312012 2
    vertex 0 7.5 2
    vertex 1 17.20087242126465 2
  endloop
endfacet
facet normal 0 0 0
  outer loop
    vertex 0 7.5 2
    vertex 1 7.5 2
    vertex 1 17.20087242126465 2
  endloop
endfacet
facet normal 0 0 0
  outer loop
    vertex -1 7.424595355987549 2
    vertex 0 17.25 2
    vertex -1 17.20087242126465 2
  endloop
endfacet
facet normal 0 0 0
  outer loop
    vertex -0.7351285815238953 7.463885307312012 2
    vertex 1 17.20087242126465 2
    vertex 0 17.25 2
  endloop
endfacet
facet normal 0 0 0
  outer loop
    vertex -1 7.424595355987549 2
    vertex -1 17.20087242126465 3
    vertex -1 7.424595355987549 3
  endloop
endfacet
facet normal 0 0 0
  outer loop
    vertex 1 7.5 2
    vertex 1 7.5 3
    vertex 1 17.20087242126465 3
  endloop
endfacet
facet normal 0 0 0
  outer loop
    vertex -1 7.424595355987549 2
    vertex -1 17.20087242126465 2
    vertex -1 17.20087242126465 3
  endloop
endfacet
facet normal 0 0 0
  outer loop
    vertex 1 7.5 2
    vertex 1 17.20087242126465 3
    vertex 1 17.20087242126465 2
  endloop
endfacet
facet normal 0 0 0
  outer loop
    vertex -1 7.424595355987549 -2
    vertex -1 7.424595355987549 -3
    vertex -1 17.20087242126465 -3
  endloop
endfacet
facet normal 0 0 0
  outer loop
    vertex 1 7.5 -2
    vertex 1 17.20087242126465 -3
    vertex 1 7.5 -3
  endloop
endfacet
facet normal 0 0 0
  outer loop
    vertex -1 7.424595355987549 -2
    vertex -1 17.20087242126465 -3
    vertex -1 17.20087242126465 -2
  endloop
endfacet
facet normal 0 0 0
  outer loop
    vertex 1 7.5 -2
    vertex 1 17.20087242126465 -2
    vertex 1 17.20087242126465 -3
  endloop
endfacet
facet normal 0 0 0
  outer loop
    vertex -1 7.424595355987549 -2
    vertex -1 17.20087242126465 -2
    vertex -0.7351285815238953 7.463885307312012 -2
  endloop
endfacet
facet normal 0 0 0
  outer loop
    vertex -0.7351285815238953 7.463885307312012 -2
    vertex 0 17.25 -2
    vertex 0 7.5 -2
  endloop
endfacet
facet normal 0 0 0
  outer loop
    vertex 0 7.5 -2
    vertex 0 17.25 -2
    vertex 1 7.5 -2
  endloop
endfacet
facet normal 0 0 0
  outer loop
    vertex -0.7351285815238953 7.463885307312012 -2
    vertex -1 17.20087242126465 -2
    vertex 0 17.25 -2
  endloop
endfacet
facet normal 0 0 0
  outer loop
    vertex 1 7.5 -2
    vertex 0 17.25 -2
    vertex 1 17.20087242126465 -2
  endloop
endfacet
facet normal 0 0 0
  outer loop
    vertex -5.957088470458984 4.542874813079834 2
    vertex -16.406524658203125 14.992310523986816 2
    vertex -8.1157808303833 6.70156717300415 3
  endloop
endfacet
facet normal 0 0 0
  outer loop
    vertex -8.1157808303833 6.70156717300415 3
    vertex -16.406524658203125 14.992310523986816 2
    vertex -8.131593704223633 6.717380046844482 3
  endloop
endfacet
facet normal 0 0 0
  outer loop
    vertex -5.957088470458984 4.542874813079834 2
    vertex -5.79757833480835 4.7579498291015625 2
    vertex -13.32364559173584 14.711779594421387 2
  endloop
endfacet
facet normal 0 0 0
  outer loop
    vertex -5.79757833480835 4.7579498291015625 2
    vertex -5.303300857543945 5.303300857543945 2
    vertex -13.32364559173584 14.711779594421387 2
  endloop
endfacet
facet normal 0 0 0
  outer loop
    vertex -5.303300857543945 5.303300857543945 2
    vertex -4.7579498291015625 5.79757833480835 2
    vertex -13.32364559173584 14.711779594421387 2
  endloop
endfacet
facet normal 0 0 0
  outer loop
    vertex -4.7579498291015625 5.79757833480835 2
    vertex -4.542874813079834 5.957088470458984 2
    vertex -13.288849830627441 14.703063011169434 2
  endloop
endfacet
facet normal 0 0 0
  outer loop
    vertex -5.957088470458984 4.542874813079834 2
    vertex -8.1157808303833 6.70156717300415 3
    vertex -5.957088470458984 4.542874813079834 3
  endloop
endfacet
facet normal 0 0 0
  outer loop
    vertex -4.542874813079834 5.957088470458984 3
    vertex -9.740222930908203 11.154437065124512 3
    vertex -4.542874813079834 5.957088470458984 2
  endloop
endfacet
facet normal 0 0 0
  outer loop
    vertex -5.957088470458984 4.542874813079834 2
    vertex -16.25 15 2
    vertex -16.406524658203125 14.992310523986816 2
  endloop
endfacet
facet normal 0 0 0
  outer loop
    vertex -5.957088470458984 4.542874813079834 2
    vertex -14.779743194580078 14.927770614624023 2
    vertex -16.25 15 2
  endloop
endfacet
facet normal 0 0 0
  outer loop
    vertex -5.957088470458984 4.542874813079834 2
    vertex -13.32364559173584 14.711779594421387 2
    vertex -14.779743194580078 14.927770614624023 2
  endloop
endfacet
facet normal 0 0 0
  outer loop
    vertex -4.7579498291015625 5.79757833480835 2
    vertex -13.288849830627441 14.703063011169434 2
    vertex -13.32364559173584 14.711779594421387 2
  endloop
endfacet
facet normal 0 0 0
  outer loop
    vertex -4.542874813079834 5.957088470458984 2
    vertex -13.288849830627441 14.703063011169434 3
    vertex -13.288849830627441 14.703063011169434 2
  endloop
endfacet
facet normal 0 0 0
  outer loop
    vertex -9.872668266296387 8.458455085754395 3
    vertex -8.131593704223633 6.717380046844482 3
    vertex -16.406524658203125 14.992310523986816 2
  endloop
endfacet
facet normal 0 0 0
  outer loop
    vertex -9.872668266296387 8.458455085754395 3
    vertex -16.406524658203125 14.992310523986816 2
    vertex -16.406524658203125 14.992310523986816 3
  endloop
endfacet
facet normal 0 0 0
  outer loop
    vertex -4.542874813079834 5.957088470458984 2
    vertex -9.740222930908203 11.154437065124512 3
    vertex -13.288849830627441 14.703063011169434 3
  endloop
endfacet
facet normal 0 0 0
  outer loop
    vertex -11.895730018615723 10.481515884399414 -3
    vertex -12.077069282531738 10.662856101989746 -3
    vertex -5.957088470458984 4.542874813079834 -2
  endloop
endfacet
facet normal 0 0 0
  outer loop
    vertex -5.957088470458984 4.542874813079834 -2
    vertex -5.957088470458984 4.542874813079834 -3
    vertex -8.131593704223633 6.717380046844482 -3
  endloop
endfacet
facet normal 0 0 0
  outer loop
    vertex -5.957088470458984 4.542874813079834 -2
    vertex -8.131593704223633 6.717380046844482 -3
    vertex -10.732767105102539 9.31855297088623 -3
  endloop
endfacet
facet normal 0 0 0
  outer loop
    vertex -11.895730018615723 10.481515884399414 -3
    vertex -5.957088470458984 4.542874813079834 -2
    vertex -10.732767105102539 9.31855297088623 -3
  endloop
endfacet
facet normal 0 0 0
  outer loop
    vertex -4.542874813079834 5.957088470458984 -2
    vertex -10.600321769714355 12.014534950256348 -3
    vertex -4.542874813079834 5.957088470458984 -3
  endloop
endfacet
facet normal 0 0 0
  outer loop
    vertex -5.957088470458984 4.542874813079834 -2
    vertex -16.406524658203125 14.992310523986816 -2
    vertex -5.79757833480835 4.7579498291015625 -2
  endloop
endfacet
facet normal 0 0 0
  outer loop
    vertex -5.79757833480835 4.7579498291015625 -2
    vertex -14.779743194580078 14.927770614624023 -2
    vertex -5.303300857543945 5.303300857543945 -2
  endloop
endfacet
facet normal 0 0 0
  outer loop
    vertex -5.303300857543945 5.303300857543945 -2
    vertex -14.779743194580078 14.927770614624023 -2
    vertex -4.7579498291015625 5.79757833480835 -2
  endloop
endfacet
facet normal 0 0 0
  outer loop
    vertex -4.7579498291015625 5.79757833480835 -2
    vertex -13.288849830627441 14.703063011169434 -2
    vertex -4.542874813079834 5.957088470458984 -2
  endloop
endfacet
facet normal 0 0 0
  outer loop
    vertex -5.957088470458984 4.542874813079834 -2
    vertex -12.077069282531738 10.662856101989746 -3
    vertex -16.406524658203125 14.992310523986816 -3
  endloop
endfacet
facet normal 0 0 0
  outer loop
    vertex -5.957088470458984 4.542874813079834 -2
    vertex -16.406524658203125 14.992310523986816 -3
    vertex -16.406524658203125 14.992310523986816 -2
  endloop
endfacet
facet normal 0 0 0
  outer loop
    vertex -13.288849830627441 14.703063011169434 -3
    vertex -10.600321769714355 12.014534950256348 -3
    vertex -13.288849830627441 14.703063011169434 -2
  endloop
endfacet
facet normal 0 0 0
  outer loop
    vertex -5.79757833480835 4.7579498291015625 -2
    vertex -16.406524658203125 14.992310523986816 -2
    vertex -16.25 15 -2
  endloop
endfacet
facet normal 0 0 0
  outer loop
    vertex -5.79757833480835 4.7579498291015625 -2
    vertex -16.25 15 -2
    vertex -14.779743194580078 14.927770614624023 -2
  endloop
endfacet
facet normal 0 0 0
  outer loop
    vertex -4.7579498291015625 5.79757833480835 -2
    vertex -14.779743194580078 14.927770614624023 -2
    vertex -13.32364559173584 14.711779594421387 -2
  endloop
endfacet
facet normal 0 0 0
  outer loop
    vertex -4.7579498291015625 5.79757833480835 -2
    vertex -13.32364559173584 14.711779594421387 -2
    vertex -13.288849830627441 14.703063011169434 -2
  endloop
endfacet
facet normal 0 0 0
  outer loop
    vertex -4.542874813079834 5.957088470458984 -2
    vertex -13.288849830627441 14.703063011169434 -2
    vertex -10.600321769714355 12.014534950256348 -3
  endloop
endfacet
facet normal 0 0 0
  outer loop
    vertex -5.79757833480835 -4.7579498291015625 2
    vertex -16.406524658203125 -14.992310523986816 2
    vertex -16.25 -15 2
  endloop
endfacet
facet normal 0 0 0
  outer loop
    vertex -4.542874813079834 -5.957088470458984 2
    vertex -16.25 -15 2
    vertex -14.779743194580078 -14.927770614624023 2
  endloop
endfacet
facet normal 0 0 0
  outer loop
    vertex -4.542874813079834 -5.957088470458984 2
    vertex -14.779743194580078 -14.927770614624023 2
    vertex -13.32364559173584 -14.711779594421387 2
  endloop
endfacet
facet normal 0 0 0
  outer loop
    vertex -4.542874813079834 -5.957088470458984 2
    vertex -13.32364559173584 -14.711779594421387 2
    vertex -13.288849830627441 -14.703063011169434 2
  endloop
endfacet
facet normal 0 0 0
  outer loop
    vertex -13.288849830627441 -14.703063011169434 3
    vertex -9.441718101501465 -10.855931282043457 3
    vertex -13.288849830627441 -14.703063011169434 2
  endloop
endfacet
facet normal 0 0 0
  outer loop
    vertex -5.957088470458984 -4.542874813079834 2
    vertex -16.406524658203125 -14.992310523986816 3
    vertex -16.406524658203125 -14.992310523986816 2
  endloop
endfacet
facet normal 0 0 0
  outer loop
    vertex -9.441718101501465 -10.855931282043457 3
    vertex -8.131593704223633 -9.545806884765625 3
    vertex -13.288849830627441 -14.703063011169434 2
  endloop
endfacet
facet normal 0 0 0
  outer loop
    vertex -7.933340549468994 -9.347554206848145 3
    vertex -13.288849830627441 -14.703063011169434 2
    vertex -8.131593704223633 -9.545806884765625 3
  endloop
endfacet
facet normal 0 0 0
  outer loop
    vertex -4.542874813079834 -5.957088470458984 2
    vertex -13.288849830627441 -14.703063011169434 2
    vertex -7.933340549468994 -9.347554206848145 3
  endloop
endfacet
facet normal 0 0 0
  outer loop
    vertex -5.957088470458984 -4.542874813079834 2
    vertex -9.276066780090332 -7.861853122711182 3
    vertex -16.406524658203125 -14.992310523986816 3
  endloop
endfacet
facet normal 0 0 0
  outer loop
    vertex -4.7579498291015625 -5.79757833480835 2
    vertex -16.25 -15 2
    vertex -4.542874813079834 -5.957088470458984 2
  endloop
endfacet
facet normal 0 0 0
  outer loop
    vertex -4.7579498291015625 -5.79757833480835 2
    vertex -5.303300857543945 -5.303300857543945 2
    vertex -16.25 -15 2
  endloop
endfacet
facet normal 0 0 0
  outer loop
    vertex -5.79757833480835 -4.7579498291015625 2
    vertex -16.25 -15 2
    vertex -5.303300857543945 -5.303300857543945 2
  endloop
endfacet
facet normal 0 0 0
  outer loop
    vertex -5.79757833480835 -4.7579498291015625 2
    vertex -5.957088470458984 -4.542874813079834 2
    vertex -16.406524658203125 -14.992310523986816 2
  endloop
endfacet
facet normal 0 0 0
  outer loop
    vertex -5.957088470458984 -4.542874813079834 2
    vertex -8.131593704223633 -6.717380046844482 3
    vertex -9.276066780090332 -7.861853122711182 3
  endloop
endfacet
facet normal 0 0 0
  outer loop
    vertex -4.542874813079834 -5.957088470458984 2
    vertex -7.933340549468994 -9.347554206848145 3
    vertex -5.007410526275635 -6.421624183654785 3
  endloop
endfacet
facet normal 0 0 0
  outer loop
    vertex -5.957088470458984 -4.542874813079834 2
    vertex -7.965131759643555 -6.550918102264404 3
    vertex -8.131593704223633 -6.717380046844482 3
  endloop
endfacet
facet normal 0 0 0
  outer loop
    vertex -4.542874813079834 -5.957088470458984 2
    vertex -5.007410526275635 -6.421624183654785 3
    vertex -4.750489711761475 -6.164703369140625 3
  endloop
endfacet
facet normal 0 0 0
  outer loop
    vertex -4.542874813079834 -5.957088470458984 2
    vertex -4.750489711761475 -6.164703369140625 3
    vertex -4.542874813079834 -5.957088470458984 3
  endloop
endfacet
facet normal 0 0 0
  outer loop
    vertex -5.957088470458984 -4.542874813079834 2
    vertex -5.957088470458984 -4.542874813079834 3
    vertex -7.965131759643555 -6.550918102264404 3
  endloop
endfacet
facet normal 0 0 0
  outer loop
    vertex -16.406524658203125 -14.992310523986816 -3
    vertex -15.155108451843262 -13.74089527130127 -3
    vertex -16.406524658203125 -14.992310523986816 -2
  endloop
endfacet
facet normal 0 0 0
  outer loop
    vertex -11.836191177368164 -10.421977043151855 -3
    vertex -16.406524658203125 -14.992310523986816 -2
    vertex -15.155108451843262 -13.74089527130127 -3
  endloop
endfacet
facet normal 0 0 0
  outer loop
    vertex -11.836191177368164 -10.421977043151855 -3
    vertex -11.695652961730957 -10.281438827514648 -3
    vertex -16.406524658203125 -14.992310523986816 -2
  endloop
endfacet
facet normal 0 0 0
  outer loop
    vertex -11.695652961730957 -10.281438827514648 -3
    vertex -10.504951477050781 -9.090737342834473 -3
    vertex -16.406524658203125 -14.992310523986816 -2
  endloop
endfacet
facet normal 0 0 0
  outer loop
    vertex -4.542874813079834 -5.957088470458984 -2
    vertex -13.288849830627441 -14.703063011169434 -3
    vertex -13.288849830627441 -14.703063011169434 -2
  endloop
endfacet
facet normal 0 0 0
  outer loop
    vertex -5.957088470458984 -4.542874813079834 -2
    vertex -16.25 -15 -2
    vertex -16.406524658203125 -14.992310523986816 -2
  endloop
endfacet
facet normal 0 0 0
  outer loop
    vertex -5.79757833480835 -4.7579498291015625 -2
    vertex -14.779743194580078 -14.927770614624023 -2
    vertex -16.25 -15 -2
  endloop
endfacet
facet normal 0 0 0
  outer loop
    vertex -4.7579498291015625 -5.79757833480835 -2
    vertex -13.32364559173584 -14.711779594421387 -2
    vertex -14.779743194580078 -14.927770614624023 -2
  endloop
endfacet
facet normal 0 0 0
  outer loop
    vertex -4.7579498291015625 -5.79757833480835 -2
    vertex -13.288849830627441 -14.703063011169434 -2
    vertex -13.32364559173584 -14.711779594421387 -2
  endloop
endfacet
facet normal 0 0 0
  outer loop
    vertex -4.542874813079834 -5.957088470458984 -2
    vertex -10.501992225646973 -11.916205406188965 -3
    vertex -13.288849830627441 -14.703063011169434 -3
  endloop
endfacet
facet normal 0 0 0
  outer loop
    vertex -5.957088470458984 -4.542874813079834 -2
    vertex -16.406524658203125 -14.992310523986816 -2
    vertex -10.504951477050781 -9.090737342834473 -3
  endloop
endfacet
facet normal 0 0 0
  outer loop
    vertex -4.542874813079834 -5.957088470458984 -2
    vertex -4.542874813079834 -5.957088470458984 -3
    vertex -10.501992225646973 -11.916205406188965 -3
  endloop
endfacet
facet normal 0 0 0
  outer loop
    vertex -5.957088470458984 -4.542874813079834 -2
    vertex -10.504951477050781 -9.090737342834473 -3
    vertex -5.957088470458984 -4.542874813079834 -3
  endloop
endfacet
facet normal 0 0 0
  outer loop
    vertex -4.7579498291015625 -5.79757833480835 -2
    vertex -4.542874813079834 -5.957088470458984 -2
    vertex -13.288849830627441 -14.703063011169434 -2
  endloop
endfacet
facet normal 0 0 0
  outer loop
    vertex -4.7579498291015625 -5.79757833480835 -2
    vertex -14.779743194580078 -14.927770614624023 -2
    vertex -5.303300857543945 -5.303300857543945 -2
  endloop
endfacet
facet normal 0 0 0
  outer loop
    vertex -5.79757833480835 -4.7579498291015625 -2
    vertex -5.303300857543945 -5.303300857543945 -2
    vertex -14.779743194580078 -14.927770614624023 -2
  endloop
endfacet
facet normal 0 0 0
  outer loop
    vertex -5.79757833480835 -4.7579498291015625 -2
    vertex -16.25 -15 -2
    vertex -5.957088470458984 -4.542874813079834 -2
  endloop
endfacet
facet normal 0 0 0
  outer loop
    vertex 0 -7.5 2
    vertex -1 -17.20087242126465 2
    vertex 0 -17.25 2
  endloop
endfacet
facet normal 0 0 0
  outer loop
    vertex 1 -7.5 2
    vertex 0 -17.25 2
    vertex 1 -17.20087242126465 2
  endloop
endfacet
facet normal 0 0 0
  outer loop
    vertex -1 -7.424595355987549 2
    vertex -1 -17.20087242126465 2
    vertex -0.7351285815238953 -7.463885307312012 2
  endloop
endfacet
facet normal 0 0 0
  outer loop
    vertex -0.7351285815238953 -7.463885307312012 2
    vertex -1 -17.20087242126465 2
    vertex 0 -7.5 2
  endloop
endfacet
facet normal 0 0 0
  outer loop
    vertex 0 -7.5 2
    vertex 0 -17.25 2
    vertex 1 -7.5 2
  endloop
endfacet
facet normal 0 0 0
  outer loop
    vertex -1 -7.424595355987549 2
    vertex -1 -17.20087242126465 3
    vertex -1 -17.20087242126465 2
  endloop
endfacet
facet normal 0 0 0
  outer loop
    vertex 1 -7.5 2
    vertex 1 -17.20087242126465 2
    vertex 1 -17.20087242126465 3
  endloop
endfacet
facet normal 0 0 0
  outer loop
    vertex -1 -7.424595355987549 2
    vertex -1 -7.424595355987549 3
    vertex -1 -17.20087242126465 3
  endloop
endfacet
facet normal 0 0 0
  outer loop
    vertex 1 -7.5 2
    vertex 1 -17.20087242126465 3
    vertex 1 -7.5 3
  endloop
endfacet
facet normal 0 0 0
  outer loop
    vertex -1 -7.424595355987549 -2
    vertex -1 -17.20087242126465 -2
    vertex -1 -17.20087242126465 -3
  endloop
endfacet
facet normal 0 0 0
  outer loop
    vertex 1 -7.5 -2
    vertex 1 -17.20087242126465 -3
    vertex 1 -17.20087242126465 -2
  endloop
endfacet
facet normal 0 0 0
  outer loop
    vertex -1 -7.424595355987549 -2
    vertex -1 -17.20087242126465 -3
    vertex -1 -7.424595355987549 -3
  endloop
endfacet
facet normal 0 0 0
  outer loop
    vertex 1 -7.5 -2
    vertex 1 -7.5 -3
    vertex 1 -17.20087242126465 -3
  endloop
endfacet
facet normal 0 0 0
  outer loop
    vertex -0.7351285815238953 -7.463885307312012 -2
    vertex 0 -17.25 -2
    vertex -1 -17.20087242126465 -2
  endloop
endfacet
facet normal 0 0 0
  outer loop
    vertex 0 -7.5 -2
    vertex 1 -17.20087242126465 -2
    vertex 0 -17.25 -2
  endloop
endfacet
facet normal 0 0 0
  outer loop
    vertex -1 -7.424595355987549 -2
    vertex -0.7351285815238953 -7.463885307312012 -2
    vertex -1 -17.20087242126465 -2
  endloop
endfacet
facet normal 0 0 0
  outer loop
    vertex -0.7351285815238953 -7.463885307312012 -2
    vertex 0 -7.5 -2
    vertex 0 -17.25 -2
  endloop
endfacet
facet normal 0 0 0
  outer loop
    vertex 0 -7.5 -2
    vertex 1 -7.5 -2
    vertex 1 -17.20087242126465 -2
  endloop
endfacet
facet normal 0 0 0
  outer loop
    vertex 5.484827518463135 -7.5 2
    vertex 7.7364983558654785 -15.400008201599121 2
    vertex 8.131593704223633 -15.213141441345215 2
  endloop
endfacet
facet normal 0 0 0
  outer loop
    vertex 5.484827518463135 -7.5 2
    vertex 8.131593704223633 -15.213141441345215 2
    vertex 9.473608016967773 -14.408769607543945 2
  endloop
endfacet
facet normal 0 0 0
  outer loop
    vertex 3.175426483154297 -7.5 2
    vertex 7.7364983558654785 -15.400008201599121 2
    vertex 5.484827518463135 -7.5 2
  endloop
endfacet
facet normal 0 0 0
  outer loop
    vertex 3.175426483154297 -7.5 2
    vertex 7.7364983558654785 -15.400008201599121 3
    vertex 7.7364983558654785 -15.400008201599121 2
  endloop
endfacet
facet normal 0 0 0
  outer loop
    vertex 5.484827518463135 -7.5 2
    vertex 9.473608016967773 -14.408769607543945 2
    vertex 9.473608016967773 -14.408769607543945 3
  endloop
endfacet
facet normal 0 0 0
  outer loop
    vertex 3.175426483154297 -7.5 2
    vertex 3.175426483154297 -7.5 3
    vertex 7.7364983558654785 -15.400008201599121 3
  endloop
endfacet
facet normal 0 0 0
  outer loop
    vertex 5.484827518463135 -7.5 2
    vertex 9.473608016967773 -14.408769607543945 3
    vertex 5.484827518463135 -7.5 3
  endloop
endfacet
facet normal 0 0 0
  outer loop
    vertex 3.175426483154297 -7.5 -2
    vertex 7.7364983558654785 -15.400008201599121 -2
    vertex 7.7364983558654785 -15.400008201599121 -3
  endloop
endfacet
facet normal 0 0 0
  outer loop
    vertex 3.175426483154297 -7.5 -2
    vertex 7.7364983558654785 -15.400008201599121 -3
    vertex 3.175426483154297 -7.5 -3
  endloop
endfacet
facet normal 0 0 0
  outer loop
    vertex 5.484827518463135 -7.5 -2
    vertex 9.473608016967773 -14.408769607543945 -3
    vertex 9.473608016967773 -14.408769607543945 -2
  endloop
endfacet
facet normal 0 0 0
  outer loop
    vertex 3.175426483154297 -7.5 -2
    vertex 8.131593704223633 -15.213141441345215 -2
    vertex 7.7364983558654785 -15.400008201599121 -2
  endloop
endfacet
facet normal 0 0 0
  outer loop
    vertex 3.175426483154297 -7.5 -2
    vertex 9.473608016967773 -14.408769607543945 -2
    vertex 8.131593704223633 -15.213141441345215 -2
  endloop
endfacet
facet normal 0 0 0
  outer loop
    vertex 5.484827518463135 -7.5 -2
    vertex 5.484827518463135 -7.5 -3
    vertex 9.473608016967773 -14.408769607543945 -3
  endloop
endfacet
facet normal 0 0 0
  outer loop
    vertex 3.175426483154297 -7.5 -2
    vertex 5.484827518463135 -7.5 -2
    vertex 9.473608016967773 -14.408769607543945 -2
  endloop
endfacet
endsolid Baxter_PD_CapWrench