solid DialysisCable_BottomConnector
facet normal 0 0 0
  outer loop
    vertex -3.8650522232055664 -3.171966314315796 0
    vertex -3.535533905029297 -3.535533905029297 0
    vertex -3.8650522232055664 -3.171966314315796 9
  endloop
endfacet
facet normal 0 0 0
  outer loop
    vertex -3.8650522232055664 -3.171966314315796 0
    vertex -4.157348155975342 -2.777851104736328 9
    vertex -4.157348155975342 -2.777851104736328 0
  endloop
endfacet
facet normal 0 0 0
  outer loop
    vertex -3.171966314315796 -3.8650522232055664 0
    vertex -2.777851104736328 -4.157348155975342 0
    vertex -3.171966314315796 -3.8650522232055664 9
  endloop
endfacet
facet normal 0 0 0
  outer loop
    vertex -2.777851104736328 -4.157348155975342 0
    vertex -2.3569836616516113 -4.409606456756592 0
    vertex -2.777851104736328 -4.157348155975342 9
  endloop
endfacet
facet normal 0 0 0
  outer loop
    vertex -3.171966314315796 -3.8650522232055664 0
    vertex -3.535533905029297 -3.535533905029297 9
    vertex -3.535533905029297 -3.535533905029297 0
  endloop
endfacet
facet normal 0 0 0
  outer loop
    vertex -4.409606456756592 -2.3569836616516113 0
    vertex -4.6193976402282715 -1.9134172201156616 9
    vertex -4.6193976402282715 -1.9134172201156616 0
  endloop
endfacet
facet normal 0 0 0
  outer loop
    vertex -4.6193976402282715 -1.9134172201156616 0
    vertex -4.784701824188232 -1.4514234066009521 9
    vertex -4.784701824188232 -1.4514234066009521 0
  endloop
endfacet
facet normal 0 0 0
  outer loop
    vertex -4.157348155975342 -2.777851104736328 0
    vertex -4.409606456756592 -2.3569836616516113 9
    vertex -4.409606456756592 -2.3569836616516113 0
  endloop
endfacet
facet normal 0 0 0
  outer loop
    vertex -4.784701824188232 -1.4514234066009521 0
    vertex -4.903926372528076 -0.9754515886306763 9
    vertex -4.903926372528076 -0.9754515886306763 0
  endloop
endfacet
facet normal 0 0 0
  outer loop
    vertex -4.903926372528076 -0.9754515886306763 0
    vertex -4.975923538208008 -0.4900856912136078 9
    vertex -4.975923538208008 -0.4900856912136078 0
  endloop
endfacet
facet normal 0 0 0
  outer loop
    vertex -4.975923538208008 -0.4900856912136078 0
    vertex -5 0 9
    vertex -5 0 0
  endloop
endfacet
facet normal 0 0 0
  outer loop
    vertex -2.3569836616516113 -4.409606456756592 0
    vertex -1.9134172201156616 -4.6193976402282715 0
    vertex -2.3569836616516113 -4.409606456756592 9
  endloop
endfacet
facet normal 0 0 0
  outer loop
    vertex -1.9134172201156616 -4.6193976402282715 0
    vertex -1.4514234066009521 -4.784701824188232 0
    vertex -1.9134172201156616 -4.6193976402282715 9
  endloop
endfacet
facet normal 0 0 0
  outer loop
    vertex -1.4514234066009521 -4.784701824188232 0
    vertex -0.9754515886306763 -4.903926372528076 0
    vertex -1.4514234066009521 -4.784701824188232 9
  endloop
endfacet
facet normal 0 0 0
  outer loop
    vertex -0.9754515886306763 -4.903926372528076 0
    vertex -0.4900856912136078 -4.975923538208008 0
    vertex -0.9754515886306763 -4.903926372528076 9
  endloop
endfacet
facet normal 0 0 0
  outer loop
    vertex -0.4900856912136078 -4.975923538208008 0
    vertex 0 -5 0
    vertex -0.4900856912136078 -4.975923538208008 9
  endloop
endfacet
facet normal 0 0 0
  outer loop
    vertex -4.157348155975342 -2.777851104736328 0
    vertex -4.157348155975342 -2.777851104736328 9
    vertex -4.409606456756592 -2.3569836616516113 9
  endloop
endfacet
facet normal 0 0 0
  outer loop
    vertex -3.8650522232055664 -3.171966314315796 0
    vertex -3.8650522232055664 -3.171966314315796 9
    vertex -4.157348155975342 -2.777851104736328 9
  endloop
endfacet
facet normal 0 0 0
  outer loop
    vertex -3.171966314315796 -3.8650522232055664 0
    vertex -3.171966314315796 -3.8650522232055664 9
    vertex -3.535533905029297 -3.535533905029297 9
  endloop
endfacet
facet normal 0 0 0
  outer loop
    vertex -2.777851104736328 -4.157348155975342 0
    vertex -2.777851104736328 -4.157348155975342 9
    vertex -3.171966314315796 -3.8650522232055664 9
  endloop
endfacet
facet normal 0 0 0
  outer loop
    vertex -3.535533905029297 -3.535533905029297 0
    vertex -3.535533905029297 -3.535533905029297 9
    vertex -3.8650522232055664 -3.171966314315796 9
  endloop
endfacet
facet normal 0 0 0
  outer loop
    vertex -4.409606456756592 -2.3569836616516113 0
    vertex -4.409606456756592 -2.3569836616516113 9
    vertex -4.6193976402282715 -1.9134172201156616 9
  endloop
endfacet
facet normal 0 0 0
  outer loop
    vertex -4.784701824188232 -1.4514234066009521 0
    vertex -4.784701824188232 -1.4514234066009521 9
    vertex -4.903926372528076 -0.9754515886306763 9
  endloop
endfacet
facet normal 0 0 0
  outer loop
    vertex -4.6193976402282715 -1.9134172201156616 0
    vertex -4.6193976402282715 -1.9134172201156616 9
    vertex -4.784701824188232 -1.4514234066009521 9
  endloop
endfacet
facet normal 0 0 0
  outer loop
    vertex -4.903926372528076 -0.9754515886306763 0
    vertex -4.903926372528076 -0.9754515886306763 9
    vertex -4.975923538208008 -0.4900856912136078 9
  endloop
endfacet
facet normal 0 0 0
  outer loop
    vertex -4.975923538208008 -0.4900856912136078 0
    vertex -4.975923538208008 -0.4900856912136078 9
    vertex -5 0 9
  endloop
endfacet
facet normal 0 0 0
  outer loop
    vertex -4.409606456756592 -2.3569836616516113 9
    vertex -4.409606456756592 2.3569836616516113 9
    vertex -4.6193976402282715 -1.9134172201156616 9
  endloop
endfacet
facet normal 0 0 0
  outer loop
    vertex -4.784701824188232 -1.4514234066009521 9
    vertex -4.784701824188232 1.4514234066009521 9
    vertex -4.903926372528076 -0.9754515886306763 9
  endloop
endfacet
facet normal 0 0 0
  outer loop
    vertex -4.903926372528076 -0.9754515886306763 9
    vertex -4.903926372528076 0.9754515886306763 9
    vertex -4.975923538208008 -0.4900856912136078 9
  endloop
endfacet
facet normal 0 0 0
  outer loop
    vertex -4.6193976402282715 -1.9134172201156616 9
    vertex -4.6193976402282715 1.9134172201156616 9
    vertex -4.784701824188232 -1.4514234066009521 9
  endloop
endfacet
facet normal 0 0 0
  outer loop
    vertex -4.157348155975342 -2.777851104736328 9
    vertex -4.157348155975342 2.777851104736328 9
    vertex -4.409606456756592 -2.3569836616516113 9
  endloop
endfacet
facet normal 0 0 0
  outer loop
    vertex -3.8650522232055664 -3.171966314315796 9
    vertex -3.8650522232055664 3.171966314315796 9
    vertex -4.157348155975342 -2.777851104736328 9
  endloop
endfacet
facet normal 0 0 0
  outer loop
    vertex -3.171966314315796 -3.8650522232055664 9
    vertex -2.777851104736328 -4.157348155975342 9
    vertex -2.777851104736328 4.157348155975342 9
  endloop
endfacet
facet normal 0 0 0
  outer loop
    vertex -3.8650522232055664 -3.171966314315796 9
    vertex -3.535533905029297 -3.535533905029297 9
    vertex -3.535533905029297 3.535533905029297 9
  endloop
endfacet
facet normal 0 0 0
  outer loop
    vertex -3.171966314315796 -3.8650522232055664 9
    vertex -3.171966314315796 3.8650522232055664 9
    vertex -3.535533905029297 -3.535533905029297 9
  endloop
endfacet
facet normal 0 0 0
  outer loop
    vertex -1.9134172201156616 -4.6193976402282715 0
    vertex -1.9134172201156616 -4.6193976402282715 9
    vertex -2.3569836616516113 -4.409606456756592 9
  endloop
endfacet
facet normal 0 0 0
  outer loop
    vertex -2.3569836616516113 -4.409606456756592 0
    vertex -2.3569836616516113 -4.409606456756592 9
    vertex -2.777851104736328 -4.157348155975342 9
  endloop
endfacet
facet normal 0 0 0
  outer loop
    vertex -1.4514234066009521 -4.784701824188232 0
    vertex -1.4514234066009521 -4.784701824188232 9
    vertex -1.9134172201156616 -4.6193976402282715 9
  endloop
endfacet
facet normal 0 0 0
  outer loop
    vertex -0.9754515886306763 -4.903926372528076 0
    vertex -0.9754515886306763 -4.903926372528076 9
    vertex -1.4514234066009521 -4.784701824188232 9
  endloop
endfacet
facet normal 0 0 0
  outer loop
    vertex -0.4900856912136078 -4.975923538208008 0
    vertex -0.4900856912136078 -4.975923538208008 9
    vertex -0.9754515886306763 -4.903926372528076 9
  endloop
endfacet
facet normal 0 0 0
  outer loop
    vertex -0.4900856912136078 -4.975923538208008 9
    vertex 0 -5 0
    vertex 0 -5 9
  endloop
endfacet
facet normal 0 0 0
  outer loop
    vertex -2.777851104736328 -4.157348155975342 9
    vertex -2.3569836616516113 -4.409606456756592 9
    vertex -2.3569836616516113 4.409606456756592 9
  endloop
endfacet
facet normal 0 0 0
  outer loop
    vertex -2.3569836616516113 -4.409606456756592 9
    vertex -1.9134172201156616 -4.6193976402282715 9
    vertex -1.9134172201156616 4.6193976402282715 9
  endloop
endfacet
facet normal 0 0 0
  outer loop
    vertex -1.9134172201156616 -4.6193976402282715 9
    vertex -1.4514234066009521 -4.784701824188232 9
    vertex -1.4514234066009521 4.784701824188232 9
  endloop
endfacet
facet normal 0 0 0
  outer loop
    vertex -1.4514234066009521 -4.784701824188232 9
    vertex -0.9754515886306763 -4.903926372528076 9
    vertex -0.9754515886306763 4.903926372528076 9
  endloop
endfacet
facet normal 0 0 0
  outer loop
    vertex -0.9754515886306763 -4.903926372528076 9
    vertex -0.4900856912136078 -4.975923538208008 9
    vertex -0.4900856912136078 4.975923538208008 9
  endloop
endfacet
facet normal 0 0 0
  outer loop
    vertex -0.4900856912136078 -4.975923538208008 9
    vertex 0 -5 9
    vertex 0 5 9
  endloop
endfacet
facet normal 0 0 0
  outer loop
    vertex -5 0 0
    vertex -4.975923538208008 0.4900856912136078 9
    vertex -4.975923538208008 0.4900856912136078 0
  endloop
endfacet
facet normal 0 0 0
  outer loop
    vertex -4.975923538208008 0.4900856912136078 0
    vertex -4.903926372528076 0.9754515886306763 9
    vertex -4.903926372528076 0.9754515886306763 0
  endloop
endfacet
facet normal 0 0 0
  outer loop
    vertex -4.903926372528076 0.9754515886306763 0
    vertex -4.784701824188232 1.4514234066009521 9
    vertex -4.784701824188232 1.4514234066009521 0
  endloop
endfacet
facet normal 0 0 0
  outer loop
    vertex -4.784701824188232 1.4514234066009521 0
    vertex -4.6193976402282715 1.9134172201156616 9
    vertex -4.6193976402282715 1.9134172201156616 0
  endloop
endfacet
facet normal 0 0 0
  outer loop
    vertex -4.6193976402282715 1.9134172201156616 0
    vertex -4.409606456756592 2.3569836616516113 9
    vertex -4.409606456756592 2.3569836616516113 0
  endloop
endfacet
facet normal 0 0 0
  outer loop
    vertex -4.409606456756592 2.3569836616516113 0
    vertex -4.157348155975342 2.777851104736328 9
    vertex -4.157348155975342 2.777851104736328 0
  endloop
endfacet
facet normal 0 0 0
  outer loop
    vertex -4.157348155975342 2.777851104736328 0
    vertex -3.8650522232055664 3.171966314315796 9
    vertex -3.8650522232055664 3.171966314315796 0
  endloop
endfacet
facet normal 0 0 0
  outer loop
    vertex -3.8650522232055664 3.171966314315796 0
    vertex -3.535533905029297 3.535533905029297 9
    vertex -3.535533905029297 3.535533905029297 0
  endloop
endfacet
facet normal 0 0 0
  outer loop
    vertex -3.535533905029297 3.535533905029297 0
    vertex -3.171966314315796 3.8650522232055664 9
    vertex -3.171966314315796 3.8650522232055664 0
  endloop
endfacet
facet normal 0 0 0
  outer loop
    vertex -3.171966314315796 3.8650522232055664 0
    vertex -2.777851104736328 4.157348155975342 9
    vertex -2.777851104736328 4.157348155975342 0
  endloop
endfacet
facet normal 0 0 0
  outer loop
    vertex -2.777851104736328 4.157348155975342 0
    vertex -2.3569836616516113 4.409606456756592 9
    vertex -2.3569836616516113 4.409606456756592 0
  endloop
endfacet
facet normal 0 0 0
  outer loop
    vertex -2.3569836616516113 4.409606456756592 0
    vertex -1.9134172201156616 4.6193976402282715 9
    vertex -1.9134172201156616 4.6193976402282715 0
  endloop
endfacet
facet normal 0 0 0
  outer loop
    vertex -1.9134172201156616 4.6193976402282715 0
    vertex -1.4514234066009521 4.784701824188232 9
    vertex -1.4514234066009521 4.784701824188232 0
  endloop
endfacet
facet normal 0 0 0
  outer loop
    vertex -1.4514234066009521 4.784701824188232 0
    vertex -0.9754515886306763 4.903926372528076 9
    vertex -0.9754515886306763 4.903926372528076 0
  endloop
endfacet
facet normal 0 0 0
  outer loop
    vertex -0.9754515886306763 4.903926372528076 0
    vertex -0.4900856912136078 4.975923538208008 9
    vertex -0.4900856912136078 4.975923538208008 0
  endloop
endfacet
facet normal 0 0 0
  outer loop
    vertex -0.4900856912136078 4.975923538208008 0
    vertex 0 5 9
    vertex 0 5 0
  endloop
endfacet
facet normal 0 0 0
  outer loop
    vertex -5 0 0
    vertex -5 0 9
    vertex -4.975923538208008 0.4900856912136078 9
  endloop
endfacet
facet normal 0 0 0
  outer loop
    vertex -4.975923538208008 0.4900856912136078 0
    vertex -4.975923538208008 0.4900856912136078 9
    vertex -4.903926372528076 0.9754515886306763 9
  endloop
endfacet
facet normal 0 0 0
  outer loop
    vertex -4.903926372528076 0.9754515886306763 0
    vertex -4.903926372528076 0.9754515886306763 9
    vertex -4.784701824188232 1.4514234066009521 9
  endloop
endfacet
facet normal 0 0 0
  outer loop
    vertex -4.784701824188232 1.4514234066009521 0
    vertex -4.784701824188232 1.4514234066009521 9
    vertex -4.6193976402282715 1.9134172201156616 9
  endloop
endfacet
facet normal 0 0 0
  outer loop
    vertex -4.6193976402282715 1.9134172201156616 0
    vertex -4.6193976402282715 1.9134172201156616 9
    vertex -4.409606456756592 2.3569836616516113 9
  endloop
endfacet
facet normal 0 0 0
  outer loop
    vertex -4.409606456756592 2.3569836616516113 0
    vertex -4.409606456756592 2.3569836616516113 9
    vertex -4.157348155975342 2.777851104736328 9
  endloop
endfacet
facet normal 0 0 0
  outer loop
    vertex -4.975923538208008 -0.4900856912136078 9
    vertex -4.975923538208008 0.4900856912136078 9
    vertex -5 0 9
  endloop
endfacet
facet normal 0 0 0
  outer loop
    vertex -4.975923538208008 -0.4900856912136078 9
    vertex -4.903926372528076 0.9754515886306763 9
    vertex -4.975923538208008 0.4900856912136078 9
  endloop
endfacet
facet normal 0 0 0
  outer loop
    vertex -4.903926372528076 -0.9754515886306763 9
    vertex -4.784701824188232 1.4514234066009521 9
    vertex -4.903926372528076 0.9754515886306763 9
  endloop
endfacet
facet normal 0 0 0
  outer loop
    vertex -4.784701824188232 -1.4514234066009521 9
    vertex -4.6193976402282715 1.9134172201156616 9
    vertex -4.784701824188232 1.4514234066009521 9
  endloop
endfacet
facet normal 0 0 0
  outer loop
    vertex -4.6193976402282715 -1.9134172201156616 9
    vertex -4.409606456756592 2.3569836616516113 9
    vertex -4.6193976402282715 1.9134172201156616 9
  endloop
endfacet
facet normal 0 0 0
  outer loop
    vertex -4.409606456756592 -2.3569836616516113 9
    vertex -4.157348155975342 2.777851104736328 9
    vertex -4.409606456756592 2.3569836616516113 9
  endloop
endfacet
facet normal 0 0 0
  outer loop
    vertex -4.157348155975342 -2.777851104736328 9
    vertex -3.8650522232055664 3.171966314315796 9
    vertex -4.157348155975342 2.777851104736328 9
  endloop
endfacet
facet normal 0 0 0
  outer loop
    vertex -3.8650522232055664 -3.171966314315796 9
    vertex -3.535533905029297 3.535533905029297 9
    vertex -3.8650522232055664 3.171966314315796 9
  endloop
endfacet
facet normal 0 0 0
  outer loop
    vertex -3.535533905029297 -3.535533905029297 9
    vertex -3.171966314315796 3.8650522232055664 9
    vertex -3.535533905029297 3.535533905029297 9
  endloop
endfacet
facet normal 0 0 0
  outer loop
    vertex -3.171966314315796 -3.8650522232055664 9
    vertex -2.777851104736328 4.157348155975342 9
    vertex -3.171966314315796 3.8650522232055664 9
  endloop
endfacet
facet normal 0 0 0
  outer loop
    vertex -2.777851104736328 -4.157348155975342 9
    vertex -2.3569836616516113 4.409606456756592 9
    vertex -2.777851104736328 4.157348155975342 9
  endloop
endfacet
facet normal 0 0 0
  outer loop
    vertex -4.157348155975342 2.777851104736328 0
    vertex -4.157348155975342 2.777851104736328 9
    vertex -3.8650522232055664 3.171966314315796 9
  endloop
endfacet
facet normal 0 0 0
  outer loop
    vertex -3.8650522232055664 3.171966314315796 0
    vertex -3.8650522232055664 3.171966314315796 9
    vertex -3.535533905029297 3.535533905029297 9
  endloop
endfacet
facet normal 0 0 0
  outer loop
    vertex -3.535533905029297 3.535533905029297 0
    vertex -3.535533905029297 3.535533905029297 9
    vertex -3.171966314315796 3.8650522232055664 9
  endloop
endfacet
facet normal 0 0 0
  outer loop
    vertex -3.171966314315796 3.8650522232055664 0
    vertex -3.171966314315796 3.8650522232055664 9
    vertex -2.777851104736328 4.157348155975342 9
  endloop
endfacet
facet normal 0 0 0
  outer loop
    vertex -2.777851104736328 4.157348155975342 0
    vertex -2.777851104736328 4.157348155975342 9
    vertex -2.3569836616516113 4.409606456756592 9
  endloop
endfacet
facet normal 0 0 0
  outer loop
    vertex -2.3569836616516113 -4.409606456756592 9
    vertex -1.9134172201156616 4.6193976402282715 9
    vertex -2.3569836616516113 4.409606456756592 9
  endloop
endfacet
facet normal 0 0 0
  outer loop
    vertex -1.9134172201156616 -4.6193976402282715 9
    vertex -1.4514234066009521 4.784701824188232 9
    vertex -1.9134172201156616 4.6193976402282715 9
  endloop
endfacet
facet normal 0 0 0
  outer loop
    vertex -1.4514234066009521 -4.784701824188232 9
    vertex -0.9754515886306763 4.903926372528076 9
    vertex -1.4514234066009521 4.784701824188232 9
  endloop
endfacet
facet normal 0 0 0
  outer loop
    vertex -0.9754515886306763 -4.903926372528076 9
    vertex -0.4900856912136078 4.975923538208008 9
    vertex -0.9754515886306763 4.903926372528076 9
  endloop
endfacet
facet normal 0 0 0
  outer loop
    vertex -0.4900856912136078 -4.975923538208008 9
    vertex 0 5 9
    vertex -0.4900856912136078 4.975923538208008 9
  endloop
endfacet
facet normal 0 0 0
  outer loop
    vertex -2.3569836616516113 4.409606456756592 0
    vertex -2.3569836616516113 4.409606456756592 9
    vertex -1.9134172201156616 4.6193976402282715 9
  endloop
endfacet
facet normal 0 0 0
  outer loop
    vertex -1.9134172201156616 4.6193976402282715 0
    vertex -1.9134172201156616 4.6193976402282715 9
    vertex -1.4514234066009521 4.784701824188232 9
  endloop
endfacet
facet normal 0 0 0
  outer loop
    vertex -1.4514234066009521 4.784701824188232 0
    vertex -1.4514234066009521 4.784701824188232 9
    vertex -0.9754515886306763 4.903926372528076 9
  endloop
endfacet
facet normal 0 0 0
  outer loop
    vertex -0.9754515886306763 4.903926372528076 0
    vertex -0.9754515886306763 4.903926372528076 9
    vertex -0.4900856912136078 4.975923538208008 9
  endloop
endfacet
facet normal 0 0 0
  outer loop
    vertex -0.4900856912136078 4.975923538208008 0
    vertex -0.4900856912136078 4.975923538208008 9
    vertex 0 5 9
  endloop
endfacet
facet normal 0 0 0
  outer loop
    vertex 0 -5 0
    vertex 0.4900856912136078 -4.975923538208008 0
    vertex 0 -5 9
  endloop
endfacet
facet normal 0 0 0
  outer loop
    vertex 0.4900856912136078 -4.975923538208008 0
    vertex 0.9754515886306763 -4.903926372528076 0
    vertex 0.4900856912136078 -4.975923538208008 9
  endloop
endfacet
facet normal 0 0 0
  outer loop
    vertex 0.9754515886306763 -4.903926372528076 0
    vertex 1.4514234066009521 -4.784701824188232 0
    vertex 0.9754515886306763 -4.903926372528076 9
  endloop
endfacet
facet normal 0 0 0
  outer loop
    vertex 1.4514234066009521 -4.784701824188232 0
    vertex 1.9134172201156616 -4.6193976402282715 0
    vertex 1.4514234066009521 -4.784701824188232 9
  endloop
endfacet
facet normal 0 0 0
  outer loop
    vertex 1.9134172201156616 -4.6193976402282715 0
    vertex 2.3569836616516113 -4.409606456756592 0
    vertex 1.9134172201156616 -4.6193976402282715 9
  endloop
endfacet
facet normal 0 0 0
  outer loop
    vertex 2.3569836616516113 -4.409606456756592 0
    vertex 2.777851104736328 -4.157348155975342 0
    vertex 2.3569836616516113 -4.409606456756592 9
  endloop
endfacet
facet normal 0 0 0
  outer loop
    vertex 2.777851104736328 -4.157348155975342 0
    vertex 3.171966314315796 -3.8650522232055664 0
    vertex 2.777851104736328 -4.157348155975342 9
  endloop
endfacet
facet normal 0 0 0
  outer loop
    vertex 3.171966314315796 -3.8650522232055664 0
    vertex 3.535533905029297 -3.535533905029297 0
    vertex 3.171966314315796 -3.8650522232055664 9
  endloop
endfacet
facet normal 0 0 0
  outer loop
    vertex 3.535533905029297 -3.535533905029297 0
    vertex 3.8650522232055664 -3.171966314315796 0
    vertex 3.535533905029297 -3.535533905029297 9
  endloop
endfacet
facet normal 0 0 0
  outer loop
    vertex 3.8650522232055664 -3.171966314315796 0
    vertex 4.157348155975342 -2.777851104736328 0
    vertex 3.8650522232055664 -3.171966314315796 9
  endloop
endfacet
facet normal 0 0 0
  outer loop
    vertex 4.157348155975342 -2.777851104736328 0
    vertex 4.409606456756592 -2.3569836616516113 0
    vertex 4.157348155975342 -2.777851104736328 9
  endloop
endfacet
facet normal 0 0 0
  outer loop
    vertex 4.409606456756592 -2.3569836616516113 0
    vertex 4.6193976402282715 -1.9134172201156616 0
    vertex 4.409606456756592 -2.3569836616516113 9
  endloop
endfacet
facet normal 0 0 0
  outer loop
    vertex 4.6193976402282715 -1.9134172201156616 0
    vertex 4.784701824188232 -1.4514234066009521 0
    vertex 4.6193976402282715 -1.9134172201156616 9
  endloop
endfacet
facet normal 0 0 0
  outer loop
    vertex 4.784701824188232 -1.4514234066009521 0
    vertex 4.903926372528076 -0.9754515886306763 0
    vertex 4.784701824188232 -1.4514234066009521 9
  endloop
endfacet
facet normal 0 0 0
  outer loop
    vertex 4.903926372528076 -0.9754515886306763 0
    vertex 4.975923538208008 -0.4900856912136078 0
    vertex 4.903926372528076 -0.9754515886306763 9
  endloop
endfacet
facet normal 0 0 0
  outer loop
    vertex 4.975923538208008 -0.4900856912136078 0
    vertex 5 0 0
    vertex 4.975923538208008 -0.4900856912136078 9
  endloop
endfacet
facet normal 0 0 0
  outer loop
    vertex 0.4900856912136078 -4.975923538208008 0
    vertex 0.4900856912136078 -4.975923538208008 9
    vertex 0 -5 9
  endloop
endfacet
facet normal 0 0 0
  outer loop
    vertex 0.9754515886306763 -4.903926372528076 0
    vertex 0.9754515886306763 -4.903926372528076 9
    vertex 0.4900856912136078 -4.975923538208008 9
  endloop
endfacet
facet normal 0 0 0
  outer loop
    vertex 1.4514234066009521 -4.784701824188232 0
    vertex 1.4514234066009521 -4.784701824188232 9
    vertex 0.9754515886306763 -4.903926372528076 9
  endloop
endfacet
facet normal 0 0 0
  outer loop
    vertex 1.9134172201156616 -4.6193976402282715 0
    vertex 1.9134172201156616 -4.6193976402282715 9
    vertex 1.4514234066009521 -4.784701824188232 9
  endloop
endfacet
facet normal 0 0 0
  outer loop
    vertex 2.3569836616516113 -4.409606456756592 0
    vertex 2.3569836616516113 -4.409606456756592 9
    vertex 1.9134172201156616 -4.6193976402282715 9
  endloop
endfacet
facet normal 0 0 0
  outer loop
    vertex 0 -5 9
    vertex 0.4900856912136078 -4.975923538208008 9
    vertex 0.4900856912136078 4.975923538208008 9
  endloop
endfacet
facet normal 0 0 0
  outer loop
    vertex 0.4900856912136078 -4.975923538208008 9
    vertex 0.9754515886306763 -4.903926372528076 9
    vertex 0.9754515886306763 4.903926372528076 9
  endloop
endfacet
facet normal 0 0 0
  outer loop
    vertex 0.9754515886306763 -4.903926372528076 9
    vertex 1.4514234066009521 -4.784701824188232 9
    vertex 1.4514234066009521 4.784701824188232 9
  endloop
endfacet
facet normal 0 0 0
  outer loop
    vertex 1.4514234066009521 -4.784701824188232 9
    vertex 1.9134172201156616 -4.6193976402282715 9
    vertex 1.9134172201156616 4.6193976402282715 9
  endloop
endfacet
facet normal 0 0 0
  outer loop
    vertex 1.9134172201156616 -4.6193976402282715 9
    vertex 2.3569836616516113 -4.409606456756592 9
    vertex 2.3569836616516113 4.409606456756592 9
  endloop
endfacet
facet normal 0 0 0
  outer loop
    vertex 2.777851104736328 -4.157348155975342 0
    vertex 2.777851104736328 -4.157348155975342 9
    vertex 2.3569836616516113 -4.409606456756592 9
  endloop
endfacet
facet normal 0 0 0
  outer loop
    vertex 3.171966314315796 -3.8650522232055664 0
    vertex 3.171966314315796 -3.8650522232055664 9
    vertex 2.777851104736328 -4.157348155975342 9
  endloop
endfacet
facet normal 0 0 0
  outer loop
    vertex 3.535533905029297 -3.535533905029297 0
    vertex 3.535533905029297 -3.535533905029297 9
    vertex 3.171966314315796 -3.8650522232055664 9
  endloop
endfacet
facet normal 0 0 0
  outer loop
    vertex 3.8650522232055664 -3.171966314315796 0
    vertex 3.8650522232055664 -3.171966314315796 9
    vertex 3.535533905029297 -3.535533905029297 9
  endloop
endfacet
facet normal 0 0 0
  outer loop
    vertex 4.157348155975342 -2.777851104736328 0
    vertex 4.157348155975342 -2.777851104736328 9
    vertex 3.8650522232055664 -3.171966314315796 9
  endloop
endfacet
facet normal 0 0 0
  outer loop
    vertex 4.409606456756592 -2.3569836616516113 0
    vertex 4.409606456756592 -2.3569836616516113 9
    vertex 4.157348155975342 -2.777851104736328 9
  endloop
endfacet
facet normal 0 0 0
  outer loop
    vertex 4.6193976402282715 -1.9134172201156616 0
    vertex 4.6193976402282715 -1.9134172201156616 9
    vertex 4.409606456756592 -2.3569836616516113 9
  endloop
endfacet
facet normal 0 0 0
  outer loop
    vertex 4.784701824188232 -1.4514234066009521 0
    vertex 4.784701824188232 -1.4514234066009521 9
    vertex 4.6193976402282715 -1.9134172201156616 9
  endloop
endfacet
facet normal 0 0 0
  outer loop
    vertex 4.903926372528076 -0.9754515886306763 0
    vertex 4.903926372528076 -0.9754515886306763 9
    vertex 4.784701824188232 -1.4514234066009521 9
  endloop
endfacet
facet normal 0 0 0
  outer loop
    vertex 4.975923538208008 -0.4900856912136078 0
    vertex 4.975923538208008 -0.4900856912136078 9
    vertex 4.903926372528076 -0.9754515886306763 9
  endloop
endfacet
facet normal 0 0 0
  outer loop
    vertex 4.975923538208008 -0.4900856912136078 9
    vertex 5 0 0
    vertex 5 0 9
  endloop
endfacet
facet normal 0 0 0
  outer loop
    vertex 2.3569836616516113 -4.409606456756592 9
    vertex 2.777851104736328 -4.157348155975342 9
    vertex 2.777851104736328 4.157348155975342 9
  endloop
endfacet
facet normal 0 0 0
  outer loop
    vertex 2.777851104736328 -4.157348155975342 9
    vertex 3.171966314315796 -3.8650522232055664 9
    vertex 3.171966314315796 3.8650522232055664 9
  endloop
endfacet
facet normal 0 0 0
  outer loop
    vertex 3.171966314315796 -3.8650522232055664 9
    vertex 3.535533905029297 -3.535533905029297 9
    vertex 3.535533905029297 3.535533905029297 9
  endloop
endfacet
facet normal 0 0 0
  outer loop
    vertex 3.535533905029297 -3.535533905029297 9
    vertex 3.8650522232055664 -3.171966314315796 9
    vertex 3.8650522232055664 3.171966314315796 9
  endloop
endfacet
facet normal 0 0 0
  outer loop
    vertex 3.8650522232055664 -3.171966314315796 9
    vertex 4.157348155975342 -2.777851104736328 9
    vertex 4.157348155975342 2.777851104736328 9
  endloop
endfacet
facet normal 0 0 0
  outer loop
    vertex 4.157348155975342 -2.777851104736328 9
    vertex 4.409606456756592 -2.3569836616516113 9
    vertex 4.409606456756592 2.3569836616516113 9
  endloop
endfacet
facet normal 0 0 0
  outer loop
    vertex 4.409606456756592 -2.3569836616516113 9
    vertex 4.6193976402282715 -1.9134172201156616 9
    vertex 4.6193976402282715 1.9134172201156616 9
  endloop
endfacet
facet normal 0 0 0
  outer loop
    vertex 4.6193976402282715 -1.9134172201156616 9
    vertex 4.784701824188232 -1.4514234066009521 9
    vertex 4.784701824188232 1.4514234066009521 9
  endloop
endfacet
facet normal 0 0 0
  outer loop
    vertex 4.784701824188232 -1.4514234066009521 9
    vertex 4.903926372528076 -0.9754515886306763 9
    vertex 4.903926372528076 0.9754515886306763 9
  endloop
endfacet
facet normal 0 0 0
  outer loop
    vertex 4.903926372528076 -0.9754515886306763 9
    vertex 4.975923538208008 -0.4900856912136078 9
    vertex 4.975923538208008 0.4900856912136078 9
  endloop
endfacet
facet normal 0 0 0
  outer loop
    vertex 0.4900856912136078 4.975923538208008 0
    vertex 0 5 0
    vertex 0.4900856912136078 4.975923538208008 9
  endloop
endfacet
facet normal 0 0 0
  outer loop
    vertex 0.4900856912136078 4.975923538208008 0
    vertex 0.9754515886306763 4.903926372528076 9
    vertex 0.9754515886306763 4.903926372528076 0
  endloop
endfacet
facet normal 0 0 0
  outer loop
    vertex 0.9754515886306763 4.903926372528076 0
    vertex 1.4514234066009521 4.784701824188232 9
    vertex 1.4514234066009521 4.784701824188232 0
  endloop
endfacet
facet normal 0 0 0
  outer loop
    vertex 1.4514234066009521 4.784701824188232 0
    vertex 1.9134172201156616 4.6193976402282715 9
    vertex 1.9134172201156616 4.6193976402282715 0
  endloop
endfacet
facet normal 0 0 0
  outer loop
    vertex 1.9134172201156616 4.6193976402282715 0
    vertex 2.3569836616516113 4.409606456756592 9
    vertex 2.3569836616516113 4.409606456756592 0
  endloop
endfacet
facet normal 0 0 0
  outer loop
    vertex 4.975923538208008 0.4900856912136078 0
    vertex 5 0 9
    vertex 5 0 0
  endloop
endfacet
facet normal 0 0 0
  outer loop
    vertex 4.975923538208008 0.4900856912136078 0
    vertex 4.903926372528076 0.9754515886306763 0
    vertex 4.975923538208008 0.4900856912136078 9
  endloop
endfacet
facet normal 0 0 0
  outer loop
    vertex 4.903926372528076 0.9754515886306763 0
    vertex 4.784701824188232 1.4514234066009521 0
    vertex 4.903926372528076 0.9754515886306763 9
  endloop
endfacet
facet normal 0 0 0
  outer loop
    vertex 4.409606456756592 2.3569836616516113 0
    vertex 4.157348155975342 2.777851104736328 0
    vertex 4.409606456756592 2.3569836616516113 9
  endloop
endfacet
facet normal 0 0 0
  outer loop
    vertex 4.784701824188232 1.4514234066009521 0
    vertex 4.6193976402282715 1.9134172201156616 0
    vertex 4.784701824188232 1.4514234066009521 9
  endloop
endfacet
facet normal 0 0 0
  outer loop
    vertex 4.6193976402282715 1.9134172201156616 0
    vertex 4.409606456756592 2.3569836616516113 0
    vertex 4.6193976402282715 1.9134172201156616 9
  endloop
endfacet
facet normal 0 0 0
  outer loop
    vertex 3.535533905029297 3.535533905029297 0
    vertex 3.171966314315796 3.8650522232055664 0
    vertex 3.535533905029297 3.535533905029297 9
  endloop
endfacet
facet normal 0 0 0
  outer loop
    vertex 2.3569836616516113 4.409606456756592 0
    vertex 2.777851104736328 4.157348155975342 9
    vertex 2.777851104736328 4.157348155975342 0
  endloop
endfacet
facet normal 0 0 0
  outer loop
    vertex 2.777851104736328 4.157348155975342 0
    vertex 3.171966314315796 3.8650522232055664 9
    vertex 3.171966314315796 3.8650522232055664 0
  endloop
endfacet
facet normal 0 0 0
  outer loop
    vertex 4.157348155975342 2.777851104736328 0
    vertex 3.8650522232055664 3.171966314315796 0
    vertex 4.157348155975342 2.777851104736328 9
  endloop
endfacet
facet normal 0 0 0
  outer loop
    vertex 3.535533905029297 3.535533905029297 0
    vertex 3.8650522232055664 3.171966314315796 9
    vertex 3.8650522232055664 3.171966314315796 0
  endloop
endfacet
facet normal 0 0 0
  outer loop
    vertex 0 -5 9
    vertex 0.4900856912136078 4.975923538208008 9
    vertex 0 5 9
  endloop
endfacet
facet normal 0 0 0
  outer loop
    vertex 0.4900856912136078 -4.975923538208008 9
    vertex 0.9754515886306763 4.903926372528076 9
    vertex 0.4900856912136078 4.975923538208008 9
  endloop
endfacet
facet normal 0 0 0
  outer loop
    vertex 0.9754515886306763 -4.903926372528076 9
    vertex 1.4514234066009521 4.784701824188232 9
    vertex 0.9754515886306763 4.903926372528076 9
  endloop
endfacet
facet normal 0 0 0
  outer loop
    vertex 1.4514234066009521 -4.784701824188232 9
    vertex 1.9134172201156616 4.6193976402282715 9
    vertex 1.4514234066009521 4.784701824188232 9
  endloop
endfacet
facet normal 0 0 0
  outer loop
    vertex 1.9134172201156616 -4.6193976402282715 9
    vertex 2.3569836616516113 4.409606456756592 9
    vertex 1.9134172201156616 4.6193976402282715 9
  endloop
endfacet
facet normal 0 0 0
  outer loop
    vertex 2.3569836616516113 -4.409606456756592 9
    vertex 2.777851104736328 4.157348155975342 9
    vertex 2.3569836616516113 4.409606456756592 9
  endloop
endfacet
facet normal 0 0 0
  outer loop
    vertex 0.4900856912136078 4.975923538208008 9
    vertex 0 5 0
    vertex 0 5 9
  endloop
endfacet
facet normal 0 0 0
  outer loop
    vertex 0.4900856912136078 4.975923538208008 0
    vertex 0.4900856912136078 4.975923538208008 9
    vertex 0.9754515886306763 4.903926372528076 9
  endloop
endfacet
facet normal 0 0 0
  outer loop
    vertex 0.9754515886306763 4.903926372528076 0
    vertex 0.9754515886306763 4.903926372528076 9
    vertex 1.4514234066009521 4.784701824188232 9
  endloop
endfacet
facet normal 0 0 0
  outer loop
    vertex 1.4514234066009521 4.784701824188232 0
    vertex 1.4514234066009521 4.784701824188232 9
    vertex 1.9134172201156616 4.6193976402282715 9
  endloop
endfacet
facet normal 0 0 0
  outer loop
    vertex 2.3569836616516113 4.409606456756592 0
    vertex 2.3569836616516113 4.409606456756592 9
    vertex 2.777851104736328 4.157348155975342 9
  endloop
endfacet
facet normal 0 0 0
  outer loop
    vertex 1.9134172201156616 4.6193976402282715 0
    vertex 1.9134172201156616 4.6193976402282715 9
    vertex 2.3569836616516113 4.409606456756592 9
  endloop
endfacet
facet normal 0 0 0
  outer loop
    vertex 4.975923538208008 0.4900856912136078 0
    vertex 4.975923538208008 0.4900856912136078 9
    vertex 5 0 9
  endloop
endfacet
facet normal 0 0 0
  outer loop
    vertex 4.903926372528076 0.9754515886306763 0
    vertex 4.903926372528076 0.9754515886306763 9
    vertex 4.975923538208008 0.4900856912136078 9
  endloop
endfacet
facet normal 0 0 0
  outer loop
    vertex 4.6193976402282715 1.9134172201156616 0
    vertex 4.6193976402282715 1.9134172201156616 9
    vertex 4.784701824188232 1.4514234066009521 9
  endloop
endfacet
facet normal 0 0 0
  outer loop
    vertex 4.784701824188232 1.4514234066009521 0
    vertex 4.784701824188232 1.4514234066009521 9
    vertex 4.903926372528076 0.9754515886306763 9
  endloop
endfacet
facet normal 0 0 0
  outer loop
    vertex 4.409606456756592 2.3569836616516113 0
    vertex 4.409606456756592 2.3569836616516113 9
    vertex 4.6193976402282715 1.9134172201156616 9
  endloop
endfacet
facet normal 0 0 0
  outer loop
    vertex 3.171966314315796 -3.8650522232055664 9
    vertex 3.535533905029297 3.535533905029297 9
    vertex 3.171966314315796 3.8650522232055664 9
  endloop
endfacet
facet normal 0 0 0
  outer loop
    vertex 3.535533905029297 -3.535533905029297 9
    vertex 3.8650522232055664 3.171966314315796 9
    vertex 3.535533905029297 3.535533905029297 9
  endloop
endfacet
facet normal 0 0 0
  outer loop
    vertex 2.777851104736328 -4.157348155975342 9
    vertex 3.171966314315796 3.8650522232055664 9
    vertex 2.777851104736328 4.157348155975342 9
  endloop
endfacet
facet normal 0 0 0
  outer loop
    vertex 3.8650522232055664 -3.171966314315796 9
    vertex 4.157348155975342 2.777851104736328 9
    vertex 3.8650522232055664 3.171966314315796 9
  endloop
endfacet
facet normal 0 0 0
  outer loop
    vertex 4.157348155975342 -2.777851104736328 9
    vertex 4.409606456756592 2.3569836616516113 9
    vertex 4.157348155975342 2.777851104736328 9
  endloop
endfacet
facet normal 0 0 0
  outer loop
    vertex 4.6193976402282715 -1.9134172201156616 9
    vertex 4.784701824188232 1.4514234066009521 9
    vertex 4.6193976402282715 1.9134172201156616 9
  endloop
endfacet
facet normal 0 0 0
  outer loop
    vertex 4.975923538208008 -0.4900856912136078 9
    vertex 5 0 9
    vertex 4.975923538208008 0.4900856912136078 9
  endloop
endfacet
facet normal 0 0 0
  outer loop
    vertex 4.903926372528076 -0.9754515886306763 9
    vertex 4.975923538208008 0.4900856912136078 9
    vertex 4.903926372528076 0.9754515886306763 9
  endloop
endfacet
facet normal 0 0 0
  outer loop
    vertex 4.784701824188232 -1.4514234066009521 9
    vertex 4.903926372528076 0.9754515886306763 9
    vertex 4.784701824188232 1.4514234066009521 9
  endloop
endfacet
facet normal 0 0 0
  outer loop
    vertex 4.409606456756592 -2.3569836616516113 9
    vertex 4.6193976402282715 1.9134172201156616 9
    vertex 4.409606456756592 2.3569836616516113 9
  endloop
endfacet
facet normal 0 0 0
  outer loop
    vertex 3.535533905029297 3.535533905029297 0
    vertex 3.535533905029297 3.535533905029297 9
    vertex 3.8650522232055664 3.171966314315796 9
  endloop
endfacet
facet normal 0 0 0
  outer loop
    vertex 2.777851104736328 4.157348155975342 0
    vertex 2.777851104736328 4.157348155975342 9
    vertex 3.171966314315796 3.8650522232055664 9
  endloop
endfacet
facet normal 0 0 0
  outer loop
    vertex 3.171966314315796 3.8650522232055664 0
    vertex 3.171966314315796 3.8650522232055664 9
    vertex 3.535533905029297 3.535533905029297 9
  endloop
endfacet
facet normal 0 0 0
  outer loop
    vertex 3.8650522232055664 3.171966314315796 0
    vertex 3.8650522232055664 3.171966314315796 9
    vertex 4.157348155975342 2.777851104736328 9
  endloop
endfacet
facet normal 0 0 0
  outer loop
    vertex 4.157348155975342 2.777851104736328 0
    vertex 4.157348155975342 2.777851104736328 9
    vertex 4.409606456756592 2.3569836616516113 9
  endloop
endfacet
facet normal 0 0 0
  outer loop
    vertex -5.555702209472656 -8.314696311950684 -2
    vertex -5.5 -0.75 -2
    vertex -4.713967323303223 -8.819212913513184 -2
  endloop
endfacet
facet normal 0 0 0
  outer loop
    vertex -8.819212913513184 -4.713967323303223 -2
    vertex -9.238795280456543 -3.8268344402313232 -2
    vertex -8.819212913513184 4.713967323303223 -2
  endloop
endfacet
facet normal 0 0 0
  outer loop
    vertex -9.569403648376465 -2.9028468132019043 -2
    vertex -9.807852745056152 -1.9509031772613525 -2
    vertex -9.569403648376465 2.9028468132019043 -2
  endloop
endfacet
facet normal 0 0 0
  outer loop
    vertex -9.807852745056152 -1.9509031772613525 -2
    vertex -9.951847076416016 -0.9801713824272156 -2
    vertex -9.807852745056152 1.9509031772613525 -2
  endloop
endfacet
facet normal 0 0 0
  outer loop
    vertex -9.238795280456543 -3.8268344402313232 -2
    vertex -9.569403648376465 -2.9028468132019043 -2
    vertex -9.238795280456543 3.8268344402313232 -2
  endloop
endfacet
facet normal 0 0 0
  outer loop
    vertex -8.314696311950684 -5.555702209472656 -2
    vertex -8.819212913513184 -4.713967323303223 -2
    vertex -8.314696311950684 5.555702209472656 -2
  endloop
endfacet
facet normal 0 0 0
  outer loop
    vertex -7.730104446411133 -6.343932628631592 -2
    vertex -8.314696311950684 -5.555702209472656 -2
    vertex -7.730104446411133 6.343932628631592 -2
  endloop
endfacet
facet normal 0 0 0
  outer loop
    vertex -6.343932628631592 -7.730104446411133 -2
    vertex -5.555702209472656 8.314696311950684 -2
    vertex -5.555702209472656 -8.314696311950684 -2
  endloop
endfacet
facet normal 0 0 0
  outer loop
    vertex -7.730104446411133 -6.343932628631592 -2
    vertex -7.071067810058594 7.071067810058594 -2
    vertex -7.071067810058594 -7.071067810058594 -2
  endloop
endfacet
facet normal 0 0 0
  outer loop
    vertex -6.343932628631592 -7.730104446411133 -2
    vertex -7.071067810058594 -7.071067810058594 -2
    vertex -6.343932628631592 7.730104446411133 -2
  endloop
endfacet
facet normal 0 0 0
  outer loop
    vertex -5.555702209472656 -8.314696311950684 -2
    vertex -5.555702209472656 8.314696311950684 -2
    vertex -5.5 -0.75 -2
  endloop
endfacet
facet normal 0 0 0
  outer loop
    vertex -4.713967323303223 -8.819212913513184 -2
    vertex -4 -0.75 -2
    vertex -3.8268344402313232 -9.238795280456543 -2
  endloop
endfacet
facet normal 0 0 0
  outer loop
    vertex -3.8268344402313232 -9.238795280456543 -2
    vertex -2.8284270763397217 -2.8284270763397217 -2
    vertex -2.9028468132019043 -9.569403648376465 -2
  endloop
endfacet
facet normal 0 0 0
  outer loop
    vertex -2.9028468132019043 -9.569403648376465 -2
    vertex -2.5375730991363525 -3.0920417308807373 -2
    vertex -2.222280979156494 -3.325878381729126 -2
  endloop
endfacet
facet normal 0 0 0
  outer loop
    vertex -2.9028468132019043 -9.569403648376465 -2
    vertex -2.8284270763397217 -2.8284270763397217 -2
    vertex -2.5375730991363525 -3.0920417308807373 -2
  endloop
endfacet
facet normal 0 0 0
  outer loop
    vertex -2.9028468132019043 -9.569403648376465 -2
    vertex -1.8855869770050049 -3.5276851654052734 -2
    vertex -1.9509031772613525 -9.807852745056152 -2
  endloop
endfacet
facet normal 0 0 0
  outer loop
    vertex -1.9509031772613525 -9.807852745056152 -2
    vertex -0.7803612947463989 -3.9231410026550293 -2
    vertex -0.9801713824272156 -9.951847076416016 -2
  endloop
endfacet
facet normal 0 0 0
  outer loop
    vertex -0.9801713824272156 -9.951847076416016 -2
    vertex -0.75 -5.5 -2
    vertex 0 -10 -2
  endloop
endfacet
facet normal 0 0 0
  outer loop
    vertex -2.9028468132019043 -9.569403648376465 -2
    vertex -2.222280979156494 -3.325878381729126 -2
    vertex -1.8855869770050049 -3.5276851654052734 -2
  endloop
endfacet
facet normal 0 0 0
  outer loop
    vertex -1.9509031772613525 -9.807852745056152 -2
    vertex -1.8855869770050049 -3.5276851654052734 -2
    vertex -1.5307337045669556 -3.6955180168151855 -2
  endloop
endfacet
facet normal 0 0 0
  outer loop
    vertex -1.9509031772613525 -9.807852745056152 -2
    vertex -1.5307337045669556 -3.6955180168151855 -2
    vertex -1.161138653755188 -3.82776141166687 -2
  endloop
endfacet
facet normal 0 0 0
  outer loop
    vertex -1.9509031772613525 -9.807852745056152 -2
    vertex -1.161138653755188 -3.82776141166687 -2
    vertex -0.7803612947463989 -3.9231410026550293 -2
  endloop
endfacet
facet normal 0 0 0
  outer loop
    vertex -0.9801713824272156 -9.951847076416016 -2
    vertex -0.75 -4 -2
    vertex -0.75 -5.5 -2
  endloop
endfacet
facet normal 0 0 0
  outer loop
    vertex -0.9801713824272156 -9.951847076416016 -2
    vertex -0.7803612947463989 -3.9231410026550293 -2
    vertex -0.75 -4 -2
  endloop
endfacet
facet normal 0 0 0
  outer loop
    vertex -3.8268344402313232 -9.238795280456543 -2
    vertex -3.82776141166687 -1.161138653755188 -2
    vertex -3.6955180168151855 -1.5307337045669556 -2
  endloop
endfacet
facet normal 0 0 0
  outer loop
    vertex -5.5 -0.75 -2
    vertex -4 -0.75 -2
    vertex -4.713967323303223 -8.819212913513184 -2
  endloop
endfacet
facet normal 0 0 0
  outer loop
    vertex -3.8268344402313232 -9.238795280456543 -2
    vertex -4 -0.75 -2
    vertex -3.9231410026550293 -0.7803612947463989 -2
  endloop
endfacet
facet normal 0 0 0
  outer loop
    vertex -3.8268344402313232 -9.238795280456543 -2
    vertex -3.9231410026550293 -0.7803612947463989 -2
    vertex -3.82776141166687 -1.161138653755188 -2
  endloop
endfacet
facet normal 0 0 0
  outer loop
    vertex -3.8268344402313232 -9.238795280456543 -2
    vertex -3.5276851654052734 -1.8855869770050049 -2
    vertex -3.325878381729126 -2.222280979156494 -2
  endloop
endfacet
facet normal 0 0 0
  outer loop
    vertex -3.8268344402313232 -9.238795280456543 -2
    vertex -3.0920417308807373 -2.5375730991363525 -2
    vertex -2.8284270763397217 -2.8284270763397217 -2
  endloop
endfacet
facet normal 0 0 0
  outer loop
    vertex -3.8268344402313232 -9.238795280456543 -2
    vertex -3.325878381729126 -2.222280979156494 -2
    vertex -3.0920417308807373 -2.5375730991363525 -2
  endloop
endfacet
facet normal 0 0 0
  outer loop
    vertex -3.8268344402313232 -9.238795280456543 -2
    vertex -3.6955180168151855 -1.5307337045669556 -2
    vertex -3.5276851654052734 -1.8855869770050049 -2
  endloop
endfacet
facet normal 0 0 0
  outer loop
    vertex -4 -0.75 -2
    vertex -3.980738878250122 -0.3920685648918152 -2
    vertex -3.9231410026550293 -0.7803612947463989 -2
  endloop
endfacet
facet normal 0 0 0
  outer loop
    vertex -4 -0.75 -2
    vertex -4 0 -2
    vertex -3.980738878250122 -0.3920685648918152 -2
  endloop
endfacet
facet normal 0 0 0
  outer loop
    vertex -0.75 -4 -2
    vertex -0.7803612947463989 -3.9231410026550293 -2
    vertex -0.3920685648918152 -3.980738878250122 -2
  endloop
endfacet
facet normal 0 0 0
  outer loop
    vertex -0.75 -4 -2
    vertex -0.3920685648918152 -3.980738878250122 -2
    vertex 0 -4 -2
  endloop
endfacet
facet normal 0 0 0
  outer loop
    vertex -7.730104446411133 -6.343932628631592 -2
    vertex -7.071067810058594 -7.071067810058594 -2
    vertex -7.730104446411133 -6.343932628631592 0
  endloop
endfacet
facet normal 0 0 0
  outer loop
    vertex -8.314696311950684 -5.555702209472656 -2
    vertex -8.314696311950684 -5.555702209472656 0
    vertex -8.819212913513184 -4.713967323303223 0
  endloop
endfacet
facet normal 0 0 0
  outer loop
    vertex -7.730104446411133 -6.343932628631592 -2
    vertex -8.314696311950684 -5.555702209472656 0
    vertex -8.314696311950684 -5.555702209472656 -2
  endloop
endfacet
facet normal 0 0 0
  outer loop
    vertex -7.730104446411133 -6.343932628631592 -2
    vertex -7.730104446411133 -6.343932628631592 0
    vertex -8.314696311950684 -5.555702209472656 0
  endloop
endfacet
facet normal 0 0 0
  outer loop
    vertex -6.343932628631592 -7.730104446411133 -2
    vertex -6.343932628631592 -7.730104446411133 0
    vertex -7.071067810058594 -7.071067810058594 0
  endloop
endfacet
facet normal 0 0 0
  outer loop
    vertex -6.343932628631592 -7.730104446411133 -2
    vertex -5.555702209472656 -8.314696311950684 -2
    vertex -6.343932628631592 -7.730104446411133 0
  endloop
endfacet
facet normal 0 0 0
  outer loop
    vertex -5.555702209472656 -8.314696311950684 -2
    vertex -5.555702209472656 -8.314696311950684 0
    vertex -6.343932628631592 -7.730104446411133 0
  endloop
endfacet
facet normal 0 0 0
  outer loop
    vertex -5.555702209472656 -8.314696311950684 -2
    vertex -4.713967323303223 -8.819212913513184 -2
    vertex -5.555702209472656 -8.314696311950684 0
  endloop
endfacet
facet normal 0 0 0
  outer loop
    vertex -7.071067810058594 -7.071067810058594 -2
    vertex -7.071067810058594 -7.071067810058594 0
    vertex -7.730104446411133 -6.343932628631592 0
  endloop
endfacet
facet normal 0 0 0
  outer loop
    vertex -6.343932628631592 -7.730104446411133 -2
    vertex -7.071067810058594 -7.071067810058594 0
    vertex -7.071067810058594 -7.071067810058594 -2
  endloop
endfacet
facet normal 0 0 0
  outer loop
    vertex -8.819212913513184 -4.713967323303223 -2
    vertex -8.819212913513184 -4.713967323303223 0
    vertex -9.238795280456543 -3.8268344402313232 0
  endloop
endfacet
facet normal 0 0 0
  outer loop
    vertex -8.819212913513184 -4.713967323303223 -2
    vertex -9.238795280456543 -3.8268344402313232 0
    vertex -9.238795280456543 -3.8268344402313232 -2
  endloop
endfacet
facet normal 0 0 0
  outer loop
    vertex -9.238795280456543 -3.8268344402313232 -2
    vertex -9.569403648376465 -2.9028468132019043 0
    vertex -9.569403648376465 -2.9028468132019043 -2
  endloop
endfacet
facet normal 0 0 0
  outer loop
    vertex -9.569403648376465 -2.9028468132019043 -2
    vertex -9.569403648376465 -2.9028468132019043 0
    vertex -9.807852745056152 -1.9509031772613525 0
  endloop
endfacet
facet normal 0 0 0
  outer loop
    vertex -9.238795280456543 -3.8268344402313232 -2
    vertex -9.238795280456543 -3.8268344402313232 0
    vertex -9.569403648376465 -2.9028468132019043 0
  endloop
endfacet
facet normal 0 0 0
  outer loop
    vertex -8.314696311950684 -5.555702209472656 -2
    vertex -8.819212913513184 -4.713967323303223 0
    vertex -8.819212913513184 -4.713967323303223 -2
  endloop
endfacet
facet normal 0 0 0
  outer loop
    vertex -9.569403648376465 -2.9028468132019043 -2
    vertex -9.807852745056152 -1.9509031772613525 0
    vertex -9.807852745056152 -1.9509031772613525 -2
  endloop
endfacet
facet normal 0 0 0
  outer loop
    vertex -9.807852745056152 -1.9509031772613525 -2
    vertex -9.951847076416016 -0.9801713824272156 0
    vertex -9.951847076416016 -0.9801713824272156 -2
  endloop
endfacet
facet normal 0 0 0
  outer loop
    vertex -9.807852745056152 -1.9509031772613525 -2
    vertex -9.807852745056152 -1.9509031772613525 0
    vertex -9.951847076416016 -0.9801713824272156 0
  endloop
endfacet
facet normal 0 0 0
  outer loop
    vertex -8.819212913513184 -4.713967323303223 0
    vertex -8.819212913513184 4.713967323303223 0
    vertex -9.238795280456543 -3.8268344402313232 0
  endloop
endfacet
facet normal 0 0 0
  outer loop
    vertex -9.951847076416016 -0.9801713824272156 -2
    vertex -9.951847076416016 -0.9801713824272156 0
    vertex -10 0 0
  endloop
endfacet
facet normal 0 0 0
  outer loop
    vertex -9.951847076416016 -0.9801713824272156 -2
    vertex -10 0 0
    vertex -10 0 -2
  endloop
endfacet
facet normal 0 0 0
  outer loop
    vertex -9.569403648376465 -2.9028468132019043 0
    vertex -9.569403648376465 2.9028468132019043 0
    vertex -9.807852745056152 -1.9509031772613525 0
  endloop
endfacet
facet normal 0 0 0
  outer loop
    vertex -9.807852745056152 -1.9509031772613525 0
    vertex -9.807852745056152 1.9509031772613525 0
    vertex -9.951847076416016 -0.9801713824272156 0
  endloop
endfacet
facet normal 0 0 0
  outer loop
    vertex -9.238795280456543 -3.8268344402313232 0
    vertex -9.238795280456543 3.8268344402313232 0
    vertex -9.569403648376465 -2.9028468132019043 0
  endloop
endfacet
facet normal 0 0 0
  outer loop
    vertex -8.314696311950684 -5.555702209472656 0
    vertex -8.314696311950684 5.555702209472656 0
    vertex -8.819212913513184 -4.713967323303223 0
  endloop
endfacet
facet normal 0 0 0
  outer loop
    vertex -7.730104446411133 -6.343932628631592 0
    vertex -7.730104446411133 6.343932628631592 0
    vertex -8.314696311950684 -5.555702209472656 0
  endloop
endfacet
facet normal 0 0 0
  outer loop
    vertex -6.343932628631592 -7.730104446411133 0
    vertex -5.555702209472656 -8.314696311950684 0
    vertex -5.555702209472656 8.314696311950684 0
  endloop
endfacet
facet normal 0 0 0
  outer loop
    vertex -5.555702209472656 -8.314696311950684 0
    vertex -4.784701824188232 -1.4514234066009521 0
    vertex -4.903926372528076 -0.9754515886306763 0
  endloop
endfacet
facet normal 0 0 0
  outer loop
    vertex -5.555702209472656 -8.314696311950684 0
    vertex -4.903926372528076 -0.9754515886306763 0
    vertex -4.975923538208008 -0.4900856912136078 0
  endloop
endfacet
facet normal 0 0 0
  outer loop
    vertex -5.555702209472656 -8.314696311950684 0
    vertex -4.975923538208008 -0.4900856912136078 0
    vertex -5 0 0
  endloop
endfacet
facet normal 0 0 0
  outer loop
    vertex -5.555702209472656 -8.314696311950684 0
    vertex -5 0 0
    vertex -4.975923538208008 0.4900856912136078 0
  endloop
endfacet
facet normal 0 0 0
  outer loop
    vertex -7.730104446411133 -6.343932628631592 0
    vertex -7.071067810058594 -7.071067810058594 0
    vertex -7.071067810058594 7.071067810058594 0
  endloop
endfacet
facet normal 0 0 0
  outer loop
    vertex -6.343932628631592 -7.730104446411133 0
    vertex -6.343932628631592 7.730104446411133 0
    vertex -7.071067810058594 -7.071067810058594 0
  endloop
endfacet
facet normal 0 0 0
  outer loop
    vertex -4.713967323303223 -8.819212913513184 -2
    vertex -3.8268344402313232 -9.238795280456543 -2
    vertex -4.713967323303223 -8.819212913513184 0
  endloop
endfacet
facet normal 0 0 0
  outer loop
    vertex -3.8268344402313232 -9.238795280456543 -2
    vertex -3.8268344402313232 -9.238795280456543 0
    vertex -4.713967323303223 -8.819212913513184 0
  endloop
endfacet
facet normal 0 0 0
  outer loop
    vertex -4.713967323303223 -8.819212913513184 -2
    vertex -4.713967323303223 -8.819212913513184 0
    vertex -5.555702209472656 -8.314696311950684 0
  endloop
endfacet
facet normal 0 0 0
  outer loop
    vertex -2.9028468132019043 -9.569403648376465 -2
    vertex -2.9028468132019043 -9.569403648376465 0
    vertex -3.8268344402313232 -9.238795280456543 0
  endloop
endfacet
facet normal 0 0 0
  outer loop
    vertex -3.8268344402313232 -9.238795280456543 -2
    vertex -2.9028468132019043 -9.569403648376465 -2
    vertex -3.8268344402313232 -9.238795280456543 0
  endloop
endfacet
facet normal 0 0 0
  outer loop
    vertex -2.9028468132019043 -9.569403648376465 -2
    vertex -1.9509031772613525 -9.807852745056152 -2
    vertex -2.9028468132019043 -9.569403648376465 0
  endloop
endfacet
facet normal 0 0 0
  outer loop
    vertex -3.8268344402313232 -9.238795280456543 0
    vertex -2.9028468132019043 -9.569403648376465 0
    vertex -2.777851104736328 -4.157348155975342 0
  endloop
endfacet
facet normal 0 0 0
  outer loop
    vertex -5.555702209472656 -8.314696311950684 0
    vertex -4.713967323303223 -8.819212913513184 0
    vertex -4.6193976402282715 -1.9134172201156616 0
  endloop
endfacet
facet normal 0 0 0
  outer loop
    vertex -4.713967323303223 -8.819212913513184 0
    vertex -3.8268344402313232 -9.238795280456543 0
    vertex -3.535533905029297 -3.535533905029297 0
  endloop
endfacet
facet normal 0 0 0
  outer loop
    vertex -4.713967323303223 -8.819212913513184 0
    vertex -3.535533905029297 -3.535533905029297 0
    vertex -3.8650522232055664 -3.171966314315796 0
  endloop
endfacet
facet normal 0 0 0
  outer loop
    vertex -3.8268344402313232 -9.238795280456543 0
    vertex -2.777851104736328 -4.157348155975342 0
    vertex -3.171966314315796 -3.8650522232055664 0
  endloop
endfacet
facet normal 0 0 0
  outer loop
    vertex -3.8268344402313232 -9.238795280456543 0
    vertex -3.171966314315796 -3.8650522232055664 0
    vertex -3.535533905029297 -3.535533905029297 0
  endloop
endfacet
facet normal 0 0 0
  outer loop
    vertex -2.9028468132019043 -9.569403648376465 0
    vertex -2.3569836616516113 -4.409606456756592 0
    vertex -2.777851104736328 -4.157348155975342 0
  endloop
endfacet
facet normal 0 0 0
  outer loop
    vertex -1.9509031772613525 -9.807852745056152 -2
    vertex -1.9509031772613525 -9.807852745056152 0
    vertex -2.9028468132019043 -9.569403648376465 0
  endloop
endfacet
facet normal 0 0 0
  outer loop
    vertex -1.9509031772613525 -9.807852745056152 -2
    vertex -0.9801713824272156 -9.951847076416016 -2
    vertex -1.9509031772613525 -9.807852745056152 0
  endloop
endfacet
facet normal 0 0 0
  outer loop
    vertex -0.9801713824272156 -9.951847076416016 -2
    vertex -0.9801713824272156 -9.951847076416016 0
    vertex -1.9509031772613525 -9.807852745056152 0
  endloop
endfacet
facet normal 0 0 0
  outer loop
    vertex -2.9028468132019043 -9.569403648376465 0
    vertex -1.9509031772613525 -9.807852745056152 0
    vertex -1.9134172201156616 -4.6193976402282715 0
  endloop
endfacet
facet normal 0 0 0
  outer loop
    vertex -1.9509031772613525 -9.807852745056152 0
    vertex -0.9801713824272156 -9.951847076416016 0
    vertex -0.9754515886306763 -4.903926372528076 0
  endloop
endfacet
facet normal 0 0 0
  outer loop
    vertex -0.9801713824272156 -9.951847076416016 -2
    vertex 0 -10 -2
    vertex -0.9801713824272156 -9.951847076416016 0
  endloop
endfacet
facet normal 0 0 0
  outer loop
    vertex -0.9801713824272156 -9.951847076416016 0
    vertex 0 -10 -2
    vertex 0 -10 0
  endloop
endfacet
facet normal 0 0 0
  outer loop
    vertex -0.9801713824272156 -9.951847076416016 0
    vertex 0 -10 0
    vertex -0.4900856912136078 -4.975923538208008 0
  endloop
endfacet
facet normal 0 0 0
  outer loop
    vertex -1.9509031772613525 -9.807852745056152 0
    vertex -1.4514234066009521 -4.784701824188232 0
    vertex -1.9134172201156616 -4.6193976402282715 0
  endloop
endfacet
facet normal 0 0 0
  outer loop
    vertex -1.9509031772613525 -9.807852745056152 0
    vertex -0.9754515886306763 -4.903926372528076 0
    vertex -1.4514234066009521 -4.784701824188232 0
  endloop
endfacet
facet normal 0 0 0
  outer loop
    vertex -2.9028468132019043 -9.569403648376465 0
    vertex -1.9134172201156616 -4.6193976402282715 0
    vertex -2.3569836616516113 -4.409606456756592 0
  endloop
endfacet
facet normal 0 0 0
  outer loop
    vertex -0.9801713824272156 -9.951847076416016 0
    vertex -0.4900856912136078 -4.975923538208008 0
    vertex -0.9754515886306763 -4.903926372528076 0
  endloop
endfacet
facet normal 0 0 0
  outer loop
    vertex -0.4900856912136078 -4.975923538208008 0
    vertex 0 -10 0
    vertex 0 -5 0
  endloop
endfacet
facet normal 0 0 0
  outer loop
    vertex -4.713967323303223 -8.819212913513184 0
    vertex -4.157348155975342 -2.777851104736328 0
    vertex -4.409606456756592 -2.3569836616516113 0
  endloop
endfacet
facet normal 0 0 0
  outer loop
    vertex -5.555702209472656 -8.314696311950684 0
    vertex -4.6193976402282715 -1.9134172201156616 0
    vertex -4.784701824188232 -1.4514234066009521 0
  endloop
endfacet
facet normal 0 0 0
  outer loop
    vertex -4.713967323303223 -8.819212913513184 0
    vertex -4.409606456756592 -2.3569836616516113 0
    vertex -4.6193976402282715 -1.9134172201156616 0
  endloop
endfacet
facet normal 0 0 0
  outer loop
    vertex -4.713967323303223 -8.819212913513184 0
    vertex -3.8650522232055664 -3.171966314315796 0
    vertex -4.157348155975342 -2.777851104736328 0
  endloop
endfacet
facet normal 0 0 0
  outer loop
    vertex -9.951847076416016 -0.9801713824272156 -2
    vertex -10 0 -2
    vertex -9.951847076416016 0.9801713824272156 -2
  endloop
endfacet
facet normal 0 0 0
  outer loop
    vertex -9.951847076416016 -0.9801713824272156 -2
    vertex -9.951847076416016 0.9801713824272156 -2
    vertex -9.807852745056152 1.9509031772613525 -2
  endloop
endfacet
facet normal 0 0 0
  outer loop
    vertex -9.807852745056152 -1.9509031772613525 -2
    vertex -9.807852745056152 1.9509031772613525 -2
    vertex -9.569403648376465 2.9028468132019043 -2
  endloop
endfacet
facet normal 0 0 0
  outer loop
    vertex -9.569403648376465 -2.9028468132019043 -2
    vertex -9.569403648376465 2.9028468132019043 -2
    vertex -9.238795280456543 3.8268344402313232 -2
  endloop
endfacet
facet normal 0 0 0
  outer loop
    vertex -9.238795280456543 -3.8268344402313232 -2
    vertex -9.238795280456543 3.8268344402313232 -2
    vertex -8.819212913513184 4.713967323303223 -2
  endloop
endfacet
facet normal 0 0 0
  outer loop
    vertex -8.819212913513184 -4.713967323303223 -2
    vertex -8.819212913513184 4.713967323303223 -2
    vertex -8.314696311950684 5.555702209472656 -2
  endloop
endfacet
facet normal 0 0 0
  outer loop
    vertex -8.314696311950684 -5.555702209472656 -2
    vertex -8.314696311950684 5.555702209472656 -2
    vertex -7.730104446411133 6.343932628631592 -2
  endloop
endfacet
facet normal 0 0 0
  outer loop
    vertex -7.730104446411133 -6.343932628631592 -2
    vertex -7.730104446411133 6.343932628631592 -2
    vertex -7.071067810058594 7.071067810058594 -2
  endloop
endfacet
facet normal 0 0 0
  outer loop
    vertex -7.071067810058594 -7.071067810058594 -2
    vertex -7.071067810058594 7.071067810058594 -2
    vertex -6.343932628631592 7.730104446411133 -2
  endloop
endfacet
facet normal 0 0 0
  outer loop
    vertex -6.343932628631592 -7.730104446411133 -2
    vertex -6.343932628631592 7.730104446411133 -2
    vertex -5.555702209472656 8.314696311950684 -2
  endloop
endfacet
facet normal 0 0 0
  outer loop
    vertex -5.5 -0.75 -2
    vertex -5.555702209472656 8.314696311950684 -2
    vertex -5.5 0.75 -2
  endloop
endfacet
facet normal 0 0 0
  outer loop
    vertex -5.5 0.75 -2
    vertex -5.555702209472656 8.314696311950684 -2
    vertex -4 0.75 -2
  endloop
endfacet
facet normal 0 0 0
  outer loop
    vertex -4 0.75 -2
    vertex -3.980738878250122 0.3920685648918152 -2
    vertex -4 0 -2
  endloop
endfacet
facet normal 0 0 0
  outer loop
    vertex -4 0.75 -2
    vertex -3.9231410026550293 0.7803612947463989 -2
    vertex -3.980738878250122 0.3920685648918152 -2
  endloop
endfacet
facet normal 0 0 0
  outer loop
    vertex -4 0.75 -2
    vertex -3.8268344402313232 9.238795280456543 -2
    vertex -3.9231410026550293 0.7803612947463989 -2
  endloop
endfacet
facet normal 0 0 0
  outer loop
    vertex -3.8268344402313232 9.238795280456543 -2
    vertex -3.82776141166687 1.161138653755188 -2
    vertex -3.9231410026550293 0.7803612947463989 -2
  endloop
endfacet
facet normal 0 0 0
  outer loop
    vertex -3.8268344402313232 9.238795280456543 -2
    vertex -3.6955180168151855 1.5307337045669556 -2
    vertex -3.82776141166687 1.161138653755188 -2
  endloop
endfacet
facet normal 0 0 0
  outer loop
    vertex -3.8268344402313232 9.238795280456543 -2
    vertex -3.5276851654052734 1.8855869770050049 -2
    vertex -3.6955180168151855 1.5307337045669556 -2
  endloop
endfacet
facet normal 0 0 0
  outer loop
    vertex -3.8268344402313232 9.238795280456543 -2
    vertex -3.325878381729126 2.222280979156494 -2
    vertex -3.5276851654052734 1.8855869770050049 -2
  endloop
endfacet
facet normal 0 0 0
  outer loop
    vertex -2.9028468132019043 9.569403648376465 -2
    vertex -3.0920417308807373 2.5375730991363525 -2
    vertex -3.325878381729126 2.222280979156494 -2
  endloop
endfacet
facet normal 0 0 0
  outer loop
    vertex -2.9028468132019043 9.569403648376465 -2
    vertex -2.8284270763397217 2.8284270763397217 -2
    vertex -3.0920417308807373 2.5375730991363525 -2
  endloop
endfacet
facet normal 0 0 0
  outer loop
    vertex -0.75 4 -2
    vertex -0.3920685648918152 3.980738878250122 -2
    vertex -0.7803612947463989 3.9231410026550293 -2
  endloop
endfacet
facet normal 0 0 0
  outer loop
    vertex -0.75 5.5 -2
    vertex -0.7803612947463989 3.9231410026550293 -2
    vertex -1.161138653755188 3.82776141166687 -2
  endloop
endfacet
facet normal 0 0 0
  outer loop
    vertex -0.75 4 -2
    vertex -0.7803612947463989 3.9231410026550293 -2
    vertex -0.75 5.5 -2
  endloop
endfacet
facet normal 0 0 0
  outer loop
    vertex -0.75 4 -2
    vertex 0 4 -2
    vertex -0.3920685648918152 3.980738878250122 -2
  endloop
endfacet
facet normal 0 0 0
  outer loop
    vertex -5.555702209472656 8.314696311950684 -2
    vertex -4.713967323303223 8.819212913513184 -2
    vertex -4 0.75 -2
  endloop
endfacet
facet normal 0 0 0
  outer loop
    vertex -4 0.75 -2
    vertex -4.713967323303223 8.819212913513184 -2
    vertex -3.8268344402313232 9.238795280456543 -2
  endloop
endfacet
facet normal 0 0 0
  outer loop
    vertex -2.9028468132019043 9.569403648376465 -2
    vertex -2.5375730991363525 3.0920417308807373 -2
    vertex -2.8284270763397217 2.8284270763397217 -2
  endloop
endfacet
facet normal 0 0 0
  outer loop
    vertex -3.8268344402313232 9.238795280456543 -2
    vertex -2.9028468132019043 9.569403648376465 -2
    vertex -3.325878381729126 2.222280979156494 -2
  endloop
endfacet
facet normal 0 0 0
  outer loop
    vertex -1.9509031772613525 9.807852745056152 -2
    vertex -2.222280979156494 3.325878381729126 -2
    vertex -2.5375730991363525 3.0920417308807373 -2
  endloop
endfacet
facet normal 0 0 0
  outer loop
    vertex -1.9509031772613525 9.807852745056152 -2
    vertex -1.8855869770050049 3.5276851654052734 -2
    vertex -2.222280979156494 3.325878381729126 -2
  endloop
endfacet
facet normal 0 0 0
  outer loop
    vertex -1.9509031772613525 9.807852745056152 -2
    vertex -1.5307337045669556 3.6955180168151855 -2
    vertex -1.8855869770050049 3.5276851654052734 -2
  endloop
endfacet
facet normal 0 0 0
  outer loop
    vertex -2.9028468132019043 9.569403648376465 -2
    vertex -1.9509031772613525 9.807852745056152 -2
    vertex -2.5375730991363525 3.0920417308807373 -2
  endloop
endfacet
facet normal 0 0 0
  outer loop
    vertex -0.9801713824272156 9.951847076416016 -2
    vertex -1.161138653755188 3.82776141166687 -2
    vertex -1.5307337045669556 3.6955180168151855 -2
  endloop
endfacet
facet normal 0 0 0
  outer loop
    vertex -0.75 5.5 -2
    vertex -1.161138653755188 3.82776141166687 -2
    vertex -0.9801713824272156 9.951847076416016 -2
  endloop
endfacet
facet normal 0 0 0
  outer loop
    vertex -0.75 5.5 -2
    vertex -0.9801713824272156 9.951847076416016 -2
    vertex 0.75 5.5 -2
  endloop
endfacet
facet normal 0 0 0
  outer loop
    vertex -1.9509031772613525 9.807852745056152 -2
    vertex -0.9801713824272156 9.951847076416016 -2
    vertex -1.5307337045669556 3.6955180168151855 -2
  endloop
endfacet
facet normal 0 0 0
  outer loop
    vertex -0.9801713824272156 9.951847076416016 -2
    vertex 0 10 -2
    vertex 0.75 5.5 -2
  endloop
endfacet
facet normal 0 0 0
  outer loop
    vertex -10 0 -2
    vertex -10 0 0
    vertex -9.951847076416016 0.9801713824272156 0
  endloop
endfacet
facet normal 0 0 0
  outer loop
    vertex -10 0 -2
    vertex -9.951847076416016 0.9801713824272156 0
    vertex -9.951847076416016 0.9801713824272156 -2
  endloop
endfacet
facet normal 0 0 0
  outer loop
    vertex -9.951847076416016 -0.9801713824272156 0
    vertex -9.951847076416016 0.9801713824272156 0
    vertex -10 0 0
  endloop
endfacet
facet normal 0 0 0
  outer loop
    vertex -9.951847076416016 -0.9801713824272156 0
    vertex -9.807852745056152 1.9509031772613525 0
    vertex -9.951847076416016 0.9801713824272156 0
  endloop
endfacet
facet normal 0 0 0
  outer loop
    vertex -9.807852745056152 -1.9509031772613525 0
    vertex -9.569403648376465 2.9028468132019043 0
    vertex -9.807852745056152 1.9509031772613525 0
  endloop
endfacet
facet normal 0 0 0
  outer loop
    vertex -9.951847076416016 0.9801713824272156 -2
    vertex -9.807852745056152 1.9509031772613525 0
    vertex -9.807852745056152 1.9509031772613525 -2
  endloop
endfacet
facet normal 0 0 0
  outer loop
    vertex -9.951847076416016 0.9801713824272156 -2
    vertex -9.951847076416016 0.9801713824272156 0
    vertex -9.807852745056152 1.9509031772613525 0
  endloop
endfacet
facet normal 0 0 0
  outer loop
    vertex -9.807852745056152 1.9509031772613525 -2
    vertex -9.807852745056152 1.9509031772613525 0
    vertex -9.569403648376465 2.9028468132019043 0
  endloop
endfacet
facet normal 0 0 0
  outer loop
    vertex -9.569403648376465 -2.9028468132019043 0
    vertex -9.238795280456543 3.8268344402313232 0
    vertex -9.569403648376465 2.9028468132019043 0
  endloop
endfacet
facet normal 0 0 0
  outer loop
    vertex -9.238795280456543 -3.8268344402313232 0
    vertex -8.819212913513184 4.713967323303223 0
    vertex -9.238795280456543 3.8268344402313232 0
  endloop
endfacet
facet normal 0 0 0
  outer loop
    vertex -8.819212913513184 -4.713967323303223 0
    vertex -8.314696311950684 5.555702209472656 0
    vertex -8.819212913513184 4.713967323303223 0
  endloop
endfacet
facet normal 0 0 0
  outer loop
    vertex -8.314696311950684 -5.555702209472656 0
    vertex -7.730104446411133 6.343932628631592 0
    vertex -8.314696311950684 5.555702209472656 0
  endloop
endfacet
facet normal 0 0 0
  outer loop
    vertex -7.730104446411133 -6.343932628631592 0
    vertex -7.071067810058594 7.071067810058594 0
    vertex -7.730104446411133 6.343932628631592 0
  endloop
endfacet
facet normal 0 0 0
  outer loop
    vertex -9.807852745056152 1.9509031772613525 -2
    vertex -9.569403648376465 2.9028468132019043 0
    vertex -9.569403648376465 2.9028468132019043 -2
  endloop
endfacet
facet normal 0 0 0
  outer loop
    vertex -9.569403648376465 2.9028468132019043 -2
    vertex -9.569403648376465 2.9028468132019043 0
    vertex -9.238795280456543 3.8268344402313232 0
  endloop
endfacet
facet normal 0 0 0
  outer loop
    vertex -9.569403648376465 2.9028468132019043 -2
    vertex -9.238795280456543 3.8268344402313232 0
    vertex -9.238795280456543 3.8268344402313232 -2
  endloop
endfacet
facet normal 0 0 0
  outer loop
    vertex -9.238795280456543 3.8268344402313232 -2
    vertex -9.238795280456543 3.8268344402313232 0
    vertex -8.819212913513184 4.713967323303223 0
  endloop
endfacet
facet normal 0 0 0
  outer loop
    vertex -9.238795280456543 3.8268344402313232 -2
    vertex -8.819212913513184 4.713967323303223 0
    vertex -8.819212913513184 4.713967323303223 -2
  endloop
endfacet
facet normal 0 0 0
  outer loop
    vertex -8.819212913513184 4.713967323303223 -2
    vertex -8.819212913513184 4.713967323303223 0
    vertex -8.314696311950684 5.555702209472656 0
  endloop
endfacet
facet normal 0 0 0
  outer loop
    vertex -5.555702209472656 -8.314696311950684 0
    vertex -4.975923538208008 0.4900856912136078 0
    vertex -4.713967323303223 8.819212913513184 0
  endloop
endfacet
facet normal 0 0 0
  outer loop
    vertex -7.071067810058594 -7.071067810058594 0
    vertex -6.343932628631592 7.730104446411133 0
    vertex -7.071067810058594 7.071067810058594 0
  endloop
endfacet
facet normal 0 0 0
  outer loop
    vertex -6.343932628631592 -7.730104446411133 0
    vertex -5.555702209472656 8.314696311950684 0
    vertex -6.343932628631592 7.730104446411133 0
  endloop
endfacet
facet normal 0 0 0
  outer loop
    vertex -5.555702209472656 -8.314696311950684 0
    vertex -4.713967323303223 8.819212913513184 0
    vertex -5.555702209472656 8.314696311950684 0
  endloop
endfacet
facet normal 0 0 0
  outer loop
    vertex -8.819212913513184 4.713967323303223 -2
    vertex -8.314696311950684 5.555702209472656 0
    vertex -8.314696311950684 5.555702209472656 -2
  endloop
endfacet
facet normal 0 0 0
  outer loop
    vertex -8.314696311950684 5.555702209472656 -2
    vertex -7.730104446411133 6.343932628631592 0
    vertex -7.730104446411133 6.343932628631592 -2
  endloop
endfacet
facet normal 0 0 0
  outer loop
    vertex -8.314696311950684 5.555702209472656 -2
    vertex -8.314696311950684 5.555702209472656 0
    vertex -7.730104446411133 6.343932628631592 0
  endloop
endfacet
facet normal 0 0 0
  outer loop
    vertex -7.730104446411133 6.343932628631592 -2
    vertex -7.730104446411133 6.343932628631592 0
    vertex -7.071067810058594 7.071067810058594 0
  endloop
endfacet
facet normal 0 0 0
  outer loop
    vertex -7.730104446411133 6.343932628631592 -2
    vertex -7.071067810058594 7.071067810058594 0
    vertex -7.071067810058594 7.071067810058594 -2
  endloop
endfacet
facet normal 0 0 0
  outer loop
    vertex -7.071067810058594 7.071067810058594 -2
    vertex -7.071067810058594 7.071067810058594 0
    vertex -6.343932628631592 7.730104446411133 0
  endloop
endfacet
facet normal 0 0 0
  outer loop
    vertex -7.071067810058594 7.071067810058594 -2
    vertex -6.343932628631592 7.730104446411133 0
    vertex -6.343932628631592 7.730104446411133 -2
  endloop
endfacet
facet normal 0 0 0
  outer loop
    vertex -6.343932628631592 7.730104446411133 -2
    vertex -5.555702209472656 8.314696311950684 0
    vertex -5.555702209472656 8.314696311950684 -2
  endloop
endfacet
facet normal 0 0 0
  outer loop
    vertex -6.343932628631592 7.730104446411133 -2
    vertex -6.343932628631592 7.730104446411133 0
    vertex -5.555702209472656 8.314696311950684 0
  endloop
endfacet
facet normal 0 0 0
  outer loop
    vertex -5.555702209472656 8.314696311950684 -2
    vertex -5.555702209472656 8.314696311950684 0
    vertex -4.713967323303223 8.819212913513184 0
  endloop
endfacet
facet normal 0 0 0
  outer loop
    vertex -4.975923538208008 0.4900856912136078 0
    vertex -4.903926372528076 0.9754515886306763 0
    vertex -4.713967323303223 8.819212913513184 0
  endloop
endfacet
facet normal 0 0 0
  outer loop
    vertex -4.903926372528076 0.9754515886306763 0
    vertex -4.784701824188232 1.4514234066009521 0
    vertex -4.713967323303223 8.819212913513184 0
  endloop
endfacet
facet normal 0 0 0
  outer loop
    vertex -4.784701824188232 1.4514234066009521 0
    vertex -4.6193976402282715 1.9134172201156616 0
    vertex -4.713967323303223 8.819212913513184 0
  endloop
endfacet
facet normal 0 0 0
  outer loop
    vertex -4.6193976402282715 1.9134172201156616 0
    vertex -4.409606456756592 2.3569836616516113 0
    vertex -4.713967323303223 8.819212913513184 0
  endloop
endfacet
facet normal 0 0 0
  outer loop
    vertex -4.409606456756592 2.3569836616516113 0
    vertex -4.157348155975342 2.777851104736328 0
    vertex -4.713967323303223 8.819212913513184 0
  endloop
endfacet
facet normal 0 0 0
  outer loop
    vertex -4.157348155975342 2.777851104736328 0
    vertex -3.8650522232055664 3.171966314315796 0
    vertex -3.8268344402313232 9.238795280456543 0
  endloop
endfacet
facet normal 0 0 0
  outer loop
    vertex -4.157348155975342 2.777851104736328 0
    vertex -3.8268344402313232 9.238795280456543 0
    vertex -4.713967323303223 8.819212913513184 0
  endloop
endfacet
facet normal 0 0 0
  outer loop
    vertex -3.8650522232055664 3.171966314315796 0
    vertex -3.535533905029297 3.535533905029297 0
    vertex -3.8268344402313232 9.238795280456543 0
  endloop
endfacet
facet normal 0 0 0
  outer loop
    vertex -3.535533905029297 3.535533905029297 0
    vertex -3.171966314315796 3.8650522232055664 0
    vertex -2.9028468132019043 9.569403648376465 0
  endloop
endfacet
facet normal 0 0 0
  outer loop
    vertex -3.171966314315796 3.8650522232055664 0
    vertex -2.777851104736328 4.157348155975342 0
    vertex -2.9028468132019043 9.569403648376465 0
  endloop
endfacet
facet normal 0 0 0
  outer loop
    vertex -2.777851104736328 4.157348155975342 0
    vertex -2.3569836616516113 4.409606456756592 0
    vertex -2.9028468132019043 9.569403648376465 0
  endloop
endfacet
facet normal 0 0 0
  outer loop
    vertex -3.535533905029297 3.535533905029297 0
    vertex -2.9028468132019043 9.569403648376465 0
    vertex -3.8268344402313232 9.238795280456543 0
  endloop
endfacet
facet normal 0 0 0
  outer loop
    vertex -5.555702209472656 8.314696311950684 -2
    vertex -4.713967323303223 8.819212913513184 0
    vertex -4.713967323303223 8.819212913513184 -2
  endloop
endfacet
facet normal 0 0 0
  outer loop
    vertex -4.713967323303223 8.819212913513184 -2
    vertex -4.713967323303223 8.819212913513184 0
    vertex -3.8268344402313232 9.238795280456543 0
  endloop
endfacet
facet normal 0 0 0
  outer loop
    vertex -4.713967323303223 8.819212913513184 -2
    vertex -3.8268344402313232 9.238795280456543 0
    vertex -3.8268344402313232 9.238795280456543 -2
  endloop
endfacet
facet normal 0 0 0
  outer loop
    vertex -3.8268344402313232 9.238795280456543 -2
    vertex -3.8268344402313232 9.238795280456543 0
    vertex -2.9028468132019043 9.569403648376465 0
  endloop
endfacet
facet normal 0 0 0
  outer loop
    vertex -3.8268344402313232 9.238795280456543 -2
    vertex -2.9028468132019043 9.569403648376465 0
    vertex -2.9028468132019043 9.569403648376465 -2
  endloop
endfacet
facet normal 0 0 0
  outer loop
    vertex -2.9028468132019043 9.569403648376465 -2
    vertex -2.9028468132019043 9.569403648376465 0
    vertex -1.9509031772613525 9.807852745056152 0
  endloop
endfacet
facet normal 0 0 0
  outer loop
    vertex -2.3569836616516113 4.409606456756592 0
    vertex -1.9134172201156616 4.6193976402282715 0
    vertex -1.9509031772613525 9.807852745056152 0
  endloop
endfacet
facet normal 0 0 0
  outer loop
    vertex -1.9134172201156616 4.6193976402282715 0
    vertex -1.4514234066009521 4.784701824188232 0
    vertex -1.9509031772613525 9.807852745056152 0
  endloop
endfacet
facet normal 0 0 0
  outer loop
    vertex -1.4514234066009521 4.784701824188232 0
    vertex -0.9754515886306763 4.903926372528076 0
    vertex -0.9801713824272156 9.951847076416016 0
  endloop
endfacet
facet normal 0 0 0
  outer loop
    vertex -0.9754515886306763 4.903926372528076 0
    vertex -0.4900856912136078 4.975923538208008 0
    vertex -0.9801713824272156 9.951847076416016 0
  endloop
endfacet
facet normal 0 0 0
  outer loop
    vertex -0.4900856912136078 4.975923538208008 0
    vertex 0 5 0
    vertex 0 10 0
  endloop
endfacet
facet normal 0 0 0
  outer loop
    vertex -2.3569836616516113 4.409606456756592 0
    vertex -1.9509031772613525 9.807852745056152 0
    vertex -2.9028468132019043 9.569403648376465 0
  endloop
endfacet
facet normal 0 0 0
  outer loop
    vertex -1.4514234066009521 4.784701824188232 0
    vertex -0.9801713824272156 9.951847076416016 0
    vertex -1.9509031772613525 9.807852745056152 0
  endloop
endfacet
facet normal 0 0 0
  outer loop
    vertex -2.9028468132019043 9.569403648376465 -2
    vertex -1.9509031772613525 9.807852745056152 0
    vertex -1.9509031772613525 9.807852745056152 -2
  endloop
endfacet
facet normal 0 0 0
  outer loop
    vertex -1.9509031772613525 9.807852745056152 -2
    vertex -0.9801713824272156 9.951847076416016 0
    vertex -0.9801713824272156 9.951847076416016 -2
  endloop
endfacet
facet normal 0 0 0
  outer loop
    vertex -1.9509031772613525 9.807852745056152 -2
    vertex -1.9509031772613525 9.807852745056152 0
    vertex -0.9801713824272156 9.951847076416016 0
  endloop
endfacet
facet normal 0 0 0
  outer loop
    vertex -0.4900856912136078 4.975923538208008 0
    vertex 0 10 0
    vertex -0.9801713824272156 9.951847076416016 0
  endloop
endfacet
facet normal 0 0 0
  outer loop
    vertex -0.9801713824272156 9.951847076416016 -2
    vertex -0.9801713824272156 9.951847076416016 0
    vertex 0 10 0
  endloop
endfacet
facet normal 0 0 0
  outer loop
    vertex -0.9801713824272156 9.951847076416016 -2
    vertex 0 10 0
    vertex 0 10 -2
  endloop
endfacet
facet normal 0 0 0
  outer loop
    vertex -0.75 -5.5 -2
    vertex 0.9801713824272156 -9.951847076416016 -2
    vertex 0 -10 -2
  endloop
endfacet
facet normal 0 0 0
  outer loop
    vertex 0.9801713824272156 -9.951847076416016 -2
    vertex 1.5307337045669556 -3.6955180168151855 -2
    vertex 1.9509031772613525 -9.807852745056152 -2
  endloop
endfacet
facet normal 0 0 0
  outer loop
    vertex -0.75 -5.5 -2
    vertex 0.75 -5.5 -2
    vertex 0.9801713824272156 -9.951847076416016 -2
  endloop
endfacet
facet normal 0 0 0
  outer loop
    vertex 0.9801713824272156 -9.951847076416016 -2
    vertex 0.75 -5.5 -2
    vertex 1.161138653755188 -3.82776141166687 -2
  endloop
endfacet
facet normal 0 0 0
  outer loop
    vertex 0.9801713824272156 -9.951847076416016 -2
    vertex 1.161138653755188 -3.82776141166687 -2
    vertex 1.5307337045669556 -3.6955180168151855 -2
  endloop
endfacet
facet normal 0 0 0
  outer loop
    vertex 1.9509031772613525 -9.807852745056152 -2
    vertex 2.5375730991363525 -3.0920417308807373 -2
    vertex 2.9028468132019043 -9.569403648376465 -2
  endloop
endfacet
facet normal 0 0 0
  outer loop
    vertex 1.9509031772613525 -9.807852745056152 -2
    vertex 1.5307337045669556 -3.6955180168151855 -2
    vertex 1.8855869770050049 -3.5276851654052734 -2
  endloop
endfacet
facet normal 0 0 0
  outer loop
    vertex 1.9509031772613525 -9.807852745056152 -2
    vertex 1.8855869770050049 -3.5276851654052734 -2
    vertex 2.222280979156494 -3.325878381729126 -2
  endloop
endfacet
facet normal 0 0 0
  outer loop
    vertex 1.9509031772613525 -9.807852745056152 -2
    vertex 2.222280979156494 -3.325878381729126 -2
    vertex 2.5375730991363525 -3.0920417308807373 -2
  endloop
endfacet
facet normal 0 0 0
  outer loop
    vertex 2.9028468132019043 -9.569403648376465 -2
    vertex 3.325878381729126 -2.222280979156494 -2
    vertex 3.8268344402313232 -9.238795280456543 -2
  endloop
endfacet
facet normal 0 0 0
  outer loop
    vertex 2.9028468132019043 -9.569403648376465 -2
    vertex 2.5375730991363525 -3.0920417308807373 -2
    vertex 2.8284270763397217 -2.8284270763397217 -2
  endloop
endfacet
facet normal 0 0 0
  outer loop
    vertex 3.8268344402313232 -9.238795280456543 -2
    vertex 4 -0.75 -2
    vertex 4.713967323303223 -8.819212913513184 -2
  endloop
endfacet
facet normal 0 0 0
  outer loop
    vertex 4.713967323303223 -8.819212913513184 -2
    vertex 4 -0.75 -2
    vertex 5.555702209472656 -8.314696311950684 -2
  endloop
endfacet
facet normal 0 0 0
  outer loop
    vertex 0.75 -4 -2
    vertex 0 -4 -2
    vertex 0.3920685648918152 -3.980738878250122 -2
  endloop
endfacet
facet normal 0 0 0
  outer loop
    vertex 0.75 -5.5 -2
    vertex 0.75 -4 -2
    vertex 0.7803612947463989 -3.9231410026550293 -2
  endloop
endfacet
facet normal 0 0 0
  outer loop
    vertex 0.75 -5.5 -2
    vertex 0.7803612947463989 -3.9231410026550293 -2
    vertex 1.161138653755188 -3.82776141166687 -2
  endloop
endfacet
facet normal 0 0 0
  outer loop
    vertex 0.75 -4 -2
    vertex 0.3920685648918152 -3.980738878250122 -2
    vertex 0.7803612947463989 -3.9231410026550293 -2
  endloop
endfacet
facet normal 0 0 0
  outer loop
    vertex 2.9028468132019043 -9.569403648376465 -2
    vertex 2.8284270763397217 -2.8284270763397217 -2
    vertex 3.0920417308807373 -2.5375730991363525 -2
  endloop
endfacet
facet normal 0 0 0
  outer loop
    vertex 2.9028468132019043 -9.569403648376465 -2
    vertex 3.0920417308807373 -2.5375730991363525 -2
    vertex 3.325878381729126 -2.222280979156494 -2
  endloop
endfacet
facet normal 0 0 0
  outer loop
    vertex 3.8268344402313232 -9.238795280456543 -2
    vertex 3.325878381729126 -2.222280979156494 -2
    vertex 3.5276851654052734 -1.8855869770050049 -2
  endloop
endfacet
facet normal 0 0 0
  outer loop
    vertex 3.8268344402313232 -9.238795280456543 -2
    vertex 3.5276851654052734 -1.8855869770050049 -2
    vertex 3.6955180168151855 -1.5307337045669556 -2
  endloop
endfacet
facet normal 0 0 0
  outer loop
    vertex 3.8268344402313232 -9.238795280456543 -2
    vertex 3.6955180168151855 -1.5307337045669556 -2
    vertex 3.82776141166687 -1.161138653755188 -2
  endloop
endfacet
facet normal 0 0 0
  outer loop
    vertex 3.8268344402313232 -9.238795280456543 -2
    vertex 3.82776141166687 -1.161138653755188 -2
    vertex 3.9231410026550293 -0.7803612947463989 -2
  endloop
endfacet
facet normal 0 0 0
  outer loop
    vertex 3.8268344402313232 -9.238795280456543 -2
    vertex 3.9231410026550293 -0.7803612947463989 -2
    vertex 4 -0.75 -2
  endloop
endfacet
facet normal 0 0 0
  outer loop
    vertex 4 -0.75 -2
    vertex 3.9231410026550293 -0.7803612947463989 -2
    vertex 3.980738878250122 -0.3920685648918152 -2
  endloop
endfacet
facet normal 0 0 0
  outer loop
    vertex 4 -0.75 -2
    vertex 3.980738878250122 -0.3920685648918152 -2
    vertex 4 0 -2
  endloop
endfacet
facet normal 0 0 0
  outer loop
    vertex 4 -0.75 -2
    vertex 5.5 -0.75 -2
    vertex 5.555702209472656 -8.314696311950684 -2
  endloop
endfacet
facet normal 0 0 0
  outer loop
    vertex 5.555702209472656 -8.314696311950684 -2
    vertex 5.5 -0.75 -2
    vertex 5.5 0.75 -2
  endloop
endfacet
facet normal 0 0 0
  outer loop
    vertex 5.555702209472656 -8.314696311950684 -2
    vertex 6.343932628631592 7.730104446411133 -2
    vertex 6.343932628631592 -7.730104446411133 -2
  endloop
endfacet
facet normal 0 0 0
  outer loop
    vertex 6.343932628631592 -7.730104446411133 -2
    vertex 7.071067810058594 7.071067810058594 -2
    vertex 7.071067810058594 -7.071067810058594 -2
  endloop
endfacet
facet normal 0 0 0
  outer loop
    vertex 7.071067810058594 -7.071067810058594 -2
    vertex 7.730104446411133 6.343932628631592 -2
    vertex 7.730104446411133 -6.343932628631592 -2
  endloop
endfacet
facet normal 0 0 0
  outer loop
    vertex 7.730104446411133 -6.343932628631592 -2
    vertex 8.314696311950684 5.555702209472656 -2
    vertex 8.314696311950684 -5.555702209472656 -2
  endloop
endfacet
facet normal 0 0 0
  outer loop
    vertex 8.314696311950684 -5.555702209472656 -2
    vertex 8.819212913513184 4.713967323303223 -2
    vertex 8.819212913513184 -4.713967323303223 -2
  endloop
endfacet
facet normal 0 0 0
  outer loop
    vertex 8.819212913513184 -4.713967323303223 -2
    vertex 9.238795280456543 3.8268344402313232 -2
    vertex 9.238795280456543 -3.8268344402313232 -2
  endloop
endfacet
facet normal 0 0 0
  outer loop
    vertex 9.238795280456543 -3.8268344402313232 -2
    vertex 9.569403648376465 2.9028468132019043 -2
    vertex 9.569403648376465 -2.9028468132019043 -2
  endloop
endfacet
facet normal 0 0 0
  outer loop
    vertex 9.569403648376465 -2.9028468132019043 -2
    vertex 9.807852745056152 1.9509031772613525 -2
    vertex 9.807852745056152 -1.9509031772613525 -2
  endloop
endfacet
facet normal 0 0 0
  outer loop
    vertex 9.807852745056152 -1.9509031772613525 -2
    vertex 9.951847076416016 0.9801713824272156 -2
    vertex 9.951847076416016 -0.9801713824272156 -2
  endloop
endfacet
facet normal 0 0 0
  outer loop
    vertex 0 -10 -2
    vertex 0.9801713824272156 -9.951847076416016 -2
    vertex 0 -10 0
  endloop
endfacet
facet normal 0 0 0
  outer loop
    vertex 0.9801713824272156 -9.951847076416016 -2
    vertex 0.9801713824272156 -9.951847076416016 0
    vertex 0 -10 0
  endloop
endfacet
facet normal 0 0 0
  outer loop
    vertex 0 -10 0
    vertex 0.9801713824272156 -9.951847076416016 0
    vertex 0.4900856912136078 -4.975923538208008 0
  endloop
endfacet
facet normal 0 0 0
  outer loop
    vertex 0.9801713824272156 -9.951847076416016 -2
    vertex 1.9509031772613525 -9.807852745056152 -2
    vertex 0.9801713824272156 -9.951847076416016 0
  endloop
endfacet
facet normal 0 0 0
  outer loop
    vertex 1.9509031772613525 -9.807852745056152 -2
    vertex 1.9509031772613525 -9.807852745056152 0
    vertex 0.9801713824272156 -9.951847076416016 0
  endloop
endfacet
facet normal 0 0 0
  outer loop
    vertex 1.9509031772613525 -9.807852745056152 -2
    vertex 2.9028468132019043 -9.569403648376465 -2
    vertex 1.9509031772613525 -9.807852745056152 0
  endloop
endfacet
facet normal 0 0 0
  outer loop
    vertex 0.9801713824272156 -9.951847076416016 0
    vertex 1.9509031772613525 -9.807852745056152 0
    vertex 1.4514234066009521 -4.784701824188232 0
  endloop
endfacet
facet normal 0 0 0
  outer loop
    vertex 1.9509031772613525 -9.807852745056152 0
    vertex 2.9028468132019043 -9.569403648376465 0
    vertex 2.3569836616516113 -4.409606456756592 0
  endloop
endfacet
facet normal 0 0 0
  outer loop
    vertex 0 -10 0
    vertex 0.4900856912136078 -4.975923538208008 0
    vertex 0 -5 0
  endloop
endfacet
facet normal 0 0 0
  outer loop
    vertex 0.9801713824272156 -9.951847076416016 0
    vertex 0.9754515886306763 -4.903926372528076 0
    vertex 0.4900856912136078 -4.975923538208008 0
  endloop
endfacet
facet normal 0 0 0
  outer loop
    vertex 0.9801713824272156 -9.951847076416016 0
    vertex 1.4514234066009521 -4.784701824188232 0
    vertex 0.9754515886306763 -4.903926372528076 0
  endloop
endfacet
facet normal 0 0 0
  outer loop
    vertex 1.9509031772613525 -9.807852745056152 0
    vertex 1.9134172201156616 -4.6193976402282715 0
    vertex 1.4514234066009521 -4.784701824188232 0
  endloop
endfacet
facet normal 0 0 0
  outer loop
    vertex 1.9509031772613525 -9.807852745056152 0
    vertex 2.3569836616516113 -4.409606456756592 0
    vertex 1.9134172201156616 -4.6193976402282715 0
  endloop
endfacet
facet normal 0 0 0
  outer loop
    vertex 2.9028468132019043 -9.569403648376465 -2
    vertex 2.9028468132019043 -9.569403648376465 0
    vertex 1.9509031772613525 -9.807852745056152 0
  endloop
endfacet
facet normal 0 0 0
  outer loop
    vertex 2.9028468132019043 -9.569403648376465 -2
    vertex 3.8268344402313232 -9.238795280456543 -2
    vertex 2.9028468132019043 -9.569403648376465 0
  endloop
endfacet
facet normal 0 0 0
  outer loop
    vertex 3.8268344402313232 -9.238795280456543 -2
    vertex 3.8268344402313232 -9.238795280456543 0
    vertex 2.9028468132019043 -9.569403648376465 0
  endloop
endfacet
facet normal 0 0 0
  outer loop
    vertex 3.8268344402313232 -9.238795280456543 -2
    vertex 4.713967323303223 -8.819212913513184 -2
    vertex 3.8268344402313232 -9.238795280456543 0
  endloop
endfacet
facet normal 0 0 0
  outer loop
    vertex 4.713967323303223 -8.819212913513184 -2
    vertex 4.713967323303223 -8.819212913513184 0
    vertex 3.8268344402313232 -9.238795280456543 0
  endloop
endfacet
facet normal 0 0 0
  outer loop
    vertex 4.713967323303223 -8.819212913513184 -2
    vertex 5.555702209472656 -8.314696311950684 -2
    vertex 4.713967323303223 -8.819212913513184 0
  endloop
endfacet
facet normal 0 0 0
  outer loop
    vertex 2.9028468132019043 -9.569403648376465 0
    vertex 3.8268344402313232 -9.238795280456543 0
    vertex 3.535533905029297 -3.535533905029297 0
  endloop
endfacet
facet normal 0 0 0
  outer loop
    vertex 2.9028468132019043 -9.569403648376465 0
    vertex 2.777851104736328 -4.157348155975342 0
    vertex 2.3569836616516113 -4.409606456756592 0
  endloop
endfacet
facet normal 0 0 0
  outer loop
    vertex 2.9028468132019043 -9.569403648376465 0
    vertex 3.171966314315796 -3.8650522232055664 0
    vertex 2.777851104736328 -4.157348155975342 0
  endloop
endfacet
facet normal 0 0 0
  outer loop
    vertex 2.9028468132019043 -9.569403648376465 0
    vertex 3.535533905029297 -3.535533905029297 0
    vertex 3.171966314315796 -3.8650522232055664 0
  endloop
endfacet
facet normal 0 0 0
  outer loop
    vertex 3.8268344402313232 -9.238795280456543 0
    vertex 3.8650522232055664 -3.171966314315796 0
    vertex 3.535533905029297 -3.535533905029297 0
  endloop
endfacet
facet normal 0 0 0
  outer loop
    vertex 3.8268344402313232 -9.238795280456543 0
    vertex 4.713967323303223 -8.819212913513184 0
    vertex 4.157348155975342 -2.777851104736328 0
  endloop
endfacet
facet normal 0 0 0
  outer loop
    vertex 3.8268344402313232 -9.238795280456543 0
    vertex 4.157348155975342 -2.777851104736328 0
    vertex 3.8650522232055664 -3.171966314315796 0
  endloop
endfacet
facet normal 0 0 0
  outer loop
    vertex 4.713967323303223 -8.819212913513184 0
    vertex 4.409606456756592 -2.3569836616516113 0
    vertex 4.157348155975342 -2.777851104736328 0
  endloop
endfacet
facet normal 0 0 0
  outer loop
    vertex 4.713967323303223 -8.819212913513184 0
    vertex 4.6193976402282715 -1.9134172201156616 0
    vertex 4.409606456756592 -2.3569836616516113 0
  endloop
endfacet
facet normal 0 0 0
  outer loop
    vertex 4.713967323303223 -8.819212913513184 0
    vertex 4.784701824188232 -1.4514234066009521 0
    vertex 4.6193976402282715 -1.9134172201156616 0
  endloop
endfacet
facet normal 0 0 0
  outer loop
    vertex 4.713967323303223 -8.819212913513184 0
    vertex 4.903926372528076 -0.9754515886306763 0
    vertex 4.784701824188232 -1.4514234066009521 0
  endloop
endfacet
facet normal 0 0 0
  outer loop
    vertex 4.713967323303223 -8.819212913513184 0
    vertex 4.975923538208008 -0.4900856912136078 0
    vertex 4.903926372528076 -0.9754515886306763 0
  endloop
endfacet
facet normal 0 0 0
  outer loop
    vertex 5.555702209472656 -8.314696311950684 -2
    vertex 5.555702209472656 -8.314696311950684 0
    vertex 4.713967323303223 -8.819212913513184 0
  endloop
endfacet
facet normal 0 0 0
  outer loop
    vertex 5.555702209472656 -8.314696311950684 -2
    vertex 6.343932628631592 -7.730104446411133 -2
    vertex 5.555702209472656 -8.314696311950684 0
  endloop
endfacet
facet normal 0 0 0
  outer loop
    vertex 6.343932628631592 -7.730104446411133 -2
    vertex 6.343932628631592 -7.730104446411133 0
    vertex 5.555702209472656 -8.314696311950684 0
  endloop
endfacet
facet normal 0 0 0
  outer loop
    vertex 6.343932628631592 -7.730104446411133 -2
    vertex 7.071067810058594 -7.071067810058594 -2
    vertex 6.343932628631592 -7.730104446411133 0
  endloop
endfacet
facet normal 0 0 0
  outer loop
    vertex 7.071067810058594 -7.071067810058594 -2
    vertex 7.071067810058594 -7.071067810058594 0
    vertex 6.343932628631592 -7.730104446411133 0
  endloop
endfacet
facet normal 0 0 0
  outer loop
    vertex 7.071067810058594 -7.071067810058594 -2
    vertex 7.730104446411133 -6.343932628631592 -2
    vertex 7.071067810058594 -7.071067810058594 0
  endloop
endfacet
facet normal 0 0 0
  outer loop
    vertex 7.730104446411133 -6.343932628631592 -2
    vertex 7.730104446411133 -6.343932628631592 0
    vertex 7.071067810058594 -7.071067810058594 0
  endloop
endfacet
facet normal 0 0 0
  outer loop
    vertex 7.730104446411133 -6.343932628631592 -2
    vertex 8.314696311950684 -5.555702209472656 -2
    vertex 7.730104446411133 -6.343932628631592 0
  endloop
endfacet
facet normal 0 0 0
  outer loop
    vertex 8.314696311950684 -5.555702209472656 -2
    vertex 8.314696311950684 -5.555702209472656 0
    vertex 7.730104446411133 -6.343932628631592 0
  endloop
endfacet
facet normal 0 0 0
  outer loop
    vertex 8.314696311950684 -5.555702209472656 -2
    vertex 8.819212913513184 -4.713967323303223 -2
    vertex 8.314696311950684 -5.555702209472656 0
  endloop
endfacet
facet normal 0 0 0
  outer loop
    vertex 4.713967323303223 -8.819212913513184 0
    vertex 5.555702209472656 -8.314696311950684 0
    vertex 5.555702209472656 8.314696311950684 0
  endloop
endfacet
facet normal 0 0 0
  outer loop
    vertex 5.555702209472656 -8.314696311950684 0
    vertex 6.343932628631592 -7.730104446411133 0
    vertex 6.343932628631592 7.730104446411133 0
  endloop
endfacet
facet normal 0 0 0
  outer loop
    vertex 6.343932628631592 -7.730104446411133 0
    vertex 7.071067810058594 -7.071067810058594 0
    vertex 7.071067810058594 7.071067810058594 0
  endloop
endfacet
facet normal 0 0 0
  outer loop
    vertex 4.713967323303223 -8.819212913513184 0
    vertex 5.555702209472656 8.314696311950684 0
    vertex 4.975923538208008 -0.4900856912136078 0
  endloop
endfacet
facet normal 0 0 0
  outer loop
    vertex 8.819212913513184 -4.713967323303223 -2
    vertex 8.819212913513184 -4.713967323303223 0
    vertex 8.314696311950684 -5.555702209472656 0
  endloop
endfacet
facet normal 0 0 0
  outer loop
    vertex 8.819212913513184 -4.713967323303223 -2
    vertex 9.238795280456543 -3.8268344402313232 -2
    vertex 8.819212913513184 -4.713967323303223 0
  endloop
endfacet
facet normal 0 0 0
  outer loop
    vertex 9.238795280456543 -3.8268344402313232 -2
    vertex 9.238795280456543 -3.8268344402313232 0
    vertex 8.819212913513184 -4.713967323303223 0
  endloop
endfacet
facet normal 0 0 0
  outer loop
    vertex 9.238795280456543 -3.8268344402313232 -2
    vertex 9.569403648376465 -2.9028468132019043 -2
    vertex 9.238795280456543 -3.8268344402313232 0
  endloop
endfacet
facet normal 0 0 0
  outer loop
    vertex 9.569403648376465 -2.9028468132019043 -2
    vertex 9.569403648376465 -2.9028468132019043 0
    vertex 9.238795280456543 -3.8268344402313232 0
  endloop
endfacet
facet normal 0 0 0
  outer loop
    vertex 9.569403648376465 -2.9028468132019043 -2
    vertex 9.807852745056152 -1.9509031772613525 -2
    vertex 9.569403648376465 -2.9028468132019043 0
  endloop
endfacet
facet normal 0 0 0
  outer loop
    vertex 7.071067810058594 -7.071067810058594 0
    vertex 7.730104446411133 -6.343932628631592 0
    vertex 7.730104446411133 6.343932628631592 0
  endloop
endfacet
facet normal 0 0 0
  outer loop
    vertex 7.730104446411133 -6.343932628631592 0
    vertex 8.314696311950684 -5.555702209472656 0
    vertex 8.314696311950684 5.555702209472656 0
  endloop
endfacet
facet normal 0 0 0
  outer loop
    vertex 8.314696311950684 -5.555702209472656 0
    vertex 8.819212913513184 -4.713967323303223 0
    vertex 8.819212913513184 4.713967323303223 0
  endloop
endfacet
facet normal 0 0 0
  outer loop
    vertex 9.807852745056152 -1.9509031772613525 -2
    vertex 9.807852745056152 -1.9509031772613525 0
    vertex 9.569403648376465 -2.9028468132019043 0
  endloop
endfacet
facet normal 0 0 0
  outer loop
    vertex 9.807852745056152 -1.9509031772613525 -2
    vertex 9.951847076416016 -0.9801713824272156 -2
    vertex 9.807852745056152 -1.9509031772613525 0
  endloop
endfacet
facet normal 0 0 0
  outer loop
    vertex 9.951847076416016 -0.9801713824272156 -2
    vertex 9.951847076416016 -0.9801713824272156 0
    vertex 9.807852745056152 -1.9509031772613525 0
  endloop
endfacet
facet normal 0 0 0
  outer loop
    vertex 8.819212913513184 -4.713967323303223 0
    vertex 9.238795280456543 -3.8268344402313232 0
    vertex 9.238795280456543 3.8268344402313232 0
  endloop
endfacet
facet normal 0 0 0
  outer loop
    vertex 9.238795280456543 -3.8268344402313232 0
    vertex 9.569403648376465 -2.9028468132019043 0
    vertex 9.569403648376465 2.9028468132019043 0
  endloop
endfacet
facet normal 0 0 0
  outer loop
    vertex 9.951847076416016 -0.9801713824272156 -2
    vertex 10 0 -2
    vertex 9.951847076416016 -0.9801713824272156 0
  endloop
endfacet
facet normal 0 0 0
  outer loop
    vertex 9.951847076416016 -0.9801713824272156 0
    vertex 10 0 -2
    vertex 10 0 0
  endloop
endfacet
facet normal 0 0 0
  outer loop
    vertex 9.569403648376465 -2.9028468132019043 0
    vertex 9.807852745056152 -1.9509031772613525 0
    vertex 9.807852745056152 1.9509031772613525 0
  endloop
endfacet
facet normal 0 0 0
  outer loop
    vertex 9.807852745056152 -1.9509031772613525 0
    vertex 9.951847076416016 -0.9801713824272156 0
    vertex 9.951847076416016 0.9801713824272156 0
  endloop
endfacet
facet normal 0 0 0
  outer loop
    vertex 0.75 4 -2
    vertex 0.3920685648918152 3.980738878250122 -2
    vertex 0 4 -2
  endloop
endfacet
facet normal 0 0 0
  outer loop
    vertex 0.75 4 -2
    vertex 0.7803612947463989 3.9231410026550293 -2
    vertex 0.3920685648918152 3.980738878250122 -2
  endloop
endfacet
facet normal 0 0 0
  outer loop
    vertex 4 0.75 -2
    vertex 4 0 -2
    vertex 3.980738878250122 0.3920685648918152 -2
  endloop
endfacet
facet normal 0 0 0
  outer loop
    vertex 4 0.75 -2
    vertex 3.980738878250122 0.3920685648918152 -2
    vertex 3.9231410026550293 0.7803612947463989 -2
  endloop
endfacet
facet normal 0 0 0
  outer loop
    vertex 3.8268344402313232 9.238795280456543 -2
    vertex 3.6955180168151855 1.5307337045669556 -2
    vertex 3.5276851654052734 1.8855869770050049 -2
  endloop
endfacet
facet normal 0 0 0
  outer loop
    vertex 3.8268344402313232 9.238795280456543 -2
    vertex 3.325878381729126 2.222280979156494 -2
    vertex 3.0920417308807373 2.5375730991363525 -2
  endloop
endfacet
facet normal 0 0 0
  outer loop
    vertex 3.8268344402313232 9.238795280456543 -2
    vertex 3.0920417308807373 2.5375730991363525 -2
    vertex 2.8284270763397217 2.8284270763397217 -2
  endloop
endfacet
facet normal 0 0 0
  outer loop
    vertex 3.8268344402313232 9.238795280456543 -2
    vertex 3.5276851654052734 1.8855869770050049 -2
    vertex 3.325878381729126 2.222280979156494 -2
  endloop
endfacet
facet normal 0 0 0
  outer loop
    vertex 3.8268344402313232 9.238795280456543 -2
    vertex 3.9231410026550293 0.7803612947463989 -2
    vertex 3.82776141166687 1.161138653755188 -2
  endloop
endfacet
facet normal 0 0 0
  outer loop
    vertex 4 0.75 -2
    vertex 3.9231410026550293 0.7803612947463989 -2
    vertex 3.8268344402313232 9.238795280456543 -2
  endloop
endfacet
facet normal 0 0 0
  outer loop
    vertex 4 0.75 -2
    vertex 4.713967323303223 8.819212913513184 -2
    vertex 5.5 0.75 -2
  endloop
endfacet
facet normal 0 0 0
  outer loop
    vertex 3.8268344402313232 9.238795280456543 -2
    vertex 3.82776141166687 1.161138653755188 -2
    vertex 3.6955180168151855 1.5307337045669556 -2
  endloop
endfacet
facet normal 0 0 0
  outer loop
    vertex 0.75 4 -2
    vertex 0.9801713824272156 9.951847076416016 -2
    vertex 0.7803612947463989 3.9231410026550293 -2
  endloop
endfacet
facet normal 0 0 0
  outer loop
    vertex 0.75 4 -2
    vertex 0.75 5.5 -2
    vertex 0.9801713824272156 9.951847076416016 -2
  endloop
endfacet
facet normal 0 0 0
  outer loop
    vertex 1.9509031772613525 9.807852745056152 -2
    vertex 1.161138653755188 3.82776141166687 -2
    vertex 0.7803612947463989 3.9231410026550293 -2
  endloop
endfacet
facet normal 0 0 0
  outer loop
    vertex 1.9509031772613525 9.807852745056152 -2
    vertex 1.5307337045669556 3.6955180168151855 -2
    vertex 1.161138653755188 3.82776141166687 -2
  endloop
endfacet
facet normal 0 0 0
  outer loop
    vertex 1.9509031772613525 9.807852745056152 -2
    vertex 1.8855869770050049 3.5276851654052734 -2
    vertex 1.5307337045669556 3.6955180168151855 -2
  endloop
endfacet
facet normal 0 0 0
  outer loop
    vertex 2.9028468132019043 9.569403648376465 -2
    vertex 2.222280979156494 3.325878381729126 -2
    vertex 1.8855869770050049 3.5276851654052734 -2
  endloop
endfacet
facet normal 0 0 0
  outer loop
    vertex 0.75 5.5 -2
    vertex 0 10 -2
    vertex 0.9801713824272156 9.951847076416016 -2
  endloop
endfacet
facet normal 0 0 0
  outer loop
    vertex 0.9801713824272156 9.951847076416016 -2
    vertex 1.9509031772613525 9.807852745056152 -2
    vertex 0.7803612947463989 3.9231410026550293 -2
  endloop
endfacet
facet normal 0 0 0
  outer loop
    vertex 1.9509031772613525 9.807852745056152 -2
    vertex 2.9028468132019043 9.569403648376465 -2
    vertex 1.8855869770050049 3.5276851654052734 -2
  endloop
endfacet
facet normal 0 0 0
  outer loop
    vertex 2.9028468132019043 9.569403648376465 -2
    vertex 2.8284270763397217 2.8284270763397217 -2
    vertex 2.5375730991363525 3.0920417308807373 -2
  endloop
endfacet
facet normal 0 0 0
  outer loop
    vertex 2.9028468132019043 9.569403648376465 -2
    vertex 2.5375730991363525 3.0920417308807373 -2
    vertex 2.222280979156494 3.325878381729126 -2
  endloop
endfacet
facet normal 0 0 0
  outer loop
    vertex 2.9028468132019043 9.569403648376465 -2
    vertex 3.8268344402313232 9.238795280456543 -2
    vertex 2.8284270763397217 2.8284270763397217 -2
  endloop
endfacet
facet normal 0 0 0
  outer loop
    vertex 4 0.75 -2
    vertex 3.8268344402313232 9.238795280456543 -2
    vertex 4.713967323303223 8.819212913513184 -2
  endloop
endfacet
facet normal 0 0 0
  outer loop
    vertex 5.555702209472656 -8.314696311950684 -2
    vertex 5.5 0.75 -2
    vertex 5.555702209472656 8.314696311950684 -2
  endloop
endfacet
facet normal 0 0 0
  outer loop
    vertex 6.343932628631592 -7.730104446411133 -2
    vertex 6.343932628631592 7.730104446411133 -2
    vertex 7.071067810058594 7.071067810058594 -2
  endloop
endfacet
facet normal 0 0 0
  outer loop
    vertex 7.071067810058594 -7.071067810058594 -2
    vertex 7.071067810058594 7.071067810058594 -2
    vertex 7.730104446411133 6.343932628631592 -2
  endloop
endfacet
facet normal 0 0 0
  outer loop
    vertex 5.555702209472656 -8.314696311950684 -2
    vertex 5.555702209472656 8.314696311950684 -2
    vertex 6.343932628631592 7.730104446411133 -2
  endloop
endfacet
facet normal 0 0 0
  outer loop
    vertex 7.730104446411133 -6.343932628631592 -2
    vertex 7.730104446411133 6.343932628631592 -2
    vertex 8.314696311950684 5.555702209472656 -2
  endloop
endfacet
facet normal 0 0 0
  outer loop
    vertex 8.314696311950684 -5.555702209472656 -2
    vertex 8.314696311950684 5.555702209472656 -2
    vertex 8.819212913513184 4.713967323303223 -2
  endloop
endfacet
facet normal 0 0 0
  outer loop
    vertex 9.238795280456543 -3.8268344402313232 -2
    vertex 9.238795280456543 3.8268344402313232 -2
    vertex 9.569403648376465 2.9028468132019043 -2
  endloop
endfacet
facet normal 0 0 0
  outer loop
    vertex 9.951847076416016 -0.9801713824272156 -2
    vertex 9.951847076416016 0.9801713824272156 -2
    vertex 10 0 -2
  endloop
endfacet
facet normal 0 0 0
  outer loop
    vertex 9.807852745056152 -1.9509031772613525 -2
    vertex 9.807852745056152 1.9509031772613525 -2
    vertex 9.951847076416016 0.9801713824272156 -2
  endloop
endfacet
facet normal 0 0 0
  outer loop
    vertex 9.569403648376465 -2.9028468132019043 -2
    vertex 9.569403648376465 2.9028468132019043 -2
    vertex 9.807852745056152 1.9509031772613525 -2
  endloop
endfacet
facet normal 0 0 0
  outer loop
    vertex 8.819212913513184 -4.713967323303223 -2
    vertex 8.819212913513184 4.713967323303223 -2
    vertex 9.238795280456543 3.8268344402313232 -2
  endloop
endfacet
facet normal 0 0 0
  outer loop
    vertex 4.713967323303223 8.819212913513184 -2
    vertex 5.555702209472656 8.314696311950684 -2
    vertex 5.5 0.75 -2
  endloop
endfacet
facet normal 0 0 0
  outer loop
    vertex 4.157348155975342 2.777851104736328 0
    vertex 4.713967323303223 8.819212913513184 0
    vertex 3.8650522232055664 3.171966314315796 0
  endloop
endfacet
facet normal 0 0 0
  outer loop
    vertex 4.6193976402282715 1.9134172201156616 0
    vertex 4.713967323303223 8.819212913513184 0
    vertex 4.409606456756592 2.3569836616516113 0
  endloop
endfacet
facet normal 0 0 0
  outer loop
    vertex 4.784701824188232 1.4514234066009521 0
    vertex 5.555702209472656 8.314696311950684 0
    vertex 4.6193976402282715 1.9134172201156616 0
  endloop
endfacet
facet normal 0 0 0
  outer loop
    vertex 4.409606456756592 2.3569836616516113 0
    vertex 4.713967323303223 8.819212913513184 0
    vertex 4.157348155975342 2.777851104736328 0
  endloop
endfacet
facet normal 0 0 0
  outer loop
    vertex 0.4900856912136078 4.975923538208008 0
    vertex 0 10 0
    vertex 0 5 0
  endloop
endfacet
facet normal 0 0 0
  outer loop
    vertex 0.4900856912136078 4.975923538208008 0
    vertex 0.9754515886306763 4.903926372528076 0
    vertex 0.9801713824272156 9.951847076416016 0
  endloop
endfacet
facet normal 0 0 0
  outer loop
    vertex 1.9134172201156616 4.6193976402282715 0
    vertex 2.3569836616516113 4.409606456756592 0
    vertex 2.9028468132019043 9.569403648376465 0
  endloop
endfacet
facet normal 0 0 0
  outer loop
    vertex 0.9754515886306763 4.903926372528076 0
    vertex 1.4514234066009521 4.784701824188232 0
    vertex 1.9509031772613525 9.807852745056152 0
  endloop
endfacet
facet normal 0 0 0
  outer loop
    vertex 1.4514234066009521 4.784701824188232 0
    vertex 1.9134172201156616 4.6193976402282715 0
    vertex 1.9509031772613525 9.807852745056152 0
  endloop
endfacet
facet normal 0 0 0
  outer loop
    vertex 0.4900856912136078 4.975923538208008 0
    vertex 0.9801713824272156 9.951847076416016 0
    vertex 0 10 0
  endloop
endfacet
facet normal 0 0 0
  outer loop
    vertex 0 10 -2
    vertex 0 10 0
    vertex 0.9801713824272156 9.951847076416016 0
  endloop
endfacet
facet normal 0 0 0
  outer loop
    vertex 0 10 -2
    vertex 0.9801713824272156 9.951847076416016 0
    vertex 0.9801713824272156 9.951847076416016 -2
  endloop
endfacet
facet normal 0 0 0
  outer loop
    vertex 0.9754515886306763 4.903926372528076 0
    vertex 1.9509031772613525 9.807852745056152 0
    vertex 0.9801713824272156 9.951847076416016 0
  endloop
endfacet
facet normal 0 0 0
  outer loop
    vertex 1.9134172201156616 4.6193976402282715 0
    vertex 2.9028468132019043 9.569403648376465 0
    vertex 1.9509031772613525 9.807852745056152 0
  endloop
endfacet
facet normal 0 0 0
  outer loop
    vertex 0.9801713824272156 9.951847076416016 -2
    vertex 1.9509031772613525 9.807852745056152 0
    vertex 1.9509031772613525 9.807852745056152 -2
  endloop
endfacet
facet normal 0 0 0
  outer loop
    vertex 0.9801713824272156 9.951847076416016 -2
    vertex 0.9801713824272156 9.951847076416016 0
    vertex 1.9509031772613525 9.807852745056152 0
  endloop
endfacet
facet normal 0 0 0
  outer loop
    vertex 1.9509031772613525 9.807852745056152 -2
    vertex 1.9509031772613525 9.807852745056152 0
    vertex 2.9028468132019043 9.569403648376465 0
  endloop
endfacet
facet normal 0 0 0
  outer loop
    vertex 2.3569836616516113 4.409606456756592 0
    vertex 2.777851104736328 4.157348155975342 0
    vertex 2.9028468132019043 9.569403648376465 0
  endloop
endfacet
facet normal 0 0 0
  outer loop
    vertex 3.535533905029297 3.535533905029297 0
    vertex 3.8268344402313232 9.238795280456543 0
    vertex 3.171966314315796 3.8650522232055664 0
  endloop
endfacet
facet normal 0 0 0
  outer loop
    vertex 2.777851104736328 4.157348155975342 0
    vertex 3.171966314315796 3.8650522232055664 0
    vertex 3.8268344402313232 9.238795280456543 0
  endloop
endfacet
facet normal 0 0 0
  outer loop
    vertex 3.535533905029297 3.535533905029297 0
    vertex 3.8650522232055664 3.171966314315796 0
    vertex 4.713967323303223 8.819212913513184 0
  endloop
endfacet
facet normal 0 0 0
  outer loop
    vertex 3.535533905029297 3.535533905029297 0
    vertex 4.713967323303223 8.819212913513184 0
    vertex 3.8268344402313232 9.238795280456543 0
  endloop
endfacet
facet normal 0 0 0
  outer loop
    vertex 4.6193976402282715 1.9134172201156616 0
    vertex 5.555702209472656 8.314696311950684 0
    vertex 4.713967323303223 8.819212913513184 0
  endloop
endfacet
facet normal 0 0 0
  outer loop
    vertex 2.777851104736328 4.157348155975342 0
    vertex 3.8268344402313232 9.238795280456543 0
    vertex 2.9028468132019043 9.569403648376465 0
  endloop
endfacet
facet normal 0 0 0
  outer loop
    vertex 1.9509031772613525 9.807852745056152 -2
    vertex 2.9028468132019043 9.569403648376465 0
    vertex 2.9028468132019043 9.569403648376465 -2
  endloop
endfacet
facet normal 0 0 0
  outer loop
    vertex 2.9028468132019043 9.569403648376465 -2
    vertex 3.8268344402313232 9.238795280456543 0
    vertex 3.8268344402313232 9.238795280456543 -2
  endloop
endfacet
facet normal 0 0 0
  outer loop
    vertex 2.9028468132019043 9.569403648376465 -2
    vertex 2.9028468132019043 9.569403648376465 0
    vertex 3.8268344402313232 9.238795280456543 0
  endloop
endfacet
facet normal 0 0 0
  outer loop
    vertex 4.713967323303223 8.819212913513184 -2
    vertex 4.713967323303223 8.819212913513184 0
    vertex 5.555702209472656 8.314696311950684 0
  endloop
endfacet
facet normal 0 0 0
  outer loop
    vertex 3.8268344402313232 9.238795280456543 -2
    vertex 3.8268344402313232 9.238795280456543 0
    vertex 4.713967323303223 8.819212913513184 0
  endloop
endfacet
facet normal 0 0 0
  outer loop
    vertex 3.8268344402313232 9.238795280456543 -2
    vertex 4.713967323303223 8.819212913513184 0
    vertex 4.713967323303223 8.819212913513184 -2
  endloop
endfacet
facet normal 0 0 0
  outer loop
    vertex 6.343932628631592 -7.730104446411133 0
    vertex 7.071067810058594 7.071067810058594 0
    vertex 6.343932628631592 7.730104446411133 0
  endloop
endfacet
facet normal 0 0 0
  outer loop
    vertex 7.071067810058594 -7.071067810058594 0
    vertex 7.730104446411133 6.343932628631592 0
    vertex 7.071067810058594 7.071067810058594 0
  endloop
endfacet
facet normal 0 0 0
  outer loop
    vertex 4.975923538208008 -0.4900856912136078 0
    vertex 5.555702209472656 8.314696311950684 0
    vertex 5 0 0
  endloop
endfacet
facet normal 0 0 0
  outer loop
    vertex 4.975923538208008 0.4900856912136078 0
    vertex 5 0 0
    vertex 5.555702209472656 8.314696311950684 0
  endloop
endfacet
facet normal 0 0 0
  outer loop
    vertex 4.975923538208008 0.4900856912136078 0
    vertex 5.555702209472656 8.314696311950684 0
    vertex 4.903926372528076 0.9754515886306763 0
  endloop
endfacet
facet normal 0 0 0
  outer loop
    vertex 4.903926372528076 0.9754515886306763 0
    vertex 5.555702209472656 8.314696311950684 0
    vertex 4.784701824188232 1.4514234066009521 0
  endloop
endfacet
facet normal 0 0 0
  outer loop
    vertex 5.555702209472656 -8.314696311950684 0
    vertex 6.343932628631592 7.730104446411133 0
    vertex 5.555702209472656 8.314696311950684 0
  endloop
endfacet
facet normal 0 0 0
  outer loop
    vertex 7.730104446411133 -6.343932628631592 0
    vertex 8.314696311950684 5.555702209472656 0
    vertex 7.730104446411133 6.343932628631592 0
  endloop
endfacet
facet normal 0 0 0
  outer loop
    vertex 8.314696311950684 -5.555702209472656 0
    vertex 8.819212913513184 4.713967323303223 0
    vertex 8.314696311950684 5.555702209472656 0
  endloop
endfacet
facet normal 0 0 0
  outer loop
    vertex 10 0 -2
    vertex 9.951847076416016 0.9801713824272156 -2
    vertex 10 0 0
  endloop
endfacet
facet normal 0 0 0
  outer loop
    vertex 9.951847076416016 0.9801713824272156 -2
    vertex 9.951847076416016 0.9801713824272156 0
    vertex 10 0 0
  endloop
endfacet
facet normal 0 0 0
  outer loop
    vertex 9.238795280456543 -3.8268344402313232 0
    vertex 9.569403648376465 2.9028468132019043 0
    vertex 9.238795280456543 3.8268344402313232 0
  endloop
endfacet
facet normal 0 0 0
  outer loop
    vertex 9.951847076416016 -0.9801713824272156 0
    vertex 10 0 0
    vertex 9.951847076416016 0.9801713824272156 0
  endloop
endfacet
facet normal 0 0 0
  outer loop
    vertex 9.807852745056152 -1.9509031772613525 0
    vertex 9.951847076416016 0.9801713824272156 0
    vertex 9.807852745056152 1.9509031772613525 0
  endloop
endfacet
facet normal 0 0 0
  outer loop
    vertex 9.569403648376465 -2.9028468132019043 0
    vertex 9.807852745056152 1.9509031772613525 0
    vertex 9.569403648376465 2.9028468132019043 0
  endloop
endfacet
facet normal 0 0 0
  outer loop
    vertex 9.951847076416016 0.9801713824272156 -2
    vertex 9.807852745056152 1.9509031772613525 -2
    vertex 9.951847076416016 0.9801713824272156 0
  endloop
endfacet
facet normal 0 0 0
  outer loop
    vertex 9.807852745056152 1.9509031772613525 -2
    vertex 9.807852745056152 1.9509031772613525 0
    vertex 9.951847076416016 0.9801713824272156 0
  endloop
endfacet
facet normal 0 0 0
  outer loop
    vertex 9.807852745056152 1.9509031772613525 -2
    vertex 9.569403648376465 2.9028468132019043 -2
    vertex 9.807852745056152 1.9509031772613525 0
  endloop
endfacet
facet normal 0 0 0
  outer loop
    vertex 8.819212913513184 -4.713967323303223 0
    vertex 9.238795280456543 3.8268344402313232 0
    vertex 8.819212913513184 4.713967323303223 0
  endloop
endfacet
facet normal 0 0 0
  outer loop
    vertex 8.819212913513184 4.713967323303223 -2
    vertex 8.314696311950684 5.555702209472656 -2
    vertex 8.819212913513184 4.713967323303223 0
  endloop
endfacet
facet normal 0 0 0
  outer loop
    vertex 9.238795280456543 3.8268344402313232 -2
    vertex 9.238795280456543 3.8268344402313232 0
    vertex 9.569403648376465 2.9028468132019043 0
  endloop
endfacet
facet normal 0 0 0
  outer loop
    vertex 9.569403648376465 2.9028468132019043 -2
    vertex 9.569403648376465 2.9028468132019043 0
    vertex 9.807852745056152 1.9509031772613525 0
  endloop
endfacet
facet normal 0 0 0
  outer loop
    vertex 9.569403648376465 2.9028468132019043 -2
    vertex 9.238795280456543 3.8268344402313232 -2
    vertex 9.569403648376465 2.9028468132019043 0
  endloop
endfacet
facet normal 0 0 0
  outer loop
    vertex 9.238795280456543 3.8268344402313232 -2
    vertex 8.819212913513184 4.713967323303223 -2
    vertex 9.238795280456543 3.8268344402313232 0
  endloop
endfacet
facet normal 0 0 0
  outer loop
    vertex 8.819212913513184 4.713967323303223 -2
    vertex 8.819212913513184 4.713967323303223 0
    vertex 9.238795280456543 3.8268344402313232 0
  endloop
endfacet
facet normal 0 0 0
  outer loop
    vertex 7.071067810058594 7.071067810058594 -2
    vertex 6.343932628631592 7.730104446411133 -2
    vertex 7.071067810058594 7.071067810058594 0
  endloop
endfacet
facet normal 0 0 0
  outer loop
    vertex 7.071067810058594 7.071067810058594 -2
    vertex 7.071067810058594 7.071067810058594 0
    vertex 7.730104446411133 6.343932628631592 0
  endloop
endfacet
facet normal 0 0 0
  outer loop
    vertex 4.713967323303223 8.819212913513184 -2
    vertex 5.555702209472656 8.314696311950684 0
    vertex 5.555702209472656 8.314696311950684 -2
  endloop
endfacet
facet normal 0 0 0
  outer loop
    vertex 5.555702209472656 8.314696311950684 -2
    vertex 6.343932628631592 7.730104446411133 0
    vertex 6.343932628631592 7.730104446411133 -2
  endloop
endfacet
facet normal 0 0 0
  outer loop
    vertex 5.555702209472656 8.314696311950684 -2
    vertex 5.555702209472656 8.314696311950684 0
    vertex 6.343932628631592 7.730104446411133 0
  endloop
endfacet
facet normal 0 0 0
  outer loop
    vertex 6.343932628631592 7.730104446411133 -2
    vertex 6.343932628631592 7.730104446411133 0
    vertex 7.071067810058594 7.071067810058594 0
  endloop
endfacet
facet normal 0 0 0
  outer loop
    vertex 8.314696311950684 5.555702209472656 -2
    vertex 7.730104446411133 6.343932628631592 -2
    vertex 8.314696311950684 5.555702209472656 0
  endloop
endfacet
facet normal 0 0 0
  outer loop
    vertex 7.730104446411133 6.343932628631592 -2
    vertex 7.730104446411133 6.343932628631592 0
    vertex 8.314696311950684 5.555702209472656 0
  endloop
endfacet
facet normal 0 0 0
  outer loop
    vertex 8.314696311950684 5.555702209472656 -2
    vertex 8.314696311950684 5.555702209472656 0
    vertex 8.819212913513184 4.713967323303223 0
  endloop
endfacet
facet normal 0 0 0
  outer loop
    vertex 7.071067810058594 7.071067810058594 -2
    vertex 7.730104446411133 6.343932628631592 0
    vertex 7.730104446411133 6.343932628631592 -2
  endloop
endfacet
facet normal 0 0 0
  outer loop
    vertex -3.0920417308807373 -2.5375730991363525 -12
    vertex -2.8284270763397217 -2.8284270763397217 -12
    vertex -3.0920417308807373 -2.5375730991363525 -2
  endloop
endfacet
facet normal 0 0 0
  outer loop
    vertex -2.5375730991363525 -3.0920417308807373 -12
    vertex -2.8284270763397217 -2.8284270763397217 -2
    vertex -2.8284270763397217 -2.8284270763397217 -12
  endloop
endfacet
facet normal 0 0 0
  outer loop
    vertex -3.9231410026550293 -0.7803612947463989 -12
    vertex -3.980738878250122 -0.3920685648918152 -12
    vertex -3.9231410026550293 0.7803612947463989 -12
  endloop
endfacet
facet normal 0 0 0
  outer loop
    vertex -3.82776141166687 -1.161138653755188 -12
    vertex -3.9231410026550293 -0.7803612947463989 -12
    vertex -3.82776141166687 1.161138653755188 -12
  endloop
endfacet
facet normal 0 0 0
  outer loop
    vertex -3.325878381729126 -2.222280979156494 -12
    vertex -3.5276851654052734 -1.8855869770050049 -12
    vertex -3.325878381729126 2.222280979156494 -12
  endloop
endfacet
facet normal 0 0 0
  outer loop
    vertex -3.0920417308807373 -2.5375730991363525 -12
    vertex -3.325878381729126 -2.222280979156494 -12
    vertex -3.0920417308807373 2.5375730991363525 -12
  endloop
endfacet
facet normal 0 0 0
  outer loop
    vertex -3.6955180168151855 -1.5307337045669556 -12
    vertex -3.82776141166687 -1.161138653755188 -12
    vertex -3.6955180168151855 1.5307337045669556 -12
  endloop
endfacet
facet normal 0 0 0
  outer loop
    vertex -3.5276851654052734 -1.8855869770050049 -12
    vertex -3.6955180168151855 -1.5307337045669556 -12
    vertex -3.5276851654052734 1.8855869770050049 -12
  endloop
endfacet
facet normal 0 0 0
  outer loop
    vertex -3.0920417308807373 -2.5375730991363525 -12
    vertex -2.8284270763397217 2.8284270763397217 -12
    vertex -2.8284270763397217 -2.8284270763397217 -12
  endloop
endfacet
facet normal 0 0 0
  outer loop
    vertex -2.5375730991363525 -3.0920417308807373 -12
    vertex -2.8284270763397217 -2.8284270763397217 -12
    vertex -2.5375730991363525 3.0920417308807373 -12
  endloop
endfacet
facet normal 0 0 0
  outer loop
    vertex -3.6955180168151855 -1.5307337045669556 -12
    vertex -3.82776141166687 -1.161138653755188 -2
    vertex -3.82776141166687 -1.161138653755188 -12
  endloop
endfacet
facet normal 0 0 0
  outer loop
    vertex -3.82776141166687 -1.161138653755188 -12
    vertex -3.9231410026550293 -0.7803612947463989 -2
    vertex -3.9231410026550293 -0.7803612947463989 -12
  endloop
endfacet
facet normal 0 0 0
  outer loop
    vertex -3.9231410026550293 -0.7803612947463989 -12
    vertex -3.980738878250122 -0.3920685648918152 -2
    vertex -3.980738878250122 -0.3920685648918152 -12
  endloop
endfacet
facet normal 0 0 0
  outer loop
    vertex -3.980738878250122 -0.3920685648918152 -12
    vertex -4 0 -2
    vertex -4 0 -12
  endloop
endfacet
facet normal 0 0 0
  outer loop
    vertex -3.325878381729126 -2.222280979156494 -12
    vertex -3.5276851654052734 -1.8855869770050049 -2
    vertex -3.5276851654052734 -1.8855869770050049 -12
  endloop
endfacet
facet normal 0 0 0
  outer loop
    vertex -3.0920417308807373 -2.5375730991363525 -12
    vertex -3.325878381729126 -2.222280979156494 -2
    vertex -3.325878381729126 -2.222280979156494 -12
  endloop
endfacet
facet normal 0 0 0
  outer loop
    vertex -3.5276851654052734 -1.8855869770050049 -12
    vertex -3.6955180168151855 -1.5307337045669556 -2
    vertex -3.6955180168151855 -1.5307337045669556 -12
  endloop
endfacet
facet normal 0 0 0
  outer loop
    vertex -2.5375730991363525 -3.0920417308807373 -12
    vertex -2.222280979156494 -3.325878381729126 -12
    vertex -2.5375730991363525 -3.0920417308807373 -2
  endloop
endfacet
facet normal 0 0 0
  outer loop
    vertex -2.222280979156494 -3.325878381729126 -12
    vertex -1.8855869770050049 -3.5276851654052734 -12
    vertex -2.222280979156494 -3.325878381729126 -2
  endloop
endfacet
facet normal 0 0 0
  outer loop
    vertex -1.8855869770050049 -3.5276851654052734 -12
    vertex -1.5307337045669556 -3.6955180168151855 -12
    vertex -1.8855869770050049 -3.5276851654052734 -2
  endloop
endfacet
facet normal 0 0 0
  outer loop
    vertex -1.5307337045669556 -3.6955180168151855 -12
    vertex -1.161138653755188 -3.82776141166687 -12
    vertex -1.5307337045669556 -3.6955180168151855 -2
  endloop
endfacet
facet normal 0 0 0
  outer loop
    vertex -1.161138653755188 -3.82776141166687 -12
    vertex -0.7803612947463989 -3.9231410026550293 -12
    vertex -1.161138653755188 -3.82776141166687 -2
  endloop
endfacet
facet normal 0 0 0
  outer loop
    vertex -0.7803612947463989 -3.9231410026550293 -12
    vertex -0.3920685648918152 -3.980738878250122 -12
    vertex -0.7803612947463989 -3.9231410026550293 -2
  endloop
endfacet
facet normal 0 0 0
  outer loop
    vertex -0.3920685648918152 -3.980738878250122 -12
    vertex 0 -4 -12
    vertex -0.3920685648918152 -3.980738878250122 -2
  endloop
endfacet
facet normal 0 0 0
  outer loop
    vertex -2.5375730991363525 -3.0920417308807373 -12
    vertex -2.222280979156494 3.325878381729126 -12
    vertex -2.222280979156494 -3.325878381729126 -12
  endloop
endfacet
facet normal 0 0 0
  outer loop
    vertex -2.222280979156494 -3.325878381729126 -12
    vertex -1.8855869770050049 3.5276851654052734 -12
    vertex -1.8855869770050049 -3.5276851654052734 -12
  endloop
endfacet
facet normal 0 0 0
  outer loop
    vertex -1.8855869770050049 -3.5276851654052734 -12
    vertex -1.5307337045669556 3.6955180168151855 -12
    vertex -1.5307337045669556 -3.6955180168151855 -12
  endloop
endfacet
facet normal 0 0 0
  outer loop
    vertex -1.5307337045669556 -3.6955180168151855 -12
    vertex -1.161138653755188 3.82776141166687 -12
    vertex -1.161138653755188 -3.82776141166687 -12
  endloop
endfacet
facet normal 0 0 0
  outer loop
    vertex -1.161138653755188 -3.82776141166687 -12
    vertex -0.7803612947463989 3.9231410026550293 -12
    vertex -0.7803612947463989 -3.9231410026550293 -12
  endloop
endfacet
facet normal 0 0 0
  outer loop
    vertex -0.7803612947463989 -3.9231410026550293 -12
    vertex -0.3920685648918152 3.980738878250122 -12
    vertex -0.3920685648918152 -3.980738878250122 -12
  endloop
endfacet
facet normal 0 0 0
  outer loop
    vertex -0.3920685648918152 -3.980738878250122 -12
    vertex 0 4 -12
    vertex 0 -4 -12
  endloop
endfacet
facet normal 0 0 0
  outer loop
    vertex -2.8284270763397217 -2.8284270763397217 -12
    vertex -2.8284270763397217 -2.8284270763397217 -2
    vertex -3.0920417308807373 -2.5375730991363525 -2
  endloop
endfacet
facet normal 0 0 0
  outer loop
    vertex -2.5375730991363525 -3.0920417308807373 -12
    vertex -2.5375730991363525 -3.0920417308807373 -2
    vertex -2.8284270763397217 -2.8284270763397217 -2
  endloop
endfacet
facet normal 0 0 0
  outer loop
    vertex -3.82776141166687 -1.161138653755188 -12
    vertex -3.82776141166687 -1.161138653755188 -2
    vertex -3.9231410026550293 -0.7803612947463989 -2
  endloop
endfacet
facet normal 0 0 0
  outer loop
    vertex -3.9231410026550293 -0.7803612947463989 -12
    vertex -3.9231410026550293 -0.7803612947463989 -2
    vertex -3.980738878250122 -0.3920685648918152 -2
  endloop
endfacet
facet normal 0 0 0
  outer loop
    vertex -3.980738878250122 -0.3920685648918152 -12
    vertex -3.980738878250122 -0.3920685648918152 -2
    vertex -4 0 -2
  endloop
endfacet
facet normal 0 0 0
  outer loop
    vertex -3.0920417308807373 -2.5375730991363525 -12
    vertex -3.0920417308807373 -2.5375730991363525 -2
    vertex -3.325878381729126 -2.222280979156494 -2
  endloop
endfacet
facet normal 0 0 0
  outer loop
    vertex -3.325878381729126 -2.222280979156494 -12
    vertex -3.325878381729126 -2.222280979156494 -2
    vertex -3.5276851654052734 -1.8855869770050049 -2
  endloop
endfacet
facet normal 0 0 0
  outer loop
    vertex -3.5276851654052734 -1.8855869770050049 -12
    vertex -3.5276851654052734 -1.8855869770050049 -2
    vertex -3.6955180168151855 -1.5307337045669556 -2
  endloop
endfacet
facet normal 0 0 0
  outer loop
    vertex -3.6955180168151855 -1.5307337045669556 -12
    vertex -3.6955180168151855 -1.5307337045669556 -2
    vertex -3.82776141166687 -1.161138653755188 -2
  endloop
endfacet
facet normal 0 0 0
  outer loop
    vertex -1.161138653755188 -3.82776141166687 -12
    vertex -1.161138653755188 -3.82776141166687 -2
    vertex -1.5307337045669556 -3.6955180168151855 -2
  endloop
endfacet
facet normal 0 0 0
  outer loop
    vertex -2.222280979156494 -3.325878381729126 -12
    vertex -2.222280979156494 -3.325878381729126 -2
    vertex -2.5375730991363525 -3.0920417308807373 -2
  endloop
endfacet
facet normal 0 0 0
  outer loop
    vertex -1.8855869770050049 -3.5276851654052734 -12
    vertex -1.8855869770050049 -3.5276851654052734 -2
    vertex -2.222280979156494 -3.325878381729126 -2
  endloop
endfacet
facet normal 0 0 0
  outer loop
    vertex -1.5307337045669556 -3.6955180168151855 -12
    vertex -1.5307337045669556 -3.6955180168151855 -2
    vertex -1.8855869770050049 -3.5276851654052734 -2
  endloop
endfacet
facet normal 0 0 0
  outer loop
    vertex -0.7803612947463989 -3.9231410026550293 -12
    vertex -0.7803612947463989 -3.9231410026550293 -2
    vertex -1.161138653755188 -3.82776141166687 -2
  endloop
endfacet
facet normal 0 0 0
  outer loop
    vertex -0.3920685648918152 -3.980738878250122 -12
    vertex -0.3920685648918152 -3.980738878250122 -2
    vertex -0.7803612947463989 -3.9231410026550293 -2
  endloop
endfacet
facet normal 0 0 0
  outer loop
    vertex 0 -4 -2
    vertex -0.3920685648918152 -3.980738878250122 -2
    vertex 0 -4 -12
  endloop
endfacet
facet normal 0 0 0
  outer loop
    vertex -3.980738878250122 -0.3920685648918152 -12
    vertex -4 0 -12
    vertex -3.980738878250122 0.3920685648918152 -12
  endloop
endfacet
facet normal 0 0 0
  outer loop
    vertex -3.980738878250122 -0.3920685648918152 -12
    vertex -3.980738878250122 0.3920685648918152 -12
    vertex -3.9231410026550293 0.7803612947463989 -12
  endloop
endfacet
facet normal 0 0 0
  outer loop
    vertex -3.9231410026550293 -0.7803612947463989 -12
    vertex -3.9231410026550293 0.7803612947463989 -12
    vertex -3.82776141166687 1.161138653755188 -12
  endloop
endfacet
facet normal 0 0 0
  outer loop
    vertex -3.82776141166687 -1.161138653755188 -12
    vertex -3.82776141166687 1.161138653755188 -12
    vertex -3.6955180168151855 1.5307337045669556 -12
  endloop
endfacet
facet normal 0 0 0
  outer loop
    vertex -3.6955180168151855 -1.5307337045669556 -12
    vertex -3.6955180168151855 1.5307337045669556 -12
    vertex -3.5276851654052734 1.8855869770050049 -12
  endloop
endfacet
facet normal 0 0 0
  outer loop
    vertex -3.5276851654052734 -1.8855869770050049 -12
    vertex -3.5276851654052734 1.8855869770050049 -12
    vertex -3.325878381729126 2.222280979156494 -12
  endloop
endfacet
facet normal 0 0 0
  outer loop
    vertex -3.325878381729126 -2.222280979156494 -12
    vertex -3.325878381729126 2.222280979156494 -12
    vertex -3.0920417308807373 2.5375730991363525 -12
  endloop
endfacet
facet normal 0 0 0
  outer loop
    vertex -3.0920417308807373 -2.5375730991363525 -12
    vertex -3.0920417308807373 2.5375730991363525 -12
    vertex -2.8284270763397217 2.8284270763397217 -12
  endloop
endfacet
facet normal 0 0 0
  outer loop
    vertex -2.8284270763397217 -2.8284270763397217 -12
    vertex -2.8284270763397217 2.8284270763397217 -12
    vertex -2.5375730991363525 3.0920417308807373 -12
  endloop
endfacet
facet normal 0 0 0
  outer loop
    vertex -3.980738878250122 0.3920685648918152 -12
    vertex -4 0 -12
    vertex -3.980738878250122 0.3920685648918152 -2
  endloop
endfacet
facet normal 0 0 0
  outer loop
    vertex -3.980738878250122 0.3920685648918152 -12
    vertex -3.9231410026550293 0.7803612947463989 -2
    vertex -3.9231410026550293 0.7803612947463989 -12
  endloop
endfacet
facet normal 0 0 0
  outer loop
    vertex -3.9231410026550293 0.7803612947463989 -12
    vertex -3.82776141166687 1.161138653755188 -2
    vertex -3.82776141166687 1.161138653755188 -12
  endloop
endfacet
facet normal 0 0 0
  outer loop
    vertex -3.82776141166687 1.161138653755188 -12
    vertex -3.6955180168151855 1.5307337045669556 -2
    vertex -3.6955180168151855 1.5307337045669556 -12
  endloop
endfacet
facet normal 0 0 0
  outer loop
    vertex -3.6955180168151855 1.5307337045669556 -12
    vertex -3.5276851654052734 1.8855869770050049 -2
    vertex -3.5276851654052734 1.8855869770050049 -12
  endloop
endfacet
facet normal 0 0 0
  outer loop
    vertex -3.5276851654052734 1.8855869770050049 -12
    vertex -3.325878381729126 2.222280979156494 -2
    vertex -3.325878381729126 2.222280979156494 -12
  endloop
endfacet
facet normal 0 0 0
  outer loop
    vertex -3.325878381729126 2.222280979156494 -12
    vertex -3.0920417308807373 2.5375730991363525 -2
    vertex -3.0920417308807373 2.5375730991363525 -12
  endloop
endfacet
facet normal 0 0 0
  outer loop
    vertex -3.0920417308807373 2.5375730991363525 -12
    vertex -2.8284270763397217 2.8284270763397217 -2
    vertex -2.8284270763397217 2.8284270763397217 -12
  endloop
endfacet
facet normal 0 0 0
  outer loop
    vertex -2.8284270763397217 2.8284270763397217 -12
    vertex -2.5375730991363525 3.0920417308807373 -2
    vertex -2.5375730991363525 3.0920417308807373 -12
  endloop
endfacet
facet normal 0 0 0
  outer loop
    vertex -2.5375730991363525 -3.0920417308807373 -12
    vertex -2.5375730991363525 3.0920417308807373 -12
    vertex -2.222280979156494 3.325878381729126 -12
  endloop
endfacet
facet normal 0 0 0
  outer loop
    vertex -2.222280979156494 -3.325878381729126 -12
    vertex -2.222280979156494 3.325878381729126 -12
    vertex -1.8855869770050049 3.5276851654052734 -12
  endloop
endfacet
facet normal 0 0 0
  outer loop
    vertex -1.8855869770050049 -3.5276851654052734 -12
    vertex -1.8855869770050049 3.5276851654052734 -12
    vertex -1.5307337045669556 3.6955180168151855 -12
  endloop
endfacet
facet normal 0 0 0
  outer loop
    vertex -1.5307337045669556 -3.6955180168151855 -12
    vertex -1.5307337045669556 3.6955180168151855 -12
    vertex -1.161138653755188 3.82776141166687 -12
  endloop
endfacet
facet normal 0 0 0
  outer loop
    vertex -1.161138653755188 -3.82776141166687 -12
    vertex -1.161138653755188 3.82776141166687 -12
    vertex -0.7803612947463989 3.9231410026550293 -12
  endloop
endfacet
facet normal 0 0 0
  outer loop
    vertex -0.7803612947463989 -3.9231410026550293 -12
    vertex -0.7803612947463989 3.9231410026550293 -12
    vertex -0.3920685648918152 3.980738878250122 -12
  endloop
endfacet
facet normal 0 0 0
  outer loop
    vertex -0.3920685648918152 -3.980738878250122 -12
    vertex -0.3920685648918152 3.980738878250122 -12
    vertex 0 4 -12
  endloop
endfacet
facet normal 0 0 0
  outer loop
    vertex -2.5375730991363525 3.0920417308807373 -12
    vertex -2.222280979156494 3.325878381729126 -2
    vertex -2.222280979156494 3.325878381729126 -12
  endloop
endfacet
facet normal 0 0 0
  outer loop
    vertex -2.222280979156494 3.325878381729126 -12
    vertex -1.8855869770050049 3.5276851654052734 -2
    vertex -1.8855869770050049 3.5276851654052734 -12
  endloop
endfacet
facet normal 0 0 0
  outer loop
    vertex -1.8855869770050049 3.5276851654052734 -12
    vertex -1.5307337045669556 3.6955180168151855 -2
    vertex -1.5307337045669556 3.6955180168151855 -12
  endloop
endfacet
facet normal 0 0 0
  outer loop
    vertex -1.5307337045669556 3.6955180168151855 -12
    vertex -1.161138653755188 3.82776141166687 -2
    vertex -1.161138653755188 3.82776141166687 -12
  endloop
endfacet
facet normal 0 0 0
  outer loop
    vertex -1.161138653755188 3.82776141166687 -12
    vertex -0.7803612947463989 3.9231410026550293 -2
    vertex -0.7803612947463989 3.9231410026550293 -12
  endloop
endfacet
facet normal 0 0 0
  outer loop
    vertex -0.7803612947463989 3.9231410026550293 -12
    vertex -0.3920685648918152 3.980738878250122 -2
    vertex -0.3920685648918152 3.980738878250122 -12
  endloop
endfacet
facet normal 0 0 0
  outer loop
    vertex -0.3920685648918152 3.980738878250122 -12
    vertex 0 4 -2
    vertex 0 4 -12
  endloop
endfacet
facet normal 0 0 0
  outer loop
    vertex -4 0 -12
    vertex -4 0 -2
    vertex -3.980738878250122 0.3920685648918152 -2
  endloop
endfacet
facet normal 0 0 0
  outer loop
    vertex -3.980738878250122 0.3920685648918152 -12
    vertex -3.980738878250122 0.3920685648918152 -2
    vertex -3.9231410026550293 0.7803612947463989 -2
  endloop
endfacet
facet normal 0 0 0
  outer loop
    vertex -3.9231410026550293 0.7803612947463989 -12
    vertex -3.9231410026550293 0.7803612947463989 -2
    vertex -3.82776141166687 1.161138653755188 -2
  endloop
endfacet
facet normal 0 0 0
  outer loop
    vertex -3.82776141166687 1.161138653755188 -12
    vertex -3.82776141166687 1.161138653755188 -2
    vertex -3.6955180168151855 1.5307337045669556 -2
  endloop
endfacet
facet normal 0 0 0
  outer loop
    vertex -3.6955180168151855 1.5307337045669556 -12
    vertex -3.6955180168151855 1.5307337045669556 -2
    vertex -3.5276851654052734 1.8855869770050049 -2
  endloop
endfacet
facet normal 0 0 0
  outer loop
    vertex -3.5276851654052734 1.8855869770050049 -12
    vertex -3.5276851654052734 1.8855869770050049 -2
    vertex -3.325878381729126 2.222280979156494 -2
  endloop
endfacet
facet normal 0 0 0
  outer loop
    vertex -3.325878381729126 2.222280979156494 -12
    vertex -3.325878381729126 2.222280979156494 -2
    vertex -3.0920417308807373 2.5375730991363525 -2
  endloop
endfacet
facet normal 0 0 0
  outer loop
    vertex -3.0920417308807373 2.5375730991363525 -12
    vertex -3.0920417308807373 2.5375730991363525 -2
    vertex -2.8284270763397217 2.8284270763397217 -2
  endloop
endfacet
facet normal 0 0 0
  outer loop
    vertex -2.8284270763397217 2.8284270763397217 -12
    vertex -2.8284270763397217 2.8284270763397217 -2
    vertex -2.5375730991363525 3.0920417308807373 -2
  endloop
endfacet
facet normal 0 0 0
  outer loop
    vertex -2.5375730991363525 3.0920417308807373 -12
    vertex -2.5375730991363525 3.0920417308807373 -2
    vertex -2.222280979156494 3.325878381729126 -2
  endloop
endfacet
facet normal 0 0 0
  outer loop
    vertex -2.222280979156494 3.325878381729126 -12
    vertex -2.222280979156494 3.325878381729126 -2
    vertex -1.8855869770050049 3.5276851654052734 -2
  endloop
endfacet
facet normal 0 0 0
  outer loop
    vertex -1.8855869770050049 3.5276851654052734 -12
    vertex -1.8855869770050049 3.5276851654052734 -2
    vertex -1.5307337045669556 3.6955180168151855 -2
  endloop
endfacet
facet normal 0 0 0
  outer loop
    vertex -1.5307337045669556 3.6955180168151855 -12
    vertex -1.5307337045669556 3.6955180168151855 -2
    vertex -1.161138653755188 3.82776141166687 -2
  endloop
endfacet
facet normal 0 0 0
  outer loop
    vertex -1.161138653755188 3.82776141166687 -12
    vertex -1.161138653755188 3.82776141166687 -2
    vertex -0.7803612947463989 3.9231410026550293 -2
  endloop
endfacet
facet normal 0 0 0
  outer loop
    vertex -0.7803612947463989 3.9231410026550293 -12
    vertex -0.7803612947463989 3.9231410026550293 -2
    vertex -0.3920685648918152 3.980738878250122 -2
  endloop
endfacet
facet normal 0 0 0
  outer loop
    vertex -0.3920685648918152 3.980738878250122 -12
    vertex -0.3920685648918152 3.980738878250122 -2
    vertex 0 4 -2
  endloop
endfacet
facet normal 0 0 0
  outer loop
    vertex 0.3920685648918152 -3.980738878250122 -12
    vertex 0 -4 -2
    vertex 0 -4 -12
  endloop
endfacet
facet normal 0 0 0
  outer loop
    vertex 0.3920685648918152 -3.980738878250122 -12
    vertex 0.7803612947463989 -3.9231410026550293 -12
    vertex 0.3920685648918152 -3.980738878250122 -2
  endloop
endfacet
facet normal 0 0 0
  outer loop
    vertex 0.7803612947463989 -3.9231410026550293 -12
    vertex 1.161138653755188 -3.82776141166687 -12
    vertex 0.7803612947463989 -3.9231410026550293 -2
  endloop
endfacet
facet normal 0 0 0
  outer loop
    vertex 1.161138653755188 -3.82776141166687 -12
    vertex 1.5307337045669556 -3.6955180168151855 -12
    vertex 1.161138653755188 -3.82776141166687 -2
  endloop
endfacet
facet normal 0 0 0
  outer loop
    vertex 1.5307337045669556 -3.6955180168151855 -12
    vertex 1.8855869770050049 -3.5276851654052734 -12
    vertex 1.5307337045669556 -3.6955180168151855 -2
  endloop
endfacet
facet normal 0 0 0
  outer loop
    vertex 1.8855869770050049 -3.5276851654052734 -12
    vertex 2.222280979156494 -3.325878381729126 -12
    vertex 1.8855869770050049 -3.5276851654052734 -2
  endloop
endfacet
facet normal 0 0 0
  outer loop
    vertex 2.222280979156494 -3.325878381729126 -12
    vertex 2.5375730991363525 -3.0920417308807373 -12
    vertex 2.222280979156494 -3.325878381729126 -2
  endloop
endfacet
facet normal 0 0 0
  outer loop
    vertex 0.3920685648918152 -3.980738878250122 -12
    vertex 0 -4 -12
    vertex 0.3920685648918152 3.980738878250122 -12
  endloop
endfacet
facet normal 0 0 0
  outer loop
    vertex 0.3920685648918152 -3.980738878250122 -12
    vertex 0.7803612947463989 3.9231410026550293 -12
    vertex 0.7803612947463989 -3.9231410026550293 -12
  endloop
endfacet
facet normal 0 0 0
  outer loop
    vertex 0.7803612947463989 -3.9231410026550293 -12
    vertex 1.161138653755188 3.82776141166687 -12
    vertex 1.161138653755188 -3.82776141166687 -12
  endloop
endfacet
facet normal 0 0 0
  outer loop
    vertex 1.161138653755188 -3.82776141166687 -12
    vertex 1.5307337045669556 3.6955180168151855 -12
    vertex 1.5307337045669556 -3.6955180168151855 -12
  endloop
endfacet
facet normal 0 0 0
  outer loop
    vertex 1.5307337045669556 -3.6955180168151855 -12
    vertex 1.8855869770050049 3.5276851654052734 -12
    vertex 1.8855869770050049 -3.5276851654052734 -12
  endloop
endfacet
facet normal 0 0 0
  outer loop
    vertex 1.8855869770050049 -3.5276851654052734 -12
    vertex 2.222280979156494 3.325878381729126 -12
    vertex 2.222280979156494 -3.325878381729126 -12
  endloop
endfacet
facet normal 0 0 0
  outer loop
    vertex 2.222280979156494 -3.325878381729126 -12
    vertex 2.5375730991363525 3.0920417308807373 -12
    vertex 2.5375730991363525 -3.0920417308807373 -12
  endloop
endfacet
facet normal 0 0 0
  outer loop
    vertex 2.5375730991363525 -3.0920417308807373 -12
    vertex 2.8284270763397217 -2.8284270763397217 -12
    vertex 2.5375730991363525 -3.0920417308807373 -2
  endloop
endfacet
facet normal 0 0 0
  outer loop
    vertex 2.8284270763397217 -2.8284270763397217 -12
    vertex 3.0920417308807373 -2.5375730991363525 -12
    vertex 2.8284270763397217 -2.8284270763397217 -2
  endloop
endfacet
facet normal 0 0 0
  outer loop
    vertex 2.5375730991363525 -3.0920417308807373 -12
    vertex 2.8284270763397217 2.8284270763397217 -12
    vertex 2.8284270763397217 -2.8284270763397217 -12
  endloop
endfacet
facet normal 0 0 0
  outer loop
    vertex 2.8284270763397217 -2.8284270763397217 -12
    vertex 3.0920417308807373 2.5375730991363525 -12
    vertex 3.0920417308807373 -2.5375730991363525 -12
  endloop
endfacet
facet normal 0 0 0
  outer loop
    vertex 3.0920417308807373 -2.5375730991363525 -12
    vertex 3.325878381729126 2.222280979156494 -12
    vertex 3.325878381729126 -2.222280979156494 -12
  endloop
endfacet
facet normal 0 0 0
  outer loop
    vertex 3.325878381729126 -2.222280979156494 -12
    vertex 3.5276851654052734 1.8855869770050049 -12
    vertex 3.5276851654052734 -1.8855869770050049 -12
  endloop
endfacet
facet normal 0 0 0
  outer loop
    vertex 3.5276851654052734 -1.8855869770050049 -12
    vertex 3.6955180168151855 1.5307337045669556 -12
    vertex 3.6955180168151855 -1.5307337045669556 -12
  endloop
endfacet
facet normal 0 0 0
  outer loop
    vertex 3.6955180168151855 -1.5307337045669556 -12
    vertex 3.82776141166687 1.161138653755188 -12
    vertex 3.82776141166687 -1.161138653755188 -12
  endloop
endfacet
facet normal 0 0 0
  outer loop
    vertex 3.82776141166687 -1.161138653755188 -12
    vertex 3.9231410026550293 0.7803612947463989 -12
    vertex 3.9231410026550293 -0.7803612947463989 -12
  endloop
endfacet
facet normal 0 0 0
  outer loop
    vertex 3.9231410026550293 -0.7803612947463989 -12
    vertex 3.980738878250122 0.3920685648918152 -12
    vertex 3.980738878250122 -0.3920685648918152 -12
  endloop
endfacet
facet normal 0 0 0
  outer loop
    vertex 3.0920417308807373 -2.5375730991363525 -12
    vertex 3.325878381729126 -2.222280979156494 -12
    vertex 3.0920417308807373 -2.5375730991363525 -2
  endloop
endfacet
facet normal 0 0 0
  outer loop
    vertex 3.325878381729126 -2.222280979156494 -12
    vertex 3.5276851654052734 -1.8855869770050049 -12
    vertex 3.325878381729126 -2.222280979156494 -2
  endloop
endfacet
facet normal 0 0 0
  outer loop
    vertex 3.5276851654052734 -1.8855869770050049 -12
    vertex 3.6955180168151855 -1.5307337045669556 -12
    vertex 3.5276851654052734 -1.8855869770050049 -2
  endloop
endfacet
facet normal 0 0 0
  outer loop
    vertex 3.6955180168151855 -1.5307337045669556 -12
    vertex 3.82776141166687 -1.161138653755188 -12
    vertex 3.6955180168151855 -1.5307337045669556 -2
  endloop
endfacet
facet normal 0 0 0
  outer loop
    vertex 3.82776141166687 -1.161138653755188 -12
    vertex 3.9231410026550293 -0.7803612947463989 -12
    vertex 3.82776141166687 -1.161138653755188 -2
  endloop
endfacet
facet normal 0 0 0
  outer loop
    vertex 3.9231410026550293 -0.7803612947463989 -12
    vertex 3.980738878250122 -0.3920685648918152 -12
    vertex 3.9231410026550293 -0.7803612947463989 -2
  endloop
endfacet
facet normal 0 0 0
  outer loop
    vertex 3.980738878250122 -0.3920685648918152 -12
    vertex 4 0 -12
    vertex 3.980738878250122 -0.3920685648918152 -2
  endloop
endfacet
facet normal 0 0 0
  outer loop
    vertex 0.3920685648918152 -3.980738878250122 -12
    vertex 0.3920685648918152 -3.980738878250122 -2
    vertex 0 -4 -2
  endloop
endfacet
facet normal 0 0 0
  outer loop
    vertex 0.7803612947463989 -3.9231410026550293 -12
    vertex 0.7803612947463989 -3.9231410026550293 -2
    vertex 0.3920685648918152 -3.980738878250122 -2
  endloop
endfacet
facet normal 0 0 0
  outer loop
    vertex 1.161138653755188 -3.82776141166687 -12
    vertex 1.161138653755188 -3.82776141166687 -2
    vertex 0.7803612947463989 -3.9231410026550293 -2
  endloop
endfacet
facet normal 0 0 0
  outer loop
    vertex 1.5307337045669556 -3.6955180168151855 -12
    vertex 1.5307337045669556 -3.6955180168151855 -2
    vertex 1.161138653755188 -3.82776141166687 -2
  endloop
endfacet
facet normal 0 0 0
  outer loop
    vertex 1.8855869770050049 -3.5276851654052734 -12
    vertex 1.8855869770050049 -3.5276851654052734 -2
    vertex 1.5307337045669556 -3.6955180168151855 -2
  endloop
endfacet
facet normal 0 0 0
  outer loop
    vertex 2.222280979156494 -3.325878381729126 -12
    vertex 2.222280979156494 -3.325878381729126 -2
    vertex 1.8855869770050049 -3.5276851654052734 -2
  endloop
endfacet
facet normal 0 0 0
  outer loop
    vertex 2.5375730991363525 -3.0920417308807373 -12
    vertex 2.5375730991363525 -3.0920417308807373 -2
    vertex 2.222280979156494 -3.325878381729126 -2
  endloop
endfacet
facet normal 0 0 0
  outer loop
    vertex 2.8284270763397217 -2.8284270763397217 -12
    vertex 2.8284270763397217 -2.8284270763397217 -2
    vertex 2.5375730991363525 -3.0920417308807373 -2
  endloop
endfacet
facet normal 0 0 0
  outer loop
    vertex 3.0920417308807373 -2.5375730991363525 -12
    vertex 3.0920417308807373 -2.5375730991363525 -2
    vertex 2.8284270763397217 -2.8284270763397217 -2
  endloop
endfacet
facet normal 0 0 0
  outer loop
    vertex 3.325878381729126 -2.222280979156494 -12
    vertex 3.325878381729126 -2.222280979156494 -2
    vertex 3.0920417308807373 -2.5375730991363525 -2
  endloop
endfacet
facet normal 0 0 0
  outer loop
    vertex 3.5276851654052734 -1.8855869770050049 -12
    vertex 3.5276851654052734 -1.8855869770050049 -2
    vertex 3.325878381729126 -2.222280979156494 -2
  endloop
endfacet
facet normal 0 0 0
  outer loop
    vertex 3.6955180168151855 -1.5307337045669556 -12
    vertex 3.6955180168151855 -1.5307337045669556 -2
    vertex 3.5276851654052734 -1.8855869770050049 -2
  endloop
endfacet
facet normal 0 0 0
  outer loop
    vertex 3.82776141166687 -1.161138653755188 -12
    vertex 3.82776141166687 -1.161138653755188 -2
    vertex 3.6955180168151855 -1.5307337045669556 -2
  endloop
endfacet
facet normal 0 0 0
  outer loop
    vertex 3.9231410026550293 -0.7803612947463989 -12
    vertex 3.9231410026550293 -0.7803612947463989 -2
    vertex 3.82776141166687 -1.161138653755188 -2
  endloop
endfacet
facet normal 0 0 0
  outer loop
    vertex 3.980738878250122 -0.3920685648918152 -12
    vertex 3.980738878250122 -0.3920685648918152 -2
    vertex 3.9231410026550293 -0.7803612947463989 -2
  endloop
endfacet
facet normal 0 0 0
  outer loop
    vertex 4 0 -12
    vertex 4 0 -2
    vertex 3.980738878250122 -0.3920685648918152 -2
  endloop
endfacet
facet normal 0 0 0
  outer loop
    vertex 0.3920685648918152 3.980738878250122 -12
    vertex 0 -4 -12
    vertex 0 4 -12
  endloop
endfacet
facet normal 0 0 0
  outer loop
    vertex 0.3920685648918152 -3.980738878250122 -12
    vertex 0.3920685648918152 3.980738878250122 -12
    vertex 0.7803612947463989 3.9231410026550293 -12
  endloop
endfacet
facet normal 0 0 0
  outer loop
    vertex 0.7803612947463989 -3.9231410026550293 -12
    vertex 0.7803612947463989 3.9231410026550293 -12
    vertex 1.161138653755188 3.82776141166687 -12
  endloop
endfacet
facet normal 0 0 0
  outer loop
    vertex 1.161138653755188 -3.82776141166687 -12
    vertex 1.161138653755188 3.82776141166687 -12
    vertex 1.5307337045669556 3.6955180168151855 -12
  endloop
endfacet
facet normal 0 0 0
  outer loop
    vertex 1.5307337045669556 -3.6955180168151855 -12
    vertex 1.5307337045669556 3.6955180168151855 -12
    vertex 1.8855869770050049 3.5276851654052734 -12
  endloop
endfacet
facet normal 0 0 0
  outer loop
    vertex 1.8855869770050049 -3.5276851654052734 -12
    vertex 1.8855869770050049 3.5276851654052734 -12
    vertex 2.222280979156494 3.325878381729126 -12
  endloop
endfacet
facet normal 0 0 0
  outer loop
    vertex 2.222280979156494 -3.325878381729126 -12
    vertex 2.222280979156494 3.325878381729126 -12
    vertex 2.5375730991363525 3.0920417308807373 -12
  endloop
endfacet
facet normal 0 0 0
  outer loop
    vertex 0.3920685648918152 3.980738878250122 -12
    vertex 0 4 -12
    vertex 0.3920685648918152 3.980738878250122 -2
  endloop
endfacet
facet normal 0 0 0
  outer loop
    vertex 0.3920685648918152 3.980738878250122 -12
    vertex 0.7803612947463989 3.9231410026550293 -2
    vertex 0.7803612947463989 3.9231410026550293 -12
  endloop
endfacet
facet normal 0 0 0
  outer loop
    vertex 0.7803612947463989 3.9231410026550293 -12
    vertex 1.161138653755188 3.82776141166687 -2
    vertex 1.161138653755188 3.82776141166687 -12
  endloop
endfacet
facet normal 0 0 0
  outer loop
    vertex 1.161138653755188 3.82776141166687 -12
    vertex 1.5307337045669556 3.6955180168151855 -2
    vertex 1.5307337045669556 3.6955180168151855 -12
  endloop
endfacet
facet normal 0 0 0
  outer loop
    vertex 1.5307337045669556 3.6955180168151855 -12
    vertex 1.8855869770050049 3.5276851654052734 -2
    vertex 1.8855869770050049 3.5276851654052734 -12
  endloop
endfacet
facet normal 0 0 0
  outer loop
    vertex 1.8855869770050049 3.5276851654052734 -12
    vertex 2.222280979156494 3.325878381729126 -2
    vertex 2.222280979156494 3.325878381729126 -12
  endloop
endfacet
facet normal 0 0 0
  outer loop
    vertex 2.222280979156494 3.325878381729126 -12
    vertex 2.5375730991363525 3.0920417308807373 -2
    vertex 2.5375730991363525 3.0920417308807373 -12
  endloop
endfacet
facet normal 0 0 0
  outer loop
    vertex 2.5375730991363525 -3.0920417308807373 -12
    vertex 2.5375730991363525 3.0920417308807373 -12
    vertex 2.8284270763397217 2.8284270763397217 -12
  endloop
endfacet
facet normal 0 0 0
  outer loop
    vertex 2.8284270763397217 -2.8284270763397217 -12
    vertex 2.8284270763397217 2.8284270763397217 -12
    vertex 3.0920417308807373 2.5375730991363525 -12
  endloop
endfacet
facet normal 0 0 0
  outer loop
    vertex 3.5276851654052734 -1.8855869770050049 -12
    vertex 3.5276851654052734 1.8855869770050049 -12
    vertex 3.6955180168151855 1.5307337045669556 -12
  endloop
endfacet
facet normal 0 0 0
  outer loop
    vertex 3.6955180168151855 -1.5307337045669556 -12
    vertex 3.6955180168151855 1.5307337045669556 -12
    vertex 3.82776141166687 1.161138653755188 -12
  endloop
endfacet
facet normal 0 0 0
  outer loop
    vertex 3.0920417308807373 -2.5375730991363525 -12
    vertex 3.0920417308807373 2.5375730991363525 -12
    vertex 3.325878381729126 2.222280979156494 -12
  endloop
endfacet
facet normal 0 0 0
  outer loop
    vertex 3.325878381729126 -2.222280979156494 -12
    vertex 3.325878381729126 2.222280979156494 -12
    vertex 3.5276851654052734 1.8855869770050049 -12
  endloop
endfacet
facet normal 0 0 0
  outer loop
    vertex 3.82776141166687 -1.161138653755188 -12
    vertex 3.82776141166687 1.161138653755188 -12
    vertex 3.9231410026550293 0.7803612947463989 -12
  endloop
endfacet
facet normal 0 0 0
  outer loop
    vertex 3.9231410026550293 -0.7803612947463989 -12
    vertex 3.9231410026550293 0.7803612947463989 -12
    vertex 3.980738878250122 0.3920685648918152 -12
  endloop
endfacet
facet normal 0 0 0
  outer loop
    vertex 3.980738878250122 -0.3920685648918152 -12
    vertex 3.980738878250122 0.3920685648918152 -12
    vertex 4 0 -12
  endloop
endfacet
facet normal 0 0 0
  outer loop
    vertex 3.6955180168151855 1.5307337045669556 -12
    vertex 3.5276851654052734 1.8855869770050049 -12
    vertex 3.6955180168151855 1.5307337045669556 -2
  endloop
endfacet
facet normal 0 0 0
  outer loop
    vertex 3.325878381729126 2.222280979156494 -12
    vertex 3.0920417308807373 2.5375730991363525 -12
    vertex 3.325878381729126 2.222280979156494 -2
  endloop
endfacet
facet normal 0 0 0
  outer loop
    vertex 3.5276851654052734 1.8855869770050049 -12
    vertex 3.325878381729126 2.222280979156494 -12
    vertex 3.5276851654052734 1.8855869770050049 -2
  endloop
endfacet
facet normal 0 0 0
  outer loop
    vertex 3.980738878250122 0.3920685648918152 -12
    vertex 4 0 -2
    vertex 4 0 -12
  endloop
endfacet
facet normal 0 0 0
  outer loop
    vertex 3.980738878250122 0.3920685648918152 -12
    vertex 3.9231410026550293 0.7803612947463989 -12
    vertex 3.980738878250122 0.3920685648918152 -2
  endloop
endfacet
facet normal 0 0 0
  outer loop
    vertex 3.9231410026550293 0.7803612947463989 -12
    vertex 3.82776141166687 1.161138653755188 -12
    vertex 3.9231410026550293 0.7803612947463989 -2
  endloop
endfacet
facet normal 0 0 0
  outer loop
    vertex 3.82776141166687 1.161138653755188 -12
    vertex 3.6955180168151855 1.5307337045669556 -12
    vertex 3.82776141166687 1.161138653755188 -2
  endloop
endfacet
facet normal 0 0 0
  outer loop
    vertex 2.8284270763397217 2.8284270763397217 -12
    vertex 2.5375730991363525 3.0920417308807373 -12
    vertex 2.8284270763397217 2.8284270763397217 -2
  endloop
endfacet
facet normal 0 0 0
  outer loop
    vertex 2.8284270763397217 2.8284270763397217 -12
    vertex 3.0920417308807373 2.5375730991363525 -2
    vertex 3.0920417308807373 2.5375730991363525 -12
  endloop
endfacet
facet normal 0 0 0
  outer loop
    vertex 0 4 -2
    vertex 0.3920685648918152 3.980738878250122 -2
    vertex 0 4 -12
  endloop
endfacet
facet normal 0 0 0
  outer loop
    vertex 0.3920685648918152 3.980738878250122 -12
    vertex 0.3920685648918152 3.980738878250122 -2
    vertex 0.7803612947463989 3.9231410026550293 -2
  endloop
endfacet
facet normal 0 0 0
  outer loop
    vertex 0.7803612947463989 3.9231410026550293 -12
    vertex 0.7803612947463989 3.9231410026550293 -2
    vertex 1.161138653755188 3.82776141166687 -2
  endloop
endfacet
facet normal 0 0 0
  outer loop
    vertex 1.5307337045669556 3.6955180168151855 -12
    vertex 1.5307337045669556 3.6955180168151855 -2
    vertex 1.8855869770050049 3.5276851654052734 -2
  endloop
endfacet
facet normal 0 0 0
  outer loop
    vertex 1.8855869770050049 3.5276851654052734 -12
    vertex 1.8855869770050049 3.5276851654052734 -2
    vertex 2.222280979156494 3.325878381729126 -2
  endloop
endfacet
facet normal 0 0 0
  outer loop
    vertex 2.222280979156494 3.325878381729126 -12
    vertex 2.222280979156494 3.325878381729126 -2
    vertex 2.5375730991363525 3.0920417308807373 -2
  endloop
endfacet
facet normal 0 0 0
  outer loop
    vertex 1.161138653755188 3.82776141166687 -12
    vertex 1.161138653755188 3.82776141166687 -2
    vertex 1.5307337045669556 3.6955180168151855 -2
  endloop
endfacet
facet normal 0 0 0
  outer loop
    vertex 3.6955180168151855 1.5307337045669556 -12
    vertex 3.6955180168151855 1.5307337045669556 -2
    vertex 3.82776141166687 1.161138653755188 -2
  endloop
endfacet
facet normal 0 0 0
  outer loop
    vertex 3.5276851654052734 1.8855869770050049 -12
    vertex 3.5276851654052734 1.8855869770050049 -2
    vertex 3.6955180168151855 1.5307337045669556 -2
  endloop
endfacet
facet normal 0 0 0
  outer loop
    vertex 3.325878381729126 2.222280979156494 -12
    vertex 3.325878381729126 2.222280979156494 -2
    vertex 3.5276851654052734 1.8855869770050049 -2
  endloop
endfacet
facet normal 0 0 0
  outer loop
    vertex 3.0920417308807373 2.5375730991363525 -12
    vertex 3.0920417308807373 2.5375730991363525 -2
    vertex 3.325878381729126 2.222280979156494 -2
  endloop
endfacet
facet normal 0 0 0
  outer loop
    vertex 3.980738878250122 0.3920685648918152 -12
    vertex 3.980738878250122 0.3920685648918152 -2
    vertex 4 0 -2
  endloop
endfacet
facet normal 0 0 0
  outer loop
    vertex 3.9231410026550293 0.7803612947463989 -12
    vertex 3.9231410026550293 0.7803612947463989 -2
    vertex 3.980738878250122 0.3920685648918152 -2
  endloop
endfacet
facet normal 0 0 0
  outer loop
    vertex 3.82776141166687 1.161138653755188 -12
    vertex 3.82776141166687 1.161138653755188 -2
    vertex 3.9231410026550293 0.7803612947463989 -2
  endloop
endfacet
facet normal 0 0 0
  outer loop
    vertex 2.5375730991363525 3.0920417308807373 -12
    vertex 2.5375730991363525 3.0920417308807373 -2
    vertex 2.8284270763397217 2.8284270763397217 -2
  endloop
endfacet
facet normal 0 0 0
  outer loop
    vertex 2.8284270763397217 2.8284270763397217 -12
    vertex 2.8284270763397217 2.8284270763397217 -2
    vertex 3.0920417308807373 2.5375730991363525 -2
  endloop
endfacet
facet normal 0 0 0
  outer loop
    vertex -0.75 4 -12
    vertex -0.75 5.5 -12
    vertex 0 4 -12
  endloop
endfacet
facet normal 0 0 0
  outer loop
    vertex -0.75 4 -12
    vertex 0 4 -12
    vertex 0 4 -2
  endloop
endfacet
facet normal 0 0 0
  outer loop
    vertex -0.75 4 -12
    vertex -0.75 4 -2
    vertex -0.75 5.5 -2
  endloop
endfacet
facet normal 0 0 0
  outer loop
    vertex -0.75 4 -12
    vertex 0 4 -2
    vertex -0.75 4 -2
  endloop
endfacet
facet normal 0 0 0
  outer loop
    vertex -0.75 4 -12
    vertex -0.75 5.5 -2
    vertex -0.75 5.5 -12
  endloop
endfacet
facet normal 0 0 0
  outer loop
    vertex -0.75 5.5 -12
    vertex -0.75 5.5 -2
    vertex 0.75 5.5 -2
  endloop
endfacet
facet normal 0 0 0
  outer loop
    vertex -0.75 5.5 -12
    vertex 0.75 4 -12
    vertex 0 4 -12
  endloop
endfacet
facet normal 0 0 0
  outer loop
    vertex 0.75 4 -12
    vertex 0.75 4 -2
    vertex 0 4 -12
  endloop
endfacet
facet normal 0 0 0
  outer loop
    vertex 0.75 4 -12
    vertex 0.75 5.5 -12
    vertex 0.75 4 -2
  endloop
endfacet
facet normal 0 0 0
  outer loop
    vertex 0.75 4 -2
    vertex 0 4 -2
    vertex 0 4 -12
  endloop
endfacet
facet normal 0 0 0
  outer loop
    vertex -0.75 5.5 -12
    vertex 0.75 5.5 -12
    vertex 0.75 4 -12
  endloop
endfacet
facet normal 0 0 0
  outer loop
    vertex -0.75 5.5 -12
    vertex 0.75 5.5 -2
    vertex 0.75 5.5 -12
  endloop
endfacet
facet normal 0 0 0
  outer loop
    vertex 0.75 4 -2
    vertex 0.75 5.5 -12
    vertex 0.75 5.5 -2
  endloop
endfacet
facet normal 0 0 0
  outer loop
    vertex -0.75 -5.5 -12
    vertex 0.75 -5.5 -12
    vertex -0.75 -5.5 -2
  endloop
endfacet
facet normal 0 0 0
  outer loop
    vertex -0.75 -5.5 -12
    vertex -0.75 -4 -12
    vertex 0.75 -5.5 -12
  endloop
endfacet
facet normal 0 0 0
  outer loop
    vertex -0.75 -5.5 -12
    vertex -0.75 -4 -2
    vertex -0.75 -4 -12
  endloop
endfacet
facet normal 0 0 0
  outer loop
    vertex -0.75 -4 -12
    vertex -0.75 -4 -2
    vertex 0 -4 -12
  endloop
endfacet
facet normal 0 0 0
  outer loop
    vertex -0.75 -5.5 -12
    vertex -0.75 -5.5 -2
    vertex -0.75 -4 -2
  endloop
endfacet
facet normal 0 0 0
  outer loop
    vertex -0.75 -4 -2
    vertex 0 -4 -2
    vertex 0 -4 -12
  endloop
endfacet
facet normal 0 0 0
  outer loop
    vertex -0.75 -5.5 -2
    vertex 0.75 -5.5 -12
    vertex 0.75 -5.5 -2
  endloop
endfacet
facet normal 0 0 0
  outer loop
    vertex -0.75 -4 -12
    vertex 0 -4 -12
    vertex 0.75 -5.5 -12
  endloop
endfacet
facet normal 0 0 0
  outer loop
    vertex 0.75 -5.5 -12
    vertex 0 -4 -12
    vertex 0.75 -4 -12
  endloop
endfacet
facet normal 0 0 0
  outer loop
    vertex 0.75 -4 -12
    vertex 0 -4 -12
    vertex 0 -4 -2
  endloop
endfacet
facet normal 0 0 0
  outer loop
    vertex 0.75 -5.5 -12
    vertex 0.75 -4 -12
    vertex 0.75 -5.5 -2
  endloop
endfacet
facet normal 0 0 0
  outer loop
    vertex 0.75 -4 -12
    vertex 0 -4 -2
    vertex 0.75 -4 -2
  endloop
endfacet
facet normal 0 0 0
  outer loop
    vertex 0.75 -5.5 -2
    vertex 0.75 -4 -12
    vertex 0.75 -4 -2
  endloop
endfacet
facet normal 0 0 0
  outer loop
    vertex -5.5 -0.75 -12
    vertex -5.5 -0.75 -2
    vertex -5.5 0.75 -2
  endloop
endfacet
facet normal 0 0 0
  outer loop
    vertex -5.5 -0.75 -12
    vertex -4 0 -12
    vertex -4 -0.75 -12
  endloop
endfacet
facet normal 0 0 0
  outer loop
    vertex -5.5 -0.75 -12
    vertex -4 -0.75 -12
    vertex -5.5 -0.75 -2
  endloop
endfacet
facet normal 0 0 0
  outer loop
    vertex -4 -0.75 -12
    vertex -4 0 -12
    vertex -4 0 -2
  endloop
endfacet
facet normal 0 0 0
  outer loop
    vertex -5.5 -0.75 -2
    vertex -4 -0.75 -12
    vertex -4 -0.75 -2
  endloop
endfacet
facet normal 0 0 0
  outer loop
    vertex -4 -0.75 -12
    vertex -4 0 -2
    vertex -4 -0.75 -2
  endloop
endfacet
facet normal 0 0 0
  outer loop
    vertex -5.5 -0.75 -12
    vertex -5.5 0.75 -2
    vertex -5.5 0.75 -12
  endloop
endfacet
facet normal 0 0 0
  outer loop
    vertex -5.5 -0.75 -12
    vertex -5.5 0.75 -12
    vertex -4 0.75 -12
  endloop
endfacet
facet normal 0 0 0
  outer loop
    vertex -5.5 -0.75 -12
    vertex -4 0.75 -12
    vertex -4 0 -12
  endloop
endfacet
facet normal 0 0 0
  outer loop
    vertex -5.5 0.75 -12
    vertex -4 0.75 -2
    vertex -4 0.75 -12
  endloop
endfacet
facet normal 0 0 0
  outer loop
    vertex -4 0.75 -12
    vertex -4 0.75 -2
    vertex -4 0 -12
  endloop
endfacet
facet normal 0 0 0
  outer loop
    vertex -5.5 0.75 -12
    vertex -5.5 0.75 -2
    vertex -4 0.75 -2
  endloop
endfacet
facet normal 0 0 0
  outer loop
    vertex -4 0.75 -2
    vertex -4 0 -2
    vertex -4 0 -12
  endloop
endfacet
facet normal 0 0 0
  outer loop
    vertex 4 -0.75 -12
    vertex 4 -0.75 -2
    vertex 4 0 -12
  endloop
endfacet
facet normal 0 0 0
  outer loop
    vertex 4 -0.75 -12
    vertex 5.5 -0.75 -12
    vertex 4 -0.75 -2
  endloop
endfacet
facet normal 0 0 0
  outer loop
    vertex 4 -0.75 -2
    vertex 4 0 -2
    vertex 4 0 -12
  endloop
endfacet
facet normal 0 0 0
  outer loop
    vertex 4 -0.75 -12
    vertex 5.5 0.75 -12
    vertex 5.5 -0.75 -12
  endloop
endfacet
facet normal 0 0 0
  outer loop
    vertex 5.5 -0.75 -12
    vertex 5.5 0.75 -12
    vertex 5.5 -0.75 -2
  endloop
endfacet
facet normal 0 0 0
  outer loop
    vertex 4 -0.75 -2
    vertex 5.5 -0.75 -12
    vertex 5.5 -0.75 -2
  endloop
endfacet
facet normal 0 0 0
  outer loop
    vertex 4 -0.75 -12
    vertex 4 0 -12
    vertex 5.5 0.75 -12
  endloop
endfacet
facet normal 0 0 0
  outer loop
    vertex 4 0.75 -12
    vertex 5.5 0.75 -12
    vertex 4 0 -12
  endloop
endfacet
facet normal 0 0 0
  outer loop
    vertex 4 0.75 -12
    vertex 4 0 -12
    vertex 4 0 -2
  endloop
endfacet
facet normal 0 0 0
  outer loop
    vertex 4 0.75 -12
    vertex 4 0 -2
    vertex 4 0.75 -2
  endloop
endfacet
facet normal 0 0 0
  outer loop
    vertex 4 0.75 -12
    vertex 4 0.75 -2
    vertex 5.5 0.75 -2
  endloop
endfacet
facet normal 0 0 0
  outer loop
    vertex 4 0.75 -12
    vertex 5.5 0.75 -2
    vertex 5.5 0.75 -12
  endloop
endfacet
facet normal 0 0 0
  outer loop
    vertex 5.5 -0.75 -2
    vertex 5.5 0.75 -12
    vertex 5.5 0.75 -2
  endloop
endfacet
endsolid DialysisCable_BottomConnector