solid DialysisCable_BottomWrench
facet normal 0 0 0
  outer loop
    vertex -4.063985347747803 -13.397164344787598 -12
    vertex -2.696171522140503 -3.285294532775879 -12
    vertex -2.731264591217041 -13.73099422454834 -12
  endloop
endfacet
facet normal 0 0 0
  outer loop
    vertex -2.731264591217041 -13.73099422454834 -12
    vertex -1.2337099313735962 -4.0669965744018555 -12
    vertex -1.3722399473190308 -13.932585716247559 -12
  endloop
endfacet
facet normal 0 0 0
  outer loop
    vertex -1.3722399473190308 -13.932585716247559 -12
    vertex 0 -4.25 -12
    vertex 0 -14 -12
  endloop
endfacet
facet normal 0 0 0
  outer loop
    vertex 0 -14 -12
    vertex 13.330607414245605 -4.25 -12
    vertex 1.3722399473190308 -13.932585716247559 -12
  endloop
endfacet
facet normal 0 0 0
  outer loop
    vertex 1.3722399473190308 -13.932585716247559 -12
    vertex 13.330607414245605 -4.25 -12
    vertex 2.731264591217041 -13.73099422454834 -12
  endloop
endfacet
facet normal 0 0 0
  outer loop
    vertex 2.731264591217041 -13.73099422454834 -12
    vertex 13.330607414245605 -4.25 -12
    vertex 4.063985347747803 -13.397164344787598 -12
  endloop
endfacet
facet normal 0 0 0
  outer loop
    vertex 4.063985347747803 -13.397164344787598 -12
    vertex 13.330607414245605 -4.25 -12
    vertex 5.357568264007568 -12.934313774108887 -12
  endloop
endfacet
facet normal 0 0 0
  outer loop
    vertex -5.357568264007568 -12.934313774108887 -12
    vertex -6.599554538726807 -12.346898078918457 -2
    vertex -6.599554538726807 -12.346898078918457 -12
  endloop
endfacet
facet normal 0 0 0
  outer loop
    vertex -4.063985347747803 -13.397164344787598 -12
    vertex -5.357568264007568 -12.934313774108887 -2
    vertex -5.357568264007568 -12.934313774108887 -12
  endloop
endfacet
facet normal 0 0 0
  outer loop
    vertex -4.063985347747803 -13.397164344787598 -12
    vertex -2.731264591217041 -13.73099422454834 -12
    vertex -4.063985347747803 -13.397164344787598 -2
  endloop
endfacet
facet normal 0 0 0
  outer loop
    vertex -6.599554538726807 -12.346898078918457 -12
    vertex -7.77798318862915 -11.64057445526123 -2
    vertex -7.77798318862915 -11.64057445526123 -12
  endloop
endfacet
facet normal 0 0 0
  outer loop
    vertex -8.881505966186523 -10.82214641571045 -12
    vertex -9.377413749694824 -10.372682571411133 -2
    vertex -9.377413749694824 -10.372682571411133 -12
  endloop
endfacet
facet normal 0 0 0
  outer loop
    vertex -7.77798318862915 -11.64057445526123 -12
    vertex -8.881505966186523 -10.82214641571045 -2
    vertex -8.881505966186523 -10.82214641571045 -12
  endloop
endfacet
facet normal 0 0 0
  outer loop
    vertex -2.731264591217041 -13.73099422454834 -12
    vertex -1.3722399473190308 -13.932585716247559 -12
    vertex -2.731264591217041 -13.73099422454834 -2
  endloop
endfacet
facet normal 0 0 0
  outer loop
    vertex -1.3722399473190308 -13.932585716247559 -12
    vertex 0 -14 -12
    vertex -1.3722399473190308 -13.932585716247559 -2
  endloop
endfacet
facet normal 0 0 0
  outer loop
    vertex 0 -14 -12
    vertex 1.3722399473190308 -13.932585716247559 -12
    vertex 0 -14 -2
  endloop
endfacet
facet normal 0 0 0
  outer loop
    vertex 1.3722399473190308 -13.932585716247559 -12
    vertex 2.731264591217041 -13.73099422454834 -12
    vertex 1.3722399473190308 -13.932585716247559 -2
  endloop
endfacet
facet normal 0 0 0
  outer loop
    vertex 2.731264591217041 -13.73099422454834 -12
    vertex 4.063985347747803 -13.397164344787598 -12
    vertex 2.731264591217041 -13.73099422454834 -2
  endloop
endfacet
facet normal 0 0 0
  outer loop
    vertex 4.063985347747803 -13.397164344787598 -12
    vertex 5.357568264007568 -12.934313774108887 -12
    vertex 4.063985347747803 -13.397164344787598 -2
  endloop
endfacet
facet normal 0 0 0
  outer loop
    vertex 5.357568264007568 -12.934313774108887 -12
    vertex 6.599554538726807 -12.346898078918457 -12
    vertex 5.357568264007568 -12.934313774108887 -2
  endloop
endfacet
facet normal 0 0 0
  outer loop
    vertex 6.599554538726807 -12.346898078918457 -12
    vertex 7.77798318862915 -11.64057445526123 -12
    vertex 6.599554538726807 -12.346898078918457 -2
  endloop
endfacet
facet normal 0 0 0
  outer loop
    vertex 7.77798318862915 -11.64057445526123 -12
    vertex 8.881505966186523 -10.82214641571045 -12
    vertex 7.77798318862915 -11.64057445526123 -2
  endloop
endfacet
facet normal 0 0 0
  outer loop
    vertex 8.881505966186523 -10.82214641571045 -12
    vertex 9.899495124816895 -9.899495124816895 -12
    vertex 8.881505966186523 -10.82214641571045 -2
  endloop
endfacet
facet normal 0 0 0
  outer loop
    vertex -4.063985347747803 -13.397164344787598 -12
    vertex -5.357568264007568 -12.934313774108887 -12
    vertex -3.926487922668457 -1.6264046430587769 -12
  endloop
endfacet
facet normal 0 0 0
  outer loop
    vertex -4.063985347747803 -13.397164344787598 -12
    vertex -3.0052037239074707 -3.0052037239074707 -12
    vertex -2.696171522140503 -3.285294532775879 -12
  endloop
endfacet
facet normal 0 0 0
  outer loop
    vertex -2.731264591217041 -13.73099422454834 -12
    vertex -2.696171522140503 -3.285294532775879 -12
    vertex -2.361173391342163 -3.533745765686035 -12
  endloop
endfacet
facet normal 0 0 0
  outer loop
    vertex -4.063985347747803 -13.397164344787598 -12
    vertex -3.285294532775879 -2.696171522140503 -12
    vertex -3.0052037239074707 -3.0052037239074707 -12
  endloop
endfacet
facet normal 0 0 0
  outer loop
    vertex -4.063985347747803 -13.397164344787598 -12
    vertex -3.533745765686035 -2.361173391342163 -12
    vertex -3.285294532775879 -2.696171522140503 -12
  endloop
endfacet
facet normal 0 0 0
  outer loop
    vertex -4.063985347747803 -13.397164344787598 -12
    vertex -3.7481653690338135 -2.0034360885620117 -12
    vertex -3.533745765686035 -2.361173391342163 -12
  endloop
endfacet
facet normal 0 0 0
  outer loop
    vertex -4.063985347747803 -13.397164344787598 -12
    vertex -3.926487922668457 -1.6264046430587769 -12
    vertex -3.7481653690338135 -2.0034360885620117 -12
  endloop
endfacet
facet normal 0 0 0
  outer loop
    vertex -5.357568264007568 -12.934313774108887 -12
    vertex -4.0669965744018555 -1.2337099313735962 -12
    vertex -3.926487922668457 -1.6264046430587769 -12
  endloop
endfacet
facet normal 0 0 0
  outer loop
    vertex -6.599554538726807 -12.346898078918457 -12
    vertex -7.77798318862915 -11.64057445526123 -12
    vertex -6.599554538726807 12.346898078918457 -12
  endloop
endfacet
facet normal 0 0 0
  outer loop
    vertex -8.881505966186523 -10.82214641571045 -12
    vertex -9.377413749694824 -10.372682571411133 -12
    vertex -8.881505966186523 10.82214641571045 -12
  endloop
endfacet
facet normal 0 0 0
  outer loop
    vertex -9.377413749694824 -10.372682571411133 -12
    vertex -9.78133487701416 -10.00658893585205 -12
    vertex -8.881505966186523 10.82214641571045 -12
  endloop
endfacet
facet normal 0 0 0
  outer loop
    vertex -7.77798318862915 -11.64057445526123 -12
    vertex -8.881505966186523 -10.82214641571045 -12
    vertex -7.77798318862915 11.64057445526123 -12
  endloop
endfacet
facet normal 0 0 0
  outer loop
    vertex -5.357568264007568 -12.934313774108887 -12
    vertex -4.229535102844238 -0.41657283902168274 -12
    vertex -4.168337345123291 -0.8291338682174683 -12
  endloop
endfacet
facet normal 0 0 0
  outer loop
    vertex -5.357568264007568 -12.934313774108887 -12
    vertex -4.25 0 -12
    vertex -4.229535102844238 -0.41657283902168274 -12
  endloop
endfacet
facet normal 0 0 0
  outer loop
    vertex -5.357568264007568 -12.934313774108887 -12
    vertex -6.599554538726807 -12.346898078918457 -12
    vertex -5.357568264007568 12.934313774108887 -12
  endloop
endfacet
facet normal 0 0 0
  outer loop
    vertex -5.357568264007568 -12.934313774108887 -12
    vertex -4.168337345123291 -0.8291338682174683 -12
    vertex -4.0669965744018555 -1.2337099313735962 -12
  endloop
endfacet
facet normal 0 0 0
  outer loop
    vertex -9.78133487701416 -10.00658893585205 -12
    vertex -9.806868553161621 -8.014041900634766 -12
    vertex -8.881505966186523 10.82214641571045 -12
  endloop
endfacet
facet normal 0 0 0
  outer loop
    vertex -2.731264591217041 -13.73099422454834 -12
    vertex -1.6264046430587769 -3.926487922668457 -12
    vertex -1.2337099313735962 -4.0669965744018555 -12
  endloop
endfacet
facet normal 0 0 0
  outer loop
    vertex -2.731264591217041 -13.73099422454834 -12
    vertex -2.0034360885620117 -3.7481653690338135 -12
    vertex -1.6264046430587769 -3.926487922668457 -12
  endloop
endfacet
facet normal 0 0 0
  outer loop
    vertex -2.731264591217041 -13.73099422454834 -12
    vertex -2.361173391342163 -3.533745765686035 -12
    vertex -2.0034360885620117 -3.7481653690338135 -12
  endloop
endfacet
facet normal 0 0 0
  outer loop
    vertex -1.3722399473190308 -13.932585716247559 -12
    vertex -1.2337099313735962 -4.0669965744018555 -12
    vertex -0.8291338682174683 -4.168337345123291 -12
  endloop
endfacet
facet normal 0 0 0
  outer loop
    vertex -1.3722399473190308 -13.932585716247559 -12
    vertex -0.8291338682174683 -4.168337345123291 -12
    vertex -0.41657283902168274 -4.229535102844238 -12
  endloop
endfacet
facet normal 0 0 0
  outer loop
    vertex -1.3722399473190308 -13.932585716247559 -12
    vertex -0.41657283902168274 -4.229535102844238 -12
    vertex 0 -4.25 -12
  endloop
endfacet
facet normal 0 0 0
  outer loop
    vertex 0 -14 -12
    vertex 0 -4.25 -12
    vertex 13.330607414245605 -4.25 -12
  endloop
endfacet
facet normal 0 0 0
  outer loop
    vertex 5.357568264007568 -12.934313774108887 -12
    vertex 13.330607414245605 -4.25 -12
    vertex 6.599554538726807 -12.346898078918457 -12
  endloop
endfacet
facet normal 0 0 0
  outer loop
    vertex 6.599554538726807 -12.346898078918457 -12
    vertex 13.330607414245605 -4.25 -12
    vertex 7.77798318862915 -11.64057445526123 -12
  endloop
endfacet
facet normal 0 0 0
  outer loop
    vertex 7.77798318862915 -11.64057445526123 -12
    vertex 13.330607414245605 -4.25 -12
    vertex 8.881505966186523 -10.82214641571045 -12
  endloop
endfacet
facet normal 0 0 0
  outer loop
    vertex 8.881505966186523 -10.82214641571045 -12
    vertex 13.330607414245605 -4.25 -12
    vertex 9.899495124816895 -9.899495124816895 -12
  endloop
endfacet
facet normal 0 0 0
  outer loop
    vertex 9.899495124816895 -9.899495124816895 -12
    vertex 13.330607414245605 -4.25 -12
    vertex 10.82214641571045 -8.881505966186523 -12
  endloop
endfacet
facet normal 0 0 0
  outer loop
    vertex 10.82214641571045 -8.881505966186523 -12
    vertex 13.330607414245605 -4.25 -12
    vertex 11.64057445526123 -7.77798318862915 -12
  endloop
endfacet
facet normal 0 0 0
  outer loop
    vertex 11.64057445526123 -7.77798318862915 -12
    vertex 13.330607414245605 -4.25 -12
    vertex 12.346898078918457 -6.599554538726807 -12
  endloop
endfacet
facet normal 0 0 0
  outer loop
    vertex 12.346898078918457 -6.599554538726807 -12
    vertex 13.330607414245605 -4.25 -12
    vertex 12.934313774108887 -5.357568264007568 -12
  endloop
endfacet
facet normal 0 0 0
  outer loop
    vertex 9.899495124816895 -9.899495124816895 -12
    vertex 10.82214641571045 -8.881505966186523 -12
    vertex 9.899495124816895 -9.899495124816895 -2
  endloop
endfacet
facet normal 0 0 0
  outer loop
    vertex 10.82214641571045 -8.881505966186523 -12
    vertex 11.64057445526123 -7.77798318862915 -12
    vertex 10.82214641571045 -8.881505966186523 -2
  endloop
endfacet
facet normal 0 0 0
  outer loop
    vertex 11.64057445526123 -7.77798318862915 -12
    vertex 12.346898078918457 -6.599554538726807 -12
    vertex 11.64057445526123 -7.77798318862915 -2
  endloop
endfacet
facet normal 0 0 0
  outer loop
    vertex 12.346898078918457 -6.599554538726807 -12
    vertex 12.934313774108887 -5.357568264007568 -12
    vertex 12.346898078918457 -6.599554538726807 -2
  endloop
endfacet
facet normal 0 0 0
  outer loop
    vertex 12.934313774108887 -5.357568264007568 -12
    vertex 13.330607414245605 -4.25 -12
    vertex 13.330607414245605 -4.25 -2
  endloop
endfacet
facet normal 0 0 0
  outer loop
    vertex -5.357568264007568 -12.934313774108887 -12
    vertex -5.357568264007568 -12.934313774108887 -2
    vertex -6.599554538726807 -12.346898078918457 -2
  endloop
endfacet
facet normal 0 0 0
  outer loop
    vertex -4.063985347747803 -13.397164344787598 -12
    vertex -4.063985347747803 -13.397164344787598 -2
    vertex -5.357568264007568 -12.934313774108887 -2
  endloop
endfacet
facet normal 0 0 0
  outer loop
    vertex -2.731264591217041 -13.73099422454834 -12
    vertex -2.731264591217041 -13.73099422454834 -2
    vertex -4.063985347747803 -13.397164344787598 -2
  endloop
endfacet
facet normal 0 0 0
  outer loop
    vertex -6.599554538726807 -12.346898078918457 -12
    vertex -6.599554538726807 -12.346898078918457 -2
    vertex -7.77798318862915 -11.64057445526123 -2
  endloop
endfacet
facet normal 0 0 0
  outer loop
    vertex -7.77798318862915 -11.64057445526123 -12
    vertex -7.77798318862915 -11.64057445526123 -2
    vertex -8.881505966186523 -10.82214641571045 -2
  endloop
endfacet
facet normal 0 0 0
  outer loop
    vertex -8.881505966186523 -10.82214641571045 -12
    vertex -8.881505966186523 -10.82214641571045 -2
    vertex -9.377413749694824 -10.372682571411133 -2
  endloop
endfacet
facet normal 0 0 0
  outer loop
    vertex -1.3722399473190308 -13.932585716247559 -12
    vertex -1.3722399473190308 -13.932585716247559 -2
    vertex -2.731264591217041 -13.73099422454834 -2
  endloop
endfacet
facet normal 0 0 0
  outer loop
    vertex 0 -14 -12
    vertex 0 -14 -2
    vertex -1.3722399473190308 -13.932585716247559 -2
  endloop
endfacet
facet normal 0 0 0
  outer loop
    vertex 1.3722399473190308 -13.932585716247559 -12
    vertex 1.3722399473190308 -13.932585716247559 -2
    vertex 0 -14 -2
  endloop
endfacet
facet normal 0 0 0
  outer loop
    vertex 2.731264591217041 -13.73099422454834 -12
    vertex 2.731264591217041 -13.73099422454834 -2
    vertex 1.3722399473190308 -13.932585716247559 -2
  endloop
endfacet
facet normal 0 0 0
  outer loop
    vertex 4.063985347747803 -13.397164344787598 -12
    vertex 4.063985347747803 -13.397164344787598 -2
    vertex 2.731264591217041 -13.73099422454834 -2
  endloop
endfacet
facet normal 0 0 0
  outer loop
    vertex 5.357568264007568 -12.934313774108887 -12
    vertex 5.357568264007568 -12.934313774108887 -2
    vertex 4.063985347747803 -13.397164344787598 -2
  endloop
endfacet
facet normal 0 0 0
  outer loop
    vertex 6.599554538726807 -12.346898078918457 -12
    vertex 6.599554538726807 -12.346898078918457 -2
    vertex 5.357568264007568 -12.934313774108887 -2
  endloop
endfacet
facet normal 0 0 0
  outer loop
    vertex 7.77798318862915 -11.64057445526123 -12
    vertex 7.77798318862915 -11.64057445526123 -2
    vertex 6.599554538726807 -12.346898078918457 -2
  endloop
endfacet
facet normal 0 0 0
  outer loop
    vertex 8.881505966186523 -10.82214641571045 -12
    vertex 8.881505966186523 -10.82214641571045 -2
    vertex 7.77798318862915 -11.64057445526123 -2
  endloop
endfacet
facet normal 0 0 0
  outer loop
    vertex 9.899495124816895 -9.899495124816895 -12
    vertex 9.899495124816895 -9.899495124816895 -2
    vertex 8.881505966186523 -10.82214641571045 -2
  endloop
endfacet
facet normal 0 0 0
  outer loop
    vertex -4.063985347747803 -13.397164344787598 -2
    vertex -2.731264591217041 -13.73099422454834 -2
    vertex -1.3722399473190308 -13.932585716247559 -2
  endloop
endfacet
facet normal 0 0 0
  outer loop
    vertex -4.063985347747803 -13.397164344787598 -2
    vertex -1.3722399473190308 -13.932585716247559 -2
    vertex -2.4142136573791504 -10.5 -2
  endloop
endfacet
facet normal 0 0 0
  outer loop
    vertex -8.881505966186523 -10.82214641571045 -2
    vertex -8.881505966186523 -10.195243835449219 -2
    vertex -9.377413749694824 -10.372682571411133 -2
  endloop
endfacet
facet normal 0 0 0
  outer loop
    vertex -1.3722399473190308 -13.932585716247559 -2
    vertex 0 -14 -2
    vertex -2.4142136573791504 -10.5 -2
  endloop
endfacet
facet normal 0 0 0
  outer loop
    vertex 0 -14 -2
    vertex 1.3722399473190308 -13.932585716247559 -2
    vertex 0.4142135679721832 -10.5 -2
  endloop
endfacet
facet normal 0 0 0
  outer loop
    vertex 1.3722399473190308 -13.932585716247559 -2
    vertex 2.731264591217041 -13.73099422454834 -2
    vertex 2.4142136573791504 -10.5 -2
  endloop
endfacet
facet normal 0 0 0
  outer loop
    vertex 0 -14 -2
    vertex 0.4142135679721832 -10.5 -2
    vertex -2.4142136573791504 -10.5 -2
  endloop
endfacet
facet normal 0 0 0
  outer loop
    vertex 1.3722399473190308 -13.932585716247559 -2
    vertex 2.4142136573791504 -10.5 -2
    vertex 0.4142135679721832 -10.5 -2
  endloop
endfacet
facet normal 0 0 0
  outer loop
    vertex 2.731264591217041 -13.73099422454834 -2
    vertex 4.063985347747803 -13.397164344787598 -2
    vertex 2.4142136573791504 -4.25 -2
  endloop
endfacet
facet normal 0 0 0
  outer loop
    vertex 4.063985347747803 -13.397164344787598 -2
    vertex 5.357568264007568 -12.934313774108887 -2
    vertex 2.4142136573791504 -4.25 -2
  endloop
endfacet
facet normal 0 0 0
  outer loop
    vertex 10.82214641571045 -8.881505966186523 -12
    vertex 10.82214641571045 -8.881505966186523 -2
    vertex 9.899495124816895 -9.899495124816895 -2
  endloop
endfacet
facet normal 0 0 0
  outer loop
    vertex 11.64057445526123 -7.77798318862915 -12
    vertex 11.64057445526123 -7.77798318862915 -2
    vertex 10.82214641571045 -8.881505966186523 -2
  endloop
endfacet
facet normal 0 0 0
  outer loop
    vertex 12.346898078918457 -6.599554538726807 -12
    vertex 12.346898078918457 -6.599554538726807 -2
    vertex 11.64057445526123 -7.77798318862915 -2
  endloop
endfacet
facet normal 0 0 0
  outer loop
    vertex 12.934313774108887 -5.357568264007568 -12
    vertex 12.934313774108887 -5.357568264007568 -2
    vertex 12.346898078918457 -6.599554538726807 -2
  endloop
endfacet
facet normal 0 0 0
  outer loop
    vertex 12.934313774108887 -5.357568264007568 -12
    vertex 13.330607414245605 -4.25 -2
    vertex 12.934313774108887 -5.357568264007568 -2
  endloop
endfacet
facet normal 0 0 0
  outer loop
    vertex -8.881505966186523 -10.82214641571045 -2
    vertex -8.790482521057129 -8.969315528869629 -2
    vertex -8.881505966186523 -10.195243835449219 -2
  endloop
endfacet
facet normal 0 0 0
  outer loop
    vertex -7.77798318862915 -11.64057445526123 -2
    vertex -3.49440860748291 -2.4142136573791504 -2
    vertex -8.881505966186523 -10.82214641571045 -2
  endloop
endfacet
facet normal 0 0 0
  outer loop
    vertex -6.599554538726807 -12.346898078918457 -2
    vertex -3.49440860748291 -2.4142136573791504 -2
    vertex -7.77798318862915 -11.64057445526123 -2
  endloop
endfacet
facet normal 0 0 0
  outer loop
    vertex -5.357568264007568 -12.934313774108887 -2
    vertex -3.49440860748291 -2.4142136573791504 -2
    vertex -6.599554538726807 -12.346898078918457 -2
  endloop
endfacet
facet normal 0 0 0
  outer loop
    vertex -4.063985347747803 -13.397164344787598 -2
    vertex -3.49440860748291 -2.4142136573791504 -2
    vertex -5.357568264007568 -12.934313774108887 -2
  endloop
endfacet
facet normal 0 0 0
  outer loop
    vertex -4.063985347747803 -13.397164344787598 -2
    vertex -2.4142136573791504 -10.5 -2
    vertex -3.49440860748291 -2.4142136573791504 -2
  endloop
endfacet
facet normal 0 0 0
  outer loop
    vertex -8.881505966186523 -10.82214641571045 -2
    vertex -3.49440860748291 -2.4142136573791504 -2
    vertex -8.790482521057129 -8.969315528869629 -2
  endloop
endfacet
facet normal 0 0 0
  outer loop
    vertex -3.0052037239074707 -3.0052037239074707 -2
    vertex -2.4142136573791504 -10.5 -2
    vertex -2.696171522140503 -3.285294532775879 -2
  endloop
endfacet
facet normal 0 0 0
  outer loop
    vertex -3.285294532775879 -2.696171522140503 -2
    vertex -2.4142136573791504 -10.5 -2
    vertex -3.0052037239074707 -3.0052037239074707 -2
  endloop
endfacet
facet normal 0 0 0
  outer loop
    vertex -3.285294532775879 -2.696171522140503 -2
    vertex -3.49440860748291 -2.4142136573791504 -2
    vertex -2.4142136573791504 -10.5 -2
  endloop
endfacet
facet normal 0 0 0
  outer loop
    vertex -9.806868553161621 -8.014041900634766 -2
    vertex -9.48942756652832 -2.4142136573791504 -2
    vertex -9.531766891479492 -2.4142136573791504 -2
  endloop
endfacet
facet normal 0 0 0
  outer loop
    vertex -8.790482521057129 -8.969315528869629 -2
    vertex -3.49440860748291 -2.4142136573791504 -2
    vertex -8.825013160705566 -2.4142136573791504 -2
  endloop
endfacet
facet normal 0 0 0
  outer loop
    vertex 2.731264591217041 -13.73099422454834 -2
    vertex 2.4142136573791504 -4.25 -2
    vertex 2.4142136573791504 -10.5 -2
  endloop
endfacet
facet normal 0 0 0
  outer loop
    vertex 5.357568264007568 -12.934313774108887 -2
    vertex 6.599554538726807 -12.346898078918457 -2
    vertex 2.4142136573791504 -4.25 -2
  endloop
endfacet
facet normal 0 0 0
  outer loop
    vertex -2.696171522140503 -3.285294532775879 -2
    vertex -2.4142136573791504 -10.5 -2
    vertex -2.4142136573791504 -3.49440860748291 -2
  endloop
endfacet
facet normal 0 0 0
  outer loop
    vertex 6.599554538726807 -12.346898078918457 -2
    vertex 7.77798318862915 -11.64057445526123 -2
    vertex 2.4142136573791504 -4.25 -2
  endloop
endfacet
facet normal 0 0 0
  outer loop
    vertex 7.77798318862915 -11.64057445526123 -2
    vertex 8.881505966186523 -10.82214641571045 -2
    vertex 2.4142136573791504 -4.25 -2
  endloop
endfacet
facet normal 0 0 0
  outer loop
    vertex 8.881505966186523 -10.82214641571045 -2
    vertex 9.899495124816895 -9.899495124816895 -2
    vertex 2.4142136573791504 -4.25 -2
  endloop
endfacet
facet normal 0 0 0
  outer loop
    vertex 9.899495124816895 -9.899495124816895 -2
    vertex 10.82214641571045 -8.881505966186523 -2
    vertex 2.4142136573791504 -4.25 -2
  endloop
endfacet
facet normal 0 0 0
  outer loop
    vertex 10.82214641571045 -8.881505966186523 -2
    vertex 11.64057445526123 -7.77798318862915 -2
    vertex 2.4142136573791504 -4.25 -2
  endloop
endfacet
facet normal 0 0 0
  outer loop
    vertex 11.64057445526123 -7.77798318862915 -2
    vertex 12.346898078918457 -6.599554538726807 -2
    vertex 2.4142136573791504 -4.25 -2
  endloop
endfacet
facet normal 0 0 0
  outer loop
    vertex 12.346898078918457 -6.599554538726807 -2
    vertex 12.934313774108887 -5.357568264007568 -2
    vertex 2.4142136573791504 -4.25 -2
  endloop
endfacet
facet normal 0 0 0
  outer loop
    vertex 12.934313774108887 -5.357568264007568 -2
    vertex 13.330607414245605 -4.25 -2
    vertex 2.4142136573791504 -4.25 -2
  endloop
endfacet
facet normal 0 0 0
  outer loop
    vertex -13.397164344787598 2.915526866912842 -12
    vertex -13.331765174865723 4.24676513671875 -12
    vertex -13 4.0204877853393555 -12
  endloop
endfacet
facet normal 0 0 0
  outer loop
    vertex -13.331765174865723 4.24676513671875 -12
    vertex -13 5.173986434936523 -12
    vertex -13 4.0204877853393555 -12
  endloop
endfacet
facet normal 0 0 0
  outer loop
    vertex -12.346898078918457 2.2942028045654297 -12
    vertex -12.11650562286377 6.983940124511719 -12
    vertex -11.9218111038208 2.0532748699188232 -12
  endloop
endfacet
facet normal 0 0 0
  outer loop
    vertex -11.64057445526123 -5.222323894500732 -12
    vertex -10.95660400390625 8.700210571289062 -12
    vertex -10.85400676727295 8.232978820800781 -12
  endloop
endfacet
facet normal 0 0 0
  outer loop
    vertex -5.357568264007568 -12.934313774108887 -12
    vertex -4.063985347747803 13.397164344787598 -12
    vertex -4.25 0 -12
  endloop
endfacet
facet normal 0 0 0
  outer loop
    vertex -9.806868553161621 -8.014041900634766 -12
    vertex -9.899495124816895 8.640890121459961 -12
    vertex -9.834782600402832 9.958147048950195 -12
  endloop
endfacet
facet normal 0 0 0
  outer loop
    vertex -9.806868553161621 -8.014041900634766 -12
    vertex -9.834782600402832 9.958147048950195 -12
    vertex -9.377413749694824 10.372682571411133 -12
  endloop
endfacet
facet normal 0 0 0
  outer loop
    vertex -9.806868553161621 -8.014041900634766 -12
    vertex -9.377413749694824 10.372682571411133 -12
    vertex -8.881505966186523 10.82214641571045 -12
  endloop
endfacet
facet normal 0 0 0
  outer loop
    vertex -8.881505966186523 -10.82214641571045 -12
    vertex -8.881505966186523 10.82214641571045 -12
    vertex -7.77798318862915 11.64057445526123 -12
  endloop
endfacet
facet normal 0 0 0
  outer loop
    vertex -7.77798318862915 -11.64057445526123 -12
    vertex -7.77798318862915 11.64057445526123 -12
    vertex -6.599554538726807 12.346898078918457 -12
  endloop
endfacet
facet normal 0 0 0
  outer loop
    vertex -6.599554538726807 -12.346898078918457 -12
    vertex -6.599554538726807 12.346898078918457 -12
    vertex -5.357568264007568 12.934313774108887 -12
  endloop
endfacet
facet normal 0 0 0
  outer loop
    vertex -5.357568264007568 -12.934313774108887 -12
    vertex -5.357568264007568 12.934313774108887 -12
    vertex -4.063985347747803 13.397164344787598 -12
  endloop
endfacet
facet normal 0 0 0
  outer loop
    vertex -4.063985347747803 13.397164344787598 -12
    vertex -4.229535102844238 0.41657283902168274 -12
    vertex -4.25 0 -12
  endloop
endfacet
facet normal 0 0 0
  outer loop
    vertex -4.063985347747803 13.397164344787598 -12
    vertex -4.168337345123291 0.8291338682174683 -12
    vertex -4.229535102844238 0.41657283902168274 -12
  endloop
endfacet
facet normal 0 0 0
  outer loop
    vertex -11.9218111038208 2.0532748699188232 -12
    vertex -12.11650562286377 6.983940124511719 -12
    vertex -11.9218111038208 7.308767795562744 -12
  endloop
endfacet
facet normal 0 0 0
  outer loop
    vertex -10.85400676727295 8.232978820800781 -12
    vertex -10.95660400390625 8.700210571289062 -12
    vertex -10.85400676727295 8.838547706604004 -12
  endloop
endfacet
facet normal 0 0 0
  outer loop
    vertex -4.063985347747803 13.397164344787598 -12
    vertex -4.0669965744018555 1.2337099313735962 -12
    vertex -4.168337345123291 0.8291338682174683 -12
  endloop
endfacet
facet normal 0 0 0
  outer loop
    vertex -4.063985347747803 13.397164344787598 -12
    vertex -3.926487922668457 1.6264046430587769 -12
    vertex -4.0669965744018555 1.2337099313735962 -12
  endloop
endfacet
facet normal 0 0 0
  outer loop
    vertex -4.063985347747803 13.397164344787598 -12
    vertex -3.7481653690338135 2.0034360885620117 -12
    vertex -3.926487922668457 1.6264046430587769 -12
  endloop
endfacet
facet normal 0 0 0
  outer loop
    vertex -4.063985347747803 13.397164344787598 -12
    vertex -3.533745765686035 2.361173391342163 -12
    vertex -3.7481653690338135 2.0034360885620117 -12
  endloop
endfacet
facet normal 0 0 0
  outer loop
    vertex -4.063985347747803 13.397164344787598 -12
    vertex -3.285294532775879 2.696171522140503 -12
    vertex -3.533745765686035 2.361173391342163 -12
  endloop
endfacet
facet normal 0 0 0
  outer loop
    vertex -2.731264591217041 13.73099422454834 -12
    vertex -3.0052037239074707 3.0052037239074707 -12
    vertex -3.285294532775879 2.696171522140503 -12
  endloop
endfacet
facet normal 0 0 0
  outer loop
    vertex -2.731264591217041 13.73099422454834 -12
    vertex -2.696171522140503 3.285294532775879 -12
    vertex -3.0052037239074707 3.0052037239074707 -12
  endloop
endfacet
facet normal 0 0 0
  outer loop
    vertex -2.731264591217041 13.73099422454834 -12
    vertex -2.361173391342163 3.533745765686035 -12
    vertex -2.696171522140503 3.285294532775879 -12
  endloop
endfacet
facet normal 0 0 0
  outer loop
    vertex -4.063985347747803 13.397164344787598 -12
    vertex -2.731264591217041 13.73099422454834 -12
    vertex -3.285294532775879 2.696171522140503 -12
  endloop
endfacet
facet normal 0 0 0
  outer loop
    vertex 12.934313774108887 5.357568264007568 -12
    vertex 13.330607414245605 4.25 -12
    vertex 0 4.25 -12
  endloop
endfacet
facet normal 0 0 0
  outer loop
    vertex -2.731264591217041 13.73099422454834 -12
    vertex -2.0034360885620117 3.7481653690338135 -12
    vertex -2.361173391342163 3.533745765686035 -12
  endloop
endfacet
facet normal 0 0 0
  outer loop
    vertex -1.3722399473190308 13.932585716247559 -12
    vertex -1.6264046430587769 3.926487922668457 -12
    vertex -2.0034360885620117 3.7481653690338135 -12
  endloop
endfacet
facet normal 0 0 0
  outer loop
    vertex -1.3722399473190308 13.932585716247559 -12
    vertex -1.2337099313735962 4.0669965744018555 -12
    vertex -1.6264046430587769 3.926487922668457 -12
  endloop
endfacet
facet normal 0 0 0
  outer loop
    vertex -1.3722399473190308 13.932585716247559 -12
    vertex -0.8291338682174683 4.168337345123291 -12
    vertex -1.2337099313735962 4.0669965744018555 -12
  endloop
endfacet
facet normal 0 0 0
  outer loop
    vertex 0 14 -12
    vertex -0.41657283902168274 4.229535102844238 -12
    vertex -0.8291338682174683 4.168337345123291 -12
  endloop
endfacet
facet normal 0 0 0
  outer loop
    vertex 0 14 -12
    vertex 0 4.25 -12
    vertex -0.41657283902168274 4.229535102844238 -12
  endloop
endfacet
facet normal 0 0 0
  outer loop
    vertex 5.357568264007568 12.934313774108887 -12
    vertex 6.599554538726807 12.346898078918457 -12
    vertex 0 4.25 -12
  endloop
endfacet
facet normal 0 0 0
  outer loop
    vertex 7.77798318862915 11.64057445526123 -12
    vertex 0 4.25 -12
    vertex 6.599554538726807 12.346898078918457 -12
  endloop
endfacet
facet normal 0 0 0
  outer loop
    vertex 12.934313774108887 5.357568264007568 -12
    vertex 0 4.25 -12
    vertex 12.346898078918457 6.599554538726807 -12
  endloop
endfacet
facet normal 0 0 0
  outer loop
    vertex 12.346898078918457 6.599554538726807 -12
    vertex 0 4.25 -12
    vertex 11.64057445526123 7.77798318862915 -12
  endloop
endfacet
facet normal 0 0 0
  outer loop
    vertex 11.64057445526123 7.77798318862915 -12
    vertex 0 4.25 -12
    vertex 10.82214641571045 8.881505966186523 -12
  endloop
endfacet
facet normal 0 0 0
  outer loop
    vertex 9.899495124816895 9.899495124816895 -12
    vertex 10.82214641571045 8.881505966186523 -12
    vertex 0 4.25 -12
  endloop
endfacet
facet normal 0 0 0
  outer loop
    vertex 9.899495124816895 9.899495124816895 -12
    vertex 0 4.25 -12
    vertex 8.881505966186523 10.82214641571045 -12
  endloop
endfacet
facet normal 0 0 0
  outer loop
    vertex 8.881505966186523 10.82214641571045 -12
    vertex 0 4.25 -12
    vertex 7.77798318862915 11.64057445526123 -12
  endloop
endfacet
facet normal 0 0 0
  outer loop
    vertex 12.934313774108887 5.357568264007568 -12
    vertex 12.934313774108887 5.357568264007568 -2
    vertex 13.330607414245605 4.25 -12
  endloop
endfacet
facet normal 0 0 0
  outer loop
    vertex 12.934313774108887 5.357568264007568 -12
    vertex 12.346898078918457 6.599554538726807 -12
    vertex 12.934313774108887 5.357568264007568 -2
  endloop
endfacet
facet normal 0 0 0
  outer loop
    vertex 12.346898078918457 6.599554538726807 -12
    vertex 11.64057445526123 7.77798318862915 -12
    vertex 12.346898078918457 6.599554538726807 -2
  endloop
endfacet
facet normal 0 0 0
  outer loop
    vertex 11.64057445526123 7.77798318862915 -12
    vertex 10.82214641571045 8.881505966186523 -12
    vertex 11.64057445526123 7.77798318862915 -2
  endloop
endfacet
facet normal 0 0 0
  outer loop
    vertex 9.899495124816895 9.899495124816895 -12
    vertex 10.82214641571045 8.881505966186523 -2
    vertex 10.82214641571045 8.881505966186523 -12
  endloop
endfacet
facet normal 0 0 0
  outer loop
    vertex -2.731264591217041 13.73099422454834 -12
    vertex -1.3722399473190308 13.932585716247559 -12
    vertex -2.0034360885620117 3.7481653690338135 -12
  endloop
endfacet
facet normal 0 0 0
  outer loop
    vertex -1.3722399473190308 13.932585716247559 -12
    vertex 0 14 -12
    vertex -0.8291338682174683 4.168337345123291 -12
  endloop
endfacet
facet normal 0 0 0
  outer loop
    vertex 0 14 -12
    vertex 1.3722399473190308 13.932585716247559 -12
    vertex 0 4.25 -12
  endloop
endfacet
facet normal 0 0 0
  outer loop
    vertex 1.3722399473190308 13.932585716247559 -12
    vertex 2.731264591217041 13.73099422454834 -12
    vertex 0 4.25 -12
  endloop
endfacet
facet normal 0 0 0
  outer loop
    vertex 2.731264591217041 13.73099422454834 -12
    vertex 4.063985347747803 13.397164344787598 -12
    vertex 0 4.25 -12
  endloop
endfacet
facet normal 0 0 0
  outer loop
    vertex 5.357568264007568 12.934313774108887 -12
    vertex 0 4.25 -12
    vertex 4.063985347747803 13.397164344787598 -12
  endloop
endfacet
facet normal 0 0 0
  outer loop
    vertex -9.377413749694824 10.372682571411133 -12
    vertex -8.881505966186523 10.82214641571045 -2
    vertex -8.881505966186523 10.82214641571045 -12
  endloop
endfacet
facet normal 0 0 0
  outer loop
    vertex -8.881505966186523 10.82214641571045 -12
    vertex -7.77798318862915 11.64057445526123 -2
    vertex -7.77798318862915 11.64057445526123 -12
  endloop
endfacet
facet normal 0 0 0
  outer loop
    vertex -7.77798318862915 11.64057445526123 -12
    vertex -6.599554538726807 12.346898078918457 -2
    vertex -6.599554538726807 12.346898078918457 -12
  endloop
endfacet
facet normal 0 0 0
  outer loop
    vertex -6.599554538726807 12.346898078918457 -12
    vertex -5.357568264007568 12.934313774108887 -2
    vertex -5.357568264007568 12.934313774108887 -12
  endloop
endfacet
facet normal 0 0 0
  outer loop
    vertex -5.357568264007568 12.934313774108887 -12
    vertex -4.063985347747803 13.397164344787598 -2
    vertex -4.063985347747803 13.397164344787598 -12
  endloop
endfacet
facet normal 0 0 0
  outer loop
    vertex -4.063985347747803 13.397164344787598 -12
    vertex -2.731264591217041 13.73099422454834 -2
    vertex -2.731264591217041 13.73099422454834 -12
  endloop
endfacet
facet normal 0 0 0
  outer loop
    vertex -2.731264591217041 13.73099422454834 -12
    vertex -1.3722399473190308 13.932585716247559 -2
    vertex -1.3722399473190308 13.932585716247559 -12
  endloop
endfacet
facet normal 0 0 0
  outer loop
    vertex -1.3722399473190308 13.932585716247559 -12
    vertex 0 14 -2
    vertex 0 14 -12
  endloop
endfacet
facet normal 0 0 0
  outer loop
    vertex 0 14 -12
    vertex 1.3722399473190308 13.932585716247559 -2
    vertex 1.3722399473190308 13.932585716247559 -12
  endloop
endfacet
facet normal 0 0 0
  outer loop
    vertex 5.357568264007568 12.934313774108887 -12
    vertex 4.063985347747803 13.397164344787598 -12
    vertex 5.357568264007568 12.934313774108887 -2
  endloop
endfacet
facet normal 0 0 0
  outer loop
    vertex 2.731264591217041 13.73099422454834 -12
    vertex 4.063985347747803 13.397164344787598 -2
    vertex 4.063985347747803 13.397164344787598 -12
  endloop
endfacet
facet normal 0 0 0
  outer loop
    vertex 1.3722399473190308 13.932585716247559 -12
    vertex 2.731264591217041 13.73099422454834 -2
    vertex 2.731264591217041 13.73099422454834 -12
  endloop
endfacet
facet normal 0 0 0
  outer loop
    vertex 8.881505966186523 10.82214641571045 -12
    vertex 7.77798318862915 11.64057445526123 -12
    vertex 8.881505966186523 10.82214641571045 -2
  endloop
endfacet
facet normal 0 0 0
  outer loop
    vertex 7.77798318862915 11.64057445526123 -12
    vertex 6.599554538726807 12.346898078918457 -12
    vertex 7.77798318862915 11.64057445526123 -2
  endloop
endfacet
facet normal 0 0 0
  outer loop
    vertex 9.899495124816895 9.899495124816895 -12
    vertex 8.881505966186523 10.82214641571045 -12
    vertex 9.899495124816895 9.899495124816895 -2
  endloop
endfacet
facet normal 0 0 0
  outer loop
    vertex 5.357568264007568 12.934313774108887 -12
    vertex 6.599554538726807 12.346898078918457 -2
    vertex 6.599554538726807 12.346898078918457 -12
  endloop
endfacet
facet normal 0 0 0
  outer loop
    vertex 12.934313774108887 5.357568264007568 -2
    vertex 13.330607414245605 4.25 -2
    vertex 13.330607414245605 4.25 -12
  endloop
endfacet
facet normal 0 0 0
  outer loop
    vertex 12.346898078918457 6.599554538726807 -12
    vertex 12.346898078918457 6.599554538726807 -2
    vertex 12.934313774108887 5.357568264007568 -2
  endloop
endfacet
facet normal 0 0 0
  outer loop
    vertex 11.64057445526123 7.77798318862915 -12
    vertex 11.64057445526123 7.77798318862915 -2
    vertex 12.346898078918457 6.599554538726807 -2
  endloop
endfacet
facet normal 0 0 0
  outer loop
    vertex 10.82214641571045 8.881505966186523 -12
    vertex 10.82214641571045 8.881505966186523 -2
    vertex 11.64057445526123 7.77798318862915 -2
  endloop
endfacet
facet normal 0 0 0
  outer loop
    vertex 9.899495124816895 9.899495124816895 -12
    vertex 9.899495124816895 9.899495124816895 -2
    vertex 10.82214641571045 8.881505966186523 -2
  endloop
endfacet
facet normal 0 0 0
  outer loop
    vertex -8.881505966186523 8.309844017028809 -2
    vertex -9.294561386108398 2.4142136573791504 -2
    vertex -9.215715408325195 2.4142136573791504 -2
  endloop
endfacet
facet normal 0 0 0
  outer loop
    vertex -8.881505966186523 8.309844017028809 -2
    vertex -8.850448608398438 2.4142136573791504 -2
    vertex -3.49440860748291 2.4142136573791504 -2
  endloop
endfacet
facet normal 0 0 0
  outer loop
    vertex -8.881505966186523 8.309844017028809 -2
    vertex -8.911771774291992 10.206072807312012 -2
    vertex -9.294561386108398 2.4142136573791504 -2
  endloop
endfacet
facet normal 0 0 0
  outer loop
    vertex -8.881505966186523 8.309844017028809 -2
    vertex -3.49440860748291 2.4142136573791504 -2
    vertex -8.881505966186523 10.82214641571045 -2
  endloop
endfacet
facet normal 0 0 0
  outer loop
    vertex -2.4142136573791504 10.5 -2
    vertex -3.0052037239074707 3.0052037239074707 -2
    vertex -2.696171522140503 3.285294532775879 -2
  endloop
endfacet
facet normal 0 0 0
  outer loop
    vertex -2.731264591217041 13.73099422454834 -2
    vertex -3.49440860748291 2.4142136573791504 -2
    vertex -3.285294532775879 2.696171522140503 -2
  endloop
endfacet
facet normal 0 0 0
  outer loop
    vertex -2.731264591217041 13.73099422454834 -2
    vertex -3.285294532775879 2.696171522140503 -2
    vertex -3.0052037239074707 3.0052037239074707 -2
  endloop
endfacet
facet normal 0 0 0
  outer loop
    vertex -8.881505966186523 10.82214641571045 -2
    vertex -3.49440860748291 2.4142136573791504 -2
    vertex -7.77798318862915 11.64057445526123 -2
  endloop
endfacet
facet normal 0 0 0
  outer loop
    vertex -8.881505966186523 8.309844017028809 -2
    vertex -8.881505966186523 10.82214641571045 -2
    vertex -8.911771774291992 10.206072807312012 -2
  endloop
endfacet
facet normal 0 0 0
  outer loop
    vertex -7.77798318862915 11.64057445526123 -2
    vertex -3.49440860748291 2.4142136573791504 -2
    vertex -6.599554538726807 12.346898078918457 -2
  endloop
endfacet
facet normal 0 0 0
  outer loop
    vertex -6.599554538726807 12.346898078918457 -2
    vertex -3.49440860748291 2.4142136573791504 -2
    vertex -5.357568264007568 12.934313774108887 -2
  endloop
endfacet
facet normal 0 0 0
  outer loop
    vertex -2.731264591217041 13.73099422454834 -2
    vertex -3.0052037239074707 3.0052037239074707 -2
    vertex -2.4142136573791504 10.5 -2
  endloop
endfacet
facet normal 0 0 0
  outer loop
    vertex -5.357568264007568 12.934313774108887 -2
    vertex -3.49440860748291 2.4142136573791504 -2
    vertex -4.063985347747803 13.397164344787598 -2
  endloop
endfacet
facet normal 0 0 0
  outer loop
    vertex -4.063985347747803 13.397164344787598 -2
    vertex -3.49440860748291 2.4142136573791504 -2
    vertex -2.731264591217041 13.73099422454834 -2
  endloop
endfacet
facet normal 0 0 0
  outer loop
    vertex -2.4142136573791504 10.5 -2
    vertex -2.696171522140503 3.285294532775879 -2
    vertex -2.4142136573791504 3.49440860748291 -2
  endloop
endfacet
facet normal 0 0 0
  outer loop
    vertex 2.731264591217041 13.73099422454834 -2
    vertex 2.4142136573791504 10.5 -2
    vertex 2.4142136573791504 4.25 -2
  endloop
endfacet
facet normal 0 0 0
  outer loop
    vertex 2.731264591217041 13.73099422454834 -2
    vertex 2.4142136573791504 4.25 -2
    vertex 13.330607414245605 4.25 -2
  endloop
endfacet
facet normal 0 0 0
  outer loop
    vertex 12.934313774108887 5.357568264007568 -2
    vertex 12.346898078918457 6.599554538726807 -2
    vertex 13.330607414245605 4.25 -2
  endloop
endfacet
facet normal 0 0 0
  outer loop
    vertex 12.346898078918457 6.599554538726807 -2
    vertex 11.64057445526123 7.77798318862915 -2
    vertex 13.330607414245605 4.25 -2
  endloop
endfacet
facet normal 0 0 0
  outer loop
    vertex 11.64057445526123 7.77798318862915 -2
    vertex 10.82214641571045 8.881505966186523 -2
    vertex 13.330607414245605 4.25 -2
  endloop
endfacet
facet normal 0 0 0
  outer loop
    vertex 7.77798318862915 11.64057445526123 -2
    vertex 6.599554538726807 12.346898078918457 -2
    vertex 13.330607414245605 4.25 -2
  endloop
endfacet
facet normal 0 0 0
  outer loop
    vertex 5.357568264007568 12.934313774108887 -2
    vertex 13.330607414245605 4.25 -2
    vertex 6.599554538726807 12.346898078918457 -2
  endloop
endfacet
facet normal 0 0 0
  outer loop
    vertex 9.899495124816895 9.899495124816895 -2
    vertex 8.881505966186523 10.82214641571045 -2
    vertex 13.330607414245605 4.25 -2
  endloop
endfacet
facet normal 0 0 0
  outer loop
    vertex 9.899495124816895 9.899495124816895 -2
    vertex 13.330607414245605 4.25 -2
    vertex 10.82214641571045 8.881505966186523 -2
  endloop
endfacet
facet normal 0 0 0
  outer loop
    vertex 8.881505966186523 10.82214641571045 -2
    vertex 7.77798318862915 11.64057445526123 -2
    vertex 13.330607414245605 4.25 -2
  endloop
endfacet
facet normal 0 0 0
  outer loop
    vertex -9.377413749694824 10.372682571411133 -12
    vertex -9.377413749694824 10.372682571411133 -2
    vertex -8.881505966186523 10.82214641571045 -2
  endloop
endfacet
facet normal 0 0 0
  outer loop
    vertex -8.881505966186523 10.82214641571045 -12
    vertex -8.881505966186523 10.82214641571045 -2
    vertex -7.77798318862915 11.64057445526123 -2
  endloop
endfacet
facet normal 0 0 0
  outer loop
    vertex -7.77798318862915 11.64057445526123 -12
    vertex -7.77798318862915 11.64057445526123 -2
    vertex -6.599554538726807 12.346898078918457 -2
  endloop
endfacet
facet normal 0 0 0
  outer loop
    vertex -6.599554538726807 12.346898078918457 -12
    vertex -6.599554538726807 12.346898078918457 -2
    vertex -5.357568264007568 12.934313774108887 -2
  endloop
endfacet
facet normal 0 0 0
  outer loop
    vertex -5.357568264007568 12.934313774108887 -12
    vertex -5.357568264007568 12.934313774108887 -2
    vertex -4.063985347747803 13.397164344787598 -2
  endloop
endfacet
facet normal 0 0 0
  outer loop
    vertex -4.063985347747803 13.397164344787598 -12
    vertex -4.063985347747803 13.397164344787598 -2
    vertex -2.731264591217041 13.73099422454834 -2
  endloop
endfacet
facet normal 0 0 0
  outer loop
    vertex -2.731264591217041 13.73099422454834 -12
    vertex -2.731264591217041 13.73099422454834 -2
    vertex -1.3722399473190308 13.932585716247559 -2
  endloop
endfacet
facet normal 0 0 0
  outer loop
    vertex -1.3722399473190308 13.932585716247559 -12
    vertex -1.3722399473190308 13.932585716247559 -2
    vertex 0 14 -2
  endloop
endfacet
facet normal 0 0 0
  outer loop
    vertex 0 14 -12
    vertex 0 14 -2
    vertex 1.3722399473190308 13.932585716247559 -2
  endloop
endfacet
facet normal 0 0 0
  outer loop
    vertex 2.731264591217041 13.73099422454834 -12
    vertex 2.731264591217041 13.73099422454834 -2
    vertex 4.063985347747803 13.397164344787598 -2
  endloop
endfacet
facet normal 0 0 0
  outer loop
    vertex 4.063985347747803 13.397164344787598 -12
    vertex 4.063985347747803 13.397164344787598 -2
    vertex 5.357568264007568 12.934313774108887 -2
  endloop
endfacet
facet normal 0 0 0
  outer loop
    vertex 1.3722399473190308 13.932585716247559 -12
    vertex 1.3722399473190308 13.932585716247559 -2
    vertex 2.731264591217041 13.73099422454834 -2
  endloop
endfacet
facet normal 0 0 0
  outer loop
    vertex 8.881505966186523 10.82214641571045 -12
    vertex 8.881505966186523 10.82214641571045 -2
    vertex 9.899495124816895 9.899495124816895 -2
  endloop
endfacet
facet normal 0 0 0
  outer loop
    vertex 6.599554538726807 12.346898078918457 -12
    vertex 6.599554538726807 12.346898078918457 -2
    vertex 7.77798318862915 11.64057445526123 -2
  endloop
endfacet
facet normal 0 0 0
  outer loop
    vertex 7.77798318862915 11.64057445526123 -12
    vertex 7.77798318862915 11.64057445526123 -2
    vertex 8.881505966186523 10.82214641571045 -2
  endloop
endfacet
facet normal 0 0 0
  outer loop
    vertex 5.357568264007568 12.934313774108887 -12
    vertex 5.357568264007568 12.934313774108887 -2
    vertex 6.599554538726807 12.346898078918457 -2
  endloop
endfacet
facet normal 0 0 0
  outer loop
    vertex -9.377413749694824 10.372682571411133 -2
    vertex -8.911771774291992 10.206072807312012 -2
    vertex -8.881505966186523 10.82214641571045 -2
  endloop
endfacet
facet normal 0 0 0
  outer loop
    vertex -1.3722399473190308 13.932585716247559 -2
    vertex -2.4142136573791504 10.5 -2
    vertex 0.4142135679721832 10.5 -2
  endloop
endfacet
facet normal 0 0 0
  outer loop
    vertex 1.3722399473190308 13.932585716247559 -2
    vertex 0.4142135679721832 10.5 -2
    vertex 2.4142136573791504 10.5 -2
  endloop
endfacet
facet normal 0 0 0
  outer loop
    vertex -2.731264591217041 13.73099422454834 -2
    vertex -2.4142136573791504 10.5 -2
    vertex -1.3722399473190308 13.932585716247559 -2
  endloop
endfacet
facet normal 0 0 0
  outer loop
    vertex -1.3722399473190308 13.932585716247559 -2
    vertex 0.4142135679721832 10.5 -2
    vertex 0 14 -2
  endloop
endfacet
facet normal 0 0 0
  outer loop
    vertex 0 14 -2
    vertex 0.4142135679721832 10.5 -2
    vertex 1.3722399473190308 13.932585716247559 -2
  endloop
endfacet
facet normal 0 0 0
  outer loop
    vertex 1.3722399473190308 13.932585716247559 -2
    vertex 2.4142136573791504 10.5 -2
    vertex 2.731264591217041 13.73099422454834 -2
  endloop
endfacet
facet normal 0 0 0
  outer loop
    vertex 2.731264591217041 13.73099422454834 -2
    vertex 13.330607414245605 4.25 -2
    vertex 4.063985347747803 13.397164344787598 -2
  endloop
endfacet
facet normal 0 0 0
  outer loop
    vertex 5.357568264007568 12.934313774108887 -2
    vertex 4.063985347747803 13.397164344787598 -2
    vertex 13.330607414245605 4.25 -2
  endloop
endfacet
facet normal 0 0 0
  outer loop
    vertex -75.28852081298828 -7 -12
    vertex -80.73762512207031 -7 -12
    vertex -80.14180755615234 -5.740251541137695 -12
  endloop
endfacet
facet normal 0 0 0
  outer loop
    vertex -75.28852081298828 -7 -12
    vertex -80.14180755615234 -5.740251541137695 -12
    vertex -79.6458969116211 -4.354269981384277 -12
  endloop
endfacet
facet normal 0 0 0
  outer loop
    vertex -75.28852081298828 -7 -12
    vertex -79.6458969116211 -4.354269981384277 -12
    vertex -79.28822326660156 -2.9263548851013184 -12
  endloop
endfacet
facet normal 0 0 0
  outer loop
    vertex -75.28852081298828 -7 -12
    vertex -79.28822326660156 -2.9263548851013184 -12
    vertex -79.07222747802734 -1.4702571630477905 -12
  endloop
endfacet
facet normal 0 0 0
  outer loop
    vertex -75.28852081298828 -7 -12
    vertex -79.07222747802734 -1.4702571630477905 -12
    vertex -75.28852081298828 7 -12
  endloop
endfacet
facet normal 0 0 0
  outer loop
    vertex -75.28852081298828 -7 -12
    vertex -21.483470916748047 -7 -12
    vertex -61.13547897338867 -7 -7
  endloop
endfacet
facet normal 0 0 0
  outer loop
    vertex -75.28852081298828 -7 -12
    vertex -61.13547897338867 -7 -7
    vertex -61.13547897338867 -7 -4
  endloop
endfacet
facet normal 0 0 0
  outer loop
    vertex -75.28852081298828 -7 -12
    vertex -61.13547897338867 -7 -4
    vertex -75.28852081298828 -7 -4
  endloop
endfacet
facet normal 0 0 0
  outer loop
    vertex -75.28852081298828 -7 -4
    vertex -61.730106353759766 -6.343932628631592 -4
    vertex -62.314697265625 -5.555702209472656 -4
  endloop
endfacet
facet normal 0 0 0
  outer loop
    vertex -75.28852081298828 -7 -4
    vertex -62.314697265625 -5.555702209472656 -4
    vertex -62.8192138671875 -4.713967323303223 -4
  endloop
endfacet
facet normal 0 0 0
  outer loop
    vertex -75.28852081298828 -7 -4
    vertex -62.8192138671875 -4.713967323303223 -4
    vertex -63.23879623413086 -3.8268344402313232 -4
  endloop
endfacet
facet normal 0 0 0
  outer loop
    vertex -75.28852081298828 -7 -4
    vertex -63.23879623413086 -3.8268344402313232 -4
    vertex -63.56940460205078 -2.9028468132019043 -4
  endloop
endfacet
facet normal 0 0 0
  outer loop
    vertex -75.28852081298828 -7 -4
    vertex -63.56940460205078 -2.9028468132019043 -4
    vertex -63.80785369873047 -1.9509031772613525 -4
  endloop
endfacet
facet normal 0 0 0
  outer loop
    vertex -75.28852081298828 -7 -4
    vertex -63.80785369873047 -1.9509031772613525 -4
    vertex -63.951847076416016 -0.9801713824272156 -4
  endloop
endfacet
facet normal 0 0 0
  outer loop
    vertex -75.28852081298828 -7 -4
    vertex -63.951847076416016 -0.9801713824272156 -4
    vertex -64 0 -4
  endloop
endfacet
facet normal 0 0 0
  outer loop
    vertex -75.28852081298828 -7 -4
    vertex -64 0 -4
    vertex -74.86119079589844 3.6507089138031006 -4
  endloop
endfacet
facet normal 0 0 0
  outer loop
    vertex -75.28852081298828 -7 -4
    vertex -61.13547897338867 -7 -4
    vertex -61.730106353759766 -6.343932628631592 -4
  endloop
endfacet
facet normal 0 0 0
  outer loop
    vertex -75.28852081298828 7 -12
    vertex -79.07222747802734 -1.4702571630477905 -12
    vertex -79 0 -12
  endloop
endfacet
facet normal 0 0 0
  outer loop
    vertex -75.28852081298828 7 -12
    vertex -79 0 -12
    vertex -79.07222747802734 1.4702571630477905 -12
  endloop
endfacet
facet normal 0 0 0
  outer loop
    vertex -75.28852081298828 7 -12
    vertex -79.07222747802734 1.4702571630477905 -12
    vertex -79.28822326660156 2.9263548851013184 -12
  endloop
endfacet
facet normal 0 0 0
  outer loop
    vertex -75.28852081298828 7 -12
    vertex -79.28822326660156 2.9263548851013184 -12
    vertex -79.6458969116211 4.354269981384277 -12
  endloop
endfacet
facet normal 0 0 0
  outer loop
    vertex -75.28852081298828 7 -12
    vertex -79.6458969116211 4.354269981384277 -12
    vertex -80.14180755615234 5.740251541137695 -12
  endloop
endfacet
facet normal 0 0 0
  outer loop
    vertex -75.28852081298828 7 -12
    vertex -80.14180755615234 5.740251541137695 -12
    vertex -80.73762512207031 7 -12
  endloop
endfacet
facet normal 0 0 0
  outer loop
    vertex -75.28852081298828 -7 -12
    vertex -75.28852081298828 7 -12
    vertex -21.483470916748047 7 -12
  endloop
endfacet
facet normal 0 0 0
  outer loop
    vertex -75.28852081298828 7 -12
    vertex -75.28852081298828 7 -4
    vertex -61.13547897338867 7 -7
  endloop
endfacet
facet normal 0 0 0
  outer loop
    vertex -75.28852081298828 7 -12
    vertex -61.13547897338867 7 -7
    vertex -46.86452102661133 7 -7
  endloop
endfacet
facet normal 0 0 0
  outer loop
    vertex -75.28852081298828 7 -4
    vertex -61.13547897338867 7 -4
    vertex -61.13547897338867 7 -7
  endloop
endfacet
facet normal 0 0 0
  outer loop
    vertex -74.86119079589844 3.6507089138031006 -4
    vertex -64 0 -4
    vertex -63.951847076416016 0.9801713824272156 -4
  endloop
endfacet
facet normal 0 0 0
  outer loop
    vertex -74.86119079589844 3.6507089138031006 -4
    vertex -63.951847076416016 0.9801713824272156 -4
    vertex -63.80785369873047 1.9509031772613525 -4
  endloop
endfacet
facet normal 0 0 0
  outer loop
    vertex -74.96615600585938 3.6690776348114014 -4
    vertex -74.86119079589844 3.6507089138031006 -4
    vertex -63.23879623413086 3.8268344402313232 -4
  endloop
endfacet
facet normal 0 0 0
  outer loop
    vertex -74.96615600585938 3.6690776348114014 -4
    vertex -63.23879623413086 3.8268344402313232 -4
    vertex -75.28852081298828 7 -4
  endloop
endfacet
facet normal 0 0 0
  outer loop
    vertex -74.86119079589844 3.6507089138031006 -4
    vertex -63.80785369873047 1.9509031772613525 -4
    vertex -63.56940460205078 2.9028468132019043 -4
  endloop
endfacet
facet normal 0 0 0
  outer loop
    vertex -74.86119079589844 3.6507089138031006 -4
    vertex -63.56940460205078 2.9028468132019043 -4
    vertex -63.23879623413086 3.8268344402313232 -4
  endloop
endfacet
facet normal 0 0 0
  outer loop
    vertex -75.28852081298828 7 -4
    vertex -63.23879623413086 3.8268344402313232 -4
    vertex -62.8192138671875 4.713967323303223 -4
  endloop
endfacet
facet normal 0 0 0
  outer loop
    vertex -75.28852081298828 7 -4
    vertex -62.8192138671875 4.713967323303223 -4
    vertex -62.314697265625 5.555702209472656 -4
  endloop
endfacet
facet normal 0 0 0
  outer loop
    vertex -75.28852081298828 7 -4
    vertex -62.314697265625 5.555702209472656 -4
    vertex -61.730106353759766 6.343932628631592 -4
  endloop
endfacet
facet normal 0 0 0
  outer loop
    vertex -75.28852081298828 7 -4
    vertex -61.730106353759766 6.343932628631592 -4
    vertex -61.13547897338867 7 -4
  endloop
endfacet
facet normal 0 0 0
  outer loop
    vertex -75.28852081298828 -7 -12
    vertex -14.0781888961792 7 -12
    vertex -21.483470916748047 -7 -12
  endloop
endfacet
facet normal 0 0 0
  outer loop
    vertex -21.483470916748047 -7 -12
    vertex -14.0781888961792 7 -12
    vertex -20.778175354003906 -7 -12
  endloop
endfacet
facet normal 0 0 0
  outer loop
    vertex -21.483470916748047 -7 -12
    vertex -46.86452102661133 -7 -7
    vertex -61.13547897338867 -7 -7
  endloop
endfacet
facet normal 0 0 0
  outer loop
    vertex -21.483470916748047 -7 -12
    vertex -21.483470916748047 -7 -4
    vertex -46.86452102661133 -7 -7
  endloop
endfacet
facet normal 0 0 0
  outer loop
    vertex -20.778175354003906 -7 -12
    vertex -14.0781888961792 7 -12
    vertex -14.0781888961792 -7 -12
  endloop
endfacet
facet normal 0 0 0
  outer loop
    vertex -21.483470916748047 -7 -4
    vertex -46.86452102661133 -7 -4
    vertex -46.86452102661133 -7 -7
  endloop
endfacet
facet normal 0 0 0
  outer loop
    vertex -22.14616584777832 -6.11127233505249 -4
    vertex -46.269893646240234 -6.343932628631592 -4
    vertex -46.86452102661133 -7 -4
  endloop
endfacet
facet normal 0 0 0
  outer loop
    vertex -22.14616584777832 -6.11127233505249 -4
    vertex -45.685302734375 -5.555702209472656 -4
    vertex -46.269893646240234 -6.343932628631592 -4
  endloop
endfacet
facet normal 0 0 0
  outer loop
    vertex -22.14616584777832 -6.11127233505249 -4
    vertex -45.1807861328125 -4.713967323303223 -4
    vertex -45.685302734375 -5.555702209472656 -4
  endloop
endfacet
facet normal 0 0 0
  outer loop
    vertex -22.14616584777832 -6.11127233505249 -4
    vertex -44.76120376586914 -3.8268344402313232 -4
    vertex -45.1807861328125 -4.713967323303223 -4
  endloop
endfacet
facet normal 0 0 0
  outer loop
    vertex -22.14616584777832 -6.11127233505249 -4
    vertex -44.43059539794922 -2.9028468132019043 -4
    vertex -44.76120376586914 -3.8268344402313232 -4
  endloop
endfacet
facet normal 0 0 0
  outer loop
    vertex -22.701133728027344 -5.185364246368408 -4
    vertex -44.19214630126953 -1.9509031772613525 -4
    vertex -44.43059539794922 -2.9028468132019043 -4
  endloop
endfacet
facet normal 0 0 0
  outer loop
    vertex -23.526344299316406 -3.193131446838379 -4
    vertex -44.048152923583984 -0.9801713824272156 -4
    vertex -44.19214630126953 -1.9509031772613525 -4
  endloop
endfacet
facet normal 0 0 0
  outer loop
    vertex -23.788637161254883 -2.14599347114563 -4
    vertex -44 0 -4
    vertex -44.048152923583984 -0.9801713824272156 -4
  endloop
endfacet
facet normal 0 0 0
  outer loop
    vertex -21.503114700317383 -6.978326320648193 -4
    vertex -46.86452102661133 -7 -4
    vertex -21.483470916748047 -7 -4
  endloop
endfacet
facet normal 0 0 0
  outer loop
    vertex -22.14616584777832 -6.11127233505249 -4
    vertex -46.86452102661133 -7 -4
    vertex -21.503114700317383 -6.978326320648193 -4
  endloop
endfacet
facet normal 0 0 0
  outer loop
    vertex -22.14616584777832 -6.11127233505249 -4
    vertex -22.701133728027344 -5.185364246368408 -4
    vertex -44.43059539794922 -2.9028468132019043 -4
  endloop
endfacet
facet normal 0 0 0
  outer loop
    vertex -22.701133728027344 -5.185364246368408 -4
    vertex -23.162673950195312 -4.209517955780029 -4
    vertex -44.19214630126953 -1.9509031772613525 -4
  endloop
endfacet
facet normal 0 0 0
  outer loop
    vertex -23.162673950195312 -4.209517955780029 -4
    vertex -23.526344299316406 -3.193131446838379 -4
    vertex -44.19214630126953 -1.9509031772613525 -4
  endloop
endfacet
facet normal 0 0 0
  outer loop
    vertex -23.526344299316406 -3.193131446838379 -4
    vertex -23.788637161254883 -2.14599347114563 -4
    vertex -44.048152923583984 -0.9801713824272156 -4
  endloop
endfacet
facet normal 0 0 0
  outer loop
    vertex -23.788637161254883 -2.14599347114563 -4
    vertex -23.947032928466797 -1.0781885385513306 -4
    vertex -44 0 -4
  endloop
endfacet
facet normal 0 0 0
  outer loop
    vertex -23.947032928466797 -1.0781885385513306 -4
    vertex -24 0 -4
    vertex -44 0 -4
  endloop
endfacet
facet normal 0 0 0
  outer loop
    vertex -75.28852081298828 -7 -12
    vertex -21.483470916748047 7 -12
    vertex -20.816404342651367 7 -12
  endloop
endfacet
facet normal 0 0 0
  outer loop
    vertex -75.28852081298828 -7 -12
    vertex -20.816404342651367 7 -12
    vertex -14.0781888961792 7 -12
  endloop
endfacet
facet normal 0 0 0
  outer loop
    vertex -75.28852081298828 7 -12
    vertex -21.483470916748047 7 -4
    vertex -21.483470916748047 7 -12
  endloop
endfacet
facet normal 0 0 0
  outer loop
    vertex -75.28852081298828 7 -12
    vertex -46.86452102661133 7 -7
    vertex -21.483470916748047 7 -4
  endloop
endfacet
facet normal 0 0 0
  outer loop
    vertex -21.483470916748047 7 -4
    vertex -46.86452102661133 7 -7
    vertex -46.86452102661133 7 -4
  endloop
endfacet
facet normal 0 0 0
  outer loop
    vertex -24 0 -4
    vertex -44.048152923583984 0.9801713824272156 -4
    vertex -44 0 -4
  endloop
endfacet
facet normal 0 0 0
  outer loop
    vertex -23.947032928466797 1.0781885385513306 -4
    vertex -44.19214630126953 1.9509031772613525 -4
    vertex -44.048152923583984 0.9801713824272156 -4
  endloop
endfacet
facet normal 0 0 0
  outer loop
    vertex -23.788637161254883 2.14599347114563 -4
    vertex -44.43059539794922 2.9028468132019043 -4
    vertex -44.19214630126953 1.9509031772613525 -4
  endloop
endfacet
facet normal 0 0 0
  outer loop
    vertex -23.526344299316406 3.193131446838379 -4
    vertex -44.76120376586914 3.8268344402313232 -4
    vertex -44.43059539794922 2.9028468132019043 -4
  endloop
endfacet
facet normal 0 0 0
  outer loop
    vertex -23.162673950195312 4.209517955780029 -4
    vertex -45.1807861328125 4.713967323303223 -4
    vertex -44.76120376586914 3.8268344402313232 -4
  endloop
endfacet
facet normal 0 0 0
  outer loop
    vertex -23.162673950195312 4.209517955780029 -4
    vertex -45.685302734375 5.555702209472656 -4
    vertex -45.1807861328125 4.713967323303223 -4
  endloop
endfacet
facet normal 0 0 0
  outer loop
    vertex -22.701133728027344 5.185364246368408 -4
    vertex -46.269893646240234 6.343932628631592 -4
    vertex -45.685302734375 5.555702209472656 -4
  endloop
endfacet
facet normal 0 0 0
  outer loop
    vertex -21.503114700317383 6.978326320648193 -4
    vertex -46.86452102661133 7 -4
    vertex -46.269893646240234 6.343932628631592 -4
  endloop
endfacet
facet normal 0 0 0
  outer loop
    vertex -24 0 -4
    vertex -23.947032928466797 1.0781885385513306 -4
    vertex -44.048152923583984 0.9801713824272156 -4
  endloop
endfacet
facet normal 0 0 0
  outer loop
    vertex -23.947032928466797 1.0781885385513306 -4
    vertex -23.788637161254883 2.14599347114563 -4
    vertex -44.19214630126953 1.9509031772613525 -4
  endloop
endfacet
facet normal 0 0 0
  outer loop
    vertex -23.788637161254883 2.14599347114563 -4
    vertex -23.526344299316406 3.193131446838379 -4
    vertex -44.43059539794922 2.9028468132019043 -4
  endloop
endfacet
facet normal 0 0 0
  outer loop
    vertex -23.526344299316406 3.193131446838379 -4
    vertex -23.162673950195312 4.209517955780029 -4
    vertex -44.76120376586914 3.8268344402313232 -4
  endloop
endfacet
facet normal 0 0 0
  outer loop
    vertex -23.162673950195312 4.209517955780029 -4
    vertex -22.701133728027344 5.185364246368408 -4
    vertex -45.685302734375 5.555702209472656 -4
  endloop
endfacet
facet normal 0 0 0
  outer loop
    vertex -22.701133728027344 5.185364246368408 -4
    vertex -22.14616584777832 6.11127233505249 -4
    vertex -46.269893646240234 6.343932628631592 -4
  endloop
endfacet
facet normal 0 0 0
  outer loop
    vertex -22.14616584777832 6.11127233505249 -4
    vertex -21.503114700317383 6.978326320648193 -4
    vertex -46.269893646240234 6.343932628631592 -4
  endloop
endfacet
facet normal 0 0 0
  outer loop
    vertex -21.503114700317383 6.978326320648193 -4
    vertex -21.483470916748047 7 -4
    vertex -46.86452102661133 7 -4
  endloop
endfacet
facet normal 0 0 0
  outer loop
    vertex -20.778175354003906 -7.77817440032959 -12
    vertex -21.483470916748047 -7 -12
    vertex -20.778175354003906 -7 -12
  endloop
endfacet
facet normal 0 0 0
  outer loop
    vertex -20.778175354003906 -7.77817440032959 -12
    vertex -20.778175354003906 -7 -12
    vertex -14.0781888961792 -7 -12
  endloop
endfacet
facet normal 0 0 0
  outer loop
    vertex -18.18536376953125 -9.701133728027344 -12
    vertex -19.11127281188965 -9.14616584777832 -2
    vertex -19.11127281188965 -9.14616584777832 -12
  endloop
endfacet
facet normal 0 0 0
  outer loop
    vertex -20.778175354003906 -7.77817440032959 -12
    vertex -19.97832679748535 -8.503114700317383 -12
    vertex -20.778175354003906 -7.77817440032959 -2
  endloop
endfacet
facet normal 0 0 0
  outer loop
    vertex -19.11127281188965 -9.14616584777832 -12
    vertex -19.97832679748535 -8.503114700317383 -2
    vertex -19.97832679748535 -8.503114700317383 -12
  endloop
endfacet
facet normal 0 0 0
  outer loop
    vertex -20.778175354003906 -7.77817440032959 -12
    vertex -21.483470916748047 -7 -4
    vertex -21.483470916748047 -7 -12
  endloop
endfacet
facet normal 0 0 0
  outer loop
    vertex -9.806868553161621 -10.52634334564209 -12
    vertex -9.78133487701416 -10.00658893585205 -12
    vertex -9.377413749694824 -10.372682571411133 -12
  endloop
endfacet
facet normal 0 0 0
  outer loop
    vertex -17.209518432617188 -10.162674903869629 -12
    vertex -16.193132400512695 -10.52634334564209 -12
    vertex -17.209518432617188 -10.162674903869629 -2
  endloop
endfacet
facet normal 0 0 0
  outer loop
    vertex -15.14599323272705 -10.7886381149292 -12
    vertex -14.0781888961792 -10.94703197479248 -12
    vertex -15.14599323272705 -10.7886381149292 -2
  endloop
endfacet
facet normal 0 0 0
  outer loop
    vertex -16.193132400512695 -10.52634334564209 -12
    vertex -15.14599323272705 -10.7886381149292 -12
    vertex -16.193132400512695 -10.52634334564209 -2
  endloop
endfacet
facet normal 0 0 0
  outer loop
    vertex -14.0781888961792 -10.94703197479248 -12
    vertex -13 -11 -12
    vertex -14.0781888961792 -10.94703197479248 -2
  endloop
endfacet
facet normal 0 0 0
  outer loop
    vertex -13 -11 -12
    vertex -11.9218111038208 -10.94703197479248 -12
    vertex -13 -11 -2
  endloop
endfacet
facet normal 0 0 0
  outer loop
    vertex -11.9218111038208 -10.94703197479248 -12
    vertex -10.85400676727295 -10.7886381149292 -12
    vertex -11.9218111038208 -10.94703197479248 -2
  endloop
endfacet
facet normal 0 0 0
  outer loop
    vertex -10.85400676727295 -10.7886381149292 -12
    vertex -9.806868553161621 -10.52634334564209 -12
    vertex -10.85400676727295 -10.7886381149292 -2
  endloop
endfacet
facet normal 0 0 0
  outer loop
    vertex -9.806868553161621 -10.52634334564209 -12
    vertex -9.377413749694824 -10.372682571411133 -12
    vertex -9.377413749694824 -10.372682571411133 -2
  endloop
endfacet
facet normal 0 0 0
  outer loop
    vertex -16.193132400512695 -10.52634334564209 -12
    vertex -14.0781888961792 -7 -12
    vertex -15.14599323272705 -10.7886381149292 -12
  endloop
endfacet
facet normal 0 0 0
  outer loop
    vertex -17.209518432617188 -10.162674903869629 -12
    vertex -14.0781888961792 -7 -12
    vertex -16.193132400512695 -10.52634334564209 -12
  endloop
endfacet
facet normal 0 0 0
  outer loop
    vertex -18.18536376953125 -9.701133728027344 -12
    vertex -14.0781888961792 -7 -12
    vertex -17.209518432617188 -10.162674903869629 -12
  endloop
endfacet
facet normal 0 0 0
  outer loop
    vertex -19.11127281188965 -9.14616584777832 -12
    vertex -19.97832679748535 -8.503114700317383 -12
    vertex -14.0781888961792 -7 -12
  endloop
endfacet
facet normal 0 0 0
  outer loop
    vertex -18.18536376953125 -9.701133728027344 -12
    vertex -19.11127281188965 -9.14616584777832 -12
    vertex -14.0781888961792 -7 -12
  endloop
endfacet
facet normal 0 0 0
  outer loop
    vertex -20.778175354003906 -7.77817440032959 -12
    vertex -14.0781888961792 -7 -12
    vertex -19.97832679748535 -8.503114700317383 -12
  endloop
endfacet
facet normal 0 0 0
  outer loop
    vertex -15.14599323272705 -10.7886381149292 -12
    vertex -14.0781888961792 -7 -12
    vertex -14.0781888961792 -10.94703197479248 -12
  endloop
endfacet
facet normal 0 0 0
  outer loop
    vertex -14.0781888961792 -10.94703197479248 -12
    vertex -14.0781888961792 -7 -12
    vertex -13 -11 -12
  endloop
endfacet
facet normal 0 0 0
  outer loop
    vertex -11.9218111038208 -10.94703197479248 -12
    vertex -11.64057445526123 -5.222323894500732 -12
    vertex -10.85400676727295 -10.7886381149292 -12
  endloop
endfacet
facet normal 0 0 0
  outer loop
    vertex -13 -11 -12
    vertex -12.346898078918457 2.2942028045654297 -12
    vertex -11.9218111038208 -10.94703197479248 -12
  endloop
endfacet
facet normal 0 0 0
  outer loop
    vertex -9.806868553161621 -10.52634334564209 -12
    vertex -9.806868553161621 -8.014041900634766 -12
    vertex -9.78133487701416 -10.00658893585205 -12
  endloop
endfacet
facet normal 0 0 0
  outer loop
    vertex -11.9218111038208 -10.94703197479248 -12
    vertex -11.9218111038208 2.0532748699188232 -12
    vertex -11.64057445526123 -5.222323894500732 -12
  endloop
endfacet
facet normal 0 0 0
  outer loop
    vertex -13 -11 -12
    vertex -14.0781888961792 -7 -12
    vertex -14.0781888961792 7 -12
  endloop
endfacet
facet normal 0 0 0
  outer loop
    vertex -10.85400676727295 -10.7886381149292 -12
    vertex -11.64057445526123 -5.222323894500732 -12
    vertex -10.85400676727295 8.232978820800781 -12
  endloop
endfacet
facet normal 0 0 0
  outer loop
    vertex -13 -11 -12
    vertex -13.397164344787598 2.915526866912842 -12
    vertex -13 4.0204877853393555 -12
  endloop
endfacet
facet normal 0 0 0
  outer loop
    vertex -13 -11 -12
    vertex -13 4.0204877853393555 -12
    vertex -12.346898078918457 2.2942028045654297 -12
  endloop
endfacet
facet normal 0 0 0
  outer loop
    vertex -11.9218111038208 -10.94703197479248 -12
    vertex -12.346898078918457 2.2942028045654297 -12
    vertex -11.9218111038208 2.0532748699188232 -12
  endloop
endfacet
facet normal 0 0 0
  outer loop
    vertex -10.85400676727295 -10.7886381149292 -12
    vertex -9.899495124816895 8.640890121459961 -12
    vertex -9.806868553161621 -10.52634334564209 -12
  endloop
endfacet
facet normal 0 0 0
  outer loop
    vertex -9.806868553161621 -10.52634334564209 -12
    vertex -9.899495124816895 8.640890121459961 -12
    vertex -9.806868553161621 -8.014041900634766 -12
  endloop
endfacet
facet normal 0 0 0
  outer loop
    vertex -18.18536376953125 -9.701133728027344 -12
    vertex -17.209518432617188 -10.162674903869629 -12
    vertex -18.18536376953125 -9.701133728027344 -2
  endloop
endfacet
facet normal 0 0 0
  outer loop
    vertex -20.778175354003906 -7.77817440032959 -12
    vertex -21.503114700317383 -6.978326320648193 -2
    vertex -21.483470916748047 -7 -4
  endloop
endfacet
facet normal 0 0 0
  outer loop
    vertex -19.11127281188965 -9.14616584777832 -12
    vertex -19.11127281188965 -9.14616584777832 -2
    vertex -19.97832679748535 -8.503114700317383 -2
  endloop
endfacet
facet normal 0 0 0
  outer loop
    vertex -20.778175354003906 -7.77817440032959 -12
    vertex -20.778175354003906 -7.77817440032959 -2
    vertex -21.503114700317383 -6.978326320648193 -2
  endloop
endfacet
facet normal 0 0 0
  outer loop
    vertex -19.97832679748535 -8.503114700317383 -12
    vertex -19.97832679748535 -8.503114700317383 -2
    vertex -20.778175354003906 -7.77817440032959 -2
  endloop
endfacet
facet normal 0 0 0
  outer loop
    vertex -22.14616584777832 -6.11127233505249 -4
    vertex -22.701133728027344 -5.185364246368408 -2
    vertex -22.701133728027344 -5.185364246368408 -4
  endloop
endfacet
facet normal 0 0 0
  outer loop
    vertex -21.503114700317383 -6.978326320648193 -4
    vertex -21.483470916748047 -7 -4
    vertex -21.503114700317383 -6.978326320648193 -2
  endloop
endfacet
facet normal 0 0 0
  outer loop
    vertex -22.14616584777832 -6.11127233505249 -4
    vertex -21.503114700317383 -6.978326320648193 -4
    vertex -22.14616584777832 -6.11127233505249 -2
  endloop
endfacet
facet normal 0 0 0
  outer loop
    vertex -21.503114700317383 -6.978326320648193 -4
    vertex -21.503114700317383 -6.978326320648193 -2
    vertex -22.14616584777832 -6.11127233505249 -2
  endloop
endfacet
facet normal 0 0 0
  outer loop
    vertex -22.14616584777832 -6.11127233505249 -4
    vertex -22.14616584777832 -6.11127233505249 -2
    vertex -22.701133728027344 -5.185364246368408 -2
  endloop
endfacet
facet normal 0 0 0
  outer loop
    vertex -22.701133728027344 -5.185364246368408 -4
    vertex -23.162673950195312 -4.209517955780029 -2
    vertex -23.162673950195312 -4.209517955780029 -4
  endloop
endfacet
facet normal 0 0 0
  outer loop
    vertex -23.162673950195312 -4.209517955780029 -4
    vertex -23.526344299316406 -3.193131446838379 -2
    vertex -23.526344299316406 -3.193131446838379 -4
  endloop
endfacet
facet normal 0 0 0
  outer loop
    vertex -23.526344299316406 -3.193131446838379 -4
    vertex -23.788637161254883 -2.14599347114563 -2
    vertex -23.788637161254883 -2.14599347114563 -4
  endloop
endfacet
facet normal 0 0 0
  outer loop
    vertex -23.788637161254883 -2.14599347114563 -4
    vertex -23.947032928466797 -1.0781885385513306 -2
    vertex -23.947032928466797 -1.0781885385513306 -4
  endloop
endfacet
facet normal 0 0 0
  outer loop
    vertex -23.947032928466797 -1.0781885385513306 -4
    vertex -24 0 -2
    vertex -24 0 -4
  endloop
endfacet
facet normal 0 0 0
  outer loop
    vertex -22.701133728027344 -5.185364246368408 -4
    vertex -22.701133728027344 -5.185364246368408 -2
    vertex -23.162673950195312 -4.209517955780029 -2
  endloop
endfacet
facet normal 0 0 0
  outer loop
    vertex -23.162673950195312 -4.209517955780029 -4
    vertex -23.162673950195312 -4.209517955780029 -2
    vertex -23.526344299316406 -3.193131446838379 -2
  endloop
endfacet
facet normal 0 0 0
  outer loop
    vertex -23.526344299316406 -3.193131446838379 -4
    vertex -23.526344299316406 -3.193131446838379 -2
    vertex -23.788637161254883 -2.14599347114563 -2
  endloop
endfacet
facet normal 0 0 0
  outer loop
    vertex -20.778175354003906 -7.77817440032959 -2
    vertex -19.97832679748535 -8.503114700317383 -2
    vertex -19.97832679748535 8.503114700317383 -2
  endloop
endfacet
facet normal 0 0 0
  outer loop
    vertex -19.11127281188965 -9.14616584777832 -2
    vertex -19.11127281188965 9.14616584777832 -2
    vertex -19.97832679748535 -8.503114700317383 -2
  endloop
endfacet
facet normal 0 0 0
  outer loop
    vertex -23.788637161254883 -2.14599347114563 -4
    vertex -23.788637161254883 -2.14599347114563 -2
    vertex -23.947032928466797 -1.0781885385513306 -2
  endloop
endfacet
facet normal 0 0 0
  outer loop
    vertex -23.947032928466797 -1.0781885385513306 -4
    vertex -23.947032928466797 -1.0781885385513306 -2
    vertex -24 0 -2
  endloop
endfacet
facet normal 0 0 0
  outer loop
    vertex -22.701133728027344 -5.185364246368408 -2
    vertex -22.701133728027344 5.185364246368408 -2
    vertex -23.162673950195312 -4.209517955780029 -2
  endloop
endfacet
facet normal 0 0 0
  outer loop
    vertex -23.526344299316406 -3.193131446838379 -2
    vertex -23.526344299316406 3.193131446838379 -2
    vertex -23.788637161254883 -2.14599347114563 -2
  endloop
endfacet
facet normal 0 0 0
  outer loop
    vertex -23.162673950195312 -4.209517955780029 -2
    vertex -23.162673950195312 4.209517955780029 -2
    vertex -23.526344299316406 -3.193131446838379 -2
  endloop
endfacet
facet normal 0 0 0
  outer loop
    vertex -23.788637161254883 -2.14599347114563 -2
    vertex -23.788637161254883 2.14599347114563 -2
    vertex -23.947032928466797 -1.0781885385513306 -2
  endloop
endfacet
facet normal 0 0 0
  outer loop
    vertex -22.14616584777832 -6.11127233505249 -2
    vertex -21.503114700317383 -6.978326320648193 -2
    vertex -21.503114700317383 6.978326320648193 -2
  endloop
endfacet
facet normal 0 0 0
  outer loop
    vertex -20.778175354003906 -7.77817440032959 -2
    vertex -20.778175354003906 7.77817440032959 -2
    vertex -21.503114700317383 -6.978326320648193 -2
  endloop
endfacet
facet normal 0 0 0
  outer loop
    vertex -22.14616584777832 -6.11127233505249 -2
    vertex -22.14616584777832 6.11127233505249 -2
    vertex -22.701133728027344 -5.185364246368408 -2
  endloop
endfacet
facet normal 0 0 0
  outer loop
    vertex -17.209518432617188 -10.162674903869629 -12
    vertex -17.209518432617188 -10.162674903869629 -2
    vertex -18.18536376953125 -9.701133728027344 -2
  endloop
endfacet
facet normal 0 0 0
  outer loop
    vertex -16.193132400512695 -10.52634334564209 -12
    vertex -16.193132400512695 -10.52634334564209 -2
    vertex -17.209518432617188 -10.162674903869629 -2
  endloop
endfacet
facet normal 0 0 0
  outer loop
    vertex -15.14599323272705 -10.7886381149292 -12
    vertex -15.14599323272705 -10.7886381149292 -2
    vertex -16.193132400512695 -10.52634334564209 -2
  endloop
endfacet
facet normal 0 0 0
  outer loop
    vertex -14.0781888961792 -10.94703197479248 -12
    vertex -14.0781888961792 -10.94703197479248 -2
    vertex -15.14599323272705 -10.7886381149292 -2
  endloop
endfacet
facet normal 0 0 0
  outer loop
    vertex -13 -11 -12
    vertex -13 -11 -2
    vertex -14.0781888961792 -10.94703197479248 -2
  endloop
endfacet
facet normal 0 0 0
  outer loop
    vertex -11.9218111038208 -10.94703197479248 -12
    vertex -11.9218111038208 -10.94703197479248 -2
    vertex -13 -11 -2
  endloop
endfacet
facet normal 0 0 0
  outer loop
    vertex -10.85400676727295 -10.7886381149292 -12
    vertex -10.85400676727295 -10.7886381149292 -2
    vertex -11.9218111038208 -10.94703197479248 -2
  endloop
endfacet
facet normal 0 0 0
  outer loop
    vertex -9.806868553161621 -10.52634334564209 -12
    vertex -9.806868553161621 -10.52634334564209 -2
    vertex -10.85400676727295 -10.7886381149292 -2
  endloop
endfacet
facet normal 0 0 0
  outer loop
    vertex -9.806868553161621 -10.52634334564209 -12
    vertex -9.377413749694824 -10.372682571411133 -2
    vertex -9.806868553161621 -10.52634334564209 -2
  endloop
endfacet
facet normal 0 0 0
  outer loop
    vertex -18.18536376953125 -9.701133728027344 -12
    vertex -18.18536376953125 -9.701133728027344 -2
    vertex -19.11127281188965 -9.14616584777832 -2
  endloop
endfacet
facet normal 0 0 0
  outer loop
    vertex -10.85400676727295 -10.7886381149292 -2
    vertex -9.806868553161621 -10.52634334564209 -2
    vertex -9.806868553161621 -8.014041900634766 -2
  endloop
endfacet
facet normal 0 0 0
  outer loop
    vertex -9.806868553161621 -10.52634334564209 -2
    vertex -9.377413749694824 -10.372682571411133 -2
    vertex -9.48942756652832 -2.4142136573791504 -2
  endloop
endfacet
facet normal 0 0 0
  outer loop
    vertex -9.377413749694824 -10.372682571411133 -2
    vertex -8.881505966186523 -10.195243835449219 -2
    vertex -9.48942756652832 -2.4142136573791504 -2
  endloop
endfacet
facet normal 0 0 0
  outer loop
    vertex -10.85400676727295 -10.7886381149292 -2
    vertex -9.806868553161621 -8.014041900634766 -2
    vertex -10.5 -2.4142136573791504 -2
  endloop
endfacet
facet normal 0 0 0
  outer loop
    vertex -9.806868553161621 -10.52634334564209 -2
    vertex -9.48942756652832 -2.4142136573791504 -2
    vertex -9.806868553161621 -8.014041900634766 -2
  endloop
endfacet
facet normal 0 0 0
  outer loop
    vertex -8.881505966186523 -10.195243835449219 -2
    vertex -8.790482521057129 -8.969315528869629 -2
    vertex -9.48942756652832 -2.4142136573791504 -2
  endloop
endfacet
facet normal 0 0 0
  outer loop
    vertex -18.18536376953125 -9.701133728027344 -2
    vertex -17.209518432617188 -10.162674903869629 -2
    vertex -17.209518432617188 10.162674903869629 -2
  endloop
endfacet
facet normal 0 0 0
  outer loop
    vertex -17.209518432617188 -10.162674903869629 -2
    vertex -16.193132400512695 -10.52634334564209 -2
    vertex -16.193132400512695 10.52634334564209 -2
  endloop
endfacet
facet normal 0 0 0
  outer loop
    vertex -18.18536376953125 -9.701133728027344 -2
    vertex -18.18536376953125 9.701133728027344 -2
    vertex -19.11127281188965 -9.14616584777832 -2
  endloop
endfacet
facet normal 0 0 0
  outer loop
    vertex -16.193132400512695 -10.52634334564209 -2
    vertex -15.14599323272705 -10.7886381149292 -2
    vertex -15.14599323272705 10.7886381149292 -2
  endloop
endfacet
facet normal 0 0 0
  outer loop
    vertex -15.14599323272705 -10.7886381149292 -2
    vertex -14.0781888961792 -10.94703197479248 -2
    vertex -14.0781888961792 10.94703197479248 -2
  endloop
endfacet
facet normal 0 0 0
  outer loop
    vertex -14.0781888961792 -10.94703197479248 -2
    vertex -13 -11 -2
    vertex -13 11 -2
  endloop
endfacet
facet normal 0 0 0
  outer loop
    vertex -13 -11 -2
    vertex -11.9218111038208 -10.94703197479248 -2
    vertex -11.9218111038208 10.94703197479248 -2
  endloop
endfacet
facet normal 0 0 0
  outer loop
    vertex -11.9218111038208 -10.94703197479248 -2
    vertex -10.85400676727295 -10.7886381149292 -2
    vertex -10.85400676727295 10.7886381149292 -2
  endloop
endfacet
facet normal 0 0 0
  outer loop
    vertex -10.85400676727295 -10.7886381149292 -2
    vertex -10.5 -2.4142136573791504 -2
    vertex -10.85400676727295 10.7886381149292 -2
  endloop
endfacet
facet normal 0 0 0
  outer loop
    vertex -8.790482521057129 -8.969315528869629 -2
    vertex -8.825013160705566 -2.4142136573791504 -2
    vertex -9.48942756652832 -2.4142136573791504 -2
  endloop
endfacet
facet normal 0 0 0
  outer loop
    vertex -9.806868553161621 -8.014041900634766 -2
    vertex -9.531766891479492 -2.4142136573791504 -2
    vertex -10.5 -2.4142136573791504 -2
  endloop
endfacet
facet normal 0 0 0
  outer loop
    vertex -21.483470916748047 7 -12
    vertex -20.778175354003906 7.77817440032959 -12
    vertex -20.816404342651367 7 -12
  endloop
endfacet
facet normal 0 0 0
  outer loop
    vertex -20.816404342651367 7 -12
    vertex -20.778175354003906 7.77817440032959 -12
    vertex -19.97832679748535 8.503114700317383 -12
  endloop
endfacet
facet normal 0 0 0
  outer loop
    vertex -20.816404342651367 7 -12
    vertex -19.97832679748535 8.503114700317383 -12
    vertex -19.11127281188965 9.14616584777832 -12
  endloop
endfacet
facet normal 0 0 0
  outer loop
    vertex -20.816404342651367 7 -12
    vertex -19.11127281188965 9.14616584777832 -12
    vertex -18.18536376953125 9.701133728027344 -12
  endloop
endfacet
facet normal 0 0 0
  outer loop
    vertex -20.816404342651367 7 -12
    vertex -18.18536376953125 9.701133728027344 -12
    vertex -17.209518432617188 10.162674903869629 -12
  endloop
endfacet
facet normal 0 0 0
  outer loop
    vertex -21.483470916748047 7 -12
    vertex -21.483470916748047 7 -4
    vertex -20.778175354003906 7.77817440032959 -12
  endloop
endfacet
facet normal 0 0 0
  outer loop
    vertex -20.778175354003906 7.77817440032959 -12
    vertex -19.97832679748535 8.503114700317383 -2
    vertex -19.97832679748535 8.503114700317383 -12
  endloop
endfacet
facet normal 0 0 0
  outer loop
    vertex -19.97832679748535 8.503114700317383 -12
    vertex -19.11127281188965 9.14616584777832 -2
    vertex -19.11127281188965 9.14616584777832 -12
  endloop
endfacet
facet normal 0 0 0
  outer loop
    vertex -13 -11 -12
    vertex -14.0781888961792 10.94703197479248 -12
    vertex -13.397164344787598 2.915526866912842 -12
  endloop
endfacet
facet normal 0 0 0
  outer loop
    vertex -13 -11 -12
    vertex -14.0781888961792 7 -12
    vertex -14.0781888961792 10.94703197479248 -12
  endloop
endfacet
facet normal 0 0 0
  outer loop
    vertex -11.64057445526123 -5.222323894500732 -12
    vertex -11.9218111038208 2.0532748699188232 -12
    vertex -10.95660400390625 8.700210571289062 -12
  endloop
endfacet
facet normal 0 0 0
  outer loop
    vertex -12.346898078918457 2.2942028045654297 -12
    vertex -13 4.0204877853393555 -12
    vertex -12.11650562286377 6.983940124511719 -12
  endloop
endfacet
facet normal 0 0 0
  outer loop
    vertex -10.85400676727295 -10.7886381149292 -12
    vertex -10.85400676727295 8.232978820800781 -12
    vertex -9.899495124816895 8.640890121459961 -12
  endloop
endfacet
facet normal 0 0 0
  outer loop
    vertex -13 4.0204877853393555 -12
    vertex -13 5.173986434936523 -12
    vertex -12.11650562286377 6.983940124511719 -12
  endloop
endfacet
facet normal 0 0 0
  outer loop
    vertex -13.397164344787598 2.915526866912842 -12
    vertex -14.0781888961792 10.94703197479248 -12
    vertex -13.331765174865723 4.24676513671875 -12
  endloop
endfacet
facet normal 0 0 0
  outer loop
    vertex -11.9218111038208 2.0532748699188232 -12
    vertex -11.9218111038208 7.308767795562744 -12
    vertex -10.95660400390625 8.700210571289062 -12
  endloop
endfacet
facet normal 0 0 0
  outer loop
    vertex -13.331765174865723 4.24676513671875 -12
    vertex -13 11 -12
    vertex -13 5.173986434936523 -12
  endloop
endfacet
facet normal 0 0 0
  outer loop
    vertex -20.816404342651367 7 -12
    vertex -14.0781888961792 10.94703197479248 -12
    vertex -14.0781888961792 7 -12
  endloop
endfacet
facet normal 0 0 0
  outer loop
    vertex -20.816404342651367 7 -12
    vertex -17.209518432617188 10.162674903869629 -12
    vertex -16.193132400512695 10.52634334564209 -12
  endloop
endfacet
facet normal 0 0 0
  outer loop
    vertex -20.816404342651367 7 -12
    vertex -16.193132400512695 10.52634334564209 -12
    vertex -15.14599323272705 10.7886381149292 -12
  endloop
endfacet
facet normal 0 0 0
  outer loop
    vertex -20.816404342651367 7 -12
    vertex -15.14599323272705 10.7886381149292 -12
    vertex -14.0781888961792 10.94703197479248 -12
  endloop
endfacet
facet normal 0 0 0
  outer loop
    vertex -13 5.173986434936523 -12
    vertex -13 11 -12
    vertex -12.11650562286377 6.983940124511719 -12
  endloop
endfacet
facet normal 0 0 0
  outer loop
    vertex -13.331765174865723 4.24676513671875 -12
    vertex -14.0781888961792 10.94703197479248 -12
    vertex -13 11 -12
  endloop
endfacet
facet normal 0 0 0
  outer loop
    vertex -12.11650562286377 6.983940124511719 -12
    vertex -11.9218111038208 10.94703197479248 -12
    vertex -11.9218111038208 7.308767795562744 -12
  endloop
endfacet
facet normal 0 0 0
  outer loop
    vertex -11.9218111038208 7.308767795562744 -12
    vertex -11.9218111038208 10.94703197479248 -12
    vertex -10.95660400390625 8.700210571289062 -12
  endloop
endfacet
facet normal 0 0 0
  outer loop
    vertex -12.11650562286377 6.983940124511719 -12
    vertex -13 11 -12
    vertex -11.9218111038208 10.94703197479248 -12
  endloop
endfacet
facet normal 0 0 0
  outer loop
    vertex -10.95660400390625 8.700210571289062 -12
    vertex -10.85400676727295 10.7886381149292 -12
    vertex -10.85400676727295 8.838547706604004 -12
  endloop
endfacet
facet normal 0 0 0
  outer loop
    vertex -10.85400676727295 8.232978820800781 -12
    vertex -10.85400676727295 8.838547706604004 -12
    vertex -9.899495124816895 8.640890121459961 -12
  endloop
endfacet
facet normal 0 0 0
  outer loop
    vertex -10.85400676727295 8.838547706604004 -12
    vertex -9.834782600402832 9.958147048950195 -12
    vertex -9.899495124816895 8.640890121459961 -12
  endloop
endfacet
facet normal 0 0 0
  outer loop
    vertex -10.85400676727295 8.838547706604004 -12
    vertex -10.85400676727295 10.7886381149292 -12
    vertex -9.834782600402832 9.958147048950195 -12
  endloop
endfacet
facet normal 0 0 0
  outer loop
    vertex -19.11127281188965 9.14616584777832 -12
    vertex -18.18536376953125 9.701133728027344 -2
    vertex -18.18536376953125 9.701133728027344 -12
  endloop
endfacet
facet normal 0 0 0
  outer loop
    vertex -10.95660400390625 8.700210571289062 -12
    vertex -11.9218111038208 10.94703197479248 -12
    vertex -10.85400676727295 10.7886381149292 -12
  endloop
endfacet
facet normal 0 0 0
  outer loop
    vertex -9.834782600402832 9.958147048950195 -12
    vertex -9.806868553161621 10.52634334564209 -12
    vertex -9.377413749694824 10.372682571411133 -12
  endloop
endfacet
facet normal 0 0 0
  outer loop
    vertex -9.834782600402832 9.958147048950195 -12
    vertex -10.85400676727295 10.7886381149292 -12
    vertex -9.806868553161621 10.52634334564209 -12
  endloop
endfacet
facet normal 0 0 0
  outer loop
    vertex -18.18536376953125 9.701133728027344 -12
    vertex -17.209518432617188 10.162674903869629 -2
    vertex -17.209518432617188 10.162674903869629 -12
  endloop
endfacet
facet normal 0 0 0
  outer loop
    vertex -17.209518432617188 10.162674903869629 -12
    vertex -16.193132400512695 10.52634334564209 -2
    vertex -16.193132400512695 10.52634334564209 -12
  endloop
endfacet
facet normal 0 0 0
  outer loop
    vertex -16.193132400512695 10.52634334564209 -12
    vertex -15.14599323272705 10.7886381149292 -2
    vertex -15.14599323272705 10.7886381149292 -12
  endloop
endfacet
facet normal 0 0 0
  outer loop
    vertex -15.14599323272705 10.7886381149292 -12
    vertex -14.0781888961792 10.94703197479248 -2
    vertex -14.0781888961792 10.94703197479248 -12
  endloop
endfacet
facet normal 0 0 0
  outer loop
    vertex -14.0781888961792 10.94703197479248 -12
    vertex -13 11 -2
    vertex -13 11 -12
  endloop
endfacet
facet normal 0 0 0
  outer loop
    vertex -13 11 -12
    vertex -11.9218111038208 10.94703197479248 -2
    vertex -11.9218111038208 10.94703197479248 -12
  endloop
endfacet
facet normal 0 0 0
  outer loop
    vertex -11.9218111038208 10.94703197479248 -12
    vertex -10.85400676727295 10.7886381149292 -2
    vertex -10.85400676727295 10.7886381149292 -12
  endloop
endfacet
facet normal 0 0 0
  outer loop
    vertex -10.85400676727295 10.7886381149292 -12
    vertex -9.806868553161621 10.52634334564209 -2
    vertex -9.806868553161621 10.52634334564209 -12
  endloop
endfacet
facet normal 0 0 0
  outer loop
    vertex -9.806868553161621 10.52634334564209 -12
    vertex -9.806868553161621 10.52634334564209 -2
    vertex -9.377413749694824 10.372682571411133 -12
  endloop
endfacet
facet normal 0 0 0
  outer loop
    vertex -20.778175354003906 7.77817440032959 -12
    vertex -21.483470916748047 7 -4
    vertex -20.778175354003906 7.77817440032959 -2
  endloop
endfacet
facet normal 0 0 0
  outer loop
    vertex -20.778175354003906 7.77817440032959 -12
    vertex -20.778175354003906 7.77817440032959 -2
    vertex -19.97832679748535 8.503114700317383 -2
  endloop
endfacet
facet normal 0 0 0
  outer loop
    vertex -19.97832679748535 8.503114700317383 -12
    vertex -19.97832679748535 8.503114700317383 -2
    vertex -19.11127281188965 9.14616584777832 -2
  endloop
endfacet
facet normal 0 0 0
  outer loop
    vertex -19.11127281188965 9.14616584777832 -12
    vertex -19.11127281188965 9.14616584777832 -2
    vertex -18.18536376953125 9.701133728027344 -2
  endloop
endfacet
facet normal 0 0 0
  outer loop
    vertex -24 0 -4
    vertex -23.947032928466797 1.0781885385513306 -2
    vertex -23.947032928466797 1.0781885385513306 -4
  endloop
endfacet
facet normal 0 0 0
  outer loop
    vertex -23.947032928466797 1.0781885385513306 -4
    vertex -23.788637161254883 2.14599347114563 -2
    vertex -23.788637161254883 2.14599347114563 -4
  endloop
endfacet
facet normal 0 0 0
  outer loop
    vertex -23.788637161254883 2.14599347114563 -4
    vertex -23.526344299316406 3.193131446838379 -2
    vertex -23.526344299316406 3.193131446838379 -4
  endloop
endfacet
facet normal 0 0 0
  outer loop
    vertex -23.526344299316406 3.193131446838379 -4
    vertex -23.162673950195312 4.209517955780029 -2
    vertex -23.162673950195312 4.209517955780029 -4
  endloop
endfacet
facet normal 0 0 0
  outer loop
    vertex -23.162673950195312 4.209517955780029 -4
    vertex -22.701133728027344 5.185364246368408 -2
    vertex -22.701133728027344 5.185364246368408 -4
  endloop
endfacet
facet normal 0 0 0
  outer loop
    vertex -24 0 -4
    vertex -24 0 -2
    vertex -23.947032928466797 1.0781885385513306 -2
  endloop
endfacet
facet normal 0 0 0
  outer loop
    vertex -23.947032928466797 1.0781885385513306 -4
    vertex -23.947032928466797 1.0781885385513306 -2
    vertex -23.788637161254883 2.14599347114563 -2
  endloop
endfacet
facet normal 0 0 0
  outer loop
    vertex -23.788637161254883 2.14599347114563 -4
    vertex -23.788637161254883 2.14599347114563 -2
    vertex -23.526344299316406 3.193131446838379 -2
  endloop
endfacet
facet normal 0 0 0
  outer loop
    vertex -23.947032928466797 -1.0781885385513306 -2
    vertex -23.947032928466797 1.0781885385513306 -2
    vertex -24 0 -2
  endloop
endfacet
facet normal 0 0 0
  outer loop
    vertex -23.947032928466797 -1.0781885385513306 -2
    vertex -23.788637161254883 2.14599347114563 -2
    vertex -23.947032928466797 1.0781885385513306 -2
  endloop
endfacet
facet normal 0 0 0
  outer loop
    vertex -23.788637161254883 -2.14599347114563 -2
    vertex -23.526344299316406 3.193131446838379 -2
    vertex -23.788637161254883 2.14599347114563 -2
  endloop
endfacet
facet normal 0 0 0
  outer loop
    vertex -23.526344299316406 -3.193131446838379 -2
    vertex -23.162673950195312 4.209517955780029 -2
    vertex -23.526344299316406 3.193131446838379 -2
  endloop
endfacet
facet normal 0 0 0
  outer loop
    vertex -23.162673950195312 -4.209517955780029 -2
    vertex -22.701133728027344 5.185364246368408 -2
    vertex -23.162673950195312 4.209517955780029 -2
  endloop
endfacet
facet normal 0 0 0
  outer loop
    vertex -22.701133728027344 -5.185364246368408 -2
    vertex -22.14616584777832 6.11127233505249 -2
    vertex -22.701133728027344 5.185364246368408 -2
  endloop
endfacet
facet normal 0 0 0
  outer loop
    vertex -22.14616584777832 -6.11127233505249 -2
    vertex -21.503114700317383 6.978326320648193 -2
    vertex -22.14616584777832 6.11127233505249 -2
  endloop
endfacet
facet normal 0 0 0
  outer loop
    vertex -23.526344299316406 3.193131446838379 -4
    vertex -23.526344299316406 3.193131446838379 -2
    vertex -23.162673950195312 4.209517955780029 -2
  endloop
endfacet
facet normal 0 0 0
  outer loop
    vertex -23.162673950195312 4.209517955780029 -4
    vertex -23.162673950195312 4.209517955780029 -2
    vertex -22.701133728027344 5.185364246368408 -2
  endloop
endfacet
facet normal 0 0 0
  outer loop
    vertex -21.503114700317383 -6.978326320648193 -2
    vertex -20.778175354003906 7.77817440032959 -2
    vertex -21.503114700317383 6.978326320648193 -2
  endloop
endfacet
facet normal 0 0 0
  outer loop
    vertex -20.778175354003906 -7.77817440032959 -2
    vertex -19.97832679748535 8.503114700317383 -2
    vertex -20.778175354003906 7.77817440032959 -2
  endloop
endfacet
facet normal 0 0 0
  outer loop
    vertex -19.97832679748535 -8.503114700317383 -2
    vertex -19.11127281188965 9.14616584777832 -2
    vertex -19.97832679748535 8.503114700317383 -2
  endloop
endfacet
facet normal 0 0 0
  outer loop
    vertex -19.11127281188965 -9.14616584777832 -2
    vertex -18.18536376953125 9.701133728027344 -2
    vertex -19.11127281188965 9.14616584777832 -2
  endloop
endfacet
facet normal 0 0 0
  outer loop
    vertex -22.701133728027344 5.185364246368408 -4
    vertex -22.14616584777832 6.11127233505249 -2
    vertex -22.14616584777832 6.11127233505249 -4
  endloop
endfacet
facet normal 0 0 0
  outer loop
    vertex -22.14616584777832 6.11127233505249 -4
    vertex -21.503114700317383 6.978326320648193 -2
    vertex -21.503114700317383 6.978326320648193 -4
  endloop
endfacet
facet normal 0 0 0
  outer loop
    vertex -21.503114700317383 6.978326320648193 -4
    vertex -21.503114700317383 6.978326320648193 -2
    vertex -21.483470916748047 7 -4
  endloop
endfacet
facet normal 0 0 0
  outer loop
    vertex -22.701133728027344 5.185364246368408 -4
    vertex -22.701133728027344 5.185364246368408 -2
    vertex -22.14616584777832 6.11127233505249 -2
  endloop
endfacet
facet normal 0 0 0
  outer loop
    vertex -22.14616584777832 6.11127233505249 -4
    vertex -22.14616584777832 6.11127233505249 -2
    vertex -21.503114700317383 6.978326320648193 -2
  endloop
endfacet
facet normal 0 0 0
  outer loop
    vertex -21.483470916748047 7 -4
    vertex -21.503114700317383 6.978326320648193 -2
    vertex -20.778175354003906 7.77817440032959 -2
  endloop
endfacet
facet normal 0 0 0
  outer loop
    vertex -18.18536376953125 9.701133728027344 -12
    vertex -18.18536376953125 9.701133728027344 -2
    vertex -17.209518432617188 10.162674903869629 -2
  endloop
endfacet
facet normal 0 0 0
  outer loop
    vertex -18.18536376953125 -9.701133728027344 -2
    vertex -17.209518432617188 10.162674903869629 -2
    vertex -18.18536376953125 9.701133728027344 -2
  endloop
endfacet
facet normal 0 0 0
  outer loop
    vertex -17.209518432617188 -10.162674903869629 -2
    vertex -16.193132400512695 10.52634334564209 -2
    vertex -17.209518432617188 10.162674903869629 -2
  endloop
endfacet
facet normal 0 0 0
  outer loop
    vertex -16.193132400512695 -10.52634334564209 -2
    vertex -15.14599323272705 10.7886381149292 -2
    vertex -16.193132400512695 10.52634334564209 -2
  endloop
endfacet
facet normal 0 0 0
  outer loop
    vertex -15.14599323272705 -10.7886381149292 -2
    vertex -14.0781888961792 10.94703197479248 -2
    vertex -15.14599323272705 10.7886381149292 -2
  endloop
endfacet
facet normal 0 0 0
  outer loop
    vertex -14.0781888961792 -10.94703197479248 -2
    vertex -13 11 -2
    vertex -14.0781888961792 10.94703197479248 -2
  endloop
endfacet
facet normal 0 0 0
  outer loop
    vertex -13 -11 -2
    vertex -11.9218111038208 10.94703197479248 -2
    vertex -13 11 -2
  endloop
endfacet
facet normal 0 0 0
  outer loop
    vertex -10.85400676727295 10.7886381149292 -2
    vertex -10.5 -2.4142136573791504 -2
    vertex -10.5 0.4142135679721832 -2
  endloop
endfacet
facet normal 0 0 0
  outer loop
    vertex -11.9218111038208 -10.94703197479248 -2
    vertex -10.85400676727295 10.7886381149292 -2
    vertex -11.9218111038208 10.94703197479248 -2
  endloop
endfacet
facet normal 0 0 0
  outer loop
    vertex -10.85400676727295 10.7886381149292 -2
    vertex -10.5 0.4142135679721832 -2
    vertex -10.5 2.4142136573791504 -2
  endloop
endfacet
facet normal 0 0 0
  outer loop
    vertex -8.881505966186523 8.309844017028809 -2
    vertex -9.215715408325195 2.4142136573791504 -2
    vertex -8.850448608398438 2.4142136573791504 -2
  endloop
endfacet
facet normal 0 0 0
  outer loop
    vertex -9.806868553161621 10.52634334564209 -2
    vertex -10.5 2.4142136573791504 -2
    vertex -9.294561386108398 2.4142136573791504 -2
  endloop
endfacet
facet normal 0 0 0
  outer loop
    vertex -10.85400676727295 10.7886381149292 -2
    vertex -10.5 2.4142136573791504 -2
    vertex -9.806868553161621 10.52634334564209 -2
  endloop
endfacet
facet normal 0 0 0
  outer loop
    vertex -9.806868553161621 10.52634334564209 -2
    vertex -9.294561386108398 2.4142136573791504 -2
    vertex -9.377413749694824 10.372682571411133 -2
  endloop
endfacet
facet normal 0 0 0
  outer loop
    vertex -9.377413749694824 10.372682571411133 -2
    vertex -9.294561386108398 2.4142136573791504 -2
    vertex -8.911771774291992 10.206072807312012 -2
  endloop
endfacet
facet normal 0 0 0
  outer loop
    vertex -17.209518432617188 10.162674903869629 -12
    vertex -17.209518432617188 10.162674903869629 -2
    vertex -16.193132400512695 10.52634334564209 -2
  endloop
endfacet
facet normal 0 0 0
  outer loop
    vertex -16.193132400512695 10.52634334564209 -12
    vertex -16.193132400512695 10.52634334564209 -2
    vertex -15.14599323272705 10.7886381149292 -2
  endloop
endfacet
facet normal 0 0 0
  outer loop
    vertex -15.14599323272705 10.7886381149292 -12
    vertex -15.14599323272705 10.7886381149292 -2
    vertex -14.0781888961792 10.94703197479248 -2
  endloop
endfacet
facet normal 0 0 0
  outer loop
    vertex -14.0781888961792 10.94703197479248 -12
    vertex -14.0781888961792 10.94703197479248 -2
    vertex -13 11 -2
  endloop
endfacet
facet normal 0 0 0
  outer loop
    vertex -13 11 -12
    vertex -13 11 -2
    vertex -11.9218111038208 10.94703197479248 -2
  endloop
endfacet
facet normal 0 0 0
  outer loop
    vertex -11.9218111038208 10.94703197479248 -12
    vertex -11.9218111038208 10.94703197479248 -2
    vertex -10.85400676727295 10.7886381149292 -2
  endloop
endfacet
facet normal 0 0 0
  outer loop
    vertex -9.377413749694824 10.372682571411133 -12
    vertex -9.806868553161621 10.52634334564209 -2
    vertex -9.377413749694824 10.372682571411133 -2
  endloop
endfacet
facet normal 0 0 0
  outer loop
    vertex -10.85400676727295 10.7886381149292 -12
    vertex -10.85400676727295 10.7886381149292 -2
    vertex -9.806868553161621 10.52634334564209 -2
  endloop
endfacet
facet normal 0 0 0
  outer loop
    vertex -99.80569458007812 -19.13880729675293 -12
    vertex -96.92635345458984 -14.711779594421387 -12
    vertex -97.90180969238281 -19.615705490112305 -12
  endloop
endfacet
facet normal 0 0 0
  outer loop
    vertex -103.42793273925781 -17.638425827026367 -12
    vertex -105.11140441894531 -16.629392623901367 -12
    vertex -102.33355712890625 -12.472043991088867 -12
  endloop
endfacet
facet normal 0 0 0
  outer loop
    vertex -99.80569458007812 -19.13880729675293 -12
    vertex -101.65367126464844 -18.477590560913086 -12
    vertex -99.74024963378906 -13.858193397521973 -12
  endloop
endfacet
facet normal 0 0 0
  outer loop
    vertex -103.42793273925781 -17.638425827026367 -12
    vertex -101.07095336914062 -13.228818893432617 -12
    vertex -101.65367126464844 -18.477590560913086 -12
  endloop
endfacet
facet normal 0 0 0
  outer loop
    vertex -101.65367126464844 -18.477590560913086 -12
    vertex -101.07095336914062 -13.228818893432617 -12
    vertex -99.74024963378906 -13.858193397521973 -12
  endloop
endfacet
facet normal 0 0 0
  outer loop
    vertex -99.80569458007812 -19.13880729675293 -12
    vertex -99.74024963378906 -13.858193397521973 -12
    vertex -98.3542709350586 -14.354104995727539 -12
  endloop
endfacet
facet normal 0 0 0
  outer loop
    vertex -99.80569458007812 -19.13880729675293 -12
    vertex -98.3542709350586 -14.354104995727539 -12
    vertex -96.92635345458984 -14.711779594421387 -12
  endloop
endfacet
facet normal 0 0 0
  outer loop
    vertex -106.6878662109375 -15.460208892822266 -12
    vertex -108.14213562011719 -14.142135620117188 -12
    vertex -106.4720458984375 -8.333553314208984 -12
  endloop
endfacet
facet normal 0 0 0
  outer loop
    vertex -108.14213562011719 -14.142135620117188 -12
    vertex -109.46021270751953 -12.687865257263184 -12
    vertex -107.85819244384766 -5.740251541137695 -12
  endloop
endfacet
facet normal 0 0 0
  outer loop
    vertex -106.6878662109375 -15.460208892822266 -12
    vertex -106.4720458984375 -8.333553314208984 -12
    vertex -105.59515380859375 -9.515899658203125 -12
  endloop
endfacet
facet normal 0 0 0
  outer loop
    vertex -106.6878662109375 -15.460208892822266 -12
    vertex -104.60660552978516 -10.60660171508789 -12
    vertex -105.11140441894531 -16.629392623901367 -12
  endloop
endfacet
facet normal 0 0 0
  outer loop
    vertex -103.42793273925781 -17.638425827026367 -12
    vertex -102.33355712890625 -12.472043991088867 -12
    vertex -101.07095336914062 -13.228818893432617 -12
  endloop
endfacet
facet normal 0 0 0
  outer loop
    vertex -105.11140441894531 -16.629392623901367 -12
    vertex -104.60660552978516 -10.60660171508789 -12
    vertex -103.51589965820312 -11.5951566696167 -12
  endloop
endfacet
facet normal 0 0 0
  outer loop
    vertex -105.11140441894531 -16.629392623901367 -12
    vertex -103.51589965820312 -11.5951566696167 -12
    vertex -102.33355712890625 -12.472043991088867 -12
  endloop
endfacet
facet normal 0 0 0
  outer loop
    vertex -106.6878662109375 -15.460208892822266 -12
    vertex -105.59515380859375 -9.515899658203125 -12
    vertex -104.60660552978516 -10.60660171508789 -12
  endloop
endfacet
facet normal 0 0 0
  outer loop
    vertex -97.90180969238281 -19.615705490112305 -12
    vertex -95.47026062011719 -14.927770614624023 -12
    vertex -95.96034240722656 -19.90369415283203 -12
  endloop
endfacet
facet normal 0 0 0
  outer loop
    vertex -95.96034240722656 -19.90369415283203 -12
    vertex -94 -15 -12
    vertex -94 -20 -12
  endloop
endfacet
facet normal 0 0 0
  outer loop
    vertex -97.90180969238281 -19.615705490112305 -12
    vertex -96.92635345458984 -14.711779594421387 -12
    vertex -95.47026062011719 -14.927770614624023 -12
  endloop
endfacet
facet normal 0 0 0
  outer loop
    vertex -95.96034240722656 -19.90369415283203 -12
    vertex -95.47026062011719 -14.927770614624023 -12
    vertex -94 -15 -12
  endloop
endfacet
facet normal 0 0 0
  outer loop
    vertex -94 -20 -12
    vertex -94 -15 -12
    vertex -92.52973937988281 -14.927770614624023 -12
  endloop
endfacet
facet normal 0 0 0
  outer loop
    vertex -94 -20 -12
    vertex -92.52973937988281 -14.927770614624023 -12
    vertex -91.07364654541016 -14.711779594421387 -12
  endloop
endfacet
facet normal 0 0 0
  outer loop
    vertex -94 -20 -12
    vertex -91.07364654541016 -14.711779594421387 -12
    vertex -89.6457290649414 -14.354104995727539 -12
  endloop
endfacet
facet normal 0 0 0
  outer loop
    vertex -94 -20 -12
    vertex -89.6457290649414 -14.354104995727539 -12
    vertex -88.25975036621094 -13.858193397521973 -12
  endloop
endfacet
facet normal 0 0 0
  outer loop
    vertex -94 -20 -12
    vertex -88.25975036621094 -13.858193397521973 -12
    vertex -86.92904663085938 -13.228818893432617 -12
  endloop
endfacet
facet normal 0 0 0
  outer loop
    vertex -94 -20 -12
    vertex -75.28852081298828 -7 -12
    vertex -92.03965759277344 -19.90369415283203 -12
  endloop
endfacet
facet normal 0 0 0
  outer loop
    vertex -92.03965759277344 -19.90369415283203 -12
    vertex -75.28852081298828 -7 -12
    vertex -90.09819030761719 -19.615705490112305 -12
  endloop
endfacet
facet normal 0 0 0
  outer loop
    vertex -90.09819030761719 -19.615705490112305 -12
    vertex -75.28852081298828 -7 -12
    vertex -88.19430541992188 -19.13880729675293 -12
  endloop
endfacet
facet normal 0 0 0
  outer loop
    vertex -88.19430541992188 -19.13880729675293 -12
    vertex -75.28852081298828 -7 -12
    vertex -86.34632873535156 -18.477590560913086 -12
  endloop
endfacet
facet normal 0 0 0
  outer loop
    vertex -94 -20 -12
    vertex -86.92904663085938 -13.228818893432617 -12
    vertex -75.28852081298828 -7 -12
  endloop
endfacet
facet normal 0 0 0
  outer loop
    vertex -75.28852081298828 -7 -12
    vertex -86.92904663085938 -13.228818893432617 -12
    vertex -85.66644287109375 -12.472043991088867 -12
  endloop
endfacet
facet normal 0 0 0
  outer loop
    vertex -106.6878662109375 -15.460208892822266 -12
    vertex -105.11140441894531 -16.629392623901367 -12
    vertex -106.6878662109375 -15.460208892822266 -4
  endloop
endfacet
facet normal 0 0 0
  outer loop
    vertex -103.42793273925781 -17.638425827026367 -12
    vertex -101.65367126464844 -18.477590560913086 -12
    vertex -103.42793273925781 -17.638425827026367 -4
  endloop
endfacet
facet normal 0 0 0
  outer loop
    vertex -99.80569458007812 -19.13880729675293 -12
    vertex -97.90180969238281 -19.615705490112305 -12
    vertex -99.80569458007812 -19.13880729675293 -4
  endloop
endfacet
facet normal 0 0 0
  outer loop
    vertex -99.80569458007812 -19.13880729675293 -12
    vertex -101.65367126464844 -18.477590560913086 -4
    vertex -101.65367126464844 -18.477590560913086 -12
  endloop
endfacet
facet normal 0 0 0
  outer loop
    vertex -103.42793273925781 -17.638425827026367 -12
    vertex -105.11140441894531 -16.629392623901367 -4
    vertex -105.11140441894531 -16.629392623901367 -12
  endloop
endfacet
facet normal 0 0 0
  outer loop
    vertex -106.6878662109375 -15.460208892822266 -12
    vertex -108.14213562011719 -14.142135620117188 -4
    vertex -108.14213562011719 -14.142135620117188 -12
  endloop
endfacet
facet normal 0 0 0
  outer loop
    vertex -108.14213562011719 -14.142135620117188 -12
    vertex -109.46021270751953 -12.687865257263184 -4
    vertex -109.46021270751953 -12.687865257263184 -12
  endloop
endfacet
facet normal 0 0 0
  outer loop
    vertex -109.46021270751953 -12.687865257263184 -12
    vertex -110.62939453125 -11.111404418945312 -4
    vertex -110.62939453125 -11.111404418945312 -12
  endloop
endfacet
facet normal 0 0 0
  outer loop
    vertex -97.90180969238281 -19.615705490112305 -12
    vertex -95.96034240722656 -19.90369415283203 -12
    vertex -97.90180969238281 -19.615705490112305 -4
  endloop
endfacet
facet normal 0 0 0
  outer loop
    vertex -95.96034240722656 -19.90369415283203 -12
    vertex -94 -20 -12
    vertex -95.96034240722656 -19.90369415283203 -4
  endloop
endfacet
facet normal 0 0 0
  outer loop
    vertex -94 -20 -12
    vertex -92.03965759277344 -19.90369415283203 -12
    vertex -94 -20 -4
  endloop
endfacet
facet normal 0 0 0
  outer loop
    vertex -92.03965759277344 -19.90369415283203 -12
    vertex -90.09819030761719 -19.615705490112305 -12
    vertex -92.03965759277344 -19.90369415283203 -4
  endloop
endfacet
facet normal 0 0 0
  outer loop
    vertex -90.09819030761719 -19.615705490112305 -12
    vertex -88.19430541992188 -19.13880729675293 -12
    vertex -90.09819030761719 -19.615705490112305 -4
  endloop
endfacet
facet normal 0 0 0
  outer loop
    vertex -88.19430541992188 -19.13880729675293 -12
    vertex -86.34632873535156 -18.477590560913086 -12
    vertex -88.19430541992188 -19.13880729675293 -4
  endloop
endfacet
facet normal 0 0 0
  outer loop
    vertex -86.34632873535156 -18.477590560913086 -12
    vertex -84.57206726074219 -17.638425827026367 -12
    vertex -86.34632873535156 -18.477590560913086 -4
  endloop
endfacet
facet normal 0 0 0
  outer loop
    vertex -84.57206726074219 -17.638425827026367 -12
    vertex -82.88859558105469 -16.629392623901367 -12
    vertex -84.57206726074219 -17.638425827026367 -4
  endloop
endfacet
facet normal 0 0 0
  outer loop
    vertex -82.88859558105469 -16.629392623901367 -12
    vertex -81.3121337890625 -15.460208892822266 -12
    vertex -82.88859558105469 -16.629392623901367 -4
  endloop
endfacet
facet normal 0 0 0
  outer loop
    vertex -108.14213562011719 -14.142135620117188 -12
    vertex -107.22882080078125 -7.070950984954834 -12
    vertex -106.4720458984375 -8.333553314208984 -12
  endloop
endfacet
facet normal 0 0 0
  outer loop
    vertex -108.14213562011719 -14.142135620117188 -12
    vertex -107.85819244384766 -5.740251541137695 -12
    vertex -107.22882080078125 -7.070950984954834 -12
  endloop
endfacet
facet normal 0 0 0
  outer loop
    vertex -109.46021270751953 -12.687865257263184 -12
    vertex -108.3541030883789 -4.354269981384277 -12
    vertex -107.85819244384766 -5.740251541137695 -12
  endloop
endfacet
facet normal 0 0 0
  outer loop
    vertex -109.46021270751953 -12.687865257263184 -12
    vertex -108.71177673339844 -2.9263548851013184 -12
    vertex -108.3541030883789 -4.354269981384277 -12
  endloop
endfacet
facet normal 0 0 0
  outer loop
    vertex -109.46021270751953 -12.687865257263184 -12
    vertex -108.92777252197266 -1.4702571630477905 -12
    vertex -108.71177673339844 -2.9263548851013184 -12
  endloop
endfacet
facet normal 0 0 0
  outer loop
    vertex -110.62939453125 -11.111404418945312 -12
    vertex -111.638427734375 -9.427934646606445 -12
    vertex -110.62939453125 11.111404418945312 -12
  endloop
endfacet
facet normal 0 0 0
  outer loop
    vertex -111.638427734375 -9.427934646606445 -12
    vertex -112.47759246826172 -7.6536688804626465 -12
    vertex -111.638427734375 9.427934646606445 -12
  endloop
endfacet
facet normal 0 0 0
  outer loop
    vertex -109.46021270751953 -12.687865257263184 -12
    vertex -109 0 -12
    vertex -108.92777252197266 -1.4702571630477905 -12
  endloop
endfacet
facet normal 0 0 0
  outer loop
    vertex -109.46021270751953 -12.687865257263184 -12
    vertex -110.62939453125 -11.111404418945312 -12
    vertex -109.46021270751953 12.687865257263184 -12
  endloop
endfacet
facet normal 0 0 0
  outer loop
    vertex -112.47759246826172 -7.6536688804626465 -12
    vertex -113.13880920410156 -5.805693626403809 -12
    vertex -112.47759246826172 7.6536688804626465 -12
  endloop
endfacet
facet normal 0 0 0
  outer loop
    vertex -113.13880920410156 -5.805693626403809 -12
    vertex -113.61570739746094 -3.901806354522705 -12
    vertex -113.13880920410156 5.805693626403809 -12
  endloop
endfacet
facet normal 0 0 0
  outer loop
    vertex -113.61570739746094 -3.901806354522705 -12
    vertex -113.90369415283203 -1.9603427648544312 -12
    vertex -113.61570739746094 3.901806354522705 -12
  endloop
endfacet
facet normal 0 0 0
  outer loop
    vertex -110.62939453125 -11.111404418945312 -12
    vertex -111.638427734375 -9.427934646606445 -4
    vertex -111.638427734375 -9.427934646606445 -12
  endloop
endfacet
facet normal 0 0 0
  outer loop
    vertex -111.638427734375 -9.427934646606445 -12
    vertex -112.47759246826172 -7.6536688804626465 -4
    vertex -112.47759246826172 -7.6536688804626465 -12
  endloop
endfacet
facet normal 0 0 0
  outer loop
    vertex -112.47759246826172 -7.6536688804626465 -12
    vertex -113.13880920410156 -5.805693626403809 -4
    vertex -113.13880920410156 -5.805693626403809 -12
  endloop
endfacet
facet normal 0 0 0
  outer loop
    vertex -113.13880920410156 -5.805693626403809 -12
    vertex -113.61570739746094 -3.901806354522705 -4
    vertex -113.61570739746094 -3.901806354522705 -12
  endloop
endfacet
facet normal 0 0 0
  outer loop
    vertex -113.61570739746094 -3.901806354522705 -12
    vertex -113.90369415283203 -1.9603427648544312 -4
    vertex -113.90369415283203 -1.9603427648544312 -12
  endloop
endfacet
facet normal 0 0 0
  outer loop
    vertex -113.90369415283203 -1.9603427648544312 -12
    vertex -114 0 -4
    vertex -114 0 -12
  endloop
endfacet
facet normal 0 0 0
  outer loop
    vertex -86.34632873535156 -18.477590560913086 -12
    vertex -75.28852081298828 -7 -12
    vertex -84.57206726074219 -17.638425827026367 -12
  endloop
endfacet
facet normal 0 0 0
  outer loop
    vertex -84.57206726074219 -17.638425827026367 -12
    vertex -75.28852081298828 -7 -12
    vertex -82.88859558105469 -16.629392623901367 -12
  endloop
endfacet
facet normal 0 0 0
  outer loop
    vertex -82.88859558105469 -16.629392623901367 -12
    vertex -75.28852081298828 -7 -12
    vertex -81.3121337890625 -15.460208892822266 -12
  endloop
endfacet
facet normal 0 0 0
  outer loop
    vertex -81.3121337890625 -15.460208892822266 -12
    vertex -75.28852081298828 -7 -12
    vertex -79.85786437988281 -14.142135620117188 -12
  endloop
endfacet
facet normal 0 0 0
  outer loop
    vertex -75.28852081298828 -7 -12
    vertex -85.66644287109375 -12.472043991088867 -12
    vertex -84.48410034179688 -11.5951566696167 -12
  endloop
endfacet
facet normal 0 0 0
  outer loop
    vertex -79.85786437988281 -14.142135620117188 -12
    vertex -75.28852081298828 -7 -12
    vertex -78.53978729248047 -12.687865257263184 -12
  endloop
endfacet
facet normal 0 0 0
  outer loop
    vertex -78.53978729248047 -12.687865257263184 -12
    vertex -75.28852081298828 -7 -12
    vertex -77.37060546875 -11.111404418945312 -12
  endloop
endfacet
facet normal 0 0 0
  outer loop
    vertex -81.3121337890625 -15.460208892822266 -12
    vertex -79.85786437988281 -14.142135620117188 -12
    vertex -81.3121337890625 -15.460208892822266 -4
  endloop
endfacet
facet normal 0 0 0
  outer loop
    vertex -79.85786437988281 -14.142135620117188 -12
    vertex -78.53978729248047 -12.687865257263184 -12
    vertex -79.85786437988281 -14.142135620117188 -4
  endloop
endfacet
facet normal 0 0 0
  outer loop
    vertex -78.53978729248047 -12.687865257263184 -12
    vertex -77.37060546875 -11.111404418945312 -12
    vertex -78.53978729248047 -12.687865257263184 -4
  endloop
endfacet
facet normal 0 0 0
  outer loop
    vertex -77.37060546875 -11.111404418945312 -12
    vertex -76.361572265625 -9.427934646606445 -12
    vertex -77.37060546875 -11.111404418945312 -4
  endloop
endfacet
facet normal 0 0 0
  outer loop
    vertex -75.28852081298828 -7 -12
    vertex -84.48410034179688 -11.5951566696167 -12
    vertex -83.39339447021484 -10.60660171508789 -12
  endloop
endfacet
facet normal 0 0 0
  outer loop
    vertex -75.28852081298828 -7 -12
    vertex -83.39339447021484 -10.60660171508789 -12
    vertex -82.40484619140625 -9.515899658203125 -12
  endloop
endfacet
facet normal 0 0 0
  outer loop
    vertex -75.28852081298828 -7 -12
    vertex -82.40484619140625 -9.515899658203125 -12
    vertex -81.5279541015625 -8.333553314208984 -12
  endloop
endfacet
facet normal 0 0 0
  outer loop
    vertex -77.37060546875 -11.111404418945312 -12
    vertex -75.28852081298828 -7 -12
    vertex -76.361572265625 -9.427934646606445 -12
  endloop
endfacet
facet normal 0 0 0
  outer loop
    vertex -76.361572265625 -9.427934646606445 -12
    vertex -75.28852081298828 -7 -12
    vertex -75.52240753173828 -7.6536688804626465 -12
  endloop
endfacet
facet normal 0 0 0
  outer loop
    vertex -75.28852081298828 -7 -12
    vertex -81.5279541015625 -8.333553314208984 -12
    vertex -80.77117919921875 -7.070950984954834 -12
  endloop
endfacet
facet normal 0 0 0
  outer loop
    vertex -75.28852081298828 -7 -12
    vertex -80.77117919921875 -7.070950984954834 -12
    vertex -80.73762512207031 -7 -12
  endloop
endfacet
facet normal 0 0 0
  outer loop
    vertex -76.361572265625 -9.427934646606445 -12
    vertex -75.52240753173828 -7.6536688804626465 -12
    vertex -76.361572265625 -9.427934646606445 -4
  endloop
endfacet
facet normal 0 0 0
  outer loop
    vertex -75.52240753173828 -7.6536688804626465 -12
    vertex -75.28852081298828 -7 -12
    vertex -75.28852081298828 -7 -4
  endloop
endfacet
facet normal 0 0 0
  outer loop
    vertex -106.6878662109375 -15.460208892822266 -12
    vertex -106.6878662109375 -15.460208892822266 -4
    vertex -108.14213562011719 -14.142135620117188 -4
  endloop
endfacet
facet normal 0 0 0
  outer loop
    vertex -101.65367126464844 -18.477590560913086 -12
    vertex -101.65367126464844 -18.477590560913086 -4
    vertex -103.42793273925781 -17.638425827026367 -4
  endloop
endfacet
facet normal 0 0 0
  outer loop
    vertex -99.80569458007812 -19.13880729675293 -12
    vertex -99.80569458007812 -19.13880729675293 -4
    vertex -101.65367126464844 -18.477590560913086 -4
  endloop
endfacet
facet normal 0 0 0
  outer loop
    vertex -97.90180969238281 -19.615705490112305 -12
    vertex -97.90180969238281 -19.615705490112305 -4
    vertex -99.80569458007812 -19.13880729675293 -4
  endloop
endfacet
facet normal 0 0 0
  outer loop
    vertex -103.42793273925781 -17.638425827026367 -12
    vertex -103.42793273925781 -17.638425827026367 -4
    vertex -105.11140441894531 -16.629392623901367 -4
  endloop
endfacet
facet normal 0 0 0
  outer loop
    vertex -105.11140441894531 -16.629392623901367 -12
    vertex -105.11140441894531 -16.629392623901367 -4
    vertex -106.6878662109375 -15.460208892822266 -4
  endloop
endfacet
facet normal 0 0 0
  outer loop
    vertex -108.14213562011719 -14.142135620117188 -12
    vertex -108.14213562011719 -14.142135620117188 -4
    vertex -109.46021270751953 -12.687865257263184 -4
  endloop
endfacet
facet normal 0 0 0
  outer loop
    vertex -110.62939453125 -11.111404418945312 -12
    vertex -110.62939453125 -11.111404418945312 -4
    vertex -111.638427734375 -9.427934646606445 -4
  endloop
endfacet
facet normal 0 0 0
  outer loop
    vertex -109.46021270751953 -12.687865257263184 -12
    vertex -109.46021270751953 -12.687865257263184 -4
    vertex -110.62939453125 -11.111404418945312 -4
  endloop
endfacet
facet normal 0 0 0
  outer loop
    vertex -95.96034240722656 -19.90369415283203 -12
    vertex -95.96034240722656 -19.90369415283203 -4
    vertex -97.90180969238281 -19.615705490112305 -4
  endloop
endfacet
facet normal 0 0 0
  outer loop
    vertex -94 -20 -12
    vertex -94 -20 -4
    vertex -95.96034240722656 -19.90369415283203 -4
  endloop
endfacet
facet normal 0 0 0
  outer loop
    vertex -92.03965759277344 -19.90369415283203 -12
    vertex -92.03965759277344 -19.90369415283203 -4
    vertex -94 -20 -4
  endloop
endfacet
facet normal 0 0 0
  outer loop
    vertex -90.09819030761719 -19.615705490112305 -12
    vertex -90.09819030761719 -19.615705490112305 -4
    vertex -92.03965759277344 -19.90369415283203 -4
  endloop
endfacet
facet normal 0 0 0
  outer loop
    vertex -88.19430541992188 -19.13880729675293 -12
    vertex -88.19430541992188 -19.13880729675293 -4
    vertex -90.09819030761719 -19.615705490112305 -4
  endloop
endfacet
facet normal 0 0 0
  outer loop
    vertex -86.34632873535156 -18.477590560913086 -12
    vertex -86.34632873535156 -18.477590560913086 -4
    vertex -88.19430541992188 -19.13880729675293 -4
  endloop
endfacet
facet normal 0 0 0
  outer loop
    vertex -84.57206726074219 -17.638425827026367 -12
    vertex -84.57206726074219 -17.638425827026367 -4
    vertex -86.34632873535156 -18.477590560913086 -4
  endloop
endfacet
facet normal 0 0 0
  outer loop
    vertex -82.88859558105469 -16.629392623901367 -12
    vertex -82.88859558105469 -16.629392623901367 -4
    vertex -84.57206726074219 -17.638425827026367 -4
  endloop
endfacet
facet normal 0 0 0
  outer loop
    vertex -99.80569458007812 -19.13880729675293 -4
    vertex -97.90180969238281 -19.615705490112305 -4
    vertex -98.3542709350586 -14.354104995727539 -4
  endloop
endfacet
facet normal 0 0 0
  outer loop
    vertex -103.42793273925781 -17.638425827026367 -4
    vertex -101.65367126464844 -18.477590560913086 -4
    vertex -102.33355712890625 -12.472043991088867 -4
  endloop
endfacet
facet normal 0 0 0
  outer loop
    vertex -103.42793273925781 -17.638425827026367 -4
    vertex -103.51589965820312 -11.5951566696167 -4
    vertex -105.11140441894531 -16.629392623901367 -4
  endloop
endfacet
facet normal 0 0 0
  outer loop
    vertex -99.80569458007812 -19.13880729675293 -4
    vertex -101.07095336914062 -13.228818893432617 -4
    vertex -101.65367126464844 -18.477590560913086 -4
  endloop
endfacet
facet normal 0 0 0
  outer loop
    vertex -99.80569458007812 -19.13880729675293 -4
    vertex -99.74024963378906 -13.858193397521973 -4
    vertex -101.07095336914062 -13.228818893432617 -4
  endloop
endfacet
facet normal 0 0 0
  outer loop
    vertex -99.80569458007812 -19.13880729675293 -4
    vertex -98.3542709350586 -14.354104995727539 -4
    vertex -99.74024963378906 -13.858193397521973 -4
  endloop
endfacet
facet normal 0 0 0
  outer loop
    vertex -106.6878662109375 -15.460208892822266 -4
    vertex -107.22882080078125 -7.070950984954834 -4
    vertex -108.14213562011719 -14.142135620117188 -4
  endloop
endfacet
facet normal 0 0 0
  outer loop
    vertex -108.14213562011719 -14.142135620117188 -4
    vertex -108.3541030883789 -4.354269981384277 -4
    vertex -109.46021270751953 -12.687865257263184 -4
  endloop
endfacet
facet normal 0 0 0
  outer loop
    vertex -106.6878662109375 -15.460208892822266 -4
    vertex -105.59515380859375 -9.515899658203125 -4
    vertex -106.4720458984375 -8.333553314208984 -4
  endloop
endfacet
facet normal 0 0 0
  outer loop
    vertex -106.6878662109375 -15.460208892822266 -4
    vertex -106.4720458984375 -8.333553314208984 -4
    vertex -107.22882080078125 -7.070950984954834 -4
  endloop
endfacet
facet normal 0 0 0
  outer loop
    vertex -106.6878662109375 -15.460208892822266 -4
    vertex -105.11140441894531 -16.629392623901367 -4
    vertex -105.59515380859375 -9.515899658203125 -4
  endloop
endfacet
facet normal 0 0 0
  outer loop
    vertex -103.42793273925781 -17.638425827026367 -4
    vertex -102.33355712890625 -12.472043991088867 -4
    vertex -103.51589965820312 -11.5951566696167 -4
  endloop
endfacet
facet normal 0 0 0
  outer loop
    vertex -105.11140441894531 -16.629392623901367 -4
    vertex -103.51589965820312 -11.5951566696167 -4
    vertex -104.60660552978516 -10.60660171508789 -4
  endloop
endfacet
facet normal 0 0 0
  outer loop
    vertex -101.65367126464844 -18.477590560913086 -4
    vertex -101.07095336914062 -13.228818893432617 -4
    vertex -102.33355712890625 -12.472043991088867 -4
  endloop
endfacet
facet normal 0 0 0
  outer loop
    vertex -105.11140441894531 -16.629392623901367 -4
    vertex -104.60660552978516 -10.60660171508789 -4
    vertex -105.59515380859375 -9.515899658203125 -4
  endloop
endfacet
facet normal 0 0 0
  outer loop
    vertex -97.90180969238281 -19.615705490112305 -4
    vertex -95.96034240722656 -19.90369415283203 -4
    vertex -96.92635345458984 -14.711779594421387 -4
  endloop
endfacet
facet normal 0 0 0
  outer loop
    vertex -95.96034240722656 -19.90369415283203 -4
    vertex -94 -20 -4
    vertex -95.47026062011719 -14.927770614624023 -4
  endloop
endfacet
facet normal 0 0 0
  outer loop
    vertex -94 -20 -4
    vertex -92.03965759277344 -19.90369415283203 -4
    vertex -94 -15 -4
  endloop
endfacet
facet normal 0 0 0
  outer loop
    vertex -92.03965759277344 -19.90369415283203 -4
    vertex -90.09819030761719 -19.615705490112305 -4
    vertex -92.52973937988281 -14.927770614624023 -4
  endloop
endfacet
facet normal 0 0 0
  outer loop
    vertex -95.96034240722656 -19.90369415283203 -4
    vertex -95.47026062011719 -14.927770614624023 -4
    vertex -96.92635345458984 -14.711779594421387 -4
  endloop
endfacet
facet normal 0 0 0
  outer loop
    vertex -94 -20 -4
    vertex -94 -15 -4
    vertex -95.47026062011719 -14.927770614624023 -4
  endloop
endfacet
facet normal 0 0 0
  outer loop
    vertex -97.90180969238281 -19.615705490112305 -4
    vertex -96.92635345458984 -14.711779594421387 -4
    vertex -98.3542709350586 -14.354104995727539 -4
  endloop
endfacet
facet normal 0 0 0
  outer loop
    vertex -92.03965759277344 -19.90369415283203 -4
    vertex -92.52973937988281 -14.927770614624023 -4
    vertex -94 -15 -4
  endloop
endfacet
facet normal 0 0 0
  outer loop
    vertex -90.09819030761719 -19.615705490112305 -4
    vertex -91.07364654541016 -14.711779594421387 -4
    vertex -92.52973937988281 -14.927770614624023 -4
  endloop
endfacet
facet normal 0 0 0
  outer loop
    vertex -90.09819030761719 -19.615705490112305 -4
    vertex -88.19430541992188 -19.13880729675293 -4
    vertex -91.07364654541016 -14.711779594421387 -4
  endloop
endfacet
facet normal 0 0 0
  outer loop
    vertex -88.19430541992188 -19.13880729675293 -4
    vertex -86.34632873535156 -18.477590560913086 -4
    vertex -88.25975036621094 -13.858193397521973 -4
  endloop
endfacet
facet normal 0 0 0
  outer loop
    vertex -88.19430541992188 -19.13880729675293 -4
    vertex -89.6457290649414 -14.354104995727539 -4
    vertex -91.07364654541016 -14.711779594421387 -4
  endloop
endfacet
facet normal 0 0 0
  outer loop
    vertex -88.19430541992188 -19.13880729675293 -4
    vertex -88.25975036621094 -13.858193397521973 -4
    vertex -89.6457290649414 -14.354104995727539 -4
  endloop
endfacet
facet normal 0 0 0
  outer loop
    vertex -86.34632873535156 -18.477590560913086 -4
    vertex -86.92904663085938 -13.228818893432617 -4
    vertex -88.25975036621094 -13.858193397521973 -4
  endloop
endfacet
facet normal 0 0 0
  outer loop
    vertex -86.34632873535156 -18.477590560913086 -4
    vertex -84.57206726074219 -17.638425827026367 -4
    vertex -86.92904663085938 -13.228818893432617 -4
  endloop
endfacet
facet normal 0 0 0
  outer loop
    vertex -84.57206726074219 -17.638425827026367 -4
    vertex -82.88859558105469 -16.629392623901367 -4
    vertex -84.48410034179688 -11.5951566696167 -4
  endloop
endfacet
facet normal 0 0 0
  outer loop
    vertex -84.57206726074219 -17.638425827026367 -4
    vertex -85.66644287109375 -12.472043991088867 -4
    vertex -86.92904663085938 -13.228818893432617 -4
  endloop
endfacet
facet normal 0 0 0
  outer loop
    vertex -84.57206726074219 -17.638425827026367 -4
    vertex -84.48410034179688 -11.5951566696167 -4
    vertex -85.66644287109375 -12.472043991088867 -4
  endloop
endfacet
facet normal 0 0 0
  outer loop
    vertex -82.88859558105469 -16.629392623901367 -4
    vertex -81.3121337890625 -15.460208892822266 -4
    vertex -83.39339447021484 -10.60660171508789 -4
  endloop
endfacet
facet normal 0 0 0
  outer loop
    vertex -82.88859558105469 -16.629392623901367 -4
    vertex -83.39339447021484 -10.60660171508789 -4
    vertex -84.48410034179688 -11.5951566696167 -4
  endloop
endfacet
facet normal 0 0 0
  outer loop
    vertex -81.3121337890625 -15.460208892822266 -4
    vertex -82.40484619140625 -9.515899658203125 -4
    vertex -83.39339447021484 -10.60660171508789 -4
  endloop
endfacet
facet normal 0 0 0
  outer loop
    vertex -111.638427734375 -9.427934646606445 -12
    vertex -111.638427734375 -9.427934646606445 -4
    vertex -112.47759246826172 -7.6536688804626465 -4
  endloop
endfacet
facet normal 0 0 0
  outer loop
    vertex -112.47759246826172 -7.6536688804626465 -12
    vertex -112.47759246826172 -7.6536688804626465 -4
    vertex -113.13880920410156 -5.805693626403809 -4
  endloop
endfacet
facet normal 0 0 0
  outer loop
    vertex -113.13880920410156 -5.805693626403809 -12
    vertex -113.13880920410156 -5.805693626403809 -4
    vertex -113.61570739746094 -3.901806354522705 -4
  endloop
endfacet
facet normal 0 0 0
  outer loop
    vertex -113.61570739746094 -3.901806354522705 -12
    vertex -113.61570739746094 -3.901806354522705 -4
    vertex -113.90369415283203 -1.9603427648544312 -4
  endloop
endfacet
facet normal 0 0 0
  outer loop
    vertex -113.90369415283203 -1.9603427648544312 -12
    vertex -113.90369415283203 -1.9603427648544312 -4
    vertex -114 0 -4
  endloop
endfacet
facet normal 0 0 0
  outer loop
    vertex -108.14213562011719 -14.142135620117188 -4
    vertex -107.22882080078125 -7.070950984954834 -4
    vertex -107.85819244384766 -5.740251541137695 -4
  endloop
endfacet
facet normal 0 0 0
  outer loop
    vertex -108.14213562011719 -14.142135620117188 -4
    vertex -107.85819244384766 -5.740251541137695 -4
    vertex -108.3541030883789 -4.354269981384277 -4
  endloop
endfacet
facet normal 0 0 0
  outer loop
    vertex -109.46021270751953 -12.687865257263184 -4
    vertex -108.3541030883789 -4.354269981384277 -4
    vertex -108.71177673339844 -2.9263548851013184 -4
  endloop
endfacet
facet normal 0 0 0
  outer loop
    vertex -109.46021270751953 -12.687865257263184 -4
    vertex -108.71177673339844 -2.9263548851013184 -4
    vertex -108.92777252197266 -1.4702571630477905 -4
  endloop
endfacet
facet normal 0 0 0
  outer loop
    vertex -110.62939453125 -11.111404418945312 -4
    vertex -110.62939453125 11.111404418945312 -4
    vertex -111.638427734375 -9.427934646606445 -4
  endloop
endfacet
facet normal 0 0 0
  outer loop
    vertex -111.638427734375 -9.427934646606445 -4
    vertex -111.638427734375 9.427934646606445 -4
    vertex -112.47759246826172 -7.6536688804626465 -4
  endloop
endfacet
facet normal 0 0 0
  outer loop
    vertex -109.46021270751953 -12.687865257263184 -4
    vertex -108.92777252197266 -1.4702571630477905 -4
    vertex -109 0 -4
  endloop
endfacet
facet normal 0 0 0
  outer loop
    vertex -109.46021270751953 -12.687865257263184 -4
    vertex -109.46021270751953 12.687865257263184 -4
    vertex -110.62939453125 -11.111404418945312 -4
  endloop
endfacet
facet normal 0 0 0
  outer loop
    vertex -112.47759246826172 -7.6536688804626465 -4
    vertex -112.47759246826172 7.6536688804626465 -4
    vertex -113.13880920410156 -5.805693626403809 -4
  endloop
endfacet
facet normal 0 0 0
  outer loop
    vertex -113.13880920410156 -5.805693626403809 -4
    vertex -113.13880920410156 5.805693626403809 -4
    vertex -113.61570739746094 -3.901806354522705 -4
  endloop
endfacet
facet normal 0 0 0
  outer loop
    vertex -113.61570739746094 -3.901806354522705 -4
    vertex -113.61570739746094 3.901806354522705 -4
    vertex -113.90369415283203 -1.9603427648544312 -4
  endloop
endfacet
facet normal 0 0 0
  outer loop
    vertex -81.3121337890625 -15.460208892822266 -12
    vertex -81.3121337890625 -15.460208892822266 -4
    vertex -82.88859558105469 -16.629392623901367 -4
  endloop
endfacet
facet normal 0 0 0
  outer loop
    vertex -79.85786437988281 -14.142135620117188 -12
    vertex -79.85786437988281 -14.142135620117188 -4
    vertex -81.3121337890625 -15.460208892822266 -4
  endloop
endfacet
facet normal 0 0 0
  outer loop
    vertex -78.53978729248047 -12.687865257263184 -12
    vertex -78.53978729248047 -12.687865257263184 -4
    vertex -79.85786437988281 -14.142135620117188 -4
  endloop
endfacet
facet normal 0 0 0
  outer loop
    vertex -77.37060546875 -11.111404418945312 -12
    vertex -77.37060546875 -11.111404418945312 -4
    vertex -78.53978729248047 -12.687865257263184 -4
  endloop
endfacet
facet normal 0 0 0
  outer loop
    vertex -81.3121337890625 -15.460208892822266 -4
    vertex -79.85786437988281 -14.142135620117188 -4
    vertex -81.5279541015625 -8.333553314208984 -4
  endloop
endfacet
facet normal 0 0 0
  outer loop
    vertex -81.3121337890625 -15.460208892822266 -4
    vertex -81.5279541015625 -8.333553314208984 -4
    vertex -82.40484619140625 -9.515899658203125 -4
  endloop
endfacet
facet normal 0 0 0
  outer loop
    vertex -79.85786437988281 -14.142135620117188 -4
    vertex -78.53978729248047 -12.687865257263184 -4
    vertex -79.6458969116211 -4.354269981384277 -4
  endloop
endfacet
facet normal 0 0 0
  outer loop
    vertex -76.361572265625 -9.427934646606445 -12
    vertex -76.361572265625 -9.427934646606445 -4
    vertex -77.37060546875 -11.111404418945312 -4
  endloop
endfacet
facet normal 0 0 0
  outer loop
    vertex -75.52240753173828 -7.6536688804626465 -12
    vertex -75.52240753173828 -7.6536688804626465 -4
    vertex -76.361572265625 -9.427934646606445 -4
  endloop
endfacet
facet normal 0 0 0
  outer loop
    vertex -75.52240753173828 -7.6536688804626465 -12
    vertex -75.28852081298828 -7 -4
    vertex -75.52240753173828 -7.6536688804626465 -4
  endloop
endfacet
facet normal 0 0 0
  outer loop
    vertex -79.85786437988281 -14.142135620117188 -4
    vertex -80.77117919921875 -7.070950984954834 -4
    vertex -81.5279541015625 -8.333553314208984 -4
  endloop
endfacet
facet normal 0 0 0
  outer loop
    vertex -79.85786437988281 -14.142135620117188 -4
    vertex -80.14180755615234 -5.740251541137695 -4
    vertex -80.77117919921875 -7.070950984954834 -4
  endloop
endfacet
facet normal 0 0 0
  outer loop
    vertex -79.85786437988281 -14.142135620117188 -4
    vertex -79.6458969116211 -4.354269981384277 -4
    vertex -80.14180755615234 -5.740251541137695 -4
  endloop
endfacet
facet normal 0 0 0
  outer loop
    vertex -78.53978729248047 -12.687865257263184 -4
    vertex -79.28822326660156 -2.9263548851013184 -4
    vertex -79.6458969116211 -4.354269981384277 -4
  endloop
endfacet
facet normal 0 0 0
  outer loop
    vertex -78.53978729248047 -12.687865257263184 -4
    vertex -79.07222747802734 -1.4702571630477905 -4
    vertex -79.28822326660156 -2.9263548851013184 -4
  endloop
endfacet
facet normal 0 0 0
  outer loop
    vertex -78.53978729248047 -12.687865257263184 -4
    vertex -79 0 -4
    vertex -79.07222747802734 -1.4702571630477905 -4
  endloop
endfacet
facet normal 0 0 0
  outer loop
    vertex -78.53978729248047 -12.687865257263184 -4
    vertex -77.37060546875 -11.111404418945312 -4
    vertex -77.37060546875 11.111404418945312 -4
  endloop
endfacet
facet normal 0 0 0
  outer loop
    vertex -77.37060546875 -11.111404418945312 -4
    vertex -76.361572265625 -9.427934646606445 -4
    vertex -76.361572265625 9.427934646606445 -4
  endloop
endfacet
facet normal 0 0 0
  outer loop
    vertex -75.52240753173828 -7.6536688804626465 -4
    vertex -75.28852081298828 -7 -4
    vertex -74.96615600585938 3.6690776348114014 -4
  endloop
endfacet
facet normal 0 0 0
  outer loop
    vertex -76.361572265625 -9.427934646606445 -4
    vertex -75.52240753173828 -7.6536688804626465 -4
    vertex -75.52240753173828 7.6536688804626465 -4
  endloop
endfacet
facet normal 0 0 0
  outer loop
    vertex -113.90369415283203 -1.9603427648544312 -12
    vertex -114 0 -12
    vertex -113.90369415283203 1.9603427648544312 -12
  endloop
endfacet
facet normal 0 0 0
  outer loop
    vertex -113.90369415283203 -1.9603427648544312 -12
    vertex -113.90369415283203 1.9603427648544312 -12
    vertex -113.61570739746094 3.901806354522705 -12
  endloop
endfacet
facet normal 0 0 0
  outer loop
    vertex -113.61570739746094 -3.901806354522705 -12
    vertex -113.61570739746094 3.901806354522705 -12
    vertex -113.13880920410156 5.805693626403809 -12
  endloop
endfacet
facet normal 0 0 0
  outer loop
    vertex -109.46021270751953 -12.687865257263184 -12
    vertex -109.46021270751953 12.687865257263184 -12
    vertex -109 0 -12
  endloop
endfacet
facet normal 0 0 0
  outer loop
    vertex -113.13880920410156 -5.805693626403809 -12
    vertex -113.13880920410156 5.805693626403809 -12
    vertex -112.47759246826172 7.6536688804626465 -12
  endloop
endfacet
facet normal 0 0 0
  outer loop
    vertex -112.47759246826172 -7.6536688804626465 -12
    vertex -112.47759246826172 7.6536688804626465 -12
    vertex -111.638427734375 9.427934646606445 -12
  endloop
endfacet
facet normal 0 0 0
  outer loop
    vertex -111.638427734375 -9.427934646606445 -12
    vertex -111.638427734375 9.427934646606445 -12
    vertex -110.62939453125 11.111404418945312 -12
  endloop
endfacet
facet normal 0 0 0
  outer loop
    vertex -110.62939453125 -11.111404418945312 -12
    vertex -110.62939453125 11.111404418945312 -12
    vertex -109.46021270751953 12.687865257263184 -12
  endloop
endfacet
facet normal 0 0 0
  outer loop
    vertex -109.46021270751953 12.687865257263184 -12
    vertex -108.92777252197266 1.4702571630477905 -12
    vertex -109 0 -12
  endloop
endfacet
facet normal 0 0 0
  outer loop
    vertex -109.46021270751953 12.687865257263184 -12
    vertex -108.71177673339844 2.9263548851013184 -12
    vertex -108.92777252197266 1.4702571630477905 -12
  endloop
endfacet
facet normal 0 0 0
  outer loop
    vertex -108.14213562011719 14.142135620117188 -12
    vertex -108.3541030883789 4.354269981384277 -12
    vertex -108.71177673339844 2.9263548851013184 -12
  endloop
endfacet
facet normal 0 0 0
  outer loop
    vertex -108.14213562011719 14.142135620117188 -12
    vertex -107.85819244384766 5.740251541137695 -12
    vertex -108.3541030883789 4.354269981384277 -12
  endloop
endfacet
facet normal 0 0 0
  outer loop
    vertex -109.46021270751953 12.687865257263184 -12
    vertex -108.14213562011719 14.142135620117188 -12
    vertex -108.71177673339844 2.9263548851013184 -12
  endloop
endfacet
facet normal 0 0 0
  outer loop
    vertex -108.14213562011719 14.142135620117188 -12
    vertex -107.22882080078125 7.070950984954834 -12
    vertex -107.85819244384766 5.740251541137695 -12
  endloop
endfacet
facet normal 0 0 0
  outer loop
    vertex -114 0 -12
    vertex -113.90369415283203 1.9603427648544312 -4
    vertex -113.90369415283203 1.9603427648544312 -12
  endloop
endfacet
facet normal 0 0 0
  outer loop
    vertex -113.90369415283203 1.9603427648544312 -12
    vertex -113.61570739746094 3.901806354522705 -4
    vertex -113.61570739746094 3.901806354522705 -12
  endloop
endfacet
facet normal 0 0 0
  outer loop
    vertex -113.61570739746094 3.901806354522705 -12
    vertex -113.13880920410156 5.805693626403809 -4
    vertex -113.13880920410156 5.805693626403809 -12
  endloop
endfacet
facet normal 0 0 0
  outer loop
    vertex -113.13880920410156 5.805693626403809 -12
    vertex -112.47759246826172 7.6536688804626465 -4
    vertex -112.47759246826172 7.6536688804626465 -12
  endloop
endfacet
facet normal 0 0 0
  outer loop
    vertex -112.47759246826172 7.6536688804626465 -12
    vertex -111.638427734375 9.427934646606445 -4
    vertex -111.638427734375 9.427934646606445 -12
  endloop
endfacet
facet normal 0 0 0
  outer loop
    vertex -106.6878662109375 15.460208892822266 -12
    vertex -106.4720458984375 8.333553314208984 -12
    vertex -107.22882080078125 7.070950984954834 -12
  endloop
endfacet
facet normal 0 0 0
  outer loop
    vertex -106.6878662109375 15.460208892822266 -12
    vertex -105.59515380859375 9.515899658203125 -12
    vertex -106.4720458984375 8.333553314208984 -12
  endloop
endfacet
facet normal 0 0 0
  outer loop
    vertex -108.14213562011719 14.142135620117188 -12
    vertex -106.6878662109375 15.460208892822266 -12
    vertex -107.22882080078125 7.070950984954834 -12
  endloop
endfacet
facet normal 0 0 0
  outer loop
    vertex -105.11140441894531 16.629392623901367 -12
    vertex -104.60660552978516 10.60660171508789 -12
    vertex -105.59515380859375 9.515899658203125 -12
  endloop
endfacet
facet normal 0 0 0
  outer loop
    vertex -103.42793273925781 17.638425827026367 -12
    vertex -103.51589965820312 11.5951566696167 -12
    vertex -104.60660552978516 10.60660171508789 -12
  endloop
endfacet
facet normal 0 0 0
  outer loop
    vertex -106.6878662109375 15.460208892822266 -12
    vertex -105.11140441894531 16.629392623901367 -12
    vertex -105.59515380859375 9.515899658203125 -12
  endloop
endfacet
facet normal 0 0 0
  outer loop
    vertex -105.11140441894531 16.629392623901367 -12
    vertex -103.42793273925781 17.638425827026367 -12
    vertex -104.60660552978516 10.60660171508789 -12
  endloop
endfacet
facet normal 0 0 0
  outer loop
    vertex -103.42793273925781 17.638425827026367 -12
    vertex -102.33355712890625 12.472043991088867 -12
    vertex -103.51589965820312 11.5951566696167 -12
  endloop
endfacet
facet normal 0 0 0
  outer loop
    vertex -101.65367126464844 18.477590560913086 -12
    vertex -101.07095336914062 13.228818893432617 -12
    vertex -102.33355712890625 12.472043991088867 -12
  endloop
endfacet
facet normal 0 0 0
  outer loop
    vertex -103.42793273925781 17.638425827026367 -12
    vertex -101.65367126464844 18.477590560913086 -12
    vertex -102.33355712890625 12.472043991088867 -12
  endloop
endfacet
facet normal 0 0 0
  outer loop
    vertex -99.80569458007812 19.13880729675293 -12
    vertex -99.74024963378906 13.858193397521973 -12
    vertex -101.07095336914062 13.228818893432617 -12
  endloop
endfacet
facet normal 0 0 0
  outer loop
    vertex -99.80569458007812 19.13880729675293 -12
    vertex -98.3542709350586 14.354104995727539 -12
    vertex -99.74024963378906 13.858193397521973 -12
  endloop
endfacet
facet normal 0 0 0
  outer loop
    vertex -101.65367126464844 18.477590560913086 -12
    vertex -99.80569458007812 19.13880729675293 -12
    vertex -101.07095336914062 13.228818893432617 -12
  endloop
endfacet
facet normal 0 0 0
  outer loop
    vertex -99.80569458007812 19.13880729675293 -12
    vertex -97.90180969238281 19.615705490112305 -12
    vertex -98.3542709350586 14.354104995727539 -12
  endloop
endfacet
facet normal 0 0 0
  outer loop
    vertex -84.57206726074219 17.638425827026367 -12
    vertex -86.92904663085938 13.228818893432617 -12
    vertex -88.25975036621094 13.858193397521973 -12
  endloop
endfacet
facet normal 0 0 0
  outer loop
    vertex -81.3121337890625 15.460208892822266 -12
    vertex -85.66644287109375 12.472043991088867 -12
    vertex -86.92904663085938 13.228818893432617 -12
  endloop
endfacet
facet normal 0 0 0
  outer loop
    vertex -79.85786437988281 14.142135620117188 -12
    vertex -84.48410034179688 11.5951566696167 -12
    vertex -85.66644287109375 12.472043991088867 -12
  endloop
endfacet
facet normal 0 0 0
  outer loop
    vertex -79.85786437988281 14.142135620117188 -12
    vertex -85.66644287109375 12.472043991088867 -12
    vertex -81.3121337890625 15.460208892822266 -12
  endloop
endfacet
facet normal 0 0 0
  outer loop
    vertex -97.90180969238281 19.615705490112305 -12
    vertex -96.92635345458984 14.711779594421387 -12
    vertex -98.3542709350586 14.354104995727539 -12
  endloop
endfacet
facet normal 0 0 0
  outer loop
    vertex -95.96034240722656 19.90369415283203 -12
    vertex -95.47026062011719 14.927770614624023 -12
    vertex -96.92635345458984 14.711779594421387 -12
  endloop
endfacet
facet normal 0 0 0
  outer loop
    vertex -94 20 -12
    vertex -94 15 -12
    vertex -95.47026062011719 14.927770614624023 -12
  endloop
endfacet
facet normal 0 0 0
  outer loop
    vertex -92.03965759277344 19.90369415283203 -12
    vertex -92.52973937988281 14.927770614624023 -12
    vertex -94 15 -12
  endloop
endfacet
facet normal 0 0 0
  outer loop
    vertex -90.09819030761719 19.615705490112305 -12
    vertex -91.07364654541016 14.711779594421387 -12
    vertex -92.52973937988281 14.927770614624023 -12
  endloop
endfacet
facet normal 0 0 0
  outer loop
    vertex -97.90180969238281 19.615705490112305 -12
    vertex -95.96034240722656 19.90369415283203 -12
    vertex -96.92635345458984 14.711779594421387 -12
  endloop
endfacet
facet normal 0 0 0
  outer loop
    vertex -95.96034240722656 19.90369415283203 -12
    vertex -94 20 -12
    vertex -95.47026062011719 14.927770614624023 -12
  endloop
endfacet
facet normal 0 0 0
  outer loop
    vertex -94 20 -12
    vertex -92.03965759277344 19.90369415283203 -12
    vertex -94 15 -12
  endloop
endfacet
facet normal 0 0 0
  outer loop
    vertex -92.03965759277344 19.90369415283203 -12
    vertex -90.09819030761719 19.615705490112305 -12
    vertex -92.52973937988281 14.927770614624023 -12
  endloop
endfacet
facet normal 0 0 0
  outer loop
    vertex -88.19430541992188 19.13880729675293 -12
    vertex -89.6457290649414 14.354104995727539 -12
    vertex -91.07364654541016 14.711779594421387 -12
  endloop
endfacet
facet normal 0 0 0
  outer loop
    vertex -86.34632873535156 18.477590560913086 -12
    vertex -88.25975036621094 13.858193397521973 -12
    vertex -89.6457290649414 14.354104995727539 -12
  endloop
endfacet
facet normal 0 0 0
  outer loop
    vertex -86.34632873535156 18.477590560913086 -12
    vertex -84.57206726074219 17.638425827026367 -12
    vertex -88.25975036621094 13.858193397521973 -12
  endloop
endfacet
facet normal 0 0 0
  outer loop
    vertex -86.34632873535156 18.477590560913086 -12
    vertex -89.6457290649414 14.354104995727539 -12
    vertex -88.19430541992188 19.13880729675293 -12
  endloop
endfacet
facet normal 0 0 0
  outer loop
    vertex -82.88859558105469 16.629392623901367 -12
    vertex -86.92904663085938 13.228818893432617 -12
    vertex -84.57206726074219 17.638425827026367 -12
  endloop
endfacet
facet normal 0 0 0
  outer loop
    vertex -82.88859558105469 16.629392623901367 -12
    vertex -81.3121337890625 15.460208892822266 -12
    vertex -86.92904663085938 13.228818893432617 -12
  endloop
endfacet
facet normal 0 0 0
  outer loop
    vertex -90.09819030761719 19.615705490112305 -12
    vertex -88.19430541992188 19.13880729675293 -12
    vertex -91.07364654541016 14.711779594421387 -12
  endloop
endfacet
facet normal 0 0 0
  outer loop
    vertex -111.638427734375 9.427934646606445 -12
    vertex -110.62939453125 11.111404418945312 -4
    vertex -110.62939453125 11.111404418945312 -12
  endloop
endfacet
facet normal 0 0 0
  outer loop
    vertex -110.62939453125 11.111404418945312 -12
    vertex -109.46021270751953 12.687865257263184 -4
    vertex -109.46021270751953 12.687865257263184 -12
  endloop
endfacet
facet normal 0 0 0
  outer loop
    vertex -109.46021270751953 12.687865257263184 -12
    vertex -108.14213562011719 14.142135620117188 -4
    vertex -108.14213562011719 14.142135620117188 -12
  endloop
endfacet
facet normal 0 0 0
  outer loop
    vertex -108.14213562011719 14.142135620117188 -12
    vertex -106.6878662109375 15.460208892822266 -4
    vertex -106.6878662109375 15.460208892822266 -12
  endloop
endfacet
facet normal 0 0 0
  outer loop
    vertex -106.6878662109375 15.460208892822266 -12
    vertex -105.11140441894531 16.629392623901367 -4
    vertex -105.11140441894531 16.629392623901367 -12
  endloop
endfacet
facet normal 0 0 0
  outer loop
    vertex -105.11140441894531 16.629392623901367 -12
    vertex -103.42793273925781 17.638425827026367 -4
    vertex -103.42793273925781 17.638425827026367 -12
  endloop
endfacet
facet normal 0 0 0
  outer loop
    vertex -103.42793273925781 17.638425827026367 -12
    vertex -101.65367126464844 18.477590560913086 -4
    vertex -101.65367126464844 18.477590560913086 -12
  endloop
endfacet
facet normal 0 0 0
  outer loop
    vertex -101.65367126464844 18.477590560913086 -12
    vertex -99.80569458007812 19.13880729675293 -4
    vertex -99.80569458007812 19.13880729675293 -12
  endloop
endfacet
facet normal 0 0 0
  outer loop
    vertex -99.80569458007812 19.13880729675293 -12
    vertex -97.90180969238281 19.615705490112305 -4
    vertex -97.90180969238281 19.615705490112305 -12
  endloop
endfacet
facet normal 0 0 0
  outer loop
    vertex -97.90180969238281 19.615705490112305 -12
    vertex -95.96034240722656 19.90369415283203 -4
    vertex -95.96034240722656 19.90369415283203 -12
  endloop
endfacet
facet normal 0 0 0
  outer loop
    vertex -95.96034240722656 19.90369415283203 -12
    vertex -94 20 -4
    vertex -94 20 -12
  endloop
endfacet
facet normal 0 0 0
  outer loop
    vertex -94 20 -12
    vertex -92.03965759277344 19.90369415283203 -4
    vertex -92.03965759277344 19.90369415283203 -12
  endloop
endfacet
facet normal 0 0 0
  outer loop
    vertex -92.03965759277344 19.90369415283203 -12
    vertex -90.09819030761719 19.615705490112305 -4
    vertex -90.09819030761719 19.615705490112305 -12
  endloop
endfacet
facet normal 0 0 0
  outer loop
    vertex -82.88859558105469 16.629392623901367 -12
    vertex -84.57206726074219 17.638425827026367 -12
    vertex -82.88859558105469 16.629392623901367 -4
  endloop
endfacet
facet normal 0 0 0
  outer loop
    vertex -86.34632873535156 18.477590560913086 -12
    vertex -88.19430541992188 19.13880729675293 -12
    vertex -86.34632873535156 18.477590560913086 -4
  endloop
endfacet
facet normal 0 0 0
  outer loop
    vertex -90.09819030761719 19.615705490112305 -12
    vertex -88.19430541992188 19.13880729675293 -4
    vertex -88.19430541992188 19.13880729675293 -12
  endloop
endfacet
facet normal 0 0 0
  outer loop
    vertex -86.34632873535156 18.477590560913086 -12
    vertex -84.57206726074219 17.638425827026367 -4
    vertex -84.57206726074219 17.638425827026367 -12
  endloop
endfacet
facet normal 0 0 0
  outer loop
    vertex -75.52240753173828 7.6536688804626465 -12
    vertex -80.73762512207031 7 -12
    vertex -80.77117919921875 7.070950984954834 -12
  endloop
endfacet
facet normal 0 0 0
  outer loop
    vertex -75.28852081298828 7 -12
    vertex -80.73762512207031 7 -12
    vertex -75.52240753173828 7.6536688804626465 -12
  endloop
endfacet
facet normal 0 0 0
  outer loop
    vertex -75.52240753173828 7.6536688804626465 -12
    vertex -80.77117919921875 7.070950984954834 -12
    vertex -81.5279541015625 8.333553314208984 -12
  endloop
endfacet
facet normal 0 0 0
  outer loop
    vertex -76.361572265625 9.427934646606445 -12
    vertex -81.5279541015625 8.333553314208984 -12
    vertex -82.40484619140625 9.515899658203125 -12
  endloop
endfacet
facet normal 0 0 0
  outer loop
    vertex -75.52240753173828 7.6536688804626465 -12
    vertex -81.5279541015625 8.333553314208984 -12
    vertex -76.361572265625 9.427934646606445 -12
  endloop
endfacet
facet normal 0 0 0
  outer loop
    vertex -75.28852081298828 7 -12
    vertex -75.52240753173828 7.6536688804626465 -12
    vertex -75.52240753173828 7.6536688804626465 -4
  endloop
endfacet
facet normal 0 0 0
  outer loop
    vertex -75.52240753173828 7.6536688804626465 -12
    vertex -76.361572265625 9.427934646606445 -12
    vertex -75.52240753173828 7.6536688804626465 -4
  endloop
endfacet
facet normal 0 0 0
  outer loop
    vertex -76.361572265625 9.427934646606445 -12
    vertex -77.37060546875 11.111404418945312 -12
    vertex -76.361572265625 9.427934646606445 -4
  endloop
endfacet
facet normal 0 0 0
  outer loop
    vertex -77.37060546875 11.111404418945312 -12
    vertex -82.40484619140625 9.515899658203125 -12
    vertex -83.39339447021484 10.60660171508789 -12
  endloop
endfacet
facet normal 0 0 0
  outer loop
    vertex -76.361572265625 9.427934646606445 -12
    vertex -82.40484619140625 9.515899658203125 -12
    vertex -77.37060546875 11.111404418945312 -12
  endloop
endfacet
facet normal 0 0 0
  outer loop
    vertex -78.53978729248047 12.687865257263184 -12
    vertex -83.39339447021484 10.60660171508789 -12
    vertex -84.48410034179688 11.5951566696167 -12
  endloop
endfacet
facet normal 0 0 0
  outer loop
    vertex -77.37060546875 11.111404418945312 -12
    vertex -83.39339447021484 10.60660171508789 -12
    vertex -78.53978729248047 12.687865257263184 -12
  endloop
endfacet
facet normal 0 0 0
  outer loop
    vertex -78.53978729248047 12.687865257263184 -12
    vertex -84.48410034179688 11.5951566696167 -12
    vertex -79.85786437988281 14.142135620117188 -12
  endloop
endfacet
facet normal 0 0 0
  outer loop
    vertex -77.37060546875 11.111404418945312 -12
    vertex -78.53978729248047 12.687865257263184 -12
    vertex -77.37060546875 11.111404418945312 -4
  endloop
endfacet
facet normal 0 0 0
  outer loop
    vertex -78.53978729248047 12.687865257263184 -12
    vertex -79.85786437988281 14.142135620117188 -12
    vertex -78.53978729248047 12.687865257263184 -4
  endloop
endfacet
facet normal 0 0 0
  outer loop
    vertex -79.85786437988281 14.142135620117188 -12
    vertex -81.3121337890625 15.460208892822266 -12
    vertex -79.85786437988281 14.142135620117188 -4
  endloop
endfacet
facet normal 0 0 0
  outer loop
    vertex -82.88859558105469 16.629392623901367 -12
    vertex -81.3121337890625 15.460208892822266 -4
    vertex -81.3121337890625 15.460208892822266 -12
  endloop
endfacet
facet normal 0 0 0
  outer loop
    vertex -114 0 -12
    vertex -114 0 -4
    vertex -113.90369415283203 1.9603427648544312 -4
  endloop
endfacet
facet normal 0 0 0
  outer loop
    vertex -113.90369415283203 1.9603427648544312 -12
    vertex -113.90369415283203 1.9603427648544312 -4
    vertex -113.61570739746094 3.901806354522705 -4
  endloop
endfacet
facet normal 0 0 0
  outer loop
    vertex -113.61570739746094 3.901806354522705 -12
    vertex -113.61570739746094 3.901806354522705 -4
    vertex -113.13880920410156 5.805693626403809 -4
  endloop
endfacet
facet normal 0 0 0
  outer loop
    vertex -113.13880920410156 5.805693626403809 -12
    vertex -113.13880920410156 5.805693626403809 -4
    vertex -112.47759246826172 7.6536688804626465 -4
  endloop
endfacet
facet normal 0 0 0
  outer loop
    vertex -112.47759246826172 7.6536688804626465 -12
    vertex -112.47759246826172 7.6536688804626465 -4
    vertex -111.638427734375 9.427934646606445 -4
  endloop
endfacet
facet normal 0 0 0
  outer loop
    vertex -111.638427734375 9.427934646606445 -12
    vertex -111.638427734375 9.427934646606445 -4
    vertex -110.62939453125 11.111404418945312 -4
  endloop
endfacet
facet normal 0 0 0
  outer loop
    vertex -113.90369415283203 -1.9603427648544312 -4
    vertex -113.90369415283203 1.9603427648544312 -4
    vertex -114 0 -4
  endloop
endfacet
facet normal 0 0 0
  outer loop
    vertex -113.90369415283203 -1.9603427648544312 -4
    vertex -113.61570739746094 3.901806354522705 -4
    vertex -113.90369415283203 1.9603427648544312 -4
  endloop
endfacet
facet normal 0 0 0
  outer loop
    vertex -113.61570739746094 -3.901806354522705 -4
    vertex -113.13880920410156 5.805693626403809 -4
    vertex -113.61570739746094 3.901806354522705 -4
  endloop
endfacet
facet normal 0 0 0
  outer loop
    vertex -109.46021270751953 -12.687865257263184 -4
    vertex -109 0 -4
    vertex -109.46021270751953 12.687865257263184 -4
  endloop
endfacet
facet normal 0 0 0
  outer loop
    vertex -113.13880920410156 -5.805693626403809 -4
    vertex -112.47759246826172 7.6536688804626465 -4
    vertex -113.13880920410156 5.805693626403809 -4
  endloop
endfacet
facet normal 0 0 0
  outer loop
    vertex -112.47759246826172 -7.6536688804626465 -4
    vertex -111.638427734375 9.427934646606445 -4
    vertex -112.47759246826172 7.6536688804626465 -4
  endloop
endfacet
facet normal 0 0 0
  outer loop
    vertex -111.638427734375 -9.427934646606445 -4
    vertex -110.62939453125 11.111404418945312 -4
    vertex -111.638427734375 9.427934646606445 -4
  endloop
endfacet
facet normal 0 0 0
  outer loop
    vertex -110.62939453125 -11.111404418945312 -4
    vertex -109.46021270751953 12.687865257263184 -4
    vertex -110.62939453125 11.111404418945312 -4
  endloop
endfacet
facet normal 0 0 0
  outer loop
    vertex -109.46021270751953 12.687865257263184 -4
    vertex -109 0 -4
    vertex -108.92777252197266 1.4702571630477905 -4
  endloop
endfacet
facet normal 0 0 0
  outer loop
    vertex -109.46021270751953 12.687865257263184 -4
    vertex -108.92777252197266 1.4702571630477905 -4
    vertex -108.71177673339844 2.9263548851013184 -4
  endloop
endfacet
facet normal 0 0 0
  outer loop
    vertex -109.46021270751953 12.687865257263184 -4
    vertex -108.71177673339844 2.9263548851013184 -4
    vertex -108.3541030883789 4.354269981384277 -4
  endloop
endfacet
facet normal 0 0 0
  outer loop
    vertex -108.14213562011719 14.142135620117188 -4
    vertex -108.3541030883789 4.354269981384277 -4
    vertex -107.85819244384766 5.740251541137695 -4
  endloop
endfacet
facet normal 0 0 0
  outer loop
    vertex -108.14213562011719 14.142135620117188 -4
    vertex -107.85819244384766 5.740251541137695 -4
    vertex -107.22882080078125 7.070950984954834 -4
  endloop
endfacet
facet normal 0 0 0
  outer loop
    vertex -108.14213562011719 14.142135620117188 -4
    vertex -107.22882080078125 7.070950984954834 -4
    vertex -106.4720458984375 8.333553314208984 -4
  endloop
endfacet
facet normal 0 0 0
  outer loop
    vertex -110.62939453125 11.111404418945312 -12
    vertex -110.62939453125 11.111404418945312 -4
    vertex -109.46021270751953 12.687865257263184 -4
  endloop
endfacet
facet normal 0 0 0
  outer loop
    vertex -109.46021270751953 12.687865257263184 -12
    vertex -109.46021270751953 12.687865257263184 -4
    vertex -108.14213562011719 14.142135620117188 -4
  endloop
endfacet
facet normal 0 0 0
  outer loop
    vertex -108.14213562011719 14.142135620117188 -12
    vertex -108.14213562011719 14.142135620117188 -4
    vertex -106.6878662109375 15.460208892822266 -4
  endloop
endfacet
facet normal 0 0 0
  outer loop
    vertex -106.6878662109375 15.460208892822266 -12
    vertex -106.6878662109375 15.460208892822266 -4
    vertex -105.11140441894531 16.629392623901367 -4
  endloop
endfacet
facet normal 0 0 0
  outer loop
    vertex -105.11140441894531 16.629392623901367 -12
    vertex -105.11140441894531 16.629392623901367 -4
    vertex -103.42793273925781 17.638425827026367 -4
  endloop
endfacet
facet normal 0 0 0
  outer loop
    vertex -103.42793273925781 17.638425827026367 -12
    vertex -103.42793273925781 17.638425827026367 -4
    vertex -101.65367126464844 18.477590560913086 -4
  endloop
endfacet
facet normal 0 0 0
  outer loop
    vertex -101.65367126464844 18.477590560913086 -12
    vertex -101.65367126464844 18.477590560913086 -4
    vertex -99.80569458007812 19.13880729675293 -4
  endloop
endfacet
facet normal 0 0 0
  outer loop
    vertex -99.80569458007812 19.13880729675293 -12
    vertex -99.80569458007812 19.13880729675293 -4
    vertex -97.90180969238281 19.615705490112305 -4
  endloop
endfacet
facet normal 0 0 0
  outer loop
    vertex -97.90180969238281 19.615705490112305 -12
    vertex -97.90180969238281 19.615705490112305 -4
    vertex -95.96034240722656 19.90369415283203 -4
  endloop
endfacet
facet normal 0 0 0
  outer loop
    vertex -95.96034240722656 19.90369415283203 -12
    vertex -95.96034240722656 19.90369415283203 -4
    vertex -94 20 -4
  endloop
endfacet
facet normal 0 0 0
  outer loop
    vertex -94 20 -12
    vertex -94 20 -4
    vertex -92.03965759277344 19.90369415283203 -4
  endloop
endfacet
facet normal 0 0 0
  outer loop
    vertex -92.03965759277344 19.90369415283203 -12
    vertex -92.03965759277344 19.90369415283203 -4
    vertex -90.09819030761719 19.615705490112305 -4
  endloop
endfacet
facet normal 0 0 0
  outer loop
    vertex -82.88859558105469 16.629392623901367 -12
    vertex -82.88859558105469 16.629392623901367 -4
    vertex -81.3121337890625 15.460208892822266 -4
  endloop
endfacet
facet normal 0 0 0
  outer loop
    vertex -84.57206726074219 17.638425827026367 -12
    vertex -84.57206726074219 17.638425827026367 -4
    vertex -82.88859558105469 16.629392623901367 -4
  endloop
endfacet
facet normal 0 0 0
  outer loop
    vertex -90.09819030761719 19.615705490112305 -12
    vertex -90.09819030761719 19.615705490112305 -4
    vertex -88.19430541992188 19.13880729675293 -4
  endloop
endfacet
facet normal 0 0 0
  outer loop
    vertex -88.19430541992188 19.13880729675293 -12
    vertex -88.19430541992188 19.13880729675293 -4
    vertex -86.34632873535156 18.477590560913086 -4
  endloop
endfacet
facet normal 0 0 0
  outer loop
    vertex -86.34632873535156 18.477590560913086 -12
    vertex -86.34632873535156 18.477590560913086 -4
    vertex -84.57206726074219 17.638425827026367 -4
  endloop
endfacet
facet normal 0 0 0
  outer loop
    vertex -109.46021270751953 12.687865257263184 -4
    vertex -108.3541030883789 4.354269981384277 -4
    vertex -108.14213562011719 14.142135620117188 -4
  endloop
endfacet
facet normal 0 0 0
  outer loop
    vertex -106.6878662109375 15.460208892822266 -4
    vertex -106.4720458984375 8.333553314208984 -4
    vertex -105.59515380859375 9.515899658203125 -4
  endloop
endfacet
facet normal 0 0 0
  outer loop
    vertex -108.14213562011719 14.142135620117188 -4
    vertex -106.4720458984375 8.333553314208984 -4
    vertex -106.6878662109375 15.460208892822266 -4
  endloop
endfacet
facet normal 0 0 0
  outer loop
    vertex -106.6878662109375 15.460208892822266 -4
    vertex -105.59515380859375 9.515899658203125 -4
    vertex -104.60660552978516 10.60660171508789 -4
  endloop
endfacet
facet normal 0 0 0
  outer loop
    vertex -105.11140441894531 16.629392623901367 -4
    vertex -104.60660552978516 10.60660171508789 -4
    vertex -103.51589965820312 11.5951566696167 -4
  endloop
endfacet
facet normal 0 0 0
  outer loop
    vertex -106.6878662109375 15.460208892822266 -4
    vertex -104.60660552978516 10.60660171508789 -4
    vertex -105.11140441894531 16.629392623901367 -4
  endloop
endfacet
facet normal 0 0 0
  outer loop
    vertex -103.42793273925781 17.638425827026367 -4
    vertex -103.51589965820312 11.5951566696167 -4
    vertex -102.33355712890625 12.472043991088867 -4
  endloop
endfacet
facet normal 0 0 0
  outer loop
    vertex -103.42793273925781 17.638425827026367 -4
    vertex -102.33355712890625 12.472043991088867 -4
    vertex -101.07095336914062 13.228818893432617 -4
  endloop
endfacet
facet normal 0 0 0
  outer loop
    vertex -105.11140441894531 16.629392623901367 -4
    vertex -103.51589965820312 11.5951566696167 -4
    vertex -103.42793273925781 17.638425827026367 -4
  endloop
endfacet
facet normal 0 0 0
  outer loop
    vertex -101.65367126464844 18.477590560913086 -4
    vertex -101.07095336914062 13.228818893432617 -4
    vertex -99.74024963378906 13.858193397521973 -4
  endloop
endfacet
facet normal 0 0 0
  outer loop
    vertex -99.80569458007812 19.13880729675293 -4
    vertex -99.74024963378906 13.858193397521973 -4
    vertex -98.3542709350586 14.354104995727539 -4
  endloop
endfacet
facet normal 0 0 0
  outer loop
    vertex -99.80569458007812 19.13880729675293 -4
    vertex -98.3542709350586 14.354104995727539 -4
    vertex -96.92635345458984 14.711779594421387 -4
  endloop
endfacet
facet normal 0 0 0
  outer loop
    vertex -103.42793273925781 17.638425827026367 -4
    vertex -101.07095336914062 13.228818893432617 -4
    vertex -101.65367126464844 18.477590560913086 -4
  endloop
endfacet
facet normal 0 0 0
  outer loop
    vertex -101.65367126464844 18.477590560913086 -4
    vertex -99.74024963378906 13.858193397521973 -4
    vertex -99.80569458007812 19.13880729675293 -4
  endloop
endfacet
facet normal 0 0 0
  outer loop
    vertex -99.80569458007812 19.13880729675293 -4
    vertex -96.92635345458984 14.711779594421387 -4
    vertex -97.90180969238281 19.615705490112305 -4
  endloop
endfacet
facet normal 0 0 0
  outer loop
    vertex -82.88859558105469 16.629392623901367 -4
    vertex -83.39339447021484 10.60660171508789 -4
    vertex -82.40484619140625 9.515899658203125 -4
  endloop
endfacet
facet normal 0 0 0
  outer loop
    vertex -86.34632873535156 18.477590560913086 -4
    vertex -86.92904663085938 13.228818893432617 -4
    vertex -85.66644287109375 12.472043991088867 -4
  endloop
endfacet
facet normal 0 0 0
  outer loop
    vertex -82.88859558105469 16.629392623901367 -4
    vertex -84.48410034179688 11.5951566696167 -4
    vertex -83.39339447021484 10.60660171508789 -4
  endloop
endfacet
facet normal 0 0 0
  outer loop
    vertex -84.57206726074219 17.638425827026367 -4
    vertex -85.66644287109375 12.472043991088867 -4
    vertex -84.48410034179688 11.5951566696167 -4
  endloop
endfacet
facet normal 0 0 0
  outer loop
    vertex -82.88859558105469 16.629392623901367 -4
    vertex -82.40484619140625 9.515899658203125 -4
    vertex -81.3121337890625 15.460208892822266 -4
  endloop
endfacet
facet normal 0 0 0
  outer loop
    vertex -97.90180969238281 19.615705490112305 -4
    vertex -96.92635345458984 14.711779594421387 -4
    vertex -95.47026062011719 14.927770614624023 -4
  endloop
endfacet
facet normal 0 0 0
  outer loop
    vertex -95.96034240722656 19.90369415283203 -4
    vertex -95.47026062011719 14.927770614624023 -4
    vertex -94 15 -4
  endloop
endfacet
facet normal 0 0 0
  outer loop
    vertex -90.09819030761719 19.615705490112305 -4
    vertex -91.07364654541016 14.711779594421387 -4
    vertex -89.6457290649414 14.354104995727539 -4
  endloop
endfacet
facet normal 0 0 0
  outer loop
    vertex -94 20 -4
    vertex -94 15 -4
    vertex -92.52973937988281 14.927770614624023 -4
  endloop
endfacet
facet normal 0 0 0
  outer loop
    vertex -92.03965759277344 19.90369415283203 -4
    vertex -92.52973937988281 14.927770614624023 -4
    vertex -91.07364654541016 14.711779594421387 -4
  endloop
endfacet
facet normal 0 0 0
  outer loop
    vertex -97.90180969238281 19.615705490112305 -4
    vertex -95.47026062011719 14.927770614624023 -4
    vertex -95.96034240722656 19.90369415283203 -4
  endloop
endfacet
facet normal 0 0 0
  outer loop
    vertex -95.96034240722656 19.90369415283203 -4
    vertex -94 15 -4
    vertex -94 20 -4
  endloop
endfacet
facet normal 0 0 0
  outer loop
    vertex -94 20 -4
    vertex -92.52973937988281 14.927770614624023 -4
    vertex -92.03965759277344 19.90369415283203 -4
  endloop
endfacet
facet normal 0 0 0
  outer loop
    vertex -92.03965759277344 19.90369415283203 -4
    vertex -91.07364654541016 14.711779594421387 -4
    vertex -90.09819030761719 19.615705490112305 -4
  endloop
endfacet
facet normal 0 0 0
  outer loop
    vertex -88.19430541992188 19.13880729675293 -4
    vertex -89.6457290649414 14.354104995727539 -4
    vertex -88.25975036621094 13.858193397521973 -4
  endloop
endfacet
facet normal 0 0 0
  outer loop
    vertex -88.19430541992188 19.13880729675293 -4
    vertex -88.25975036621094 13.858193397521973 -4
    vertex -86.92904663085938 13.228818893432617 -4
  endloop
endfacet
facet normal 0 0 0
  outer loop
    vertex -86.34632873535156 18.477590560913086 -4
    vertex -88.19430541992188 19.13880729675293 -4
    vertex -86.92904663085938 13.228818893432617 -4
  endloop
endfacet
facet normal 0 0 0
  outer loop
    vertex -86.34632873535156 18.477590560913086 -4
    vertex -85.66644287109375 12.472043991088867 -4
    vertex -84.57206726074219 17.638425827026367 -4
  endloop
endfacet
facet normal 0 0 0
  outer loop
    vertex -82.88859558105469 16.629392623901367 -4
    vertex -84.57206726074219 17.638425827026367 -4
    vertex -84.48410034179688 11.5951566696167 -4
  endloop
endfacet
facet normal 0 0 0
  outer loop
    vertex -90.09819030761719 19.615705490112305 -4
    vertex -89.6457290649414 14.354104995727539 -4
    vertex -88.19430541992188 19.13880729675293 -4
  endloop
endfacet
facet normal 0 0 0
  outer loop
    vertex -75.28852081298828 7 -12
    vertex -75.52240753173828 7.6536688804626465 -4
    vertex -75.28852081298828 7 -4
  endloop
endfacet
facet normal 0 0 0
  outer loop
    vertex -76.361572265625 9.427934646606445 -12
    vertex -76.361572265625 9.427934646606445 -4
    vertex -75.52240753173828 7.6536688804626465 -4
  endloop
endfacet
facet normal 0 0 0
  outer loop
    vertex -78.53978729248047 -12.687865257263184 -4
    vertex -78.53978729248047 12.687865257263184 -4
    vertex -79 0 -4
  endloop
endfacet
facet normal 0 0 0
  outer loop
    vertex -75.28852081298828 -7 -4
    vertex -74.86119079589844 3.6507089138031006 -4
    vertex -74.96615600585938 3.6690776348114014 -4
  endloop
endfacet
facet normal 0 0 0
  outer loop
    vertex -75.52240753173828 -7.6536688804626465 -4
    vertex -74.96615600585938 3.6690776348114014 -4
    vertex -75.52240753173828 7.6536688804626465 -4
  endloop
endfacet
facet normal 0 0 0
  outer loop
    vertex -78.53978729248047 12.687865257263184 -4
    vertex -79.07222747802734 1.4702571630477905 -4
    vertex -79 0 -4
  endloop
endfacet
facet normal 0 0 0
  outer loop
    vertex -78.53978729248047 -12.687865257263184 -4
    vertex -77.37060546875 11.111404418945312 -4
    vertex -78.53978729248047 12.687865257263184 -4
  endloop
endfacet
facet normal 0 0 0
  outer loop
    vertex -77.37060546875 -11.111404418945312 -4
    vertex -76.361572265625 9.427934646606445 -4
    vertex -77.37060546875 11.111404418945312 -4
  endloop
endfacet
facet normal 0 0 0
  outer loop
    vertex -76.361572265625 -9.427934646606445 -4
    vertex -75.52240753173828 7.6536688804626465 -4
    vertex -76.361572265625 9.427934646606445 -4
  endloop
endfacet
facet normal 0 0 0
  outer loop
    vertex -78.53978729248047 12.687865257263184 -4
    vertex -79.28822326660156 2.9263548851013184 -4
    vertex -79.07222747802734 1.4702571630477905 -4
  endloop
endfacet
facet normal 0 0 0
  outer loop
    vertex -78.53978729248047 12.687865257263184 -4
    vertex -79.6458969116211 4.354269981384277 -4
    vertex -79.28822326660156 2.9263548851013184 -4
  endloop
endfacet
facet normal 0 0 0
  outer loop
    vertex -74.96615600585938 3.6690776348114014 -4
    vertex -75.28852081298828 7 -4
    vertex -75.52240753173828 7.6536688804626465 -4
  endloop
endfacet
facet normal 0 0 0
  outer loop
    vertex -79.85786437988281 14.142135620117188 -4
    vertex -80.14180755615234 5.740251541137695 -4
    vertex -79.6458969116211 4.354269981384277 -4
  endloop
endfacet
facet normal 0 0 0
  outer loop
    vertex -79.85786437988281 14.142135620117188 -4
    vertex -80.77117919921875 7.070950984954834 -4
    vertex -80.14180755615234 5.740251541137695 -4
  endloop
endfacet
facet normal 0 0 0
  outer loop
    vertex -77.37060546875 11.111404418945312 -12
    vertex -77.37060546875 11.111404418945312 -4
    vertex -76.361572265625 9.427934646606445 -4
  endloop
endfacet
facet normal 0 0 0
  outer loop
    vertex -78.53978729248047 12.687865257263184 -12
    vertex -78.53978729248047 12.687865257263184 -4
    vertex -77.37060546875 11.111404418945312 -4
  endloop
endfacet
facet normal 0 0 0
  outer loop
    vertex -79.85786437988281 14.142135620117188 -12
    vertex -79.85786437988281 14.142135620117188 -4
    vertex -78.53978729248047 12.687865257263184 -4
  endloop
endfacet
facet normal 0 0 0
  outer loop
    vertex -81.3121337890625 15.460208892822266 -12
    vertex -81.3121337890625 15.460208892822266 -4
    vertex -79.85786437988281 14.142135620117188 -4
  endloop
endfacet
facet normal 0 0 0
  outer loop
    vertex -81.3121337890625 15.460208892822266 -4
    vertex -81.5279541015625 8.333553314208984 -4
    vertex -80.77117919921875 7.070950984954834 -4
  endloop
endfacet
facet normal 0 0 0
  outer loop
    vertex -81.3121337890625 15.460208892822266 -4
    vertex -82.40484619140625 9.515899658203125 -4
    vertex -81.5279541015625 8.333553314208984 -4
  endloop
endfacet
facet normal 0 0 0
  outer loop
    vertex -78.53978729248047 12.687865257263184 -4
    vertex -79.85786437988281 14.142135620117188 -4
    vertex -79.6458969116211 4.354269981384277 -4
  endloop
endfacet
facet normal 0 0 0
  outer loop
    vertex -79.85786437988281 14.142135620117188 -4
    vertex -81.3121337890625 15.460208892822266 -4
    vertex -80.77117919921875 7.070950984954834 -4
  endloop
endfacet
facet normal 0 0 0
  outer loop
    vertex -4.168337345123291 -0.8291338682174683 -5.5
    vertex -4.0669965744018555 -1.2337099313735962 -12
    vertex -4.168337345123291 -0.8291338682174683 -12
  endloop
endfacet
facet normal 0 0 0
  outer loop
    vertex -4.229535102844238 -0.41657283902168274 -5.5
    vertex -4.168337345123291 -0.8291338682174683 -12
    vertex -4.229535102844238 -0.41657283902168274 -12
  endloop
endfacet
facet normal 0 0 0
  outer loop
    vertex -4.25 0 -5.5
    vertex -4.229535102844238 -0.41657283902168274 -12
    vertex -4.25 0 -12
  endloop
endfacet
facet normal 0 0 0
  outer loop
    vertex -0.8291338682174683 -4.168337345123291 -5.5
    vertex -0.41657283902168274 -4.229535102844238 -12
    vertex -0.8291338682174683 -4.168337345123291 -12
  endloop
endfacet
facet normal 0 0 0
  outer loop
    vertex -0.41657283902168274 -4.229535102844238 -5.5
    vertex 0 -4.25 -12
    vertex -0.41657283902168274 -4.229535102844238 -12
  endloop
endfacet
facet normal 0 0 0
  outer loop
    vertex -2.696171522140503 -3.285294532775879 -12
    vertex -3.0052037239074707 -3.0052037239074707 -12
    vertex -3.0052037239074707 -3.0052037239074707 -2
  endloop
endfacet
facet normal 0 0 0
  outer loop
    vertex -3.0052037239074707 -3.0052037239074707 -12
    vertex -3.285294532775879 -2.696171522140503 -12
    vertex -3.285294532775879 -2.696171522140503 -2
  endloop
endfacet
facet normal 0 0 0
  outer loop
    vertex -4.0669965744018555 -1.2337099313735962 -3.1805036067962646
    vertex -3.926487922668457 -1.6264046430587769 -12
    vertex -4.0669965744018555 -1.2337099313735962 -12
  endloop
endfacet
facet normal 0 0 0
  outer loop
    vertex -3.926487922668457 -1.6264046430587769 -2.787808895111084
    vertex -3.7481653690338135 -2.0034360885620117 -12
    vertex -3.926487922668457 -1.6264046430587769 -12
  endloop
endfacet
facet normal 0 0 0
  outer loop
    vertex -3.7481653690338135 -2.0034360885620117 -2.4107773303985596
    vertex -3.533745765686035 -2.361173391342163 -12
    vertex -3.7481653690338135 -2.0034360885620117 -12
  endloop
endfacet
facet normal 0 0 0
  outer loop
    vertex -3.533745765686035 -2.361173391342163 -2.053040027618408
    vertex -3.285294532775879 -2.696171522140503 -12
    vertex -3.533745765686035 -2.361173391342163 -12
  endloop
endfacet
facet normal 0 0 0
  outer loop
    vertex -4.125537872314453 -1 -5.5
    vertex -4.0669965744018555 -1.2337099313735962 -12
    vertex -4.168337345123291 -0.8291338682174683 -5.5
  endloop
endfacet
facet normal 0 0 0
  outer loop
    vertex -4.168337345123291 -0.8291338682174683 -5.5
    vertex -4.168337345123291 -0.8291338682174683 -12
    vertex -4.229535102844238 -0.41657283902168274 -5.5
  endloop
endfacet
facet normal 0 0 0
  outer loop
    vertex -4.229535102844238 -0.41657283902168274 -5.5
    vertex -4.229535102844238 -0.41657283902168274 -12
    vertex -4.25 0 -5.5
  endloop
endfacet
facet normal 0 0 0
  outer loop
    vertex -1.2337099313735962 -4.0669965744018555 -3.1805036067962646
    vertex -0.8291338682174683 -4.168337345123291 -12
    vertex -1.2337099313735962 -4.0669965744018555 -12
  endloop
endfacet
facet normal 0 0 0
  outer loop
    vertex -1.6264046430587769 -3.926487922668457 -2.787808895111084
    vertex -1.2337099313735962 -4.0669965744018555 -12
    vertex -1.6264046430587769 -3.926487922668457 -12
  endloop
endfacet
facet normal 0 0 0
  outer loop
    vertex -2.0034360885620117 -3.7481653690338135 -2.4107773303985596
    vertex -1.6264046430587769 -3.926487922668457 -12
    vertex -2.0034360885620117 -3.7481653690338135 -12
  endloop
endfacet
facet normal 0 0 0
  outer loop
    vertex -2.361173391342163 -3.533745765686035 -2.053040027618408
    vertex -2.0034360885620117 -3.7481653690338135 -12
    vertex -2.361173391342163 -3.533745765686035 -12
  endloop
endfacet
facet normal 0 0 0
  outer loop
    vertex -2.696171522140503 -3.285294532775879 -2
    vertex -2.361173391342163 -3.533745765686035 -12
    vertex -2.696171522140503 -3.285294532775879 -12
  endloop
endfacet
facet normal 0 0 0
  outer loop
    vertex -1 -4.125537872314453 -5.5
    vertex -0.8291338682174683 -4.168337345123291 -5.5
    vertex -0.8291338682174683 -4.168337345123291 -12
  endloop
endfacet
facet normal 0 0 0
  outer loop
    vertex -0.41657283902168274 -4.229535102844238 -5.5
    vertex 0 -4.25 -5.5
    vertex 0 -4.25 -12
  endloop
endfacet
facet normal 0 0 0
  outer loop
    vertex -0.41657283902168274 -4.229535102844238 -5.5
    vertex -0.41657283902168274 -4.229535102844238 -12
    vertex -0.8291338682174683 -4.168337345123291 -5.5
  endloop
endfacet
facet normal 0 0 0
  outer loop
    vertex -4.125537872314453 -1 -5.5
    vertex -4.125537872314453 -1 -3.4142136573791504
    vertex -4.0669965744018555 -1.2337099313735962 -12
  endloop
endfacet
facet normal 0 0 0
  outer loop
    vertex -3.926487922668457 -1.6264046430587769 -2.787808895111084
    vertex -3.926487922668457 -1.6264046430587769 -12
    vertex -4.0669965744018555 -1.2337099313735962 -3.1805036067962646
  endloop
endfacet
facet normal 0 0 0
  outer loop
    vertex -4.125537872314453 -1 -3.4142136573791504
    vertex -4.0669965744018555 -1.2337099313735962 -3.1805036067962646
    vertex -4.0669965744018555 -1.2337099313735962 -12
  endloop
endfacet
facet normal 0 0 0
  outer loop
    vertex -2.696171522140503 -3.285294532775879 -12
    vertex -3.0052037239074707 -3.0052037239074707 -2
    vertex -2.696171522140503 -3.285294532775879 -2
  endloop
endfacet
facet normal 0 0 0
  outer loop
    vertex -3.0052037239074707 -3.0052037239074707 -12
    vertex -3.285294532775879 -2.696171522140503 -2
    vertex -3.0052037239074707 -3.0052037239074707 -2
  endloop
endfacet
facet normal 0 0 0
  outer loop
    vertex -3.285294532775879 -2.696171522140503 -12
    vertex -3.49440860748291 -2.4142136573791504 -2
    vertex -3.285294532775879 -2.696171522140503 -2
  endloop
endfacet
facet normal 0 0 0
  outer loop
    vertex -3.926487922668457 -1.6264046430587769 -2.787808895111084
    vertex -3.7481653690338135 -2.0034360885620117 -2.4107773303985596
    vertex -3.7481653690338135 -2.0034360885620117 -12
  endloop
endfacet
facet normal 0 0 0
  outer loop
    vertex -3.7481653690338135 -2.0034360885620117 -2.4107773303985596
    vertex -3.533745765686035 -2.361173391342163 -2.053040027618408
    vertex -3.533745765686035 -2.361173391342163 -12
  endloop
endfacet
facet normal 0 0 0
  outer loop
    vertex -3.533745765686035 -2.361173391342163 -2.053040027618408
    vertex -3.49440860748291 -2.4142136573791504 -2
    vertex -3.285294532775879 -2.696171522140503 -12
  endloop
endfacet
facet normal 0 0 0
  outer loop
    vertex -1 -4.125537872314453 -5.5
    vertex -0.8291338682174683 -4.168337345123291 -12
    vertex -1.2337099313735962 -4.0669965744018555 -3.1805036067962646
  endloop
endfacet
facet normal 0 0 0
  outer loop
    vertex -1.6264046430587769 -3.926487922668457 -2.787808895111084
    vertex -1.2337099313735962 -4.0669965744018555 -3.1805036067962646
    vertex -1.2337099313735962 -4.0669965744018555 -12
  endloop
endfacet
facet normal 0 0 0
  outer loop
    vertex -1.6264046430587769 -3.926487922668457 -2.787808895111084
    vertex -1.6264046430587769 -3.926487922668457 -12
    vertex -2.0034360885620117 -3.7481653690338135 -2.4107773303985596
  endloop
endfacet
facet normal 0 0 0
  outer loop
    vertex -2.0034360885620117 -3.7481653690338135 -2.4107773303985596
    vertex -2.0034360885620117 -3.7481653690338135 -12
    vertex -2.361173391342163 -3.533745765686035 -2.053040027618408
  endloop
endfacet
facet normal 0 0 0
  outer loop
    vertex -2.361173391342163 -3.533745765686035 -2.053040027618408
    vertex -2.361173391342163 -3.533745765686035 -12
    vertex -2.4142136573791504 -3.49440860748291 -2
  endloop
endfacet
facet normal 0 0 0
  outer loop
    vertex -2.696171522140503 -3.285294532775879 -2
    vertex -2.4142136573791504 -3.49440860748291 -2
    vertex -2.361173391342163 -3.533745765686035 -12
  endloop
endfacet
facet normal 0 0 0
  outer loop
    vertex -1 -4.125537872314453 -5.5
    vertex -1.2337099313735962 -4.0669965744018555 -3.1805036067962646
    vertex -1 -4.125537872314453 -3.4142136573791504
  endloop
endfacet
facet normal 0 0 0
  outer loop
    vertex -4.229535102844238 0.41657283902168274 -5.5
    vertex -4.25 0 -12
    vertex -4.229535102844238 0.41657283902168274 -12
  endloop
endfacet
facet normal 0 0 0
  outer loop
    vertex -4.168337345123291 0.8291338682174683 -5.5
    vertex -4.229535102844238 0.41657283902168274 -12
    vertex -4.168337345123291 0.8291338682174683 -12
  endloop
endfacet
facet normal 0 0 0
  outer loop
    vertex -0.8291338682174683 4.168337345123291 -5.5
    vertex -1.2337099313735962 4.0669965744018555 -12
    vertex -0.8291338682174683 4.168337345123291 -12
  endloop
endfacet
facet normal 0 0 0
  outer loop
    vertex -0.41657283902168274 4.229535102844238 -5.5
    vertex -0.8291338682174683 4.168337345123291 -12
    vertex -0.41657283902168274 4.229535102844238 -12
  endloop
endfacet
facet normal 0 0 0
  outer loop
    vertex 0 4.25 -5.5
    vertex -0.41657283902168274 4.229535102844238 -12
    vertex 0 4.25 -12
  endloop
endfacet
facet normal 0 0 0
  outer loop
    vertex -4.0669965744018555 1.2337099313735962 -3.1805036067962646
    vertex -4.168337345123291 0.8291338682174683 -12
    vertex -4.0669965744018555 1.2337099313735962 -12
  endloop
endfacet
facet normal 0 0 0
  outer loop
    vertex -3.926487922668457 1.6264046430587769 -2.787808895111084
    vertex -4.0669965744018555 1.2337099313735962 -12
    vertex -3.926487922668457 1.6264046430587769 -12
  endloop
endfacet
facet normal 0 0 0
  outer loop
    vertex -3.7481653690338135 2.0034360885620117 -2.4107773303985596
    vertex -3.926487922668457 1.6264046430587769 -12
    vertex -3.7481653690338135 2.0034360885620117 -12
  endloop
endfacet
facet normal 0 0 0
  outer loop
    vertex -3.533745765686035 2.361173391342163 -2.053040027618408
    vertex -3.7481653690338135 2.0034360885620117 -12
    vertex -3.533745765686035 2.361173391342163 -12
  endloop
endfacet
facet normal 0 0 0
  outer loop
    vertex -3.285294532775879 2.696171522140503 -2
    vertex -3.533745765686035 2.361173391342163 -12
    vertex -3.285294532775879 2.696171522140503 -12
  endloop
endfacet
facet normal 0 0 0
  outer loop
    vertex -3.285294532775879 2.696171522140503 -12
    vertex -3.0052037239074707 3.0052037239074707 -12
    vertex -3.0052037239074707 3.0052037239074707 -2
  endloop
endfacet
facet normal 0 0 0
  outer loop
    vertex -3.0052037239074707 3.0052037239074707 -12
    vertex -2.696171522140503 3.285294532775879 -12
    vertex -2.696171522140503 3.285294532775879 -2
  endloop
endfacet
facet normal 0 0 0
  outer loop
    vertex -4.25 0 -5.5
    vertex -4.25 0 -12
    vertex -4.229535102844238 0.41657283902168274 -5.5
  endloop
endfacet
facet normal 0 0 0
  outer loop
    vertex -4.229535102844238 0.41657283902168274 -5.5
    vertex -4.229535102844238 0.41657283902168274 -12
    vertex -4.168337345123291 0.8291338682174683 -5.5
  endloop
endfacet
facet normal 0 0 0
  outer loop
    vertex -4.168337345123291 0.8291338682174683 -5.5
    vertex -4.168337345123291 0.8291338682174683 -12
    vertex -4.125537872314453 1 -5.5
  endloop
endfacet
facet normal 0 0 0
  outer loop
    vertex -1.2337099313735962 4.0669965744018555 -3.1805036067962646
    vertex -1.6264046430587769 3.926487922668457 -12
    vertex -1.2337099313735962 4.0669965744018555 -12
  endloop
endfacet
facet normal 0 0 0
  outer loop
    vertex -1.6264046430587769 3.926487922668457 -2.787808895111084
    vertex -2.0034360885620117 3.7481653690338135 -12
    vertex -1.6264046430587769 3.926487922668457 -12
  endloop
endfacet
facet normal 0 0 0
  outer loop
    vertex -2.0034360885620117 3.7481653690338135 -2.4107773303985596
    vertex -2.361173391342163 3.533745765686035 -12
    vertex -2.0034360885620117 3.7481653690338135 -12
  endloop
endfacet
facet normal 0 0 0
  outer loop
    vertex -2.361173391342163 3.533745765686035 -2.053040027618408
    vertex -2.696171522140503 3.285294532775879 -12
    vertex -2.361173391342163 3.533745765686035 -12
  endloop
endfacet
facet normal 0 0 0
  outer loop
    vertex -1 4.125537872314453 -5.5
    vertex -1.2337099313735962 4.0669965744018555 -12
    vertex -0.8291338682174683 4.168337345123291 -5.5
  endloop
endfacet
facet normal 0 0 0
  outer loop
    vertex -0.8291338682174683 4.168337345123291 -5.5
    vertex -0.8291338682174683 4.168337345123291 -12
    vertex -0.41657283902168274 4.229535102844238 -5.5
  endloop
endfacet
facet normal 0 0 0
  outer loop
    vertex -0.41657283902168274 4.229535102844238 -5.5
    vertex -0.41657283902168274 4.229535102844238 -12
    vertex 0 4.25 -5.5
  endloop
endfacet
facet normal 0 0 0
  outer loop
    vertex -4.125537872314453 1 -5.5
    vertex -4.168337345123291 0.8291338682174683 -12
    vertex -4.0669965744018555 1.2337099313735962 -3.1805036067962646
  endloop
endfacet
facet normal 0 0 0
  outer loop
    vertex -4.0669965744018555 1.2337099313735962 -3.1805036067962646
    vertex -4.0669965744018555 1.2337099313735962 -12
    vertex -3.926487922668457 1.6264046430587769 -2.787808895111084
  endloop
endfacet
facet normal 0 0 0
  outer loop
    vertex -3.926487922668457 1.6264046430587769 -2.787808895111084
    vertex -3.926487922668457 1.6264046430587769 -12
    vertex -3.7481653690338135 2.0034360885620117 -2.4107773303985596
  endloop
endfacet
facet normal 0 0 0
  outer loop
    vertex -3.7481653690338135 2.0034360885620117 -2.4107773303985596
    vertex -3.7481653690338135 2.0034360885620117 -12
    vertex -3.533745765686035 2.361173391342163 -2.053040027618408
  endloop
endfacet
facet normal 0 0 0
  outer loop
    vertex -3.533745765686035 2.361173391342163 -2.053040027618408
    vertex -3.533745765686035 2.361173391342163 -12
    vertex -3.49440860748291 2.4142136573791504 -2
  endloop
endfacet
facet normal 0 0 0
  outer loop
    vertex -3.285294532775879 2.696171522140503 -2
    vertex -3.49440860748291 2.4142136573791504 -2
    vertex -3.533745765686035 2.361173391342163 -12
  endloop
endfacet
facet normal 0 0 0
  outer loop
    vertex -3.0052037239074707 3.0052037239074707 -2
    vertex -3.285294532775879 2.696171522140503 -2
    vertex -3.285294532775879 2.696171522140503 -12
  endloop
endfacet
facet normal 0 0 0
  outer loop
    vertex -3.0052037239074707 3.0052037239074707 -12
    vertex -2.696171522140503 3.285294532775879 -2
    vertex -3.0052037239074707 3.0052037239074707 -2
  endloop
endfacet
facet normal 0 0 0
  outer loop
    vertex -2.4142136573791504 3.49440860748291 -2
    vertex -2.696171522140503 3.285294532775879 -2
    vertex -2.696171522140503 3.285294532775879 -12
  endloop
endfacet
facet normal 0 0 0
  outer loop
    vertex -1 4.125537872314453 -5.5
    vertex -1 4.125537872314453 -3.4142136573791504
    vertex -1.2337099313735962 4.0669965744018555 -12
  endloop
endfacet
facet normal 0 0 0
  outer loop
    vertex -1 4.125537872314453 -3.4142136573791504
    vertex -1.2337099313735962 4.0669965744018555 -3.1805036067962646
    vertex -1.2337099313735962 4.0669965744018555 -12
  endloop
endfacet
facet normal 0 0 0
  outer loop
    vertex -1.6264046430587769 3.926487922668457 -2.787808895111084
    vertex -1.6264046430587769 3.926487922668457 -12
    vertex -1.2337099313735962 4.0669965744018555 -3.1805036067962646
  endloop
endfacet
facet normal 0 0 0
  outer loop
    vertex -2.0034360885620117 3.7481653690338135 -2.4107773303985596
    vertex -2.361173391342163 3.533745765686035 -2.053040027618408
    vertex -2.361173391342163 3.533745765686035 -12
  endloop
endfacet
facet normal 0 0 0
  outer loop
    vertex -2.361173391342163 3.533745765686035 -2.053040027618408
    vertex -2.4142136573791504 3.49440860748291 -2
    vertex -2.696171522140503 3.285294532775879 -12
  endloop
endfacet
facet normal 0 0 0
  outer loop
    vertex -2.0034360885620117 3.7481653690338135 -2.4107773303985596
    vertex -2.0034360885620117 3.7481653690338135 -12
    vertex -1.6264046430587769 3.926487922668457 -2.787808895111084
  endloop
endfacet
facet normal 0 0 0
  outer loop
    vertex -4.125537872314453 1 -5.5
    vertex -4.0669965744018555 1.2337099313735962 -3.1805036067962646
    vertex -4.125537872314453 1 -3.4142136573791504
  endloop
endfacet
facet normal 0 0 0
  outer loop
    vertex 0 -4.25 -5.5
    vertex 13.330607414245605 -4.25 -12
    vertex 0 -4.25 -12
  endloop
endfacet
facet normal 0 0 0
  outer loop
    vertex 0 -4.25 -5.5
    vertex 1 -4.25 -5.5
    vertex 13.330607414245605 -4.25 -12
  endloop
endfacet
facet normal 0 0 0
  outer loop
    vertex 1 -4.25 -5.5
    vertex 1 -4.25 -3.4142136573791504
    vertex 13.330607414245605 -4.25 -12
  endloop
endfacet
facet normal 0 0 0
  outer loop
    vertex 1 -4.25 -3.4142136573791504
    vertex 2.4142136573791504 -4.25 -2
    vertex 13.330607414245605 -4.25 -12
  endloop
endfacet
facet normal 0 0 0
  outer loop
    vertex 13.330607414245605 -4.25 -2
    vertex 13.330607414245605 -4.25 -12
    vertex 2.4142136573791504 -4.25 -2
  endloop
endfacet
facet normal 0 0 0
  outer loop
    vertex 0 4.25 -12
    vertex 13.330607414245605 4.25 -12
    vertex 13.330607414245605 4.25 -2
  endloop
endfacet
facet normal 0 0 0
  outer loop
    vertex 0 4.25 -5.5
    vertex 0 4.25 -12
    vertex 1 4.25 -5.5
  endloop
endfacet
facet normal 0 0 0
  outer loop
    vertex 1 4.25 -5.5
    vertex 0 4.25 -12
    vertex 13.330607414245605 4.25 -2
  endloop
endfacet
facet normal 0 0 0
  outer loop
    vertex 1 4.25 -5.5
    vertex 13.330607414245605 4.25 -2
    vertex 1 4.25 -3.4142136573791504
  endloop
endfacet
facet normal 0 0 0
  outer loop
    vertex 1 4.25 -3.4142136573791504
    vertex 13.330607414245605 4.25 -2
    vertex 2.4142136573791504 4.25 -2
  endloop
endfacet
facet normal 0 0 0
  outer loop
    vertex -1 4.125537872314453 -5.5
    vertex -0.8291338682174683 4.168337345123291 -5.5
    vertex -1 10 -5.5
  endloop
endfacet
facet normal 0 0 0
  outer loop
    vertex -0.8291338682174683 4.168337345123291 -5.5
    vertex -0.41657283902168274 4.229535102844238 -5.5
    vertex -1 10 -5.5
  endloop
endfacet
facet normal 0 0 0
  outer loop
    vertex -0.41657283902168274 4.229535102844238 -5.5
    vertex 0 4.25 -5.5
    vertex -1 10 -5.5
  endloop
endfacet
facet normal 0 0 0
  outer loop
    vertex 0 4.25 -5.5
    vertex 1 4.25 -5.5
    vertex -1 10 -5.5
  endloop
endfacet
facet normal 0 0 0
  outer loop
    vertex 1 4.25 -5.5
    vertex 1 4.25 -3.4142136573791504
    vertex 1 10 -5.5
  endloop
endfacet
facet normal 0 0 0
  outer loop
    vertex 1 4.25 -5.5
    vertex 1 10 -5.5
    vertex -1 10 -5.5
  endloop
endfacet
facet normal 0 0 0
  outer loop
    vertex -1 4.125537872314453 -5.5
    vertex -1 10 -5.5
    vertex -1 10 -3.4142136573791504
  endloop
endfacet
facet normal 0 0 0
  outer loop
    vertex -1 4.125537872314453 -5.5
    vertex -1 10 -3.4142136573791504
    vertex -1 4.125537872314453 -3.4142136573791504
  endloop
endfacet
facet normal 0 0 0
  outer loop
    vertex 1 10 -5.5
    vertex 1 4.25 -3.4142136573791504
    vertex 1 10 -3.4142136573791504
  endloop
endfacet
facet normal 0 0 0
  outer loop
    vertex -1 10 -5.5
    vertex 1 10 -5.5
    vertex 1 10 -3.4142136573791504
  endloop
endfacet
facet normal 0 0 0
  outer loop
    vertex -1 10 -5.5
    vertex 0 10 -2.4142136573791504
    vertex -1 10 -3.4142136573791504
  endloop
endfacet
facet normal 0 0 0
  outer loop
    vertex -1 10 -5.5
    vertex 1 10 -3.4142136573791504
    vertex 0 10 -2.4142136573791504
  endloop
endfacet
facet normal 0 0 0
  outer loop
    vertex -1 -10 -5.5
    vertex 1 -10 -5.5
    vertex -0.41657283902168274 -4.229535102844238 -5.5
  endloop
endfacet
facet normal 0 0 0
  outer loop
    vertex -1 -10 -5.5
    vertex -1 -10 -3.4142136573791504
    vertex 1 -10 -5.5
  endloop
endfacet
facet normal 0 0 0
  outer loop
    vertex -1 -10 -5.5
    vertex -1 -4.125537872314453 -5.5
    vertex -1 -10 -3.4142136573791504
  endloop
endfacet
facet normal 0 0 0
  outer loop
    vertex 1 -10 -5.5
    vertex 1 -10 -3.4142136573791504
    vertex 1 -4.25 -5.5
  endloop
endfacet
facet normal 0 0 0
  outer loop
    vertex -1 -10 -5.5
    vertex -0.8291338682174683 -4.168337345123291 -5.5
    vertex -1 -4.125537872314453 -5.5
  endloop
endfacet
facet normal 0 0 0
  outer loop
    vertex -1 -10 -5.5
    vertex -0.41657283902168274 -4.229535102844238 -5.5
    vertex -0.8291338682174683 -4.168337345123291 -5.5
  endloop
endfacet
facet normal 0 0 0
  outer loop
    vertex 1 -10 -5.5
    vertex 0 -4.25 -5.5
    vertex -0.41657283902168274 -4.229535102844238 -5.5
  endloop
endfacet
facet normal 0 0 0
  outer loop
    vertex 1 -10 -5.5
    vertex 1 -4.25 -5.5
    vertex 0 -4.25 -5.5
  endloop
endfacet
facet normal 0 0 0
  outer loop
    vertex 1 -10 -5.5
    vertex -1 -10 -3.4142136573791504
    vertex 0 -10 -2.4142136573791504
  endloop
endfacet
facet normal 0 0 0
  outer loop
    vertex 1 -10 -5.5
    vertex 0 -10 -2.4142136573791504
    vertex 1 -10 -3.4142136573791504
  endloop
endfacet
facet normal 0 0 0
  outer loop
    vertex -1 -4.125537872314453 -5.5
    vertex -1 -4.125537872314453 -3.4142136573791504
    vertex -1 -10 -3.4142136573791504
  endloop
endfacet
facet normal 0 0 0
  outer loop
    vertex 1 -4.25 -5.5
    vertex 1 -10 -3.4142136573791504
    vertex 1 -4.25 -3.4142136573791504
  endloop
endfacet
facet normal 0 0 0
  outer loop
    vertex -10 -1 -5.5
    vertex -4.125537872314453 -1 -5.5
    vertex -4.168337345123291 -0.8291338682174683 -5.5
  endloop
endfacet
facet normal 0 0 0
  outer loop
    vertex -10 -1 -5.5
    vertex -4.168337345123291 -0.8291338682174683 -5.5
    vertex -4.229535102844238 -0.41657283902168274 -5.5
  endloop
endfacet
facet normal 0 0 0
  outer loop
    vertex -10 -1 -5.5
    vertex -4.229535102844238 -0.41657283902168274 -5.5
    vertex -4.25 0 -5.5
  endloop
endfacet
facet normal 0 0 0
  outer loop
    vertex -10 -1 -5.5
    vertex -10 1 -5.5
    vertex -10 -1 -3.4142136573791504
  endloop
endfacet
facet normal 0 0 0
  outer loop
    vertex -10 -1 -5.5
    vertex -4.125537872314453 -1 -3.4142136573791504
    vertex -4.125537872314453 -1 -5.5
  endloop
endfacet
facet normal 0 0 0
  outer loop
    vertex -10 -1 -5.5
    vertex -10 -1 -3.4142136573791504
    vertex -4.125537872314453 -1 -3.4142136573791504
  endloop
endfacet
facet normal 0 0 0
  outer loop
    vertex -10 -1 -5.5
    vertex -4.25 0 -5.5
    vertex -10 1 -5.5
  endloop
endfacet
facet normal 0 0 0
  outer loop
    vertex -10 1 -5.5
    vertex -4.25 0 -5.5
    vertex -4.229535102844238 0.41657283902168274 -5.5
  endloop
endfacet
facet normal 0 0 0
  outer loop
    vertex -10 1 -5.5
    vertex -4.229535102844238 0.41657283902168274 -5.5
    vertex -4.168337345123291 0.8291338682174683 -5.5
  endloop
endfacet
facet normal 0 0 0
  outer loop
    vertex -10 1 -5.5
    vertex -4.168337345123291 0.8291338682174683 -5.5
    vertex -4.125537872314453 1 -5.5
  endloop
endfacet
facet normal 0 0 0
  outer loop
    vertex -10 1 -5.5
    vertex -4.125537872314453 1 -5.5
    vertex -10 1 -3.4142136573791504
  endloop
endfacet
facet normal 0 0 0
  outer loop
    vertex -10 -1 -3.4142136573791504
    vertex -10 1 -5.5
    vertex -10 1 -3.4142136573791504
  endloop
endfacet
facet normal 0 0 0
  outer loop
    vertex -4.125537872314453 1 -5.5
    vertex -4.125537872314453 1 -3.4142136573791504
    vertex -10 1 -3.4142136573791504
  endloop
endfacet
facet normal 0 0 0
  outer loop
    vertex -10 -1 -3.4142136573791504
    vertex -10 1 -3.4142136573791504
    vertex -10 -5.551115123125783e-17 -2.4142136573791504
  endloop
endfacet
facet normal 0 0 0
  outer loop
    vertex 1 4.25 -3.4142136573791504
    vertex 2.4142136573791504 4.25 -2
    vertex 1 10 -3.4142136573791504
  endloop
endfacet
facet normal 0 0 0
  outer loop
    vertex 1 10 -3.4142136573791504
    vertex 2.4142136573791504 4.25 -2
    vertex 1 10.5 -3.4142136573791504
  endloop
endfacet
facet normal 0 0 0
  outer loop
    vertex 1 10.5 -3.4142136573791504
    vertex 2.4142136573791504 4.25 -2
    vertex 2.4142136573791504 10.5 -2
  endloop
endfacet
facet normal 0 0 0
  outer loop
    vertex 1 10 -3.4142136573791504
    vertex 1 10.5 -3.4142136573791504
    vertex 0 10.5 -2.4142136573791504
  endloop
endfacet
facet normal 0 0 0
  outer loop
    vertex 1 10 -3.4142136573791504
    vertex 0 10.5 -2.4142136573791504
    vertex 0 10 -2.4142136573791504
  endloop
endfacet
facet normal 0 0 0
  outer loop
    vertex 1 10.5 -3.4142136573791504
    vertex 0.4142135679721832 10.5 -2
    vertex 0 10.5 -2.4142136573791504
  endloop
endfacet
facet normal 0 0 0
  outer loop
    vertex 1 10.5 -3.4142136573791504
    vertex 2.4142136573791504 10.5 -2
    vertex 0.4142135679721832 10.5 -2
  endloop
endfacet
facet normal 0 0 0
  outer loop
    vertex -1 4.125537872314453 -3.4142136573791504
    vertex -1 10 -3.4142136573791504
    vertex -1.2337099313735962 4.0669965744018555 -3.1805036067962646
  endloop
endfacet
facet normal 0 0 0
  outer loop
    vertex -1.6264046430587769 3.926487922668457 -2.787808895111084
    vertex -1.2337099313735962 4.0669965744018555 -3.1805036067962646
    vertex -2.4142136573791504 10.5 -2
  endloop
endfacet
facet normal 0 0 0
  outer loop
    vertex -2.0034360885620117 3.7481653690338135 -2.4107773303985596
    vertex -1.6264046430587769 3.926487922668457 -2.787808895111084
    vertex -2.4142136573791504 10.5 -2
  endloop
endfacet
facet normal 0 0 0
  outer loop
    vertex -2.0034360885620117 3.7481653690338135 -2.4107773303985596
    vertex -2.4142136573791504 10.5 -2
    vertex -2.361173391342163 3.533745765686035 -2.053040027618408
  endloop
endfacet
facet normal 0 0 0
  outer loop
    vertex -2.361173391342163 3.533745765686035 -2.053040027618408
    vertex -2.4142136573791504 10.5 -2
    vertex -2.4142136573791504 3.49440860748291 -2
  endloop
endfacet
facet normal 0 0 0
  outer loop
    vertex -1.2337099313735962 4.0669965744018555 -3.1805036067962646
    vertex -1 10 -3.4142136573791504
    vertex -2.4142136573791504 10.5 -2
  endloop
endfacet
facet normal 0 0 0
  outer loop
    vertex -1 10 -3.4142136573791504
    vertex 0 10 -2.4142136573791504
    vertex -1 10.5 -3.4142136573791504
  endloop
endfacet
facet normal 0 0 0
  outer loop
    vertex -1 10 -3.4142136573791504
    vertex -1 10.5 -3.4142136573791504
    vertex -2.4142136573791504 10.5 -2
  endloop
endfacet
facet normal 0 0 0
  outer loop
    vertex -1 10.5 -3.4142136573791504
    vertex 0 10 -2.4142136573791504
    vertex 0 10.5 -2.4142136573791504
  endloop
endfacet
facet normal 0 0 0
  outer loop
    vertex -1 10.5 -3.4142136573791504
    vertex 0 10.5 -2.4142136573791504
    vertex -2.4142136573791504 10.5 -2
  endloop
endfacet
facet normal 0 0 0
  outer loop
    vertex 0 10.5 -2.4142136573791504
    vertex 0.4142135679721832 10.5 -2
    vertex -2.4142136573791504 10.5 -2
  endloop
endfacet
facet normal 0 0 0
  outer loop
    vertex 1 -10.5 -3.4142136573791504
    vertex 1 -10 -3.4142136573791504
    vertex 0 -10 -2.4142136573791504
  endloop
endfacet
facet normal 0 0 0
  outer loop
    vertex 1 -10.5 -3.4142136573791504
    vertex 0 -10 -2.4142136573791504
    vertex 0 -10.5 -2.4142136573791504
  endloop
endfacet
facet normal 0 0 0
  outer loop
    vertex 1 -10.5 -3.4142136573791504
    vertex 2.4142136573791504 -10.5 -2
    vertex 1 -10 -3.4142136573791504
  endloop
endfacet
facet normal 0 0 0
  outer loop
    vertex 1 -10.5 -3.4142136573791504
    vertex 0 -10.5 -2.4142136573791504
    vertex 0.4142135679721832 -10.5 -2
  endloop
endfacet
facet normal 0 0 0
  outer loop
    vertex 1 -10.5 -3.4142136573791504
    vertex 0.4142135679721832 -10.5 -2
    vertex 2.4142136573791504 -10.5 -2
  endloop
endfacet
facet normal 0 0 0
  outer loop
    vertex 1 -10 -3.4142136573791504
    vertex 2.4142136573791504 -10.5 -2
    vertex 1 -4.25 -3.4142136573791504
  endloop
endfacet
facet normal 0 0 0
  outer loop
    vertex 1 -4.25 -3.4142136573791504
    vertex 2.4142136573791504 -10.5 -2
    vertex 2.4142136573791504 -4.25 -2
  endloop
endfacet
facet normal 0 0 0
  outer loop
    vertex -1 -10.5 -3.4142136573791504
    vertex 0 -10.5 -2.4142136573791504
    vertex -1 -10 -3.4142136573791504
  endloop
endfacet
facet normal 0 0 0
  outer loop
    vertex -1 -10 -3.4142136573791504
    vertex 0 -10.5 -2.4142136573791504
    vertex 0 -10 -2.4142136573791504
  endloop
endfacet
facet normal 0 0 0
  outer loop
    vertex -1 -10.5 -3.4142136573791504
    vertex -2.4142136573791504 -10.5 -2
    vertex 0 -10.5 -2.4142136573791504
  endloop
endfacet
facet normal 0 0 0
  outer loop
    vertex 0 -10.5 -2.4142136573791504
    vertex -2.4142136573791504 -10.5 -2
    vertex 0.4142135679721832 -10.5 -2
  endloop
endfacet
facet normal 0 0 0
  outer loop
    vertex -1 -10 -3.4142136573791504
    vertex -1 -4.125537872314453 -3.4142136573791504
    vertex -1.2337099313735962 -4.0669965744018555 -3.1805036067962646
  endloop
endfacet
facet normal 0 0 0
  outer loop
    vertex -1 -10.5 -3.4142136573791504
    vertex -1 -10 -3.4142136573791504
    vertex -1.6264046430587769 -3.926487922668457 -2.787808895111084
  endloop
endfacet
facet normal 0 0 0
  outer loop
    vertex -1 -10.5 -3.4142136573791504
    vertex -2.0034360885620117 -3.7481653690338135 -2.4107773303985596
    vertex -2.4142136573791504 -10.5 -2
  endloop
endfacet
facet normal 0 0 0
  outer loop
    vertex -1 -10 -3.4142136573791504
    vertex -1.2337099313735962 -4.0669965744018555 -3.1805036067962646
    vertex -1.6264046430587769 -3.926487922668457 -2.787808895111084
  endloop
endfacet
facet normal 0 0 0
  outer loop
    vertex -1 -10.5 -3.4142136573791504
    vertex -1.6264046430587769 -3.926487922668457 -2.787808895111084
    vertex -2.0034360885620117 -3.7481653690338135 -2.4107773303985596
  endloop
endfacet
facet normal 0 0 0
  outer loop
    vertex -2.0034360885620117 -3.7481653690338135 -2.4107773303985596
    vertex -2.361173391342163 -3.533745765686035 -2.053040027618408
    vertex -2.4142136573791504 -10.5 -2
  endloop
endfacet
facet normal 0 0 0
  outer loop
    vertex -2.361173391342163 -3.533745765686035 -2.053040027618408
    vertex -2.4142136573791504 -3.49440860748291 -2
    vertex -2.4142136573791504 -10.5 -2
  endloop
endfacet
facet normal 0 0 0
  outer loop
    vertex -10 1 -3.4142136573791504
    vertex -4.125537872314453 1 -3.4142136573791504
    vertex -4.0669965744018555 1.2337099313735962 -3.1805036067962646
  endloop
endfacet
facet normal 0 0 0
  outer loop
    vertex -10.5 1 -3.4142136573791504
    vertex -10 -5.551115123125783e-17 -2.4142136573791504
    vertex -10 1 -3.4142136573791504
  endloop
endfacet
facet normal 0 0 0
  outer loop
    vertex -10.5 1 -3.4142136573791504
    vertex -10.5 0 -2.4142136573791504
    vertex -10 -5.551115123125783e-17 -2.4142136573791504
  endloop
endfacet
facet normal 0 0 0
  outer loop
    vertex -10.5 1 -3.4142136573791504
    vertex -10 1 -3.4142136573791504
    vertex -10.5 2.4142136573791504 -2
  endloop
endfacet
facet normal 0 0 0
  outer loop
    vertex -10 1 -3.4142136573791504
    vertex -3.926487922668457 1.6264046430587769 -2.787808895111084
    vertex -10.5 2.4142136573791504 -2
  endloop
endfacet
facet normal 0 0 0
  outer loop
    vertex -10 1 -3.4142136573791504
    vertex -4.0669965744018555 1.2337099313735962 -3.1805036067962646
    vertex -3.926487922668457 1.6264046430587769 -2.787808895111084
  endloop
endfacet
facet normal 0 0 0
  outer loop
    vertex -10.5 1 -3.4142136573791504
    vertex -10.5 0.4142135679721832 -2
    vertex -10.5 0 -2.4142136573791504
  endloop
endfacet
facet normal 0 0 0
  outer loop
    vertex -10.5 1 -3.4142136573791504
    vertex -10.5 2.4142136573791504 -2
    vertex -10.5 0.4142135679721832 -2
  endloop
endfacet
facet normal 0 0 0
  outer loop
    vertex -3.533745765686035 2.361173391342163 -2.053040027618408
    vertex -9.294561386108398 2.4142136573791504 -2
    vertex -10.5 2.4142136573791504 -2
  endloop
endfacet
facet normal 0 0 0
  outer loop
    vertex -3.533745765686035 2.361173391342163 -2.053040027618408
    vertex -9.215715408325195 2.4142136573791504 -2
    vertex -9.294561386108398 2.4142136573791504 -2
  endloop
endfacet
facet normal 0 0 0
  outer loop
    vertex -3.533745765686035 2.361173391342163 -2.053040027618408
    vertex -8.850448608398438 2.4142136573791504 -2
    vertex -9.215715408325195 2.4142136573791504 -2
  endloop
endfacet
facet normal 0 0 0
  outer loop
    vertex -3.926487922668457 1.6264046430587769 -2.787808895111084
    vertex -3.7481653690338135 2.0034360885620117 -2.4107773303985596
    vertex -10.5 2.4142136573791504 -2
  endloop
endfacet
facet normal 0 0 0
  outer loop
    vertex -3.7481653690338135 2.0034360885620117 -2.4107773303985596
    vertex -3.533745765686035 2.361173391342163 -2.053040027618408
    vertex -10.5 2.4142136573791504 -2
  endloop
endfacet
facet normal 0 0 0
  outer loop
    vertex -3.533745765686035 2.361173391342163 -2.053040027618408
    vertex -3.49440860748291 2.4142136573791504 -2
    vertex -8.850448608398438 2.4142136573791504 -2
  endloop
endfacet
facet normal 0 0 0
  outer loop
    vertex -10.5 -1 -3.4142136573791504
    vertex -4.0669965744018555 -1.2337099313735962 -3.1805036067962646
    vertex -10 -1 -3.4142136573791504
  endloop
endfacet
facet normal 0 0 0
  outer loop
    vertex -10 -1 -3.4142136573791504
    vertex -4.0669965744018555 -1.2337099313735962 -3.1805036067962646
    vertex -4.125537872314453 -1 -3.4142136573791504
  endloop
endfacet
facet normal 0 0 0
  outer loop
    vertex -10.5 -1 -3.4142136573791504
    vertex -10 -1 -3.4142136573791504
    vertex -10 -5.551115123125783e-17 -2.4142136573791504
  endloop
endfacet
facet normal 0 0 0
  outer loop
    vertex -10.5 -1 -3.4142136573791504
    vertex -10 -5.551115123125783e-17 -2.4142136573791504
    vertex -10.5 0 -2.4142136573791504
  endloop
endfacet
facet normal 0 0 0
  outer loop
    vertex -10.5 -1 -3.4142136573791504
    vertex -3.926487922668457 -1.6264046430587769 -2.787808895111084
    vertex -4.0669965744018555 -1.2337099313735962 -3.1805036067962646
  endloop
endfacet
facet normal 0 0 0
  outer loop
    vertex -10.5 -1 -3.4142136573791504
    vertex -3.7481653690338135 -2.0034360885620117 -2.4107773303985596
    vertex -3.926487922668457 -1.6264046430587769 -2.787808895111084
  endloop
endfacet
facet normal 0 0 0
  outer loop
    vertex -10.5 -1 -3.4142136573791504
    vertex -10.5 -2.4142136573791504 -2
    vertex -3.7481653690338135 -2.0034360885620117 -2.4107773303985596
  endloop
endfacet
facet normal 0 0 0
  outer loop
    vertex -3.533745765686035 -2.361173391342163 -2.053040027618408
    vertex -10.5 -2.4142136573791504 -2
    vertex -9.531766891479492 -2.4142136573791504 -2
  endloop
endfacet
facet normal 0 0 0
  outer loop
    vertex -3.533745765686035 -2.361173391342163 -2.053040027618408
    vertex -9.531766891479492 -2.4142136573791504 -2
    vertex -9.48942756652832 -2.4142136573791504 -2
  endloop
endfacet
facet normal 0 0 0
  outer loop
    vertex -3.533745765686035 -2.361173391342163 -2.053040027618408
    vertex -9.48942756652832 -2.4142136573791504 -2
    vertex -8.825013160705566 -2.4142136573791504 -2
  endloop
endfacet
facet normal 0 0 0
  outer loop
    vertex -10.5 -1 -3.4142136573791504
    vertex -10.5 0 -2.4142136573791504
    vertex -10.5 -2.4142136573791504 -2
  endloop
endfacet
facet normal 0 0 0
  outer loop
    vertex -10.5 0 -2.4142136573791504
    vertex -10.5 0.4142135679721832 -2
    vertex -10.5 -2.4142136573791504 -2
  endloop
endfacet
facet normal 0 0 0
  outer loop
    vertex -3.7481653690338135 -2.0034360885620117 -2.4107773303985596
    vertex -10.5 -2.4142136573791504 -2
    vertex -3.533745765686035 -2.361173391342163 -2.053040027618408
  endloop
endfacet
facet normal 0 0 0
  outer loop
    vertex -3.533745765686035 -2.361173391342163 -2.053040027618408
    vertex -8.825013160705566 -2.4142136573791504 -2
    vertex -3.49440860748291 -2.4142136573791504 -2
  endloop
endfacet
facet normal 0 0 0
  outer loop
    vertex -98.3542709350586 -14.354104995727539 -12
    vertex -99.74024963378906 -13.858193397521973 -12
    vertex -99.74024963378906 -13.858193397521973 -4
  endloop
endfacet
facet normal 0 0 0
  outer loop
    vertex -99.74024963378906 -13.858193397521973 -12
    vertex -101.07095336914062 -13.228818893432617 -12
    vertex -101.07095336914062 -13.228818893432617 -4
  endloop
endfacet
facet normal 0 0 0
  outer loop
    vertex -101.07095336914062 -13.228818893432617 -12
    vertex -102.33355712890625 -12.472043991088867 -12
    vertex -102.33355712890625 -12.472043991088867 -4
  endloop
endfacet
facet normal 0 0 0
  outer loop
    vertex -102.33355712890625 -12.472043991088867 -12
    vertex -103.51589965820312 -11.5951566696167 -12
    vertex -103.51589965820312 -11.5951566696167 -4
  endloop
endfacet
facet normal 0 0 0
  outer loop
    vertex -103.51589965820312 -11.5951566696167 -12
    vertex -104.60660552978516 -10.60660171508789 -12
    vertex -104.60660552978516 -10.60660171508789 -4
  endloop
endfacet
facet normal 0 0 0
  outer loop
    vertex -96.92635345458984 -14.711779594421387 -12
    vertex -98.3542709350586 -14.354104995727539 -12
    vertex -98.3542709350586 -14.354104995727539 -4
  endloop
endfacet
facet normal 0 0 0
  outer loop
    vertex -95.47026062011719 -14.927770614624023 -12
    vertex -96.92635345458984 -14.711779594421387 -12
    vertex -96.92635345458984 -14.711779594421387 -4
  endloop
endfacet
facet normal 0 0 0
  outer loop
    vertex -94 -15 -12
    vertex -95.47026062011719 -14.927770614624023 -12
    vertex -95.47026062011719 -14.927770614624023 -4
  endloop
endfacet
facet normal 0 0 0
  outer loop
    vertex -92.52973937988281 -14.927770614624023 -12
    vertex -94 -15 -12
    vertex -94 -15 -4
  endloop
endfacet
facet normal 0 0 0
  outer loop
    vertex -91.07364654541016 -14.711779594421387 -12
    vertex -92.52973937988281 -14.927770614624023 -12
    vertex -92.52973937988281 -14.927770614624023 -4
  endloop
endfacet
facet normal 0 0 0
  outer loop
    vertex -89.6457290649414 -14.354104995727539 -12
    vertex -91.07364654541016 -14.711779594421387 -12
    vertex -91.07364654541016 -14.711779594421387 -4
  endloop
endfacet
facet normal 0 0 0
  outer loop
    vertex -88.25975036621094 -13.858193397521973 -12
    vertex -89.6457290649414 -14.354104995727539 -12
    vertex -89.6457290649414 -14.354104995727539 -4
  endloop
endfacet
facet normal 0 0 0
  outer loop
    vertex -86.92904663085938 -13.228818893432617 -12
    vertex -88.25975036621094 -13.858193397521973 -12
    vertex -88.25975036621094 -13.858193397521973 -4
  endloop
endfacet
facet normal 0 0 0
  outer loop
    vertex -85.66644287109375 -12.472043991088867 -12
    vertex -86.92904663085938 -13.228818893432617 -12
    vertex -86.92904663085938 -13.228818893432617 -4
  endloop
endfacet
facet normal 0 0 0
  outer loop
    vertex -84.48410034179688 -11.5951566696167 -12
    vertex -85.66644287109375 -12.472043991088867 -12
    vertex -85.66644287109375 -12.472043991088867 -4
  endloop
endfacet
facet normal 0 0 0
  outer loop
    vertex -83.39339447021484 -10.60660171508789 -12
    vertex -84.48410034179688 -11.5951566696167 -12
    vertex -84.48410034179688 -11.5951566696167 -4
  endloop
endfacet
facet normal 0 0 0
  outer loop
    vertex -82.40484619140625 -9.515899658203125 -12
    vertex -83.39339447021484 -10.60660171508789 -12
    vertex -83.39339447021484 -10.60660171508789 -4
  endloop
endfacet
facet normal 0 0 0
  outer loop
    vertex -105.59515380859375 -9.515899658203125 -12
    vertex -106.4720458984375 -8.333553314208984 -12
    vertex -106.4720458984375 -8.333553314208984 -4
  endloop
endfacet
facet normal 0 0 0
  outer loop
    vertex -106.4720458984375 -8.333553314208984 -12
    vertex -107.22882080078125 -7.070950984954834 -12
    vertex -107.22882080078125 -7.070950984954834 -4
  endloop
endfacet
facet normal 0 0 0
  outer loop
    vertex -107.22882080078125 -7.070950984954834 -12
    vertex -107.85819244384766 -5.740251541137695 -12
    vertex -107.85819244384766 -5.740251541137695 -4
  endloop
endfacet
facet normal 0 0 0
  outer loop
    vertex -104.60660552978516 -10.60660171508789 -12
    vertex -105.59515380859375 -9.515899658203125 -12
    vertex -105.59515380859375 -9.515899658203125 -4
  endloop
endfacet
facet normal 0 0 0
  outer loop
    vertex -107.85819244384766 -5.740251541137695 -12
    vertex -108.3541030883789 -4.354269981384277 -12
    vertex -108.3541030883789 -4.354269981384277 -4
  endloop
endfacet
facet normal 0 0 0
  outer loop
    vertex -108.3541030883789 -4.354269981384277 -12
    vertex -108.71177673339844 -2.9263548851013184 -12
    vertex -108.71177673339844 -2.9263548851013184 -4
  endloop
endfacet
facet normal 0 0 0
  outer loop
    vertex -108.71177673339844 -2.9263548851013184 -12
    vertex -108.92777252197266 -1.4702571630477905 -12
    vertex -108.92777252197266 -1.4702571630477905 -4
  endloop
endfacet
facet normal 0 0 0
  outer loop
    vertex -108.92777252197266 -1.4702571630477905 -12
    vertex -109 0 -12
    vertex -109 0 -4
  endloop
endfacet
facet normal 0 0 0
  outer loop
    vertex -81.5279541015625 -8.333553314208984 -12
    vertex -82.40484619140625 -9.515899658203125 -12
    vertex -82.40484619140625 -9.515899658203125 -4
  endloop
endfacet
facet normal 0 0 0
  outer loop
    vertex -80.77117919921875 -7.070950984954834 -12
    vertex -81.5279541015625 -8.333553314208984 -12
    vertex -81.5279541015625 -8.333553314208984 -4
  endloop
endfacet
facet normal 0 0 0
  outer loop
    vertex -80.73762512207031 -7 -12
    vertex -80.77117919921875 -7.070950984954834 -12
    vertex -80.77117919921875 -7.070950984954834 -4
  endloop
endfacet
facet normal 0 0 0
  outer loop
    vertex -80.73762512207031 -7 -12
    vertex -80.77117919921875 -7.070950984954834 -4
    vertex -80.14180755615234 -5.740251541137695 -12
  endloop
endfacet
facet normal 0 0 0
  outer loop
    vertex -79.6458969116211 -4.354269981384277 -12
    vertex -80.14180755615234 -5.740251541137695 -12
    vertex -80.14180755615234 -5.740251541137695 -4
  endloop
endfacet
facet normal 0 0 0
  outer loop
    vertex -79.28822326660156 -2.9263548851013184 -12
    vertex -79.6458969116211 -4.354269981384277 -12
    vertex -79.6458969116211 -4.354269981384277 -4
  endloop
endfacet
facet normal 0 0 0
  outer loop
    vertex -79.28822326660156 -2.9263548851013184 -4
    vertex -79.07222747802734 -1.4702571630477905 -12
    vertex -79.28822326660156 -2.9263548851013184 -12
  endloop
endfacet
facet normal 0 0 0
  outer loop
    vertex -79.07222747802734 -1.4702571630477905 -12
    vertex -79.07222747802734 -1.4702571630477905 -4
    vertex -79 0 -12
  endloop
endfacet
facet normal 0 0 0
  outer loop
    vertex -98.3542709350586 -14.354104995727539 -12
    vertex -99.74024963378906 -13.858193397521973 -4
    vertex -98.3542709350586 -14.354104995727539 -4
  endloop
endfacet
facet normal 0 0 0
  outer loop
    vertex -101.07095336914062 -13.228818893432617 -4
    vertex -99.74024963378906 -13.858193397521973 -4
    vertex -99.74024963378906 -13.858193397521973 -12
  endloop
endfacet
facet normal 0 0 0
  outer loop
    vertex -102.33355712890625 -12.472043991088867 -4
    vertex -101.07095336914062 -13.228818893432617 -4
    vertex -101.07095336914062 -13.228818893432617 -12
  endloop
endfacet
facet normal 0 0 0
  outer loop
    vertex -103.51589965820312 -11.5951566696167 -4
    vertex -102.33355712890625 -12.472043991088867 -4
    vertex -102.33355712890625 -12.472043991088867 -12
  endloop
endfacet
facet normal 0 0 0
  outer loop
    vertex -103.51589965820312 -11.5951566696167 -12
    vertex -104.60660552978516 -10.60660171508789 -4
    vertex -103.51589965820312 -11.5951566696167 -4
  endloop
endfacet
facet normal 0 0 0
  outer loop
    vertex -105.59515380859375 -9.515899658203125 -4
    vertex -104.60660552978516 -10.60660171508789 -4
    vertex -104.60660552978516 -10.60660171508789 -12
  endloop
endfacet
facet normal 0 0 0
  outer loop
    vertex -98.3542709350586 -14.354104995727539 -4
    vertex -96.92635345458984 -14.711779594421387 -4
    vertex -96.92635345458984 -14.711779594421387 -12
  endloop
endfacet
facet normal 0 0 0
  outer loop
    vertex -95.47026062011719 -14.927770614624023 -12
    vertex -96.92635345458984 -14.711779594421387 -4
    vertex -95.47026062011719 -14.927770614624023 -4
  endloop
endfacet
facet normal 0 0 0
  outer loop
    vertex -94 -15 -12
    vertex -95.47026062011719 -14.927770614624023 -4
    vertex -94 -15 -4
  endloop
endfacet
facet normal 0 0 0
  outer loop
    vertex -92.52973937988281 -14.927770614624023 -12
    vertex -94 -15 -4
    vertex -92.52973937988281 -14.927770614624023 -4
  endloop
endfacet
facet normal 0 0 0
  outer loop
    vertex -92.52973937988281 -14.927770614624023 -4
    vertex -91.07364654541016 -14.711779594421387 -4
    vertex -91.07364654541016 -14.711779594421387 -12
  endloop
endfacet
facet normal 0 0 0
  outer loop
    vertex -91.07364654541016 -14.711779594421387 -4
    vertex -89.6457290649414 -14.354104995727539 -4
    vertex -89.6457290649414 -14.354104995727539 -12
  endloop
endfacet
facet normal 0 0 0
  outer loop
    vertex -88.25975036621094 -13.858193397521973 -12
    vertex -89.6457290649414 -14.354104995727539 -4
    vertex -88.25975036621094 -13.858193397521973 -4
  endloop
endfacet
facet normal 0 0 0
  outer loop
    vertex -86.92904663085938 -13.228818893432617 -12
    vertex -88.25975036621094 -13.858193397521973 -4
    vertex -86.92904663085938 -13.228818893432617 -4
  endloop
endfacet
facet normal 0 0 0
  outer loop
    vertex -86.92904663085938 -13.228818893432617 -4
    vertex -85.66644287109375 -12.472043991088867 -4
    vertex -85.66644287109375 -12.472043991088867 -12
  endloop
endfacet
facet normal 0 0 0
  outer loop
    vertex -85.66644287109375 -12.472043991088867 -4
    vertex -84.48410034179688 -11.5951566696167 -4
    vertex -84.48410034179688 -11.5951566696167 -12
  endloop
endfacet
facet normal 0 0 0
  outer loop
    vertex -83.39339447021484 -10.60660171508789 -12
    vertex -84.48410034179688 -11.5951566696167 -4
    vertex -83.39339447021484 -10.60660171508789 -4
  endloop
endfacet
facet normal 0 0 0
  outer loop
    vertex -107.22882080078125 -7.070950984954834 -4
    vertex -106.4720458984375 -8.333553314208984 -4
    vertex -106.4720458984375 -8.333553314208984 -12
  endloop
endfacet
facet normal 0 0 0
  outer loop
    vertex -107.22882080078125 -7.070950984954834 -12
    vertex -107.85819244384766 -5.740251541137695 -4
    vertex -107.22882080078125 -7.070950984954834 -4
  endloop
endfacet
facet normal 0 0 0
  outer loop
    vertex -108.3541030883789 -4.354269981384277 -4
    vertex -107.85819244384766 -5.740251541137695 -4
    vertex -107.85819244384766 -5.740251541137695 -12
  endloop
endfacet
facet normal 0 0 0
  outer loop
    vertex -105.59515380859375 -9.515899658203125 -12
    vertex -106.4720458984375 -8.333553314208984 -4
    vertex -105.59515380859375 -9.515899658203125 -4
  endloop
endfacet
facet normal 0 0 0
  outer loop
    vertex -108.3541030883789 -4.354269981384277 -12
    vertex -108.71177673339844 -2.9263548851013184 -4
    vertex -108.3541030883789 -4.354269981384277 -4
  endloop
endfacet
facet normal 0 0 0
  outer loop
    vertex -108.71177673339844 -2.9263548851013184 -12
    vertex -108.92777252197266 -1.4702571630477905 -4
    vertex -108.71177673339844 -2.9263548851013184 -4
  endloop
endfacet
facet normal 0 0 0
  outer loop
    vertex -108.92777252197266 -1.4702571630477905 -12
    vertex -109 0 -4
    vertex -108.92777252197266 -1.4702571630477905 -4
  endloop
endfacet
facet normal 0 0 0
  outer loop
    vertex -83.39339447021484 -10.60660171508789 -4
    vertex -82.40484619140625 -9.515899658203125 -4
    vertex -82.40484619140625 -9.515899658203125 -12
  endloop
endfacet
facet normal 0 0 0
  outer loop
    vertex -81.5279541015625 -8.333553314208984 -12
    vertex -82.40484619140625 -9.515899658203125 -4
    vertex -81.5279541015625 -8.333553314208984 -4
  endloop
endfacet
facet normal 0 0 0
  outer loop
    vertex -81.5279541015625 -8.333553314208984 -4
    vertex -80.77117919921875 -7.070950984954834 -4
    vertex -80.77117919921875 -7.070950984954834 -12
  endloop
endfacet
facet normal 0 0 0
  outer loop
    vertex -80.14180755615234 -5.740251541137695 -12
    vertex -80.77117919921875 -7.070950984954834 -4
    vertex -80.14180755615234 -5.740251541137695 -4
  endloop
endfacet
facet normal 0 0 0
  outer loop
    vertex -80.14180755615234 -5.740251541137695 -4
    vertex -79.6458969116211 -4.354269981384277 -4
    vertex -79.6458969116211 -4.354269981384277 -12
  endloop
endfacet
facet normal 0 0 0
  outer loop
    vertex -79.6458969116211 -4.354269981384277 -4
    vertex -79.28822326660156 -2.9263548851013184 -4
    vertex -79.28822326660156 -2.9263548851013184 -12
  endloop
endfacet
facet normal 0 0 0
  outer loop
    vertex -79.28822326660156 -2.9263548851013184 -4
    vertex -79.07222747802734 -1.4702571630477905 -4
    vertex -79.07222747802734 -1.4702571630477905 -12
  endloop
endfacet
facet normal 0 0 0
  outer loop
    vertex -79.07222747802734 -1.4702571630477905 -4
    vertex -79 0 -4
    vertex -79 0 -12
  endloop
endfacet
facet normal 0 0 0
  outer loop
    vertex -109 0 -12
    vertex -108.92777252197266 1.4702571630477905 -12
    vertex -108.92777252197266 1.4702571630477905 -4
  endloop
endfacet
facet normal 0 0 0
  outer loop
    vertex -108.92777252197266 1.4702571630477905 -12
    vertex -108.71177673339844 2.9263548851013184 -12
    vertex -108.71177673339844 2.9263548851013184 -4
  endloop
endfacet
facet normal 0 0 0
  outer loop
    vertex -108.71177673339844 2.9263548851013184 -12
    vertex -108.3541030883789 4.354269981384277 -12
    vertex -108.3541030883789 4.354269981384277 -4
  endloop
endfacet
facet normal 0 0 0
  outer loop
    vertex -108.3541030883789 4.354269981384277 -12
    vertex -107.85819244384766 5.740251541137695 -12
    vertex -107.85819244384766 5.740251541137695 -4
  endloop
endfacet
facet normal 0 0 0
  outer loop
    vertex -107.85819244384766 5.740251541137695 -12
    vertex -107.22882080078125 7.070950984954834 -12
    vertex -107.22882080078125 7.070950984954834 -4
  endloop
endfacet
facet normal 0 0 0
  outer loop
    vertex -107.22882080078125 7.070950984954834 -12
    vertex -106.4720458984375 8.333553314208984 -12
    vertex -106.4720458984375 8.333553314208984 -4
  endloop
endfacet
facet normal 0 0 0
  outer loop
    vertex -106.4720458984375 8.333553314208984 -12
    vertex -105.59515380859375 9.515899658203125 -12
    vertex -105.59515380859375 9.515899658203125 -4
  endloop
endfacet
facet normal 0 0 0
  outer loop
    vertex -83.39339447021484 10.60660171508789 -12
    vertex -82.40484619140625 9.515899658203125 -12
    vertex -82.40484619140625 9.515899658203125 -4
  endloop
endfacet
facet normal 0 0 0
  outer loop
    vertex -105.59515380859375 9.515899658203125 -12
    vertex -104.60660552978516 10.60660171508789 -12
    vertex -104.60660552978516 10.60660171508789 -4
  endloop
endfacet
facet normal 0 0 0
  outer loop
    vertex -104.60660552978516 10.60660171508789 -12
    vertex -103.51589965820312 11.5951566696167 -12
    vertex -103.51589965820312 11.5951566696167 -4
  endloop
endfacet
facet normal 0 0 0
  outer loop
    vertex -103.51589965820312 11.5951566696167 -12
    vertex -102.33355712890625 12.472043991088867 -12
    vertex -102.33355712890625 12.472043991088867 -4
  endloop
endfacet
facet normal 0 0 0
  outer loop
    vertex -102.33355712890625 12.472043991088867 -12
    vertex -101.07095336914062 13.228818893432617 -12
    vertex -101.07095336914062 13.228818893432617 -4
  endloop
endfacet
facet normal 0 0 0
  outer loop
    vertex -101.07095336914062 13.228818893432617 -12
    vertex -99.74024963378906 13.858193397521973 -12
    vertex -99.74024963378906 13.858193397521973 -4
  endloop
endfacet
facet normal 0 0 0
  outer loop
    vertex -99.74024963378906 13.858193397521973 -12
    vertex -98.3542709350586 14.354104995727539 -12
    vertex -98.3542709350586 14.354104995727539 -4
  endloop
endfacet
facet normal 0 0 0
  outer loop
    vertex -98.3542709350586 14.354104995727539 -12
    vertex -96.92635345458984 14.711779594421387 -12
    vertex -96.92635345458984 14.711779594421387 -4
  endloop
endfacet
facet normal 0 0 0
  outer loop
    vertex -96.92635345458984 14.711779594421387 -12
    vertex -95.47026062011719 14.927770614624023 -12
    vertex -95.47026062011719 14.927770614624023 -4
  endloop
endfacet
facet normal 0 0 0
  outer loop
    vertex -95.47026062011719 14.927770614624023 -12
    vertex -94 15 -12
    vertex -94 15 -4
  endloop
endfacet
facet normal 0 0 0
  outer loop
    vertex -94 15 -12
    vertex -92.52973937988281 14.927770614624023 -12
    vertex -92.52973937988281 14.927770614624023 -4
  endloop
endfacet
facet normal 0 0 0
  outer loop
    vertex -92.52973937988281 14.927770614624023 -12
    vertex -91.07364654541016 14.711779594421387 -12
    vertex -91.07364654541016 14.711779594421387 -4
  endloop
endfacet
facet normal 0 0 0
  outer loop
    vertex -84.48410034179688 11.5951566696167 -12
    vertex -83.39339447021484 10.60660171508789 -12
    vertex -83.39339447021484 10.60660171508789 -4
  endloop
endfacet
facet normal 0 0 0
  outer loop
    vertex -84.48410034179688 11.5951566696167 -4
    vertex -85.66644287109375 12.472043991088867 -12
    vertex -84.48410034179688 11.5951566696167 -12
  endloop
endfacet
facet normal 0 0 0
  outer loop
    vertex -88.25975036621094 13.858193397521973 -12
    vertex -86.92904663085938 13.228818893432617 -12
    vertex -86.92904663085938 13.228818893432617 -4
  endloop
endfacet
facet normal 0 0 0
  outer loop
    vertex -89.6457290649414 14.354104995727539 -12
    vertex -88.25975036621094 13.858193397521973 -12
    vertex -88.25975036621094 13.858193397521973 -4
  endloop
endfacet
facet normal 0 0 0
  outer loop
    vertex -91.07364654541016 14.711779594421387 -12
    vertex -89.6457290649414 14.354104995727539 -12
    vertex -89.6457290649414 14.354104995727539 -4
  endloop
endfacet
facet normal 0 0 0
  outer loop
    vertex -86.92904663085938 13.228818893432617 -12
    vertex -85.66644287109375 12.472043991088867 -12
    vertex -85.66644287109375 12.472043991088867 -4
  endloop
endfacet
facet normal 0 0 0
  outer loop
    vertex -79 0 -12
    vertex -79 0 -4
    vertex -79.07222747802734 1.4702571630477905 -12
  endloop
endfacet
facet normal 0 0 0
  outer loop
    vertex -79.28822326660156 2.9263548851013184 -12
    vertex -79.07222747802734 1.4702571630477905 -12
    vertex -79.07222747802734 1.4702571630477905 -4
  endloop
endfacet
facet normal 0 0 0
  outer loop
    vertex -79.6458969116211 4.354269981384277 -12
    vertex -79.28822326660156 2.9263548851013184 -12
    vertex -79.28822326660156 2.9263548851013184 -4
  endloop
endfacet
facet normal 0 0 0
  outer loop
    vertex -80.14180755615234 5.740251541137695 -12
    vertex -79.6458969116211 4.354269981384277 -12
    vertex -79.6458969116211 4.354269981384277 -4
  endloop
endfacet
facet normal 0 0 0
  outer loop
    vertex -80.73762512207031 7 -12
    vertex -80.14180755615234 5.740251541137695 -12
    vertex -80.14180755615234 5.740251541137695 -4
  endloop
endfacet
facet normal 0 0 0
  outer loop
    vertex -80.73762512207031 7 -12
    vertex -80.77117919921875 7.070950984954834 -4
    vertex -80.77117919921875 7.070950984954834 -12
  endloop
endfacet
facet normal 0 0 0
  outer loop
    vertex -81.5279541015625 8.333553314208984 -12
    vertex -80.77117919921875 7.070950984954834 -12
    vertex -80.77117919921875 7.070950984954834 -4
  endloop
endfacet
facet normal 0 0 0
  outer loop
    vertex -82.40484619140625 9.515899658203125 -12
    vertex -81.5279541015625 8.333553314208984 -12
    vertex -81.5279541015625 8.333553314208984 -4
  endloop
endfacet
facet normal 0 0 0
  outer loop
    vertex -109 0 -12
    vertex -108.92777252197266 1.4702571630477905 -4
    vertex -109 0 -4
  endloop
endfacet
facet normal 0 0 0
  outer loop
    vertex -108.92777252197266 1.4702571630477905 -12
    vertex -108.71177673339844 2.9263548851013184 -4
    vertex -108.92777252197266 1.4702571630477905 -4
  endloop
endfacet
facet normal 0 0 0
  outer loop
    vertex -108.3541030883789 4.354269981384277 -4
    vertex -108.71177673339844 2.9263548851013184 -4
    vertex -108.71177673339844 2.9263548851013184 -12
  endloop
endfacet
facet normal 0 0 0
  outer loop
    vertex -107.85819244384766 5.740251541137695 -4
    vertex -108.3541030883789 4.354269981384277 -4
    vertex -108.3541030883789 4.354269981384277 -12
  endloop
endfacet
facet normal 0 0 0
  outer loop
    vertex -107.85819244384766 5.740251541137695 -12
    vertex -107.22882080078125 7.070950984954834 -4
    vertex -107.85819244384766 5.740251541137695 -4
  endloop
endfacet
facet normal 0 0 0
  outer loop
    vertex -106.4720458984375 8.333553314208984 -4
    vertex -107.22882080078125 7.070950984954834 -4
    vertex -107.22882080078125 7.070950984954834 -12
  endloop
endfacet
facet normal 0 0 0
  outer loop
    vertex -106.4720458984375 8.333553314208984 -12
    vertex -105.59515380859375 9.515899658203125 -4
    vertex -106.4720458984375 8.333553314208984 -4
  endloop
endfacet
facet normal 0 0 0
  outer loop
    vertex -104.60660552978516 10.60660171508789 -4
    vertex -105.59515380859375 9.515899658203125 -4
    vertex -105.59515380859375 9.515899658203125 -12
  endloop
endfacet
facet normal 0 0 0
  outer loop
    vertex -104.60660552978516 10.60660171508789 -12
    vertex -103.51589965820312 11.5951566696167 -4
    vertex -104.60660552978516 10.60660171508789 -4
  endloop
endfacet
facet normal 0 0 0
  outer loop
    vertex -102.33355712890625 12.472043991088867 -4
    vertex -103.51589965820312 11.5951566696167 -4
    vertex -103.51589965820312 11.5951566696167 -12
  endloop
endfacet
facet normal 0 0 0
  outer loop
    vertex -101.07095336914062 13.228818893432617 -4
    vertex -102.33355712890625 12.472043991088867 -4
    vertex -102.33355712890625 12.472043991088867 -12
  endloop
endfacet
facet normal 0 0 0
  outer loop
    vertex -101.07095336914062 13.228818893432617 -12
    vertex -99.74024963378906 13.858193397521973 -4
    vertex -101.07095336914062 13.228818893432617 -4
  endloop
endfacet
facet normal 0 0 0
  outer loop
    vertex -99.74024963378906 13.858193397521973 -12
    vertex -98.3542709350586 14.354104995727539 -4
    vertex -99.74024963378906 13.858193397521973 -4
  endloop
endfacet
facet normal 0 0 0
  outer loop
    vertex -96.92635345458984 14.711779594421387 -4
    vertex -98.3542709350586 14.354104995727539 -4
    vertex -98.3542709350586 14.354104995727539 -12
  endloop
endfacet
facet normal 0 0 0
  outer loop
    vertex -95.47026062011719 14.927770614624023 -4
    vertex -96.92635345458984 14.711779594421387 -4
    vertex -96.92635345458984 14.711779594421387 -12
  endloop
endfacet
facet normal 0 0 0
  outer loop
    vertex -95.47026062011719 14.927770614624023 -12
    vertex -94 15 -4
    vertex -95.47026062011719 14.927770614624023 -4
  endloop
endfacet
facet normal 0 0 0
  outer loop
    vertex -94 15 -12
    vertex -92.52973937988281 14.927770614624023 -4
    vertex -94 15 -4
  endloop
endfacet
facet normal 0 0 0
  outer loop
    vertex -91.07364654541016 14.711779594421387 -4
    vertex -92.52973937988281 14.927770614624023 -4
    vertex -92.52973937988281 14.927770614624023 -12
  endloop
endfacet
facet normal 0 0 0
  outer loop
    vertex -89.6457290649414 14.354104995727539 -4
    vertex -91.07364654541016 14.711779594421387 -4
    vertex -91.07364654541016 14.711779594421387 -12
  endloop
endfacet
facet normal 0 0 0
  outer loop
    vertex -82.40484619140625 9.515899658203125 -4
    vertex -83.39339447021484 10.60660171508789 -4
    vertex -83.39339447021484 10.60660171508789 -12
  endloop
endfacet
facet normal 0 0 0
  outer loop
    vertex -84.48410034179688 11.5951566696167 -4
    vertex -85.66644287109375 12.472043991088867 -4
    vertex -85.66644287109375 12.472043991088867 -12
  endloop
endfacet
facet normal 0 0 0
  outer loop
    vertex -84.48410034179688 11.5951566696167 -12
    vertex -83.39339447021484 10.60660171508789 -4
    vertex -84.48410034179688 11.5951566696167 -4
  endloop
endfacet
facet normal 0 0 0
  outer loop
    vertex -86.92904663085938 13.228818893432617 -12
    vertex -85.66644287109375 12.472043991088867 -4
    vertex -86.92904663085938 13.228818893432617 -4
  endloop
endfacet
facet normal 0 0 0
  outer loop
    vertex -86.92904663085938 13.228818893432617 -4
    vertex -88.25975036621094 13.858193397521973 -4
    vertex -88.25975036621094 13.858193397521973 -12
  endloop
endfacet
facet normal 0 0 0
  outer loop
    vertex -89.6457290649414 14.354104995727539 -12
    vertex -88.25975036621094 13.858193397521973 -4
    vertex -89.6457290649414 14.354104995727539 -4
  endloop
endfacet
facet normal 0 0 0
  outer loop
    vertex -79 0 -4
    vertex -79.07222747802734 1.4702571630477905 -4
    vertex -79.07222747802734 1.4702571630477905 -12
  endloop
endfacet
facet normal 0 0 0
  outer loop
    vertex -79.28822326660156 2.9263548851013184 -12
    vertex -79.07222747802734 1.4702571630477905 -4
    vertex -79.28822326660156 2.9263548851013184 -4
  endloop
endfacet
facet normal 0 0 0
  outer loop
    vertex -79.6458969116211 4.354269981384277 -12
    vertex -79.28822326660156 2.9263548851013184 -4
    vertex -79.6458969116211 4.354269981384277 -4
  endloop
endfacet
facet normal 0 0 0
  outer loop
    vertex -79.6458969116211 4.354269981384277 -4
    vertex -80.14180755615234 5.740251541137695 -4
    vertex -80.14180755615234 5.740251541137695 -12
  endloop
endfacet
facet normal 0 0 0
  outer loop
    vertex -80.73762512207031 7 -12
    vertex -80.14180755615234 5.740251541137695 -4
    vertex -80.77117919921875 7.070950984954834 -4
  endloop
endfacet
facet normal 0 0 0
  outer loop
    vertex -80.77117919921875 7.070950984954834 -4
    vertex -81.5279541015625 8.333553314208984 -4
    vertex -81.5279541015625 8.333553314208984 -12
  endloop
endfacet
facet normal 0 0 0
  outer loop
    vertex -82.40484619140625 9.515899658203125 -12
    vertex -81.5279541015625 8.333553314208984 -4
    vertex -82.40484619140625 9.515899658203125 -4
  endloop
endfacet
facet normal 0 0 0
  outer loop
    vertex -61.730106353759766 -6.343932628631592 -7
    vertex -61.13547897338867 -7 -4
    vertex -61.13547897338867 -7 -7
  endloop
endfacet
facet normal 0 0 0
  outer loop
    vertex -61.730106353759766 -6.343932628631592 -7
    vertex -62.314697265625 -5.555702209472656 -7
    vertex -62.314697265625 -5.555702209472656 -4
  endloop
endfacet
facet normal 0 0 0
  outer loop
    vertex -46.269893646240234 -6.343932628631592 -7
    vertex -61.13547897338867 -7 -7
    vertex -46.86452102661133 -7 -7
  endloop
endfacet
facet normal 0 0 0
  outer loop
    vertex -62.314697265625 -5.555702209472656 -7
    vertex -62.8192138671875 -4.713967323303223 -4
    vertex -62.314697265625 -5.555702209472656 -4
  endloop
endfacet
facet normal 0 0 0
  outer loop
    vertex -61.730106353759766 -6.343932628631592 -7
    vertex -61.730106353759766 -6.343932628631592 -4
    vertex -61.13547897338867 -7 -4
  endloop
endfacet
facet normal 0 0 0
  outer loop
    vertex -61.730106353759766 -6.343932628631592 -7
    vertex -62.314697265625 -5.555702209472656 -4
    vertex -61.730106353759766 -6.343932628631592 -4
  endloop
endfacet
facet normal 0 0 0
  outer loop
    vertex -62.314697265625 -5.555702209472656 -7
    vertex -62.8192138671875 -4.713967323303223 -7
    vertex -62.8192138671875 -4.713967323303223 -4
  endloop
endfacet
facet normal 0 0 0
  outer loop
    vertex -63.23879623413086 -3.8268344402313232 -7
    vertex -63.23879623413086 -3.8268344402313232 -4
    vertex -62.8192138671875 -4.713967323303223 -7
  endloop
endfacet
facet normal 0 0 0
  outer loop
    vertex -63.23879623413086 -3.8268344402313232 -7
    vertex -63.56940460205078 -2.9028468132019043 -7
    vertex -63.56940460205078 -2.9028468132019043 -4
  endloop
endfacet
facet normal 0 0 0
  outer loop
    vertex -62.314697265625 -5.555702209472656 -7
    vertex -62.314697265625 5.555702209472656 -7
    vertex -62.8192138671875 -4.713967323303223 -7
  endloop
endfacet
facet normal 0 0 0
  outer loop
    vertex -63.23879623413086 -3.8268344402313232 -7
    vertex -62.8192138671875 -4.713967323303223 -7
    vertex -62.8192138671875 4.713967323303223 -7
  endloop
endfacet
facet normal 0 0 0
  outer loop
    vertex -63.23879623413086 -3.8268344402313232 -7
    vertex -63.23879623413086 3.8268344402313232 -7
    vertex -63.56940460205078 -2.9028468132019043 -7
  endloop
endfacet
facet normal 0 0 0
  outer loop
    vertex -63.56940460205078 -2.9028468132019043 -7
    vertex -63.56940460205078 2.9028468132019043 -7
    vertex -63.80785369873047 -1.9509031772613525 -7
  endloop
endfacet
facet normal 0 0 0
  outer loop
    vertex -63.80785369873047 -1.9509031772613525 -7
    vertex -63.80785369873047 1.9509031772613525 -7
    vertex -63.951847076416016 -0.9801713824272156 -7
  endloop
endfacet
facet normal 0 0 0
  outer loop
    vertex -61.730106353759766 -6.343932628631592 -7
    vertex -61.730106353759766 6.343932628631592 -7
    vertex -62.314697265625 -5.555702209472656 -7
  endloop
endfacet
facet normal 0 0 0
  outer loop
    vertex -63.56940460205078 -2.9028468132019043 -7
    vertex -63.80785369873047 -1.9509031772613525 -7
    vertex -63.80785369873047 -1.9509031772613525 -4
  endloop
endfacet
facet normal 0 0 0
  outer loop
    vertex -63.80785369873047 -1.9509031772613525 -7
    vertex -63.951847076416016 -0.9801713824272156 -7
    vertex -63.951847076416016 -0.9801713824272156 -4
  endloop
endfacet
facet normal 0 0 0
  outer loop
    vertex -63.951847076416016 -0.9801713824272156 -7
    vertex -64 0 -7
    vertex -64 0 -4
  endloop
endfacet
facet normal 0 0 0
  outer loop
    vertex -61.730106353759766 -6.343932628631592 -7
    vertex -61.13547897338867 -7 -7
    vertex -46.86452102661133 7 -7
  endloop
endfacet
facet normal 0 0 0
  outer loop
    vertex -46.269893646240234 -6.343932628631592 -7
    vertex -46.269893646240234 6.343932628631592 -7
    vertex -61.13547897338867 -7 -7
  endloop
endfacet
facet normal 0 0 0
  outer loop
    vertex -62.8192138671875 -4.713967323303223 -7
    vertex -63.23879623413086 -3.8268344402313232 -4
    vertex -62.8192138671875 -4.713967323303223 -4
  endloop
endfacet
facet normal 0 0 0
  outer loop
    vertex -63.23879623413086 -3.8268344402313232 -7
    vertex -63.56940460205078 -2.9028468132019043 -4
    vertex -63.23879623413086 -3.8268344402313232 -4
  endloop
endfacet
facet normal 0 0 0
  outer loop
    vertex -63.56940460205078 -2.9028468132019043 -7
    vertex -63.80785369873047 -1.9509031772613525 -4
    vertex -63.56940460205078 -2.9028468132019043 -4
  endloop
endfacet
facet normal 0 0 0
  outer loop
    vertex -63.80785369873047 -1.9509031772613525 -7
    vertex -63.951847076416016 -0.9801713824272156 -4
    vertex -63.80785369873047 -1.9509031772613525 -4
  endloop
endfacet
facet normal 0 0 0
  outer loop
    vertex -63.951847076416016 -0.9801713824272156 -7
    vertex -64 0 -4
    vertex -63.951847076416016 -0.9801713824272156 -4
  endloop
endfacet
facet normal 0 0 0
  outer loop
    vertex -63.951847076416016 -0.9801713824272156 -7
    vertex -63.951847076416016 0.9801713824272156 -7
    vertex -64 0 -7
  endloop
endfacet
facet normal 0 0 0
  outer loop
    vertex -63.951847076416016 -0.9801713824272156 -7
    vertex -63.80785369873047 1.9509031772613525 -7
    vertex -63.951847076416016 0.9801713824272156 -7
  endloop
endfacet
facet normal 0 0 0
  outer loop
    vertex -63.80785369873047 -1.9509031772613525 -7
    vertex -63.56940460205078 2.9028468132019043 -7
    vertex -63.80785369873047 1.9509031772613525 -7
  endloop
endfacet
facet normal 0 0 0
  outer loop
    vertex -63.56940460205078 -2.9028468132019043 -7
    vertex -63.23879623413086 3.8268344402313232 -7
    vertex -63.56940460205078 2.9028468132019043 -7
  endloop
endfacet
facet normal 0 0 0
  outer loop
    vertex -63.23879623413086 -3.8268344402313232 -7
    vertex -62.8192138671875 4.713967323303223 -7
    vertex -63.23879623413086 3.8268344402313232 -7
  endloop
endfacet
facet normal 0 0 0
  outer loop
    vertex -62.8192138671875 -4.713967323303223 -7
    vertex -62.314697265625 5.555702209472656 -7
    vertex -62.8192138671875 4.713967323303223 -7
  endloop
endfacet
facet normal 0 0 0
  outer loop
    vertex -62.314697265625 -5.555702209472656 -7
    vertex -61.730106353759766 6.343932628631592 -7
    vertex -62.314697265625 5.555702209472656 -7
  endloop
endfacet
facet normal 0 0 0
  outer loop
    vertex -64 0 -7
    vertex -63.951847076416016 0.9801713824272156 -7
    vertex -63.951847076416016 0.9801713824272156 -4
  endloop
endfacet
facet normal 0 0 0
  outer loop
    vertex -63.951847076416016 0.9801713824272156 -7
    vertex -63.80785369873047 1.9509031772613525 -7
    vertex -63.80785369873047 1.9509031772613525 -4
  endloop
endfacet
facet normal 0 0 0
  outer loop
    vertex -63.80785369873047 1.9509031772613525 -7
    vertex -63.56940460205078 2.9028468132019043 -7
    vertex -63.56940460205078 2.9028468132019043 -4
  endloop
endfacet
facet normal 0 0 0
  outer loop
    vertex -63.56940460205078 2.9028468132019043 -7
    vertex -63.23879623413086 3.8268344402313232 -7
    vertex -63.23879623413086 3.8268344402313232 -4
  endloop
endfacet
facet normal 0 0 0
  outer loop
    vertex -63.23879623413086 3.8268344402313232 -7
    vertex -62.8192138671875 4.713967323303223 -7
    vertex -62.8192138671875 4.713967323303223 -4
  endloop
endfacet
facet normal 0 0 0
  outer loop
    vertex -61.730106353759766 -6.343932628631592 -7
    vertex -46.86452102661133 7 -7
    vertex -61.730106353759766 6.343932628631592 -7
  endloop
endfacet
facet normal 0 0 0
  outer loop
    vertex -46.269893646240234 6.343932628631592 -7
    vertex -46.86452102661133 7 -7
    vertex -61.13547897338867 -7 -7
  endloop
endfacet
facet normal 0 0 0
  outer loop
    vertex -64 0 -7
    vertex -63.951847076416016 0.9801713824272156 -4
    vertex -64 0 -4
  endloop
endfacet
facet normal 0 0 0
  outer loop
    vertex -63.951847076416016 0.9801713824272156 -7
    vertex -63.80785369873047 1.9509031772613525 -4
    vertex -63.951847076416016 0.9801713824272156 -4
  endloop
endfacet
facet normal 0 0 0
  outer loop
    vertex -63.80785369873047 1.9509031772613525 -7
    vertex -63.56940460205078 2.9028468132019043 -4
    vertex -63.80785369873047 1.9509031772613525 -4
  endloop
endfacet
facet normal 0 0 0
  outer loop
    vertex -63.56940460205078 2.9028468132019043 -7
    vertex -63.23879623413086 3.8268344402313232 -4
    vertex -63.56940460205078 2.9028468132019043 -4
  endloop
endfacet
facet normal 0 0 0
  outer loop
    vertex -63.23879623413086 3.8268344402313232 -7
    vertex -62.8192138671875 4.713967323303223 -4
    vertex -63.23879623413086 3.8268344402313232 -4
  endloop
endfacet
facet normal 0 0 0
  outer loop
    vertex -62.8192138671875 4.713967323303223 -7
    vertex -62.314697265625 5.555702209472656 -4
    vertex -62.8192138671875 4.713967323303223 -4
  endloop
endfacet
facet normal 0 0 0
  outer loop
    vertex -62.8192138671875 4.713967323303223 -7
    vertex -62.314697265625 5.555702209472656 -7
    vertex -62.314697265625 5.555702209472656 -4
  endloop
endfacet
facet normal 0 0 0
  outer loop
    vertex -62.314697265625 5.555702209472656 -7
    vertex -61.730106353759766 6.343932628631592 -7
    vertex -61.730106353759766 6.343932628631592 -4
  endloop
endfacet
facet normal 0 0 0
  outer loop
    vertex -61.730106353759766 6.343932628631592 -7
    vertex -61.13547897338867 7 -7
    vertex -61.13547897338867 7 -4
  endloop
endfacet
facet normal 0 0 0
  outer loop
    vertex -61.730106353759766 6.343932628631592 -7
    vertex -46.86452102661133 7 -7
    vertex -61.13547897338867 7 -7
  endloop
endfacet
facet normal 0 0 0
  outer loop
    vertex -62.314697265625 5.555702209472656 -7
    vertex -61.730106353759766 6.343932628631592 -4
    vertex -62.314697265625 5.555702209472656 -4
  endloop
endfacet
facet normal 0 0 0
  outer loop
    vertex -61.730106353759766 6.343932628631592 -7
    vertex -61.13547897338867 7 -4
    vertex -61.730106353759766 6.343932628631592 -4
  endloop
endfacet
facet normal 0 0 0
  outer loop
    vertex -46.269893646240234 -6.343932628631592 -7
    vertex -46.86452102661133 -7 -7
    vertex -46.86452102661133 -7 -4
  endloop
endfacet
facet normal 0 0 0
  outer loop
    vertex -46.269893646240234 -6.343932628631592 -7
    vertex -46.269893646240234 -6.343932628631592 -4
    vertex -45.685302734375 -5.555702209472656 -7
  endloop
endfacet
facet normal 0 0 0
  outer loop
    vertex -45.685302734375 -5.555702209472656 -7
    vertex -45.685302734375 -5.555702209472656 -4
    vertex -45.1807861328125 -4.713967323303223 -7
  endloop
endfacet
facet normal 0 0 0
  outer loop
    vertex -46.269893646240234 -6.343932628631592 -7
    vertex -46.86452102661133 -7 -4
    vertex -46.269893646240234 -6.343932628631592 -4
  endloop
endfacet
facet normal 0 0 0
  outer loop
    vertex -45.685302734375 -5.555702209472656 -7
    vertex -46.269893646240234 -6.343932628631592 -4
    vertex -45.685302734375 -5.555702209472656 -4
  endloop
endfacet
facet normal 0 0 0
  outer loop
    vertex -45.1807861328125 -4.713967323303223 -7
    vertex -45.1807861328125 -4.713967323303223 -4
    vertex -44.76120376586914 -3.8268344402313232 -7
  endloop
endfacet
facet normal 0 0 0
  outer loop
    vertex -44.76120376586914 -3.8268344402313232 -7
    vertex -44.76120376586914 -3.8268344402313232 -4
    vertex -44.43059539794922 -2.9028468132019043 -7
  endloop
endfacet
facet normal 0 0 0
  outer loop
    vertex -44.43059539794922 -2.9028468132019043 -7
    vertex -44.43059539794922 -2.9028468132019043 -4
    vertex -44.19214630126953 -1.9509031772613525 -7
  endloop
endfacet
facet normal 0 0 0
  outer loop
    vertex -46.269893646240234 -6.343932628631592 -7
    vertex -45.685302734375 -5.555702209472656 -7
    vertex -45.685302734375 5.555702209472656 -7
  endloop
endfacet
facet normal 0 0 0
  outer loop
    vertex -45.685302734375 -5.555702209472656 -7
    vertex -45.1807861328125 -4.713967323303223 -7
    vertex -45.1807861328125 4.713967323303223 -7
  endloop
endfacet
facet normal 0 0 0
  outer loop
    vertex -45.1807861328125 -4.713967323303223 -7
    vertex -44.76120376586914 -3.8268344402313232 -7
    vertex -44.76120376586914 3.8268344402313232 -7
  endloop
endfacet
facet normal 0 0 0
  outer loop
    vertex -44.76120376586914 -3.8268344402313232 -7
    vertex -44.43059539794922 -2.9028468132019043 -7
    vertex -44.43059539794922 2.9028468132019043 -7
  endloop
endfacet
facet normal 0 0 0
  outer loop
    vertex -44.43059539794922 -2.9028468132019043 -7
    vertex -44.19214630126953 -1.9509031772613525 -7
    vertex -44.19214630126953 1.9509031772613525 -7
  endloop
endfacet
facet normal 0 0 0
  outer loop
    vertex -44.19214630126953 -1.9509031772613525 -7
    vertex -44.048152923583984 -0.9801713824272156 -7
    vertex -44.048152923583984 0.9801713824272156 -7
  endloop
endfacet
facet normal 0 0 0
  outer loop
    vertex -44.19214630126953 -1.9509031772613525 -7
    vertex -44.19214630126953 -1.9509031772613525 -4
    vertex -44.048152923583984 -0.9801713824272156 -7
  endloop
endfacet
facet normal 0 0 0
  outer loop
    vertex -44.048152923583984 -0.9801713824272156 -7
    vertex -44.048152923583984 -0.9801713824272156 -4
    vertex -44 0 -7
  endloop
endfacet
facet normal 0 0 0
  outer loop
    vertex -45.1807861328125 -4.713967323303223 -7
    vertex -45.685302734375 -5.555702209472656 -4
    vertex -45.1807861328125 -4.713967323303223 -4
  endloop
endfacet
facet normal 0 0 0
  outer loop
    vertex -44.76120376586914 -3.8268344402313232 -7
    vertex -45.1807861328125 -4.713967323303223 -4
    vertex -44.76120376586914 -3.8268344402313232 -4
  endloop
endfacet
facet normal 0 0 0
  outer loop
    vertex -44.43059539794922 -2.9028468132019043 -7
    vertex -44.76120376586914 -3.8268344402313232 -4
    vertex -44.43059539794922 -2.9028468132019043 -4
  endloop
endfacet
facet normal 0 0 0
  outer loop
    vertex -44.19214630126953 -1.9509031772613525 -7
    vertex -44.43059539794922 -2.9028468132019043 -4
    vertex -44.19214630126953 -1.9509031772613525 -4
  endloop
endfacet
facet normal 0 0 0
  outer loop
    vertex -44.048152923583984 -0.9801713824272156 -7
    vertex -44.19214630126953 -1.9509031772613525 -4
    vertex -44.048152923583984 -0.9801713824272156 -4
  endloop
endfacet
facet normal 0 0 0
  outer loop
    vertex -44 0 -7
    vertex -44.048152923583984 -0.9801713824272156 -4
    vertex -44 0 -4
  endloop
endfacet
facet normal 0 0 0
  outer loop
    vertex -44.76120376586914 -3.8268344402313232 -7
    vertex -44.43059539794922 2.9028468132019043 -7
    vertex -44.76120376586914 3.8268344402313232 -7
  endloop
endfacet
facet normal 0 0 0
  outer loop
    vertex -44.048152923583984 -0.9801713824272156 -7
    vertex -44 0 -7
    vertex -44.048152923583984 0.9801713824272156 -7
  endloop
endfacet
facet normal 0 0 0
  outer loop
    vertex -44.19214630126953 -1.9509031772613525 -7
    vertex -44.048152923583984 0.9801713824272156 -7
    vertex -44.19214630126953 1.9509031772613525 -7
  endloop
endfacet
facet normal 0 0 0
  outer loop
    vertex -44.43059539794922 -2.9028468132019043 -7
    vertex -44.19214630126953 1.9509031772613525 -7
    vertex -44.43059539794922 2.9028468132019043 -7
  endloop
endfacet
facet normal 0 0 0
  outer loop
    vertex -46.269893646240234 -6.343932628631592 -7
    vertex -45.685302734375 5.555702209472656 -7
    vertex -46.269893646240234 6.343932628631592 -7
  endloop
endfacet
facet normal 0 0 0
  outer loop
    vertex -45.685302734375 -5.555702209472656 -7
    vertex -45.1807861328125 4.713967323303223 -7
    vertex -45.685302734375 5.555702209472656 -7
  endloop
endfacet
facet normal 0 0 0
  outer loop
    vertex -45.1807861328125 -4.713967323303223 -7
    vertex -44.76120376586914 3.8268344402313232 -7
    vertex -45.1807861328125 4.713967323303223 -7
  endloop
endfacet
facet normal 0 0 0
  outer loop
    vertex -44 0 -7
    vertex -44 0 -4
    vertex -44.048152923583984 0.9801713824272156 -7
  endloop
endfacet
facet normal 0 0 0
  outer loop
    vertex -44.048152923583984 0.9801713824272156 -7
    vertex -44.048152923583984 0.9801713824272156 -4
    vertex -44.19214630126953 1.9509031772613525 -7
  endloop
endfacet
facet normal 0 0 0
  outer loop
    vertex -44.19214630126953 1.9509031772613525 -7
    vertex -44.19214630126953 1.9509031772613525 -4
    vertex -44.43059539794922 2.9028468132019043 -7
  endloop
endfacet
facet normal 0 0 0
  outer loop
    vertex -44.43059539794922 2.9028468132019043 -7
    vertex -44.43059539794922 2.9028468132019043 -4
    vertex -44.76120376586914 3.8268344402313232 -7
  endloop
endfacet
facet normal 0 0 0
  outer loop
    vertex -44.76120376586914 3.8268344402313232 -7
    vertex -44.76120376586914 3.8268344402313232 -4
    vertex -45.1807861328125 4.713967323303223 -7
  endloop
endfacet
facet normal 0 0 0
  outer loop
    vertex -45.685302734375 5.555702209472656 -7
    vertex -45.1807861328125 4.713967323303223 -7
    vertex -45.1807861328125 4.713967323303223 -4
  endloop
endfacet
facet normal 0 0 0
  outer loop
    vertex -44.048152923583984 0.9801713824272156 -7
    vertex -44 0 -4
    vertex -44.048152923583984 0.9801713824272156 -4
  endloop
endfacet
facet normal 0 0 0
  outer loop
    vertex -44.19214630126953 1.9509031772613525 -7
    vertex -44.048152923583984 0.9801713824272156 -4
    vertex -44.19214630126953 1.9509031772613525 -4
  endloop
endfacet
facet normal 0 0 0
  outer loop
    vertex -44.76120376586914 3.8268344402313232 -7
    vertex -44.43059539794922 2.9028468132019043 -4
    vertex -44.76120376586914 3.8268344402313232 -4
  endloop
endfacet
facet normal 0 0 0
  outer loop
    vertex -44.43059539794922 2.9028468132019043 -7
    vertex -44.19214630126953 1.9509031772613525 -4
    vertex -44.43059539794922 2.9028468132019043 -4
  endloop
endfacet
facet normal 0 0 0
  outer loop
    vertex -45.1807861328125 4.713967323303223 -7
    vertex -44.76120376586914 3.8268344402313232 -4
    vertex -45.1807861328125 4.713967323303223 -4
  endloop
endfacet
facet normal 0 0 0
  outer loop
    vertex -46.269893646240234 6.343932628631592 -7
    vertex -46.86452102661133 7 -4
    vertex -46.86452102661133 7 -7
  endloop
endfacet
facet normal 0 0 0
  outer loop
    vertex -45.685302734375 5.555702209472656 -7
    vertex -45.685302734375 5.555702209472656 -4
    vertex -46.269893646240234 6.343932628631592 -7
  endloop
endfacet
facet normal 0 0 0
  outer loop
    vertex -46.269893646240234 6.343932628631592 -7
    vertex -46.269893646240234 6.343932628631592 -4
    vertex -46.86452102661133 7 -4
  endloop
endfacet
facet normal 0 0 0
  outer loop
    vertex -45.685302734375 5.555702209472656 -7
    vertex -45.1807861328125 4.713967323303223 -4
    vertex -45.685302734375 5.555702209472656 -4
  endloop
endfacet
facet normal 0 0 0
  outer loop
    vertex -46.269893646240234 6.343932628631592 -7
    vertex -45.685302734375 5.555702209472656 -4
    vertex -46.269893646240234 6.343932628631592 -4
  endloop
endfacet
endsolid DialysisCable_BottomWrench