solid Baxter_PD_FunnelWrench
facet normal 0 0 0
  outer loop
    vertex -1.0928910970687866 -11.096309661865234 -2
    vertex -0.3359050750732422 -11.069402694702148 -2
    vertex -0.4000000059604645 -11.130349159240723 -2
  endloop
endfacet
facet normal 0 0 0
  outer loop
    vertex -0.4000000059604645 -11.130349159240723 -2
    vertex -0.3359050750732422 -11.069402694702148 -2
    vertex -0.04663446545600891 -11.138810157775879 -2
  endloop
endfacet
facet normal 0 0 0
  outer loop
    vertex -1.0928910970687866 -11.096309661865234 -2
    vertex -1.0728261470794678 -10.892586708068848 -2
    vertex -0.3359050750732422 -11.069402694702148 -2
  endloop
endfacet
facet normal 0 0 0
  outer loop
    vertex 0.0026018035132437944 -11.139989852905273 -2
    vertex 0.10396305471658707 -10.75 -2
    vertex 0.13784801959991455 -11.143227577209473 -2
  endloop
endfacet
facet normal 0 0 0
  outer loop
    vertex 0.13784801959991455 -11.143227577209473 -2
    vertex 0.10396305471658707 -10.75 -2
    vertex 0.4000000059604645 -11.130349159240723 -2
  endloop
endfacet
facet normal 0 0 0
  outer loop
    vertex 0.4000000059604645 -11.130349159240723 -2
    vertex 0.7988396883010864 -8.110755920410156 -2
    vertex 1.0928910970687866 -11.096309661865234 -2
  endloop
endfacet
facet normal 0 0 0
  outer loop
    vertex 0.10497861355543137 -10.746092796325684 -2
    vertex 0.7988396883010864 -8.110755920410156 -2
    vertex 0.10396305471658707 -10.75 -2
  endloop
endfacet
facet normal 0 0 0
  outer loop
    vertex 0.4000000059604645 -11.130349159240723 -2
    vertex 0.10396305471658707 -10.75 -2
    vertex 0.7988396883010864 -8.110755920410156 -2
  endloop
endfacet
facet normal 0 0 0
  outer loop
    vertex 0.10497861355543137 -10.746092796325684 -2
    vertex 0 -8.149999618530273 -2
    vertex 0.7963892817497253 -8.085875511169434 -2
  endloop
endfacet
facet normal 0 0 0
  outer loop
    vertex 0.10497861355543137 -10.746092796325684 -2
    vertex 0.7963892817497253 -8.085875511169434 -2
    vertex 0.7988396883010864 -8.110755920410156 -2
  endloop
endfacet
facet normal 0 0 0
  outer loop
    vertex 0 -8.149999618530273 -2
    vertex 0 -8.125 -2
    vertex 0.7963892817497253 -8.085875511169434 -2
  endloop
endfacet
facet normal 0 0 0
  outer loop
    vertex 0.7988396883010864 -8.110755920410156 -2
    vertex 0.7963892817497253 -8.085875511169434 -2
    vertex 1.5851088762283325 -7.9688801765441895 -2
  endloop
endfacet
facet normal 0 0 0
  outer loop
    vertex 0.7988396883010864 -8.110755920410156 -2
    vertex 1.5851088762283325 -7.9688801765441895 -2
    vertex 1.5899860858917236 -7.9934000968933105 -2
  endloop
endfacet
facet normal 0 0 0
  outer loop
    vertex 2.1752572059631348 -10.935755729675293 -2
    vertex 2.35856294631958 -7.775140285491943 -2
    vertex 3.2366740703582764 -10.66988468170166 -2
  endloop
endfacet
facet normal 0 0 0
  outer loop
    vertex 2.1752572059631348 -10.935755729675293 -2
    vertex 1.5899860858917236 -7.9934000968933105 -2
    vertex 2.35856294631958 -7.775140285491943 -2
  endloop
endfacet
facet normal 0 0 0
  outer loop
    vertex 3.2366740703582764 -10.66988468170166 -2
    vertex 2.35856294631958 -7.775140285491943 -2
    vertex 3.1093029975891113 -7.506521224975586 -2
  endloop
endfacet
facet normal 0 0 0
  outer loop
    vertex 3.2366740703582764 -10.66988468170166 -2
    vertex 3.1093029975891113 -7.506521224975586 -2
    vertex 3.8250136375427246 -7.195637226104736 -2
  endloop
endfacet
facet normal 0 0 0
  outer loop
    vertex 1.5851088762283325 -7.9688801765441895 -2
    vertex 2.35856294631958 -7.775140285491943 -2
    vertex 1.5899860858917236 -7.9934000968933105 -2
  endloop
endfacet
facet normal 0 0 0
  outer loop
    vertex 4.26692008972168 -10.301257133483887 -2
    vertex 3.8370468616485596 -7.215487003326416 -2
    vertex 4.511890888214111 -6.786071300506592 -2
  endloop
endfacet
facet normal 0 0 0
  outer loop
    vertex 3.1093029975891113 -7.506521224975586 -2
    vertex 3.8300983905792236 -7.165610313415527 -2
    vertex 3.8250136375427246 -7.195637226104736 -2
  endloop
endfacet
facet normal 0 0 0
  outer loop
    vertex 3.8250136375427246 -7.195637226104736 -2
    vertex 3.8300983905792236 -7.165610313415527 -2
    vertex 3.8370468616485596 -7.215487003326416 -2
  endloop
endfacet
facet normal 0 0 0
  outer loop
    vertex 3.8370468616485596 -7.215487003326416 -2
    vertex 3.8300983905792236 -7.165610313415527 -2
    vertex 4.511890888214111 -6.786071300506592 -2
  endloop
endfacet
facet normal 0 0 0
  outer loop
    vertex 3.8300983905792236 -7.165610313415527 -2
    vertex 4.514008045196533 -6.755690574645996 -2
    vertex 4.511890888214111 -6.786071300506592 -2
  endloop
endfacet
facet normal 0 0 0
  outer loop
    vertex 4.525811672210693 -6.8046464920043945 -2
    vertex 4.511890888214111 -6.786071300506592 -2
    vertex 4.514008045196533 -6.755690574645996 -2
  endloop
endfacet
facet normal 0 0 0
  outer loop
    vertex 4.525811672210693 -6.8046464920043945 -2
    vertex 4.514008045196533 -6.755690574645996 -2
    vertex 4.526455879211426 -6.7959465980529785 -2
  endloop
endfacet
facet normal 0 0 0
  outer loop
    vertex 4.5529279708862305 -6.881558418273926 -2
    vertex 4.526455879211426 -6.7959465980529785 -2
    vertex 5.183187484741211 -6.830732822418213 -2
  endloop
endfacet
facet normal 0 0 0
  outer loop
    vertex 4.526455879211426 -6.7959465980529785 -2
    vertex 4.514008045196533 -6.755690574645996 -2
    vertex 5.183187484741211 -6.830732822418213 -2
  endloop
endfacet
facet normal 0 0 0
  outer loop
    vertex 4.514008045196533 -6.755690574645996 -2
    vertex 5.154445648193359 -6.280709743499756 -2
    vertex 5.183187484741211 -6.830732822418213 -2
  endloop
endfacet
facet normal 0 0 0
  outer loop
    vertex 5.183187484741211 -6.830732822418213 -2
    vertex 5.154445648193359 -6.280709743499756 -2
    vertex 5.740719795227051 -5.783041477203369 -2
  endloop
endfacet
facet normal 0 0 0
  outer loop
    vertex 6.194608211517334 -9.270886421203613 -2
    vertex 5.755298137664795 -5.8241353034973145 -2
    vertex 6.280709743499756 -5.154445648193359 -2
  endloop
endfacet
facet normal 0 0 0
  outer loop
    vertex 6.194608211517334 -9.270886421203613 -2
    vertex 6.280709743499756 -5.154445648193359 -2
    vertex 6.749811172485352 -4.563852310180664 -2
  endloop
endfacet
facet normal 0 0 0
  outer loop
    vertex 5.154445648193359 -6.280709743499756 -2
    vertex 5.745242595672607 -5.745242595672607 -2
    vertex 5.740719795227051 -5.783041477203369 -2
  endloop
endfacet
facet normal 0 0 0
  outer loop
    vertex 5.742719650268555 -5.925151348114014 -2
    vertex 5.745242595672607 -5.745242595672607 -2
    vertex 5.755298137664795 -5.8241353034973145 -2
  endloop
endfacet
facet normal 0 0 0
  outer loop
    vertex 5.742719650268555 -5.925151348114014 -2
    vertex 5.740719795227051 -5.783041477203369 -2
    vertex 5.745242595672607 -5.745242595672607 -2
  endloop
endfacet
facet normal 0 0 0
  outer loop
    vertex 5.755298137664795 -5.8241353034973145 -2
    vertex 5.745242595672607 -5.745242595672607 -2
    vertex 6.280709743499756 -5.154445648193359 -2
  endloop
endfacet
facet normal 0 0 0
  outer loop
    vertex 7.073484897613525 -8.61906623840332 -2
    vertex 6.764391899108887 -4.626408100128174 -2
    vertex 7.165610313415527 -3.8300983905792236 -2
  endloop
endfacet
facet normal 0 0 0
  outer loop
    vertex 7.073484897613525 -8.61906623840332 -2
    vertex 7.165610313415527 -3.8300983905792236 -2
    vertex 7.501016616821289 -3.1793432235717773 -2
  endloop
endfacet
facet normal 0 0 0
  outer loop
    vertex 6.280709743499756 -5.154445648193359 -2
    vertex 6.755690574645996 -4.514008045196533 -2
    vertex 6.749811172485352 -4.563852310180664 -2
  endloop
endfacet
facet normal 0 0 0
  outer loop
    vertex 6.764391899108887 -4.626408100128174 -2
    vertex 6.749811172485352 -4.563852310180664 -2
    vertex 6.755690574645996 -4.514008045196533 -2
  endloop
endfacet
facet normal 0 0 0
  outer loop
    vertex 7.884240627288818 -7.884240627288818 -2
    vertex 7.518184185028076 -3.2567427158355713 -2
    vertex 7.775140285491943 -2.35856294631958 -2
  endloop
endfacet
facet normal 0 0 0
  outer loop
    vertex 6.764391899108887 -4.626408100128174 -2
    vertex 6.755690574645996 -4.514008045196533 -2
    vertex 7.165610313415527 -3.8300983905792236 -2
  endloop
endfacet
facet normal 0 0 0
  outer loop
    vertex 7.884240627288818 -7.884240627288818 -2
    vertex 7.775140285491943 -2.35856294631958 -2
    vertex 7.9688801765441895 -1.5851088762283325 -2
  endloop
endfacet
facet normal 0 0 0
  outer loop
    vertex 7.884240627288818 -7.884240627288818 -2
    vertex 7.9688801765441895 -1.5851088762283325 -2
    vertex 8.079886436462402 -1.006945013999939 -2
  endloop
endfacet
facet normal 0 0 0
  outer loop
    vertex 7.165610313415527 -3.8300983905792236 -2
    vertex 7.506521224975586 -3.1093029975891113 -2
    vertex 7.501016616821289 -3.1793432235717773 -2
  endloop
endfacet
facet normal 0 0 0
  outer loop
    vertex 7.518184185028076 -3.2567427158355713 -2
    vertex 7.501016616821289 -3.1793432235717773 -2
    vertex 7.506521224975586 -3.1093029975891113 -2
  endloop
endfacet
facet normal 0 0 0
  outer loop
    vertex 7.518184185028076 -3.2567427158355713 -2
    vertex 7.506521224975586 -3.1093029975891113 -2
    vertex 7.775140285491943 -2.35856294631958 -2
  endloop
endfacet
facet normal 0 0 0
  outer loop
    vertex 7.884240627288818 -7.884240627288818 -2
    vertex 8.61906623840332 7.073484897613525 -2
    vertex 8.61906623840332 -7.073484897613525 -2
  endloop
endfacet
facet normal 0 0 0
  outer loop
    vertex 8.61906623840332 -7.073484897613525 -2
    vertex 9.270886421203613 6.194608211517334 -2
    vertex 9.270886421203613 -6.194608211517334 -2
  endloop
endfacet
facet normal 0 0 0
  outer loop
    vertex 9.848514556884766 -5.224162578582764 -2
    vertex 10.301257133483887 4.26692008972168 -2
    vertex 10.301257133483887 -4.26692008972168 -2
  endloop
endfacet
facet normal 0 0 0
  outer loop
    vertex 10.301257133483887 -4.26692008972168 -2
    vertex 10.66988468170166 3.2366740703582764 -2
    vertex 10.66988468170166 -3.2366740703582764 -2
  endloop
endfacet
facet normal 0 0 0
  outer loop
    vertex 7.9688801765441895 -1.5851088762283325 -2
    vertex 8.085875511169434 -0.7963892817497253 -2
    vertex 8.079886436462402 -1.006945013999939 -2
  endloop
endfacet
facet normal 0 0 0
  outer loop
    vertex 8.079886436462402 -1.006945013999939 -2
    vertex 8.085875511169434 -0.7963892817497253 -2
    vertex 8.09797477722168 -0.8849992156028748 -2
  endloop
endfacet
facet normal 0 0 0
  outer loop
    vertex 8.09797477722168 -0.8849992156028748 -2
    vertex 8.085875511169434 -0.7963892817497253 -2
    vertex 8.125 0 -2
  endloop
endfacet
facet normal 0 0 0
  outer loop
    vertex 7.884240627288818 -7.884240627288818 -2
    vertex 8.09797477722168 -0.8849992156028748 -2
    vertex 8.61906623840332 7.073484897613525 -2
  endloop
endfacet
facet normal 0 0 0
  outer loop
    vertex 10.66988468170166 -3.2366740703582764 -2
    vertex 10.935755729675293 2.1752572059631348 -2
    vertex 10.935755729675293 -2.1752572059631348 -2
  endloop
endfacet
facet normal 0 0 0
  outer loop
    vertex 10.935755729675293 -2.1752572059631348 -2
    vertex 11.096309661865234 1.0928910970687866 -2
    vertex 11.096309661865234 -1.0928910970687866 -2
  endloop
endfacet
facet normal 0 0 0
  outer loop
    vertex -4.220998287200928 -10.190391540527344 2
    vertex -3.260265350341797 -10.534147262573242 2
    vertex -3.1495888233184814 -10.382802963256836 8
  endloop
endfacet
facet normal 0 0 0
  outer loop
    vertex -4.2499189376831055 -10.176712989807129 2
    vertex -4.220998287200928 -10.190391540527344 2
    vertex -4.152115345001221 -10.024092674255371 8
  endloop
endfacet
facet normal 0 0 0
  outer loop
    vertex -2.182879686355591 -10.810288429260254 2
    vertex -2.116729974746704 -10.641520500183105 8
    vertex -3.2018399238586426 -10.555051803588867 2
  endloop
endfacet
facet normal 0 0 0
  outer loop
    vertex -2.182879686355591 -10.810288429260254 2
    vertex -2.151846170425415 -10.818061828613281 2
    vertex -2.116729974746704 -10.641520500183105 8
  endloop
endfacet
facet normal 0 0 0
  outer loop
    vertex -1.1127749681472778 -10.972193717956543 2
    vertex -1.0634859800338745 -10.797754287719727 8
    vertex -2.151846170425415 -10.818061828613281 2
  endloop
endfacet
facet normal 0 0 0
  outer loop
    vertex -1.0811290740966797 -10.976887702941895 2
    vertex -1.0634859800338745 -10.797754287719727 8
    vertex -1.1127749681472778 -10.972193717956543 2
  endloop
endfacet
facet normal 0 0 0
  outer loop
    vertex -1.0811290740966797 -10.976887702941895 2
    vertex -0.8742843270301819 -10.987049102783203 2
    vertex -1.0634859800338745 -10.797754287719727 8
  endloop
endfacet
facet normal 0 0 0
  outer loop
    vertex -3.231961965560913 -10.54427433013916 2
    vertex -3.1495888233184814 -10.382802963256836 8
    vertex -3.260265350341797 -10.534147262573242 2
  endloop
endfacet
facet normal 0 0 0
  outer loop
    vertex -3.2018399238586426 -10.555051803588867 2
    vertex -3.1495888233184814 -10.382802963256836 8
    vertex -3.231961965560913 -10.54427433013916 2
  endloop
endfacet
facet normal 0 0 0
  outer loop
    vertex -0.8742843270301819 -10.987049102783203 2
    vertex -0.4000000059604645 -11.01034927368164 2
    vertex -1.0634859800338745 -10.797754287719727 8
  endloop
endfacet
facet normal 0 0 0
  outer loop
    vertex 0.4000000059604645 -11.01034927368164 2
    vertex 1.0811290740966797 -10.976887702941895 2
    vertex 1.0634859800338745 -10.797754287719727 8
  endloop
endfacet
facet normal 0 0 0
  outer loop
    vertex 1.0811290740966797 -10.976887702941895 2
    vertex 2.151846170425415 -10.818061828613281 2
    vertex 1.0634859800338745 -10.797754287719727 8
  endloop
endfacet
facet normal 0 0 0
  outer loop
    vertex 2.151846170425415 -10.818061828613281 2
    vertex 3.2018399238586426 -10.555051803588867 2
    vertex 2.116729974746704 -10.641520500183105 8
  endloop
endfacet
facet normal 0 0 0
  outer loop
    vertex 3.2018399238586426 -10.555051803588867 2
    vertex 4.220998287200928 -10.190391540527344 2
    vertex 3.1495888233184814 -10.382802963256836 8
  endloop
endfacet
facet normal 0 0 0
  outer loop
    vertex -4.220998287200928 -10.190391540527344 2
    vertex -3.1495888233184814 -10.382802963256836 8
    vertex -4.152115345001221 -10.024092674255371 8
  endloop
endfacet
facet normal 0 0 0
  outer loop
    vertex -2.151846170425415 -10.818061828613281 2
    vertex -1.0634859800338745 -10.797754287719727 8
    vertex -2.116729974746704 -10.641520500183105 8
  endloop
endfacet
facet normal 0 0 0
  outer loop
    vertex -3.2018399238586426 -10.555051803588867 2
    vertex -2.116729974746704 -10.641520500183105 8
    vertex -3.1495888233184814 -10.382802963256836 8
  endloop
endfacet
facet normal 0 0 0
  outer loop
    vertex -0.4000000059604645 -11.01034927368164 2
    vertex -0.4000000059604645 -10.83034896850586 8
    vertex -1.0634859800338745 -10.797754287719727 8
  endloop
endfacet
facet normal 0 0 0
  outer loop
    vertex 0.4000000059604645 -11.01034927368164 2
    vertex 1.0634859800338745 -10.797754287719727 8
    vertex 0.4000000059604645 -10.83034896850586 8
  endloop
endfacet
facet normal 0 0 0
  outer loop
    vertex 2.151846170425415 -10.818061828613281 2
    vertex 2.116729974746704 -10.641520500183105 8
    vertex 1.0634859800338745 -10.797754287719727 8
  endloop
endfacet
facet normal 0 0 0
  outer loop
    vertex 3.2018399238586426 -10.555051803588867 2
    vertex 3.1495888233184814 -10.382802963256836 8
    vertex 2.116729974746704 -10.641520500183105 8
  endloop
endfacet
facet normal 0 0 0
  outer loop
    vertex 4.220998287200928 -10.190391540527344 2
    vertex 4.152115345001221 -10.024092674255371 8
    vertex 3.1495888233184814 -10.382802963256836 8
  endloop
endfacet
facet normal 0 0 0
  outer loop
    vertex -1.0634859800338745 -10.797754287719727 8
    vertex -0.4000000059604645 -10.83034896850586 8
    vertex -0.02561916410923004 -10.75 8
  endloop
endfacet
facet normal 0 0 0
  outer loop
    vertex -8.599170684814453 -6.899110794067383 2
    vertex -8.387163162231445 -6.883167266845703 8
    vertex -8.762064933776855 -6.679472923278809 2
  endloop
endfacet
facet normal 0 0 0
  outer loop
    vertex -8.762064933776855 -6.679472923278809 2
    vertex -8.387163162231445 -6.883167266845703 8
    vertex -9.171110153198242 -6.127939701080322 2
  endloop
endfacet
facet normal 0 0 0
  outer loop
    vertex -9.220264434814453 -6.045929908752441 2
    vertex -9.171110153198242 -6.127939701080322 2
    vertex -9.021445274353027 -6.027936935424805 8
  endloop
endfacet
facet normal 0 0 0
  outer loop
    vertex -9.220264434814453 -6.045929908752441 2
    vertex -9.021445274353027 -6.027936935424805 8
    vertex -9.336362838745117 -5.852231979370117 2
  endloop
endfacet
facet normal 0 0 0
  outer loop
    vertex -10.057914733886719 -4.501095771789551 2
    vertex -9.588149070739746 -5.073840618133545 8
    vertex -10.190391540527344 -4.220998287200928 2
  endloop
endfacet
facet normal 0 0 0
  outer loop
    vertex -9.744368553161621 -5.164033889770508 2
    vertex -9.588149070739746 -5.073840618133545 8
    vertex -10.057914733886719 -4.501095771789551 2
  endloop
endfacet
facet normal 0 0 0
  outer loop
    vertex -10.190391540527344 -4.220998287200928 2
    vertex -10.024092674255371 -4.152115345001221 8
    vertex -10.286282539367676 -3.953000783920288 2
  endloop
endfacet
facet normal 0 0 0
  outer loop
    vertex -10.286282539367676 -3.953000783920288 2
    vertex -10.024092674255371 -4.152115345001221 8
    vertex -10.301257133483887 -3.911149740219116 2
  endloop
endfacet
facet normal 0 0 0
  outer loop
    vertex -10.301257133483887 -3.911149740219116 2
    vertex -10.024092674255371 -4.152115345001221 8
    vertex -10.555051803588867 -3.2018399238586426 2
  endloop
endfacet
facet normal 0 0 0
  outer loop
    vertex -10.555051803588867 -3.2018399238586426 2
    vertex -10.382802963256836 -3.1495888233184814 8
    vertex -10.649624824523926 -2.824282169342041 2
  endloop
endfacet
facet normal 0 0 0
  outer loop
    vertex -10.649624824523926 -2.824282169342041 2
    vertex -10.382802963256836 -3.1495888233184814 8
    vertex -10.685586929321289 -2.6807167530059814 2
  endloop
endfacet
facet normal 0 0 0
  outer loop
    vertex -10.685586929321289 -2.6807167530059814 2
    vertex -10.382802963256836 -3.1495888233184814 8
    vertex -10.818061828613281 -2.151846170425415 2
  endloop
endfacet
facet normal 0 0 0
  outer loop
    vertex -10.818061828613281 -2.151846170425415 2
    vertex -10.641520500183105 -2.116729974746704 8
    vertex -10.885638236999512 -1.6962835788726807 2
  endloop
endfacet
facet normal 0 0 0
  outer loop
    vertex -10.885638236999512 -1.6962835788726807 2
    vertex -10.641520500183105 -2.116729974746704 8
    vertex -10.976887702941895 -1.0811290740966797 2
  endloop
endfacet
facet normal 0 0 0
  outer loop
    vertex -10.976887702941895 -1.0811290740966797 2
    vertex -10.797754287719727 -1.0634859800338745 8
    vertex -11.01034927368164 -0.4000000059604645 2
  endloop
endfacet
facet normal 0 0 0
  outer loop
    vertex -6.127939701080322 -9.171110153198242 2
    vertex -6.027936935424805 -9.021445274353027 8
    vertex -6.177780628204346 -9.13414478302002 2
  endloop
endfacet
facet normal 0 0 0
  outer loop
    vertex -6.198519229888916 -9.118764877319336 2
    vertex -6.177780628204346 -9.13414478302002 2
    vertex -6.027936935424805 -9.021445274353027 8
  endloop
endfacet
facet normal 0 0 0
  outer loop
    vertex -6.198519229888916 -9.118764877319336 2
    vertex -6.027936935424805 -9.021445274353027 8
    vertex -6.9973578453063965 -8.526305198669434 2
  endloop
endfacet
facet normal 0 0 0
  outer loop
    vertex -4.2499189376831055 -10.176712989807129 2
    vertex -4.152115345001221 -10.024092674255371 8
    vertex -5.164033889770508 -9.744368553161621 2
  endloop
endfacet
facet normal 0 0 0
  outer loop
    vertex -6.045929908752441 -9.220264434814453 2
    vertex -5.852231979370117 -9.336362838745117 2
    vertex -5.762328147888184 -9.180644989013672 8
  endloop
endfacet
facet normal 0 0 0
  outer loop
    vertex -6.045929908752441 -9.220264434814453 2
    vertex -5.762328147888184 -9.180644989013672 8
    vertex -6.127939701080322 -9.171110153198242 2
  endloop
endfacet
facet normal 0 0 0
  outer loop
    vertex -7.043335914611816 -8.484633445739746 2
    vertex -6.883167266845703 -8.387163162231445 8
    vertex -7.077436923980713 -8.453725814819336 2
  endloop
endfacet
facet normal 0 0 0
  outer loop
    vertex -6.9973578453063965 -8.526305198669434 2
    vertex -6.883167266845703 -8.387163162231445 8
    vertex -7.043335914611816 -8.484633445739746 2
  endloop
endfacet
facet normal 0 0 0
  outer loop
    vertex -7.077436923980713 -8.453725814819336 2
    vertex -6.883167266845703 -8.387163162231445 8
    vertex -7.7993879318237305 -7.7993879318237305 2
  endloop
endfacet
facet normal 0 0 0
  outer loop
    vertex -7.7993879318237305 -7.7993879318237305 2
    vertex -7.6721086502075195 -7.6721086502075195 8
    vertex -7.858398914337158 -7.734278678894043 2
  endloop
endfacet
facet normal 0 0 0
  outer loop
    vertex -7.887396335601807 -7.702285289764404 2
    vertex -7.858398914337158 -7.734278678894043 2
    vertex -7.6721086502075195 -7.6721086502075195 8
  endloop
endfacet
facet normal 0 0 0
  outer loop
    vertex -7.887396335601807 -7.702285289764404 2
    vertex -7.6721086502075195 -7.6721086502075195 8
    vertex -8.526305198669434 -6.9973578453063965 2
  endloop
endfacet
facet normal 0 0 0
  outer loop
    vertex -8.599170684814453 -6.899110794067383 2
    vertex -8.526305198669434 -6.9973578453063965 2
    vertex -8.387163162231445 -6.883167266845703 8
  endloop
endfacet
facet normal 0 0 0
  outer loop
    vertex 4.220998287200928 -10.190391540527344 2
    vertex 5.164033889770508 -9.744368553161621 2
    vertex 4.152115345001221 -10.024092674255371 8
  endloop
endfacet
facet normal 0 0 0
  outer loop
    vertex 5.852231979370117 -9.336362838745117 2
    vertex 6.127939701080322 -9.171110153198242 2
    vertex 5.762328147888184 -9.180644989013672 8
  endloop
endfacet
facet normal 0 0 0
  outer loop
    vertex 6.127939701080322 -9.171110153198242 2
    vertex 6.9973578453063965 -8.526305198669434 2
    vertex 6.027936935424805 -9.021445274353027 8
  endloop
endfacet
facet normal 0 0 0
  outer loop
    vertex 6.9973578453063965 -8.526305198669434 2
    vertex 7.7993879318237305 -7.7993879318237305 2
    vertex 6.883167266845703 -8.387163162231445 8
  endloop
endfacet
facet normal 0 0 0
  outer loop
    vertex 7.7993879318237305 -7.7993879318237305 2
    vertex 8.526305198669434 -6.9973578453063965 2
    vertex 7.6721086502075195 -7.6721086502075195 8
  endloop
endfacet
facet normal 0 0 0
  outer loop
    vertex 8.526305198669434 -6.9973578453063965 2
    vertex 9.171110153198242 -6.127939701080322 2
    vertex 8.387163162231445 -6.883167266845703 8
  endloop
endfacet
facet normal 0 0 0
  outer loop
    vertex 9.171110153198242 -6.127939701080322 2
    vertex 9.336362838745117 -5.852231979370117 2
    vertex 9.021445274353027 -6.027936935424805 8
  endloop
endfacet
facet normal 0 0 0
  outer loop
    vertex 9.744368553161621 -5.164033889770508 2
    vertex 10.190391540527344 -4.220998287200928 2
    vertex 9.588149070739746 -5.073840618133545 8
  endloop
endfacet
facet normal 0 0 0
  outer loop
    vertex 10.190391540527344 -4.220998287200928 2
    vertex 10.555051803588867 -3.2018399238586426 2
    vertex 10.024092674255371 -4.152115345001221 8
  endloop
endfacet
facet normal 0 0 0
  outer loop
    vertex 10.555051803588867 -3.2018399238586426 2
    vertex 10.818061828613281 -2.151846170425415 2
    vertex 10.382802963256836 -3.1495888233184814 8
  endloop
endfacet
facet normal 0 0 0
  outer loop
    vertex 10.818061828613281 -2.151846170425415 2
    vertex 10.976887702941895 -1.0811290740966797 2
    vertex 10.641520500183105 -2.116729974746704 8
  endloop
endfacet
facet normal 0 0 0
  outer loop
    vertex 10.976887702941895 -1.0811290740966797 2
    vertex 11.01034927368164 -0.4000000059604645 2
    vertex 10.797754287719727 -1.0634859800338745 8
  endloop
endfacet
facet normal 0 0 0
  outer loop
    vertex -9.171110153198242 -6.127939701080322 2
    vertex -8.387163162231445 -6.883167266845703 8
    vertex -9.021445274353027 -6.027936935424805 8
  endloop
endfacet
facet normal 0 0 0
  outer loop
    vertex -9.336362838745117 -5.852231979370117 2
    vertex -9.021445274353027 -6.027936935424805 8
    vertex -9.180644989013672 -5.762328147888184 8
  endloop
endfacet
facet normal 0 0 0
  outer loop
    vertex -10.190391540527344 -4.220998287200928 2
    vertex -9.588149070739746 -5.073840618133545 8
    vertex -10.024092674255371 -4.152115345001221 8
  endloop
endfacet
facet normal 0 0 0
  outer loop
    vertex -10.555051803588867 -3.2018399238586426 2
    vertex -10.024092674255371 -4.152115345001221 8
    vertex -10.382802963256836 -3.1495888233184814 8
  endloop
endfacet
facet normal 0 0 0
  outer loop
    vertex -10.818061828613281 -2.151846170425415 2
    vertex -10.382802963256836 -3.1495888233184814 8
    vertex -10.641520500183105 -2.116729974746704 8
  endloop
endfacet
facet normal 0 0 0
  outer loop
    vertex -10.976887702941895 -1.0811290740966797 2
    vertex -10.641520500183105 -2.116729974746704 8
    vertex -10.797754287719727 -1.0634859800338745 8
  endloop
endfacet
facet normal 0 0 0
  outer loop
    vertex -11.01034927368164 -0.4000000059604645 2
    vertex -10.797754287719727 -1.0634859800338745 8
    vertex -10.83034896850586 -0.4000000059604645 8
  endloop
endfacet
facet normal 0 0 0
  outer loop
    vertex -9.588149070739746 -5.073840618133545 8
    vertex -9.566218376159668 -5.061178684234619 8
    vertex -10.024092674255371 -4.152115345001221 8
  endloop
endfacet
facet normal 0 0 0
  outer loop
    vertex -9.021445274353027 -6.027936935424805 8
    vertex -9.021445274353027 6.027936935424805 8
    vertex -9.180644989013672 -5.762328147888184 8
  endloop
endfacet
facet normal 0 0 0
  outer loop
    vertex -9.021445274353027 -6.027936935424805 8
    vertex -8.387163162231445 -6.883167266845703 8
    vertex -8.387163162231445 6.883167266845703 8
  endloop
endfacet
facet normal 0 0 0
  outer loop
    vertex -9.209006309509277 -5.715010166168213 8
    vertex -9.021445274353027 6.027936935424805 8
    vertex -9.566218376159668 -5.061178684234619 8
  endloop
endfacet
facet normal 0 0 0
  outer loop
    vertex -9.209006309509277 -5.715010166168213 8
    vertex -9.180644989013672 -5.762328147888184 8
    vertex -9.021445274353027 6.027936935424805 8
  endloop
endfacet
facet normal 0 0 0
  outer loop
    vertex -9.566218376159668 -5.061178684234619 8
    vertex -9.568845748901367 5.062695503234863 8
    vertex -10.024092674255371 -4.152115345001221 8
  endloop
endfacet
facet normal 0 0 0
  outer loop
    vertex -10.024092674255371 -4.152115345001221 8
    vertex -10.024092674255371 4.152115345001221 8
    vertex -10.382802963256836 -3.1495888233184814 8
  endloop
endfacet
facet normal 0 0 0
  outer loop
    vertex -10.382802963256836 -3.1495888233184814 8
    vertex -10.382802963256836 3.1495888233184814 8
    vertex -10.641520500183105 -2.116729974746704 8
  endloop
endfacet
facet normal 0 0 0
  outer loop
    vertex -10.641520500183105 -2.116729974746704 8
    vertex -10.641520500183105 2.116729974746704 8
    vertex -10.797754287719727 -1.0634859800338745 8
  endloop
endfacet
facet normal 0 0 0
  outer loop
    vertex -10.797754287719727 -1.0634859800338745 8
    vertex -10.797754287719727 1.0634859800338745 8
    vertex -10.83034896850586 -0.4000000059604645 8
  endloop
endfacet
facet normal 0 0 0
  outer loop
    vertex -5.164033889770508 -9.744368553161621 2
    vertex -4.152115345001221 -10.024092674255371 8
    vertex -5.073840618133545 -9.588149070739746 8
  endloop
endfacet
facet normal 0 0 0
  outer loop
    vertex -6.127939701080322 -9.171110153198242 2
    vertex -5.762328147888184 -9.180644989013672 8
    vertex -6.027936935424805 -9.021445274353027 8
  endloop
endfacet
facet normal 0 0 0
  outer loop
    vertex -6.9973578453063965 -8.526305198669434 2
    vertex -6.027936935424805 -9.021445274353027 8
    vertex -6.883167266845703 -8.387163162231445 8
  endloop
endfacet
facet normal 0 0 0
  outer loop
    vertex -7.7993879318237305 -7.7993879318237305 2
    vertex -6.883167266845703 -8.387163162231445 8
    vertex -7.6721086502075195 -7.6721086502075195 8
  endloop
endfacet
facet normal 0 0 0
  outer loop
    vertex -8.526305198669434 -6.9973578453063965 2
    vertex -7.6721086502075195 -7.6721086502075195 8
    vertex -8.387163162231445 -6.883167266845703 8
  endloop
endfacet
facet normal 0 0 0
  outer loop
    vertex 5.164033889770508 -9.744368553161621 2
    vertex 5.073840618133545 -9.588149070739746 8
    vertex 4.152115345001221 -10.024092674255371 8
  endloop
endfacet
facet normal 0 0 0
  outer loop
    vertex 6.127939701080322 -9.171110153198242 2
    vertex 6.027936935424805 -9.021445274353027 8
    vertex 5.762328147888184 -9.180644989013672 8
  endloop
endfacet
facet normal 0 0 0
  outer loop
    vertex 6.9973578453063965 -8.526305198669434 2
    vertex 6.883167266845703 -8.387163162231445 8
    vertex 6.027936935424805 -9.021445274353027 8
  endloop
endfacet
facet normal 0 0 0
  outer loop
    vertex 7.7993879318237305 -7.7993879318237305 2
    vertex 7.6721086502075195 -7.6721086502075195 8
    vertex 6.883167266845703 -8.387163162231445 8
  endloop
endfacet
facet normal 0 0 0
  outer loop
    vertex 8.526305198669434 -6.9973578453063965 2
    vertex 8.387163162231445 -6.883167266845703 8
    vertex 7.6721086502075195 -7.6721086502075195 8
  endloop
endfacet
facet normal 0 0 0
  outer loop
    vertex 9.171110153198242 -6.127939701080322 2
    vertex 9.021445274353027 -6.027936935424805 8
    vertex 8.387163162231445 -6.883167266845703 8
  endloop
endfacet
facet normal 0 0 0
  outer loop
    vertex 9.336362838745117 -5.852231979370117 2
    vertex 9.180644989013672 -5.762328147888184 8
    vertex 9.021445274353027 -6.027936935424805 8
  endloop
endfacet
facet normal 0 0 0
  outer loop
    vertex -4.152115345001221 -10.024092674255371 8
    vertex -5.110054016113281 -9.550052642822266 8
    vertex -5.073840618133545 -9.588149070739746 8
  endloop
endfacet
facet normal 0 0 0
  outer loop
    vertex -4.152115345001221 -10.024092674255371 8
    vertex -3.1495888233184814 -10.382802963256836 8
    vertex -3.7206671237945557 -6.960878372192383 8
  endloop
endfacet
facet normal 0 0 0
  outer loop
    vertex -5.116428852081299 -9.553204536437988 8
    vertex -5.110054016113281 -9.550052642822266 8
    vertex -5.007175445556641 -6.101261138916016 8
  endloop
endfacet
facet normal 0 0 0
  outer loop
    vertex -4.152115345001221 -10.024092674255371 8
    vertex -4.385036468505859 -6.562670707702637 8
    vertex -5.110054016113281 -9.550052642822266 8
  endloop
endfacet
facet normal 0 0 0
  outer loop
    vertex -5.116428852081299 -9.553204536437988 8
    vertex -5.581092834472656 -5.581092834472656 8
    vertex -5.762328147888184 -9.180644989013672 8
  endloop
endfacet
facet normal 0 0 0
  outer loop
    vertex -6.027936935424805 -9.021445274353027 8
    vertex -5.762328147888184 -9.180644989013672 8
    vertex -5.581092834472656 -5.581092834472656 8
  endloop
endfacet
facet normal 0 0 0
  outer loop
    vertex -4.152115345001221 -10.024092674255371 8
    vertex -3.7206671237945557 -6.960878372192383 8
    vertex -4.385036468505859 -6.562670707702637 8
  endloop
endfacet
facet normal 0 0 0
  outer loop
    vertex -2.116729974746704 -10.641520500183105 8
    vertex -2.291175603866577 -7.552993297576904 8
    vertex -3.1495888233184814 -10.382802963256836 8
  endloop
endfacet
facet normal 0 0 0
  outer loop
    vertex -2.116729974746704 -10.641520500183105 8
    vertex -1.0634859800338745 -10.797754287719727 8
    vertex -1.5398200750350952 -7.7411980628967285 8
  endloop
endfacet
facet normal 0 0 0
  outer loop
    vertex -1.0634859800338745 -10.797754287719727 8
    vertex -0.7736352682113647 -7.854850769042969 8
    vertex -1.5398200750350952 -7.7411980628967285 8
  endloop
endfacet
facet normal 0 0 0
  outer loop
    vertex -1.0634859800338745 -10.797754287719727 8
    vertex -0.02561916410923004 -10.75 8
    vertex -0.7736352682113647 -7.854850769042969 8
  endloop
endfacet
facet normal 0 0 0
  outer loop
    vertex 0.34462007880210876 -10.833069801330566 8
    vertex 0.4000000059604645 -10.83034896850586 8
    vertex 0 -7.892857074737549 8
  endloop
endfacet
facet normal 0 0 0
  outer loop
    vertex -0.02561916410923004 -10.75 8
    vertex 0 -10.75 8
    vertex 0 -7.892857074737549 8
  endloop
endfacet
facet normal 0 0 0
  outer loop
    vertex 0.34462007880210876 -10.833069801330566 8
    vertex 0 -7.892857074737549 8
    vertex 0 -10.75 8
  endloop
endfacet
facet normal 0 0 0
  outer loop
    vertex 0.4000000059604645 -10.83034896850586 8
    vertex 1.0634859800338745 -10.797754287719727 8
    vertex 0 -7.892857074737549 8
  endloop
endfacet
facet normal 0 0 0
  outer loop
    vertex 1.0634859800338745 -10.797754287719727 8
    vertex 2.116729974746704 -10.641520500183105 8
    vertex 0.7736352682113647 -7.854850769042969 8
  endloop
endfacet
facet normal 0 0 0
  outer loop
    vertex -0.02561916410923004 -10.75 8
    vertex 0 -7.892857074737549 8
    vertex -0.7736352682113647 -7.854850769042969 8
  endloop
endfacet
facet normal 0 0 0
  outer loop
    vertex 1.0634859800338745 -10.797754287719727 8
    vertex 0.7736352682113647 -7.854850769042969 8
    vertex 0 -7.892857074737549 8
  endloop
endfacet
facet normal 0 0 0
  outer loop
    vertex -3.1495888233184814 -10.382802963256836 8
    vertex -2.291175603866577 -7.552993297576904 8
    vertex -3.020465612411499 -7.292048931121826 8
  endloop
endfacet
facet normal 0 0 0
  outer loop
    vertex -3.1495888233184814 -10.382802963256836 8
    vertex -3.020465612411499 -7.292048931121826 8
    vertex -3.7206671237945557 -6.960878372192383 8
  endloop
endfacet
facet normal 0 0 0
  outer loop
    vertex -2.116729974746704 -10.641520500183105 8
    vertex -1.5398200750350952 -7.7411980628967285 8
    vertex -2.291175603866577 -7.552993297576904 8
  endloop
endfacet
facet normal 0 0 0
  outer loop
    vertex 2.116729974746704 -10.641520500183105 8
    vertex 1.5398200750350952 -7.7411980628967285 8
    vertex 0.7736352682113647 -7.854850769042969 8
  endloop
endfacet
facet normal 0 0 0
  outer loop
    vertex -6.027936935424805 -9.021445274353027 8
    vertex -6.101261138916016 -5.007175445556641 8
    vertex -6.883167266845703 -8.387163162231445 8
  endloop
endfacet
facet normal 0 0 0
  outer loop
    vertex -6.883167266845703 -8.387163162231445 8
    vertex -6.960878372192383 -3.7206671237945557 8
    vertex -7.6721086502075195 -7.6721086502075195 8
  endloop
endfacet
facet normal 0 0 0
  outer loop
    vertex -5.110054016113281 -9.550052642822266 8
    vertex -4.385036468505859 -6.562670707702637 8
    vertex -5.007175445556641 -6.101261138916016 8
  endloop
endfacet
facet normal 0 0 0
  outer loop
    vertex -5.116428852081299 -9.553204536437988 8
    vertex -5.007175445556641 -6.101261138916016 8
    vertex -5.581092834472656 -5.581092834472656 8
  endloop
endfacet
facet normal 0 0 0
  outer loop
    vertex -6.027936935424805 -9.021445274353027 8
    vertex -5.581092834472656 -5.581092834472656 8
    vertex -6.101261138916016 -5.007175445556641 8
  endloop
endfacet
facet normal 0 0 0
  outer loop
    vertex -6.883167266845703 -8.387163162231445 8
    vertex -6.101261138916016 -5.007175445556641 8
    vertex -6.562670707702637 -4.385036468505859 8
  endloop
endfacet
facet normal 0 0 0
  outer loop
    vertex -7.6721086502075195 -7.6721086502075195 8
    vertex -7.7411980628967285 -1.5398200750350952 8
    vertex -8.387163162231445 -6.883167266845703 8
  endloop
endfacet
facet normal 0 0 0
  outer loop
    vertex -6.883167266845703 -8.387163162231445 8
    vertex -6.562670707702637 -4.385036468505859 8
    vertex -6.960878372192383 -3.7206671237945557 8
  endloop
endfacet
facet normal 0 0 0
  outer loop
    vertex 2.116729974746704 -10.641520500183105 8
    vertex 3.1495888233184814 -10.382802963256836 8
    vertex 1.5398200750350952 -7.7411980628967285 8
  endloop
endfacet
facet normal 0 0 0
  outer loop
    vertex 3.1495888233184814 -10.382802963256836 8
    vertex 4.152115345001221 -10.024092674255371 8
    vertex 2.291175603866577 -7.552993297576904 8
  endloop
endfacet
facet normal 0 0 0
  outer loop
    vertex 4.152115345001221 -10.024092674255371 8
    vertex 5.070229530334473 -9.485732078552246 8
    vertex 3.020465612411499 -7.292048931121826 8
  endloop
endfacet
facet normal 0 0 0
  outer loop
    vertex 4.152115345001221 -10.024092674255371 8
    vertex 5.073840618133545 -9.588149070739746 8
    vertex 5.070229530334473 -9.485732078552246 8
  endloop
endfacet
facet normal 0 0 0
  outer loop
    vertex 3.1495888233184814 -10.382802963256836 8
    vertex 2.291175603866577 -7.552993297576904 8
    vertex 1.5398200750350952 -7.7411980628967285 8
  endloop
endfacet
facet normal 0 0 0
  outer loop
    vertex 4.152115345001221 -10.024092674255371 8
    vertex 3.020465612411499 -7.292048931121826 8
    vertex 2.291175603866577 -7.552993297576904 8
  endloop
endfacet
facet normal 0 0 0
  outer loop
    vertex 5.070229530334473 -9.485732078552246 8
    vertex 3.7206671237945557 -6.960878372192383 8
    vertex 3.020465612411499 -7.292048931121826 8
  endloop
endfacet
facet normal 0 0 0
  outer loop
    vertex 5.070229530334473 -9.485732078552246 8
    vertex 5.1110148429870605 -9.46218490600586 8
    vertex 3.7206671237945557 -6.960878372192383 8
  endloop
endfacet
facet normal 0 0 0
  outer loop
    vertex 5.1110148429870605 -9.46218490600586 8
    vertex 5.715010166168213 -9.209006309509277 8
    vertex 4.385036468505859 -6.562670707702637 8
  endloop
endfacet
facet normal 0 0 0
  outer loop
    vertex 5.715010166168213 -9.209006309509277 8
    vertex 5.762328147888184 -9.180644989013672 8
    vertex 4.385036468505859 -6.562670707702637 8
  endloop
endfacet
facet normal 0 0 0
  outer loop
    vertex 5.762328147888184 -9.180644989013672 8
    vertex 6.027936935424805 -9.021445274353027 8
    vertex 4.385036468505859 -6.562670707702637 8
  endloop
endfacet
facet normal 0 0 0
  outer loop
    vertex 5.1110148429870605 -9.46218490600586 8
    vertex 4.385036468505859 -6.562670707702637 8
    vertex 3.7206671237945557 -6.960878372192383 8
  endloop
endfacet
facet normal 0 0 0
  outer loop
    vertex 6.027936935424805 -9.021445274353027 8
    vertex 6.883167266845703 -8.387163162231445 8
    vertex 5.581092834472656 -5.581092834472656 8
  endloop
endfacet
facet normal 0 0 0
  outer loop
    vertex 6.027936935424805 -9.021445274353027 8
    vertex 5.007175445556641 -6.101261138916016 8
    vertex 4.385036468505859 -6.562670707702637 8
  endloop
endfacet
facet normal 0 0 0
  outer loop
    vertex 6.027936935424805 -9.021445274353027 8
    vertex 5.581092834472656 -5.581092834472656 8
    vertex 5.007175445556641 -6.101261138916016 8
  endloop
endfacet
facet normal 0 0 0
  outer loop
    vertex 6.883167266845703 -8.387163162231445 8
    vertex 6.101261138916016 -5.007175445556641 8
    vertex 5.581092834472656 -5.581092834472656 8
  endloop
endfacet
facet normal 0 0 0
  outer loop
    vertex 6.883167266845703 -8.387163162231445 8
    vertex 6.562670707702637 -4.385036468505859 8
    vertex 6.101261138916016 -5.007175445556641 8
  endloop
endfacet
facet normal 0 0 0
  outer loop
    vertex 6.883167266845703 -8.387163162231445 8
    vertex 7.6721086502075195 -7.6721086502075195 8
    vertex 6.562670707702637 -4.385036468505859 8
  endloop
endfacet
facet normal 0 0 0
  outer loop
    vertex 7.6721086502075195 -7.6721086502075195 8
    vertex 6.960878372192383 -3.7206671237945557 8
    vertex 6.562670707702637 -4.385036468505859 8
  endloop
endfacet
facet normal 0 0 0
  outer loop
    vertex 10.190391540527344 -4.220998287200928 2
    vertex 10.024092674255371 -4.152115345001221 8
    vertex 9.588149070739746 -5.073840618133545 8
  endloop
endfacet
facet normal 0 0 0
  outer loop
    vertex 10.555051803588867 -3.2018399238586426 2
    vertex 10.382802963256836 -3.1495888233184814 8
    vertex 10.024092674255371 -4.152115345001221 8
  endloop
endfacet
facet normal 0 0 0
  outer loop
    vertex 10.818061828613281 -2.151846170425415 2
    vertex 10.641520500183105 -2.116729974746704 8
    vertex 10.382802963256836 -3.1495888233184814 8
  endloop
endfacet
facet normal 0 0 0
  outer loop
    vertex 10.976887702941895 -1.0811290740966797 2
    vertex 10.797754287719727 -1.0634859800338745 8
    vertex 10.641520500183105 -2.116729974746704 8
  endloop
endfacet
facet normal 0 0 0
  outer loop
    vertex 11.01034927368164 -0.4000000059604645 2
    vertex 10.83034896850586 -0.4000000059604645 8
    vertex 10.797754287719727 -1.0634859800338745 8
  endloop
endfacet
facet normal 0 0 0
  outer loop
    vertex -7.6721086502075195 -7.6721086502075195 8
    vertex -6.960878372192383 -3.7206671237945557 8
    vertex -7.292048931121826 -3.020465612411499 8
  endloop
endfacet
facet normal 0 0 0
  outer loop
    vertex -7.6721086502075195 -7.6721086502075195 8
    vertex -7.292048931121826 -3.020465612411499 8
    vertex -7.552993297576904 -2.291175603866577 8
  endloop
endfacet
facet normal 0 0 0
  outer loop
    vertex -7.6721086502075195 -7.6721086502075195 8
    vertex -7.552993297576904 -2.291175603866577 8
    vertex -7.7411980628967285 -1.5398200750350952 8
  endloop
endfacet
facet normal 0 0 0
  outer loop
    vertex -8.387163162231445 -6.883167266845703 8
    vertex -7.7411980628967285 -1.5398200750350952 8
    vertex -7.854850769042969 -0.7736352682113647 8
  endloop
endfacet
facet normal 0 0 0
  outer loop
    vertex -8.387163162231445 -6.883167266845703 8
    vertex -7.854850769042969 -0.7736352682113647 8
    vertex -7.892857074737549 0 8
  endloop
endfacet
facet normal 0 0 0
  outer loop
    vertex -8.387163162231445 -6.883167266845703 8
    vertex -7.892857074737549 0 8
    vertex -7.854850769042969 0.7736352682113647 8
  endloop
endfacet
facet normal 0 0 0
  outer loop
    vertex 7.6721086502075195 -7.6721086502075195 8
    vertex 7.292048931121826 -3.020465612411499 8
    vertex 6.960878372192383 -3.7206671237945557 8
  endloop
endfacet
facet normal 0 0 0
  outer loop
    vertex 7.6721086502075195 -7.6721086502075195 8
    vertex 7.552993297576904 -2.291175603866577 8
    vertex 7.292048931121826 -3.020465612411499 8
  endloop
endfacet
facet normal 0 0 0
  outer loop
    vertex 7.6721086502075195 -7.6721086502075195 8
    vertex 7.7411980628967285 -1.5398200750350952 8
    vertex 7.552993297576904 -2.291175603866577 8
  endloop
endfacet
facet normal 0 0 0
  outer loop
    vertex 9.568845748901367 -5.062695503234863 8
    vertex 9.588149070739746 -5.073840618133545 8
    vertex 10.024092674255371 -4.152115345001221 8
  endloop
endfacet
facet normal 0 0 0
  outer loop
    vertex 7.6721086502075195 -7.6721086502075195 8
    vertex 7.854850769042969 -0.7736352682113647 8
    vertex 7.7411980628967285 -1.5398200750350952 8
  endloop
endfacet
facet normal 0 0 0
  outer loop
    vertex 7.6721086502075195 -7.6721086502075195 8
    vertex 8.387163162231445 -6.883167266845703 8
    vertex 8.387163162231445 6.883167266845703 8
  endloop
endfacet
facet normal 0 0 0
  outer loop
    vertex 8.387163162231445 -6.883167266845703 8
    vertex 9.021445274353027 -6.027936935424805 8
    vertex 9.021445274353027 6.027936935424805 8
  endloop
endfacet
facet normal 0 0 0
  outer loop
    vertex 9.021445274353027 -6.027936935424805 8
    vertex 9.180644989013672 -5.762328147888184 8
    vertex 9.566218376159668 5.061178684234619 8
  endloop
endfacet
facet normal 0 0 0
  outer loop
    vertex 9.180644989013672 -5.762328147888184 8
    vertex 9.559794425964355 -5.129755973815918 8
    vertex 9.566218376159668 5.061178684234619 8
  endloop
endfacet
facet normal 0 0 0
  outer loop
    vertex 9.559794425964355 -5.129755973815918 8
    vertex 9.568845748901367 -5.062695503234863 8
    vertex 9.566218376159668 5.061178684234619 8
  endloop
endfacet
facet normal 0 0 0
  outer loop
    vertex 9.568845748901367 -5.062695503234863 8
    vertex 10.024092674255371 -4.152115345001221 8
    vertex 10.024092674255371 4.152115345001221 8
  endloop
endfacet
facet normal 0 0 0
  outer loop
    vertex 10.024092674255371 -4.152115345001221 8
    vertex 10.382802963256836 -3.1495888233184814 8
    vertex 10.382802963256836 3.1495888233184814 8
  endloop
endfacet
facet normal 0 0 0
  outer loop
    vertex 7.6721086502075195 -7.6721086502075195 8
    vertex 8.387163162231445 6.883167266845703 8
    vertex 7.854850769042969 -0.7736352682113647 8
  endloop
endfacet
facet normal 0 0 0
  outer loop
    vertex 10.382802963256836 -3.1495888233184814 8
    vertex 10.641520500183105 -2.116729974746704 8
    vertex 10.641520500183105 2.116729974746704 8
  endloop
endfacet
facet normal 0 0 0
  outer loop
    vertex 10.641520500183105 -2.116729974746704 8
    vertex 10.797754287719727 -1.0634859800338745 8
    vertex 10.797754287719727 0.3681638240814209 8
  endloop
endfacet
facet normal 0 0 0
  outer loop
    vertex 10.797754287719727 -1.0634859800338745 8
    vertex 10.83034896850586 -0.4000000059604645 8
    vertex 10.797754287719727 0.3681638240814209 8
  endloop
endfacet
facet normal 0 0 0
  outer loop
    vertex 11.130349159240723 -0.4000000059604645 -2
    vertex 11.130349159240723 0.4000000059604645 -2
    vertex 11.143227577209473 0.13784801959991455 -2
  endloop
endfacet
facet normal 0 0 0
  outer loop
    vertex 8.09797477722168 -0.8849992156028748 -2
    vertex 8.125 0 -2
    vertex 8.61906623840332 7.073484897613525 -2
  endloop
endfacet
facet normal 0 0 0
  outer loop
    vertex 8.125 0 -2
    vertex 8.085875511169434 0.7963892817497253 -2
    vertex 8.61906623840332 7.073484897613525 -2
  endloop
endfacet
facet normal 0 0 0
  outer loop
    vertex 8.085875511169434 0.7963892817497253 -2
    vertex 7.9688801765441895 1.5851088762283325 -2
    vertex 8.61906623840332 7.073484897613525 -2
  endloop
endfacet
facet normal 0 0 0
  outer loop
    vertex 7.9688801765441895 1.5851088762283325 -2
    vertex 7.775140285491943 2.35856294631958 -2
    vertex 8.61906623840332 7.073484897613525 -2
  endloop
endfacet
facet normal 0 0 0
  outer loop
    vertex 7.775140285491943 2.35856294631958 -2
    vertex 7.506521224975586 3.1093029975891113 -2
    vertex 7.884240627288818 7.884240627288818 -2
  endloop
endfacet
facet normal 0 0 0
  outer loop
    vertex 7.506521224975586 3.1093029975891113 -2
    vertex 7.165610313415527 3.8300983905792236 -2
    vertex 7.884240627288818 7.884240627288818 -2
  endloop
endfacet
facet normal 0 0 0
  outer loop
    vertex 0.7963892817497253 8.085875511169434 -2
    vertex 0 8.125 -2
    vertex 0.7988396883010864 8.110755920410156 -2
  endloop
endfacet
facet normal 0 0 0
  outer loop
    vertex 0.7963892817497253 8.085875511169434 -2
    vertex 0.7988396883010864 8.110755920410156 -2
    vertex 0.8077848553657532 8.109428405761719 -2
  endloop
endfacet
facet normal 0 0 0
  outer loop
    vertex 0.8077848553657532 8.109428405761719 -2
    vertex 1.5899860858917236 7.9934000968933105 -2
    vertex 1.5851088762283325 7.9688801765441895 -2
  endloop
endfacet
facet normal 0 0 0
  outer loop
    vertex 0.7963892817497253 8.085875511169434 -2
    vertex 0.8077848553657532 8.109428405761719 -2
    vertex 1.5851088762283325 7.9688801765441895 -2
  endloop
endfacet
facet normal 0 0 0
  outer loop
    vertex 1.5851088762283325 7.9688801765441895 -2
    vertex 1.5899860858917236 7.9934000968933105 -2
    vertex 1.5987582206726074 7.9912028312683105 -2
  endloop
endfacet
facet normal 0 0 0
  outer loop
    vertex 0.7988396883010864 8.110755920410156 -2
    vertex 0 8.125 -2
    vertex 0 8.149999618530273 -2
  endloop
endfacet
facet normal 0 0 0
  outer loop
    vertex 0.8077848553657532 8.109428405761719 -2
    vertex 0.7988396883010864 8.110755920410156 -2
    vertex 1.0928910970687866 11.096309661865234 -2
  endloop
endfacet
facet normal 0 0 0
  outer loop
    vertex 6.280709743499756 5.154445648193359 -2
    vertex 5.756219863891602 5.768993377685547 -2
    vertex 5.7663702964782715 5.790955066680908 -2
  endloop
endfacet
facet normal 0 0 0
  outer loop
    vertex 6.280709743499756 5.154445648193359 -2
    vertex 5.745242595672607 5.745242595672607 -2
    vertex 5.756219863891602 5.768993377685547 -2
  endloop
endfacet
facet normal 0 0 0
  outer loop
    vertex 5.749093055725098 5.775452613830566 -2
    vertex 5.154445648193359 6.280709743499756 -2
    vertex 5.163041591644287 6.305422306060791 -2
  endloop
endfacet
facet normal 0 0 0
  outer loop
    vertex 5.745242595672607 5.745242595672607 -2
    vertex 5.749093055725098 5.775452613830566 -2
    vertex 5.756219863891602 5.768993377685547 -2
  endloop
endfacet
facet normal 0 0 0
  outer loop
    vertex 5.745242595672607 5.745242595672607 -2
    vertex 5.154445648193359 6.280709743499756 -2
    vertex 5.749093055725098 5.775452613830566 -2
  endloop
endfacet
facet normal 0 0 0
  outer loop
    vertex 6.755690574645996 4.514008045196533 -2
    vertex 6.280709743499756 5.154445648193359 -2
    vertex 7.073484897613525 8.61906623840332 -2
  endloop
endfacet
facet normal 0 0 0
  outer loop
    vertex 3.8300983905792236 7.165610313415527 -2
    vertex 3.8337085247039795 7.191524505615234 -2
    vertex 3.841883420944214 7.187658309936523 -2
  endloop
endfacet
facet normal 0 0 0
  outer loop
    vertex 3.8300983905792236 7.165610313415527 -2
    vertex 3.841883420944214 7.187658309936523 -2
    vertex 4.520491123199463 6.780916213989258 -2
  endloop
endfacet
facet normal 0 0 0
  outer loop
    vertex 3.8300983905792236 7.165610313415527 -2
    vertex 3.1093029975891113 7.506521224975586 -2
    vertex 3.8337085247039795 7.191524505615234 -2
  endloop
endfacet
facet normal 0 0 0
  outer loop
    vertex 3.8337085247039795 7.191524505615234 -2
    vertex 3.1093029975891113 7.506521224975586 -2
    vertex 3.1188700199127197 7.529618263244629 -2
  endloop
endfacet
facet normal 0 0 0
  outer loop
    vertex 5.154445648193359 6.280709743499756 -2
    vertex 5.155316352844238 6.31115198135376 -2
    vertex 5.163041591644287 6.305422306060791 -2
  endloop
endfacet
facet normal 0 0 0
  outer loop
    vertex 5.154445648193359 6.280709743499756 -2
    vertex 4.514008045196533 6.755690574645996 -2
    vertex 5.155316352844238 6.31115198135376 -2
  endloop
endfacet
facet normal 0 0 0
  outer loop
    vertex 5.155316352844238 6.31115198135376 -2
    vertex 4.514008045196533 6.755690574645996 -2
    vertex 4.520491123199463 6.780916213989258 -2
  endloop
endfacet
facet normal 0 0 0
  outer loop
    vertex 5.155316352844238 6.31115198135376 -2
    vertex 4.520491123199463 6.780916213989258 -2
    vertex 4.636192798614502 7.231110095977783 -2
  endloop
endfacet
facet normal 0 0 0
  outer loop
    vertex 6.280709743499756 5.154445648193359 -2
    vertex 5.7663702964782715 5.790955066680908 -2
    vertex 7.073484897613525 8.61906623840332 -2
  endloop
endfacet
facet normal 0 0 0
  outer loop
    vertex 3.8300983905792236 7.165610313415527 -2
    vertex 4.520491123199463 6.780916213989258 -2
    vertex 4.514008045196533 6.755690574645996 -2
  endloop
endfacet
facet normal 0 0 0
  outer loop
    vertex 5.749093055725098 5.775452613830566 -2
    vertex 5.163041591644287 6.305422306060791 -2
    vertex 6.194608211517334 9.270886421203613 -2
  endloop
endfacet
facet normal 0 0 0
  outer loop
    vertex 6.755690574645996 4.514008045196533 -2
    vertex 7.884240627288818 7.884240627288818 -2
    vertex 7.165610313415527 3.8300983905792236 -2
  endloop
endfacet
facet normal 0 0 0
  outer loop
    vertex 7.775140285491943 2.35856294631958 -2
    vertex 7.884240627288818 7.884240627288818 -2
    vertex 8.61906623840332 7.073484897613525 -2
  endloop
endfacet
facet normal 0 0 0
  outer loop
    vertex 6.755690574645996 4.514008045196533 -2
    vertex 7.073484897613525 8.61906623840332 -2
    vertex 7.884240627288818 7.884240627288818 -2
  endloop
endfacet
facet normal 0 0 0
  outer loop
    vertex 2.35856294631958 7.775140285491943 -2
    vertex 2.3658201694488525 7.799063682556152 -2
    vertex 3.1093029975891113 7.506521224975586 -2
  endloop
endfacet
facet normal 0 0 0
  outer loop
    vertex 1.5851088762283325 7.9688801765441895 -2
    vertex 1.5987582206726074 7.9912028312683105 -2
    vertex 2.35856294631958 7.775140285491943 -2
  endloop
endfacet
facet normal 0 0 0
  outer loop
    vertex 1.5987582206726074 7.9912028312683105 -2
    vertex 2.3658201694488525 7.799063682556152 -2
    vertex 2.35856294631958 7.775140285491943 -2
  endloop
endfacet
facet normal 0 0 0
  outer loop
    vertex 2.3658201694488525 7.799063682556152 -2
    vertex 3.2366740703582764 10.66988468170166 -2
    vertex 3.1093029975891113 7.506521224975586 -2
  endloop
endfacet
facet normal 0 0 0
  outer loop
    vertex 3.8337085247039795 7.191524505615234 -2
    vertex 4.26692008972168 10.301257133483887 -2
    vertex 3.841883420944214 7.187658309936523 -2
  endloop
endfacet
facet normal 0 0 0
  outer loop
    vertex 3.1093029975891113 7.506521224975586 -2
    vertex 3.2366740703582764 10.66988468170166 -2
    vertex 3.1188700199127197 7.529618263244629 -2
  endloop
endfacet
facet normal 0 0 0
  outer loop
    vertex 5.7663702964782715 5.790955066680908 -2
    vertex 6.194608211517334 9.270886421203613 -2
    vertex 7.073484897613525 8.61906623840332 -2
  endloop
endfacet
facet normal 0 0 0
  outer loop
    vertex 1.5987582206726074 7.9912028312683105 -2
    vertex 1.5899860858917236 7.9934000968933105 -2
    vertex 2.1752572059631348 10.935755729675293 -2
  endloop
endfacet
facet normal 0 0 0
  outer loop
    vertex 1.5987582206726074 7.9912028312683105 -2
    vertex 2.1752572059631348 10.935755729675293 -2
    vertex 3.2366740703582764 10.66988468170166 -2
  endloop
endfacet
facet normal 0 0 0
  outer loop
    vertex 3.1188700199127197 7.529618263244629 -2
    vertex 3.2366740703582764 10.66988468170166 -2
    vertex 4.26692008972168 10.301257133483887 -2
  endloop
endfacet
facet normal 0 0 0
  outer loop
    vertex 0.8077848553657532 8.109428405761719 -2
    vertex 1.0928910970687866 11.096309661865234 -2
    vertex 2.1752572059631348 10.935755729675293 -2
  endloop
endfacet
facet normal 0 0 0
  outer loop
    vertex -1.0834054946899414 11 -2
    vertex -1.0928910970687866 11.096309661865234 -2
    vertex -0.41241660714149475 11.036343574523926 -2
  endloop
endfacet
facet normal 0 0 0
  outer loop
    vertex -1.0928910970687866 11.096309661865234 -2
    vertex -0.4000000059604645 11.130349159240723 -2
    vertex -0.41241660714149475 11.036343574523926 -2
  endloop
endfacet
facet normal 0 0 0
  outer loop
    vertex -0.41241660714149475 11.036343574523926 -2
    vertex -0.4000000059604645 11.130349159240723 -2
    vertex -0.13784801959991455 11.143227577209473 -2
  endloop
endfacet
facet normal 0 0 0
  outer loop
    vertex -0.12686334550380707 11.01117992401123 -2
    vertex -0.13784801959991455 11.143227577209473 -2
    vertex -0.09043240547180176 11.00796890258789 -2
  endloop
endfacet
facet normal 0 0 0
  outer loop
    vertex -0.41241660714149475 11.036343574523926 -2
    vertex -0.13784801959991455 11.143227577209473 -2
    vertex -0.12686334550380707 11.01117992401123 -2
  endloop
endfacet
facet normal 0 0 0
  outer loop
    vertex -0.09043240547180176 11.00796890258789 -2
    vertex -0.13784801959991455 11.143227577209473 -2
    vertex 0 11.13992691040039 -2
  endloop
endfacet
facet normal 0 0 0
  outer loop
    vertex 0.28977128863334656 11.025535583496094 -2
    vertex 0 11.13992691040039 -2
    vertex 0.4000000059604645 11.130349159240723 -2
  endloop
endfacet
facet normal 0 0 0
  outer loop
    vertex 0.28977128863334656 11.025535583496094 -2
    vertex 0.4000000059604645 11.130349159240723 -2
    vertex 1.0928910970687866 11.096309661865234 -2
  endloop
endfacet
facet normal 0 0 0
  outer loop
    vertex -11.01034927368164 0.4000000059604645 2
    vertex -10.83034896850586 0.4000000059604645 8
    vertex -10.987049102783203 0.8742843270301819 2
  endloop
endfacet
facet normal 0 0 0
  outer loop
    vertex -10.987049102783203 0.8742843270301819 2
    vertex -10.83034896850586 0.4000000059604645 8
    vertex -10.976887702941895 1.0811290740966797 2
  endloop
endfacet
facet normal 0 0 0
  outer loop
    vertex -10.976887702941895 1.0811290740966797 2
    vertex -10.797754287719727 1.0634859800338745 8
    vertex -10.818061828613281 2.151846170425415 2
  endloop
endfacet
facet normal 0 0 0
  outer loop
    vertex -10.818061828613281 2.151846170425415 2
    vertex -10.641520500183105 2.116729974746704 8
    vertex -10.555051803588867 3.2018399238586426 2
  endloop
endfacet
facet normal 0 0 0
  outer loop
    vertex -10.555051803588867 3.2018399238586426 2
    vertex -10.382802963256836 3.1495888233184814 8
    vertex -10.190391540527344 4.220998287200928 2
  endloop
endfacet
facet normal 0 0 0
  outer loop
    vertex -10.190391540527344 4.220998287200928 2
    vertex -10.024092674255371 4.152115345001221 8
    vertex -9.839858055114746 4.962138652801514 2
  endloop
endfacet
facet normal 0 0 0
  outer loop
    vertex -9.839858055114746 4.962138652801514 2
    vertex -10.024092674255371 4.152115345001221 8
    vertex -9.744368553161621 5.164033889770508 2
  endloop
endfacet
facet normal 0 0 0
  outer loop
    vertex -9.336362838745117 5.852231979370117 2
    vertex -9.180644989013672 5.762328147888184 8
    vertex -9.220264434814453 6.045929908752441 2
  endloop
endfacet
facet normal 0 0 0
  outer loop
    vertex -9.220264434814453 6.045929908752441 2
    vertex -9.180644989013672 5.762328147888184 8
    vertex -9.171110153198242 6.127939701080322 2
  endloop
endfacet
facet normal 0 0 0
  outer loop
    vertex -9.171110153198242 6.127939701080322 2
    vertex -9.021445274353027 6.027936935424805 8
    vertex -8.526305198669434 6.9973578453063965 2
  endloop
endfacet
facet normal 0 0 0
  outer loop
    vertex 11.01034927368164 0.4000000059604645 2
    vertex 10.976887702941895 1.0811290740966797 2
    vertex 10.83034896850586 0.4000000059604645 8
  endloop
endfacet
facet normal 0 0 0
  outer loop
    vertex 10.976887702941895 1.0811290740966797 2
    vertex 10.818061828613281 2.151846170425415 2
    vertex 10.797754287719727 1.0634859800338745 8
  endloop
endfacet
facet normal 0 0 0
  outer loop
    vertex 10.818061828613281 2.151846170425415 2
    vertex 10.555051803588867 3.2018399238586426 2
    vertex 10.641520500183105 2.116729974746704 8
  endloop
endfacet
facet normal 0 0 0
  outer loop
    vertex 10.555051803588867 3.2018399238586426 2
    vertex 10.190391540527344 4.220998287200928 2
    vertex 10.382802963256836 3.1495888233184814 8
  endloop
endfacet
facet normal 0 0 0
  outer loop
    vertex 10.190391540527344 4.220998287200928 2
    vertex 9.744368553161621 5.164033889770508 2
    vertex 10.024092674255371 4.152115345001221 8
  endloop
endfacet
facet normal 0 0 0
  outer loop
    vertex -8.526305198669434 6.9973578453063965 2
    vertex -8.387163162231445 6.883167266845703 8
    vertex -7.7993879318237305 7.7993879318237305 2
  endloop
endfacet
facet normal 0 0 0
  outer loop
    vertex -7.7993879318237305 7.7993879318237305 2
    vertex -7.6721086502075195 7.6721086502075195 8
    vertex -6.9973578453063965 8.526305198669434 2
  endloop
endfacet
facet normal 0 0 0
  outer loop
    vertex -6.9973578453063965 8.526305198669434 2
    vertex -6.883167266845703 8.387163162231445 8
    vertex -6.127939701080322 9.171110153198242 2
  endloop
endfacet
facet normal 0 0 0
  outer loop
    vertex -6.127939701080322 9.171110153198242 2
    vertex -6.027936935424805 9.021445274353027 8
    vertex -6.045929908752441 9.220264434814453 2
  endloop
endfacet
facet normal 0 0 0
  outer loop
    vertex -6.045929908752441 9.220264434814453 2
    vertex -6.027936935424805 9.021445274353027 8
    vertex -5.852231979370117 9.336362838745117 2
  endloop
endfacet
facet normal 0 0 0
  outer loop
    vertex -5.164033889770508 9.744368553161621 2
    vertex -5.073840618133545 9.588149070739746 8
    vertex -4.501095771789551 10.057914733886719 2
  endloop
endfacet
facet normal 0 0 0
  outer loop
    vertex -4.501095771789551 10.057914733886719 2
    vertex -5.073840618133545 9.588149070739746 8
    vertex -4.220998287200928 10.190391540527344 2
  endloop
endfacet
facet normal 0 0 0
  outer loop
    vertex 9.336362838745117 5.852231979370117 2
    vertex 9.171110153198242 6.127939701080322 2
    vertex 9.180644989013672 5.762328147888184 8
  endloop
endfacet
facet normal 0 0 0
  outer loop
    vertex 9.171110153198242 6.127939701080322 2
    vertex 8.526305198669434 6.9973578453063965 2
    vertex 9.021445274353027 6.027936935424805 8
  endloop
endfacet
facet normal 0 0 0
  outer loop
    vertex 8.526305198669434 6.9973578453063965 2
    vertex 7.7993879318237305 7.7993879318237305 2
    vertex 8.387163162231445 6.883167266845703 8
  endloop
endfacet
facet normal 0 0 0
  outer loop
    vertex 6.127939701080322 9.171110153198242 2
    vertex 6.883167266845703 8.387163162231445 8
    vertex 6.9973578453063965 8.526305198669434 2
  endloop
endfacet
facet normal 0 0 0
  outer loop
    vertex 6.127939701080322 9.171110153198242 2
    vertex 5.852231979370117 9.336362838745117 2
    vertex 6.027936935424805 9.021445274353027 8
  endloop
endfacet
facet normal 0 0 0
  outer loop
    vertex 5.164033889770508 9.744368553161621 2
    vertex 4.220998287200928 10.190391540527344 2
    vertex 5.073840618133545 9.588149070739746 8
  endloop
endfacet
facet normal 0 0 0
  outer loop
    vertex 7.7993879318237305 7.7993879318237305 2
    vertex 6.9973578453063965 8.526305198669434 2
    vertex 7.6721086502075195 7.6721086502075195 8
  endloop
endfacet
facet normal 0 0 0
  outer loop
    vertex -10.976887702941895 1.0811290740966797 2
    vertex -10.83034896850586 0.4000000059604645 8
    vertex -10.797754287719727 1.0634859800338745 8
  endloop
endfacet
facet normal 0 0 0
  outer loop
    vertex -10.818061828613281 2.151846170425415 2
    vertex -10.797754287719727 1.0634859800338745 8
    vertex -10.641520500183105 2.116729974746704 8
  endloop
endfacet
facet normal 0 0 0
  outer loop
    vertex -10.555051803588867 3.2018399238586426 2
    vertex -10.641520500183105 2.116729974746704 8
    vertex -10.382802963256836 3.1495888233184814 8
  endloop
endfacet
facet normal 0 0 0
  outer loop
    vertex -10.190391540527344 4.220998287200928 2
    vertex -10.382802963256836 3.1495888233184814 8
    vertex -10.024092674255371 4.152115345001221 8
  endloop
endfacet
facet normal 0 0 0
  outer loop
    vertex -9.744368553161621 5.164033889770508 2
    vertex -10.024092674255371 4.152115345001221 8
    vertex -9.588149070739746 5.073840618133545 8
  endloop
endfacet
facet normal 0 0 0
  outer loop
    vertex -10.83034896850586 -0.4000000059604645 8
    vertex -10.797754287719727 1.0634859800338745 8
    vertex -10.833069801330566 -0.34462007880210876 8
  endloop
endfacet
facet normal 0 0 0
  outer loop
    vertex -10.833069801330566 -0.34462007880210876 8
    vertex -10.797754287719727 1.0634859800338745 8
    vertex -10.83034896850586 0.4000000059604645 8
  endloop
endfacet
facet normal 0 0 0
  outer loop
    vertex -10.797754287719727 -1.0634859800338745 8
    vertex -10.641520500183105 2.116729974746704 8
    vertex -10.797754287719727 1.0634859800338745 8
  endloop
endfacet
facet normal 0 0 0
  outer loop
    vertex -10.641520500183105 -2.116729974746704 8
    vertex -10.382802963256836 3.1495888233184814 8
    vertex -10.641520500183105 2.116729974746704 8
  endloop
endfacet
facet normal 0 0 0
  outer loop
    vertex -10.382802963256836 -3.1495888233184814 8
    vertex -10.024092674255371 4.152115345001221 8
    vertex -10.382802963256836 3.1495888233184814 8
  endloop
endfacet
facet normal 0 0 0
  outer loop
    vertex -10.024092674255371 -4.152115345001221 8
    vertex -9.588149070739746 5.073840618133545 8
    vertex -10.024092674255371 4.152115345001221 8
  endloop
endfacet
facet normal 0 0 0
  outer loop
    vertex -9.566218376159668 -5.061178684234619 8
    vertex -9.559794425964355 5.129755973815918 8
    vertex -9.568845748901367 5.062695503234863 8
  endloop
endfacet
facet normal 0 0 0
  outer loop
    vertex -10.024092674255371 -4.152115345001221 8
    vertex -9.568845748901367 5.062695503234863 8
    vertex -9.588149070739746 5.073840618133545 8
  endloop
endfacet
facet normal 0 0 0
  outer loop
    vertex -9.566218376159668 -5.061178684234619 8
    vertex -9.180644989013672 5.762328147888184 8
    vertex -9.559794425964355 5.129755973815918 8
  endloop
endfacet
facet normal 0 0 0
  outer loop
    vertex -9.566218376159668 -5.061178684234619 8
    vertex -9.021445274353027 6.027936935424805 8
    vertex -9.180644989013672 5.762328147888184 8
  endloop
endfacet
facet normal 0 0 0
  outer loop
    vertex -9.021445274353027 -6.027936935424805 8
    vertex -8.387163162231445 6.883167266845703 8
    vertex -9.021445274353027 6.027936935424805 8
  endloop
endfacet
facet normal 0 0 0
  outer loop
    vertex -9.171110153198242 6.127939701080322 2
    vertex -9.180644989013672 5.762328147888184 8
    vertex -9.021445274353027 6.027936935424805 8
  endloop
endfacet
facet normal 0 0 0
  outer loop
    vertex -8.526305198669434 6.9973578453063965 2
    vertex -9.021445274353027 6.027936935424805 8
    vertex -8.387163162231445 6.883167266845703 8
  endloop
endfacet
facet normal 0 0 0
  outer loop
    vertex 10.976887702941895 1.0811290740966797 2
    vertex 10.797754287719727 1.0634859800338745 8
    vertex 10.83034896850586 0.4000000059604645 8
  endloop
endfacet
facet normal 0 0 0
  outer loop
    vertex 10.818061828613281 2.151846170425415 2
    vertex 10.641520500183105 2.116729974746704 8
    vertex 10.797754287719727 1.0634859800338745 8
  endloop
endfacet
facet normal 0 0 0
  outer loop
    vertex 10.555051803588867 3.2018399238586426 2
    vertex 10.382802963256836 3.1495888233184814 8
    vertex 10.641520500183105 2.116729974746704 8
  endloop
endfacet
facet normal 0 0 0
  outer loop
    vertex 10.190391540527344 4.220998287200928 2
    vertex 10.024092674255371 4.152115345001221 8
    vertex 10.382802963256836 3.1495888233184814 8
  endloop
endfacet
facet normal 0 0 0
  outer loop
    vertex 9.744368553161621 5.164033889770508 2
    vertex 9.588149070739746 5.073840618133545 8
    vertex 10.024092674255371 4.152115345001221 8
  endloop
endfacet
facet normal 0 0 0
  outer loop
    vertex -8.387163162231445 -6.883167266845703 8
    vertex -7.854850769042969 0.7736352682113647 8
    vertex -7.6721086502075195 7.6721086502075195 8
  endloop
endfacet
facet normal 0 0 0
  outer loop
    vertex -8.387163162231445 -6.883167266845703 8
    vertex -7.6721086502075195 7.6721086502075195 8
    vertex -8.387163162231445 6.883167266845703 8
  endloop
endfacet
facet normal 0 0 0
  outer loop
    vertex -7.6721086502075195 7.6721086502075195 8
    vertex -7.854850769042969 0.7736352682113647 8
    vertex -7.7411980628967285 1.5398200750350952 8
  endloop
endfacet
facet normal 0 0 0
  outer loop
    vertex -7.6721086502075195 7.6721086502075195 8
    vertex -7.7411980628967285 1.5398200750350952 8
    vertex -7.552993297576904 2.291175603866577 8
  endloop
endfacet
facet normal 0 0 0
  outer loop
    vertex -7.6721086502075195 7.6721086502075195 8
    vertex -7.552993297576904 2.291175603866577 8
    vertex -7.292048931121826 3.020465612411499 8
  endloop
endfacet
facet normal 0 0 0
  outer loop
    vertex -7.6721086502075195 7.6721086502075195 8
    vertex -7.292048931121826 3.020465612411499 8
    vertex -6.960878372192383 3.7206671237945557 8
  endloop
endfacet
facet normal 0 0 0
  outer loop
    vertex 10.641520500183105 -2.116729974746704 8
    vertex 10.797754287719727 0.3681638240814209 8
    vertex 10.641520500183105 2.116729974746704 8
  endloop
endfacet
facet normal 0 0 0
  outer loop
    vertex 10.797754287719727 0.3681638240814209 8
    vertex 10.833069801330566 0.34462007880210876 8
    vertex 10.83034896850586 0.4000000059604645 8
  endloop
endfacet
facet normal 0 0 0
  outer loop
    vertex 10.797754287719727 0.3681638240814209 8
    vertex 10.83034896850586 0.4000000059604645 8
    vertex 10.797754287719727 1.0634859800338745 8
  endloop
endfacet
facet normal 0 0 0
  outer loop
    vertex 10.382802963256836 -3.1495888233184814 8
    vertex 10.641520500183105 2.116729974746704 8
    vertex 10.382802963256836 3.1495888233184814 8
  endloop
endfacet
facet normal 0 0 0
  outer loop
    vertex 10.024092674255371 -4.152115345001221 8
    vertex 10.382802963256836 3.1495888233184814 8
    vertex 10.024092674255371 4.152115345001221 8
  endloop
endfacet
facet normal 0 0 0
  outer loop
    vertex 10.797754287719727 0.3681638240814209 8
    vertex 10.797754287719727 1.0634859800338745 8
    vertex 10.641520500183105 2.116729974746704 8
  endloop
endfacet
facet normal 0 0 0
  outer loop
    vertex 9.021445274353027 -6.027936935424805 8
    vertex 9.566218376159668 5.061178684234619 8
    vertex 9.209006309509277 5.715010166168213 8
  endloop
endfacet
facet normal 0 0 0
  outer loop
    vertex 9.021445274353027 -6.027936935424805 8
    vertex 9.209006309509277 5.715010166168213 8
    vertex 9.180644989013672 5.762328147888184 8
  endloop
endfacet
facet normal 0 0 0
  outer loop
    vertex 8.387163162231445 6.883167266845703 8
    vertex 7.892857074737549 0 8
    vertex 7.854850769042969 -0.7736352682113647 8
  endloop
endfacet
facet normal 0 0 0
  outer loop
    vertex 8.387163162231445 -6.883167266845703 8
    vertex 9.021445274353027 6.027936935424805 8
    vertex 8.387163162231445 6.883167266845703 8
  endloop
endfacet
facet normal 0 0 0
  outer loop
    vertex 9.021445274353027 -6.027936935424805 8
    vertex 9.180644989013672 5.762328147888184 8
    vertex 9.021445274353027 6.027936935424805 8
  endloop
endfacet
facet normal 0 0 0
  outer loop
    vertex 9.568845748901367 -5.062695503234863 8
    vertex 10.024092674255371 4.152115345001221 8
    vertex 9.588149070739746 5.073840618133545 8
  endloop
endfacet
facet normal 0 0 0
  outer loop
    vertex 9.568845748901367 -5.062695503234863 8
    vertex 9.588149070739746 5.073840618133545 8
    vertex 9.566218376159668 5.061178684234619 8
  endloop
endfacet
facet normal 0 0 0
  outer loop
    vertex 8.387163162231445 6.883167266845703 8
    vertex 7.854850769042969 0.7736352682113647 8
    vertex 7.892857074737549 0 8
  endloop
endfacet
facet normal 0 0 0
  outer loop
    vertex 8.387163162231445 6.883167266845703 8
    vertex 7.7411980628967285 1.5398200750350952 8
    vertex 7.854850769042969 0.7736352682113647 8
  endloop
endfacet
facet normal 0 0 0
  outer loop
    vertex 7.6721086502075195 7.6721086502075195 8
    vertex 7.552993297576904 2.291175603866577 8
    vertex 7.7411980628967285 1.5398200750350952 8
  endloop
endfacet
facet normal 0 0 0
  outer loop
    vertex 7.6721086502075195 7.6721086502075195 8
    vertex 7.292048931121826 3.020465612411499 8
    vertex 7.552993297576904 2.291175603866577 8
  endloop
endfacet
facet normal 0 0 0
  outer loop
    vertex 7.6721086502075195 7.6721086502075195 8
    vertex 6.960878372192383 3.7206671237945557 8
    vertex 7.292048931121826 3.020465612411499 8
  endloop
endfacet
facet normal 0 0 0
  outer loop
    vertex -7.7993879318237305 7.7993879318237305 2
    vertex -8.387163162231445 6.883167266845703 8
    vertex -7.6721086502075195 7.6721086502075195 8
  endloop
endfacet
facet normal 0 0 0
  outer loop
    vertex -6.9973578453063965 8.526305198669434 2
    vertex -7.6721086502075195 7.6721086502075195 8
    vertex -6.883167266845703 8.387163162231445 8
  endloop
endfacet
facet normal 0 0 0
  outer loop
    vertex -6.127939701080322 9.171110153198242 2
    vertex -6.883167266845703 8.387163162231445 8
    vertex -6.027936935424805 9.021445274353027 8
  endloop
endfacet
facet normal 0 0 0
  outer loop
    vertex -5.852231979370117 9.336362838745117 2
    vertex -6.027936935424805 9.021445274353027 8
    vertex -5.762328147888184 9.180644989013672 8
  endloop
endfacet
facet normal 0 0 0
  outer loop
    vertex -4.220998287200928 10.190391540527344 2
    vertex -5.073840618133545 9.588149070739746 8
    vertex -4.152115345001221 10.024092674255371 8
  endloop
endfacet
facet normal 0 0 0
  outer loop
    vertex 9.171110153198242 6.127939701080322 2
    vertex 9.021445274353027 6.027936935424805 8
    vertex 9.180644989013672 5.762328147888184 8
  endloop
endfacet
facet normal 0 0 0
  outer loop
    vertex 8.526305198669434 6.9973578453063965 2
    vertex 8.387163162231445 6.883167266845703 8
    vertex 9.021445274353027 6.027936935424805 8
  endloop
endfacet
facet normal 0 0 0
  outer loop
    vertex 7.7993879318237305 7.7993879318237305 2
    vertex 7.6721086502075195 7.6721086502075195 8
    vertex 8.387163162231445 6.883167266845703 8
  endloop
endfacet
facet normal 0 0 0
  outer loop
    vertex 6.127939701080322 9.171110153198242 2
    vertex 6.027936935424805 9.021445274353027 8
    vertex 6.883167266845703 8.387163162231445 8
  endloop
endfacet
facet normal 0 0 0
  outer loop
    vertex 5.852231979370117 9.336362838745117 2
    vertex 5.762328147888184 9.180644989013672 8
    vertex 6.027936935424805 9.021445274353027 8
  endloop
endfacet
facet normal 0 0 0
  outer loop
    vertex 4.220998287200928 10.190391540527344 2
    vertex 4.152115345001221 10.024092674255371 8
    vertex 5.073840618133545 9.588149070739746 8
  endloop
endfacet
facet normal 0 0 0
  outer loop
    vertex 6.9973578453063965 8.526305198669434 2
    vertex 6.883167266845703 8.387163162231445 8
    vertex 7.6721086502075195 7.6721086502075195 8
  endloop
endfacet
facet normal 0 0 0
  outer loop
    vertex -7.6721086502075195 7.6721086502075195 8
    vertex -6.960878372192383 3.7206671237945557 8
    vertex -6.562670707702637 4.385036468505859 8
  endloop
endfacet
facet normal 0 0 0
  outer loop
    vertex -6.883167266845703 8.387163162231445 8
    vertex -6.562670707702637 4.385036468505859 8
    vertex -6.101261138916016 5.007175445556641 8
  endloop
endfacet
facet normal 0 0 0
  outer loop
    vertex -6.883167266845703 8.387163162231445 8
    vertex -6.101261138916016 5.007175445556641 8
    vertex -5.581092834472656 5.581092834472656 8
  endloop
endfacet
facet normal 0 0 0
  outer loop
    vertex -7.6721086502075195 7.6721086502075195 8
    vertex -6.562670707702637 4.385036468505859 8
    vertex -6.883167266845703 8.387163162231445 8
  endloop
endfacet
facet normal 0 0 0
  outer loop
    vertex -6.027936935424805 9.021445274353027 8
    vertex -5.581092834472656 5.581092834472656 8
    vertex -5.007175445556641 6.101261138916016 8
  endloop
endfacet
facet normal 0 0 0
  outer loop
    vertex -6.027936935424805 9.021445274353027 8
    vertex -5.007175445556641 6.101261138916016 8
    vertex -4.385036468505859 6.562670707702637 8
  endloop
endfacet
facet normal 0 0 0
  outer loop
    vertex -6.883167266845703 8.387163162231445 8
    vertex -5.581092834472656 5.581092834472656 8
    vertex -6.027936935424805 9.021445274353027 8
  endloop
endfacet
facet normal 0 0 0
  outer loop
    vertex -5.1110148429870605 9.46218490600586 8
    vertex -4.385036468505859 6.562670707702637 8
    vertex -3.7206671237945557 6.960878372192383 8
  endloop
endfacet
facet normal 0 0 0
  outer loop
    vertex -5.070229530334473 9.485732078552246 8
    vertex -3.7206671237945557 6.960878372192383 8
    vertex -3.020465612411499 7.292048931121826 8
  endloop
endfacet
facet normal 0 0 0
  outer loop
    vertex -6.027936935424805 9.021445274353027 8
    vertex -4.385036468505859 6.562670707702637 8
    vertex -5.762328147888184 9.180644989013672 8
  endloop
endfacet
facet normal 0 0 0
  outer loop
    vertex -5.715010166168213 9.209006309509277 8
    vertex -5.762328147888184 9.180644989013672 8
    vertex -4.385036468505859 6.562670707702637 8
  endloop
endfacet
facet normal 0 0 0
  outer loop
    vertex -5.715010166168213 9.209006309509277 8
    vertex -4.385036468505859 6.562670707702637 8
    vertex -5.1110148429870605 9.46218490600586 8
  endloop
endfacet
facet normal 0 0 0
  outer loop
    vertex -5.070229530334473 9.485732078552246 8
    vertex -5.1110148429870605 9.46218490600586 8
    vertex -3.7206671237945557 6.960878372192383 8
  endloop
endfacet
facet normal 0 0 0
  outer loop
    vertex -5.070229530334473 9.485732078552246 8
    vertex -3.020465612411499 7.292048931121826 8
    vertex -4.152115345001221 10.024092674255371 8
  endloop
endfacet
facet normal 0 0 0
  outer loop
    vertex -5.070229530334473 9.485732078552246 8
    vertex -4.152115345001221 10.024092674255371 8
    vertex -5.073840618133545 9.588149070739746 8
  endloop
endfacet
facet normal 0 0 0
  outer loop
    vertex -4.152115345001221 10.024092674255371 8
    vertex -3.020465612411499 7.292048931121826 8
    vertex -2.291175603866577 7.552993297576904 8
  endloop
endfacet
facet normal 0 0 0
  outer loop
    vertex -3.1495888233184814 10.382802963256836 8
    vertex -2.291175603866577 7.552993297576904 8
    vertex -1.5398200750350952 7.7411980628967285 8
  endloop
endfacet
facet normal 0 0 0
  outer loop
    vertex -2.116729974746704 10.641520500183105 8
    vertex -1.5398200750350952 7.7411980628967285 8
    vertex -0.7736352682113647 7.854850769042969 8
  endloop
endfacet
facet normal 0 0 0
  outer loop
    vertex -4.152115345001221 10.024092674255371 8
    vertex -2.291175603866577 7.552993297576904 8
    vertex -3.1495888233184814 10.382802963256836 8
  endloop
endfacet
facet normal 0 0 0
  outer loop
    vertex -3.1495888233184814 10.382802963256836 8
    vertex -1.5398200750350952 7.7411980628967285 8
    vertex -2.116729974746704 10.641520500183105 8
  endloop
endfacet
facet normal 0 0 0
  outer loop
    vertex -2.116729974746704 10.641520500183105 8
    vertex -0.7736352682113647 7.854850769042969 8
    vertex -1.0634859800338745 10.797754287719727 8
  endloop
endfacet
facet normal 0 0 0
  outer loop
    vertex -1.0634859800338745 10.797754287719727 8
    vertex -0.7736352682113647 7.854850769042969 8
    vertex 0 7.892857074737549 8
  endloop
endfacet
facet normal 0 0 0
  outer loop
    vertex 0.02561916410923004 10.75 8
    vertex 0 7.892857074737549 8
    vertex 0.7736352682113647 7.854850769042969 8
  endloop
endfacet
facet normal 0 0 0
  outer loop
    vertex 1.0634859800338745 10.797754287719727 8
    vertex 0.7736352682113647 7.854850769042969 8
    vertex 1.5398200750350952 7.7411980628967285 8
  endloop
endfacet
facet normal 0 0 0
  outer loop
    vertex -1.0634859800338745 10.797754287719727 8
    vertex 0 7.892857074737549 8
    vertex -0.4000000059604645 10.83034896850586 8
  endloop
endfacet
facet normal 0 0 0
  outer loop
    vertex -0.4000000059604645 10.83034896850586 8
    vertex 0 7.892857074737549 8
    vertex -0.34462007880210876 10.833069801330566 8
  endloop
endfacet
facet normal 0 0 0
  outer loop
    vertex -0.34462007880210876 10.833069801330566 8
    vertex 0 7.892857074737549 8
    vertex 0 10.75 8
  endloop
endfacet
facet normal 0 0 0
  outer loop
    vertex 0.02561916410923004 10.75 8
    vertex 0 10.75 8
    vertex 0 7.892857074737549 8
  endloop
endfacet
facet normal 0 0 0
  outer loop
    vertex 0.02561916410923004 10.75 8
    vertex 0.7736352682113647 7.854850769042969 8
    vertex 1.0634859800338745 10.797754287719727 8
  endloop
endfacet
facet normal 0 0 0
  outer loop
    vertex 1.0634859800338745 10.797754287719727 8
    vertex 1.5398200750350952 7.7411980628967285 8
    vertex 2.116729974746704 10.641520500183105 8
  endloop
endfacet
facet normal 0 0 0
  outer loop
    vertex 6.883167266845703 8.387163162231445 8
    vertex 6.562670707702637 4.385036468505859 8
    vertex 6.960878372192383 3.7206671237945557 8
  endloop
endfacet
facet normal 0 0 0
  outer loop
    vertex 6.883167266845703 8.387163162231445 8
    vertex 6.101261138916016 5.007175445556641 8
    vertex 6.562670707702637 4.385036468505859 8
  endloop
endfacet
facet normal 0 0 0
  outer loop
    vertex 6.027936935424805 9.021445274353027 8
    vertex 5.581092834472656 5.581092834472656 8
    vertex 6.101261138916016 5.007175445556641 8
  endloop
endfacet
facet normal 0 0 0
  outer loop
    vertex 5.129755973815918 9.559794425964355 8
    vertex 5.007175445556641 6.101261138916016 8
    vertex 5.581092834472656 5.581092834472656 8
  endloop
endfacet
facet normal 0 0 0
  outer loop
    vertex 5.129755973815918 9.559794425964355 8
    vertex 4.385036468505859 6.562670707702637 8
    vertex 5.007175445556641 6.101261138916016 8
  endloop
endfacet
facet normal 0 0 0
  outer loop
    vertex 6.027936935424805 9.021445274353027 8
    vertex 6.101261138916016 5.007175445556641 8
    vertex 6.883167266845703 8.387163162231445 8
  endloop
endfacet
facet normal 0 0 0
  outer loop
    vertex 8.387163162231445 6.883167266845703 8
    vertex 7.6721086502075195 7.6721086502075195 8
    vertex 7.7411980628967285 1.5398200750350952 8
  endloop
endfacet
facet normal 0 0 0
  outer loop
    vertex 7.6721086502075195 7.6721086502075195 8
    vertex 6.883167266845703 8.387163162231445 8
    vertex 6.960878372192383 3.7206671237945557 8
  endloop
endfacet
facet normal 0 0 0
  outer loop
    vertex 4.152115345001221 10.024092674255371 8
    vertex 3.7206671237945557 6.960878372192383 8
    vertex 4.385036468505859 6.562670707702637 8
  endloop
endfacet
facet normal 0 0 0
  outer loop
    vertex 3.1495888233184814 10.382802963256836 8
    vertex 2.291175603866577 7.552993297576904 8
    vertex 3.020465612411499 7.292048931121826 8
  endloop
endfacet
facet normal 0 0 0
  outer loop
    vertex 2.116729974746704 10.641520500183105 8
    vertex 1.5398200750350952 7.7411980628967285 8
    vertex 2.291175603866577 7.552993297576904 8
  endloop
endfacet
facet normal 0 0 0
  outer loop
    vertex 3.1495888233184814 10.382802963256836 8
    vertex 3.020465612411499 7.292048931121826 8
    vertex 3.7206671237945557 6.960878372192383 8
  endloop
endfacet
facet normal 0 0 0
  outer loop
    vertex 5.762328147888184 9.180644989013672 8
    vertex 5.129755973815918 9.559794425964355 8
    vertex 5.581092834472656 5.581092834472656 8
  endloop
endfacet
facet normal 0 0 0
  outer loop
    vertex 6.027936935424805 9.021445274353027 8
    vertex 5.762328147888184 9.180644989013672 8
    vertex 5.581092834472656 5.581092834472656 8
  endloop
endfacet
facet normal 0 0 0
  outer loop
    vertex 5.129755973815918 9.559794425964355 8
    vertex 5.110054016113281 9.550052642822266 8
    vertex 4.385036468505859 6.562670707702637 8
  endloop
endfacet
facet normal 0 0 0
  outer loop
    vertex 5.110054016113281 9.550052642822266 8
    vertex 5.073840618133545 9.588149070739746 8
    vertex 4.385036468505859 6.562670707702637 8
  endloop
endfacet
facet normal 0 0 0
  outer loop
    vertex 5.073840618133545 9.588149070739746 8
    vertex 4.152115345001221 10.024092674255371 8
    vertex 4.385036468505859 6.562670707702637 8
  endloop
endfacet
facet normal 0 0 0
  outer loop
    vertex 4.152115345001221 10.024092674255371 8
    vertex 3.1495888233184814 10.382802963256836 8
    vertex 3.7206671237945557 6.960878372192383 8
  endloop
endfacet
facet normal 0 0 0
  outer loop
    vertex 3.1495888233184814 10.382802963256836 8
    vertex 2.116729974746704 10.641520500183105 8
    vertex 2.291175603866577 7.552993297576904 8
  endloop
endfacet
facet normal 0 0 0
  outer loop
    vertex -4.220998287200928 10.190391540527344 2
    vertex -4.152115345001221 10.024092674255371 8
    vertex -3.2018399238586426 10.555051803588867 2
  endloop
endfacet
facet normal 0 0 0
  outer loop
    vertex -3.2018399238586426 10.555051803588867 2
    vertex -3.1495888233184814 10.382802963256836 8
    vertex -2.151846170425415 10.818061828613281 2
  endloop
endfacet
facet normal 0 0 0
  outer loop
    vertex -2.151846170425415 10.818061828613281 2
    vertex -2.116729974746704 10.641520500183105 8
    vertex -1.0811290740966797 10.976887702941895 2
  endloop
endfacet
facet normal 0 0 0
  outer loop
    vertex -1.0811290740966797 10.976887702941895 2
    vertex -1.0634859800338745 10.797754287719727 8
    vertex -0.4000000059604645 11.01034927368164 2
  endloop
endfacet
facet normal 0 0 0
  outer loop
    vertex 0.4000000059604645 11.01034927368164 2
    vertex 1.0634859800338745 10.797754287719727 8
    vertex 1.0811290740966797 10.976887702941895 2
  endloop
endfacet
facet normal 0 0 0
  outer loop
    vertex 3.2018399238586426 10.555051803588867 2
    vertex 2.151846170425415 10.818061828613281 2
    vertex 3.1495888233184814 10.382802963256836 8
  endloop
endfacet
facet normal 0 0 0
  outer loop
    vertex 4.220998287200928 10.190391540527344 2
    vertex 3.2018399238586426 10.555051803588867 2
    vertex 4.152115345001221 10.024092674255371 8
  endloop
endfacet
facet normal 0 0 0
  outer loop
    vertex 1.0811290740966797 10.976887702941895 2
    vertex 2.116729974746704 10.641520500183105 8
    vertex 2.151846170425415 10.818061828613281 2
  endloop
endfacet
facet normal 0 0 0
  outer loop
    vertex -3.2018399238586426 10.555051803588867 2
    vertex -4.152115345001221 10.024092674255371 8
    vertex -3.1495888233184814 10.382802963256836 8
  endloop
endfacet
facet normal 0 0 0
  outer loop
    vertex -2.151846170425415 10.818061828613281 2
    vertex -3.1495888233184814 10.382802963256836 8
    vertex -2.116729974746704 10.641520500183105 8
  endloop
endfacet
facet normal 0 0 0
  outer loop
    vertex -1.0811290740966797 10.976887702941895 2
    vertex -2.116729974746704 10.641520500183105 8
    vertex -1.0634859800338745 10.797754287719727 8
  endloop
endfacet
facet normal 0 0 0
  outer loop
    vertex -0.4000000059604645 11.01034927368164 2
    vertex -1.0634859800338745 10.797754287719727 8
    vertex -0.4000000059604645 10.83034896850586 8
  endloop
endfacet
facet normal 0 0 0
  outer loop
    vertex 0.4000000059604645 11.01034927368164 2
    vertex 0.4000000059604645 10.83034896850586 8
    vertex 1.0634859800338745 10.797754287719727 8
  endloop
endfacet
facet normal 0 0 0
  outer loop
    vertex 1.0811290740966797 10.976887702941895 2
    vertex 1.0634859800338745 10.797754287719727 8
    vertex 2.116729974746704 10.641520500183105 8
  endloop
endfacet
facet normal 0 0 0
  outer loop
    vertex 2.151846170425415 10.818061828613281 2
    vertex 2.116729974746704 10.641520500183105 8
    vertex 3.1495888233184814 10.382802963256836 8
  endloop
endfacet
facet normal 0 0 0
  outer loop
    vertex 3.2018399238586426 10.555051803588867 2
    vertex 3.1495888233184814 10.382802963256836 8
    vertex 4.152115345001221 10.024092674255371 8
  endloop
endfacet
facet normal 0 0 0
  outer loop
    vertex 0.02561916410923004 10.75 8
    vertex 1.0634859800338745 10.797754287719727 8
    vertex 0.4000000059604645 10.83034896850586 8
  endloop
endfacet
facet normal 0 0 0
  outer loop
    vertex 0 -8.125 -2
    vertex 0 -8.024999618530273 2
    vertex 0.7963892817497253 -8.085875511169434 -2
  endloop
endfacet
facet normal 0 0 0
  outer loop
    vertex 0.7963892817497253 -8.085875511169434 -2
    vertex 1.5607225894927979 -7.846282005310059 3
    vertex 1.5851088762283325 -7.9688801765441895 -2
  endloop
endfacet
facet normal 0 0 0
  outer loop
    vertex 1.5851088762283325 -7.9688801765441895 -2
    vertex 2.322277307510376 -7.65552282333374 3
    vertex 2.35856294631958 -7.775140285491943 -2
  endloop
endfacet
facet normal 0 0 0
  outer loop
    vertex 2.35856294631958 -7.775140285491943 -2
    vertex 3.061467409133911 -7.391036033630371 3
    vertex 3.1093029975891113 -7.506521224975586 -2
  endloop
endfacet
facet normal 0 0 0
  outer loop
    vertex 3.1093029975891113 -7.506521224975586 -2
    vertex 3.7711739540100098 -7.055370330810547 3
    vertex 3.8300983905792236 -7.165610313415527 -2
  endloop
endfacet
facet normal 0 0 0
  outer loop
    vertex 3.8300983905792236 -7.165610313415527 -2
    vertex 4.444561958312988 -6.651756763458252 3
    vertex 4.514008045196533 -6.755690574645996 -2
  endloop
endfacet
facet normal 0 0 0
  outer loop
    vertex 4.514008045196533 -6.755690574645996 -2
    vertex 5.075146198272705 -6.184083461761475 3
    vertex 5.154445648193359 -6.280709743499756 -2
  endloop
endfacet
facet normal 0 0 0
  outer loop
    vertex 5.154445648193359 -6.280709743499756 -2
    vertex 5.656854152679443 -5.656854152679443 3
    vertex 5.745242595672607 -5.745242595672607 -2
  endloop
endfacet
facet normal 0 0 0
  outer loop
    vertex 5.745242595672607 -5.745242595672607 -2
    vertex 6.184083461761475 -5.075146198272705 3
    vertex 6.280709743499756 -5.154445648193359 -2
  endloop
endfacet
facet normal 0 0 0
  outer loop
    vertex 6.280709743499756 -5.154445648193359 -2
    vertex 6.651756763458252 -4.444561958312988 3
    vertex 6.755690574645996 -4.514008045196533 -2
  endloop
endfacet
facet normal 0 0 0
  outer loop
    vertex 6.755690574645996 -4.514008045196533 -2
    vertex 7.055370330810547 -3.7711739540100098 3
    vertex 7.165610313415527 -3.8300983905792236 -2
  endloop
endfacet
facet normal 0 0 0
  outer loop
    vertex 7.165610313415527 -3.8300983905792236 -2
    vertex 7.391036033630371 -3.061467409133911 3
    vertex 7.506521224975586 -3.1093029975891113 -2
  endloop
endfacet
facet normal 0 0 0
  outer loop
    vertex 7.506521224975586 -3.1093029975891113 -2
    vertex 7.65552282333374 -2.322277307510376 3
    vertex 7.775140285491943 -2.35856294631958 -2
  endloop
endfacet
facet normal 0 0 0
  outer loop
    vertex 7.775140285491943 -2.35856294631958 -2
    vertex 7.846282005310059 -1.5607225894927979 3
    vertex 7.9688801765441895 -1.5851088762283325 -2
  endloop
endfacet
facet normal 0 0 0
  outer loop
    vertex 7.9688801765441895 -1.5851088762283325 -2
    vertex 7.961477756500244 -0.7841371297836304 3
    vertex 8.085875511169434 -0.7963892817497253 -2
  endloop
endfacet
facet normal 0 0 0
  outer loop
    vertex 8.085875511169434 -0.7963892817497253 -2
    vertex 8 0 3
    vertex 8.125 0 -2
  endloop
endfacet
facet normal 0 0 0
  outer loop
    vertex 0.7963892817497253 -8.085875511169434 -2
    vertex 0 -8.024999618530273 2
    vertex 0.7841371297836304 -7.961477756500244 3
  endloop
endfacet
facet normal 0 0 0
  outer loop
    vertex 0.7963892817497253 -8.085875511169434 -2
    vertex 0.7841371297836304 -7.961477756500244 3
    vertex 1.5607225894927979 -7.846282005310059 3
  endloop
endfacet
facet normal 0 0 0
  outer loop
    vertex 1.5851088762283325 -7.9688801765441895 -2
    vertex 1.5607225894927979 -7.846282005310059 3
    vertex 2.322277307510376 -7.65552282333374 3
  endloop
endfacet
facet normal 0 0 0
  outer loop
    vertex 2.35856294631958 -7.775140285491943 -2
    vertex 2.322277307510376 -7.65552282333374 3
    vertex 3.061467409133911 -7.391036033630371 3
  endloop
endfacet
facet normal 0 0 0
  outer loop
    vertex 3.1093029975891113 -7.506521224975586 -2
    vertex 3.061467409133911 -7.391036033630371 3
    vertex 3.7711739540100098 -7.055370330810547 3
  endloop
endfacet
facet normal 0 0 0
  outer loop
    vertex 3.8300983905792236 -7.165610313415527 -2
    vertex 3.7711739540100098 -7.055370330810547 3
    vertex 4.444561958312988 -6.651756763458252 3
  endloop
endfacet
facet normal 0 0 0
  outer loop
    vertex 4.514008045196533 -6.755690574645996 -2
    vertex 4.444561958312988 -6.651756763458252 3
    vertex 5.075146198272705 -6.184083461761475 3
  endloop
endfacet
facet normal 0 0 0
  outer loop
    vertex 5.154445648193359 -6.280709743499756 -2
    vertex 5.075146198272705 -6.184083461761475 3
    vertex 5.656854152679443 -5.656854152679443 3
  endloop
endfacet
facet normal 0 0 0
  outer loop
    vertex 5.745242595672607 -5.745242595672607 -2
    vertex 5.656854152679443 -5.656854152679443 3
    vertex 6.184083461761475 -5.075146198272705 3
  endloop
endfacet
facet normal 0 0 0
  outer loop
    vertex -2.3295345306396484 -7.679446220397949 2
    vertex -3.0710344314575195 -7.414133071899414 2
    vertex -2.322277307510376 -7.65552282333374 3
  endloop
endfacet
facet normal 0 0 0
  outer loop
    vertex -1.565599799156189 -7.87080192565918 2
    vertex -0.7841371297836304 -7.961477756500244 3
    vertex -0.7865875363349915 -7.98635721206665 2
  endloop
endfacet
facet normal 0 0 0
  outer loop
    vertex -2.3295345306396484 -7.679446220397949 2
    vertex -1.5607225894927979 -7.846282005310059 3
    vertex -1.565599799156189 -7.87080192565918 2
  endloop
endfacet
facet normal 0 0 0
  outer loop
    vertex -0.7865875363349915 -7.98635721206665 2
    vertex 0 -8 3
    vertex 0 -8.024999618530273 2
  endloop
endfacet
facet normal 0 0 0
  outer loop
    vertex -1.565599799156189 -7.87080192565918 2
    vertex -1.5607225894927979 -7.846282005310059 3
    vertex -0.7841371297836304 -7.961477756500244 3
  endloop
endfacet
facet normal 0 0 0
  outer loop
    vertex -2.3295345306396484 -7.679446220397949 2
    vertex -2.322277307510376 -7.65552282333374 3
    vertex -1.5607225894927979 -7.846282005310059 3
  endloop
endfacet
facet normal 0 0 0
  outer loop
    vertex -0.7865875363349915 -7.98635721206665 2
    vertex -0.7841371297836304 -7.961477756500244 3
    vertex 0 -8 3
  endloop
endfacet
facet normal 0 0 0
  outer loop
    vertex 0 -8.024999618530273 2
    vertex 0 -8 3
    vertex 0.7841371297836304 -7.961477756500244 3
  endloop
endfacet
facet normal 0 0 0
  outer loop
    vertex -3.782958745956421 -7.077418327331543 2
    vertex -4.458451271057129 -6.672543525695801 2
    vertex -3.7711739540100098 -7.055370330810547 3
  endloop
endfacet
facet normal 0 0 0
  outer loop
    vertex -4.458451271057129 -6.672543525695801 2
    vertex -5.091006278991699 -6.203408718109131 2
    vertex -4.444561958312988 -6.651756763458252 3
  endloop
endfacet
facet normal 0 0 0
  outer loop
    vertex -5.091006278991699 -6.203408718109131 2
    vertex -5.674531936645508 -5.674531936645508 2
    vertex -5.075146198272705 -6.184083461761475 3
  endloop
endfacet
facet normal 0 0 0
  outer loop
    vertex -6.203408718109131 -5.091006278991699 2
    vertex -5.656854152679443 -5.656854152679443 3
    vertex -5.674531936645508 -5.674531936645508 2
  endloop
endfacet
facet normal 0 0 0
  outer loop
    vertex -3.782958745956421 -7.077418327331543 2
    vertex -3.061467409133911 -7.391036033630371 3
    vertex -3.0710344314575195 -7.414133071899414 2
  endloop
endfacet
facet normal 0 0 0
  outer loop
    vertex -3.782958745956421 -7.077418327331543 2
    vertex -3.7711739540100098 -7.055370330810547 3
    vertex -3.061467409133911 -7.391036033630371 3
  endloop
endfacet
facet normal 0 0 0
  outer loop
    vertex -5.091006278991699 -6.203408718109131 2
    vertex -5.075146198272705 -6.184083461761475 3
    vertex -4.444561958312988 -6.651756763458252 3
  endloop
endfacet
facet normal 0 0 0
  outer loop
    vertex -4.458451271057129 -6.672543525695801 2
    vertex -4.444561958312988 -6.651756763458252 3
    vertex -3.7711739540100098 -7.055370330810547 3
  endloop
endfacet
facet normal 0 0 0
  outer loop
    vertex -6.203408718109131 -5.091006278991699 2
    vertex -6.184083461761475 -5.075146198272705 3
    vertex -5.656854152679443 -5.656854152679443 3
  endloop
endfacet
facet normal 0 0 0
  outer loop
    vertex -5.674531936645508 -5.674531936645508 2
    vertex -5.656854152679443 -5.656854152679443 3
    vertex -5.075146198272705 -6.184083461761475 3
  endloop
endfacet
facet normal 0 0 0
  outer loop
    vertex -3.0710344314575195 -7.414133071899414 2
    vertex -3.061467409133911 -7.391036033630371 3
    vertex -2.322277307510376 -7.65552282333374 3
  endloop
endfacet
facet normal 0 0 0
  outer loop
    vertex 6.280709743499756 -5.154445648193359 -2
    vertex 6.184083461761475 -5.075146198272705 3
    vertex 6.651756763458252 -4.444561958312988 3
  endloop
endfacet
facet normal 0 0 0
  outer loop
    vertex 6.755690574645996 -4.514008045196533 -2
    vertex 6.651756763458252 -4.444561958312988 3
    vertex 7.055370330810547 -3.7711739540100098 3
  endloop
endfacet
facet normal 0 0 0
  outer loop
    vertex 7.165610313415527 -3.8300983905792236 -2
    vertex 7.055370330810547 -3.7711739540100098 3
    vertex 7.391036033630371 -3.061467409133911 3
  endloop
endfacet
facet normal 0 0 0
  outer loop
    vertex 7.506521224975586 -3.1093029975891113 -2
    vertex 7.391036033630371 -3.061467409133911 3
    vertex 7.65552282333374 -2.322277307510376 3
  endloop
endfacet
facet normal 0 0 0
  outer loop
    vertex 7.775140285491943 -2.35856294631958 -2
    vertex 7.65552282333374 -2.322277307510376 3
    vertex 7.846282005310059 -1.5607225894927979 3
  endloop
endfacet
facet normal 0 0 0
  outer loop
    vertex 7.9688801765441895 -1.5851088762283325 -2
    vertex 7.846282005310059 -1.5607225894927979 3
    vertex 7.961477756500244 -0.7841371297836304 3
  endloop
endfacet
facet normal 0 0 0
  outer loop
    vertex 8.085875511169434 -0.7963892817497253 -2
    vertex 7.961477756500244 -0.7841371297836304 3
    vertex 8 0 3
  endloop
endfacet
facet normal 0 0 0
  outer loop
    vertex -6.203408718109131 -5.091006278991699 2
    vertex -6.672543525695801 -4.458451271057129 2
    vertex -6.184083461761475 -5.075146198272705 3
  endloop
endfacet
facet normal 0 0 0
  outer loop
    vertex -6.672543525695801 -4.458451271057129 2
    vertex -7.077418327331543 -3.782958745956421 2
    vertex -6.651756763458252 -4.444561958312988 3
  endloop
endfacet
facet normal 0 0 0
  outer loop
    vertex -7.077418327331543 -3.782958745956421 2
    vertex -7.414133071899414 -3.0710344314575195 2
    vertex -7.055370330810547 -3.7711739540100098 3
  endloop
endfacet
facet normal 0 0 0
  outer loop
    vertex -7.414133071899414 -3.0710344314575195 2
    vertex -7.679446220397949 -2.3295345306396484 2
    vertex -7.391036033630371 -3.061467409133911 3
  endloop
endfacet
facet normal 0 0 0
  outer loop
    vertex -6.672543525695801 -4.458451271057129 2
    vertex -6.651756763458252 -4.444561958312988 3
    vertex -6.184083461761475 -5.075146198272705 3
  endloop
endfacet
facet normal 0 0 0
  outer loop
    vertex -7.077418327331543 -3.782958745956421 2
    vertex -7.055370330810547 -3.7711739540100098 3
    vertex -6.651756763458252 -4.444561958312988 3
  endloop
endfacet
facet normal 0 0 0
  outer loop
    vertex -7.414133071899414 -3.0710344314575195 2
    vertex -7.391036033630371 -3.061467409133911 3
    vertex -7.055370330810547 -3.7711739540100098 3
  endloop
endfacet
facet normal 0 0 0
  outer loop
    vertex -7.679446220397949 -2.3295345306396484 2
    vertex -7.65552282333374 -2.322277307510376 3
    vertex -7.391036033630371 -3.061467409133911 3
  endloop
endfacet
facet normal 0 0 0
  outer loop
    vertex -7.679446220397949 -2.3295345306396484 2
    vertex -7.87080192565918 -1.565599799156189 2
    vertex -7.65552282333374 -2.322277307510376 3
  endloop
endfacet
facet normal 0 0 0
  outer loop
    vertex -7.87080192565918 -1.565599799156189 2
    vertex -7.98635721206665 -0.7865875363349915 2
    vertex -7.846282005310059 -1.5607225894927979 3
  endloop
endfacet
facet normal 0 0 0
  outer loop
    vertex -7.98635721206665 -0.7865875363349915 2
    vertex -8.024999618530273 0 2
    vertex -7.961477756500244 -0.7841371297836304 3
  endloop
endfacet
facet normal 0 0 0
  outer loop
    vertex -7.87080192565918 -1.565599799156189 2
    vertex -7.846282005310059 -1.5607225894927979 3
    vertex -7.65552282333374 -2.322277307510376 3
  endloop
endfacet
facet normal 0 0 0
  outer loop
    vertex -7.98635721206665 -0.7865875363349915 2
    vertex -7.961477756500244 -0.7841371297836304 3
    vertex -7.846282005310059 -1.5607225894927979 3
  endloop
endfacet
facet normal 0 0 0
  outer loop
    vertex -8.024999618530273 0 2
    vertex -8 0 3
    vertex -7.961477756500244 -0.7841371297836304 3
  endloop
endfacet
facet normal 0 0 0
  outer loop
    vertex 8.125 0 -2
    vertex 7.961477756500244 0.7841371297836304 3
    vertex 8.085875511169434 0.7963892817497253 -2
  endloop
endfacet
facet normal 0 0 0
  outer loop
    vertex 8.085875511169434 0.7963892817497253 -2
    vertex 7.846282005310059 1.5607225894927979 3
    vertex 7.9688801765441895 1.5851088762283325 -2
  endloop
endfacet
facet normal 0 0 0
  outer loop
    vertex 7.9688801765441895 1.5851088762283325 -2
    vertex 7.65552282333374 2.322277307510376 3
    vertex 7.775140285491943 2.35856294631958 -2
  endloop
endfacet
facet normal 0 0 0
  outer loop
    vertex 6.755690574645996 4.514008045196533 -2
    vertex 6.184083461761475 5.075146198272705 3
    vertex 6.280709743499756 5.154445648193359 -2
  endloop
endfacet
facet normal 0 0 0
  outer loop
    vertex 7.775140285491943 2.35856294631958 -2
    vertex 7.391036033630371 3.061467409133911 3
    vertex 7.506521224975586 3.1093029975891113 -2
  endloop
endfacet
facet normal 0 0 0
  outer loop
    vertex 7.506521224975586 3.1093029975891113 -2
    vertex 7.055370330810547 3.7711739540100098 3
    vertex 7.165610313415527 3.8300983905792236 -2
  endloop
endfacet
facet normal 0 0 0
  outer loop
    vertex 6.755690574645996 4.514008045196533 -2
    vertex 7.165610313415527 3.8300983905792236 -2
    vertex 6.651756763458252 4.444561958312988 3
  endloop
endfacet
facet normal 0 0 0
  outer loop
    vertex 0.7963892817497253 8.085875511169434 -2
    vertex 0 8.024999618530273 2
    vertex 0 8.125 -2
  endloop
endfacet
facet normal 0 0 0
  outer loop
    vertex 0.7963892817497253 8.085875511169434 -2
    vertex 1.5851088762283325 7.9688801765441895 -2
    vertex 0.7841371297836304 7.961477756500244 3
  endloop
endfacet
facet normal 0 0 0
  outer loop
    vertex 6.280709743499756 5.154445648193359 -2
    vertex 5.656854152679443 5.656854152679443 3
    vertex 5.745242595672607 5.745242595672607 -2
  endloop
endfacet
facet normal 0 0 0
  outer loop
    vertex 5.745242595672607 5.745242595672607 -2
    vertex 5.075146198272705 6.184083461761475 3
    vertex 5.154445648193359 6.280709743499756 -2
  endloop
endfacet
facet normal 0 0 0
  outer loop
    vertex 3.8300983905792236 7.165610313415527 -2
    vertex 4.514008045196533 6.755690574645996 -2
    vertex 3.7711739540100098 7.055370330810547 3
  endloop
endfacet
facet normal 0 0 0
  outer loop
    vertex 3.8300983905792236 7.165610313415527 -2
    vertex 3.061467409133911 7.391036033630371 3
    vertex 3.1093029975891113 7.506521224975586 -2
  endloop
endfacet
facet normal 0 0 0
  outer loop
    vertex 5.154445648193359 6.280709743499756 -2
    vertex 4.444561958312988 6.651756763458252 3
    vertex 4.514008045196533 6.755690574645996 -2
  endloop
endfacet
facet normal 0 0 0
  outer loop
    vertex 2.35856294631958 7.775140285491943 -2
    vertex 3.1093029975891113 7.506521224975586 -2
    vertex 2.322277307510376 7.65552282333374 3
  endloop
endfacet
facet normal 0 0 0
  outer loop
    vertex 1.5851088762283325 7.9688801765441895 -2
    vertex 2.35856294631958 7.775140285491943 -2
    vertex 1.5607225894927979 7.846282005310059 3
  endloop
endfacet
facet normal 0 0 0
  outer loop
    vertex 8.125 0 -2
    vertex 8 0 3
    vertex 7.961477756500244 0.7841371297836304 3
  endloop
endfacet
facet normal 0 0 0
  outer loop
    vertex 8.085875511169434 0.7963892817497253 -2
    vertex 7.961477756500244 0.7841371297836304 3
    vertex 7.846282005310059 1.5607225894927979 3
  endloop
endfacet
facet normal 0 0 0
  outer loop
    vertex 7.9688801765441895 1.5851088762283325 -2
    vertex 7.846282005310059 1.5607225894927979 3
    vertex 7.65552282333374 2.322277307510376 3
  endloop
endfacet
facet normal 0 0 0
  outer loop
    vertex 6.755690574645996 4.514008045196533 -2
    vertex 6.651756763458252 4.444561958312988 3
    vertex 6.184083461761475 5.075146198272705 3
  endloop
endfacet
facet normal 0 0 0
  outer loop
    vertex 7.775140285491943 2.35856294631958 -2
    vertex 7.65552282333374 2.322277307510376 3
    vertex 7.391036033630371 3.061467409133911 3
  endloop
endfacet
facet normal 0 0 0
  outer loop
    vertex 7.506521224975586 3.1093029975891113 -2
    vertex 7.391036033630371 3.061467409133911 3
    vertex 7.055370330810547 3.7711739540100098 3
  endloop
endfacet
facet normal 0 0 0
  outer loop
    vertex 7.165610313415527 3.8300983905792236 -2
    vertex 7.055370330810547 3.7711739540100098 3
    vertex 6.651756763458252 4.444561958312988 3
  endloop
endfacet
facet normal 0 0 0
  outer loop
    vertex -8.024999618530273 0 2
    vertex -7.98635721206665 0.7865875363349915 2
    vertex -8 0 3
  endloop
endfacet
facet normal 0 0 0
  outer loop
    vertex -7.98635721206665 0.7865875363349915 2
    vertex -7.87080192565918 1.565599799156189 2
    vertex -7.961477756500244 0.7841371297836304 3
  endloop
endfacet
facet normal 0 0 0
  outer loop
    vertex -7.87080192565918 1.565599799156189 2
    vertex -7.679446220397949 2.3295345306396484 2
    vertex -7.846282005310059 1.5607225894927979 3
  endloop
endfacet
facet normal 0 0 0
  outer loop
    vertex -7.98635721206665 0.7865875363349915 2
    vertex -7.961477756500244 0.7841371297836304 3
    vertex -8 0 3
  endloop
endfacet
facet normal 0 0 0
  outer loop
    vertex -7.87080192565918 1.565599799156189 2
    vertex -7.846282005310059 1.5607225894927979 3
    vertex -7.961477756500244 0.7841371297836304 3
  endloop
endfacet
facet normal 0 0 0
  outer loop
    vertex -7.679446220397949 2.3295345306396484 2
    vertex -7.65552282333374 2.322277307510376 3
    vertex -7.846282005310059 1.5607225894927979 3
  endloop
endfacet
facet normal 0 0 0
  outer loop
    vertex -7.679446220397949 2.3295345306396484 2
    vertex -7.414133071899414 3.0710344314575195 2
    vertex -7.65552282333374 2.322277307510376 3
  endloop
endfacet
facet normal 0 0 0
  outer loop
    vertex -7.414133071899414 3.0710344314575195 2
    vertex -7.077418327331543 3.782958745956421 2
    vertex -7.391036033630371 3.061467409133911 3
  endloop
endfacet
facet normal 0 0 0
  outer loop
    vertex -7.077418327331543 3.782958745956421 2
    vertex -6.672543525695801 4.458451271057129 2
    vertex -7.055370330810547 3.7711739540100098 3
  endloop
endfacet
facet normal 0 0 0
  outer loop
    vertex -6.672543525695801 4.458451271057129 2
    vertex -6.203408718109131 5.091006278991699 2
    vertex -6.651756763458252 4.444561958312988 3
  endloop
endfacet
facet normal 0 0 0
  outer loop
    vertex -7.414133071899414 3.0710344314575195 2
    vertex -7.391036033630371 3.061467409133911 3
    vertex -7.65552282333374 2.322277307510376 3
  endloop
endfacet
facet normal 0 0 0
  outer loop
    vertex -7.077418327331543 3.782958745956421 2
    vertex -7.055370330810547 3.7711739540100098 3
    vertex -7.391036033630371 3.061467409133911 3
  endloop
endfacet
facet normal 0 0 0
  outer loop
    vertex -6.672543525695801 4.458451271057129 2
    vertex -6.651756763458252 4.444561958312988 3
    vertex -7.055370330810547 3.7711739540100098 3
  endloop
endfacet
facet normal 0 0 0
  outer loop
    vertex -6.203408718109131 5.091006278991699 2
    vertex -6.184083461761475 5.075146198272705 3
    vertex -6.651756763458252 4.444561958312988 3
  endloop
endfacet
facet normal 0 0 0
  outer loop
    vertex 0.7963892817497253 8.085875511169434 -2
    vertex 0 8 3
    vertex 0 8.024999618530273 2
  endloop
endfacet
facet normal 0 0 0
  outer loop
    vertex 0.7963892817497253 8.085875511169434 -2
    vertex 0.7841371297836304 7.961477756500244 3
    vertex 0 8 3
  endloop
endfacet
facet normal 0 0 0
  outer loop
    vertex 1.5851088762283325 7.9688801765441895 -2
    vertex 1.5607225894927979 7.846282005310059 3
    vertex 0.7841371297836304 7.961477756500244 3
  endloop
endfacet
facet normal 0 0 0
  outer loop
    vertex 6.280709743499756 5.154445648193359 -2
    vertex 6.184083461761475 5.075146198272705 3
    vertex 5.656854152679443 5.656854152679443 3
  endloop
endfacet
facet normal 0 0 0
  outer loop
    vertex 5.745242595672607 5.745242595672607 -2
    vertex 5.656854152679443 5.656854152679443 3
    vertex 5.075146198272705 6.184083461761475 3
  endloop
endfacet
facet normal 0 0 0
  outer loop
    vertex 4.514008045196533 6.755690574645996 -2
    vertex 4.444561958312988 6.651756763458252 3
    vertex 3.7711739540100098 7.055370330810547 3
  endloop
endfacet
facet normal 0 0 0
  outer loop
    vertex 3.8300983905792236 7.165610313415527 -2
    vertex 3.7711739540100098 7.055370330810547 3
    vertex 3.061467409133911 7.391036033630371 3
  endloop
endfacet
facet normal 0 0 0
  outer loop
    vertex 5.154445648193359 6.280709743499756 -2
    vertex 5.075146198272705 6.184083461761475 3
    vertex 4.444561958312988 6.651756763458252 3
  endloop
endfacet
facet normal 0 0 0
  outer loop
    vertex 2.35856294631958 7.775140285491943 -2
    vertex 2.322277307510376 7.65552282333374 3
    vertex 1.5607225894927979 7.846282005310059 3
  endloop
endfacet
facet normal 0 0 0
  outer loop
    vertex 3.1093029975891113 7.506521224975586 -2
    vertex 3.061467409133911 7.391036033630371 3
    vertex 2.322277307510376 7.65552282333374 3
  endloop
endfacet
facet normal 0 0 0
  outer loop
    vertex -6.203408718109131 5.091006278991699 2
    vertex -5.674531936645508 5.674531936645508 2
    vertex -6.184083461761475 5.075146198272705 3
  endloop
endfacet
facet normal 0 0 0
  outer loop
    vertex -5.674531936645508 5.674531936645508 2
    vertex -5.091006278991699 6.203408718109131 2
    vertex -5.656854152679443 5.656854152679443 3
  endloop
endfacet
facet normal 0 0 0
  outer loop
    vertex -5.091006278991699 6.203408718109131 2
    vertex -4.458451271057129 6.672543525695801 2
    vertex -5.075146198272705 6.184083461761475 3
  endloop
endfacet
facet normal 0 0 0
  outer loop
    vertex -4.458451271057129 6.672543525695801 2
    vertex -3.782958745956421 7.077418327331543 2
    vertex -4.444561958312988 6.651756763458252 3
  endloop
endfacet
facet normal 0 0 0
  outer loop
    vertex -3.782958745956421 7.077418327331543 2
    vertex -3.0710344314575195 7.414133071899414 2
    vertex -3.7711739540100098 7.055370330810547 3
  endloop
endfacet
facet normal 0 0 0
  outer loop
    vertex -3.0710344314575195 7.414133071899414 2
    vertex -2.3295345306396484 7.679446220397949 2
    vertex -3.061467409133911 7.391036033630371 3
  endloop
endfacet
facet normal 0 0 0
  outer loop
    vertex -5.674531936645508 5.674531936645508 2
    vertex -5.656854152679443 5.656854152679443 3
    vertex -6.184083461761475 5.075146198272705 3
  endloop
endfacet
facet normal 0 0 0
  outer loop
    vertex -5.091006278991699 6.203408718109131 2
    vertex -5.075146198272705 6.184083461761475 3
    vertex -5.656854152679443 5.656854152679443 3
  endloop
endfacet
facet normal 0 0 0
  outer loop
    vertex -4.458451271057129 6.672543525695801 2
    vertex -4.444561958312988 6.651756763458252 3
    vertex -5.075146198272705 6.184083461761475 3
  endloop
endfacet
facet normal 0 0 0
  outer loop
    vertex -3.782958745956421 7.077418327331543 2
    vertex -3.7711739540100098 7.055370330810547 3
    vertex -4.444561958312988 6.651756763458252 3
  endloop
endfacet
facet normal 0 0 0
  outer loop
    vertex -3.0710344314575195 7.414133071899414 2
    vertex -3.061467409133911 7.391036033630371 3
    vertex -3.7711739540100098 7.055370330810547 3
  endloop
endfacet
facet normal 0 0 0
  outer loop
    vertex -2.3295345306396484 7.679446220397949 2
    vertex -1.565599799156189 7.87080192565918 2
    vertex -2.322277307510376 7.65552282333374 3
  endloop
endfacet
facet normal 0 0 0
  outer loop
    vertex -1.565599799156189 7.87080192565918 2
    vertex -0.7865875363349915 7.98635721206665 2
    vertex -1.5607225894927979 7.846282005310059 3
  endloop
endfacet
facet normal 0 0 0
  outer loop
    vertex -0.7865875363349915 7.98635721206665 2
    vertex 0 8.024999618530273 2
    vertex -0.7841371297836304 7.961477756500244 3
  endloop
endfacet
facet normal 0 0 0
  outer loop
    vertex -2.3295345306396484 7.679446220397949 2
    vertex -2.322277307510376 7.65552282333374 3
    vertex -3.061467409133911 7.391036033630371 3
  endloop
endfacet
facet normal 0 0 0
  outer loop
    vertex -1.565599799156189 7.87080192565918 2
    vertex -1.5607225894927979 7.846282005310059 3
    vertex -2.322277307510376 7.65552282333374 3
  endloop
endfacet
facet normal 0 0 0
  outer loop
    vertex -0.7865875363349915 7.98635721206665 2
    vertex -0.7841371297836304 7.961477756500244 3
    vertex -1.5607225894927979 7.846282005310059 3
  endloop
endfacet
facet normal 0 0 0
  outer loop
    vertex 0 8.024999618530273 2
    vertex 0 8 3
    vertex -0.7841371297836304 7.961477756500244 3
  endloop
endfacet
facet normal 0 0 0
  outer loop
    vertex 11.130349159240723 -0.4000000059604645 -2
    vertex 11.143227577209473 0.13784801959991455 -2
    vertex 11.949999809265137 -0.4000000059604645 -2
  endloop
endfacet
facet normal 0 0 0
  outer loop
    vertex 11.130349159240723 -0.4000000059604645 -2
    vertex 11.949999809265137 -0.4000000059604645 -2
    vertex 11.949999809265137 -0.4000000059604645 8
  endloop
endfacet
facet normal 0 0 0
  outer loop
    vertex 11.949999809265137 -0.4000000059604645 -2
    vertex 11.949999809265137 0.4000000059604645 -2
    vertex 11.949999809265137 -0.4000000059604645 8
  endloop
endfacet
facet normal 0 0 0
  outer loop
    vertex 11.130349159240723 -0.4000000059604645 -2
    vertex 11.949999809265137 -0.4000000059604645 8
    vertex 11.130349159240723 -0.4000000059604645 2
  endloop
endfacet
facet normal 0 0 0
  outer loop
    vertex 11.01034927368164 -0.4000000059604645 2
    vertex 11.130349159240723 -0.4000000059604645 2
    vertex 11.949999809265137 -0.4000000059604645 8
  endloop
endfacet
facet normal 0 0 0
  outer loop
    vertex 11.01034927368164 -0.4000000059604645 2
    vertex 11.949999809265137 -0.4000000059604645 8
    vertex 10.83034896850586 -0.4000000059604645 8
  endloop
endfacet
facet normal 0 0 0
  outer loop
    vertex 10.83034896850586 -0.4000000059604645 8
    vertex 11.949999809265137 -0.4000000059604645 8
    vertex 10.833069801330566 0.34462007880210876 8
  endloop
endfacet
facet normal 0 0 0
  outer loop
    vertex 11.949999809265137 -0.4000000059604645 -2
    vertex 11.143227577209473 0.13784801959991455 -2
    vertex 11.949999809265137 0.4000000059604645 -2
  endloop
endfacet
facet normal 0 0 0
  outer loop
    vertex 11.143227577209473 0.13784801959991455 -2
    vertex 11.130349159240723 0.4000000059604645 -2
    vertex 11.949999809265137 0.4000000059604645 -2
  endloop
endfacet
facet normal 0 0 0
  outer loop
    vertex 11.130349159240723 0.4000000059604645 -2
    vertex 11.130349159240723 0.4000000059604645 2
    vertex 11.949999809265137 0.4000000059604645 -2
  endloop
endfacet
facet normal 0 0 0
  outer loop
    vertex 11.949999809265137 0.4000000059604645 -2
    vertex 11.130349159240723 0.4000000059604645 2
    vertex 10.83034896850586 0.4000000059604645 8
  endloop
endfacet
facet normal 0 0 0
  outer loop
    vertex 11.01034927368164 0.4000000059604645 2
    vertex 10.83034896850586 0.4000000059604645 8
    vertex 11.130349159240723 0.4000000059604645 2
  endloop
endfacet
facet normal 0 0 0
  outer loop
    vertex 11.949999809265137 -0.4000000059604645 8
    vertex 11.949999809265137 0.4000000059604645 -2
    vertex 11.949999809265137 0.4000000059604645 8
  endloop
endfacet
facet normal 0 0 0
  outer loop
    vertex 11.949999809265137 0.4000000059604645 -2
    vertex 10.83034896850586 0.4000000059604645 8
    vertex 11.949999809265137 0.4000000059604645 8
  endloop
endfacet
facet normal 0 0 0
  outer loop
    vertex 10.83034896850586 -0.4000000059604645 8
    vertex 10.833069801330566 0.34462007880210876 8
    vertex 10.797754287719727 0.3681638240814209 8
  endloop
endfacet
facet normal 0 0 0
  outer loop
    vertex 11.949999809265137 -0.4000000059604645 8
    vertex 11.949999809265137 0.4000000059604645 8
    vertex 10.833069801330566 0.34462007880210876 8
  endloop
endfacet
facet normal 0 0 0
  outer loop
    vertex 10.833069801330566 0.34462007880210876 8
    vertex 11.949999809265137 0.4000000059604645 8
    vertex 10.83034896850586 0.4000000059604645 8
  endloop
endfacet
facet normal 0 0 0
  outer loop
    vertex 9.831368446350098 5.214262962341309 -2
    vertex 9.572393417358398 5.691574573516846 -2
    vertex 9.833133697509766 5.250199794769287 -2
  endloop
endfacet
facet normal 0 0 0
  outer loop
    vertex 9.833133697509766 5.250199794769287 -2
    vertex 9.572393417358398 5.691574573516846 -2
    vertex 10.549003601074219 5.628589630126953 -2
  endloop
endfacet
facet normal 0 0 0
  outer loop
    vertex 9.848514556884766 5.224162578582764 -2
    vertex 9.833133697509766 5.250199794769287 -2
    vertex 10.549003601074219 5.628589630126953 -2
  endloop
endfacet
facet normal 0 0 0
  outer loop
    vertex 9.572393417358398 5.691574573516846 -2
    vertex 10.149003982543945 6.321410179138184 -2
    vertex 10.549003601074219 5.628589630126953 -2
  endloop
endfacet
facet normal 0 0 0
  outer loop
    vertex 9.572393417358398 5.691574573516846 -2
    vertex 9.440174102783203 5.912167549133301 -2
    vertex 10.149003982543945 6.321410179138184 -2
  endloop
endfacet
facet normal 0 0 0
  outer loop
    vertex 9.440174102783203 5.912167549133301 -2
    vertex 9.440174102783203 5.912167549133301 2
    vertex 10.149003982543945 6.321410179138184 -2
  endloop
endfacet
facet normal 0 0 0
  outer loop
    vertex 9.848514556884766 5.224162578582764 -2
    vertex 10.549003601074219 5.628589630126953 -2
    vertex 10.549003601074219 5.628589630126953 8
  endloop
endfacet
facet normal 0 0 0
  outer loop
    vertex 10.549003601074219 5.628589630126953 -2
    vertex 10.149003982543945 6.321410179138184 -2
    vertex 10.549003601074219 5.628589630126953 8
  endloop
endfacet
facet normal 0 0 0
  outer loop
    vertex 9.848514556884766 5.224162578582764 -2
    vertex 10.549003601074219 5.628589630126953 8
    vertex 9.848514556884766 5.224162578582764 2
  endloop
endfacet
facet normal 0 0 0
  outer loop
    vertex 10.149003982543945 6.321410179138184 -2
    vertex 9.440174102783203 5.912167549133301 2
    vertex 9.180644989013672 5.762328147888184 8
  endloop
endfacet
facet normal 0 0 0
  outer loop
    vertex 9.336362838745117 5.852231979370117 2
    vertex 9.180644989013672 5.762328147888184 8
    vertex 9.440174102783203 5.912167549133301 2
  endloop
endfacet
facet normal 0 0 0
  outer loop
    vertex 9.744368553161621 5.164033889770508 2
    vertex 9.848514556884766 5.224162578582764 2
    vertex 10.549003601074219 5.628589630126953 8
  endloop
endfacet
facet normal 0 0 0
  outer loop
    vertex 10.149003982543945 6.321410179138184 -2
    vertex 9.180644989013672 5.762328147888184 8
    vertex 10.149003982543945 6.321410179138184 8
  endloop
endfacet
facet normal 0 0 0
  outer loop
    vertex 10.149003982543945 6.321410179138184 -2
    vertex 10.149003982543945 6.321410179138184 8
    vertex 10.549003601074219 5.628589630126953 8
  endloop
endfacet
facet normal 0 0 0
  outer loop
    vertex 9.744368553161621 5.164033889770508 2
    vertex 10.549003601074219 5.628589630126953 8
    vertex 9.588149070739746 5.073840618133545 8
  endloop
endfacet
facet normal 0 0 0
  outer loop
    vertex 9.209006309509277 5.715010166168213 8
    vertex 9.566218376159668 5.061178684234619 8
    vertex 9.588149070739746 5.073840618133545 8
  endloop
endfacet
facet normal 0 0 0
  outer loop
    vertex 9.209006309509277 5.715010166168213 8
    vertex 9.588149070739746 5.073840618133545 8
    vertex 10.549003601074219 5.628589630126953 8
  endloop
endfacet
facet normal 0 0 0
  outer loop
    vertex 9.209006309509277 5.715010166168213 8
    vertex 10.149003982543945 6.321410179138184 8
    vertex 9.180644989013672 5.762328147888184 8
  endloop
endfacet
facet normal 0 0 0
  outer loop
    vertex 9.209006309509277 5.715010166168213 8
    vertex 10.549003601074219 5.628589630126953 8
    vertex 10.149003982543945 6.321410179138184 8
  endloop
endfacet
facet normal 0 0 0
  outer loop
    vertex 5.250885486602783 9.619686126708984 -2
    vertex 5.235548973083496 9.747257232666016 -2
    vertex 5.449131011962891 9.717707633972168 -2
  endloop
endfacet
facet normal 0 0 0
  outer loop
    vertex 5.235548973083496 9.747257232666016 -2
    vertex 5.224162578582764 9.848514556884766 -2
    vertex 5.449131011962891 9.717707633972168 -2
  endloop
endfacet
facet normal 0 0 0
  outer loop
    vertex 5.449131011962891 9.717707633972168 -2
    vertex 6.321410179138184 10.149003982543945 -2
    vertex 5.912167549133301 9.440174102783203 -2
  endloop
endfacet
facet normal 0 0 0
  outer loop
    vertex 5.449131011962891 9.717707633972168 -2
    vertex 5.224162578582764 9.848514556884766 -2
    vertex 6.321410179138184 10.149003982543945 -2
  endloop
endfacet
facet normal 0 0 0
  outer loop
    vertex 5.912167549133301 9.440174102783203 -2
    vertex 6.321410179138184 10.149003982543945 -2
    vertex 6.321410179138184 10.149003982543945 8
  endloop
endfacet
facet normal 0 0 0
  outer loop
    vertex 5.224162578582764 9.848514556884766 2
    vertex 5.073840618133545 9.588149070739746 8
    vertex 5.628589630126953 10.549003601074219 -2
  endloop
endfacet
facet normal 0 0 0
  outer loop
    vertex 5.912167549133301 9.440174102783203 -2
    vertex 6.321410179138184 10.149003982543945 8
    vertex 5.912167549133301 9.440174102783203 2
  endloop
endfacet
facet normal 0 0 0
  outer loop
    vertex 5.224162578582764 9.848514556884766 -2
    vertex 5.628589630126953 10.549003601074219 -2
    vertex 6.321410179138184 10.149003982543945 -2
  endloop
endfacet
facet normal 0 0 0
  outer loop
    vertex 5.224162578582764 9.848514556884766 -2
    vertex 5.224162578582764 9.848514556884766 2
    vertex 5.628589630126953 10.549003601074219 -2
  endloop
endfacet
facet normal 0 0 0
  outer loop
    vertex 6.321410179138184 10.149003982543945 -2
    vertex 5.628589630126953 10.549003601074219 -2
    vertex 6.321410179138184 10.149003982543945 8
  endloop
endfacet
facet normal 0 0 0
  outer loop
    vertex 5.164033889770508 9.744368553161621 2
    vertex 5.073840618133545 9.588149070739746 8
    vertex 5.224162578582764 9.848514556884766 2
  endloop
endfacet
facet normal 0 0 0
  outer loop
    vertex 5.852231979370117 9.336362838745117 2
    vertex 5.912167549133301 9.440174102783203 2
    vertex 6.321410179138184 10.149003982543945 8
  endloop
endfacet
facet normal 0 0 0
  outer loop
    vertex 5.852231979370117 9.336362838745117 2
    vertex 6.321410179138184 10.149003982543945 8
    vertex 5.762328147888184 9.180644989013672 8
  endloop
endfacet
facet normal 0 0 0
  outer loop
    vertex 5.129755973815918 9.559794425964355 8
    vertex 5.073840618133545 9.588149070739746 8
    vertex 5.110054016113281 9.550052642822266 8
  endloop
endfacet
facet normal 0 0 0
  outer loop
    vertex 5.129755973815918 9.559794425964355 8
    vertex 6.321410179138184 10.149003982543945 8
    vertex 5.073840618133545 9.588149070739746 8
  endloop
endfacet
facet normal 0 0 0
  outer loop
    vertex 5.762328147888184 9.180644989013672 8
    vertex 6.321410179138184 10.149003982543945 8
    vertex 5.129755973815918 9.559794425964355 8
  endloop
endfacet
facet normal 0 0 0
  outer loop
    vertex 5.628589630126953 10.549003601074219 -2
    vertex 5.073840618133545 9.588149070739746 8
    vertex 5.628589630126953 10.549003601074219 8
  endloop
endfacet
facet normal 0 0 0
  outer loop
    vertex 5.628589630126953 10.549003601074219 -2
    vertex 5.628589630126953 10.549003601074219 8
    vertex 6.321410179138184 10.149003982543945 8
  endloop
endfacet
facet normal 0 0 0
  outer loop
    vertex 5.073840618133545 9.588149070739746 8
    vertex 6.321410179138184 10.149003982543945 8
    vertex 5.628589630126953 10.549003601074219 8
  endloop
endfacet
facet normal 0 0 0
  outer loop
    vertex 0 10.75 -2
    vertex -0.08685796707868576 10.997773170471191 -2
    vertex 0.28977128863334656 11.025535583496094 -2
  endloop
endfacet
facet normal 0 0 0
  outer loop
    vertex -0.12566527724266052 10.996777534484863 -2
    vertex -0.12686334550380707 11.01117992401123 -2
    vertex -0.09043240547180176 11.00796890258789 -2
  endloop
endfacet
facet normal 0 0 0
  outer loop
    vertex -0.12566527724266052 10.996777534484863 -2
    vertex -0.09043240547180176 11.00796890258789 -2
    vertex -0.08685796707868576 10.997773170471191 -2
  endloop
endfacet
facet normal 0 0 0
  outer loop
    vertex -0.08685796707868576 10.997773170471191 -2
    vertex -0.09043240547180176 11.00796890258789 -2
    vertex 0.28977128863334656 11.025535583496094 -2
  endloop
endfacet
facet normal 0 0 0
  outer loop
    vertex -0.09043240547180176 11.00796890258789 -2
    vertex 0 11.13992691040039 -2
    vertex 0.28977128863334656 11.025535583496094 -2
  endloop
endfacet
facet normal 0 0 0
  outer loop
    vertex -0.4000000059604645 11.130349159240723 -2
    vertex -0.4000000059604645 11.949999809265137 -2
    vertex -0.13784801959991455 11.143227577209473 -2
  endloop
endfacet
facet normal 0 0 0
  outer loop
    vertex -0.13784801959991455 11.143227577209473 -2
    vertex 0.4000000059604645 11.949999809265137 -2
    vertex 0 11.13992691040039 -2
  endloop
endfacet
facet normal 0 0 0
  outer loop
    vertex 0 11.13992691040039 -2
    vertex 0.4000000059604645 11.949999809265137 -2
    vertex 0.4000000059604645 11.130349159240723 -2
  endloop
endfacet
facet normal 0 0 0
  outer loop
    vertex -0.13784801959991455 11.143227577209473 -2
    vertex -0.4000000059604645 11.949999809265137 -2
    vertex 0.4000000059604645 11.949999809265137 -2
  endloop
endfacet
facet normal 0 0 0
  outer loop
    vertex 0.4000000059604645 11.130349159240723 -2
    vertex 0.4000000059604645 11.949999809265137 -2
    vertex 0.4000000059604645 11.130349159240723 2
  endloop
endfacet
facet normal 0 0 0
  outer loop
    vertex -0.4000000059604645 11.130349159240723 -2
    vertex -0.4000000059604645 11.949999809265137 8
    vertex -0.4000000059604645 11.949999809265137 -2
  endloop
endfacet
facet normal 0 0 0
  outer loop
    vertex -0.4000000059604645 11.949999809265137 -2
    vertex 0.4000000059604645 11.949999809265137 8
    vertex 0.4000000059604645 11.949999809265137 -2
  endloop
endfacet
facet normal 0 0 0
  outer loop
    vertex -0.4000000059604645 11.130349159240723 -2
    vertex -0.4000000059604645 11.130349159240723 2
    vertex -0.4000000059604645 11.949999809265137 8
  endloop
endfacet
facet normal 0 0 0
  outer loop
    vertex 0.4000000059604645 11.949999809265137 -2
    vertex 0.4000000059604645 10.83034896850586 8
    vertex 0.4000000059604645 11.130349159240723 2
  endloop
endfacet
facet normal 0 0 0
  outer loop
    vertex 0.4000000059604645 11.01034927368164 2
    vertex 0.4000000059604645 11.130349159240723 2
    vertex 0.4000000059604645 10.83034896850586 8
  endloop
endfacet
facet normal 0 0 0
  outer loop
    vertex -0.4000000059604645 11.01034927368164 2
    vertex -0.4000000059604645 11.949999809265137 8
    vertex -0.4000000059604645 11.130349159240723 2
  endloop
endfacet
facet normal 0 0 0
  outer loop
    vertex 0.4000000059604645 11.949999809265137 -2
    vertex 0.4000000059604645 11.949999809265137 8
    vertex 0.4000000059604645 10.83034896850586 8
  endloop
endfacet
facet normal 0 0 0
  outer loop
    vertex -0.4000000059604645 11.949999809265137 -2
    vertex -0.4000000059604645 11.949999809265137 8
    vertex 0.4000000059604645 11.949999809265137 8
  endloop
endfacet
facet normal 0 0 0
  outer loop
    vertex -0.4000000059604645 11.01034927368164 2
    vertex -0.4000000059604645 10.83034896850586 8
    vertex -0.4000000059604645 11.949999809265137 8
  endloop
endfacet
facet normal 0 0 0
  outer loop
    vertex -0.4000000059604645 10.83034896850586 8
    vertex -0.34462007880210876 10.833069801330566 8
    vertex -0.4000000059604645 11.949999809265137 8
  endloop
endfacet
facet normal 0 0 0
  outer loop
    vertex -0.34462007880210876 10.833069801330566 8
    vertex 0 10.75 8
    vertex 0.4000000059604645 11.949999809265137 8
  endloop
endfacet
facet normal 0 0 0
  outer loop
    vertex 0.02561916410923004 10.75 8
    vertex 0.4000000059604645 11.949999809265137 8
    vertex 0 10.75 8
  endloop
endfacet
facet normal 0 0 0
  outer loop
    vertex 0.02561916410923004 10.75 8
    vertex 0.4000000059604645 10.83034896850586 8
    vertex 0.4000000059604645 11.949999809265137 8
  endloop
endfacet
facet normal 0 0 0
  outer loop
    vertex -0.34462007880210876 10.833069801330566 8
    vertex 0.4000000059604645 11.949999809265137 8
    vertex -0.4000000059604645 11.949999809265137 8
  endloop
endfacet
facet normal 0 0 0
  outer loop
    vertex -5.852231979370117 9.336362838745117 2
    vertex -6.321410179138184 10.149003982543945 8
    vertex -6.321410179138184 10.149003982543945 2
  endloop
endfacet
facet normal 0 0 0
  outer loop
    vertex -5.164033889770508 9.744368553161621 2
    vertex -5.628589630126953 10.549003601074219 2
    vertex -5.073840618133545 9.588149070739746 8
  endloop
endfacet
facet normal 0 0 0
  outer loop
    vertex -5.852231979370117 9.336362838745117 2
    vertex -5.762328147888184 9.180644989013672 8
    vertex -6.321410179138184 10.149003982543945 8
  endloop
endfacet
facet normal 0 0 0
  outer loop
    vertex -5.715010166168213 9.209006309509277 8
    vertex -6.321410179138184 10.149003982543945 8
    vertex -5.762328147888184 9.180644989013672 8
  endloop
endfacet
facet normal 0 0 0
  outer loop
    vertex -5.715010166168213 9.209006309509277 8
    vertex -5.1110148429870605 9.46218490600586 8
    vertex -5.628589630126953 10.549003601074219 8
  endloop
endfacet
facet normal 0 0 0
  outer loop
    vertex -5.715010166168213 9.209006309509277 8
    vertex -5.628589630126953 10.549003601074219 8
    vertex -6.321410179138184 10.149003982543945 8
  endloop
endfacet
facet normal 0 0 0
  outer loop
    vertex -5.070229530334473 9.485732078552246 8
    vertex -5.628589630126953 10.549003601074219 8
    vertex -5.1110148429870605 9.46218490600586 8
  endloop
endfacet
facet normal 0 0 0
  outer loop
    vertex -5.070229530334473 9.485732078552246 8
    vertex -5.073840618133545 9.588149070739746 8
    vertex -5.628589630126953 10.549003601074219 8
  endloop
endfacet
facet normal 0 0 0
  outer loop
    vertex -6.321410179138184 10.149003982543945 2
    vertex -6.321410179138184 10.149003982543945 8
    vertex -5.628589630126953 10.549003601074219 2
  endloop
endfacet
facet normal 0 0 0
  outer loop
    vertex -5.628589630126953 10.549003601074219 2
    vertex -5.628589630126953 10.549003601074219 8
    vertex -5.073840618133545 9.588149070739746 8
  endloop
endfacet
facet normal 0 0 0
  outer loop
    vertex -5.628589630126953 10.549003601074219 2
    vertex -6.321410179138184 10.149003982543945 8
    vertex -5.628589630126953 10.549003601074219 8
  endloop
endfacet
facet normal 0 0 0
  outer loop
    vertex -9.848514556884766 5.224162578582764 2
    vertex -9.744368553161621 5.164033889770508 2
    vertex -10.549003601074219 5.628589630126953 8
  endloop
endfacet
facet normal 0 0 0
  outer loop
    vertex -9.848514556884766 5.224162578582764 2
    vertex -10.549003601074219 5.628589630126953 8
    vertex -10.549003601074219 5.628589630126953 2
  endloop
endfacet
facet normal 0 0 0
  outer loop
    vertex -10.549003601074219 5.628589630126953 2
    vertex -10.549003601074219 5.628589630126953 8
    vertex -10.149003982543945 6.321410179138184 2
  endloop
endfacet
facet normal 0 0 0
  outer loop
    vertex -9.336362838745117 5.852231979370117 2
    vertex -10.149003982543945 6.321410179138184 2
    vertex -9.180644989013672 5.762328147888184 8
  endloop
endfacet
facet normal 0 0 0
  outer loop
    vertex -9.744368553161621 5.164033889770508 2
    vertex -9.588149070739746 5.073840618133545 8
    vertex -10.549003601074219 5.628589630126953 8
  endloop
endfacet
facet normal 0 0 0
  outer loop
    vertex -10.149003982543945 6.321410179138184 2
    vertex -10.549003601074219 5.628589630126953 8
    vertex -10.149003982543945 6.321410179138184 8
  endloop
endfacet
facet normal 0 0 0
  outer loop
    vertex -10.149003982543945 6.321410179138184 2
    vertex -10.149003982543945 6.321410179138184 8
    vertex -9.180644989013672 5.762328147888184 8
  endloop
endfacet
facet normal 0 0 0
  outer loop
    vertex -9.588149070739746 5.073840618133545 8
    vertex -9.559794425964355 5.129755973815918 8
    vertex -10.549003601074219 5.628589630126953 8
  endloop
endfacet
facet normal 0 0 0
  outer loop
    vertex -9.568845748901367 5.062695503234863 8
    vertex -9.559794425964355 5.129755973815918 8
    vertex -9.588149070739746 5.073840618133545 8
  endloop
endfacet
facet normal 0 0 0
  outer loop
    vertex -9.559794425964355 5.129755973815918 8
    vertex -10.149003982543945 6.321410179138184 8
    vertex -10.549003601074219 5.628589630126953 8
  endloop
endfacet
facet normal 0 0 0
  outer loop
    vertex -9.559794425964355 5.129755973815918 8
    vertex -9.180644989013672 5.762328147888184 8
    vertex -10.149003982543945 6.321410179138184 8
  endloop
endfacet
facet normal 0 0 0
  outer loop
    vertex -11.949999809265137 -0.4000000059604645 2
    vertex -11.01034927368164 -0.4000000059604645 2
    vertex -11.949999809265137 -0.4000000059604645 8
  endloop
endfacet
facet normal 0 0 0
  outer loop
    vertex -11.949999809265137 -0.4000000059604645 2
    vertex -11.949999809265137 -0.4000000059604645 8
    vertex -11.949999809265137 0.4000000059604645 2
  endloop
endfacet
facet normal 0 0 0
  outer loop
    vertex -11.01034927368164 -0.4000000059604645 2
    vertex -10.83034896850586 -0.4000000059604645 8
    vertex -11.949999809265137 -0.4000000059604645 8
  endloop
endfacet
facet normal 0 0 0
  outer loop
    vertex -11.949999809265137 -0.4000000059604645 8
    vertex -10.83034896850586 -0.4000000059604645 8
    vertex -10.833069801330566 -0.34462007880210876 8
  endloop
endfacet
facet normal 0 0 0
  outer loop
    vertex -11.949999809265137 -0.4000000059604645 8
    vertex -10.833069801330566 -0.34462007880210876 8
    vertex -11.949999809265137 0.4000000059604645 8
  endloop
endfacet
facet normal 0 0 0
  outer loop
    vertex -11.949999809265137 0.4000000059604645 2
    vertex -10.83034896850586 0.4000000059604645 8
    vertex -11.01034927368164 0.4000000059604645 2
  endloop
endfacet
facet normal 0 0 0
  outer loop
    vertex -11.949999809265137 -0.4000000059604645 8
    vertex -11.949999809265137 0.4000000059604645 8
    vertex -11.949999809265137 0.4000000059604645 2
  endloop
endfacet
facet normal 0 0 0
  outer loop
    vertex -11.949999809265137 0.4000000059604645 2
    vertex -11.949999809265137 0.4000000059604645 8
    vertex -10.83034896850586 0.4000000059604645 8
  endloop
endfacet
facet normal 0 0 0
  outer loop
    vertex -10.833069801330566 -0.34462007880210876 8
    vertex -10.83034896850586 0.4000000059604645 8
    vertex -11.949999809265137 0.4000000059604645 8
  endloop
endfacet
facet normal 0 0 0
  outer loop
    vertex -10.149003982543945 -6.321410179138184 2
    vertex -9.336362838745117 -5.852231979370117 2
    vertex -10.149003982543945 -6.321410179138184 8
  endloop
endfacet
facet normal 0 0 0
  outer loop
    vertex -10.149003982543945 -6.321410179138184 2
    vertex -10.149003982543945 -6.321410179138184 8
    vertex -10.549003601074219 -5.628589630126953 2
  endloop
endfacet
facet normal 0 0 0
  outer loop
    vertex -10.549003601074219 -5.628589630126953 2
    vertex -9.588149070739746 -5.073840618133545 8
    vertex -9.744368553161621 -5.164033889770508 2
  endloop
endfacet
facet normal 0 0 0
  outer loop
    vertex -10.549003601074219 -5.628589630126953 2
    vertex -10.149003982543945 -6.321410179138184 8
    vertex -10.549003601074219 -5.628589630126953 8
  endloop
endfacet
facet normal 0 0 0
  outer loop
    vertex -9.336362838745117 -5.852231979370117 2
    vertex -9.180644989013672 -5.762328147888184 8
    vertex -10.149003982543945 -6.321410179138184 8
  endloop
endfacet
facet normal 0 0 0
  outer loop
    vertex -10.549003601074219 -5.628589630126953 2
    vertex -10.549003601074219 -5.628589630126953 8
    vertex -9.588149070739746 -5.073840618133545 8
  endloop
endfacet
facet normal 0 0 0
  outer loop
    vertex -10.149003982543945 -6.321410179138184 8
    vertex -9.209006309509277 -5.715010166168213 8
    vertex -10.549003601074219 -5.628589630126953 8
  endloop
endfacet
facet normal 0 0 0
  outer loop
    vertex -10.149003982543945 -6.321410179138184 8
    vertex -9.180644989013672 -5.762328147888184 8
    vertex -9.209006309509277 -5.715010166168213 8
  endloop
endfacet
facet normal 0 0 0
  outer loop
    vertex -10.549003601074219 -5.628589630126953 8
    vertex -9.209006309509277 -5.715010166168213 8
    vertex -9.588149070739746 -5.073840618133545 8
  endloop
endfacet
facet normal 0 0 0
  outer loop
    vertex -9.209006309509277 -5.715010166168213 8
    vertex -9.566218376159668 -5.061178684234619 8
    vertex -9.588149070739746 -5.073840618133545 8
  endloop
endfacet
facet normal 0 0 0
  outer loop
    vertex -6.321410179138184 -10.149003982543945 2
    vertex -5.628589630126953 -10.549003601074219 2
    vertex -5.628589630126953 -10.549003601074219 8
  endloop
endfacet
facet normal 0 0 0
  outer loop
    vertex -5.628589630126953 -10.549003601074219 2
    vertex -5.164033889770508 -9.744368553161621 2
    vertex -5.628589630126953 -10.549003601074219 8
  endloop
endfacet
facet normal 0 0 0
  outer loop
    vertex -6.321410179138184 -10.149003982543945 2
    vertex -5.628589630126953 -10.549003601074219 8
    vertex -6.321410179138184 -10.149003982543945 8
  endloop
endfacet
facet normal 0 0 0
  outer loop
    vertex -6.321410179138184 -10.149003982543945 8
    vertex -5.628589630126953 -10.549003601074219 8
    vertex -5.116428852081299 -9.553204536437988 8
  endloop
endfacet
facet normal 0 0 0
  outer loop
    vertex -6.321410179138184 -10.149003982543945 2
    vertex -5.762328147888184 -9.180644989013672 8
    vertex -5.852231979370117 -9.336362838745117 2
  endloop
endfacet
facet normal 0 0 0
  outer loop
    vertex -6.321410179138184 -10.149003982543945 2
    vertex -6.321410179138184 -10.149003982543945 8
    vertex -5.762328147888184 -9.180644989013672 8
  endloop
endfacet
facet normal 0 0 0
  outer loop
    vertex -5.164033889770508 -9.744368553161621 2
    vertex -5.073840618133545 -9.588149070739746 8
    vertex -5.628589630126953 -10.549003601074219 8
  endloop
endfacet
facet normal 0 0 0
  outer loop
    vertex -5.628589630126953 -10.549003601074219 8
    vertex -5.073840618133545 -9.588149070739746 8
    vertex -5.116428852081299 -9.553204536437988 8
  endloop
endfacet
facet normal 0 0 0
  outer loop
    vertex -6.321410179138184 -10.149003982543945 8
    vertex -5.116428852081299 -9.553204536437988 8
    vertex -5.762328147888184 -9.180644989013672 8
  endloop
endfacet
facet normal 0 0 0
  outer loop
    vertex -5.073840618133545 -9.588149070739746 8
    vertex -5.110054016113281 -9.550052642822266 8
    vertex -5.116428852081299 -9.553204536437988 8
  endloop
endfacet
facet normal 0 0 0
  outer loop
    vertex -0.4000000059604645 -11.949999809265137 -2
    vertex 0.13784801959991455 -11.143227577209473 -2
    vertex 0.4000000059604645 -11.949999809265137 -2
  endloop
endfacet
facet normal 0 0 0
  outer loop
    vertex -0.4000000059604645 -11.949999809265137 -2
    vertex -0.4000000059604645 -11.130349159240723 -2
    vertex -0.04663446545600891 -11.138810157775879 -2
  endloop
endfacet
facet normal 0 0 0
  outer loop
    vertex -0.4000000059604645 -11.949999809265137 -2
    vertex 0.0026018035132437944 -11.139989852905273 -2
    vertex 0.13784801959991455 -11.143227577209473 -2
  endloop
endfacet
facet normal 0 0 0
  outer loop
    vertex -0.4000000059604645 -11.949999809265137 -2
    vertex -0.04663446545600891 -11.138810157775879 -2
    vertex 0.0026018035132437944 -11.139989852905273 -2
  endloop
endfacet
facet normal 0 0 0
  outer loop
    vertex 0.4000000059604645 -11.949999809265137 -2
    vertex 0.13784801959991455 -11.143227577209473 -2
    vertex 0.4000000059604645 -11.130349159240723 -2
  endloop
endfacet
facet normal 0 0 0
  outer loop
    vertex -0.3359050750732422 -11.069402694702148 -2
    vertex -0.22374355792999268 -10.962751388549805 -2
    vertex -0.04663446545600891 -11.138810157775879 -2
  endloop
endfacet
facet normal 0 0 0
  outer loop
    vertex -0.04663446545600891 -11.138810157775879 -2
    vertex 0.10396305471658707 -10.75 -2
    vertex 0.0026018035132437944 -11.139989852905273 -2
  endloop
endfacet
facet normal 0 0 0
  outer loop
    vertex -0.04663446545600891 -11.138810157775879 -2
    vertex -0.22374355792999268 -10.962751388549805 -2
    vertex 0.10396305471658707 -10.75 -2
  endloop
endfacet
facet normal 0 0 0
  outer loop
    vertex -0.22374355792999268 -10.962751388549805 -2
    vertex 0 -10.75 -2
    vertex 0.10396305471658707 -10.75 -2
  endloop
endfacet
facet normal 0 0 0
  outer loop
    vertex -0.4000000059604645 -11.949999809265137 -2
    vertex -0.4000000059604645 -11.130349159240723 2
    vertex -0.4000000059604645 -11.130349159240723 -2
  endloop
endfacet
facet normal 0 0 0
  outer loop
    vertex -0.4000000059604645 -11.949999809265137 -2
    vertex 0.4000000059604645 -11.949999809265137 -2
    vertex -0.4000000059604645 -11.949999809265137 8
  endloop
endfacet
facet normal 0 0 0
  outer loop
    vertex 0.4000000059604645 -11.949999809265137 -2
    vertex 0.4000000059604645 -11.130349159240723 -2
    vertex 0.4000000059604645 -11.949999809265137 8
  endloop
endfacet
facet normal 0 0 0
  outer loop
    vertex -0.4000000059604645 -11.949999809265137 -2
    vertex -0.4000000059604645 -10.83034896850586 8
    vertex -0.4000000059604645 -11.130349159240723 2
  endloop
endfacet
facet normal 0 0 0
  outer loop
    vertex 0.4000000059604645 -11.130349159240723 -2
    vertex 0.4000000059604645 -11.130349159240723 2
    vertex 0.4000000059604645 -11.949999809265137 8
  endloop
endfacet
facet normal 0 0 0
  outer loop
    vertex 0.4000000059604645 -11.130349159240723 2
    vertex 0.4000000059604645 -11.01034927368164 2
    vertex 0.4000000059604645 -11.949999809265137 8
  endloop
endfacet
facet normal 0 0 0
  outer loop
    vertex -0.4000000059604645 -11.130349159240723 2
    vertex -0.4000000059604645 -10.83034896850586 8
    vertex -0.4000000059604645 -11.01034927368164 2
  endloop
endfacet
facet normal 0 0 0
  outer loop
    vertex 0.4000000059604645 -11.949999809265137 -2
    vertex 0.4000000059604645 -11.949999809265137 8
    vertex -0.4000000059604645 -11.949999809265137 8
  endloop
endfacet
facet normal 0 0 0
  outer loop
    vertex -0.4000000059604645 -11.949999809265137 -2
    vertex -0.4000000059604645 -11.949999809265137 8
    vertex -0.4000000059604645 -10.83034896850586 8
  endloop
endfacet
facet normal 0 0 0
  outer loop
    vertex 0.4000000059604645 -11.01034927368164 2
    vertex 0.4000000059604645 -10.83034896850586 8
    vertex 0.4000000059604645 -11.949999809265137 8
  endloop
endfacet
facet normal 0 0 0
  outer loop
    vertex -0.4000000059604645 -11.949999809265137 8
    vertex 0.4000000059604645 -11.949999809265137 8
    vertex 0.34462007880210876 -10.833069801330566 8
  endloop
endfacet
facet normal 0 0 0
  outer loop
    vertex -0.4000000059604645 -11.949999809265137 8
    vertex -0.02561916410923004 -10.75 8
    vertex -0.4000000059604645 -10.83034896850586 8
  endloop
endfacet
facet normal 0 0 0
  outer loop
    vertex -0.4000000059604645 -11.949999809265137 8
    vertex 0.34462007880210876 -10.833069801330566 8
    vertex 0 -10.75 8
  endloop
endfacet
facet normal 0 0 0
  outer loop
    vertex -0.4000000059604645 -11.949999809265137 8
    vertex 0 -10.75 8
    vertex -0.02561916410923004 -10.75 8
  endloop
endfacet
facet normal 0 0 0
  outer loop
    vertex 0.4000000059604645 -11.949999809265137 8
    vertex 0.4000000059604645 -10.83034896850586 8
    vertex 0.34462007880210876 -10.833069801330566 8
  endloop
endfacet
facet normal 0 0 0
  outer loop
    vertex 5.628589630126953 -10.549003601074219 -2
    vertex 5.691574573516846 -9.572393417358398 -2
    vertex 6.321410179138184 -10.149003982543945 -2
  endloop
endfacet
facet normal 0 0 0
  outer loop
    vertex 5.628589630126953 -10.549003601074219 -2
    vertex 5.628589630126953 -10.549003601074219 8
    vertex 5.224162578582764 -9.848514556884766 -2
  endloop
endfacet
facet normal 0 0 0
  outer loop
    vertex 5.628589630126953 -10.549003601074219 -2
    vertex 6.321410179138184 -10.149003982543945 -2
    vertex 5.628589630126953 -10.549003601074219 8
  endloop
endfacet
facet normal 0 0 0
  outer loop
    vertex 5.224162578582764 -9.848514556884766 -2
    vertex 5.628589630126953 -10.549003601074219 8
    vertex 5.224162578582764 -9.848514556884766 2
  endloop
endfacet
facet normal 0 0 0
  outer loop
    vertex 5.628589630126953 -10.549003601074219 -2
    vertex 5.224162578582764 -9.848514556884766 -2
    vertex 5.691574573516846 -9.572393417358398 -2
  endloop
endfacet
facet normal 0 0 0
  outer loop
    vertex 6.321410179138184 -10.149003982543945 -2
    vertex 5.691574573516846 -9.572393417358398 -2
    vertex 5.912167549133301 -9.440174102783203 -2
  endloop
endfacet
facet normal 0 0 0
  outer loop
    vertex 6.321410179138184 -10.149003982543945 -2
    vertex 5.912167549133301 -9.440174102783203 -2
    vertex 5.912167549133301 -9.440174102783203 2
  endloop
endfacet
facet normal 0 0 0
  outer loop
    vertex 6.321410179138184 -10.149003982543945 -2
    vertex 5.912167549133301 -9.440174102783203 2
    vertex 5.762328147888184 -9.180644989013672 8
  endloop
endfacet
facet normal 0 0 0
  outer loop
    vertex 5.224162578582764 -9.848514556884766 2
    vertex 5.628589630126953 -10.549003601074219 8
    vertex 5.164033889770508 -9.744368553161621 2
  endloop
endfacet
facet normal 0 0 0
  outer loop
    vertex 6.321410179138184 -10.149003982543945 -2
    vertex 6.321410179138184 -10.149003982543945 8
    vertex 5.628589630126953 -10.549003601074219 8
  endloop
endfacet
facet normal 0 0 0
  outer loop
    vertex 5.912167549133301 -9.440174102783203 2
    vertex 5.852231979370117 -9.336362838745117 2
    vertex 5.762328147888184 -9.180644989013672 8
  endloop
endfacet
facet normal 0 0 0
  outer loop
    vertex 6.321410179138184 -10.149003982543945 -2
    vertex 5.762328147888184 -9.180644989013672 8
    vertex 6.321410179138184 -10.149003982543945 8
  endloop
endfacet
facet normal 0 0 0
  outer loop
    vertex 5.164033889770508 -9.744368553161621 2
    vertex 5.628589630126953 -10.549003601074219 8
    vertex 5.073840618133545 -9.588149070739746 8
  endloop
endfacet
facet normal 0 0 0
  outer loop
    vertex 5.628589630126953 -10.549003601074219 8
    vertex 5.070229530334473 -9.485732078552246 8
    vertex 5.073840618133545 -9.588149070739746 8
  endloop
endfacet
facet normal 0 0 0
  outer loop
    vertex 5.628589630126953 -10.549003601074219 8
    vertex 5.1110148429870605 -9.46218490600586 8
    vertex 5.070229530334473 -9.485732078552246 8
  endloop
endfacet
facet normal 0 0 0
  outer loop
    vertex 5.628589630126953 -10.549003601074219 8
    vertex 5.715010166168213 -9.209006309509277 8
    vertex 5.1110148429870605 -9.46218490600586 8
  endloop
endfacet
facet normal 0 0 0
  outer loop
    vertex 5.628589630126953 -10.549003601074219 8
    vertex 6.321410179138184 -10.149003982543945 8
    vertex 5.715010166168213 -9.209006309509277 8
  endloop
endfacet
facet normal 0 0 0
  outer loop
    vertex 6.321410179138184 -10.149003982543945 8
    vertex 5.762328147888184 -9.180644989013672 8
    vertex 5.715010166168213 -9.209006309509277 8
  endloop
endfacet
facet normal 0 0 0
  outer loop
    vertex 10.149003982543945 -6.321410179138184 -2
    vertex 9.440174102783203 -5.912167549133301 -2
    vertex 9.717707633972168 -5.449131011962891 -2
  endloop
endfacet
facet normal 0 0 0
  outer loop
    vertex 10.149003982543945 -6.321410179138184 -2
    vertex 9.717707633972168 -5.449131011962891 -2
    vertex 10.549003601074219 -5.628589630126953 -2
  endloop
endfacet
facet normal 0 0 0
  outer loop
    vertex 10.549003601074219 -5.628589630126953 -2
    vertex 9.717707633972168 -5.449131011962891 -2
    vertex 9.848514556884766 -5.224162578582764 -2
  endloop
endfacet
facet normal 0 0 0
  outer loop
    vertex 10.549003601074219 -5.628589630126953 -2
    vertex 9.848514556884766 -5.224162578582764 -2
    vertex 9.848514556884766 -5.224162578582764 2
  endloop
endfacet
facet normal 0 0 0
  outer loop
    vertex 10.149003982543945 -6.321410179138184 -2
    vertex 10.149003982543945 -6.321410179138184 8
    vertex 9.440174102783203 -5.912167549133301 -2
  endloop
endfacet
facet normal 0 0 0
  outer loop
    vertex 10.149003982543945 -6.321410179138184 -2
    vertex 10.549003601074219 -5.628589630126953 -2
    vertex 10.149003982543945 -6.321410179138184 8
  endloop
endfacet
facet normal 0 0 0
  outer loop
    vertex 9.440174102783203 -5.912167549133301 -2
    vertex 10.149003982543945 -6.321410179138184 8
    vertex 9.440174102783203 -5.912167549133301 2
  endloop
endfacet
facet normal 0 0 0
  outer loop
    vertex 10.549003601074219 -5.628589630126953 -2
    vertex 9.848514556884766 -5.224162578582764 2
    vertex 9.588149070739746 -5.073840618133545 8
  endloop
endfacet
facet normal 0 0 0
  outer loop
    vertex 9.336362838745117 -5.852231979370117 2
    vertex 9.440174102783203 -5.912167549133301 2
    vertex 10.149003982543945 -6.321410179138184 8
  endloop
endfacet
facet normal 0 0 0
  outer loop
    vertex 9.848514556884766 -5.224162578582764 2
    vertex 9.744368553161621 -5.164033889770508 2
    vertex 9.588149070739746 -5.073840618133545 8
  endloop
endfacet
facet normal 0 0 0
  outer loop
    vertex 10.549003601074219 -5.628589630126953 -2
    vertex 10.549003601074219 -5.628589630126953 8
    vertex 10.149003982543945 -6.321410179138184 8
  endloop
endfacet
facet normal 0 0 0
  outer loop
    vertex 10.549003601074219 -5.628589630126953 -2
    vertex 9.588149070739746 -5.073840618133545 8
    vertex 10.549003601074219 -5.628589630126953 8
  endloop
endfacet
facet normal 0 0 0
  outer loop
    vertex 9.336362838745117 -5.852231979370117 2
    vertex 10.149003982543945 -6.321410179138184 8
    vertex 9.180644989013672 -5.762328147888184 8
  endloop
endfacet
facet normal 0 0 0
  outer loop
    vertex 10.149003982543945 -6.321410179138184 8
    vertex 9.559794425964355 -5.129755973815918 8
    vertex 9.180644989013672 -5.762328147888184 8
  endloop
endfacet
facet normal 0 0 0
  outer loop
    vertex 10.149003982543945 -6.321410179138184 8
    vertex 10.549003601074219 -5.628589630126953 8
    vertex 9.559794425964355 -5.129755973815918 8
  endloop
endfacet
facet normal 0 0 0
  outer loop
    vertex 10.549003601074219 -5.628589630126953 8
    vertex 9.588149070739746 -5.073840618133545 8
    vertex 9.559794425964355 -5.129755973815918 8
  endloop
endfacet
facet normal 0 0 0
  outer loop
    vertex 9.559794425964355 -5.129755973815918 8
    vertex 9.588149070739746 -5.073840618133545 8
    vertex 9.568845748901367 -5.062695503234863 8
  endloop
endfacet
facet normal 0 0 0
  outer loop
    vertex -115.4538345336914 -11 2
    vertex -112.1500015258789 -3 2
    vertex -115.08653259277344 -3 2
  endloop
endfacet
facet normal 0 0 0
  outer loop
    vertex -115.4538345336914 -11 2
    vertex -111.1500015258789 -3 2
    vertex -112.1500015258789 -3 2
  endloop
endfacet
facet normal 0 0 0
  outer loop
    vertex -115.4538345336914 -11 2
    vertex -109.94999694824219 -3 2
    vertex -111.1500015258789 -3 2
  endloop
endfacet
facet normal 0 0 0
  outer loop
    vertex -115.4538345336914 -11 2
    vertex -108.94999694824219 -3 2
    vertex -109.94999694824219 -3 2
  endloop
endfacet
facet normal 0 0 0
  outer loop
    vertex -114.1500015258789 -2 2
    vertex -112.1500015258789 -2 2
    vertex -114.1500015258789 -0.5 2
  endloop
endfacet
facet normal 0 0 0
  outer loop
    vertex -112.1500015258789 -2 2
    vertex -112.1500015258789 -0.5 2
    vertex -114.1500015258789 -0.5 2
  endloop
endfacet
facet normal 0 0 0
  outer loop
    vertex -115.4538345336914 -11 -2
    vertex -1.7421584129333496 -11 2
    vertex -115.4538345336914 -11 2
  endloop
endfacet
facet normal 0 0 0
  outer loop
    vertex -115.4538345336914 -11 2
    vertex -74.10090637207031 -9.807852745056152 2
    vertex -75.05284881591797 -9.569403648376465 2
  endloop
endfacet
facet normal 0 0 0
  outer loop
    vertex -115.4538345336914 -11 2
    vertex -72.1500015258789 -10 2
    vertex -73.13017272949219 -9.951847076416016 2
  endloop
endfacet
facet normal 0 0 0
  outer loop
    vertex -115.4538345336914 -11 2
    vertex -73.13017272949219 -9.951847076416016 2
    vertex -74.10090637207031 -9.807852745056152 2
  endloop
endfacet
facet normal 0 0 0
  outer loop
    vertex -115.4538345336914 -11 2
    vertex -106.94999694824219 -3 2
    vertex -108.94999694824219 -3 2
  endloop
endfacet
facet normal 0 0 0
  outer loop
    vertex -115.4538345336914 -11 2
    vertex -105.94999694824219 -3 2
    vertex -106.94999694824219 -3 2
  endloop
endfacet
facet normal 0 0 0
  outer loop
    vertex -115.4538345336914 -11 2
    vertex -103.25 -3 2
    vertex -105.94999694824219 -3 2
  endloop
endfacet
facet normal 0 0 0
  outer loop
    vertex -115.4538345336914 -11 2
    vertex -102.25 -3 2
    vertex -103.25 -3 2
  endloop
endfacet
facet normal 0 0 0
  outer loop
    vertex -115.4538345336914 -11 2
    vertex -76.86396789550781 -8.819212913513184 2
    vertex -102.25 -3 2
  endloop
endfacet
facet normal 0 0 0
  outer loop
    vertex -105.94999694824219 -3 2
    vertex -103.25 -3 2
    vertex -105.94999694824219 -2 2
  endloop
endfacet
facet normal 0 0 0
  outer loop
    vertex -111.1500015258789 -3 2
    vertex -109.94999694824219 -3 2
    vertex -111.1500015258789 0 2
  endloop
endfacet
facet normal 0 0 0
  outer loop
    vertex -108.94999694824219 -2 2
    vertex -106.94999694824219 -2 2
    vertex -106.94999694824219 2 2
  endloop
endfacet
facet normal 0 0 0
  outer loop
    vertex -103.25 -3 2
    vertex -103.25 2 2
    vertex -105.94999694824219 -2 2
  endloop
endfacet
facet normal 0 0 0
  outer loop
    vertex -102.25 -3 2
    vertex -76.86396789550781 -8.819212913513184 2
    vertex -98.05000305175781 -3 2
  endloop
endfacet
facet normal 0 0 0
  outer loop
    vertex -98.05000305175781 -3 2
    vertex -76.86396789550781 -8.819212913513184 2
    vertex -97.05000305175781 -3 2
  endloop
endfacet
facet normal 0 0 0
  outer loop
    vertex -102.25 -3 2
    vertex -98.05000305175781 -3 2
    vertex -100.75 2 2
  endloop
endfacet
facet normal 0 0 0
  outer loop
    vertex -97.05000305175781 -3 2
    vertex -94.3499984741211 -3 2
    vertex -97.05000305175781 2 2
  endloop
endfacet
facet normal 0 0 0
  outer loop
    vertex -93.3499984741211 -2 2
    vertex -91.3499984741211 -2 2
    vertex -91.3499984741211 2 2
  endloop
endfacet
facet normal 0 0 0
  outer loop
    vertex -115.4538345336914 -11 2
    vertex -75.97683715820312 -9.238795280456543 2
    vertex -76.86396789550781 -8.819212913513184 2
  endloop
endfacet
facet normal 0 0 0
  outer loop
    vertex -115.4538345336914 -11 2
    vertex -75.05284881591797 -9.569403648376465 2
    vertex -75.97683715820312 -9.238795280456543 2
  endloop
endfacet
facet normal 0 0 0
  outer loop
    vertex -97.05000305175781 -3 2
    vertex -76.86396789550781 -8.819212913513184 2
    vertex -77.70570373535156 -8.314696311950684 2
  endloop
endfacet
facet normal 0 0 0
  outer loop
    vertex -93.3499984741211 -3 2
    vertex -77.70570373535156 -8.314696311950684 2
    vertex -78.49393463134766 -7.730104446411133 2
  endloop
endfacet
facet normal 0 0 0
  outer loop
    vertex -78.49393463134766 -7.730104446411133 2
    vertex -79.2210693359375 -7.071067810058594 2
    vertex -90.3499984741211 -3 2
  endloop
endfacet
facet normal 0 0 0
  outer loop
    vertex -79.2210693359375 -7.071067810058594 2
    vertex -79.8801040649414 -6.343932628631592 2
    vertex -88.1500015258789 -3 2
  endloop
endfacet
facet normal 0 0 0
  outer loop
    vertex -97.05000305175781 -3 2
    vertex -77.70570373535156 -8.314696311950684 2
    vertex -94.3499984741211 -3 2
  endloop
endfacet
facet normal 0 0 0
  outer loop
    vertex -94.3499984741211 -3 2
    vertex -77.70570373535156 -8.314696311950684 2
    vertex -93.3499984741211 -3 2
  endloop
endfacet
facet normal 0 0 0
  outer loop
    vertex -93.3499984741211 -3 2
    vertex -78.49393463134766 -7.730104446411133 2
    vertex -91.3499984741211 -3 2
  endloop
endfacet
facet normal 0 0 0
  outer loop
    vertex -91.3499984741211 -3 2
    vertex -78.49393463134766 -7.730104446411133 2
    vertex -90.3499984741211 -3 2
  endloop
endfacet
facet normal 0 0 0
  outer loop
    vertex -79.2210693359375 -7.071067810058594 2
    vertex -89.1500015258789 -3 2
    vertex -90.3499984741211 -3 2
  endloop
endfacet
facet normal 0 0 0
  outer loop
    vertex -79.2210693359375 -7.071067810058594 2
    vertex -88.1500015258789 -3 2
    vertex -89.1500015258789 -3 2
  endloop
endfacet
facet normal 0 0 0
  outer loop
    vertex -79.8801040649414 -6.343932628631592 2
    vertex -86.1500015258789 -3 2
    vertex -88.1500015258789 -3 2
  endloop
endfacet
facet normal 0 0 0
  outer loop
    vertex -80.4646987915039 -5.555702209472656 2
    vertex -85.1500015258789 -3 2
    vertex -86.1500015258789 -3 2
  endloop
endfacet
facet normal 0 0 0
  outer loop
    vertex -80.4646987915039 -5.555702209472656 2
    vertex -86.1500015258789 -3 2
    vertex -79.8801040649414 -6.343932628631592 2
  endloop
endfacet
facet normal 0 0 0
  outer loop
    vertex -80.4646987915039 -5.555702209472656 2
    vertex -80.9692153930664 -4.713967323303223 2
    vertex -85.1500015258789 -3 2
  endloop
endfacet
facet normal 0 0 0
  outer loop
    vertex -80.9692153930664 -4.713967323303223 2
    vertex -81.3887939453125 -3.8268344402313232 2
    vertex -85.1500015258789 -3 2
  endloop
endfacet
facet normal 0 0 0
  outer loop
    vertex -85.1500015258789 -3 2
    vertex -81.71940612792969 -2.9028468132019043 2
    vertex -81.95785522460938 -1.9509031772613525 2
  endloop
endfacet
facet normal 0 0 0
  outer loop
    vertex -81.3887939453125 -3.8268344402313232 2
    vertex -81.71940612792969 -2.9028468132019043 2
    vertex -85.1500015258789 -3 2
  endloop
endfacet
facet normal 0 0 0
  outer loop
    vertex -90.3499984741211 -3 2
    vertex -89.1500015258789 -3 2
    vertex -89.1500015258789 2 2
  endloop
endfacet
facet normal 0 0 0
  outer loop
    vertex -88.1500015258789 -3 2
    vertex -86.1500015258789 -3 2
    vertex -86.6500015258789 0 2
  endloop
endfacet
facet normal 0 0 0
  outer loop
    vertex -90.3499984741211 -3 2
    vertex -89.1500015258789 2 2
    vertex -90.3499984741211 -2 2
  endloop
endfacet
facet normal 0 0 0
  outer loop
    vertex -88.1500015258789 -3 2
    vertex -86.6500015258789 0 2
    vertex -87.6500015258789 0 2
  endloop
endfacet
facet normal 0 0 0
  outer loop
    vertex -88.1500015258789 -3 2
    vertex -87.6500015258789 0 2
    vertex -87.6500015258789 2 2
  endloop
endfacet
facet normal 0 0 0
  outer loop
    vertex -86.1500015258789 -3 2
    vertex -86.1500015258789 2 2
    vertex -86.6500015258789 0 2
  endloop
endfacet
facet normal 0 0 0
  outer loop
    vertex -85.1500015258789 -3 2
    vertex -81.95785522460938 -1.9509031772613525 2
    vertex -82.10184478759766 -0.9801713824272156 2
  endloop
endfacet
facet normal 0 0 0
  outer loop
    vertex -85.1500015258789 -3 2
    vertex -82.10184478759766 -0.9801713824272156 2
    vertex -82.1500015258789 0 2
  endloop
endfacet
facet normal 0 0 0
  outer loop
    vertex -114.1500015258789 0.5 2
    vertex -112.1500015258789 0.5 2
    vertex -114.1500015258789 2 2
  endloop
endfacet
facet normal 0 0 0
  outer loop
    vertex -112.1500015258789 0.5 2
    vertex -112.1500015258789 2 2
    vertex -114.1500015258789 2 2
  endloop
endfacet
facet normal 0 0 0
  outer loop
    vertex -114.81105041503906 3 2
    vertex -112.1500015258789 3 2
    vertex -114.57805633544922 8.074666976928711 2
  endloop
endfacet
facet normal 0 0 0
  outer loop
    vertex -112.1500015258789 3 2
    vertex -111.1500015258789 3 2
    vertex -114.57805633544922 8.074666976928711 2
  endloop
endfacet
facet normal 0 0 0
  outer loop
    vertex -111.1500015258789 3 2
    vertex -109.94999694824219 3 2
    vertex -114.57805633544922 8.074666976928711 2
  endloop
endfacet
facet normal 0 0 0
  outer loop
    vertex -114.57805633544922 8.074666976928711 2
    vertex -109.94999694824219 3 2
    vertex -108.94999694824219 3 2
  endloop
endfacet
facet normal 0 0 0
  outer loop
    vertex -115.5206069946289 8.23158073425293 2
    vertex -115.4538345336914 11 2
    vertex -115.5206069946289 11 2
  endloop
endfacet
facet normal 0 0 0
  outer loop
    vertex -115.4538345336914 -11 -2
    vertex -114.5115737915039 8.063599586486816 -2
    vertex -1.1128920316696167 10.97146224975586 -2
  endloop
endfacet
facet normal 0 0 0
  outer loop
    vertex -114.57805633544922 8.074666976928711 -2
    vertex -1.1128920316696167 10.97146224975586 -2
    vertex -114.5115737915039 8.063599586486816 -2
  endloop
endfacet
facet normal 0 0 0
  outer loop
    vertex -109.94999694824219 -3 2
    vertex -109.94999694824219 3 2
    vertex -111.1500015258789 0 2
  endloop
endfacet
facet normal 0 0 0
  outer loop
    vertex -108.94999694824219 -2 2
    vertex -106.94999694824219 2 2
    vertex -108.94999694824219 2 2
  endloop
endfacet
facet normal 0 0 0
  outer loop
    vertex -111.1500015258789 0 2
    vertex -109.94999694824219 3 2
    vertex -111.1500015258789 3 2
  endloop
endfacet
facet normal 0 0 0
  outer loop
    vertex -105.94999694824219 -2 2
    vertex -104.75 2 2
    vertex -104.75 3 2
  endloop
endfacet
facet normal 0 0 0
  outer loop
    vertex -105.94999694824219 -2 2
    vertex -103.25 2 2
    vertex -104.75 2 2
  endloop
endfacet
facet normal 0 0 0
  outer loop
    vertex -102.25 -3 2
    vertex -100.75 2 2
    vertex -102.25 2 2
  endloop
endfacet
facet normal 0 0 0
  outer loop
    vertex -105.94999694824219 -2 2
    vertex -104.75 3 2
    vertex -105.94999694824219 3 2
  endloop
endfacet
facet normal 0 0 0
  outer loop
    vertex -114.57805633544922 8.074666976928711 2
    vertex -108.94999694824219 3 2
    vertex -106.94999694824219 3 2
  endloop
endfacet
facet normal 0 0 0
  outer loop
    vertex -114.57805633544922 8.074666976928711 2
    vertex -106.94999694824219 3 2
    vertex -105.94999694824219 3 2
  endloop
endfacet
facet normal 0 0 0
  outer loop
    vertex -114.57805633544922 8.074666976928711 2
    vertex -105.94999694824219 3 2
    vertex -104.75 3 2
  endloop
endfacet
facet normal 0 0 0
  outer loop
    vertex -114.57805633544922 8.074666976928711 2
    vertex -104.75 3 2
    vertex -100.75 3 2
  endloop
endfacet
facet normal 0 0 0
  outer loop
    vertex -114.57805633544922 8.074666976928711 2
    vertex -100.75 3 2
    vertex -99.55000305175781 3 2
  endloop
endfacet
facet normal 0 0 0
  outer loop
    vertex -114.57805633544922 8.074666976928711 2
    vertex -99.55000305175781 3 2
    vertex -95.55000305175781 3 2
  endloop
endfacet
facet normal 0 0 0
  outer loop
    vertex -114.57805633544922 8.074666976928711 2
    vertex -95.55000305175781 3 2
    vertex -94.3499984741211 3 2
  endloop
endfacet
facet normal 0 0 0
  outer loop
    vertex -98.05000305175781 -3 2
    vertex -99.55000305175781 2 2
    vertex -100.75 2 2
  endloop
endfacet
facet normal 0 0 0
  outer loop
    vertex -98.05000305175781 -3 2
    vertex -98.05000305175781 2 2
    vertex -99.55000305175781 2 2
  endloop
endfacet
facet normal 0 0 0
  outer loop
    vertex -100.75 2 2
    vertex -99.55000305175781 2 2
    vertex -99.55000305175781 3 2
  endloop
endfacet
facet normal 0 0 0
  outer loop
    vertex -94.3499984741211 -3 2
    vertex -95.55000305175781 2 2
    vertex -97.05000305175781 2 2
  endloop
endfacet
facet normal 0 0 0
  outer loop
    vertex -94.3499984741211 -3 2
    vertex -94.3499984741211 3 2
    vertex -95.55000305175781 2 2
  endloop
endfacet
facet normal 0 0 0
  outer loop
    vertex -93.3499984741211 -2 2
    vertex -91.3499984741211 2 2
    vertex -93.3499984741211 2 2
  endloop
endfacet
facet normal 0 0 0
  outer loop
    vertex -100.75 2 2
    vertex -99.55000305175781 3 2
    vertex -100.75 3 2
  endloop
endfacet
facet normal 0 0 0
  outer loop
    vertex -114.57805633544922 8.074666976928711 2
    vertex -94.3499984741211 3 2
    vertex -93.3499984741211 3 2
  endloop
endfacet
facet normal 0 0 0
  outer loop
    vertex -114.57805633544922 8.074666976928711 2
    vertex -93.3499984741211 3 2
    vertex -91.3499984741211 3 2
  endloop
endfacet
facet normal 0 0 0
  outer loop
    vertex -114.57805633544922 8.074666976928711 2
    vertex -91.3499984741211 3 2
    vertex -90.3499984741211 3 2
  endloop
endfacet
facet normal 0 0 0
  outer loop
    vertex -114.57805633544922 8.074666976928711 2
    vertex -90.3499984741211 3 2
    vertex -89.1500015258789 3 2
  endloop
endfacet
facet normal 0 0 0
  outer loop
    vertex -114.57805633544922 8.074666976928711 2
    vertex -89.1500015258789 3 2
    vertex -85.1500015258789 3 2
  endloop
endfacet
facet normal 0 0 0
  outer loop
    vertex -95.55000305175781 2 2
    vertex -94.3499984741211 3 2
    vertex -95.55000305175781 3 2
  endloop
endfacet
facet normal 0 0 0
  outer loop
    vertex -114.57805633544922 8.074666976928711 2
    vertex -85.1500015258789 3 2
    vertex -81.71940612792969 2.9028468132019043 2
  endloop
endfacet
facet normal 0 0 0
  outer loop
    vertex -114.57805633544922 8.074666976928711 2
    vertex -81.71940612792969 2.9028468132019043 2
    vertex -81.3887939453125 3.8268344402313232 2
  endloop
endfacet
facet normal 0 0 0
  outer loop
    vertex -114.57805633544922 8.074666976928711 2
    vertex -75.97683715820312 9.238795280456543 2
    vertex -115.5206069946289 8.23158073425293 2
  endloop
endfacet
facet normal 0 0 0
  outer loop
    vertex -115.5206069946289 8.23158073425293 2
    vertex -75.97683715820312 9.238795280456543 2
    vertex -115.4538345336914 11 2
  endloop
endfacet
facet normal 0 0 0
  outer loop
    vertex -114.57805633544922 8.074666976928711 2
    vertex -81.3887939453125 3.8268344402313232 2
    vertex -80.9692153930664 4.713967323303223 2
  endloop
endfacet
facet normal 0 0 0
  outer loop
    vertex -114.57805633544922 8.074666976928711 2
    vertex -80.9692153930664 4.713967323303223 2
    vertex -80.4646987915039 5.555702209472656 2
  endloop
endfacet
facet normal 0 0 0
  outer loop
    vertex -114.57805633544922 8.074666976928711 2
    vertex -80.4646987915039 5.555702209472656 2
    vertex -79.8801040649414 6.343932628631592 2
  endloop
endfacet
facet normal 0 0 0
  outer loop
    vertex -114.57805633544922 8.074666976928711 2
    vertex -79.8801040649414 6.343932628631592 2
    vertex -79.2210693359375 7.071067810058594 2
  endloop
endfacet
facet normal 0 0 0
  outer loop
    vertex -114.57805633544922 8.074666976928711 2
    vertex -79.2210693359375 7.071067810058594 2
    vertex -78.49393463134766 7.730104446411133 2
  endloop
endfacet
facet normal 0 0 0
  outer loop
    vertex -90.3499984741211 -2 2
    vertex -89.1500015258789 2 2
    vertex -89.1500015258789 3 2
  endloop
endfacet
facet normal 0 0 0
  outer loop
    vertex -88.1500015258789 -3 2
    vertex -87.6500015258789 2 2
    vertex -88.1500015258789 2 2
  endloop
endfacet
facet normal 0 0 0
  outer loop
    vertex -90.3499984741211 -2 2
    vertex -89.1500015258789 3 2
    vertex -90.3499984741211 3 2
  endloop
endfacet
facet normal 0 0 0
  outer loop
    vertex -86.6500015258789 0 2
    vertex -86.1500015258789 2 2
    vertex -86.6500015258789 2 2
  endloop
endfacet
facet normal 0 0 0
  outer loop
    vertex -85.1500015258789 -3 2
    vertex -82.1500015258789 0 2
    vertex -85.1500015258789 3 2
  endloop
endfacet
facet normal 0 0 0
  outer loop
    vertex -82.1500015258789 0 2
    vertex -82.10184478759766 0.9801713824272156 2
    vertex -85.1500015258789 3 2
  endloop
endfacet
facet normal 0 0 0
  outer loop
    vertex -82.10184478759766 0.9801713824272156 2
    vertex -81.95785522460938 1.9509031772613525 2
    vertex -85.1500015258789 3 2
  endloop
endfacet
facet normal 0 0 0
  outer loop
    vertex -81.95785522460938 1.9509031772613525 2
    vertex -81.71940612792969 2.9028468132019043 2
    vertex -85.1500015258789 3 2
  endloop
endfacet
facet normal 0 0 0
  outer loop
    vertex -114.57805633544922 8.074666976928711 2
    vertex -78.49393463134766 7.730104446411133 2
    vertex -77.70570373535156 8.314696311950684 2
  endloop
endfacet
facet normal 0 0 0
  outer loop
    vertex -114.57805633544922 8.074666976928711 2
    vertex -77.70570373535156 8.314696311950684 2
    vertex -76.86396789550781 8.819212913513184 2
  endloop
endfacet
facet normal 0 0 0
  outer loop
    vertex -114.57805633544922 8.074666976928711 2
    vertex -76.86396789550781 8.819212913513184 2
    vertex -75.97683715820312 9.238795280456543 2
  endloop
endfacet
facet normal 0 0 0
  outer loop
    vertex -115.4538345336914 11 2
    vertex -75.97683715820312 9.238795280456543 2
    vertex -75.05284881591797 9.569403648376465 2
  endloop
endfacet
facet normal 0 0 0
  outer loop
    vertex -114.57805633544922 8.074666976928711 -2
    vertex -115.4538345336914 11 -2
    vertex -1.7421584129333496 11 -2
  endloop
endfacet
facet normal 0 0 0
  outer loop
    vertex -115.4538345336914 11 -2
    vertex -115.4538345336914 11 2
    vertex -1.7421584129333496 11 -2
  endloop
endfacet
facet normal 0 0 0
  outer loop
    vertex -115.4538345336914 11 2
    vertex -75.05284881591797 9.569403648376465 2
    vertex -74.10090637207031 9.807852745056152 2
  endloop
endfacet
facet normal 0 0 0
  outer loop
    vertex -115.4538345336914 11 2
    vertex -74.10090637207031 9.807852745056152 2
    vertex -73.13017272949219 9.951847076416016 2
  endloop
endfacet
facet normal 0 0 0
  outer loop
    vertex -115.4538345336914 11 2
    vertex -73.13017272949219 9.951847076416016 2
    vertex -72.1500015258789 10 2
  endloop
endfacet
facet normal 0 0 0
  outer loop
    vertex -115.4538345336914 -11 -2
    vertex -3.2539398670196533 -10.66370677947998 -2
    vertex -2.0412704944610596 -10.660758018493652 -2
  endloop
endfacet
facet normal 0 0 0
  outer loop
    vertex -115.4538345336914 -11 -2
    vertex -2.0412704944610596 -10.660758018493652 -2
    vertex -1.7421584129333496 -11 -2
  endloop
endfacet
facet normal 0 0 0
  outer loop
    vertex -115.4538345336914 -11 -2
    vertex -1.7421584129333496 -11 -2
    vertex -1.7421584129333496 -11 2
  endloop
endfacet
facet normal 0 0 0
  outer loop
    vertex -115.4538345336914 -11 2
    vertex -1.7421584129333496 -11 2
    vertex -72.1500015258789 -10 2
  endloop
endfacet
facet normal 0 0 0
  outer loop
    vertex -72.1500015258789 -10 2
    vertex -1.112091064453125 -10.976462364196777 2
    vertex -71.16983032226562 -9.951847076416016 2
  endloop
endfacet
facet normal 0 0 0
  outer loop
    vertex -71.16983032226562 -9.951847076416016 2
    vertex -1.1127749681472778 -10.972193717956543 2
    vertex -70.1990966796875 -9.807852745056152 2
  endloop
endfacet
facet normal 0 0 0
  outer loop
    vertex -70.1990966796875 -9.807852745056152 2
    vertex -1.1127749681472778 -10.972193717956543 2
    vertex -69.24715423583984 -9.569403648376465 2
  endloop
endfacet
facet normal 0 0 0
  outer loop
    vertex -115.4538345336914 -11 -2
    vertex -7.050363063812256 -8.300566673278809 -2
    vertex -3.2539398670196533 -10.66370677947998 -2
  endloop
endfacet
facet normal 0 0 0
  outer loop
    vertex -115.4538345336914 -11 -2
    vertex -7.608685493469238 -7.04935359954834 -2
    vertex -7.050363063812256 -8.300566673278809 -2
  endloop
endfacet
facet normal 0 0 0
  outer loop
    vertex -115.4538345336914 -11 -2
    vertex -6.266906261444092 -5.1431169509887695 -2
    vertex -7.608685493469238 -7.04935359954834 -2
  endloop
endfacet
facet normal 0 0 0
  outer loop
    vertex -115.4538345336914 -11 -2
    vertex -6.740842819213867 -4.504087448120117 -2
    vertex -6.266906261444092 -5.1431169509887695 -2
  endloop
endfacet
facet normal 0 0 0
  outer loop
    vertex -115.4538345336914 -11 -2
    vertex -7.149861812591553 -3.821680784225464 -2
    vertex -6.740842819213867 -4.504087448120117 -2
  endloop
endfacet
facet normal 0 0 0
  outer loop
    vertex -115.4538345336914 -11 -2
    vertex -7.490023136138916 -3.1024692058563232 -2
    vertex -7.149861812591553 -3.821680784225464 -2
  endloop
endfacet
facet normal 0 0 0
  outer loop
    vertex -115.4538345336914 -11 -2
    vertex -7.758051872253418 -2.353379249572754 -2
    vertex -7.490023136138916 -3.1024692058563232 -2
  endloop
endfacet
facet normal 0 0 0
  outer loop
    vertex -115.4538345336914 -11 -2
    vertex -7.951366424560547 -1.5816251039505005 -2
    vertex -7.758051872253418 -2.353379249572754 -2
  endloop
endfacet
facet normal 0 0 0
  outer loop
    vertex -115.4538345336914 -11 -2
    vertex -8.06810474395752 -0.7946389317512512 -2
    vertex -7.951366424560547 -1.5816251039505005 -2
  endloop
endfacet
facet normal 0 0 0
  outer loop
    vertex -115.4538345336914 -11 -2
    vertex -8.107142448425293 0 -2
    vertex -8.06810474395752 -0.7946389317512512 -2
  endloop
endfacet
facet normal 0 0 0
  outer loop
    vertex -115.4538345336914 -11 -2
    vertex -8.06810474395752 0.7946389317512512 -2
    vertex -8.107142448425293 0 -2
  endloop
endfacet
facet normal 0 0 0
  outer loop
    vertex -115.4538345336914 -11 -2
    vertex -7.951366424560547 1.5816251039505005 -2
    vertex -8.06810474395752 0.7946389317512512 -2
  endloop
endfacet
facet normal 0 0 0
  outer loop
    vertex -115.4538345336914 -11 -2
    vertex -7.758051872253418 2.353379249572754 -2
    vertex -7.951366424560547 1.5816251039505005 -2
  endloop
endfacet
facet normal 0 0 0
  outer loop
    vertex -115.4538345336914 -11 -2
    vertex -7.490023136138916 3.1024692058563232 -2
    vertex -7.758051872253418 2.353379249572754 -2
  endloop
endfacet
facet normal 0 0 0
  outer loop
    vertex -115.4538345336914 -11 -2
    vertex -7.149861812591553 3.821680784225464 -2
    vertex -7.490023136138916 3.1024692058563232 -2
  endloop
endfacet
facet normal 0 0 0
  outer loop
    vertex -115.4538345336914 -11 -2
    vertex -6.740842819213867 4.504087448120117 -2
    vertex -7.149861812591553 3.821680784225464 -2
  endloop
endfacet
facet normal 0 0 0
  outer loop
    vertex -115.4538345336914 -11 -2
    vertex -6.266906261444092 5.1431169509887695 -2
    vertex -6.740842819213867 4.504087448120117 -2
  endloop
endfacet
facet normal 0 0 0
  outer loop
    vertex -115.4538345336914 -11 -2
    vertex -5.7326154708862305 5.7326154708862305 -2
    vertex -6.266906261444092 5.1431169509887695 -2
  endloop
endfacet
facet normal 0 0 0
  outer loop
    vertex -66.59429931640625 -8.314696311950684 2
    vertex -52.95000076293945 -3 2
    vertex -65.80606842041016 -7.730104446411133 2
  endloop
endfacet
facet normal 0 0 0
  outer loop
    vertex -65.80606842041016 -7.730104446411133 2
    vertex -53.95000076293945 -3 2
    vertex -65.07893371582031 -7.071067810058594 2
  endloop
endfacet
facet normal 0 0 0
  outer loop
    vertex -65.07893371582031 -7.071067810058594 2
    vertex -56.150001525878906 -3 2
    vertex -64.4198989868164 -6.343932628631592 2
  endloop
endfacet
facet normal 0 0 0
  outer loop
    vertex -64.4198989868164 -6.343932628631592 2
    vertex -56.150001525878906 -3 2
    vertex -63.835304260253906 -5.555702209472656 2
  endloop
endfacet
facet normal 0 0 0
  outer loop
    vertex -63.835304260253906 -5.555702209472656 2
    vertex -59.150001525878906 -3 2
    vertex -63.330787658691406 -4.713967323303223 2
  endloop
endfacet
facet normal 0 0 0
  outer loop
    vertex -63.330787658691406 -4.713967323303223 2
    vertex -59.150001525878906 -3 2
    vertex -62.91120529174805 -3.8268344402313232 2
  endloop
endfacet
facet normal 0 0 0
  outer loop
    vertex -62.91120529174805 -3.8268344402313232 2
    vertex -59.150001525878906 -3 2
    vertex -62.580596923828125 -2.9028468132019043 2
  endloop
endfacet
facet normal 0 0 0
  outer loop
    vertex -62.580596923828125 -2.9028468132019043 2
    vertex -59.150001525878906 -3 2
    vertex -59.150001525878906 2 2
  endloop
endfacet
facet normal 0 0 0
  outer loop
    vertex -62.580596923828125 -2.9028468132019043 2
    vertex -59.150001525878906 2 2
    vertex -62.34214782714844 -1.9509031772613525 2
  endloop
endfacet
facet normal 0 0 0
  outer loop
    vertex -62.34214782714844 -1.9509031772613525 2
    vertex -59.150001525878906 2 2
    vertex -62.19815444946289 -0.9801713824272156 2
  endloop
endfacet
facet normal 0 0 0
  outer loop
    vertex -65.80606842041016 -7.730104446411133 2
    vertex -52.95000076293945 -3 2
    vertex -53.95000076293945 -3 2
  endloop
endfacet
facet normal 0 0 0
  outer loop
    vertex -65.07893371582031 -7.071067810058594 2
    vertex -55.150001525878906 -3 2
    vertex -56.150001525878906 -3 2
  endloop
endfacet
facet normal 0 0 0
  outer loop
    vertex -63.835304260253906 -5.555702209472656 2
    vertex -56.150001525878906 -3 2
    vertex -59.150001525878906 -3 2
  endloop
endfacet
facet normal 0 0 0
  outer loop
    vertex -65.07893371582031 -7.071067810058594 2
    vertex -53.95000076293945 -3 2
    vertex -55.150001525878906 -3 2
  endloop
endfacet
facet normal 0 0 0
  outer loop
    vertex -66.59429931640625 -8.314696311950684 2
    vertex -50.95000076293945 -3 2
    vertex -52.95000076293945 -3 2
  endloop
endfacet
facet normal 0 0 0
  outer loop
    vertex -66.59429931640625 -8.314696311950684 2
    vertex -49.95000076293945 -3 2
    vertex -50.95000076293945 -3 2
  endloop
endfacet
facet normal 0 0 0
  outer loop
    vertex -58.150001525878906 -2 2
    vertex -56.150001525878906 -2 2
    vertex -56.150001525878906 -0.5 2
  endloop
endfacet
facet normal 0 0 0
  outer loop
    vertex -58.150001525878906 -2 2
    vertex -56.150001525878906 -0.5 2
    vertex -58.150001525878906 -0.5 2
  endloop
endfacet
facet normal 0 0 0
  outer loop
    vertex -55.150001525878906 -3 2
    vertex -53.95000076293945 -3 2
    vertex -53.95000076293945 3 2
  endloop
endfacet
facet normal 0 0 0
  outer loop
    vertex -52.95000076293945 -2 2
    vertex -50.95000076293945 -2 2
    vertex -50.95000076293945 2 2
  endloop
endfacet
facet normal 0 0 0
  outer loop
    vertex -69.24715423583984 -9.569403648376465 2
    vertex -1.1127749681472778 -10.972193717956543 2
    vertex -68.32316589355469 -9.238795280456543 2
  endloop
endfacet
facet normal 0 0 0
  outer loop
    vertex -68.32316589355469 -9.238795280456543 2
    vertex -2.1824517250061035 -10.817331314086914 2
    vertex -67.43603515625 -8.819212913513184 2
  endloop
endfacet
facet normal 0 0 0
  outer loop
    vertex -67.43603515625 -8.819212913513184 2
    vertex -2.182879686355591 -10.810288429260254 2
    vertex -66.59429931640625 -8.314696311950684 2
  endloop
endfacet
facet normal 0 0 0
  outer loop
    vertex -66.59429931640625 -8.314696311950684 2
    vertex -5.628589630126953 -10.549003601074219 2
    vertex -49.95000076293945 -3 2
  endloop
endfacet
facet normal 0 0 0
  outer loop
    vertex -49.95000076293945 -3 2
    vertex -5.852231979370117 -9.336362838745117 2
    vertex -47.25 -3 2
  endloop
endfacet
facet normal 0 0 0
  outer loop
    vertex -47.25 -3 2
    vertex -5.852231979370117 -9.336362838745117 2
    vertex -46.25 -3 2
  endloop
endfacet
facet normal 0 0 0
  outer loop
    vertex -46.25 -3 2
    vertex -5.852231979370117 -9.336362838745117 2
    vertex -42.04999923706055 -3 2
  endloop
endfacet
facet normal 0 0 0
  outer loop
    vertex -42.04999923706055 -3 2
    vertex -5.852231979370117 -9.336362838745117 2
    vertex -41.04999923706055 -3 2
  endloop
endfacet
facet normal 0 0 0
  outer loop
    vertex -49.95000076293945 -3 2
    vertex -47.25 -3 2
    vertex -49.95000076293945 -2 2
  endloop
endfacet
facet normal 0 0 0
  outer loop
    vertex -49.95000076293945 -2 2
    vertex -47.25 -3 2
    vertex -48.75 2 2
  endloop
endfacet
facet normal 0 0 0
  outer loop
    vertex -46.25 -3 2
    vertex -42.04999923706055 -3 2
    vertex -44.75 2 2
  endloop
endfacet
facet normal 0 0 0
  outer loop
    vertex -41.04999923706055 -3 2
    vertex -38.349998474121094 -3 2
    vertex -41.04999923706055 2 2
  endloop
endfacet
facet normal 0 0 0
  outer loop
    vertex -37.349998474121094 -2 2
    vertex -35.349998474121094 -2 2
    vertex -35.349998474121094 2 2
  endloop
endfacet
facet normal 0 0 0
  outer loop
    vertex -34.349998474121094 -3 2
    vertex -33.150001525878906 -3 2
    vertex -33.150001525878906 2 2
  endloop
endfacet
facet normal 0 0 0
  outer loop
    vertex -32.150001525878906 -3 2
    vertex -30.149999618530273 -3 2
    vertex -30.649999618530273 0 2
  endloop
endfacet
facet normal 0 0 0
  outer loop
    vertex -34.349998474121094 -3 2
    vertex -33.150001525878906 2 2
    vertex -34.349998474121094 -2 2
  endloop
endfacet
facet normal 0 0 0
  outer loop
    vertex -32.150001525878906 -3 2
    vertex -31.649999618530273 0 2
    vertex -31.649999618530273 2 2
  endloop
endfacet
facet normal 0 0 0
  outer loop
    vertex -32.150001525878906 -3 2
    vertex -30.649999618530273 0 2
    vertex -31.649999618530273 0 2
  endloop
endfacet
facet normal 0 0 0
  outer loop
    vertex -30.149999618530273 -3 2
    vertex -30.149999618530273 2 2
    vertex -30.649999618530273 0 2
  endloop
endfacet
facet normal 0 0 0
  outer loop
    vertex -3.2539398670196533 -10.66370677947998 -2
    vertex -2.1204674243927 -10.660309791564941 -2
    vertex -2.0412704944610596 -10.660758018493652 -2
  endloop
endfacet
facet normal 0 0 0
  outer loop
    vertex -72.1500015258789 -10 2
    vertex -1.7421584129333496 -11 2
    vertex -1.1083202362060547 -11 2
  endloop
endfacet
facet normal 0 0 0
  outer loop
    vertex -72.1500015258789 -10 2
    vertex -1.1083202362060547 -11 2
    vertex -1.109437108039856 -10.993027687072754 2
  endloop
endfacet
facet normal 0 0 0
  outer loop
    vertex -72.1500015258789 -10 2
    vertex -1.109437108039856 -10.993027687072754 2
    vertex -1.112091064453125 -10.976462364196777 2
  endloop
endfacet
facet normal 0 0 0
  outer loop
    vertex -71.16983032226562 -9.951847076416016 2
    vertex -1.112091064453125 -10.976462364196777 2
    vertex -1.1127749681472778 -10.972193717956543 2
  endloop
endfacet
facet normal 0 0 0
  outer loop
    vertex -68.32316589355469 -9.238795280456543 2
    vertex -1.1127749681472778 -10.972193717956543 2
    vertex -2.1824517250061035 -10.817331314086914 2
  endloop
endfacet
facet normal 0 0 0
  outer loop
    vertex -67.43603515625 -8.819212913513184 2
    vertex -2.1824517250061035 -10.817331314086914 2
    vertex -2.182879686355591 -10.810288429260254 2
  endloop
endfacet
facet normal 0 0 0
  outer loop
    vertex -5.628589630126953 -10.549003601074219 2
    vertex -2.182879686355591 -10.810288429260254 2
    vertex -3.2018399238586426 -10.555051803588867 2
  endloop
endfacet
facet normal 0 0 0
  outer loop
    vertex -5.628589630126953 -10.549003601074219 2
    vertex -4.2499189376831055 -10.176712989807129 2
    vertex -5.164033889770508 -9.744368553161621 2
  endloop
endfacet
facet normal 0 0 0
  outer loop
    vertex -5.628589630126953 -10.549003601074219 2
    vertex -3.232182264328003 -10.550148010253906 2
    vertex -4.251139163970947 -10.185651779174805 2
  endloop
endfacet
facet normal 0 0 0
  outer loop
    vertex -5.628589630126953 -10.549003601074219 2
    vertex -3.2018399238586426 -10.555051803588867 2
    vertex -3.232182264328003 -10.550148010253906 2
  endloop
endfacet
facet normal 0 0 0
  outer loop
    vertex -4.251139163970947 -10.185651779174805 2
    vertex -3.232182264328003 -10.550148010253906 2
    vertex -3.260265350341797 -10.534147262573242 2
  endloop
endfacet
facet normal 0 0 0
  outer loop
    vertex -5.628589630126953 -10.549003601074219 2
    vertex -4.251139163970947 -10.185651779174805 2
    vertex -4.2499189376831055 -10.176712989807129 2
  endloop
endfacet
facet normal 0 0 0
  outer loop
    vertex -1.109437108039856 -10.993027687072754 2
    vertex -0.8923189043998718 -10.996063232421875 2
    vertex -1.112091064453125 -10.976462364196777 2
  endloop
endfacet
facet normal 0 0 0
  outer loop
    vertex -1.0811290740966797 -10.976887702941895 2
    vertex -0.8923189043998718 -10.996063232421875 2
    vertex -0.8742843270301819 -10.987049102783203 2
  endloop
endfacet
facet normal 0 0 0
  outer loop
    vertex -1.0811290740966797 -10.976887702941895 2
    vertex -1.112091064453125 -10.976462364196777 2
    vertex -0.8923189043998718 -10.996063232421875 2
  endloop
endfacet
facet normal 0 0 0
  outer loop
    vertex -2.1824517250061035 -10.817331314086914 2
    vertex -1.1127749681472778 -10.972193717956543 2
    vertex -2.151846170425415 -10.818061828613281 2
  endloop
endfacet
facet normal 0 0 0
  outer loop
    vertex -3.232182264328003 -10.550148010253906 2
    vertex -3.231961965560913 -10.54427433013916 2
    vertex -3.260265350341797 -10.534147262573242 2
  endloop
endfacet
facet normal 0 0 0
  outer loop
    vertex -3.2539398670196533 -10.66370677947998 -2
    vertex -7.050363063812256 -8.300566673278809 -2
    vertex -3.4005606174468994 -8.20967960357666 -2
  endloop
endfacet
facet normal 0 0 0
  outer loop
    vertex -0.9956807494163513 -10.83424186706543 -2
    vertex -0.019369779154658318 -8.149048805236816 -2
    vertex -0.22374355792999268 -10.962751388549805 -2
  endloop
endfacet
facet normal 0 0 0
  outer loop
    vertex -0.22374355792999268 -10.962751388549805 -2
    vertex -0.019369779154658318 -8.149048805236816 -2
    vertex 0 -10.75 -2
  endloop
endfacet
facet normal 0 0 0
  outer loop
    vertex 0 -10.75 -2
    vertex -0.019369779154658318 -8.149048805236816 -2
    vertex 0 -8.149999618530273 -2
  endloop
endfacet
facet normal 0 0 0
  outer loop
    vertex -2.4834513664245605 -8.18684196472168 -2
    vertex 0 -8.107142448425293 -2
    vertex -0.33770743012428284 -8.13340950012207 -2
  endloop
endfacet
facet normal 0 0 0
  outer loop
    vertex -2.4834513664245605 -8.18684196472168 -2
    vertex -2.405193328857422 -7.784975528717041 -2
    vertex -1.5816251039505005 -7.951366424560547 -2
  endloop
endfacet
facet normal 0 0 0
  outer loop
    vertex -3.179311990737915 -7.675538063049316 -2
    vertex -3.1024692058563232 -7.490023136138916 -2
    vertex -2.353379249572754 -7.758051872253418 -2
  endloop
endfacet
facet normal 0 0 0
  outer loop
    vertex -3.179311990737915 -7.675538063049316 -2
    vertex -2.353379249572754 -7.758051872253418 -2
    vertex -2.405193328857422 -7.784975528717041 -2
  endloop
endfacet
facet normal 0 0 0
  outer loop
    vertex -2.4834513664245605 -8.18684196472168 -2
    vertex -1.5816251039505005 -7.951366424560547 -2
    vertex -0.7946389317512512 -8.06810474395752 -2
  endloop
endfacet
facet normal 0 0 0
  outer loop
    vertex -2.405193328857422 -7.784975528717041 -2
    vertex -2.353379249572754 -7.758051872253418 -2
    vertex -1.5816251039505005 -7.951366424560547 -2
  endloop
endfacet
facet normal 0 0 0
  outer loop
    vertex -2.4834513664245605 -8.18684196472168 -2
    vertex -0.7946389317512512 -8.06810474395752 -2
    vertex 0 -8.107142448425293 -2
  endloop
endfacet
facet normal 0 0 0
  outer loop
    vertex -0.33770743012428284 -8.13340950012207 -2
    vertex 0 -8.125 -2
    vertex -0.019369779154658318 -8.149048805236816 -2
  endloop
endfacet
facet normal 0 0 0
  outer loop
    vertex -0.019369779154658318 -8.149048805236816 -2
    vertex 0 -8.125 -2
    vertex 0 -8.149999618530273 -2
  endloop
endfacet
facet normal 0 0 0
  outer loop
    vertex -0.33770743012428284 -8.13340950012207 -2
    vertex 0 -8.107142448425293 -2
    vertex 0 -8.125 -2
  endloop
endfacet
facet normal 0 0 0
  outer loop
    vertex -7.608685493469238 -7.04935359954834 -2
    vertex -5.7326154708862305 -5.7326154708862305 -2
    vertex -5.1431169509887695 -6.266906261444092 -2
  endloop
endfacet
facet normal 0 0 0
  outer loop
    vertex -3.179311990737915 -7.675538063049316 -2
    vertex -7.608685493469238 -7.04935359954834 -2
    vertex -3.821680784225464 -7.149861812591553 -2
  endloop
endfacet
facet normal 0 0 0
  outer loop
    vertex -7.608685493469238 -7.04935359954834 -2
    vertex -4.504087448120117 -6.740842819213867 -2
    vertex -3.821680784225464 -7.149861812591553 -2
  endloop
endfacet
facet normal 0 0 0
  outer loop
    vertex -7.608685493469238 -7.04935359954834 -2
    vertex -5.1431169509887695 -6.266906261444092 -2
    vertex -4.504087448120117 -6.740842819213867 -2
  endloop
endfacet
facet normal 0 0 0
  outer loop
    vertex -7.608685493469238 -7.04935359954834 -2
    vertex -6.266906261444092 -5.1431169509887695 -2
    vertex -5.7326154708862305 -5.7326154708862305 -2
  endloop
endfacet
facet normal 0 0 0
  outer loop
    vertex -3.179311990737915 -7.675538063049316 -2
    vertex -3.821680784225464 -7.149861812591553 -2
    vertex -3.1024692058563232 -7.490023136138916 -2
  endloop
endfacet
facet normal 0 0 0
  outer loop
    vertex 0 -8.125 -2
    vertex 0 -8.107142448425293 -2
    vertex 0 -8.021428108215332 2
  endloop
endfacet
facet normal 0 0 0
  outer loop
    vertex -66.59429931640625 -8.314696311950684 2
    vertex -2.182879686355591 -10.810288429260254 2
    vertex -5.628589630126953 -10.549003601074219 2
  endloop
endfacet
facet normal 0 0 0
  outer loop
    vertex -49.95000076293945 -3 2
    vertex -5.628589630126953 -10.549003601074219 2
    vertex -6.321410179138184 -10.149003982543945 2
  endloop
endfacet
facet normal 0 0 0
  outer loop
    vertex -41.04999923706055 -3 2
    vertex -5.852231979370117 -9.336362838745117 2
    vertex -38.349998474121094 -3 2
  endloop
endfacet
facet normal 0 0 0
  outer loop
    vertex -38.349998474121094 -3 2
    vertex -5.852231979370117 -9.336362838745117 2
    vertex -37.349998474121094 -3 2
  endloop
endfacet
facet normal 0 0 0
  outer loop
    vertex -37.349998474121094 -3 2
    vertex -5.852231979370117 -9.336362838745117 2
    vertex -35.349998474121094 -3 2
  endloop
endfacet
facet normal 0 0 0
  outer loop
    vertex -35.349998474121094 -3 2
    vertex -5.852231979370117 -9.336362838745117 2
    vertex -34.349998474121094 -3 2
  endloop
endfacet
facet normal 0 0 0
  outer loop
    vertex -34.349998474121094 -3 2
    vertex -5.852231979370117 -9.336362838745117 2
    vertex -33.150001525878906 -3 2
  endloop
endfacet
facet normal 0 0 0
  outer loop
    vertex -49.95000076293945 -3 2
    vertex -6.321410179138184 -10.149003982543945 2
    vertex -5.852231979370117 -9.336362838745117 2
  endloop
endfacet
facet normal 0 0 0
  outer loop
    vertex -33.150001525878906 -3 2
    vertex -5.852231979370117 -9.336362838745117 2
    vertex -32.150001525878906 -3 2
  endloop
endfacet
facet normal 0 0 0
  outer loop
    vertex -32.150001525878906 -3 2
    vertex -6.180787563323975 -9.158576965332031 2
    vertex -30.149999618530273 -3 2
  endloop
endfacet
facet normal 0 0 0
  outer loop
    vertex -30.149999618530273 -3 2
    vertex -6.177780628204346 -9.13414478302002 2
    vertex -29.149999618530273 -3 2
  endloop
endfacet
facet normal 0 0 0
  outer loop
    vertex -32.150001525878906 -3 2
    vertex -5.852231979370117 -9.336362838745117 2
    vertex -6.045929908752441 -9.220264434814453 2
  endloop
endfacet
facet normal 0 0 0
  outer loop
    vertex -32.150001525878906 -3 2
    vertex -6.045929908752441 -9.220264434814453 2
    vertex -6.180787563323975 -9.158576965332031 2
  endloop
endfacet
facet normal 0 0 0
  outer loop
    vertex -30.149999618530273 -3 2
    vertex -6.180787563323975 -9.158576965332031 2
    vertex -6.177780628204346 -9.13414478302002 2
  endloop
endfacet
facet normal 0 0 0
  outer loop
    vertex -29.149999618530273 -3 2
    vertex -6.177780628204346 -9.13414478302002 2
    vertex -7.049750328063965 -8.513235092163086 2
  endloop
endfacet
facet normal 0 0 0
  outer loop
    vertex -29.149999618530273 -3 2
    vertex -7.049750328063965 -8.513235092163086 2
    vertex -7.043335914611816 -8.484633445739746 2
  endloop
endfacet
facet normal 0 0 0
  outer loop
    vertex -29.149999618530273 -3 2
    vertex -7.043335914611816 -8.484633445739746 2
    vertex -7.077436923980713 -8.453725814819336 2
  endloop
endfacet
facet normal 0 0 0
  outer loop
    vertex -29.149999618530273 -3 2
    vertex -7.077436923980713 -8.453725814819336 2
    vertex -7.866999626159668 -7.784189224243164 2
  endloop
endfacet
facet normal 0 0 0
  outer loop
    vertex -29.149999618530273 -3 2
    vertex -7.887396335601807 -7.702285289764404 2
    vertex -8.608561515808105 -6.981414794921875 2
  endloop
endfacet
facet normal 0 0 0
  outer loop
    vertex -29.149999618530273 -3 2
    vertex -8.608561515808105 -6.981414794921875 2
    vertex -8.599170684814453 -6.899110794067383 2
  endloop
endfacet
facet normal 0 0 0
  outer loop
    vertex -29.149999618530273 -3 2
    vertex -7.866999626159668 -7.784189224243164 2
    vertex -7.858398914337158 -7.734278678894043 2
  endloop
endfacet
facet normal 0 0 0
  outer loop
    vertex -29.149999618530273 -3 2
    vertex -7.858398914337158 -7.734278678894043 2
    vertex -7.887396335601807 -7.702285289764404 2
  endloop
endfacet
facet normal 0 0 0
  outer loop
    vertex -29.149999618530273 -3 2
    vertex -8.762064933776855 -6.679472923278809 2
    vertex -10.149003982543945 -6.321410179138184 2
  endloop
endfacet
facet normal 0 0 0
  outer loop
    vertex -29.149999618530273 -3 2
    vertex -8.599170684814453 -6.899110794067383 2
    vertex -8.762064933776855 -6.679472923278809 2
  endloop
endfacet
facet normal 0 0 0
  outer loop
    vertex -10.149003982543945 -6.321410179138184 2
    vertex -8.762064933776855 -6.679472923278809 2
    vertex -9.24428653717041 -6.116483211517334 2
  endloop
endfacet
facet normal 0 0 0
  outer loop
    vertex -10.149003982543945 -6.321410179138184 2
    vertex -9.24428653717041 -6.116483211517334 2
    vertex -9.220264434814453 -6.045929908752441 2
  endloop
endfacet
facet normal 0 0 0
  outer loop
    vertex -10.149003982543945 -6.321410179138184 2
    vertex -9.220264434814453 -6.045929908752441 2
    vertex -9.336362838745117 -5.852231979370117 2
  endloop
endfacet
facet normal 0 0 0
  outer loop
    vertex -29.149999618530273 -3 2
    vertex -9.744368553161621 -5.164033889770508 2
    vertex -29.149999618530273 3 2
  endloop
endfacet
facet normal 0 0 0
  outer loop
    vertex -29.149999618530273 -3 2
    vertex -10.149003982543945 -6.321410179138184 2
    vertex -10.549003601074219 -5.628589630126953 2
  endloop
endfacet
facet normal 0 0 0
  outer loop
    vertex -29.149999618530273 -3 2
    vertex -10.549003601074219 -5.628589630126953 2
    vertex -9.744368553161621 -5.164033889770508 2
  endloop
endfacet
facet normal 0 0 0
  outer loop
    vertex -9.744368553161621 -5.164033889770508 2
    vertex -10.057914733886719 -4.501095771789551 2
    vertex -29.149999618530273 3 2
  endloop
endfacet
facet normal 0 0 0
  outer loop
    vertex -10.057914733886719 -4.501095771789551 2
    vertex -10.297126770019531 -4.180346488952637 2
    vertex -29.149999618530273 3 2
  endloop
endfacet
facet normal 0 0 0
  outer loop
    vertex -10.297126770019531 -4.180346488952637 2
    vertex -10.286282539367676 -3.953000783920288 2
    vertex -29.149999618530273 3 2
  endloop
endfacet
facet normal 0 0 0
  outer loop
    vertex -10.286282539367676 -3.953000783920288 2
    vertex -10.301257133483887 -3.911149740219116 2
    vertex -29.149999618530273 3 2
  endloop
endfacet
facet normal 0 0 0
  outer loop
    vertex -10.301257133483887 -3.911149740219116 2
    vertex -10.666349411010742 -3.164719581604004 2
    vertex -29.149999618530273 3 2
  endloop
endfacet
facet normal 0 0 0
  outer loop
    vertex -10.666349411010742 -3.164719581604004 2
    vertex -10.649624824523926 -2.824282169342041 2
    vertex -29.149999618530273 3 2
  endloop
endfacet
facet normal 0 0 0
  outer loop
    vertex -10.649624824523926 -2.824282169342041 2
    vertex -10.685586929321289 -2.6807167530059814 2
    vertex -29.149999618530273 3 2
  endloop
endfacet
facet normal 0 0 0
  outer loop
    vertex -10.685586929321289 -2.6807167530059814 2
    vertex -10.930014610290527 -2.1203842163085938 2
    vertex -29.149999618530273 3 2
  endloop
endfacet
facet normal 0 0 0
  outer loop
    vertex -10.930014610290527 -2.1203842163085938 2
    vertex -11.057676315307617 -1.0629862546920776 2
    vertex -29.149999618530273 3 2
  endloop
endfacet
facet normal 0 0 0
  outer loop
    vertex -10.930014610290527 -2.1203842163085938 2
    vertex -10.885638236999512 -1.6962835788726807 2
    vertex -11.057676315307617 -1.0629862546920776 2
  endloop
endfacet
facet normal 0 0 0
  outer loop
    vertex -11.949999809265137 -0.4000000059604645 2
    vertex -11.057676315307617 -1.0629862546920776 2
    vertex -11.01034927368164 -0.4000000059604645 2
  endloop
endfacet
facet normal 0 0 0
  outer loop
    vertex 0 -8.125 -2
    vertex 0 -8.021428108215332 2
    vertex 0 -8.024999618530273 2
  endloop
endfacet
facet normal 0 0 0
  outer loop
    vertex -6.198519229888916 -9.118764877319336 2
    vertex -7.049750328063965 -8.513235092163086 2
    vertex -6.177780628204346 -9.13414478302002 2
  endloop
endfacet
facet normal 0 0 0
  outer loop
    vertex -2.3295345306396484 -7.679446220397949 2
    vertex -3.0696678161621094 -7.410833835601807 2
    vertex -3.0710344314575195 -7.414133071899414 2
  endloop
endfacet
facet normal 0 0 0
  outer loop
    vertex -2.3295345306396484 -7.679446220397949 2
    vertex -2.328497886657715 -7.676028728485107 2
    vertex -3.0696678161621094 -7.410833835601807 2
  endloop
endfacet
facet normal 0 0 0
  outer loop
    vertex -1.565599799156189 -7.87080192565918 2
    vertex -0.7865875363349915 -7.98635721206665 2
    vertex -1.5649031400680542 -7.8672990798950195 2
  endloop
endfacet
facet normal 0 0 0
  outer loop
    vertex -0.7865875363349915 -7.98635721206665 2
    vertex -0.7862374782562256 -7.9828033447265625 2
    vertex -1.5649031400680542 -7.8672990798950195 2
  endloop
endfacet
facet normal 0 0 0
  outer loop
    vertex -2.3295345306396484 -7.679446220397949 2
    vertex -1.565599799156189 -7.87080192565918 2
    vertex -2.328497886657715 -7.676028728485107 2
  endloop
endfacet
facet normal 0 0 0
  outer loop
    vertex -1.565599799156189 -7.87080192565918 2
    vertex -1.5649031400680542 -7.8672990798950195 2
    vertex -2.328497886657715 -7.676028728485107 2
  endloop
endfacet
facet normal 0 0 0
  outer loop
    vertex -0.7865875363349915 -7.98635721206665 2
    vertex 0 -8.024999618530273 2
    vertex -0.7862374782562256 -7.9828033447265625 2
  endloop
endfacet
facet normal 0 0 0
  outer loop
    vertex 0 -8.024999618530273 2
    vertex 0 -8.021428108215332 2
    vertex -0.7862374782562256 -7.9828033447265625 2
  endloop
endfacet
facet normal 0 0 0
  outer loop
    vertex -3.782958745956421 -7.077418327331543 2
    vertex -3.0710344314575195 -7.414133071899414 2
    vertex -3.7812752723693848 -7.074268341064453 2
  endloop
endfacet
facet normal 0 0 0
  outer loop
    vertex -3.782958745956421 -7.077418327331543 2
    vertex -3.7812752723693848 -7.074268341064453 2
    vertex -4.456467151641846 -6.66957426071167 2
  endloop
endfacet
facet normal 0 0 0
  outer loop
    vertex -4.458451271057129 -6.672543525695801 2
    vertex -5.088740348815918 -6.200648307800293 2
    vertex -5.091006278991699 -6.203408718109131 2
  endloop
endfacet
facet normal 0 0 0
  outer loop
    vertex -3.782958745956421 -7.077418327331543 2
    vertex -4.456467151641846 -6.66957426071167 2
    vertex -4.458451271057129 -6.672543525695801 2
  endloop
endfacet
facet normal 0 0 0
  outer loop
    vertex -4.458451271057129 -6.672543525695801 2
    vertex -4.456467151641846 -6.66957426071167 2
    vertex -5.088740348815918 -6.200648307800293 2
  endloop
endfacet
facet normal 0 0 0
  outer loop
    vertex -6.203408718109131 -5.091006278991699 2
    vertex -5.674531936645508 -5.674531936645508 2
    vertex -6.200648307800293 -5.088740348815918 2
  endloop
endfacet
facet normal 0 0 0
  outer loop
    vertex -5.091006278991699 -6.203408718109131 2
    vertex -5.088740348815918 -6.200648307800293 2
    vertex -5.672006607055664 -5.672006607055664 2
  endloop
endfacet
facet normal 0 0 0
  outer loop
    vertex -5.091006278991699 -6.203408718109131 2
    vertex -5.672006607055664 -5.672006607055664 2
    vertex -5.674531936645508 -5.674531936645508 2
  endloop
endfacet
facet normal 0 0 0
  outer loop
    vertex -5.674531936645508 -5.674531936645508 2
    vertex -5.672006607055664 -5.672006607055664 2
    vertex -6.200648307800293 -5.088740348815918 2
  endloop
endfacet
facet normal 0 0 0
  outer loop
    vertex -3.0710344314575195 -7.414133071899414 2
    vertex -3.0696678161621094 -7.410833835601807 2
    vertex -3.7812752723693848 -7.074268341064453 2
  endloop
endfacet
facet normal 0 0 0
  outer loop
    vertex -6.203408718109131 -5.091006278991699 2
    vertex -6.200648307800293 -5.088740348815918 2
    vertex -6.66957426071167 -4.456467151641846 2
  endloop
endfacet
facet normal 0 0 0
  outer loop
    vertex -6.203408718109131 -5.091006278991699 2
    vertex -6.66957426071167 -4.456467151641846 2
    vertex -6.672543525695801 -4.458451271057129 2
  endloop
endfacet
facet normal 0 0 0
  outer loop
    vertex -6.672543525695801 -4.458451271057129 2
    vertex -6.66957426071167 -4.456467151641846 2
    vertex -7.074268341064453 -3.7812752723693848 2
  endloop
endfacet
facet normal 0 0 0
  outer loop
    vertex -6.672543525695801 -4.458451271057129 2
    vertex -7.074268341064453 -3.7812752723693848 2
    vertex -7.077418327331543 -3.782958745956421 2
  endloop
endfacet
facet normal 0 0 0
  outer loop
    vertex -7.077418327331543 -3.782958745956421 2
    vertex -7.410833835601807 -3.0696678161621094 2
    vertex -7.414133071899414 -3.0710344314575195 2
  endloop
endfacet
facet normal 0 0 0
  outer loop
    vertex -7.077418327331543 -3.782958745956421 2
    vertex -7.074268341064453 -3.7812752723693848 2
    vertex -7.410833835601807 -3.0696678161621094 2
  endloop
endfacet
facet normal 0 0 0
  outer loop
    vertex -7.414133071899414 -3.0710344314575195 2
    vertex -7.410833835601807 -3.0696678161621094 2
    vertex -7.676028728485107 -2.328497886657715 2
  endloop
endfacet
facet normal 0 0 0
  outer loop
    vertex -7.414133071899414 -3.0710344314575195 2
    vertex -7.676028728485107 -2.328497886657715 2
    vertex -7.679446220397949 -2.3295345306396484 2
  endloop
endfacet
facet normal 0 0 0
  outer loop
    vertex -7.679446220397949 -2.3295345306396484 2
    vertex -7.676028728485107 -2.328497886657715 2
    vertex -7.8672990798950195 -1.5649031400680542 2
  endloop
endfacet
facet normal 0 0 0
  outer loop
    vertex -7.679446220397949 -2.3295345306396484 2
    vertex -7.8672990798950195 -1.5649031400680542 2
    vertex -7.87080192565918 -1.565599799156189 2
  endloop
endfacet
facet normal 0 0 0
  outer loop
    vertex -7.87080192565918 -1.565599799156189 2
    vertex -7.8672990798950195 -1.5649031400680542 2
    vertex -7.9828033447265625 -0.7862374782562256 2
  endloop
endfacet
facet normal 0 0 0
  outer loop
    vertex -7.87080192565918 -1.565599799156189 2
    vertex -7.9828033447265625 -0.7862374782562256 2
    vertex -7.98635721206665 -0.7865875363349915 2
  endloop
endfacet
facet normal 0 0 0
  outer loop
    vertex -7.98635721206665 -0.7865875363349915 2
    vertex -7.9828033447265625 -0.7862374782562256 2
    vertex -8.021428108215332 0 2
  endloop
endfacet
facet normal 0 0 0
  outer loop
    vertex -7.98635721206665 -0.7865875363349915 2
    vertex -8.021428108215332 0 2
    vertex -8.024999618530273 0 2
  endloop
endfacet
facet normal 0 0 0
  outer loop
    vertex -115.4538345336914 -11 -2
    vertex -5.1431169509887695 6.266906261444092 -2
    vertex -5.7326154708862305 5.7326154708862305 -2
  endloop
endfacet
facet normal 0 0 0
  outer loop
    vertex -115.4538345336914 -11 -2
    vertex -4.504087448120117 6.740842819213867 -2
    vertex -5.1431169509887695 6.266906261444092 -2
  endloop
endfacet
facet normal 0 0 0
  outer loop
    vertex -115.4538345336914 -11 -2
    vertex -3.821680784225464 7.149861812591553 -2
    vertex -4.504087448120117 6.740842819213867 -2
  endloop
endfacet
facet normal 0 0 0
  outer loop
    vertex -115.4538345336914 -11 -2
    vertex -3.1024692058563232 7.490023136138916 -2
    vertex -3.821680784225464 7.149861812591553 -2
  endloop
endfacet
facet normal 0 0 0
  outer loop
    vertex -115.4538345336914 -11 -2
    vertex -2.353379249572754 7.758051872253418 -2
    vertex -3.1024692058563232 7.490023136138916 -2
  endloop
endfacet
facet normal 0 0 0
  outer loop
    vertex -115.4538345336914 -11 -2
    vertex -1.6159906387329102 8.124133110046387 -2
    vertex -2.353379249572754 7.758051872253418 -2
  endloop
endfacet
facet normal 0 0 0
  outer loop
    vertex -115.4538345336914 -11 -2
    vertex -1.1128920316696167 10.97146224975586 -2
    vertex -1.6159906387329102 8.124133110046387 -2
  endloop
endfacet
facet normal 0 0 0
  outer loop
    vertex -62.19815444946289 -0.9801713824272156 2
    vertex -59.150001525878906 2 2
    vertex -62.150001525878906 0 2
  endloop
endfacet
facet normal 0 0 0
  outer loop
    vertex -62.150001525878906 0 2
    vertex -59.150001525878906 2 2
    vertex -62.19815444946289 0.9801713824272156 2
  endloop
endfacet
facet normal 0 0 0
  outer loop
    vertex -62.19815444946289 0.9801713824272156 2
    vertex -59.150001525878906 2 2
    vertex -62.34214782714844 1.9509031772613525 2
  endloop
endfacet
facet normal 0 0 0
  outer loop
    vertex -62.34214782714844 1.9509031772613525 2
    vertex -59.150001525878906 2 2
    vertex -59.150001525878906 3 2
  endloop
endfacet
facet normal 0 0 0
  outer loop
    vertex -62.34214782714844 1.9509031772613525 2
    vertex -59.150001525878906 3 2
    vertex -62.580596923828125 2.9028468132019043 2
  endloop
endfacet
facet normal 0 0 0
  outer loop
    vertex -62.580596923828125 2.9028468132019043 2
    vertex -59.150001525878906 3 2
    vertex -62.91120529174805 3.8268344402313232 2
  endloop
endfacet
facet normal 0 0 0
  outer loop
    vertex -62.91120529174805 3.8268344402313232 2
    vertex -59.150001525878906 3 2
    vertex -63.330787658691406 4.713967323303223 2
  endloop
endfacet
facet normal 0 0 0
  outer loop
    vertex -63.330787658691406 4.713967323303223 2
    vertex -59.150001525878906 3 2
    vertex -63.835304260253906 5.555702209472656 2
  endloop
endfacet
facet normal 0 0 0
  outer loop
    vertex -56.150001525878906 3 2
    vertex -64.4198989868164 6.343932628631592 2
    vertex -63.835304260253906 5.555702209472656 2
  endloop
endfacet
facet normal 0 0 0
  outer loop
    vertex -58.150001525878906 0.5 2
    vertex -56.150001525878906 0.5 2
    vertex -58.150001525878906 2 2
  endloop
endfacet
facet normal 0 0 0
  outer loop
    vertex -55.150001525878906 -3 2
    vertex -53.95000076293945 3 2
    vertex -55.150001525878906 0 2
  endloop
endfacet
facet normal 0 0 0
  outer loop
    vertex -56.150001525878906 0.5 2
    vertex -56.150001525878906 2 2
    vertex -58.150001525878906 2 2
  endloop
endfacet
facet normal 0 0 0
  outer loop
    vertex -55.150001525878906 0 2
    vertex -53.95000076293945 3 2
    vertex -55.150001525878906 3 2
  endloop
endfacet
facet normal 0 0 0
  outer loop
    vertex -52.95000076293945 -2 2
    vertex -50.95000076293945 2 2
    vertex -52.95000076293945 2 2
  endloop
endfacet
facet normal 0 0 0
  outer loop
    vertex -59.150001525878906 3 2
    vertex -56.150001525878906 3 2
    vertex -63.835304260253906 5.555702209472656 2
  endloop
endfacet
facet normal 0 0 0
  outer loop
    vertex -56.150001525878906 3 2
    vertex -55.150001525878906 3 2
    vertex -65.07893371582031 7.071067810058594 2
  endloop
endfacet
facet normal 0 0 0
  outer loop
    vertex -55.150001525878906 3 2
    vertex -53.95000076293945 3 2
    vertex -65.07893371582031 7.071067810058594 2
  endloop
endfacet
facet normal 0 0 0
  outer loop
    vertex -53.95000076293945 3 2
    vertex -52.95000076293945 3 2
    vertex -65.80606842041016 7.730104446411133 2
  endloop
endfacet
facet normal 0 0 0
  outer loop
    vertex -52.95000076293945 3 2
    vertex -50.95000076293945 3 2
    vertex -65.80606842041016 7.730104446411133 2
  endloop
endfacet
facet normal 0 0 0
  outer loop
    vertex -50.95000076293945 3 2
    vertex -49.95000076293945 3 2
    vertex -66.59429931640625 8.314696311950684 2
  endloop
endfacet
facet normal 0 0 0
  outer loop
    vertex -56.150001525878906 3 2
    vertex -65.07893371582031 7.071067810058594 2
    vertex -64.4198989868164 6.343932628631592 2
  endloop
endfacet
facet normal 0 0 0
  outer loop
    vertex -53.95000076293945 3 2
    vertex -65.80606842041016 7.730104446411133 2
    vertex -65.07893371582031 7.071067810058594 2
  endloop
endfacet
facet normal 0 0 0
  outer loop
    vertex -50.95000076293945 3 2
    vertex -66.59429931640625 8.314696311950684 2
    vertex -65.80606842041016 7.730104446411133 2
  endloop
endfacet
facet normal 0 0 0
  outer loop
    vertex -47.25 -3 2
    vertex -47.25 2 2
    vertex -48.75 2 2
  endloop
endfacet
facet normal 0 0 0
  outer loop
    vertex -49.95000076293945 -2 2
    vertex -48.75 2 2
    vertex -49.95000076293945 3 2
  endloop
endfacet
facet normal 0 0 0
  outer loop
    vertex -46.25 -3 2
    vertex -44.75 2 2
    vertex -46.25 2 2
  endloop
endfacet
facet normal 0 0 0
  outer loop
    vertex -42.04999923706055 -3 2
    vertex -43.54999923706055 2 2
    vertex -44.75 2 2
  endloop
endfacet
facet normal 0 0 0
  outer loop
    vertex -42.04999923706055 -3 2
    vertex -42.04999923706055 2 2
    vertex -43.54999923706055 2 2
  endloop
endfacet
facet normal 0 0 0
  outer loop
    vertex -38.349998474121094 -3 2
    vertex -39.54999923706055 2 2
    vertex -41.04999923706055 2 2
  endloop
endfacet
facet normal 0 0 0
  outer loop
    vertex -44.75 2 2
    vertex -43.54999923706055 2 2
    vertex -43.54999923706055 3 2
  endloop
endfacet
facet normal 0 0 0
  outer loop
    vertex -49.95000076293945 3 2
    vertex -48.75 2 2
    vertex -48.75 3 2
  endloop
endfacet
facet normal 0 0 0
  outer loop
    vertex -44.75 2 2
    vertex -43.54999923706055 3 2
    vertex -44.75 3 2
  endloop
endfacet
facet normal 0 0 0
  outer loop
    vertex -38.349998474121094 -3 2
    vertex -38.349998474121094 3 2
    vertex -39.54999923706055 2 2
  endloop
endfacet
facet normal 0 0 0
  outer loop
    vertex -37.349998474121094 -2 2
    vertex -35.349998474121094 2 2
    vertex -37.349998474121094 2 2
  endloop
endfacet
facet normal 0 0 0
  outer loop
    vertex -32.150001525878906 -3 2
    vertex -31.649999618530273 2 2
    vertex -32.150001525878906 2 2
  endloop
endfacet
facet normal 0 0 0
  outer loop
    vertex -34.349998474121094 -2 2
    vertex -33.150001525878906 2 2
    vertex -33.150001525878906 3 2
  endloop
endfacet
facet normal 0 0 0
  outer loop
    vertex -34.349998474121094 -2 2
    vertex -33.150001525878906 3 2
    vertex -34.349998474121094 3 2
  endloop
endfacet
facet normal 0 0 0
  outer loop
    vertex -30.649999618530273 0 2
    vertex -30.149999618530273 2 2
    vertex -30.649999618530273 2 2
  endloop
endfacet
facet normal 0 0 0
  outer loop
    vertex -39.54999923706055 2 2
    vertex -38.349998474121094 3 2
    vertex -39.54999923706055 3 2
  endloop
endfacet
facet normal 0 0 0
  outer loop
    vertex -49.95000076293945 3 2
    vertex -5.628589630126953 10.549003601074219 2
    vertex -66.59429931640625 8.314696311950684 2
  endloop
endfacet
facet normal 0 0 0
  outer loop
    vertex -66.59429931640625 8.314696311950684 2
    vertex -2.173666477203369 10.932491302490234 2
    vertex -67.43603515625 8.819212913513184 2
  endloop
endfacet
facet normal 0 0 0
  outer loop
    vertex -68.32316589355469 9.238795280456543 2
    vertex -0.9001961350440979 11 2
    vertex -69.24715423583984 9.569403648376465 2
  endloop
endfacet
facet normal 0 0 0
  outer loop
    vertex -68.32316589355469 9.238795280456543 2
    vertex -67.43603515625 8.819212913513184 2
    vertex -1.0811290740966797 10.976887702941895 2
  endloop
endfacet
facet normal 0 0 0
  outer loop
    vertex -49.95000076293945 3 2
    vertex -48.75 3 2
    vertex -6.321410179138184 10.149003982543945 2
  endloop
endfacet
facet normal 0 0 0
  outer loop
    vertex -48.75 3 2
    vertex -44.75 3 2
    vertex -6.321410179138184 10.149003982543945 2
  endloop
endfacet
facet normal 0 0 0
  outer loop
    vertex -44.75 3 2
    vertex -43.54999923706055 3 2
    vertex -6.321410179138184 10.149003982543945 2
  endloop
endfacet
facet normal 0 0 0
  outer loop
    vertex -43.54999923706055 3 2
    vertex -39.54999923706055 3 2
    vertex -6.321410179138184 10.149003982543945 2
  endloop
endfacet
facet normal 0 0 0
  outer loop
    vertex -114.57805633544922 8.074666976928711 -2
    vertex -1.7421584129333496 11 -2
    vertex -1.1083213090896606 10.999993324279785 -2
  endloop
endfacet
facet normal 0 0 0
  outer loop
    vertex -114.57805633544922 8.074666976928711 -2
    vertex -1.1083213090896606 10.999993324279785 -2
    vertex -1.1128920316696167 10.97146224975586 -2
  endloop
endfacet
facet normal 0 0 0
  outer loop
    vertex -115.4538345336914 11 2
    vertex -72.1500015258789 10 2
    vertex -1.7421584129333496 11 2
  endloop
endfacet
facet normal 0 0 0
  outer loop
    vertex -115.4538345336914 11 2
    vertex -1.7421584129333496 11 2
    vertex -1.7421584129333496 11 -2
  endloop
endfacet
facet normal 0 0 0
  outer loop
    vertex -71.16983032226562 9.951847076416016 2
    vertex -70.1990966796875 9.807852745056152 2
    vertex -0.9001961350440979 11 2
  endloop
endfacet
facet normal 0 0 0
  outer loop
    vertex -71.16983032226562 9.951847076416016 2
    vertex -0.9001961350440979 11 2
    vertex -72.1500015258789 10 2
  endloop
endfacet
facet normal 0 0 0
  outer loop
    vertex -70.1990966796875 9.807852745056152 2
    vertex -69.24715423583984 9.569403648376465 2
    vertex -0.9001961350440979 11 2
  endloop
endfacet
facet normal 0 0 0
  outer loop
    vertex -1.6159906387329102 8.124133110046387 -2
    vertex -1.5816251039505005 7.951366424560547 -2
    vertex -2.353379249572754 7.758051872253418 -2
  endloop
endfacet
facet normal 0 0 0
  outer loop
    vertex -1.5690382719039917 8.12415885925293 -2
    vertex -1.5816251039505005 7.951366424560547 -2
    vertex -1.6159906387329102 8.124133110046387 -2
  endloop
endfacet
facet normal 0 0 0
  outer loop
    vertex -1.5690382719039917 8.12415885925293 -2
    vertex -0.7946389317512512 8.06810474395752 -2
    vertex -1.5816251039505005 7.951366424560547 -2
  endloop
endfacet
facet normal 0 0 0
  outer loop
    vertex -1.5690382719039917 8.12415885925293 -2
    vertex -0.514502227306366 8.124724388122559 -2
    vertex -0.7946389317512512 8.06810474395752 -2
  endloop
endfacet
facet normal 0 0 0
  outer loop
    vertex -0.514502227306366 8.124724388122559 -2
    vertex 0 8.107142448425293 -2
    vertex -0.7946389317512512 8.06810474395752 -2
  endloop
endfacet
facet normal 0 0 0
  outer loop
    vertex -0.514502227306366 8.124724388122559 -2
    vertex 0 8.125 -2
    vertex 0 8.107142448425293 -2
  endloop
endfacet
facet normal 0 0 0
  outer loop
    vertex -0.514502227306366 8.124724388122559 -2
    vertex -0.009587128646671772 8.149529457092285 -2
    vertex 0 8.125 -2
  endloop
endfacet
facet normal 0 0 0
  outer loop
    vertex 0 8.125 -2
    vertex -0.009587128646671772 8.149529457092285 -2
    vertex 0 8.149999618530273 -2
  endloop
endfacet
facet normal 0 0 0
  outer loop
    vertex -0.009587128646671772 8.149529457092285 -2
    vertex -0.4753964841365814 9.34131908416748 -2
    vertex 0 8.149999618530273 -2
  endloop
endfacet
facet normal 0 0 0
  outer loop
    vertex 0 8.149999618530273 -2
    vertex -0.4753964841365814 9.34131908416748 -2
    vertex 0 10.75 -2
  endloop
endfacet
facet normal 0 0 0
  outer loop
    vertex 0 8.125 -2
    vertex 0 8.024999618530273 2
    vertex 0 8.107142448425293 -2
  endloop
endfacet
facet normal 0 0 0
  outer loop
    vertex -11.949999809265137 -0.4000000059604645 2
    vertex -29.149999618530273 3 2
    vertex -11.057676315307617 -1.0629862546920776 2
  endloop
endfacet
facet normal 0 0 0
  outer loop
    vertex -11.949999809265137 -0.4000000059604645 2
    vertex -11.949999809265137 0.4000000059604645 2
    vertex -29.149999618530273 3 2
  endloop
endfacet
facet normal 0 0 0
  outer loop
    vertex -29.149999618530273 3 2
    vertex -11.949999809265137 0.4000000059604645 2
    vertex -11.01034927368164 0.4000000059604645 2
  endloop
endfacet
facet normal 0 0 0
  outer loop
    vertex -29.149999618530273 3 2
    vertex -11.01034927368164 0.4000000059604645 2
    vertex -11.096185684204102 1.093725562095642 2
  endloop
endfacet
facet normal 0 0 0
  outer loop
    vertex -29.149999618530273 3 2
    vertex -11.096185684204102 1.093725562095642 2
    vertex -10.933866500854492 2.1572041511535645 2
  endloop
endfacet
facet normal 0 0 0
  outer loop
    vertex -11.01034927368164 0.4000000059604645 2
    vertex -10.987049102783203 0.8742843270301819 2
    vertex -11.096185684204102 1.093725562095642 2
  endloop
endfacet
facet normal 0 0 0
  outer loop
    vertex -29.149999618530273 3 2
    vertex -10.933866500854492 2.1572041511535645 2
    vertex -10.670904159545898 3.200582504272461 2
  endloop
endfacet
facet normal 0 0 0
  outer loop
    vertex -29.149999618530273 3 2
    vertex -10.670904159545898 3.200582504272461 2
    vertex -10.303872108459473 4.213690280914307 2
  endloop
endfacet
facet normal 0 0 0
  outer loop
    vertex -29.149999618530273 3 2
    vertex -10.303872108459473 4.213690280914307 2
    vertex -9.850354194641113 5.185603618621826 2
  endloop
endfacet
facet normal 0 0 0
  outer loop
    vertex -29.149999618530273 3 2
    vertex -9.850354194641113 5.185603618621826 2
    vertex -9.848514556884766 5.224162578582764 2
  endloop
endfacet
facet normal 0 0 0
  outer loop
    vertex -29.149999618530273 3 2
    vertex -9.848514556884766 5.224162578582764 2
    vertex -10.549003601074219 5.628589630126953 2
  endloop
endfacet
facet normal 0 0 0
  outer loop
    vertex -29.149999618530273 3 2
    vertex -10.549003601074219 5.628589630126953 2
    vertex -10.149003982543945 6.321410179138184 2
  endloop
endfacet
facet normal 0 0 0
  outer loop
    vertex -10.66988468170166 3.2005934715270996 2
    vertex -10.303872108459473 4.213690280914307 2
    vertex -10.670904159545898 3.200582504272461 2
  endloop
endfacet
facet normal 0 0 0
  outer loop
    vertex -10.301257133483887 4.213858604431152 2
    vertex -9.850354194641113 5.185603618621826 2
    vertex -10.303872108459473 4.213690280914307 2
  endloop
endfacet
facet normal 0 0 0
  outer loop
    vertex -39.54999923706055 3 2
    vertex -38.349998474121094 3 2
    vertex -6.321410179138184 10.149003982543945 2
  endloop
endfacet
facet normal 0 0 0
  outer loop
    vertex -38.349998474121094 3 2
    vertex -37.349998474121094 3 2
    vertex -6.321410179138184 10.149003982543945 2
  endloop
endfacet
facet normal 0 0 0
  outer loop
    vertex -37.349998474121094 3 2
    vertex -35.349998474121094 3 2
    vertex -6.321410179138184 10.149003982543945 2
  endloop
endfacet
facet normal 0 0 0
  outer loop
    vertex -35.349998474121094 3 2
    vertex -34.349998474121094 3 2
    vertex -6.321410179138184 10.149003982543945 2
  endloop
endfacet
facet normal 0 0 0
  outer loop
    vertex -34.349998474121094 3 2
    vertex -33.150001525878906 3 2
    vertex -6.321410179138184 10.149003982543945 2
  endloop
endfacet
facet normal 0 0 0
  outer loop
    vertex -33.150001525878906 3 2
    vertex -29.149999618530273 3 2
    vertex -6.321410179138184 10.149003982543945 2
  endloop
endfacet
facet normal 0 0 0
  outer loop
    vertex -66.59429931640625 8.314696311950684 2
    vertex -5.628589630126953 10.549003601074219 2
    vertex -2.151846170425415 10.818061828613281 2
  endloop
endfacet
facet normal 0 0 0
  outer loop
    vertex -49.95000076293945 3 2
    vertex -6.321410179138184 10.149003982543945 2
    vertex -5.628589630126953 10.549003601074219 2
  endloop
endfacet
facet normal 0 0 0
  outer loop
    vertex -29.149999618530273 3 2
    vertex -10.149003982543945 6.321410179138184 2
    vertex -8.655804634094238 6.9722580909729 2
  endloop
endfacet
facet normal 0 0 0
  outer loop
    vertex -29.149999618530273 3 2
    vertex -8.655804634094238 6.9722580909729 2
    vertex -7.889403343200684 7.779153347015381 2
  endloop
endfacet
facet normal 0 0 0
  outer loop
    vertex -29.149999618530273 3 2
    vertex -7.889403343200684 7.779153347015381 2
    vertex -7.076171875 8.506644248962402 2
  endloop
endfacet
facet normal 0 0 0
  outer loop
    vertex -29.149999618530273 3 2
    vertex -7.076171875 8.506644248962402 2
    vertex -6.197653770446777 9.152422904968262 2
  endloop
endfacet
facet normal 0 0 0
  outer loop
    vertex -29.149999618530273 3 2
    vertex -6.197653770446777 9.152422904968262 2
    vertex -6.045929908752441 9.220264434814453 2
  endloop
endfacet
facet normal 0 0 0
  outer loop
    vertex -29.149999618530273 3 2
    vertex -6.045929908752441 9.220264434814453 2
    vertex -6.321410179138184 10.149003982543945 2
  endloop
endfacet
facet normal 0 0 0
  outer loop
    vertex -9.84725284576416 5.185955047607422 2
    vertex -9.848514556884766 5.224162578582764 2
    vertex -9.850354194641113 5.185603618621826 2
  endloop
endfacet
facet normal 0 0 0
  outer loop
    vertex -9.839858055114746 4.962138652801514 2
    vertex -9.744368553161621 5.164033889770508 2
    vertex -9.84725284576416 5.185955047607422 2
  endloop
endfacet
facet normal 0 0 0
  outer loop
    vertex -9.84725284576416 5.185955047607422 2
    vertex -9.744368553161621 5.164033889770508 2
    vertex -9.848514556884766 5.224162578582764 2
  endloop
endfacet
facet normal 0 0 0
  outer loop
    vertex -9.336362838745117 5.852231979370117 2
    vertex -9.220264434814453 6.045929908752441 2
    vertex -9.24428653717041 6.116483211517334 2
  endloop
endfacet
facet normal 0 0 0
  outer loop
    vertex -9.336362838745117 5.852231979370117 2
    vertex -9.24428653717041 6.116483211517334 2
    vertex -10.149003982543945 6.321410179138184 2
  endloop
endfacet
facet normal 0 0 0
  outer loop
    vertex -9.24428653717041 6.116483211517334 2
    vertex -8.655804634094238 6.9722580909729 2
    vertex -10.149003982543945 6.321410179138184 2
  endloop
endfacet
facet normal 0 0 0
  outer loop
    vertex -8.024999618530273 0 2
    vertex -8.021428108215332 0 2
    vertex -7.9828033447265625 0.7862374782562256 2
  endloop
endfacet
facet normal 0 0 0
  outer loop
    vertex -8.024999618530273 0 2
    vertex -7.9828033447265625 0.7862374782562256 2
    vertex -7.98635721206665 0.7865875363349915 2
  endloop
endfacet
facet normal 0 0 0
  outer loop
    vertex -7.98635721206665 0.7865875363349915 2
    vertex -7.9828033447265625 0.7862374782562256 2
    vertex -7.8672990798950195 1.5649031400680542 2
  endloop
endfacet
facet normal 0 0 0
  outer loop
    vertex -7.98635721206665 0.7865875363349915 2
    vertex -7.8672990798950195 1.5649031400680542 2
    vertex -7.87080192565918 1.565599799156189 2
  endloop
endfacet
facet normal 0 0 0
  outer loop
    vertex -7.87080192565918 1.565599799156189 2
    vertex -7.8672990798950195 1.5649031400680542 2
    vertex -7.676028728485107 2.328497886657715 2
  endloop
endfacet
facet normal 0 0 0
  outer loop
    vertex -7.87080192565918 1.565599799156189 2
    vertex -7.676028728485107 2.328497886657715 2
    vertex -7.679446220397949 2.3295345306396484 2
  endloop
endfacet
facet normal 0 0 0
  outer loop
    vertex -7.679446220397949 2.3295345306396484 2
    vertex -7.676028728485107 2.328497886657715 2
    vertex -7.410833835601807 3.0696678161621094 2
  endloop
endfacet
facet normal 0 0 0
  outer loop
    vertex -7.679446220397949 2.3295345306396484 2
    vertex -7.410833835601807 3.0696678161621094 2
    vertex -7.414133071899414 3.0710344314575195 2
  endloop
endfacet
facet normal 0 0 0
  outer loop
    vertex -7.414133071899414 3.0710344314575195 2
    vertex -7.410833835601807 3.0696678161621094 2
    vertex -7.074268341064453 3.7812752723693848 2
  endloop
endfacet
facet normal 0 0 0
  outer loop
    vertex -7.414133071899414 3.0710344314575195 2
    vertex -7.074268341064453 3.7812752723693848 2
    vertex -7.077418327331543 3.782958745956421 2
  endloop
endfacet
facet normal 0 0 0
  outer loop
    vertex -7.077418327331543 3.782958745956421 2
    vertex -7.074268341064453 3.7812752723693848 2
    vertex -6.66957426071167 4.456467151641846 2
  endloop
endfacet
facet normal 0 0 0
  outer loop
    vertex -7.077418327331543 3.782958745956421 2
    vertex -6.66957426071167 4.456467151641846 2
    vertex -6.672543525695801 4.458451271057129 2
  endloop
endfacet
facet normal 0 0 0
  outer loop
    vertex -6.672543525695801 4.458451271057129 2
    vertex -6.66957426071167 4.456467151641846 2
    vertex -6.200648307800293 5.088740348815918 2
  endloop
endfacet
facet normal 0 0 0
  outer loop
    vertex -6.672543525695801 4.458451271057129 2
    vertex -6.200648307800293 5.088740348815918 2
    vertex -6.203408718109131 5.091006278991699 2
  endloop
endfacet
facet normal 0 0 0
  outer loop
    vertex 0 8.024999618530273 2
    vertex 0 8.021428108215332 2
    vertex 0 8.107142448425293 -2
  endloop
endfacet
facet normal 0 0 0
  outer loop
    vertex -6.203408718109131 5.091006278991699 2
    vertex -6.200648307800293 5.088740348815918 2
    vertex -5.672006607055664 5.672006607055664 2
  endloop
endfacet
facet normal 0 0 0
  outer loop
    vertex -6.203408718109131 5.091006278991699 2
    vertex -5.672006607055664 5.672006607055664 2
    vertex -5.674531936645508 5.674531936645508 2
  endloop
endfacet
facet normal 0 0 0
  outer loop
    vertex -5.674531936645508 5.674531936645508 2
    vertex -5.672006607055664 5.672006607055664 2
    vertex -5.088740348815918 6.200648307800293 2
  endloop
endfacet
facet normal 0 0 0
  outer loop
    vertex -5.674531936645508 5.674531936645508 2
    vertex -5.088740348815918 6.200648307800293 2
    vertex -5.091006278991699 6.203408718109131 2
  endloop
endfacet
facet normal 0 0 0
  outer loop
    vertex -8.61906623840332 6.979378700256348 2
    vertex -7.889403343200684 7.779153347015381 2
    vertex -8.655804634094238 6.9722580909729 2
  endloop
endfacet
facet normal 0 0 0
  outer loop
    vertex -5.091006278991699 6.203408718109131 2
    vertex -5.088740348815918 6.200648307800293 2
    vertex -4.456467151641846 6.66957426071167 2
  endloop
endfacet
facet normal 0 0 0
  outer loop
    vertex -5.091006278991699 6.203408718109131 2
    vertex -4.456467151641846 6.66957426071167 2
    vertex -4.458451271057129 6.672543525695801 2
  endloop
endfacet
facet normal 0 0 0
  outer loop
    vertex -4.458451271057129 6.672543525695801 2
    vertex -4.456467151641846 6.66957426071167 2
    vertex -3.7812752723693848 7.074268341064453 2
  endloop
endfacet
facet normal 0 0 0
  outer loop
    vertex -4.458451271057129 6.672543525695801 2
    vertex -3.7812752723693848 7.074268341064453 2
    vertex -3.782958745956421 7.077418327331543 2
  endloop
endfacet
facet normal 0 0 0
  outer loop
    vertex -3.782958745956421 7.077418327331543 2
    vertex -3.7812752723693848 7.074268341064453 2
    vertex -3.0696678161621094 7.410833835601807 2
  endloop
endfacet
facet normal 0 0 0
  outer loop
    vertex -3.782958745956421 7.077418327331543 2
    vertex -3.0696678161621094 7.410833835601807 2
    vertex -3.0710344314575195 7.414133071899414 2
  endloop
endfacet
facet normal 0 0 0
  outer loop
    vertex -7.866999626159668 7.784189224243164 2
    vertex -7.076171875 8.506644248962402 2
    vertex -7.889403343200684 7.779153347015381 2
  endloop
endfacet
facet normal 0 0 0
  outer loop
    vertex -7.049750328063965 8.513235092163086 2
    vertex -6.197653770446777 9.152422904968262 2
    vertex -7.076171875 8.506644248962402 2
  endloop
endfacet
facet normal 0 0 0
  outer loop
    vertex -6.197653770446777 9.152422904968262 2
    vertex -6.157476902008057 9.163192749023438 2
    vertex -6.045929908752441 9.220264434814453 2
  endloop
endfacet
facet normal 0 0 0
  outer loop
    vertex -6.045929908752441 9.220264434814453 2
    vertex -5.852231979370117 9.336362838745117 2
    vertex -6.321410179138184 10.149003982543945 2
  endloop
endfacet
facet normal 0 0 0
  outer loop
    vertex -3.0710344314575195 7.414133071899414 2
    vertex -3.0696678161621094 7.410833835601807 2
    vertex -2.328497886657715 7.676028728485107 2
  endloop
endfacet
facet normal 0 0 0
  outer loop
    vertex -3.0710344314575195 7.414133071899414 2
    vertex -2.328497886657715 7.676028728485107 2
    vertex -2.3295345306396484 7.679446220397949 2
  endloop
endfacet
facet normal 0 0 0
  outer loop
    vertex -2.3295345306396484 7.679446220397949 2
    vertex -2.328497886657715 7.676028728485107 2
    vertex -1.5649031400680542 7.8672990798950195 2
  endloop
endfacet
facet normal 0 0 0
  outer loop
    vertex -2.3295345306396484 7.679446220397949 2
    vertex -1.5649031400680542 7.8672990798950195 2
    vertex -1.565599799156189 7.87080192565918 2
  endloop
endfacet
facet normal 0 0 0
  outer loop
    vertex -1.565599799156189 7.87080192565918 2
    vertex -1.5649031400680542 7.8672990798950195 2
    vertex -0.7862374782562256 7.9828033447265625 2
  endloop
endfacet
facet normal 0 0 0
  outer loop
    vertex -1.565599799156189 7.87080192565918 2
    vertex -0.7862374782562256 7.9828033447265625 2
    vertex -0.7865875363349915 7.98635721206665 2
  endloop
endfacet
facet normal 0 0 0
  outer loop
    vertex -0.7865875363349915 7.98635721206665 2
    vertex -0.7862374782562256 7.9828033447265625 2
    vertex 0 8.021428108215332 2
  endloop
endfacet
facet normal 0 0 0
  outer loop
    vertex -0.7865875363349915 7.98635721206665 2
    vertex 0 8.021428108215332 2
    vertex 0 8.024999618530273 2
  endloop
endfacet
facet normal 0 0 0
  outer loop
    vertex -0.4753964841365814 9.34131908416748 -2
    vertex -0.29312047362327576 10.992483139038086 -2
    vertex -0.12566527724266052 10.996777534484863 -2
  endloop
endfacet
facet normal 0 0 0
  outer loop
    vertex -0.4753964841365814 9.34131908416748 -2
    vertex -0.12566527724266052 10.996777534484863 -2
    vertex 0 10.75 -2
  endloop
endfacet
facet normal 0 0 0
  outer loop
    vertex 0 10.75 -2
    vertex -0.12566527724266052 10.996777534484863 -2
    vertex -0.08685796707868576 10.997773170471191 -2
  endloop
endfacet
facet normal 0 0 0
  outer loop
    vertex -72.1500015258789 10 2
    vertex -0.9001961350440979 11 2
    vertex -1.7421584129333496 11 2
  endloop
endfacet
facet normal 0 0 0
  outer loop
    vertex -66.59429931640625 8.314696311950684 2
    vertex -2.151846170425415 10.818061828613281 2
    vertex -2.173666477203369 10.932491302490234 2
  endloop
endfacet
facet normal 0 0 0
  outer loop
    vertex -67.43603515625 8.819212913513184 2
    vertex -2.173666477203369 10.932491302490234 2
    vertex -1.0811290740966797 10.976887702941895 2
  endloop
endfacet
facet normal 0 0 0
  outer loop
    vertex -68.32316589355469 9.238795280456543 2
    vertex -1.0811290740966797 10.976887702941895 2
    vertex -1.052899718284607 10.988497734069824 2
  endloop
endfacet
facet normal 0 0 0
  outer loop
    vertex -68.32316589355469 9.238795280456543 2
    vertex -1.052899718284607 10.988497734069824 2
    vertex -0.9001961350440979 11 2
  endloop
endfacet
facet normal 0 0 0
  outer loop
    vertex -5.164033889770508 9.744368553161621 2
    vertex -4.501095771789551 10.057914733886719 2
    vertex -5.628589630126953 10.549003601074219 2
  endloop
endfacet
facet normal 0 0 0
  outer loop
    vertex -5.628589630126953 10.549003601074219 2
    vertex -4.501095771789551 10.057914733886719 2
    vertex -4.43224573135376 10.129460334777832 2
  endloop
endfacet
facet normal 0 0 0
  outer loop
    vertex -5.628589630126953 10.549003601074219 2
    vertex -4.43224573135376 10.129460334777832 2
    vertex -4.220998287200928 10.190391540527344 2
  endloop
endfacet
facet normal 0 0 0
  outer loop
    vertex -5.628589630126953 10.549003601074219 2
    vertex -4.220998287200928 10.190391540527344 2
    vertex -3.2321300506591797 10.548755645751953 2
  endloop
endfacet
facet normal 0 0 0
  outer loop
    vertex -5.628589630126953 10.549003601074219 2
    vertex -3.2018399238586426 10.555051803588867 2
    vertex -3.2203168869018555 10.643298149108887 2
  endloop
endfacet
facet normal 0 0 0
  outer loop
    vertex -5.628589630126953 10.549003601074219 2
    vertex -3.2321300506591797 10.548755645751953 2
    vertex -3.2018399238586426 10.555051803588867 2
  endloop
endfacet
facet normal 0 0 0
  outer loop
    vertex -5.628589630126953 10.549003601074219 2
    vertex -3.2203168869018555 10.643298149108887 2
    vertex -2.151846170425415 10.818061828613281 2
  endloop
endfacet
facet normal 0 0 0
  outer loop
    vertex -1.052899718284607 10.988497734069824 2
    vertex -0.8858740925788879 10.992841720581055 2
    vertex -0.9001961350440979 11 2
  endloop
endfacet
facet normal 0 0 0
  outer loop
    vertex -136.0518035888672 -19.615705490112305 -2
    vertex -133.62025451660156 -14.927770614624023 -2
    vertex -134.11033630371094 -19.90369415283203 -2
  endloop
endfacet
facet normal 0 0 0
  outer loop
    vertex -137.9556884765625 -19.13880729675293 -2
    vertex -135.07635498046875 -14.711779594421387 -2
    vertex -136.0518035888672 -19.615705490112305 -2
  endloop
endfacet
facet normal 0 0 0
  outer loop
    vertex -134.11033630371094 -19.90369415283203 -2
    vertex -132.14999389648438 -15 -2
    vertex -132.14999389648438 -20 -2
  endloop
endfacet
facet normal 0 0 0
  outer loop
    vertex -139.8036651611328 -18.477590560913086 -2
    vertex -141.57794189453125 -17.638425827026367 -2
    vertex -139.220947265625 -13.228818893432617 -2
  endloop
endfacet
facet normal 0 0 0
  outer loop
    vertex -137.9556884765625 -19.13880729675293 -2
    vertex -139.8036651611328 -18.477590560913086 -2
    vertex -137.8902587890625 -13.858193397521973 -2
  endloop
endfacet
facet normal 0 0 0
  outer loop
    vertex -143.2613983154297 -16.629392623901367 -2
    vertex -140.48355102539062 -12.472043991088867 -2
    vertex -141.57794189453125 -17.638425827026367 -2
  endloop
endfacet
facet normal 0 0 0
  outer loop
    vertex -137.9556884765625 -19.13880729675293 -2
    vertex -137.8902587890625 -13.858193397521973 -2
    vertex -136.5042724609375 -14.354104995727539 -2
  endloop
endfacet
facet normal 0 0 0
  outer loop
    vertex -139.8036651611328 -18.477590560913086 -2
    vertex -139.220947265625 -13.228818893432617 -2
    vertex -137.8902587890625 -13.858193397521973 -2
  endloop
endfacet
facet normal 0 0 0
  outer loop
    vertex -136.0518035888672 -19.615705490112305 -2
    vertex -135.07635498046875 -14.711779594421387 -2
    vertex -133.62025451660156 -14.927770614624023 -2
  endloop
endfacet
facet normal 0 0 0
  outer loop
    vertex -134.11033630371094 -19.90369415283203 -2
    vertex -133.62025451660156 -14.927770614624023 -2
    vertex -132.14999389648438 -15 -2
  endloop
endfacet
facet normal 0 0 0
  outer loop
    vertex -132.14999389648438 -20 -2
    vertex -132.14999389648438 -15 -2
    vertex -130.67974853515625 -14.927770614624023 -2
  endloop
endfacet
facet normal 0 0 0
  outer loop
    vertex -137.9556884765625 -19.13880729675293 -2
    vertex -136.5042724609375 -14.354104995727539 -2
    vertex -135.07635498046875 -14.711779594421387 -2
  endloop
endfacet
facet normal 0 0 0
  outer loop
    vertex -143.2613983154297 -16.629392623901367 -2
    vertex -141.57794189453125 -17.638425827026367 -2
    vertex -143.2613983154297 -16.629392623901367 2
  endloop
endfacet
facet normal 0 0 0
  outer loop
    vertex -143.2613983154297 -16.629392623901367 -2
    vertex -144.83786010742188 -15.460208892822266 2
    vertex -144.83786010742188 -15.460208892822266 -2
  endloop
endfacet
facet normal 0 0 0
  outer loop
    vertex -137.9556884765625 -19.13880729675293 -2
    vertex -136.0518035888672 -19.615705490112305 -2
    vertex -137.9556884765625 -19.13880729675293 2
  endloop
endfacet
facet normal 0 0 0
  outer loop
    vertex -139.8036651611328 -18.477590560913086 -2
    vertex -141.57794189453125 -17.638425827026367 2
    vertex -141.57794189453125 -17.638425827026367 -2
  endloop
endfacet
facet normal 0 0 0
  outer loop
    vertex -137.9556884765625 -19.13880729675293 -2
    vertex -139.8036651611328 -18.477590560913086 2
    vertex -139.8036651611328 -18.477590560913086 -2
  endloop
endfacet
facet normal 0 0 0
  outer loop
    vertex -136.0518035888672 -19.615705490112305 -2
    vertex -134.11033630371094 -19.90369415283203 -2
    vertex -136.0518035888672 -19.615705490112305 2
  endloop
endfacet
facet normal 0 0 0
  outer loop
    vertex -134.11033630371094 -19.90369415283203 -2
    vertex -132.14999389648438 -20 -2
    vertex -134.11033630371094 -19.90369415283203 2
  endloop
endfacet
facet normal 0 0 0
  outer loop
    vertex -143.2613983154297 -16.629392623901367 -2
    vertex -144.83786010742188 -15.460208892822266 -2
    vertex -142.75660705566406 -10.60660171508789 -2
  endloop
endfacet
facet normal 0 0 0
  outer loop
    vertex -144.83786010742188 -15.460208892822266 -2
    vertex -146.29212951660156 -14.142135620117188 -2
    vertex -144.62203979492188 -8.333553314208984 -2
  endloop
endfacet
facet normal 0 0 0
  outer loop
    vertex -143.2613983154297 -16.629392623901367 -2
    vertex -142.75660705566406 -10.60660171508789 -2
    vertex -141.6658935546875 -11.5951566696167 -2
  endloop
endfacet
facet normal 0 0 0
  outer loop
    vertex -144.83786010742188 -15.460208892822266 -2
    vertex -143.7451629638672 -9.515899658203125 -2
    vertex -142.75660705566406 -10.60660171508789 -2
  endloop
endfacet
facet normal 0 0 0
  outer loop
    vertex -147.61021423339844 -12.687865257263184 -2
    vertex -146.00819396972656 -5.740251541137695 -2
    vertex -146.29212951660156 -14.142135620117188 -2
  endloop
endfacet
facet normal 0 0 0
  outer loop
    vertex -144.83786010742188 -15.460208892822266 -2
    vertex -144.62203979492188 -8.333553314208984 -2
    vertex -143.7451629638672 -9.515899658203125 -2
  endloop
endfacet
facet normal 0 0 0
  outer loop
    vertex -141.57794189453125 -17.638425827026367 -2
    vertex -140.48355102539062 -12.472043991088867 -2
    vertex -139.220947265625 -13.228818893432617 -2
  endloop
endfacet
facet normal 0 0 0
  outer loop
    vertex -143.2613983154297 -16.629392623901367 -2
    vertex -141.6658935546875 -11.5951566696167 -2
    vertex -140.48355102539062 -12.472043991088867 -2
  endloop
endfacet
facet normal 0 0 0
  outer loop
    vertex -147.61021423339844 -12.687865257263184 -2
    vertex -146.29212951660156 -14.142135620117188 -2
    vertex -147.61021423339844 -12.687865257263184 2
  endloop
endfacet
facet normal 0 0 0
  outer loop
    vertex -144.83786010742188 -15.460208892822266 -2
    vertex -146.29212951660156 -14.142135620117188 2
    vertex -146.29212951660156 -14.142135620117188 -2
  endloop
endfacet
facet normal 0 0 0
  outer loop
    vertex -147.61021423339844 -12.687865257263184 -2
    vertex -148.77938842773438 -11.111404418945312 2
    vertex -148.77938842773438 -11.111404418945312 -2
  endloop
endfacet
facet normal 0 0 0
  outer loop
    vertex -132.14999389648438 -20 -2
    vertex -130.67974853515625 -14.927770614624023 -2
    vertex -130.1896514892578 -19.90369415283203 -2
  endloop
endfacet
facet normal 0 0 0
  outer loop
    vertex -130.1896514892578 -19.90369415283203 -2
    vertex -129.22364807128906 -14.711779594421387 -2
    vertex -128.24819946289062 -19.615705490112305 -2
  endloop
endfacet
facet normal 0 0 0
  outer loop
    vertex -128.24819946289062 -19.615705490112305 -2
    vertex -127.79573059082031 -14.354104995727539 -2
    vertex -126.34430694580078 -19.13880729675293 -2
  endloop
endfacet
facet normal 0 0 0
  outer loop
    vertex -130.1896514892578 -19.90369415283203 -2
    vertex -130.67974853515625 -14.927770614624023 -2
    vertex -129.22364807128906 -14.711779594421387 -2
  endloop
endfacet
facet normal 0 0 0
  outer loop
    vertex -128.24819946289062 -19.615705490112305 -2
    vertex -129.22364807128906 -14.711779594421387 -2
    vertex -127.79573059082031 -14.354104995727539 -2
  endloop
endfacet
facet normal 0 0 0
  outer loop
    vertex -126.34430694580078 -19.13880729675293 -2
    vertex -127.79573059082031 -14.354104995727539 -2
    vertex -126.40975189208984 -13.858193397521973 -2
  endloop
endfacet
facet normal 0 0 0
  outer loop
    vertex -126.34430694580078 -19.13880729675293 -2
    vertex -125.07904815673828 -13.228818893432617 -2
    vertex -124.49633026123047 -18.477590560913086 -2
  endloop
endfacet
facet normal 0 0 0
  outer loop
    vertex -126.34430694580078 -19.13880729675293 -2
    vertex -126.40975189208984 -13.858193397521973 -2
    vertex -125.07904815673828 -13.228818893432617 -2
  endloop
endfacet
facet normal 0 0 0
  outer loop
    vertex -124.49633026123047 -18.477590560913086 -2
    vertex -123.81644439697266 -12.472043991088867 -2
    vertex -122.7220687866211 -17.638425827026367 -2
  endloop
endfacet
facet normal 0 0 0
  outer loop
    vertex -132.14999389648438 -20 -2
    vertex -130.1896514892578 -19.90369415283203 -2
    vertex -132.14999389648438 -20 2
  endloop
endfacet
facet normal 0 0 0
  outer loop
    vertex -130.1896514892578 -19.90369415283203 -2
    vertex -128.24819946289062 -19.615705490112305 -2
    vertex -130.1896514892578 -19.90369415283203 2
  endloop
endfacet
facet normal 0 0 0
  outer loop
    vertex -128.24819946289062 -19.615705490112305 -2
    vertex -126.34430694580078 -19.13880729675293 -2
    vertex -128.24819946289062 -19.615705490112305 2
  endloop
endfacet
facet normal 0 0 0
  outer loop
    vertex -126.34430694580078 -19.13880729675293 -2
    vertex -124.49633026123047 -18.477590560913086 -2
    vertex -126.34430694580078 -19.13880729675293 2
  endloop
endfacet
facet normal 0 0 0
  outer loop
    vertex -124.49633026123047 -18.477590560913086 -2
    vertex -122.7220687866211 -17.638425827026367 -2
    vertex -124.49633026123047 -18.477590560913086 2
  endloop
endfacet
facet normal 0 0 0
  outer loop
    vertex -122.7220687866211 -17.638425827026367 -2
    vertex -121.0385971069336 -16.629392623901367 -2
    vertex -122.7220687866211 -17.638425827026367 2
  endloop
endfacet
facet normal 0 0 0
  outer loop
    vertex -121.0385971069336 -16.629392623901367 -2
    vertex -119.4621353149414 -15.460208892822266 -2
    vertex -121.0385971069336 -16.629392623901367 2
  endloop
endfacet
facet normal 0 0 0
  outer loop
    vertex -119.4621353149414 -15.460208892822266 -2
    vertex -118.00786590576172 -14.142135620117188 -2
    vertex -119.4621353149414 -15.460208892822266 2
  endloop
endfacet
facet normal 0 0 0
  outer loop
    vertex -124.49633026123047 -18.477590560913086 -2
    vertex -125.07904815673828 -13.228818893432617 -2
    vertex -123.81644439697266 -12.472043991088867 -2
  endloop
endfacet
facet normal 0 0 0
  outer loop
    vertex -122.7220687866211 -17.638425827026367 -2
    vertex -121.54339599609375 -10.60660171508789 -2
    vertex -121.0385971069336 -16.629392623901367 -2
  endloop
endfacet
facet normal 0 0 0
  outer loop
    vertex -122.7220687866211 -17.638425827026367 -2
    vertex -123.81644439697266 -12.472043991088867 -2
    vertex -122.63410186767578 -11.5951566696167 -2
  endloop
endfacet
facet normal 0 0 0
  outer loop
    vertex -122.7220687866211 -17.638425827026367 -2
    vertex -122.63410186767578 -11.5951566696167 -2
    vertex -121.54339599609375 -10.60660171508789 -2
  endloop
endfacet
facet normal 0 0 0
  outer loop
    vertex -121.0385971069336 -16.629392623901367 -2
    vertex -120.55484008789062 -9.515899658203125 -2
    vertex -119.4621353149414 -15.460208892822266 -2
  endloop
endfacet
facet normal 0 0 0
  outer loop
    vertex -121.0385971069336 -16.629392623901367 -2
    vertex -121.54339599609375 -10.60660171508789 -2
    vertex -120.55484008789062 -9.515899658203125 -2
  endloop
endfacet
facet normal 0 0 0
  outer loop
    vertex -119.4621353149414 -15.460208892822266 -2
    vertex -118.92118072509766 -7.070950984954834 -2
    vertex -118.00786590576172 -14.142135620117188 -2
  endloop
endfacet
facet normal 0 0 0
  outer loop
    vertex -119.4621353149414 -15.460208892822266 -2
    vertex -120.55484008789062 -9.515899658203125 -2
    vertex -119.6779556274414 -8.333553314208984 -2
  endloop
endfacet
facet normal 0 0 0
  outer loop
    vertex -119.4621353149414 -15.460208892822266 -2
    vertex -119.6779556274414 -8.333553314208984 -2
    vertex -118.92118072509766 -7.070950984954834 -2
  endloop
endfacet
facet normal 0 0 0
  outer loop
    vertex -118.00786590576172 -14.142135620117188 -2
    vertex -116.68978881835938 -12.687865257263184 -2
    vertex -118.00786590576172 -14.142135620117188 2
  endloop
endfacet
facet normal 0 0 0
  outer loop
    vertex -116.68978881835938 -12.687865257263184 -2
    vertex -115.5206069946289 -11.111404418945312 -2
    vertex -116.68978881835938 -12.687865257263184 2
  endloop
endfacet
facet normal 0 0 0
  outer loop
    vertex -115.5206069946289 -11.111404418945312 -2
    vertex -115.4538345336914 -11 -2
    vertex -115.5206069946289 -11.111404418945312 2
  endloop
endfacet
facet normal 0 0 0
  outer loop
    vertex -141.57794189453125 -17.638425827026367 -2
    vertex -141.57794189453125 -17.638425827026367 2
    vertex -143.2613983154297 -16.629392623901367 2
  endloop
endfacet
facet normal 0 0 0
  outer loop
    vertex -144.83786010742188 -15.460208892822266 -2
    vertex -144.83786010742188 -15.460208892822266 2
    vertex -146.29212951660156 -14.142135620117188 2
  endloop
endfacet
facet normal 0 0 0
  outer loop
    vertex -143.2613983154297 -16.629392623901367 -2
    vertex -143.2613983154297 -16.629392623901367 2
    vertex -144.83786010742188 -15.460208892822266 2
  endloop
endfacet
facet normal 0 0 0
  outer loop
    vertex -137.9556884765625 -19.13880729675293 -2
    vertex -137.9556884765625 -19.13880729675293 2
    vertex -139.8036651611328 -18.477590560913086 2
  endloop
endfacet
facet normal 0 0 0
  outer loop
    vertex -139.8036651611328 -18.477590560913086 -2
    vertex -139.8036651611328 -18.477590560913086 2
    vertex -141.57794189453125 -17.638425827026367 2
  endloop
endfacet
facet normal 0 0 0
  outer loop
    vertex -136.0518035888672 -19.615705490112305 -2
    vertex -136.0518035888672 -19.615705490112305 2
    vertex -137.9556884765625 -19.13880729675293 2
  endloop
endfacet
facet normal 0 0 0
  outer loop
    vertex -134.11033630371094 -19.90369415283203 -2
    vertex -134.11033630371094 -19.90369415283203 2
    vertex -136.0518035888672 -19.615705490112305 2
  endloop
endfacet
facet normal 0 0 0
  outer loop
    vertex -132.14999389648438 -20 -2
    vertex -132.14999389648438 -20 2
    vertex -134.11033630371094 -19.90369415283203 2
  endloop
endfacet
facet normal 0 0 0
  outer loop
    vertex -143.2613983154297 -16.629392623901367 2
    vertex -141.57794189453125 -17.638425827026367 2
    vertex -141.6658935546875 -11.5951566696167 2
  endloop
endfacet
facet normal 0 0 0
  outer loop
    vertex -137.9556884765625 -19.13880729675293 2
    vertex -136.0518035888672 -19.615705490112305 2
    vertex -136.5042724609375 -14.354104995727539 2
  endloop
endfacet
facet normal 0 0 0
  outer loop
    vertex -136.0518035888672 -19.615705490112305 2
    vertex -134.11033630371094 -19.90369415283203 2
    vertex -135.07635498046875 -14.711779594421387 2
  endloop
endfacet
facet normal 0 0 0
  outer loop
    vertex -134.11033630371094 -19.90369415283203 2
    vertex -132.14999389648438 -20 2
    vertex -132.14999389648438 -15 2
  endloop
endfacet
facet normal 0 0 0
  outer loop
    vertex -137.9556884765625 -19.13880729675293 2
    vertex -139.220947265625 -13.228818893432617 2
    vertex -139.8036651611328 -18.477590560913086 2
  endloop
endfacet
facet normal 0 0 0
  outer loop
    vertex -139.8036651611328 -18.477590560913086 2
    vertex -140.48355102539062 -12.472043991088867 2
    vertex -141.57794189453125 -17.638425827026367 2
  endloop
endfacet
facet normal 0 0 0
  outer loop
    vertex -137.9556884765625 -19.13880729675293 2
    vertex -136.5042724609375 -14.354104995727539 2
    vertex -137.8902587890625 -13.858193397521973 2
  endloop
endfacet
facet normal 0 0 0
  outer loop
    vertex -137.9556884765625 -19.13880729675293 2
    vertex -137.8902587890625 -13.858193397521973 2
    vertex -139.220947265625 -13.228818893432617 2
  endloop
endfacet
facet normal 0 0 0
  outer loop
    vertex -134.11033630371094 -19.90369415283203 2
    vertex -133.62025451660156 -14.927770614624023 2
    vertex -135.07635498046875 -14.711779594421387 2
  endloop
endfacet
facet normal 0 0 0
  outer loop
    vertex -134.11033630371094 -19.90369415283203 2
    vertex -132.14999389648438 -15 2
    vertex -133.62025451660156 -14.927770614624023 2
  endloop
endfacet
facet normal 0 0 0
  outer loop
    vertex -132.14999389648438 -20 2
    vertex -130.67974853515625 -14.927770614624023 2
    vertex -132.14999389648438 -15 2
  endloop
endfacet
facet normal 0 0 0
  outer loop
    vertex -136.0518035888672 -19.615705490112305 2
    vertex -135.07635498046875 -14.711779594421387 2
    vertex -136.5042724609375 -14.354104995727539 2
  endloop
endfacet
facet normal 0 0 0
  outer loop
    vertex -146.29212951660156 -14.142135620117188 -2
    vertex -146.29212951660156 -14.142135620117188 2
    vertex -147.61021423339844 -12.687865257263184 2
  endloop
endfacet
facet normal 0 0 0
  outer loop
    vertex -147.61021423339844 -12.687865257263184 -2
    vertex -147.61021423339844 -12.687865257263184 2
    vertex -148.77938842773438 -11.111404418945312 2
  endloop
endfacet
facet normal 0 0 0
  outer loop
    vertex -148.77938842773438 -11.111404418945312 -2
    vertex -148.77938842773438 -11.111404418945312 2
    vertex -149.78842163085938 -9.427934646606445 2
  endloop
endfacet
facet normal 0 0 0
  outer loop
    vertex -143.2613983154297 -16.629392623901367 2
    vertex -143.7451629638672 -9.515899658203125 2
    vertex -144.83786010742188 -15.460208892822266 2
  endloop
endfacet
facet normal 0 0 0
  outer loop
    vertex -143.2613983154297 -16.629392623901367 2
    vertex -141.6658935546875 -11.5951566696167 2
    vertex -142.75660705566406 -10.60660171508789 2
  endloop
endfacet
facet normal 0 0 0
  outer loop
    vertex -144.83786010742188 -15.460208892822266 2
    vertex -145.37881469726562 -7.070950984954834 2
    vertex -146.29212951660156 -14.142135620117188 2
  endloop
endfacet
facet normal 0 0 0
  outer loop
    vertex -143.2613983154297 -16.629392623901367 2
    vertex -142.75660705566406 -10.60660171508789 2
    vertex -143.7451629638672 -9.515899658203125 2
  endloop
endfacet
facet normal 0 0 0
  outer loop
    vertex -147.61021423339844 -12.687865257263184 2
    vertex -146.29212951660156 -14.142135620117188 2
    vertex -146.5041046142578 -4.354269981384277 2
  endloop
endfacet
facet normal 0 0 0
  outer loop
    vertex -144.83786010742188 -15.460208892822266 2
    vertex -144.62203979492188 -8.333553314208984 2
    vertex -145.37881469726562 -7.070950984954834 2
  endloop
endfacet
facet normal 0 0 0
  outer loop
    vertex -144.83786010742188 -15.460208892822266 2
    vertex -143.7451629638672 -9.515899658203125 2
    vertex -144.62203979492188 -8.333553314208984 2
  endloop
endfacet
facet normal 0 0 0
  outer loop
    vertex -139.8036651611328 -18.477590560913086 2
    vertex -139.220947265625 -13.228818893432617 2
    vertex -140.48355102539062 -12.472043991088867 2
  endloop
endfacet
facet normal 0 0 0
  outer loop
    vertex -141.57794189453125 -17.638425827026367 2
    vertex -140.48355102539062 -12.472043991088867 2
    vertex -141.6658935546875 -11.5951566696167 2
  endloop
endfacet
facet normal 0 0 0
  outer loop
    vertex -130.1896514892578 -19.90369415283203 -2
    vertex -130.1896514892578 -19.90369415283203 2
    vertex -132.14999389648438 -20 2
  endloop
endfacet
facet normal 0 0 0
  outer loop
    vertex -128.24819946289062 -19.615705490112305 -2
    vertex -128.24819946289062 -19.615705490112305 2
    vertex -130.1896514892578 -19.90369415283203 2
  endloop
endfacet
facet normal 0 0 0
  outer loop
    vertex -126.34430694580078 -19.13880729675293 -2
    vertex -126.34430694580078 -19.13880729675293 2
    vertex -128.24819946289062 -19.615705490112305 2
  endloop
endfacet
facet normal 0 0 0
  outer loop
    vertex -124.49633026123047 -18.477590560913086 -2
    vertex -124.49633026123047 -18.477590560913086 2
    vertex -126.34430694580078 -19.13880729675293 2
  endloop
endfacet
facet normal 0 0 0
  outer loop
    vertex -122.7220687866211 -17.638425827026367 -2
    vertex -122.7220687866211 -17.638425827026367 2
    vertex -124.49633026123047 -18.477590560913086 2
  endloop
endfacet
facet normal 0 0 0
  outer loop
    vertex -121.0385971069336 -16.629392623901367 -2
    vertex -121.0385971069336 -16.629392623901367 2
    vertex -122.7220687866211 -17.638425827026367 2
  endloop
endfacet
facet normal 0 0 0
  outer loop
    vertex -119.4621353149414 -15.460208892822266 -2
    vertex -119.4621353149414 -15.460208892822266 2
    vertex -121.0385971069336 -16.629392623901367 2
  endloop
endfacet
facet normal 0 0 0
  outer loop
    vertex -132.14999389648438 -20 2
    vertex -130.1896514892578 -19.90369415283203 2
    vertex -129.22364807128906 -14.711779594421387 2
  endloop
endfacet
facet normal 0 0 0
  outer loop
    vertex -130.1896514892578 -19.90369415283203 2
    vertex -128.24819946289062 -19.615705490112305 2
    vertex -127.79573059082031 -14.354104995727539 2
  endloop
endfacet
facet normal 0 0 0
  outer loop
    vertex -128.24819946289062 -19.615705490112305 2
    vertex -126.34430694580078 -19.13880729675293 2
    vertex -126.40975189208984 -13.858193397521973 2
  endloop
endfacet
facet normal 0 0 0
  outer loop
    vertex -132.14999389648438 -20 2
    vertex -129.22364807128906 -14.711779594421387 2
    vertex -130.67974853515625 -14.927770614624023 2
  endloop
endfacet
facet normal 0 0 0
  outer loop
    vertex -130.1896514892578 -19.90369415283203 2
    vertex -127.79573059082031 -14.354104995727539 2
    vertex -129.22364807128906 -14.711779594421387 2
  endloop
endfacet
facet normal 0 0 0
  outer loop
    vertex -128.24819946289062 -19.615705490112305 2
    vertex -126.40975189208984 -13.858193397521973 2
    vertex -127.79573059082031 -14.354104995727539 2
  endloop
endfacet
facet normal 0 0 0
  outer loop
    vertex -126.34430694580078 -19.13880729675293 2
    vertex -124.49633026123047 -18.477590560913086 2
    vertex -123.81644439697266 -12.472043991088867 2
  endloop
endfacet
facet normal 0 0 0
  outer loop
    vertex -126.34430694580078 -19.13880729675293 2
    vertex -125.07904815673828 -13.228818893432617 2
    vertex -126.40975189208984 -13.858193397521973 2
  endloop
endfacet
facet normal 0 0 0
  outer loop
    vertex -124.49633026123047 -18.477590560913086 2
    vertex -122.7220687866211 -17.638425827026367 2
    vertex -122.63410186767578 -11.5951566696167 2
  endloop
endfacet
facet normal 0 0 0
  outer loop
    vertex -118.00786590576172 -14.142135620117188 -2
    vertex -118.00786590576172 -14.142135620117188 2
    vertex -119.4621353149414 -15.460208892822266 2
  endloop
endfacet
facet normal 0 0 0
  outer loop
    vertex -116.68978881835938 -12.687865257263184 -2
    vertex -116.68978881835938 -12.687865257263184 2
    vertex -118.00786590576172 -14.142135620117188 2
  endloop
endfacet
facet normal 0 0 0
  outer loop
    vertex -115.5206069946289 -11.111404418945312 -2
    vertex -115.5206069946289 -11.111404418945312 2
    vertex -116.68978881835938 -12.687865257263184 2
  endloop
endfacet
facet normal 0 0 0
  outer loop
    vertex -115.4538345336914 -11 -2
    vertex -115.4538345336914 -11 2
    vertex -115.5206069946289 -11.111404418945312 2
  endloop
endfacet
facet normal 0 0 0
  outer loop
    vertex -126.34430694580078 -19.13880729675293 2
    vertex -123.81644439697266 -12.472043991088867 2
    vertex -125.07904815673828 -13.228818893432617 2
  endloop
endfacet
facet normal 0 0 0
  outer loop
    vertex -122.7220687866211 -17.638425827026367 2
    vertex -121.0385971069336 -16.629392623901367 2
    vertex -120.55484008789062 -9.515899658203125 2
  endloop
endfacet
facet normal 0 0 0
  outer loop
    vertex -124.49633026123047 -18.477590560913086 2
    vertex -122.63410186767578 -11.5951566696167 2
    vertex -123.81644439697266 -12.472043991088867 2
  endloop
endfacet
facet normal 0 0 0
  outer loop
    vertex -122.7220687866211 -17.638425827026367 2
    vertex -121.54339599609375 -10.60660171508789 2
    vertex -122.63410186767578 -11.5951566696167 2
  endloop
endfacet
facet normal 0 0 0
  outer loop
    vertex -122.7220687866211 -17.638425827026367 2
    vertex -120.55484008789062 -9.515899658203125 2
    vertex -121.54339599609375 -10.60660171508789 2
  endloop
endfacet
facet normal 0 0 0
  outer loop
    vertex -121.0385971069336 -16.629392623901367 2
    vertex -119.4621353149414 -15.460208892822266 2
    vertex -118.29180908203125 -5.740251541137695 2
  endloop
endfacet
facet normal 0 0 0
  outer loop
    vertex -121.0385971069336 -16.629392623901367 2
    vertex -119.6779556274414 -8.333553314208984 2
    vertex -120.55484008789062 -9.515899658203125 2
  endloop
endfacet
facet normal 0 0 0
  outer loop
    vertex -121.0385971069336 -16.629392623901367 2
    vertex -118.92118072509766 -7.070950984954834 2
    vertex -119.6779556274414 -8.333553314208984 2
  endloop
endfacet
facet normal 0 0 0
  outer loop
    vertex -146.29212951660156 -14.142135620117188 -2
    vertex -145.37881469726562 -7.070950984954834 -2
    vertex -144.62203979492188 -8.333553314208984 -2
  endloop
endfacet
facet normal 0 0 0
  outer loop
    vertex -146.29212951660156 -14.142135620117188 -2
    vertex -146.00819396972656 -5.740251541137695 -2
    vertex -145.37881469726562 -7.070950984954834 -2
  endloop
endfacet
facet normal 0 0 0
  outer loop
    vertex -147.61021423339844 -12.687865257263184 -2
    vertex -146.5041046142578 -4.354269981384277 -2
    vertex -146.00819396972656 -5.740251541137695 -2
  endloop
endfacet
facet normal 0 0 0
  outer loop
    vertex -147.61021423339844 -12.687865257263184 -2
    vertex -147.07777404785156 -1.4702571630477905 -2
    vertex -146.86178588867188 -2.9263548851013184 -2
  endloop
endfacet
facet normal 0 0 0
  outer loop
    vertex -147.61021423339844 -12.687865257263184 -2
    vertex -146.86178588867188 -2.9263548851013184 -2
    vertex -146.5041046142578 -4.354269981384277 -2
  endloop
endfacet
facet normal 0 0 0
  outer loop
    vertex -148.77938842773438 -11.111404418945312 -2
    vertex -149.78842163085938 -9.427934646606445 2
    vertex -149.78842163085938 -9.427934646606445 -2
  endloop
endfacet
facet normal 0 0 0
  outer loop
    vertex -149.78842163085938 -9.427934646606445 -2
    vertex -150.62759399414062 -7.6536688804626465 2
    vertex -150.62759399414062 -7.6536688804626465 -2
  endloop
endfacet
facet normal 0 0 0
  outer loop
    vertex -150.62759399414062 -7.6536688804626465 -2
    vertex -151.28880310058594 -5.805693626403809 2
    vertex -151.28880310058594 -5.805693626403809 -2
  endloop
endfacet
facet normal 0 0 0
  outer loop
    vertex -147.61021423339844 -12.687865257263184 -2
    vertex -147.14999389648438 0 -2
    vertex -147.07777404785156 -1.4702571630477905 -2
  endloop
endfacet
facet normal 0 0 0
  outer loop
    vertex -149.78842163085938 -9.427934646606445 -2
    vertex -150.62759399414062 -7.6536688804626465 -2
    vertex -149.78842163085938 9.427934646606445 -2
  endloop
endfacet
facet normal 0 0 0
  outer loop
    vertex -148.77938842773438 -11.111404418945312 -2
    vertex -149.78842163085938 -9.427934646606445 -2
    vertex -148.77938842773438 11.111404418945312 -2
  endloop
endfacet
facet normal 0 0 0
  outer loop
    vertex -147.61021423339844 -12.687865257263184 -2
    vertex -148.77938842773438 -11.111404418945312 -2
    vertex -147.61021423339844 12.687865257263184 -2
  endloop
endfacet
facet normal 0 0 0
  outer loop
    vertex -150.62759399414062 -7.6536688804626465 -2
    vertex -151.28880310058594 -5.805693626403809 -2
    vertex -150.62759399414062 7.6536688804626465 -2
  endloop
endfacet
facet normal 0 0 0
  outer loop
    vertex -151.28880310058594 -5.805693626403809 -2
    vertex -151.7657012939453 -3.901806354522705 -2
    vertex -151.28880310058594 5.805693626403809 -2
  endloop
endfacet
facet normal 0 0 0
  outer loop
    vertex -151.7657012939453 -3.901806354522705 -2
    vertex -152.05369567871094 -1.9603427648544312 -2
    vertex -151.7657012939453 3.901806354522705 -2
  endloop
endfacet
facet normal 0 0 0
  outer loop
    vertex -151.28880310058594 -5.805693626403809 -2
    vertex -151.7657012939453 -3.901806354522705 2
    vertex -151.7657012939453 -3.901806354522705 -2
  endloop
endfacet
facet normal 0 0 0
  outer loop
    vertex -151.7657012939453 -3.901806354522705 -2
    vertex -152.05369567871094 -1.9603427648544312 2
    vertex -152.05369567871094 -1.9603427648544312 -2
  endloop
endfacet
facet normal 0 0 0
  outer loop
    vertex -152.05369567871094 -1.9603427648544312 -2
    vertex -152.14999389648438 0 2
    vertex -152.14999389648438 0 -2
  endloop
endfacet
facet normal 0 0 0
  outer loop
    vertex -118.00786590576172 -14.142135620117188 -2
    vertex -117.43821716308594 -2.9263548851013184 -2
    vertex -116.68978881835938 -12.687865257263184 -2
  endloop
endfacet
facet normal 0 0 0
  outer loop
    vertex -118.00786590576172 -14.142135620117188 -2
    vertex -118.92118072509766 -7.070950984954834 -2
    vertex -118.29180908203125 -5.740251541137695 -2
  endloop
endfacet
facet normal 0 0 0
  outer loop
    vertex -118.00786590576172 -14.142135620117188 -2
    vertex -118.29180908203125 -5.740251541137695 -2
    vertex -117.7958984375 -4.354269981384277 -2
  endloop
endfacet
facet normal 0 0 0
  outer loop
    vertex -118.00786590576172 -14.142135620117188 -2
    vertex -117.7958984375 -4.354269981384277 -2
    vertex -117.43821716308594 -2.9263548851013184 -2
  endloop
endfacet
facet normal 0 0 0
  outer loop
    vertex -116.68978881835938 -12.687865257263184 -2
    vertex -117.43821716308594 -2.9263548851013184 -2
    vertex -117.22222900390625 -1.4702571630477905 -2
  endloop
endfacet
facet normal 0 0 0
  outer loop
    vertex -116.68978881835938 -12.687865257263184 -2
    vertex -117.22222900390625 -1.4702571630477905 -2
    vertex -117.1500015258789 0 -2
  endloop
endfacet
facet normal 0 0 0
  outer loop
    vertex -115.5206069946289 -11.111404418945312 -2
    vertex -114.57805633544922 8.074666976928711 -2
    vertex -115.4538345336914 -11 -2
  endloop
endfacet
facet normal 0 0 0
  outer loop
    vertex -116.68978881835938 -12.687865257263184 -2
    vertex -115.5206069946289 11.111404418945312 -2
    vertex -115.5206069946289 -11.111404418945312 -2
  endloop
endfacet
facet normal 0 0 0
  outer loop
    vertex -149.78842163085938 -9.427934646606445 -2
    vertex -149.78842163085938 -9.427934646606445 2
    vertex -150.62759399414062 -7.6536688804626465 2
  endloop
endfacet
facet normal 0 0 0
  outer loop
    vertex -150.62759399414062 -7.6536688804626465 -2
    vertex -150.62759399414062 -7.6536688804626465 2
    vertex -151.28880310058594 -5.805693626403809 2
  endloop
endfacet
facet normal 0 0 0
  outer loop
    vertex -151.28880310058594 -5.805693626403809 -2
    vertex -151.28880310058594 -5.805693626403809 2
    vertex -151.7657012939453 -3.901806354522705 2
  endloop
endfacet
facet normal 0 0 0
  outer loop
    vertex -146.29212951660156 -14.142135620117188 2
    vertex -145.37881469726562 -7.070950984954834 2
    vertex -146.00819396972656 -5.740251541137695 2
  endloop
endfacet
facet normal 0 0 0
  outer loop
    vertex -146.29212951660156 -14.142135620117188 2
    vertex -146.00819396972656 -5.740251541137695 2
    vertex -146.5041046142578 -4.354269981384277 2
  endloop
endfacet
facet normal 0 0 0
  outer loop
    vertex -147.61021423339844 -12.687865257263184 2
    vertex -146.86178588867188 -2.9263548851013184 2
    vertex -147.07777404785156 -1.4702571630477905 2
  endloop
endfacet
facet normal 0 0 0
  outer loop
    vertex -147.61021423339844 -12.687865257263184 2
    vertex -146.5041046142578 -4.354269981384277 2
    vertex -146.86178588867188 -2.9263548851013184 2
  endloop
endfacet
facet normal 0 0 0
  outer loop
    vertex -151.7657012939453 -3.901806354522705 -2
    vertex -151.7657012939453 -3.901806354522705 2
    vertex -152.05369567871094 -1.9603427648544312 2
  endloop
endfacet
facet normal 0 0 0
  outer loop
    vertex -152.05369567871094 -1.9603427648544312 -2
    vertex -152.05369567871094 -1.9603427648544312 2
    vertex -152.14999389648438 0 2
  endloop
endfacet
facet normal 0 0 0
  outer loop
    vertex -147.61021423339844 -12.687865257263184 2
    vertex -147.07777404785156 -1.4702571630477905 2
    vertex -147.14999389648438 0 2
  endloop
endfacet
facet normal 0 0 0
  outer loop
    vertex -149.78842163085938 -9.427934646606445 2
    vertex -149.78842163085938 9.427934646606445 2
    vertex -150.62759399414062 -7.6536688804626465 2
  endloop
endfacet
facet normal 0 0 0
  outer loop
    vertex -148.77938842773438 -11.111404418945312 2
    vertex -148.77938842773438 11.111404418945312 2
    vertex -149.78842163085938 -9.427934646606445 2
  endloop
endfacet
facet normal 0 0 0
  outer loop
    vertex -147.61021423339844 -12.687865257263184 2
    vertex -147.61021423339844 12.687865257263184 2
    vertex -148.77938842773438 -11.111404418945312 2
  endloop
endfacet
facet normal 0 0 0
  outer loop
    vertex -150.62759399414062 -7.6536688804626465 2
    vertex -150.62759399414062 7.6536688804626465 2
    vertex -151.28880310058594 -5.805693626403809 2
  endloop
endfacet
facet normal 0 0 0
  outer loop
    vertex -151.28880310058594 -5.805693626403809 2
    vertex -151.28880310058594 5.805693626403809 2
    vertex -151.7657012939453 -3.901806354522705 2
  endloop
endfacet
facet normal 0 0 0
  outer loop
    vertex -151.7657012939453 -3.901806354522705 2
    vertex -151.7657012939453 3.901806354522705 2
    vertex -152.05369567871094 -1.9603427648544312 2
  endloop
endfacet
facet normal 0 0 0
  outer loop
    vertex -121.0385971069336 -16.629392623901367 2
    vertex -118.29180908203125 -5.740251541137695 2
    vertex -118.92118072509766 -7.070950984954834 2
  endloop
endfacet
facet normal 0 0 0
  outer loop
    vertex -119.4621353149414 -15.460208892822266 2
    vertex -117.7958984375 -4.354269981384277 2
    vertex -118.29180908203125 -5.740251541137695 2
  endloop
endfacet
facet normal 0 0 0
  outer loop
    vertex -118.00786590576172 -14.142135620117188 2
    vertex -116.68978881835938 -12.687865257263184 2
    vertex -115.1500015258789 3 2
  endloop
endfacet
facet normal 0 0 0
  outer loop
    vertex -116.68978881835938 -12.687865257263184 2
    vertex -115.5206069946289 -11.111404418945312 2
    vertex -115.1500015258789 -3 2
  endloop
endfacet
facet normal 0 0 0
  outer loop
    vertex -115.5206069946289 -11.111404418945312 2
    vertex -115.4538345336914 -11 2
    vertex -115.1500015258789 -3 2
  endloop
endfacet
facet normal 0 0 0
  outer loop
    vertex -119.4621353149414 -15.460208892822266 2
    vertex -118.00786590576172 -14.142135620117188 2
    vertex -114.57805633544922 8.074666976928711 2
  endloop
endfacet
facet normal 0 0 0
  outer loop
    vertex -115.4538345336914 -11 2
    vertex -115.08653259277344 -3 2
    vertex -115.1500015258789 -3 2
  endloop
endfacet
facet normal 0 0 0
  outer loop
    vertex -119.4621353149414 -15.460208892822266 2
    vertex -114.57805633544922 8.074666976928711 2
    vertex -117.7958984375 -4.354269981384277 2
  endloop
endfacet
facet normal 0 0 0
  outer loop
    vertex -116.68978881835938 -12.687865257263184 2
    vertex -115.1500015258789 -3 2
    vertex -115.1500015258789 2 2
  endloop
endfacet
facet normal 0 0 0
  outer loop
    vertex -116.68978881835938 -12.687865257263184 2
    vertex -115.1500015258789 2 2
    vertex -115.1500015258789 3 2
  endloop
endfacet
facet normal 0 0 0
  outer loop
    vertex -118.00786590576172 -14.142135620117188 2
    vertex -115.1500015258789 3 2
    vertex -114.57805633544922 8.074666976928711 2
  endloop
endfacet
facet normal 0 0 0
  outer loop
    vertex -152.05369567871094 -1.9603427648544312 -2
    vertex -152.14999389648438 0 -2
    vertex -152.05369567871094 1.9603427648544312 -2
  endloop
endfacet
facet normal 0 0 0
  outer loop
    vertex -147.61021423339844 -12.687865257263184 -2
    vertex -147.61021423339844 12.687865257263184 -2
    vertex -147.14999389648438 0 -2
  endloop
endfacet
facet normal 0 0 0
  outer loop
    vertex -152.05369567871094 -1.9603427648544312 -2
    vertex -152.05369567871094 1.9603427648544312 -2
    vertex -151.7657012939453 3.901806354522705 -2
  endloop
endfacet
facet normal 0 0 0
  outer loop
    vertex -151.7657012939453 -3.901806354522705 -2
    vertex -151.7657012939453 3.901806354522705 -2
    vertex -151.28880310058594 5.805693626403809 -2
  endloop
endfacet
facet normal 0 0 0
  outer loop
    vertex -151.28880310058594 -5.805693626403809 -2
    vertex -151.28880310058594 5.805693626403809 -2
    vertex -150.62759399414062 7.6536688804626465 -2
  endloop
endfacet
facet normal 0 0 0
  outer loop
    vertex -150.62759399414062 -7.6536688804626465 -2
    vertex -150.62759399414062 7.6536688804626465 -2
    vertex -149.78842163085938 9.427934646606445 -2
  endloop
endfacet
facet normal 0 0 0
  outer loop
    vertex -149.78842163085938 -9.427934646606445 -2
    vertex -149.78842163085938 9.427934646606445 -2
    vertex -148.77938842773438 11.111404418945312 -2
  endloop
endfacet
facet normal 0 0 0
  outer loop
    vertex -148.77938842773438 -11.111404418945312 -2
    vertex -148.77938842773438 11.111404418945312 -2
    vertex -147.61021423339844 12.687865257263184 -2
  endloop
endfacet
facet normal 0 0 0
  outer loop
    vertex -147.14999389648438 0 -2
    vertex -147.61021423339844 12.687865257263184 -2
    vertex -147.07777404785156 1.4702571630477905 -2
  endloop
endfacet
facet normal 0 0 0
  outer loop
    vertex -152.14999389648438 0 -2
    vertex -152.05369567871094 1.9603427648544312 2
    vertex -152.05369567871094 1.9603427648544312 -2
  endloop
endfacet
facet normal 0 0 0
  outer loop
    vertex -152.05369567871094 1.9603427648544312 -2
    vertex -151.7657012939453 3.901806354522705 2
    vertex -151.7657012939453 3.901806354522705 -2
  endloop
endfacet
facet normal 0 0 0
  outer loop
    vertex -147.07777404785156 1.4702571630477905 -2
    vertex -147.61021423339844 12.687865257263184 -2
    vertex -146.86178588867188 2.9263548851013184 -2
  endloop
endfacet
facet normal 0 0 0
  outer loop
    vertex -146.86178588867188 2.9263548851013184 -2
    vertex -146.29212951660156 14.142135620117188 -2
    vertex -146.5041046142578 4.354269981384277 -2
  endloop
endfacet
facet normal 0 0 0
  outer loop
    vertex -146.5041046142578 4.354269981384277 -2
    vertex -146.29212951660156 14.142135620117188 -2
    vertex -146.00819396972656 5.740251541137695 -2
  endloop
endfacet
facet normal 0 0 0
  outer loop
    vertex -146.00819396972656 5.740251541137695 -2
    vertex -146.29212951660156 14.142135620117188 -2
    vertex -145.37881469726562 7.070950984954834 -2
  endloop
endfacet
facet normal 0 0 0
  outer loop
    vertex -146.86178588867188 2.9263548851013184 -2
    vertex -147.61021423339844 12.687865257263184 -2
    vertex -146.29212951660156 14.142135620117188 -2
  endloop
endfacet
facet normal 0 0 0
  outer loop
    vertex -151.7657012939453 3.901806354522705 -2
    vertex -151.28880310058594 5.805693626403809 2
    vertex -151.28880310058594 5.805693626403809 -2
  endloop
endfacet
facet normal 0 0 0
  outer loop
    vertex -151.28880310058594 5.805693626403809 -2
    vertex -150.62759399414062 7.6536688804626465 2
    vertex -150.62759399414062 7.6536688804626465 -2
  endloop
endfacet
facet normal 0 0 0
  outer loop
    vertex -150.62759399414062 7.6536688804626465 -2
    vertex -149.78842163085938 9.427934646606445 2
    vertex -149.78842163085938 9.427934646606445 -2
  endloop
endfacet
facet normal 0 0 0
  outer loop
    vertex -116.68978881835938 -12.687865257263184 -2
    vertex -117.1500015258789 0 -2
    vertex -116.68978881835938 12.687865257263184 -2
  endloop
endfacet
facet normal 0 0 0
  outer loop
    vertex -115.4538345336914 -11 -2
    vertex -114.57805633544922 8.074666976928711 -2
    vertex -114.5115737915039 8.063599586486816 -2
  endloop
endfacet
facet normal 0 0 0
  outer loop
    vertex -116.68978881835938 -12.687865257263184 -2
    vertex -116.68978881835938 12.687865257263184 -2
    vertex -115.5206069946289 11.111404418945312 -2
  endloop
endfacet
facet normal 0 0 0
  outer loop
    vertex -117.1500015258789 0 -2
    vertex -117.22222900390625 1.4702571630477905 -2
    vertex -116.68978881835938 12.687865257263184 -2
  endloop
endfacet
facet normal 0 0 0
  outer loop
    vertex -115.5206069946289 -11.111404418945312 -2
    vertex -115.5206069946289 11.111404418945312 -2
    vertex -114.57805633544922 8.074666976928711 -2
  endloop
endfacet
facet normal 0 0 0
  outer loop
    vertex -117.22222900390625 1.4702571630477905 -2
    vertex -117.43821716308594 2.9263548851013184 -2
    vertex -116.68978881835938 12.687865257263184 -2
  endloop
endfacet
facet normal 0 0 0
  outer loop
    vertex -117.43821716308594 2.9263548851013184 -2
    vertex -117.7958984375 4.354269981384277 -2
    vertex -116.68978881835938 12.687865257263184 -2
  endloop
endfacet
facet normal 0 0 0
  outer loop
    vertex -117.7958984375 4.354269981384277 -2
    vertex -118.29180908203125 5.740251541137695 -2
    vertex -116.68978881835938 12.687865257263184 -2
  endloop
endfacet
facet normal 0 0 0
  outer loop
    vertex -118.92118072509766 7.070950984954834 -2
    vertex -119.6779556274414 8.333553314208984 -2
    vertex -118.00786590576172 14.142135620117188 -2
  endloop
endfacet
facet normal 0 0 0
  outer loop
    vertex -118.29180908203125 5.740251541137695 -2
    vertex -118.92118072509766 7.070950984954834 -2
    vertex -118.00786590576172 14.142135620117188 -2
  endloop
endfacet
facet normal 0 0 0
  outer loop
    vertex -152.14999389648438 0 -2
    vertex -152.14999389648438 0 2
    vertex -152.05369567871094 1.9603427648544312 2
  endloop
endfacet
facet normal 0 0 0
  outer loop
    vertex -152.05369567871094 1.9603427648544312 -2
    vertex -152.05369567871094 1.9603427648544312 2
    vertex -151.7657012939453 3.901806354522705 2
  endloop
endfacet
facet normal 0 0 0
  outer loop
    vertex -151.7657012939453 3.901806354522705 -2
    vertex -151.7657012939453 3.901806354522705 2
    vertex -151.28880310058594 5.805693626403809 2
  endloop
endfacet
facet normal 0 0 0
  outer loop
    vertex -152.05369567871094 -1.9603427648544312 2
    vertex -152.05369567871094 1.9603427648544312 2
    vertex -152.14999389648438 0 2
  endloop
endfacet
facet normal 0 0 0
  outer loop
    vertex -147.61021423339844 -12.687865257263184 2
    vertex -147.14999389648438 0 2
    vertex -147.61021423339844 12.687865257263184 2
  endloop
endfacet
facet normal 0 0 0
  outer loop
    vertex -152.05369567871094 -1.9603427648544312 2
    vertex -151.7657012939453 3.901806354522705 2
    vertex -152.05369567871094 1.9603427648544312 2
  endloop
endfacet
facet normal 0 0 0
  outer loop
    vertex -151.7657012939453 -3.901806354522705 2
    vertex -151.28880310058594 5.805693626403809 2
    vertex -151.7657012939453 3.901806354522705 2
  endloop
endfacet
facet normal 0 0 0
  outer loop
    vertex -151.28880310058594 -5.805693626403809 2
    vertex -150.62759399414062 7.6536688804626465 2
    vertex -151.28880310058594 5.805693626403809 2
  endloop
endfacet
facet normal 0 0 0
  outer loop
    vertex -150.62759399414062 -7.6536688804626465 2
    vertex -149.78842163085938 9.427934646606445 2
    vertex -150.62759399414062 7.6536688804626465 2
  endloop
endfacet
facet normal 0 0 0
  outer loop
    vertex -149.78842163085938 -9.427934646606445 2
    vertex -148.77938842773438 11.111404418945312 2
    vertex -149.78842163085938 9.427934646606445 2
  endloop
endfacet
facet normal 0 0 0
  outer loop
    vertex -148.77938842773438 -11.111404418945312 2
    vertex -147.61021423339844 12.687865257263184 2
    vertex -148.77938842773438 11.111404418945312 2
  endloop
endfacet
facet normal 0 0 0
  outer loop
    vertex -147.14999389648438 0 2
    vertex -147.07777404785156 1.4702571630477905 2
    vertex -147.61021423339844 12.687865257263184 2
  endloop
endfacet
facet normal 0 0 0
  outer loop
    vertex -151.28880310058594 5.805693626403809 -2
    vertex -151.28880310058594 5.805693626403809 2
    vertex -150.62759399414062 7.6536688804626465 2
  endloop
endfacet
facet normal 0 0 0
  outer loop
    vertex -150.62759399414062 7.6536688804626465 -2
    vertex -150.62759399414062 7.6536688804626465 2
    vertex -149.78842163085938 9.427934646606445 2
  endloop
endfacet
facet normal 0 0 0
  outer loop
    vertex -149.78842163085938 9.427934646606445 -2
    vertex -149.78842163085938 9.427934646606445 2
    vertex -148.77938842773438 11.111404418945312 2
  endloop
endfacet
facet normal 0 0 0
  outer loop
    vertex -147.07777404785156 1.4702571630477905 2
    vertex -146.86178588867188 2.9263548851013184 2
    vertex -147.61021423339844 12.687865257263184 2
  endloop
endfacet
facet normal 0 0 0
  outer loop
    vertex -146.86178588867188 2.9263548851013184 2
    vertex -146.5041046142578 4.354269981384277 2
    vertex -147.61021423339844 12.687865257263184 2
  endloop
endfacet
facet normal 0 0 0
  outer loop
    vertex -146.5041046142578 4.354269981384277 2
    vertex -146.00819396972656 5.740251541137695 2
    vertex -146.29212951660156 14.142135620117188 2
  endloop
endfacet
facet normal 0 0 0
  outer loop
    vertex -146.00819396972656 5.740251541137695 2
    vertex -145.37881469726562 7.070950984954834 2
    vertex -146.29212951660156 14.142135620117188 2
  endloop
endfacet
facet normal 0 0 0
  outer loop
    vertex -145.37881469726562 7.070950984954834 2
    vertex -144.62203979492188 8.333553314208984 2
    vertex -146.29212951660156 14.142135620117188 2
  endloop
endfacet
facet normal 0 0 0
  outer loop
    vertex -117.7958984375 -4.354269981384277 2
    vertex -114.57805633544922 8.074666976928711 2
    vertex -117.43821716308594 -2.9263548851013184 2
  endloop
endfacet
facet normal 0 0 0
  outer loop
    vertex -117.43821716308594 -2.9263548851013184 2
    vertex -114.57805633544922 8.074666976928711 2
    vertex -117.22222900390625 -1.4702571630477905 2
  endloop
endfacet
facet normal 0 0 0
  outer loop
    vertex -117.22222900390625 -1.4702571630477905 2
    vertex -114.57805633544922 8.074666976928711 2
    vertex -117.1500015258789 0 2
  endloop
endfacet
facet normal 0 0 0
  outer loop
    vertex -117.1500015258789 0 2
    vertex -114.57805633544922 8.074666976928711 2
    vertex -117.22222900390625 1.4702571630477905 2
  endloop
endfacet
facet normal 0 0 0
  outer loop
    vertex -117.22222900390625 1.4702571630477905 2
    vertex -114.57805633544922 8.074666976928711 2
    vertex -117.43821716308594 2.9263548851013184 2
  endloop
endfacet
facet normal 0 0 0
  outer loop
    vertex -115.1500015258789 3 2
    vertex -114.81105041503906 3 2
    vertex -114.57805633544922 8.074666976928711 2
  endloop
endfacet
facet normal 0 0 0
  outer loop
    vertex -117.43821716308594 2.9263548851013184 2
    vertex -115.5206069946289 8.23158073425293 2
    vertex -117.7958984375 4.354269981384277 2
  endloop
endfacet
facet normal 0 0 0
  outer loop
    vertex -117.7958984375 4.354269981384277 2
    vertex -115.5206069946289 8.23158073425293 2
    vertex -118.29180908203125 5.740251541137695 2
  endloop
endfacet
facet normal 0 0 0
  outer loop
    vertex -118.29180908203125 5.740251541137695 2
    vertex -115.5206069946289 8.23158073425293 2
    vertex -118.92118072509766 7.070950984954834 2
  endloop
endfacet
facet normal 0 0 0
  outer loop
    vertex -117.43821716308594 2.9263548851013184 2
    vertex -114.57805633544922 8.074666976928711 2
    vertex -115.5206069946289 8.23158073425293 2
  endloop
endfacet
facet normal 0 0 0
  outer loop
    vertex -118.92118072509766 7.070950984954834 2
    vertex -115.5206069946289 8.23158073425293 2
    vertex -119.6779556274414 8.333553314208984 2
  endloop
endfacet
facet normal 0 0 0
  outer loop
    vertex -119.6779556274414 8.333553314208984 2
    vertex -115.5206069946289 8.23158073425293 2
    vertex -120.55484008789062 9.515899658203125 2
  endloop
endfacet
facet normal 0 0 0
  outer loop
    vertex -120.55484008789062 9.515899658203125 2
    vertex -115.5206069946289 8.23158073425293 2
    vertex -121.54339599609375 10.60660171508789 2
  endloop
endfacet
facet normal 0 0 0
  outer loop
    vertex -145.37881469726562 7.070950984954834 -2
    vertex -144.83786010742188 15.460208892822266 -2
    vertex -144.62203979492188 8.333553314208984 -2
  endloop
endfacet
facet normal 0 0 0
  outer loop
    vertex -144.62203979492188 8.333553314208984 -2
    vertex -144.83786010742188 15.460208892822266 -2
    vertex -143.7451629638672 9.515899658203125 -2
  endloop
endfacet
facet normal 0 0 0
  outer loop
    vertex -145.37881469726562 7.070950984954834 -2
    vertex -146.29212951660156 14.142135620117188 -2
    vertex -144.83786010742188 15.460208892822266 -2
  endloop
endfacet
facet normal 0 0 0
  outer loop
    vertex -143.7451629638672 9.515899658203125 -2
    vertex -143.2613983154297 16.629392623901367 -2
    vertex -142.75660705566406 10.60660171508789 -2
  endloop
endfacet
facet normal 0 0 0
  outer loop
    vertex -142.75660705566406 10.60660171508789 -2
    vertex -141.57794189453125 17.638425827026367 -2
    vertex -141.6658935546875 11.5951566696167 -2
  endloop
endfacet
facet normal 0 0 0
  outer loop
    vertex -143.7451629638672 9.515899658203125 -2
    vertex -144.83786010742188 15.460208892822266 -2
    vertex -143.2613983154297 16.629392623901367 -2
  endloop
endfacet
facet normal 0 0 0
  outer loop
    vertex -142.75660705566406 10.60660171508789 -2
    vertex -143.2613983154297 16.629392623901367 -2
    vertex -141.57794189453125 17.638425827026367 -2
  endloop
endfacet
facet normal 0 0 0
  outer loop
    vertex -141.6658935546875 11.5951566696167 -2
    vertex -141.57794189453125 17.638425827026367 -2
    vertex -140.48355102539062 12.472043991088867 -2
  endloop
endfacet
facet normal 0 0 0
  outer loop
    vertex -140.48355102539062 12.472043991088867 -2
    vertex -139.8036651611328 18.477590560913086 -2
    vertex -139.220947265625 13.228818893432617 -2
  endloop
endfacet
facet normal 0 0 0
  outer loop
    vertex -149.78842163085938 9.427934646606445 -2
    vertex -148.77938842773438 11.111404418945312 2
    vertex -148.77938842773438 11.111404418945312 -2
  endloop
endfacet
facet normal 0 0 0
  outer loop
    vertex -148.77938842773438 11.111404418945312 -2
    vertex -147.61021423339844 12.687865257263184 2
    vertex -147.61021423339844 12.687865257263184 -2
  endloop
endfacet
facet normal 0 0 0
  outer loop
    vertex -147.61021423339844 12.687865257263184 -2
    vertex -146.29212951660156 14.142135620117188 2
    vertex -146.29212951660156 14.142135620117188 -2
  endloop
endfacet
facet normal 0 0 0
  outer loop
    vertex -140.48355102539062 12.472043991088867 -2
    vertex -141.57794189453125 17.638425827026367 -2
    vertex -139.8036651611328 18.477590560913086 -2
  endloop
endfacet
facet normal 0 0 0
  outer loop
    vertex -139.220947265625 13.228818893432617 -2
    vertex -137.9556884765625 19.13880729675293 -2
    vertex -137.8902587890625 13.858193397521973 -2
  endloop
endfacet
facet normal 0 0 0
  outer loop
    vertex -137.8902587890625 13.858193397521973 -2
    vertex -137.9556884765625 19.13880729675293 -2
    vertex -136.5042724609375 14.354104995727539 -2
  endloop
endfacet
facet normal 0 0 0
  outer loop
    vertex -139.220947265625 13.228818893432617 -2
    vertex -139.8036651611328 18.477590560913086 -2
    vertex -137.9556884765625 19.13880729675293 -2
  endloop
endfacet
facet normal 0 0 0
  outer loop
    vertex -136.5042724609375 14.354104995727539 -2
    vertex -136.0518035888672 19.615705490112305 -2
    vertex -135.07635498046875 14.711779594421387 -2
  endloop
endfacet
facet normal 0 0 0
  outer loop
    vertex -135.07635498046875 14.711779594421387 -2
    vertex -134.11033630371094 19.90369415283203 -2
    vertex -133.62025451660156 14.927770614624023 -2
  endloop
endfacet
facet normal 0 0 0
  outer loop
    vertex -133.62025451660156 14.927770614624023 -2
    vertex -132.14999389648438 20 -2
    vertex -132.14999389648438 15 -2
  endloop
endfacet
facet normal 0 0 0
  outer loop
    vertex -136.5042724609375 14.354104995727539 -2
    vertex -137.9556884765625 19.13880729675293 -2
    vertex -136.0518035888672 19.615705490112305 -2
  endloop
endfacet
facet normal 0 0 0
  outer loop
    vertex -135.07635498046875 14.711779594421387 -2
    vertex -136.0518035888672 19.615705490112305 -2
    vertex -134.11033630371094 19.90369415283203 -2
  endloop
endfacet
facet normal 0 0 0
  outer loop
    vertex -133.62025451660156 14.927770614624023 -2
    vertex -134.11033630371094 19.90369415283203 -2
    vertex -132.14999389648438 20 -2
  endloop
endfacet
facet normal 0 0 0
  outer loop
    vertex -146.29212951660156 14.142135620117188 -2
    vertex -144.83786010742188 15.460208892822266 2
    vertex -144.83786010742188 15.460208892822266 -2
  endloop
endfacet
facet normal 0 0 0
  outer loop
    vertex -144.83786010742188 15.460208892822266 -2
    vertex -143.2613983154297 16.629392623901367 2
    vertex -143.2613983154297 16.629392623901367 -2
  endloop
endfacet
facet normal 0 0 0
  outer loop
    vertex -143.2613983154297 16.629392623901367 -2
    vertex -141.57794189453125 17.638425827026367 2
    vertex -141.57794189453125 17.638425827026367 -2
  endloop
endfacet
facet normal 0 0 0
  outer loop
    vertex -141.57794189453125 17.638425827026367 -2
    vertex -139.8036651611328 18.477590560913086 2
    vertex -139.8036651611328 18.477590560913086 -2
  endloop
endfacet
facet normal 0 0 0
  outer loop
    vertex -139.8036651611328 18.477590560913086 -2
    vertex -137.9556884765625 19.13880729675293 2
    vertex -137.9556884765625 19.13880729675293 -2
  endloop
endfacet
facet normal 0 0 0
  outer loop
    vertex -137.9556884765625 19.13880729675293 -2
    vertex -136.0518035888672 19.615705490112305 2
    vertex -136.0518035888672 19.615705490112305 -2
  endloop
endfacet
facet normal 0 0 0
  outer loop
    vertex -136.0518035888672 19.615705490112305 -2
    vertex -134.11033630371094 19.90369415283203 2
    vertex -134.11033630371094 19.90369415283203 -2
  endloop
endfacet
facet normal 0 0 0
  outer loop
    vertex -134.11033630371094 19.90369415283203 -2
    vertex -132.14999389648438 20 2
    vertex -132.14999389648438 20 -2
  endloop
endfacet
facet normal 0 0 0
  outer loop
    vertex -121.54339599609375 10.60660171508789 -2
    vertex -122.63410186767578 11.5951566696167 -2
    vertex -121.0385971069336 16.629392623901367 -2
  endloop
endfacet
facet normal 0 0 0
  outer loop
    vertex -122.63410186767578 11.5951566696167 -2
    vertex -123.81644439697266 12.472043991088867 -2
    vertex -121.0385971069336 16.629392623901367 -2
  endloop
endfacet
facet normal 0 0 0
  outer loop
    vertex -123.81644439697266 12.472043991088867 -2
    vertex -125.07904815673828 13.228818893432617 -2
    vertex -122.7220687866211 17.638425827026367 -2
  endloop
endfacet
facet normal 0 0 0
  outer loop
    vertex -119.6779556274414 8.333553314208984 -2
    vertex -120.55484008789062 9.515899658203125 -2
    vertex -119.4621353149414 15.460208892822266 -2
  endloop
endfacet
facet normal 0 0 0
  outer loop
    vertex -118.29180908203125 5.740251541137695 -2
    vertex -118.00786590576172 14.142135620117188 -2
    vertex -116.68978881835938 12.687865257263184 -2
  endloop
endfacet
facet normal 0 0 0
  outer loop
    vertex -120.55484008789062 9.515899658203125 -2
    vertex -121.54339599609375 10.60660171508789 -2
    vertex -119.4621353149414 15.460208892822266 -2
  endloop
endfacet
facet normal 0 0 0
  outer loop
    vertex -114.57805633544922 8.074666976928711 -2
    vertex -115.5206069946289 11.111404418945312 -2
    vertex -115.4538345336914 11 -2
  endloop
endfacet
facet normal 0 0 0
  outer loop
    vertex -119.6779556274414 8.333553314208984 -2
    vertex -119.4621353149414 15.460208892822266 -2
    vertex -118.00786590576172 14.142135620117188 -2
  endloop
endfacet
facet normal 0 0 0
  outer loop
    vertex -121.54339599609375 10.60660171508789 -2
    vertex -121.0385971069336 16.629392623901367 -2
    vertex -119.4621353149414 15.460208892822266 -2
  endloop
endfacet
facet normal 0 0 0
  outer loop
    vertex -115.4538345336914 11 -2
    vertex -115.5206069946289 11.111404418945312 -2
    vertex -115.4538345336914 11 2
  endloop
endfacet
facet normal 0 0 0
  outer loop
    vertex -115.5206069946289 11.111404418945312 -2
    vertex -116.68978881835938 12.687865257263184 -2
    vertex -115.5206069946289 11.111404418945312 2
  endloop
endfacet
facet normal 0 0 0
  outer loop
    vertex -116.68978881835938 12.687865257263184 -2
    vertex -118.00786590576172 14.142135620117188 -2
    vertex -116.68978881835938 12.687865257263184 2
  endloop
endfacet
facet normal 0 0 0
  outer loop
    vertex -118.00786590576172 14.142135620117188 -2
    vertex -119.4621353149414 15.460208892822266 -2
    vertex -118.00786590576172 14.142135620117188 2
  endloop
endfacet
facet normal 0 0 0
  outer loop
    vertex -127.79573059082031 14.354104995727539 -2
    vertex -126.34430694580078 19.13880729675293 -2
    vertex -126.40975189208984 13.858193397521973 -2
  endloop
endfacet
facet normal 0 0 0
  outer loop
    vertex -129.22364807128906 14.711779594421387 -2
    vertex -126.34430694580078 19.13880729675293 -2
    vertex -127.79573059082031 14.354104995727539 -2
  endloop
endfacet
facet normal 0 0 0
  outer loop
    vertex -132.14999389648438 15 -2
    vertex -130.1896514892578 19.90369415283203 -2
    vertex -130.67974853515625 14.927770614624023 -2
  endloop
endfacet
facet normal 0 0 0
  outer loop
    vertex -130.67974853515625 14.927770614624023 -2
    vertex -128.24819946289062 19.615705490112305 -2
    vertex -129.22364807128906 14.711779594421387 -2
  endloop
endfacet
facet normal 0 0 0
  outer loop
    vertex -125.07904815673828 13.228818893432617 -2
    vertex -126.40975189208984 13.858193397521973 -2
    vertex -124.49633026123047 18.477590560913086 -2
  endloop
endfacet
facet normal 0 0 0
  outer loop
    vertex -123.81644439697266 12.472043991088867 -2
    vertex -122.7220687866211 17.638425827026367 -2
    vertex -121.0385971069336 16.629392623901367 -2
  endloop
endfacet
facet normal 0 0 0
  outer loop
    vertex -125.07904815673828 13.228818893432617 -2
    vertex -124.49633026123047 18.477590560913086 -2
    vertex -122.7220687866211 17.638425827026367 -2
  endloop
endfacet
facet normal 0 0 0
  outer loop
    vertex -126.40975189208984 13.858193397521973 -2
    vertex -126.34430694580078 19.13880729675293 -2
    vertex -124.49633026123047 18.477590560913086 -2
  endloop
endfacet
facet normal 0 0 0
  outer loop
    vertex -132.14999389648438 15 -2
    vertex -132.14999389648438 20 -2
    vertex -130.1896514892578 19.90369415283203 -2
  endloop
endfacet
facet normal 0 0 0
  outer loop
    vertex -130.67974853515625 14.927770614624023 -2
    vertex -130.1896514892578 19.90369415283203 -2
    vertex -128.24819946289062 19.615705490112305 -2
  endloop
endfacet
facet normal 0 0 0
  outer loop
    vertex -129.22364807128906 14.711779594421387 -2
    vertex -128.24819946289062 19.615705490112305 -2
    vertex -126.34430694580078 19.13880729675293 -2
  endloop
endfacet
facet normal 0 0 0
  outer loop
    vertex -122.7220687866211 17.638425827026367 -2
    vertex -121.0385971069336 16.629392623901367 2
    vertex -121.0385971069336 16.629392623901367 -2
  endloop
endfacet
facet normal 0 0 0
  outer loop
    vertex -132.14999389648438 20 -2
    vertex -130.1896514892578 19.90369415283203 2
    vertex -130.1896514892578 19.90369415283203 -2
  endloop
endfacet
facet normal 0 0 0
  outer loop
    vertex -128.24819946289062 19.615705490112305 -2
    vertex -126.34430694580078 19.13880729675293 2
    vertex -126.34430694580078 19.13880729675293 -2
  endloop
endfacet
facet normal 0 0 0
  outer loop
    vertex -130.1896514892578 19.90369415283203 -2
    vertex -128.24819946289062 19.615705490112305 2
    vertex -128.24819946289062 19.615705490112305 -2
  endloop
endfacet
facet normal 0 0 0
  outer loop
    vertex -124.49633026123047 18.477590560913086 -2
    vertex -126.34430694580078 19.13880729675293 -2
    vertex -124.49633026123047 18.477590560913086 2
  endloop
endfacet
facet normal 0 0 0
  outer loop
    vertex -124.49633026123047 18.477590560913086 -2
    vertex -122.7220687866211 17.638425827026367 2
    vertex -122.7220687866211 17.638425827026367 -2
  endloop
endfacet
facet normal 0 0 0
  outer loop
    vertex -119.4621353149414 15.460208892822266 -2
    vertex -121.0385971069336 16.629392623901367 -2
    vertex -119.4621353149414 15.460208892822266 2
  endloop
endfacet
facet normal 0 0 0
  outer loop
    vertex -148.77938842773438 11.111404418945312 -2
    vertex -148.77938842773438 11.111404418945312 2
    vertex -147.61021423339844 12.687865257263184 2
  endloop
endfacet
facet normal 0 0 0
  outer loop
    vertex -147.61021423339844 12.687865257263184 -2
    vertex -147.61021423339844 12.687865257263184 2
    vertex -146.29212951660156 14.142135620117188 2
  endloop
endfacet
facet normal 0 0 0
  outer loop
    vertex -146.29212951660156 14.142135620117188 -2
    vertex -146.29212951660156 14.142135620117188 2
    vertex -144.83786010742188 15.460208892822266 2
  endloop
endfacet
facet normal 0 0 0
  outer loop
    vertex -146.5041046142578 4.354269981384277 2
    vertex -146.29212951660156 14.142135620117188 2
    vertex -147.61021423339844 12.687865257263184 2
  endloop
endfacet
facet normal 0 0 0
  outer loop
    vertex -144.62203979492188 8.333553314208984 2
    vertex -143.7451629638672 9.515899658203125 2
    vertex -144.83786010742188 15.460208892822266 2
  endloop
endfacet
facet normal 0 0 0
  outer loop
    vertex -143.7451629638672 9.515899658203125 2
    vertex -142.75660705566406 10.60660171508789 2
    vertex -144.83786010742188 15.460208892822266 2
  endloop
endfacet
facet normal 0 0 0
  outer loop
    vertex -144.62203979492188 8.333553314208984 2
    vertex -144.83786010742188 15.460208892822266 2
    vertex -146.29212951660156 14.142135620117188 2
  endloop
endfacet
facet normal 0 0 0
  outer loop
    vertex -142.75660705566406 10.60660171508789 2
    vertex -141.6658935546875 11.5951566696167 2
    vertex -143.2613983154297 16.629392623901367 2
  endloop
endfacet
facet normal 0 0 0
  outer loop
    vertex -142.75660705566406 10.60660171508789 2
    vertex -143.2613983154297 16.629392623901367 2
    vertex -144.83786010742188 15.460208892822266 2
  endloop
endfacet
facet normal 0 0 0
  outer loop
    vertex -141.6658935546875 11.5951566696167 2
    vertex -140.48355102539062 12.472043991088867 2
    vertex -141.57794189453125 17.638425827026367 2
  endloop
endfacet
facet normal 0 0 0
  outer loop
    vertex -140.48355102539062 12.472043991088867 2
    vertex -139.220947265625 13.228818893432617 2
    vertex -141.57794189453125 17.638425827026367 2
  endloop
endfacet
facet normal 0 0 0
  outer loop
    vertex -144.83786010742188 15.460208892822266 -2
    vertex -144.83786010742188 15.460208892822266 2
    vertex -143.2613983154297 16.629392623901367 2
  endloop
endfacet
facet normal 0 0 0
  outer loop
    vertex -143.2613983154297 16.629392623901367 -2
    vertex -143.2613983154297 16.629392623901367 2
    vertex -141.57794189453125 17.638425827026367 2
  endloop
endfacet
facet normal 0 0 0
  outer loop
    vertex -141.57794189453125 17.638425827026367 -2
    vertex -141.57794189453125 17.638425827026367 2
    vertex -139.8036651611328 18.477590560913086 2
  endloop
endfacet
facet normal 0 0 0
  outer loop
    vertex -139.8036651611328 18.477590560913086 -2
    vertex -139.8036651611328 18.477590560913086 2
    vertex -137.9556884765625 19.13880729675293 2
  endloop
endfacet
facet normal 0 0 0
  outer loop
    vertex -137.9556884765625 19.13880729675293 -2
    vertex -137.9556884765625 19.13880729675293 2
    vertex -136.0518035888672 19.615705490112305 2
  endloop
endfacet
facet normal 0 0 0
  outer loop
    vertex -136.0518035888672 19.615705490112305 -2
    vertex -136.0518035888672 19.615705490112305 2
    vertex -134.11033630371094 19.90369415283203 2
  endloop
endfacet
facet normal 0 0 0
  outer loop
    vertex -134.11033630371094 19.90369415283203 -2
    vertex -134.11033630371094 19.90369415283203 2
    vertex -132.14999389648438 20 2
  endloop
endfacet
facet normal 0 0 0
  outer loop
    vertex -141.6658935546875 11.5951566696167 2
    vertex -141.57794189453125 17.638425827026367 2
    vertex -143.2613983154297 16.629392623901367 2
  endloop
endfacet
facet normal 0 0 0
  outer loop
    vertex -139.220947265625 13.228818893432617 2
    vertex -137.8902587890625 13.858193397521973 2
    vertex -139.8036651611328 18.477590560913086 2
  endloop
endfacet
facet normal 0 0 0
  outer loop
    vertex -137.8902587890625 13.858193397521973 2
    vertex -136.5042724609375 14.354104995727539 2
    vertex -137.9556884765625 19.13880729675293 2
  endloop
endfacet
facet normal 0 0 0
  outer loop
    vertex -139.220947265625 13.228818893432617 2
    vertex -139.8036651611328 18.477590560913086 2
    vertex -141.57794189453125 17.638425827026367 2
  endloop
endfacet
facet normal 0 0 0
  outer loop
    vertex -137.8902587890625 13.858193397521973 2
    vertex -137.9556884765625 19.13880729675293 2
    vertex -139.8036651611328 18.477590560913086 2
  endloop
endfacet
facet normal 0 0 0
  outer loop
    vertex -136.5042724609375 14.354104995727539 2
    vertex -135.07635498046875 14.711779594421387 2
    vertex -137.9556884765625 19.13880729675293 2
  endloop
endfacet
facet normal 0 0 0
  outer loop
    vertex -135.07635498046875 14.711779594421387 2
    vertex -133.62025451660156 14.927770614624023 2
    vertex -136.0518035888672 19.615705490112305 2
  endloop
endfacet
facet normal 0 0 0
  outer loop
    vertex -133.62025451660156 14.927770614624023 2
    vertex -132.14999389648438 15 2
    vertex -134.11033630371094 19.90369415283203 2
  endloop
endfacet
facet normal 0 0 0
  outer loop
    vertex -132.14999389648438 15 2
    vertex -130.67974853515625 14.927770614624023 2
    vertex -132.14999389648438 20 2
  endloop
endfacet
facet normal 0 0 0
  outer loop
    vertex -135.07635498046875 14.711779594421387 2
    vertex -136.0518035888672 19.615705490112305 2
    vertex -137.9556884765625 19.13880729675293 2
  endloop
endfacet
facet normal 0 0 0
  outer loop
    vertex -133.62025451660156 14.927770614624023 2
    vertex -134.11033630371094 19.90369415283203 2
    vertex -136.0518035888672 19.615705490112305 2
  endloop
endfacet
facet normal 0 0 0
  outer loop
    vertex -132.14999389648438 15 2
    vertex -132.14999389648438 20 2
    vertex -134.11033630371094 19.90369415283203 2
  endloop
endfacet
facet normal 0 0 0
  outer loop
    vertex -116.68978881835938 12.687865257263184 -2
    vertex -116.68978881835938 12.687865257263184 2
    vertex -115.5206069946289 11.111404418945312 2
  endloop
endfacet
facet normal 0 0 0
  outer loop
    vertex -115.5206069946289 11.111404418945312 -2
    vertex -115.5206069946289 11.111404418945312 2
    vertex -115.4538345336914 11 2
  endloop
endfacet
facet normal 0 0 0
  outer loop
    vertex -118.00786590576172 14.142135620117188 -2
    vertex -118.00786590576172 14.142135620117188 2
    vertex -116.68978881835938 12.687865257263184 2
  endloop
endfacet
facet normal 0 0 0
  outer loop
    vertex -115.5206069946289 8.23158073425293 2
    vertex -132.14999389648438 20 2
    vertex -122.63410186767578 11.5951566696167 2
  endloop
endfacet
facet normal 0 0 0
  outer loop
    vertex -132.14999389648438 20 2
    vertex -123.81644439697266 12.472043991088867 2
    vertex -122.63410186767578 11.5951566696167 2
  endloop
endfacet
facet normal 0 0 0
  outer loop
    vertex -115.5206069946289 8.23158073425293 2
    vertex -122.63410186767578 11.5951566696167 2
    vertex -121.54339599609375 10.60660171508789 2
  endloop
endfacet
facet normal 0 0 0
  outer loop
    vertex -115.5206069946289 8.23158073425293 2
    vertex -116.68978881835938 12.687865257263184 2
    vertex -118.00786590576172 14.142135620117188 2
  endloop
endfacet
facet normal 0 0 0
  outer loop
    vertex -115.5206069946289 8.23158073425293 2
    vertex -115.5206069946289 11 2
    vertex -116.68978881835938 12.687865257263184 2
  endloop
endfacet
facet normal 0 0 0
  outer loop
    vertex -115.5206069946289 11 2
    vertex -115.4538345336914 11 2
    vertex -115.5206069946289 11.111404418945312 2
  endloop
endfacet
facet normal 0 0 0
  outer loop
    vertex -115.5206069946289 11 2
    vertex -115.5206069946289 11.111404418945312 2
    vertex -116.68978881835938 12.687865257263184 2
  endloop
endfacet
facet normal 0 0 0
  outer loop
    vertex -115.5206069946289 8.23158073425293 2
    vertex -118.00786590576172 14.142135620117188 2
    vertex -119.4621353149414 15.460208892822266 2
  endloop
endfacet
facet normal 0 0 0
  outer loop
    vertex -115.5206069946289 8.23158073425293 2
    vertex -119.4621353149414 15.460208892822266 2
    vertex -121.0385971069336 16.629392623901367 2
  endloop
endfacet
facet normal 0 0 0
  outer loop
    vertex -115.5206069946289 8.23158073425293 2
    vertex -121.0385971069336 16.629392623901367 2
    vertex -122.7220687866211 17.638425827026367 2
  endloop
endfacet
facet normal 0 0 0
  outer loop
    vertex -115.5206069946289 8.23158073425293 2
    vertex -122.7220687866211 17.638425827026367 2
    vertex -124.49633026123047 18.477590560913086 2
  endloop
endfacet
facet normal 0 0 0
  outer loop
    vertex -122.7220687866211 17.638425827026367 -2
    vertex -122.7220687866211 17.638425827026367 2
    vertex -121.0385971069336 16.629392623901367 2
  endloop
endfacet
facet normal 0 0 0
  outer loop
    vertex -132.14999389648438 20 -2
    vertex -132.14999389648438 20 2
    vertex -130.1896514892578 19.90369415283203 2
  endloop
endfacet
facet normal 0 0 0
  outer loop
    vertex -130.1896514892578 19.90369415283203 -2
    vertex -130.1896514892578 19.90369415283203 2
    vertex -128.24819946289062 19.615705490112305 2
  endloop
endfacet
facet normal 0 0 0
  outer loop
    vertex -128.24819946289062 19.615705490112305 -2
    vertex -128.24819946289062 19.615705490112305 2
    vertex -126.34430694580078 19.13880729675293 2
  endloop
endfacet
facet normal 0 0 0
  outer loop
    vertex -124.49633026123047 18.477590560913086 -2
    vertex -124.49633026123047 18.477590560913086 2
    vertex -122.7220687866211 17.638425827026367 2
  endloop
endfacet
facet normal 0 0 0
  outer loop
    vertex -126.34430694580078 19.13880729675293 -2
    vertex -126.34430694580078 19.13880729675293 2
    vertex -124.49633026123047 18.477590560913086 2
  endloop
endfacet
facet normal 0 0 0
  outer loop
    vertex -119.4621353149414 15.460208892822266 -2
    vertex -119.4621353149414 15.460208892822266 2
    vertex -118.00786590576172 14.142135620117188 2
  endloop
endfacet
facet normal 0 0 0
  outer loop
    vertex -121.0385971069336 16.629392623901367 -2
    vertex -121.0385971069336 16.629392623901367 2
    vertex -119.4621353149414 15.460208892822266 2
  endloop
endfacet
facet normal 0 0 0
  outer loop
    vertex -132.14999389648438 20 2
    vertex -125.07904815673828 13.228818893432617 2
    vertex -123.81644439697266 12.472043991088867 2
  endloop
endfacet
facet normal 0 0 0
  outer loop
    vertex -132.14999389648438 20 2
    vertex -126.40975189208984 13.858193397521973 2
    vertex -125.07904815673828 13.228818893432617 2
  endloop
endfacet
facet normal 0 0 0
  outer loop
    vertex -132.14999389648438 20 2
    vertex -127.79573059082031 14.354104995727539 2
    vertex -126.40975189208984 13.858193397521973 2
  endloop
endfacet
facet normal 0 0 0
  outer loop
    vertex -132.14999389648438 20 2
    vertex -130.67974853515625 14.927770614624023 2
    vertex -129.22364807128906 14.711779594421387 2
  endloop
endfacet
facet normal 0 0 0
  outer loop
    vertex -132.14999389648438 20 2
    vertex -129.22364807128906 14.711779594421387 2
    vertex -127.79573059082031 14.354104995727539 2
  endloop
endfacet
facet normal 0 0 0
  outer loop
    vertex -115.5206069946289 8.23158073425293 2
    vertex -130.1896514892578 19.90369415283203 2
    vertex -132.14999389648438 20 2
  endloop
endfacet
facet normal 0 0 0
  outer loop
    vertex -115.5206069946289 8.23158073425293 2
    vertex -128.24819946289062 19.615705490112305 2
    vertex -130.1896514892578 19.90369415283203 2
  endloop
endfacet
facet normal 0 0 0
  outer loop
    vertex -115.5206069946289 8.23158073425293 2
    vertex -124.49633026123047 18.477590560913086 2
    vertex -126.34430694580078 19.13880729675293 2
  endloop
endfacet
facet normal 0 0 0
  outer loop
    vertex -115.5206069946289 8.23158073425293 2
    vertex -126.34430694580078 19.13880729675293 2
    vertex -128.24819946289062 19.615705490112305 2
  endloop
endfacet
facet normal 0 0 0
  outer loop
    vertex -142.75660705566406 -10.60660171508789 -2
    vertex -142.75660705566406 -10.60660171508789 2
    vertex -141.6658935546875 -11.5951566696167 -2
  endloop
endfacet
facet normal 0 0 0
  outer loop
    vertex -137.8902587890625 -13.858193397521973 -2
    vertex -137.8902587890625 -13.858193397521973 2
    vertex -136.5042724609375 -14.354104995727539 -2
  endloop
endfacet
facet normal 0 0 0
  outer loop
    vertex -139.220947265625 -13.228818893432617 -2
    vertex -140.48355102539062 -12.472043991088867 -2
    vertex -140.48355102539062 -12.472043991088867 2
  endloop
endfacet
facet normal 0 0 0
  outer loop
    vertex -137.8902587890625 -13.858193397521973 -2
    vertex -139.220947265625 -13.228818893432617 -2
    vertex -139.220947265625 -13.228818893432617 2
  endloop
endfacet
facet normal 0 0 0
  outer loop
    vertex -135.07635498046875 -14.711779594421387 -2
    vertex -136.5042724609375 -14.354104995727539 -2
    vertex -136.5042724609375 -14.354104995727539 2
  endloop
endfacet
facet normal 0 0 0
  outer loop
    vertex -135.07635498046875 -14.711779594421387 -2
    vertex -135.07635498046875 -14.711779594421387 2
    vertex -133.62025451660156 -14.927770614624023 -2
  endloop
endfacet
facet normal 0 0 0
  outer loop
    vertex -133.62025451660156 -14.927770614624023 -2
    vertex -133.62025451660156 -14.927770614624023 2
    vertex -132.14999389648438 -15 -2
  endloop
endfacet
facet normal 0 0 0
  outer loop
    vertex -132.14999389648438 -15 -2
    vertex -132.14999389648438 -15 2
    vertex -130.67974853515625 -14.927770614624023 -2
  endloop
endfacet
facet normal 0 0 0
  outer loop
    vertex -140.48355102539062 -12.472043991088867 -2
    vertex -141.6658935546875 -11.5951566696167 -2
    vertex -141.6658935546875 -11.5951566696167 2
  endloop
endfacet
facet normal 0 0 0
  outer loop
    vertex -130.67974853515625 -14.927770614624023 -2
    vertex -130.67974853515625 -14.927770614624023 2
    vertex -129.22364807128906 -14.711779594421387 -2
  endloop
endfacet
facet normal 0 0 0
  outer loop
    vertex -129.22364807128906 -14.711779594421387 -2
    vertex -129.22364807128906 -14.711779594421387 2
    vertex -127.79573059082031 -14.354104995727539 -2
  endloop
endfacet
facet normal 0 0 0
  outer loop
    vertex -127.79573059082031 -14.354104995727539 -2
    vertex -127.79573059082031 -14.354104995727539 2
    vertex -126.40975189208984 -13.858193397521973 -2
  endloop
endfacet
facet normal 0 0 0
  outer loop
    vertex -126.40975189208984 -13.858193397521973 -2
    vertex -126.40975189208984 -13.858193397521973 2
    vertex -125.07904815673828 -13.228818893432617 -2
  endloop
endfacet
facet normal 0 0 0
  outer loop
    vertex -125.07904815673828 -13.228818893432617 -2
    vertex -125.07904815673828 -13.228818893432617 2
    vertex -123.81644439697266 -12.472043991088867 -2
  endloop
endfacet
facet normal 0 0 0
  outer loop
    vertex -123.81644439697266 -12.472043991088867 -2
    vertex -123.81644439697266 -12.472043991088867 2
    vertex -122.63410186767578 -11.5951566696167 -2
  endloop
endfacet
facet normal 0 0 0
  outer loop
    vertex -122.63410186767578 -11.5951566696167 -2
    vertex -122.63410186767578 -11.5951566696167 2
    vertex -121.54339599609375 -10.60660171508789 -2
  endloop
endfacet
facet normal 0 0 0
  outer loop
    vertex -121.54339599609375 -10.60660171508789 -2
    vertex -121.54339599609375 -10.60660171508789 2
    vertex -120.55484008789062 -9.515899658203125 -2
  endloop
endfacet
facet normal 0 0 0
  outer loop
    vertex -141.6658935546875 -11.5951566696167 -2
    vertex -142.75660705566406 -10.60660171508789 2
    vertex -141.6658935546875 -11.5951566696167 2
  endloop
endfacet
facet normal 0 0 0
  outer loop
    vertex -142.75660705566406 -10.60660171508789 -2
    vertex -143.7451629638672 -9.515899658203125 2
    vertex -142.75660705566406 -10.60660171508789 2
  endloop
endfacet
facet normal 0 0 0
  outer loop
    vertex -136.5042724609375 -14.354104995727539 -2
    vertex -137.8902587890625 -13.858193397521973 2
    vertex -136.5042724609375 -14.354104995727539 2
  endloop
endfacet
facet normal 0 0 0
  outer loop
    vertex -139.220947265625 -13.228818893432617 -2
    vertex -140.48355102539062 -12.472043991088867 2
    vertex -139.220947265625 -13.228818893432617 2
  endloop
endfacet
facet normal 0 0 0
  outer loop
    vertex -137.8902587890625 -13.858193397521973 -2
    vertex -139.220947265625 -13.228818893432617 2
    vertex -137.8902587890625 -13.858193397521973 2
  endloop
endfacet
facet normal 0 0 0
  outer loop
    vertex -135.07635498046875 -14.711779594421387 -2
    vertex -136.5042724609375 -14.354104995727539 2
    vertex -135.07635498046875 -14.711779594421387 2
  endloop
endfacet
facet normal 0 0 0
  outer loop
    vertex -133.62025451660156 -14.927770614624023 -2
    vertex -135.07635498046875 -14.711779594421387 2
    vertex -133.62025451660156 -14.927770614624023 2
  endloop
endfacet
facet normal 0 0 0
  outer loop
    vertex -132.14999389648438 -15 -2
    vertex -133.62025451660156 -14.927770614624023 2
    vertex -132.14999389648438 -15 2
  endloop
endfacet
facet normal 0 0 0
  outer loop
    vertex -140.48355102539062 -12.472043991088867 -2
    vertex -141.6658935546875 -11.5951566696167 2
    vertex -140.48355102539062 -12.472043991088867 2
  endloop
endfacet
facet normal 0 0 0
  outer loop
    vertex -130.67974853515625 -14.927770614624023 -2
    vertex -132.14999389648438 -15 2
    vertex -130.67974853515625 -14.927770614624023 2
  endloop
endfacet
facet normal 0 0 0
  outer loop
    vertex -129.22364807128906 -14.711779594421387 -2
    vertex -130.67974853515625 -14.927770614624023 2
    vertex -129.22364807128906 -14.711779594421387 2
  endloop
endfacet
facet normal 0 0 0
  outer loop
    vertex -127.79573059082031 -14.354104995727539 -2
    vertex -129.22364807128906 -14.711779594421387 2
    vertex -127.79573059082031 -14.354104995727539 2
  endloop
endfacet
facet normal 0 0 0
  outer loop
    vertex -126.40975189208984 -13.858193397521973 -2
    vertex -127.79573059082031 -14.354104995727539 2
    vertex -126.40975189208984 -13.858193397521973 2
  endloop
endfacet
facet normal 0 0 0
  outer loop
    vertex -125.07904815673828 -13.228818893432617 -2
    vertex -126.40975189208984 -13.858193397521973 2
    vertex -125.07904815673828 -13.228818893432617 2
  endloop
endfacet
facet normal 0 0 0
  outer loop
    vertex -123.81644439697266 -12.472043991088867 -2
    vertex -125.07904815673828 -13.228818893432617 2
    vertex -123.81644439697266 -12.472043991088867 2
  endloop
endfacet
facet normal 0 0 0
  outer loop
    vertex -122.63410186767578 -11.5951566696167 -2
    vertex -123.81644439697266 -12.472043991088867 2
    vertex -122.63410186767578 -11.5951566696167 2
  endloop
endfacet
facet normal 0 0 0
  outer loop
    vertex -121.54339599609375 -10.60660171508789 -2
    vertex -122.63410186767578 -11.5951566696167 2
    vertex -121.54339599609375 -10.60660171508789 2
  endloop
endfacet
facet normal 0 0 0
  outer loop
    vertex -142.75660705566406 -10.60660171508789 -2
    vertex -143.7451629638672 -9.515899658203125 -2
    vertex -143.7451629638672 -9.515899658203125 2
  endloop
endfacet
facet normal 0 0 0
  outer loop
    vertex -143.7451629638672 -9.515899658203125 -2
    vertex -144.62203979492188 -8.333553314208984 -2
    vertex -144.62203979492188 -8.333553314208984 2
  endloop
endfacet
facet normal 0 0 0
  outer loop
    vertex -144.62203979492188 -8.333553314208984 -2
    vertex -145.37881469726562 -7.070950984954834 -2
    vertex -145.37881469726562 -7.070950984954834 2
  endloop
endfacet
facet normal 0 0 0
  outer loop
    vertex -145.37881469726562 -7.070950984954834 -2
    vertex -146.00819396972656 -5.740251541137695 -2
    vertex -146.00819396972656 -5.740251541137695 2
  endloop
endfacet
facet normal 0 0 0
  outer loop
    vertex -146.00819396972656 -5.740251541137695 -2
    vertex -146.5041046142578 -4.354269981384277 -2
    vertex -146.5041046142578 -4.354269981384277 2
  endloop
endfacet
facet normal 0 0 0
  outer loop
    vertex -146.5041046142578 -4.354269981384277 -2
    vertex -146.86178588867188 -2.9263548851013184 -2
    vertex -146.86178588867188 -2.9263548851013184 2
  endloop
endfacet
facet normal 0 0 0
  outer loop
    vertex -147.07777404785156 -1.4702571630477905 -2
    vertex -147.14999389648438 0 -2
    vertex -147.14999389648438 0 2
  endloop
endfacet
facet normal 0 0 0
  outer loop
    vertex -146.86178588867188 -2.9263548851013184 -2
    vertex -147.07777404785156 -1.4702571630477905 -2
    vertex -147.07777404785156 -1.4702571630477905 2
  endloop
endfacet
facet normal 0 0 0
  outer loop
    vertex -120.55484008789062 -9.515899658203125 -2
    vertex -120.55484008789062 -9.515899658203125 2
    vertex -119.6779556274414 -8.333553314208984 -2
  endloop
endfacet
facet normal 0 0 0
  outer loop
    vertex -119.6779556274414 -8.333553314208984 -2
    vertex -119.6779556274414 -8.333553314208984 2
    vertex -118.92118072509766 -7.070950984954834 -2
  endloop
endfacet
facet normal 0 0 0
  outer loop
    vertex -118.92118072509766 -7.070950984954834 -2
    vertex -118.92118072509766 -7.070950984954834 2
    vertex -118.29180908203125 -5.740251541137695 -2
  endloop
endfacet
facet normal 0 0 0
  outer loop
    vertex -118.29180908203125 -5.740251541137695 -2
    vertex -118.29180908203125 -5.740251541137695 2
    vertex -117.7958984375 -4.354269981384277 -2
  endloop
endfacet
facet normal 0 0 0
  outer loop
    vertex -117.7958984375 -4.354269981384277 -2
    vertex -117.7958984375 -4.354269981384277 2
    vertex -117.43821716308594 -2.9263548851013184 -2
  endloop
endfacet
facet normal 0 0 0
  outer loop
    vertex -117.43821716308594 -2.9263548851013184 -2
    vertex -117.43821716308594 -2.9263548851013184 2
    vertex -117.22222900390625 -1.4702571630477905 -2
  endloop
endfacet
facet normal 0 0 0
  outer loop
    vertex -117.22222900390625 -1.4702571630477905 -2
    vertex -117.22222900390625 -1.4702571630477905 2
    vertex -117.1500015258789 0 -2
  endloop
endfacet
facet normal 0 0 0
  outer loop
    vertex -143.7451629638672 -9.515899658203125 -2
    vertex -144.62203979492188 -8.333553314208984 2
    vertex -143.7451629638672 -9.515899658203125 2
  endloop
endfacet
facet normal 0 0 0
  outer loop
    vertex -144.62203979492188 -8.333553314208984 -2
    vertex -145.37881469726562 -7.070950984954834 2
    vertex -144.62203979492188 -8.333553314208984 2
  endloop
endfacet
facet normal 0 0 0
  outer loop
    vertex -145.37881469726562 -7.070950984954834 -2
    vertex -146.00819396972656 -5.740251541137695 2
    vertex -145.37881469726562 -7.070950984954834 2
  endloop
endfacet
facet normal 0 0 0
  outer loop
    vertex -146.00819396972656 -5.740251541137695 -2
    vertex -146.5041046142578 -4.354269981384277 2
    vertex -146.00819396972656 -5.740251541137695 2
  endloop
endfacet
facet normal 0 0 0
  outer loop
    vertex -146.5041046142578 -4.354269981384277 -2
    vertex -146.86178588867188 -2.9263548851013184 2
    vertex -146.5041046142578 -4.354269981384277 2
  endloop
endfacet
facet normal 0 0 0
  outer loop
    vertex -147.07777404785156 -1.4702571630477905 -2
    vertex -147.14999389648438 0 2
    vertex -147.07777404785156 -1.4702571630477905 2
  endloop
endfacet
facet normal 0 0 0
  outer loop
    vertex -146.86178588867188 -2.9263548851013184 -2
    vertex -147.07777404785156 -1.4702571630477905 2
    vertex -146.86178588867188 -2.9263548851013184 2
  endloop
endfacet
facet normal 0 0 0
  outer loop
    vertex -121.54339599609375 -10.60660171508789 2
    vertex -120.55484008789062 -9.515899658203125 2
    vertex -120.55484008789062 -9.515899658203125 -2
  endloop
endfacet
facet normal 0 0 0
  outer loop
    vertex -119.6779556274414 -8.333553314208984 -2
    vertex -120.55484008789062 -9.515899658203125 2
    vertex -119.6779556274414 -8.333553314208984 2
  endloop
endfacet
facet normal 0 0 0
  outer loop
    vertex -118.92118072509766 -7.070950984954834 -2
    vertex -119.6779556274414 -8.333553314208984 2
    vertex -118.92118072509766 -7.070950984954834 2
  endloop
endfacet
facet normal 0 0 0
  outer loop
    vertex -118.29180908203125 -5.740251541137695 -2
    vertex -118.92118072509766 -7.070950984954834 2
    vertex -118.29180908203125 -5.740251541137695 2
  endloop
endfacet
facet normal 0 0 0
  outer loop
    vertex -117.7958984375 -4.354269981384277 -2
    vertex -118.29180908203125 -5.740251541137695 2
    vertex -117.7958984375 -4.354269981384277 2
  endloop
endfacet
facet normal 0 0 0
  outer loop
    vertex -117.43821716308594 -2.9263548851013184 -2
    vertex -117.7958984375 -4.354269981384277 2
    vertex -117.43821716308594 -2.9263548851013184 2
  endloop
endfacet
facet normal 0 0 0
  outer loop
    vertex -117.22222900390625 -1.4702571630477905 -2
    vertex -117.43821716308594 -2.9263548851013184 2
    vertex -117.22222900390625 -1.4702571630477905 2
  endloop
endfacet
facet normal 0 0 0
  outer loop
    vertex -117.22222900390625 -1.4702571630477905 2
    vertex -117.1500015258789 0 2
    vertex -117.1500015258789 0 -2
  endloop
endfacet
facet normal 0 0 0
  outer loop
    vertex -147.14999389648438 0 -2
    vertex -147.07777404785156 1.4702571630477905 -2
    vertex -147.07777404785156 1.4702571630477905 2
  endloop
endfacet
facet normal 0 0 0
  outer loop
    vertex -147.07777404785156 1.4702571630477905 -2
    vertex -146.86178588867188 2.9263548851013184 -2
    vertex -146.86178588867188 2.9263548851013184 2
  endloop
endfacet
facet normal 0 0 0
  outer loop
    vertex -146.86178588867188 2.9263548851013184 -2
    vertex -146.5041046142578 4.354269981384277 -2
    vertex -146.5041046142578 4.354269981384277 2
  endloop
endfacet
facet normal 0 0 0
  outer loop
    vertex -146.5041046142578 4.354269981384277 -2
    vertex -146.00819396972656 5.740251541137695 -2
    vertex -146.00819396972656 5.740251541137695 2
  endloop
endfacet
facet normal 0 0 0
  outer loop
    vertex -146.00819396972656 5.740251541137695 -2
    vertex -145.37881469726562 7.070950984954834 -2
    vertex -145.37881469726562 7.070950984954834 2
  endloop
endfacet
facet normal 0 0 0
  outer loop
    vertex -145.37881469726562 7.070950984954834 -2
    vertex -144.62203979492188 8.333553314208984 -2
    vertex -144.62203979492188 8.333553314208984 2
  endloop
endfacet
facet normal 0 0 0
  outer loop
    vertex -144.62203979492188 8.333553314208984 -2
    vertex -143.7451629638672 9.515899658203125 -2
    vertex -143.7451629638672 9.515899658203125 2
  endloop
endfacet
facet normal 0 0 0
  outer loop
    vertex -117.1500015258789 0 -2
    vertex -117.1500015258789 0 2
    vertex -117.22222900390625 1.4702571630477905 -2
  endloop
endfacet
facet normal 0 0 0
  outer loop
    vertex -117.22222900390625 1.4702571630477905 -2
    vertex -117.22222900390625 1.4702571630477905 2
    vertex -117.43821716308594 2.9263548851013184 -2
  endloop
endfacet
facet normal 0 0 0
  outer loop
    vertex -117.43821716308594 2.9263548851013184 -2
    vertex -117.43821716308594 2.9263548851013184 2
    vertex -117.7958984375 4.354269981384277 -2
  endloop
endfacet
facet normal 0 0 0
  outer loop
    vertex -117.7958984375 4.354269981384277 -2
    vertex -117.7958984375 4.354269981384277 2
    vertex -118.29180908203125 5.740251541137695 -2
  endloop
endfacet
facet normal 0 0 0
  outer loop
    vertex -118.29180908203125 5.740251541137695 -2
    vertex -118.29180908203125 5.740251541137695 2
    vertex -118.92118072509766 7.070950984954834 -2
  endloop
endfacet
facet normal 0 0 0
  outer loop
    vertex -118.92118072509766 7.070950984954834 -2
    vertex -118.92118072509766 7.070950984954834 2
    vertex -119.6779556274414 8.333553314208984 -2
  endloop
endfacet
facet normal 0 0 0
  outer loop
    vertex -119.6779556274414 8.333553314208984 -2
    vertex -119.6779556274414 8.333553314208984 2
    vertex -120.55484008789062 9.515899658203125 -2
  endloop
endfacet
facet normal 0 0 0
  outer loop
    vertex -120.55484008789062 9.515899658203125 -2
    vertex -120.55484008789062 9.515899658203125 2
    vertex -121.54339599609375 10.60660171508789 -2
  endloop
endfacet
facet normal 0 0 0
  outer loop
    vertex -147.14999389648438 0 -2
    vertex -147.07777404785156 1.4702571630477905 2
    vertex -147.14999389648438 0 2
  endloop
endfacet
facet normal 0 0 0
  outer loop
    vertex -147.07777404785156 1.4702571630477905 -2
    vertex -146.86178588867188 2.9263548851013184 2
    vertex -147.07777404785156 1.4702571630477905 2
  endloop
endfacet
facet normal 0 0 0
  outer loop
    vertex -146.86178588867188 2.9263548851013184 -2
    vertex -146.5041046142578 4.354269981384277 2
    vertex -146.86178588867188 2.9263548851013184 2
  endloop
endfacet
facet normal 0 0 0
  outer loop
    vertex -146.5041046142578 4.354269981384277 -2
    vertex -146.00819396972656 5.740251541137695 2
    vertex -146.5041046142578 4.354269981384277 2
  endloop
endfacet
facet normal 0 0 0
  outer loop
    vertex -146.00819396972656 5.740251541137695 -2
    vertex -145.37881469726562 7.070950984954834 2
    vertex -146.00819396972656 5.740251541137695 2
  endloop
endfacet
facet normal 0 0 0
  outer loop
    vertex -145.37881469726562 7.070950984954834 -2
    vertex -144.62203979492188 8.333553314208984 2
    vertex -145.37881469726562 7.070950984954834 2
  endloop
endfacet
facet normal 0 0 0
  outer loop
    vertex -144.62203979492188 8.333553314208984 -2
    vertex -143.7451629638672 9.515899658203125 2
    vertex -144.62203979492188 8.333553314208984 2
  endloop
endfacet
facet normal 0 0 0
  outer loop
    vertex -143.7451629638672 9.515899658203125 -2
    vertex -142.75660705566406 10.60660171508789 2
    vertex -143.7451629638672 9.515899658203125 2
  endloop
endfacet
facet normal 0 0 0
  outer loop
    vertex -117.22222900390625 1.4702571630477905 -2
    vertex -117.1500015258789 0 2
    vertex -117.22222900390625 1.4702571630477905 2
  endloop
endfacet
facet normal 0 0 0
  outer loop
    vertex -117.43821716308594 2.9263548851013184 -2
    vertex -117.22222900390625 1.4702571630477905 2
    vertex -117.43821716308594 2.9263548851013184 2
  endloop
endfacet
facet normal 0 0 0
  outer loop
    vertex -117.7958984375 4.354269981384277 -2
    vertex -117.43821716308594 2.9263548851013184 2
    vertex -117.7958984375 4.354269981384277 2
  endloop
endfacet
facet normal 0 0 0
  outer loop
    vertex -118.29180908203125 5.740251541137695 -2
    vertex -117.7958984375 4.354269981384277 2
    vertex -118.29180908203125 5.740251541137695 2
  endloop
endfacet
facet normal 0 0 0
  outer loop
    vertex -118.92118072509766 7.070950984954834 -2
    vertex -118.29180908203125 5.740251541137695 2
    vertex -118.92118072509766 7.070950984954834 2
  endloop
endfacet
facet normal 0 0 0
  outer loop
    vertex -119.6779556274414 8.333553314208984 -2
    vertex -118.92118072509766 7.070950984954834 2
    vertex -119.6779556274414 8.333553314208984 2
  endloop
endfacet
facet normal 0 0 0
  outer loop
    vertex -120.55484008789062 9.515899658203125 -2
    vertex -119.6779556274414 8.333553314208984 2
    vertex -120.55484008789062 9.515899658203125 2
  endloop
endfacet
facet normal 0 0 0
  outer loop
    vertex -143.7451629638672 9.515899658203125 -2
    vertex -142.75660705566406 10.60660171508789 -2
    vertex -142.75660705566406 10.60660171508789 2
  endloop
endfacet
facet normal 0 0 0
  outer loop
    vertex -142.75660705566406 10.60660171508789 -2
    vertex -141.6658935546875 11.5951566696167 -2
    vertex -141.6658935546875 11.5951566696167 2
  endloop
endfacet
facet normal 0 0 0
  outer loop
    vertex -141.6658935546875 11.5951566696167 -2
    vertex -140.48355102539062 12.472043991088867 -2
    vertex -140.48355102539062 12.472043991088867 2
  endloop
endfacet
facet normal 0 0 0
  outer loop
    vertex -140.48355102539062 12.472043991088867 -2
    vertex -139.220947265625 13.228818893432617 -2
    vertex -139.220947265625 13.228818893432617 2
  endloop
endfacet
facet normal 0 0 0
  outer loop
    vertex -139.220947265625 13.228818893432617 -2
    vertex -137.8902587890625 13.858193397521973 -2
    vertex -137.8902587890625 13.858193397521973 2
  endloop
endfacet
facet normal 0 0 0
  outer loop
    vertex -137.8902587890625 13.858193397521973 -2
    vertex -136.5042724609375 14.354104995727539 -2
    vertex -136.5042724609375 14.354104995727539 2
  endloop
endfacet
facet normal 0 0 0
  outer loop
    vertex -136.5042724609375 14.354104995727539 -2
    vertex -135.07635498046875 14.711779594421387 -2
    vertex -135.07635498046875 14.711779594421387 2
  endloop
endfacet
facet normal 0 0 0
  outer loop
    vertex -135.07635498046875 14.711779594421387 -2
    vertex -133.62025451660156 14.927770614624023 -2
    vertex -133.62025451660156 14.927770614624023 2
  endloop
endfacet
facet normal 0 0 0
  outer loop
    vertex -133.62025451660156 14.927770614624023 -2
    vertex -132.14999389648438 15 -2
    vertex -132.14999389648438 15 2
  endloop
endfacet
facet normal 0 0 0
  outer loop
    vertex -121.54339599609375 10.60660171508789 -2
    vertex -121.54339599609375 10.60660171508789 2
    vertex -122.63410186767578 11.5951566696167 -2
  endloop
endfacet
facet normal 0 0 0
  outer loop
    vertex -122.63410186767578 11.5951566696167 -2
    vertex -122.63410186767578 11.5951566696167 2
    vertex -123.81644439697266 12.472043991088867 -2
  endloop
endfacet
facet normal 0 0 0
  outer loop
    vertex -132.14999389648438 15 -2
    vertex -130.67974853515625 14.927770614624023 -2
    vertex -130.67974853515625 14.927770614624023 2
  endloop
endfacet
facet normal 0 0 0
  outer loop
    vertex -130.67974853515625 14.927770614624023 -2
    vertex -129.22364807128906 14.711779594421387 -2
    vertex -129.22364807128906 14.711779594421387 2
  endloop
endfacet
facet normal 0 0 0
  outer loop
    vertex -127.79573059082031 14.354104995727539 -2
    vertex -126.40975189208984 13.858193397521973 -2
    vertex -126.40975189208984 13.858193397521973 2
  endloop
endfacet
facet normal 0 0 0
  outer loop
    vertex -129.22364807128906 14.711779594421387 -2
    vertex -127.79573059082031 14.354104995727539 -2
    vertex -127.79573059082031 14.354104995727539 2
  endloop
endfacet
facet normal 0 0 0
  outer loop
    vertex -123.81644439697266 12.472043991088867 -2
    vertex -123.81644439697266 12.472043991088867 2
    vertex -125.07904815673828 13.228818893432617 -2
  endloop
endfacet
facet normal 0 0 0
  outer loop
    vertex -125.07904815673828 13.228818893432617 -2
    vertex -125.07904815673828 13.228818893432617 2
    vertex -126.40975189208984 13.858193397521973 -2
  endloop
endfacet
facet normal 0 0 0
  outer loop
    vertex -142.75660705566406 10.60660171508789 -2
    vertex -141.6658935546875 11.5951566696167 2
    vertex -142.75660705566406 10.60660171508789 2
  endloop
endfacet
facet normal 0 0 0
  outer loop
    vertex -141.6658935546875 11.5951566696167 -2
    vertex -140.48355102539062 12.472043991088867 2
    vertex -141.6658935546875 11.5951566696167 2
  endloop
endfacet
facet normal 0 0 0
  outer loop
    vertex -140.48355102539062 12.472043991088867 -2
    vertex -139.220947265625 13.228818893432617 2
    vertex -140.48355102539062 12.472043991088867 2
  endloop
endfacet
facet normal 0 0 0
  outer loop
    vertex -139.220947265625 13.228818893432617 -2
    vertex -137.8902587890625 13.858193397521973 2
    vertex -139.220947265625 13.228818893432617 2
  endloop
endfacet
facet normal 0 0 0
  outer loop
    vertex -137.8902587890625 13.858193397521973 -2
    vertex -136.5042724609375 14.354104995727539 2
    vertex -137.8902587890625 13.858193397521973 2
  endloop
endfacet
facet normal 0 0 0
  outer loop
    vertex -136.5042724609375 14.354104995727539 -2
    vertex -135.07635498046875 14.711779594421387 2
    vertex -136.5042724609375 14.354104995727539 2
  endloop
endfacet
facet normal 0 0 0
  outer loop
    vertex -135.07635498046875 14.711779594421387 -2
    vertex -133.62025451660156 14.927770614624023 2
    vertex -135.07635498046875 14.711779594421387 2
  endloop
endfacet
facet normal 0 0 0
  outer loop
    vertex -133.62025451660156 14.927770614624023 -2
    vertex -132.14999389648438 15 2
    vertex -133.62025451660156 14.927770614624023 2
  endloop
endfacet
facet normal 0 0 0
  outer loop
    vertex -132.14999389648438 15 -2
    vertex -130.67974853515625 14.927770614624023 2
    vertex -132.14999389648438 15 2
  endloop
endfacet
facet normal 0 0 0
  outer loop
    vertex -122.63410186767578 11.5951566696167 -2
    vertex -121.54339599609375 10.60660171508789 2
    vertex -122.63410186767578 11.5951566696167 2
  endloop
endfacet
facet normal 0 0 0
  outer loop
    vertex -123.81644439697266 12.472043991088867 -2
    vertex -122.63410186767578 11.5951566696167 2
    vertex -123.81644439697266 12.472043991088867 2
  endloop
endfacet
facet normal 0 0 0
  outer loop
    vertex -130.67974853515625 14.927770614624023 -2
    vertex -129.22364807128906 14.711779594421387 2
    vertex -130.67974853515625 14.927770614624023 2
  endloop
endfacet
facet normal 0 0 0
  outer loop
    vertex -127.79573059082031 14.354104995727539 -2
    vertex -126.40975189208984 13.858193397521973 2
    vertex -127.79573059082031 14.354104995727539 2
  endloop
endfacet
facet normal 0 0 0
  outer loop
    vertex -129.22364807128906 14.711779594421387 -2
    vertex -127.79573059082031 14.354104995727539 2
    vertex -129.22364807128906 14.711779594421387 2
  endloop
endfacet
facet normal 0 0 0
  outer loop
    vertex -125.07904815673828 13.228818893432617 -2
    vertex -123.81644439697266 12.472043991088867 2
    vertex -125.07904815673828 13.228818893432617 2
  endloop
endfacet
facet normal 0 0 0
  outer loop
    vertex -126.40975189208984 13.858193397521973 -2
    vertex -125.07904815673828 13.228818893432617 2
    vertex -126.40975189208984 13.858193397521973 2
  endloop
endfacet
facet normal 0 0 0
  outer loop
    vertex -120.55484008789062 9.515899658203125 2
    vertex -121.54339599609375 10.60660171508789 2
    vertex -121.54339599609375 10.60660171508789 -2
  endloop
endfacet
facet normal 0 0 0
  outer loop
    vertex -80.4646987915039 -5.555702209472656 1
    vertex -80.9692153930664 -4.713967323303223 2
    vertex -80.4646987915039 -5.555702209472656 2
  endloop
endfacet
facet normal 0 0 0
  outer loop
    vertex -76.86396789550781 -8.819212913513184 1
    vertex -76.86396789550781 -8.819212913513184 2
    vertex -75.97683715820312 -9.238795280456543 1
  endloop
endfacet
facet normal 0 0 0
  outer loop
    vertex -75.97683715820312 -9.238795280456543 1
    vertex -75.97683715820312 -9.238795280456543 2
    vertex -75.05284881591797 -9.569403648376465 1
  endloop
endfacet
facet normal 0 0 0
  outer loop
    vertex -75.05284881591797 -9.569403648376465 1
    vertex -75.97683715820312 -9.238795280456543 2
    vertex -75.05284881591797 -9.569403648376465 2
  endloop
endfacet
facet normal 0 0 0
  outer loop
    vertex -75.97683715820312 -9.238795280456543 1
    vertex -76.86396789550781 -8.819212913513184 2
    vertex -75.97683715820312 -9.238795280456543 2
  endloop
endfacet
facet normal 0 0 0
  outer loop
    vertex -78.49393463134766 -7.730104446411133 1
    vertex -78.49393463134766 -7.730104446411133 2
    vertex -77.70570373535156 -8.314696311950684 1
  endloop
endfacet
facet normal 0 0 0
  outer loop
    vertex -76.86396789550781 -8.819212913513184 1
    vertex -77.70570373535156 -8.314696311950684 1
    vertex -77.70570373535156 -8.314696311950684 2
  endloop
endfacet
facet normal 0 0 0
  outer loop
    vertex -77.70570373535156 -8.314696311950684 1
    vertex -78.49393463134766 -7.730104446411133 2
    vertex -77.70570373535156 -8.314696311950684 2
  endloop
endfacet
facet normal 0 0 0
  outer loop
    vertex -78.49393463134766 -7.730104446411133 1
    vertex -79.2210693359375 -7.071067810058594 2
    vertex -78.49393463134766 -7.730104446411133 2
  endloop
endfacet
facet normal 0 0 0
  outer loop
    vertex -76.86396789550781 -8.819212913513184 1
    vertex -77.70570373535156 -8.314696311950684 2
    vertex -76.86396789550781 -8.819212913513184 2
  endloop
endfacet
facet normal 0 0 0
  outer loop
    vertex -74.10090637207031 -9.807852745056152 1
    vertex -75.05284881591797 -9.569403648376465 1
    vertex -75.05284881591797 -9.569403648376465 2
  endloop
endfacet
facet normal 0 0 0
  outer loop
    vertex -74.10090637207031 -9.807852745056152 1
    vertex -74.10090637207031 -9.807852745056152 2
    vertex -73.13017272949219 -9.951847076416016 1
  endloop
endfacet
facet normal 0 0 0
  outer loop
    vertex -73.13017272949219 -9.951847076416016 1
    vertex -73.13017272949219 -9.951847076416016 2
    vertex -72.1500015258789 -10 1
  endloop
endfacet
facet normal 0 0 0
  outer loop
    vertex -72.1500015258789 -10 1
    vertex -72.1500015258789 -10 2
    vertex -71.16983032226562 -9.951847076416016 1
  endloop
endfacet
facet normal 0 0 0
  outer loop
    vertex -71.16983032226562 -9.951847076416016 1
    vertex -71.16983032226562 -9.951847076416016 2
    vertex -70.1990966796875 -9.807852745056152 1
  endloop
endfacet
facet normal 0 0 0
  outer loop
    vertex -74.10090637207031 -9.807852745056152 1
    vertex -75.05284881591797 -9.569403648376465 2
    vertex -74.10090637207031 -9.807852745056152 2
  endloop
endfacet
facet normal 0 0 0
  outer loop
    vertex -73.13017272949219 -9.951847076416016 1
    vertex -74.10090637207031 -9.807852745056152 2
    vertex -73.13017272949219 -9.951847076416016 2
  endloop
endfacet
facet normal 0 0 0
  outer loop
    vertex -72.1500015258789 -10 1
    vertex -73.13017272949219 -9.951847076416016 2
    vertex -72.1500015258789 -10 2
  endloop
endfacet
facet normal 0 0 0
  outer loop
    vertex -71.16983032226562 -9.951847076416016 1
    vertex -72.1500015258789 -10 2
    vertex -71.16983032226562 -9.951847076416016 2
  endloop
endfacet
facet normal 0 0 0
  outer loop
    vertex -70.1990966796875 -9.807852745056152 1
    vertex -71.16983032226562 -9.951847076416016 2
    vertex -70.1990966796875 -9.807852745056152 2
  endloop
endfacet
facet normal 0 0 0
  outer loop
    vertex -78.49393463134766 -7.730104446411133 1
    vertex -79.2210693359375 -7.071067810058594 1
    vertex -79.2210693359375 -7.071067810058594 2
  endloop
endfacet
facet normal 0 0 0
  outer loop
    vertex -79.2210693359375 -7.071067810058594 1
    vertex -79.8801040649414 -6.343932628631592 1
    vertex -79.8801040649414 -6.343932628631592 2
  endloop
endfacet
facet normal 0 0 0
  outer loop
    vertex -79.2210693359375 -7.071067810058594 1
    vertex -79.8801040649414 -6.343932628631592 2
    vertex -79.2210693359375 -7.071067810058594 2
  endloop
endfacet
facet normal 0 0 0
  outer loop
    vertex -80.4646987915039 -5.555702209472656 1
    vertex -80.4646987915039 -5.555702209472656 2
    vertex -79.8801040649414 -6.343932628631592 1
  endloop
endfacet
facet normal 0 0 0
  outer loop
    vertex -79.8801040649414 -6.343932628631592 1
    vertex -80.4646987915039 -5.555702209472656 2
    vertex -79.8801040649414 -6.343932628631592 2
  endloop
endfacet
facet normal 0 0 0
  outer loop
    vertex -80.4646987915039 -5.555702209472656 1
    vertex -80.9692153930664 -4.713967323303223 1
    vertex -80.9692153930664 -4.713967323303223 2
  endloop
endfacet
facet normal 0 0 0
  outer loop
    vertex -80.9692153930664 -4.713967323303223 1
    vertex -81.3887939453125 -3.8268344402313232 1
    vertex -81.3887939453125 -3.8268344402313232 2
  endloop
endfacet
facet normal 0 0 0
  outer loop
    vertex -80.9692153930664 -4.713967323303223 1
    vertex -81.3887939453125 -3.8268344402313232 2
    vertex -80.9692153930664 -4.713967323303223 2
  endloop
endfacet
facet normal 0 0 0
  outer loop
    vertex -81.3887939453125 -3.8268344402313232 1
    vertex -81.71940612792969 -2.9028468132019043 1
    vertex -81.71940612792969 -2.9028468132019043 2
  endloop
endfacet
facet normal 0 0 0
  outer loop
    vertex -81.3887939453125 -3.8268344402313232 1
    vertex -81.71940612792969 -2.9028468132019043 2
    vertex -81.3887939453125 -3.8268344402313232 2
  endloop
endfacet
facet normal 0 0 0
  outer loop
    vertex -81.71940612792969 -2.9028468132019043 1
    vertex -81.95785522460938 -1.9509031772613525 2
    vertex -81.71940612792969 -2.9028468132019043 2
  endloop
endfacet
facet normal 0 0 0
  outer loop
    vertex -80.4646987915039 -5.555702209472656 1
    vertex -80.4646987915039 5.555702209472656 1
    vertex -80.9692153930664 -4.713967323303223 1
  endloop
endfacet
facet normal 0 0 0
  outer loop
    vertex -80.9692153930664 -4.713967323303223 1
    vertex -80.9692153930664 4.713967323303223 1
    vertex -81.3887939453125 -3.8268344402313232 1
  endloop
endfacet
facet normal 0 0 0
  outer loop
    vertex -81.71940612792969 -2.9028468132019043 1
    vertex -81.71940612792969 2.9028468132019043 1
    vertex -81.95785522460938 -1.9509031772613525 1
  endloop
endfacet
facet normal 0 0 0
  outer loop
    vertex -81.3887939453125 -3.8268344402313232 1
    vertex -81.3887939453125 3.8268344402313232 1
    vertex -81.71940612792969 -2.9028468132019043 1
  endloop
endfacet
facet normal 0 0 0
  outer loop
    vertex -81.95785522460938 -1.9509031772613525 1
    vertex -81.95785522460938 1.9509031772613525 1
    vertex -82.10184478759766 -0.9801713824272156 1
  endloop
endfacet
facet normal 0 0 0
  outer loop
    vertex -81.71940612792969 -2.9028468132019043 1
    vertex -81.95785522460938 -1.9509031772613525 1
    vertex -81.95785522460938 -1.9509031772613525 2
  endloop
endfacet
facet normal 0 0 0
  outer loop
    vertex -81.95785522460938 -1.9509031772613525 1
    vertex -82.10184478759766 -0.9801713824272156 1
    vertex -82.10184478759766 -0.9801713824272156 2
  endloop
endfacet
facet normal 0 0 0
  outer loop
    vertex -81.95785522460938 -1.9509031772613525 1
    vertex -82.10184478759766 -0.9801713824272156 2
    vertex -81.95785522460938 -1.9509031772613525 2
  endloop
endfacet
facet normal 0 0 0
  outer loop
    vertex -82.10184478759766 -0.9801713824272156 1
    vertex -82.1500015258789 0 1
    vertex -82.1500015258789 0 2
  endloop
endfacet
facet normal 0 0 0
  outer loop
    vertex -82.10184478759766 -0.9801713824272156 1
    vertex -82.1500015258789 0 2
    vertex -82.10184478759766 -0.9801713824272156 2
  endloop
endfacet
facet normal 0 0 0
  outer loop
    vertex -78.49393463134766 -7.730104446411133 1
    vertex -77.70570373535156 -8.314696311950684 1
    vertex -77.70570373535156 8.314696311950684 1
  endloop
endfacet
facet normal 0 0 0
  outer loop
    vertex -76.86396789550781 -8.819212913513184 1
    vertex -76.86396789550781 8.819212913513184 1
    vertex -77.70570373535156 -8.314696311950684 1
  endloop
endfacet
facet normal 0 0 0
  outer loop
    vertex -76.86396789550781 -8.819212913513184 1
    vertex -75.97683715820312 -9.238795280456543 1
    vertex -75.97683715820312 9.238795280456543 1
  endloop
endfacet
facet normal 0 0 0
  outer loop
    vertex -75.97683715820312 -9.238795280456543 1
    vertex -75.05284881591797 -9.569403648376465 1
    vertex -75.05284881591797 9.569403648376465 1
  endloop
endfacet
facet normal 0 0 0
  outer loop
    vertex -74.10090637207031 -9.807852745056152 1
    vertex -74.10090637207031 9.807852745056152 1
    vertex -75.05284881591797 -9.569403648376465 1
  endloop
endfacet
facet normal 0 0 0
  outer loop
    vertex -74.10090637207031 -9.807852745056152 1
    vertex -73.13017272949219 -9.951847076416016 1
    vertex -73.13017272949219 9.951847076416016 1
  endloop
endfacet
facet normal 0 0 0
  outer loop
    vertex -73.13017272949219 -9.951847076416016 1
    vertex -72.1500015258789 -10 1
    vertex -72.1500015258789 10 1
  endloop
endfacet
facet normal 0 0 0
  outer loop
    vertex -72.1500015258789 -10 1
    vertex -71.16983032226562 -9.951847076416016 1
    vertex -71.16983032226562 9.951847076416016 1
  endloop
endfacet
facet normal 0 0 0
  outer loop
    vertex -71.16983032226562 -9.951847076416016 1
    vertex -70.1990966796875 -9.807852745056152 1
    vertex -70.1990966796875 9.807852745056152 1
  endloop
endfacet
facet normal 0 0 0
  outer loop
    vertex -79.2210693359375 -7.071067810058594 1
    vertex -79.2210693359375 7.071067810058594 1
    vertex -79.8801040649414 -6.343932628631592 1
  endloop
endfacet
facet normal 0 0 0
  outer loop
    vertex -78.49393463134766 -7.730104446411133 1
    vertex -78.49393463134766 7.730104446411133 1
    vertex -79.2210693359375 -7.071067810058594 1
  endloop
endfacet
facet normal 0 0 0
  outer loop
    vertex -80.4646987915039 -5.555702209472656 1
    vertex -79.8801040649414 -6.343932628631592 1
    vertex -79.8801040649414 6.343932628631592 1
  endloop
endfacet
facet normal 0 0 0
  outer loop
    vertex -82.10184478759766 -0.9801713824272156 1
    vertex -82.10184478759766 0.9801713824272156 1
    vertex -82.1500015258789 0 1
  endloop
endfacet
facet normal 0 0 0
  outer loop
    vertex -82.10184478759766 -0.9801713824272156 1
    vertex -81.95785522460938 1.9509031772613525 1
    vertex -82.10184478759766 0.9801713824272156 1
  endloop
endfacet
facet normal 0 0 0
  outer loop
    vertex -81.95785522460938 -1.9509031772613525 1
    vertex -81.71940612792969 2.9028468132019043 1
    vertex -81.95785522460938 1.9509031772613525 1
  endloop
endfacet
facet normal 0 0 0
  outer loop
    vertex -81.71940612792969 -2.9028468132019043 1
    vertex -81.3887939453125 3.8268344402313232 1
    vertex -81.71940612792969 2.9028468132019043 1
  endloop
endfacet
facet normal 0 0 0
  outer loop
    vertex -81.3887939453125 -3.8268344402313232 1
    vertex -80.9692153930664 4.713967323303223 1
    vertex -81.3887939453125 3.8268344402313232 1
  endloop
endfacet
facet normal 0 0 0
  outer loop
    vertex -80.9692153930664 -4.713967323303223 1
    vertex -80.4646987915039 5.555702209472656 1
    vertex -80.9692153930664 4.713967323303223 1
  endloop
endfacet
facet normal 0 0 0
  outer loop
    vertex -82.1500015258789 0 1
    vertex -82.10184478759766 0.9801713824272156 1
    vertex -82.10184478759766 0.9801713824272156 2
  endloop
endfacet
facet normal 0 0 0
  outer loop
    vertex -82.1500015258789 0 1
    vertex -82.10184478759766 0.9801713824272156 2
    vertex -82.1500015258789 0 2
  endloop
endfacet
facet normal 0 0 0
  outer loop
    vertex -82.10184478759766 0.9801713824272156 1
    vertex -81.95785522460938 1.9509031772613525 1
    vertex -81.95785522460938 1.9509031772613525 2
  endloop
endfacet
facet normal 0 0 0
  outer loop
    vertex -82.10184478759766 0.9801713824272156 1
    vertex -81.95785522460938 1.9509031772613525 2
    vertex -82.10184478759766 0.9801713824272156 2
  endloop
endfacet
facet normal 0 0 0
  outer loop
    vertex -81.95785522460938 1.9509031772613525 1
    vertex -81.71940612792969 2.9028468132019043 2
    vertex -81.95785522460938 1.9509031772613525 2
  endloop
endfacet
facet normal 0 0 0
  outer loop
    vertex -81.95785522460938 1.9509031772613525 1
    vertex -81.71940612792969 2.9028468132019043 1
    vertex -81.71940612792969 2.9028468132019043 2
  endloop
endfacet
facet normal 0 0 0
  outer loop
    vertex -81.71940612792969 2.9028468132019043 1
    vertex -81.3887939453125 3.8268344402313232 1
    vertex -81.3887939453125 3.8268344402313232 2
  endloop
endfacet
facet normal 0 0 0
  outer loop
    vertex -81.71940612792969 2.9028468132019043 1
    vertex -81.3887939453125 3.8268344402313232 2
    vertex -81.71940612792969 2.9028468132019043 2
  endloop
endfacet
facet normal 0 0 0
  outer loop
    vertex -81.3887939453125 3.8268344402313232 1
    vertex -80.9692153930664 4.713967323303223 1
    vertex -80.9692153930664 4.713967323303223 2
  endloop
endfacet
facet normal 0 0 0
  outer loop
    vertex -81.3887939453125 3.8268344402313232 1
    vertex -80.9692153930664 4.713967323303223 2
    vertex -81.3887939453125 3.8268344402313232 2
  endloop
endfacet
facet normal 0 0 0
  outer loop
    vertex -80.9692153930664 4.713967323303223 1
    vertex -80.4646987915039 5.555702209472656 2
    vertex -80.9692153930664 4.713967323303223 2
  endloop
endfacet
facet normal 0 0 0
  outer loop
    vertex -80.4646987915039 -5.555702209472656 1
    vertex -79.8801040649414 6.343932628631592 1
    vertex -80.4646987915039 5.555702209472656 1
  endloop
endfacet
facet normal 0 0 0
  outer loop
    vertex -79.8801040649414 -6.343932628631592 1
    vertex -79.2210693359375 7.071067810058594 1
    vertex -79.8801040649414 6.343932628631592 1
  endloop
endfacet
facet normal 0 0 0
  outer loop
    vertex -79.2210693359375 -7.071067810058594 1
    vertex -78.49393463134766 7.730104446411133 1
    vertex -79.2210693359375 7.071067810058594 1
  endloop
endfacet
facet normal 0 0 0
  outer loop
    vertex -78.49393463134766 -7.730104446411133 1
    vertex -77.70570373535156 8.314696311950684 1
    vertex -78.49393463134766 7.730104446411133 1
  endloop
endfacet
facet normal 0 0 0
  outer loop
    vertex -77.70570373535156 -8.314696311950684 1
    vertex -76.86396789550781 8.819212913513184 1
    vertex -77.70570373535156 8.314696311950684 1
  endloop
endfacet
facet normal 0 0 0
  outer loop
    vertex -76.86396789550781 -8.819212913513184 1
    vertex -75.97683715820312 9.238795280456543 1
    vertex -76.86396789550781 8.819212913513184 1
  endloop
endfacet
facet normal 0 0 0
  outer loop
    vertex -75.97683715820312 -9.238795280456543 1
    vertex -75.05284881591797 9.569403648376465 1
    vertex -75.97683715820312 9.238795280456543 1
  endloop
endfacet
facet normal 0 0 0
  outer loop
    vertex -75.05284881591797 -9.569403648376465 1
    vertex -74.10090637207031 9.807852745056152 1
    vertex -75.05284881591797 9.569403648376465 1
  endloop
endfacet
facet normal 0 0 0
  outer loop
    vertex -74.10090637207031 -9.807852745056152 1
    vertex -73.13017272949219 9.951847076416016 1
    vertex -74.10090637207031 9.807852745056152 1
  endloop
endfacet
facet normal 0 0 0
  outer loop
    vertex -73.13017272949219 -9.951847076416016 1
    vertex -72.1500015258789 10 1
    vertex -73.13017272949219 9.951847076416016 1
  endloop
endfacet
facet normal 0 0 0
  outer loop
    vertex -72.1500015258789 -10 1
    vertex -71.16983032226562 9.951847076416016 1
    vertex -72.1500015258789 10 1
  endloop
endfacet
facet normal 0 0 0
  outer loop
    vertex -71.16983032226562 -9.951847076416016 1
    vertex -70.1990966796875 9.807852745056152 1
    vertex -71.16983032226562 9.951847076416016 1
  endloop
endfacet
facet normal 0 0 0
  outer loop
    vertex -80.9692153930664 4.713967323303223 1
    vertex -80.4646987915039 5.555702209472656 1
    vertex -80.4646987915039 5.555702209472656 2
  endloop
endfacet
facet normal 0 0 0
  outer loop
    vertex -80.4646987915039 5.555702209472656 1
    vertex -79.8801040649414 6.343932628631592 1
    vertex -79.8801040649414 6.343932628631592 2
  endloop
endfacet
facet normal 0 0 0
  outer loop
    vertex -80.4646987915039 5.555702209472656 1
    vertex -79.8801040649414 6.343932628631592 2
    vertex -80.4646987915039 5.555702209472656 2
  endloop
endfacet
facet normal 0 0 0
  outer loop
    vertex -79.8801040649414 6.343932628631592 1
    vertex -79.2210693359375 7.071067810058594 1
    vertex -79.2210693359375 7.071067810058594 2
  endloop
endfacet
facet normal 0 0 0
  outer loop
    vertex -79.8801040649414 6.343932628631592 1
    vertex -79.2210693359375 7.071067810058594 2
    vertex -79.8801040649414 6.343932628631592 2
  endloop
endfacet
facet normal 0 0 0
  outer loop
    vertex -79.2210693359375 7.071067810058594 1
    vertex -78.49393463134766 7.730104446411133 2
    vertex -79.2210693359375 7.071067810058594 2
  endloop
endfacet
facet normal 0 0 0
  outer loop
    vertex -79.2210693359375 7.071067810058594 1
    vertex -78.49393463134766 7.730104446411133 1
    vertex -78.49393463134766 7.730104446411133 2
  endloop
endfacet
facet normal 0 0 0
  outer loop
    vertex -78.49393463134766 7.730104446411133 1
    vertex -77.70570373535156 8.314696311950684 1
    vertex -77.70570373535156 8.314696311950684 2
  endloop
endfacet
facet normal 0 0 0
  outer loop
    vertex -77.70570373535156 8.314696311950684 1
    vertex -76.86396789550781 8.819212913513184 1
    vertex -76.86396789550781 8.819212913513184 2
  endloop
endfacet
facet normal 0 0 0
  outer loop
    vertex -78.49393463134766 7.730104446411133 1
    vertex -77.70570373535156 8.314696311950684 2
    vertex -78.49393463134766 7.730104446411133 2
  endloop
endfacet
facet normal 0 0 0
  outer loop
    vertex -77.70570373535156 8.314696311950684 1
    vertex -76.86396789550781 8.819212913513184 2
    vertex -77.70570373535156 8.314696311950684 2
  endloop
endfacet
facet normal 0 0 0
  outer loop
    vertex -76.86396789550781 8.819212913513184 1
    vertex -75.97683715820312 9.238795280456543 1
    vertex -75.97683715820312 9.238795280456543 2
  endloop
endfacet
facet normal 0 0 0
  outer loop
    vertex -75.97683715820312 9.238795280456543 1
    vertex -75.05284881591797 9.569403648376465 1
    vertex -75.05284881591797 9.569403648376465 2
  endloop
endfacet
facet normal 0 0 0
  outer loop
    vertex -76.86396789550781 8.819212913513184 1
    vertex -75.97683715820312 9.238795280456543 2
    vertex -76.86396789550781 8.819212913513184 2
  endloop
endfacet
facet normal 0 0 0
  outer loop
    vertex -75.97683715820312 9.238795280456543 1
    vertex -75.05284881591797 9.569403648376465 2
    vertex -75.97683715820312 9.238795280456543 2
  endloop
endfacet
facet normal 0 0 0
  outer loop
    vertex -75.05284881591797 9.569403648376465 1
    vertex -74.10090637207031 9.807852745056152 1
    vertex -74.10090637207031 9.807852745056152 2
  endloop
endfacet
facet normal 0 0 0
  outer loop
    vertex -74.10090637207031 9.807852745056152 1
    vertex -73.13017272949219 9.951847076416016 1
    vertex -73.13017272949219 9.951847076416016 2
  endloop
endfacet
facet normal 0 0 0
  outer loop
    vertex -73.13017272949219 9.951847076416016 1
    vertex -72.1500015258789 10 1
    vertex -72.1500015258789 10 2
  endloop
endfacet
facet normal 0 0 0
  outer loop
    vertex -71.16983032226562 9.951847076416016 1
    vertex -71.16983032226562 9.951847076416016 2
    vertex -72.1500015258789 10 1
  endloop
endfacet
facet normal 0 0 0
  outer loop
    vertex -71.16983032226562 9.951847076416016 1
    vertex -70.1990966796875 9.807852745056152 1
    vertex -70.1990966796875 9.807852745056152 2
  endloop
endfacet
facet normal 0 0 0
  outer loop
    vertex -75.05284881591797 9.569403648376465 1
    vertex -74.10090637207031 9.807852745056152 2
    vertex -75.05284881591797 9.569403648376465 2
  endloop
endfacet
facet normal 0 0 0
  outer loop
    vertex -74.10090637207031 9.807852745056152 1
    vertex -73.13017272949219 9.951847076416016 2
    vertex -74.10090637207031 9.807852745056152 2
  endloop
endfacet
facet normal 0 0 0
  outer loop
    vertex -73.13017272949219 9.951847076416016 1
    vertex -72.1500015258789 10 2
    vertex -73.13017272949219 9.951847076416016 2
  endloop
endfacet
facet normal 0 0 0
  outer loop
    vertex -71.16983032226562 9.951847076416016 2
    vertex -72.1500015258789 10 2
    vertex -72.1500015258789 10 1
  endloop
endfacet
facet normal 0 0 0
  outer loop
    vertex -71.16983032226562 9.951847076416016 1
    vertex -70.1990966796875 9.807852745056152 2
    vertex -71.16983032226562 9.951847076416016 2
  endloop
endfacet
facet normal 0 0 0
  outer loop
    vertex -70.1990966796875 -9.807852745056152 1
    vertex -70.1990966796875 -9.807852745056152 2
    vertex -69.24715423583984 -9.569403648376465 1
  endloop
endfacet
facet normal 0 0 0
  outer loop
    vertex -69.24715423583984 -9.569403648376465 1
    vertex -69.24715423583984 -9.569403648376465 2
    vertex -68.32316589355469 -9.238795280456543 1
  endloop
endfacet
facet normal 0 0 0
  outer loop
    vertex -68.32316589355469 -9.238795280456543 1
    vertex -68.32316589355469 -9.238795280456543 2
    vertex -67.43603515625 -8.819212913513184 1
  endloop
endfacet
facet normal 0 0 0
  outer loop
    vertex -70.1990966796875 -9.807852745056152 2
    vertex -69.24715423583984 -9.569403648376465 2
    vertex -69.24715423583984 -9.569403648376465 1
  endloop
endfacet
facet normal 0 0 0
  outer loop
    vertex -68.32316589355469 -9.238795280456543 1
    vertex -69.24715423583984 -9.569403648376465 2
    vertex -68.32316589355469 -9.238795280456543 2
  endloop
endfacet
facet normal 0 0 0
  outer loop
    vertex -67.43603515625 -8.819212913513184 1
    vertex -68.32316589355469 -9.238795280456543 2
    vertex -67.43603515625 -8.819212913513184 2
  endloop
endfacet
facet normal 0 0 0
  outer loop
    vertex -67.43603515625 -8.819212913513184 1
    vertex -67.43603515625 -8.819212913513184 2
    vertex -66.59429931640625 -8.314696311950684 1
  endloop
endfacet
facet normal 0 0 0
  outer loop
    vertex -66.59429931640625 -8.314696311950684 1
    vertex -66.59429931640625 -8.314696311950684 2
    vertex -65.80606842041016 -7.730104446411133 1
  endloop
endfacet
facet normal 0 0 0
  outer loop
    vertex -65.80606842041016 -7.730104446411133 1
    vertex -65.80606842041016 -7.730104446411133 2
    vertex -65.07893371582031 -7.071067810058594 1
  endloop
endfacet
facet normal 0 0 0
  outer loop
    vertex -66.59429931640625 -8.314696311950684 1
    vertex -67.43603515625 -8.819212913513184 2
    vertex -66.59429931640625 -8.314696311950684 2
  endloop
endfacet
facet normal 0 0 0
  outer loop
    vertex -65.80606842041016 -7.730104446411133 1
    vertex -66.59429931640625 -8.314696311950684 2
    vertex -65.80606842041016 -7.730104446411133 2
  endloop
endfacet
facet normal 0 0 0
  outer loop
    vertex -65.07893371582031 -7.071067810058594 1
    vertex -65.80606842041016 -7.730104446411133 2
    vertex -65.07893371582031 -7.071067810058594 2
  endloop
endfacet
facet normal 0 0 0
  outer loop
    vertex -65.07893371582031 -7.071067810058594 1
    vertex -65.07893371582031 -7.071067810058594 2
    vertex -64.4198989868164 -6.343932628631592 1
  endloop
endfacet
facet normal 0 0 0
  outer loop
    vertex -64.4198989868164 -6.343932628631592 1
    vertex -65.07893371582031 -7.071067810058594 2
    vertex -64.4198989868164 -6.343932628631592 2
  endloop
endfacet
facet normal 0 0 0
  outer loop
    vertex -64.4198989868164 -6.343932628631592 1
    vertex -64.4198989868164 -6.343932628631592 2
    vertex -63.835304260253906 -5.555702209472656 1
  endloop
endfacet
facet normal 0 0 0
  outer loop
    vertex -63.835304260253906 -5.555702209472656 1
    vertex -63.835304260253906 -5.555702209472656 2
    vertex -63.330787658691406 -4.713967323303223 1
  endloop
endfacet
facet normal 0 0 0
  outer loop
    vertex -63.835304260253906 -5.555702209472656 1
    vertex -64.4198989868164 -6.343932628631592 2
    vertex -63.835304260253906 -5.555702209472656 2
  endloop
endfacet
facet normal 0 0 0
  outer loop
    vertex -70.1990966796875 -9.807852745056152 1
    vertex -69.24715423583984 -9.569403648376465 1
    vertex -69.24715423583984 9.569403648376465 1
  endloop
endfacet
facet normal 0 0 0
  outer loop
    vertex -69.24715423583984 -9.569403648376465 1
    vertex -68.32316589355469 -9.238795280456543 1
    vertex -68.32316589355469 9.238795280456543 1
  endloop
endfacet
facet normal 0 0 0
  outer loop
    vertex -68.32316589355469 -9.238795280456543 1
    vertex -67.43603515625 -8.819212913513184 1
    vertex -67.43603515625 8.819212913513184 1
  endloop
endfacet
facet normal 0 0 0
  outer loop
    vertex -67.43603515625 -8.819212913513184 1
    vertex -66.59429931640625 -8.314696311950684 1
    vertex -66.59429931640625 8.314696311950684 1
  endloop
endfacet
facet normal 0 0 0
  outer loop
    vertex -66.59429931640625 -8.314696311950684 1
    vertex -65.80606842041016 -7.730104446411133 1
    vertex -65.80606842041016 7.730104446411133 1
  endloop
endfacet
facet normal 0 0 0
  outer loop
    vertex -65.80606842041016 -7.730104446411133 1
    vertex -65.07893371582031 -7.071067810058594 1
    vertex -65.07893371582031 7.071067810058594 1
  endloop
endfacet
facet normal 0 0 0
  outer loop
    vertex -63.330787658691406 -4.713967323303223 1
    vertex -63.330787658691406 -4.713967323303223 2
    vertex -62.91120529174805 -3.8268344402313232 1
  endloop
endfacet
facet normal 0 0 0
  outer loop
    vertex -63.835304260253906 -5.555702209472656 2
    vertex -63.330787658691406 -4.713967323303223 2
    vertex -63.330787658691406 -4.713967323303223 1
  endloop
endfacet
facet normal 0 0 0
  outer loop
    vertex -62.91120529174805 -3.8268344402313232 1
    vertex -63.330787658691406 -4.713967323303223 2
    vertex -62.91120529174805 -3.8268344402313232 2
  endloop
endfacet
facet normal 0 0 0
  outer loop
    vertex -62.91120529174805 -3.8268344402313232 1
    vertex -62.91120529174805 -3.8268344402313232 2
    vertex -62.580596923828125 -2.9028468132019043 1
  endloop
endfacet
facet normal 0 0 0
  outer loop
    vertex -62.580596923828125 -2.9028468132019043 1
    vertex -62.580596923828125 -2.9028468132019043 2
    vertex -62.34214782714844 -1.9509031772613525 1
  endloop
endfacet
facet normal 0 0 0
  outer loop
    vertex -62.580596923828125 -2.9028468132019043 1
    vertex -62.91120529174805 -3.8268344402313232 2
    vertex -62.580596923828125 -2.9028468132019043 2
  endloop
endfacet
facet normal 0 0 0
  outer loop
    vertex -65.07893371582031 -7.071067810058594 1
    vertex -64.4198989868164 -6.343932628631592 1
    vertex -64.4198989868164 6.343932628631592 1
  endloop
endfacet
facet normal 0 0 0
  outer loop
    vertex -64.4198989868164 -6.343932628631592 1
    vertex -63.835304260253906 -5.555702209472656 1
    vertex -63.835304260253906 5.555702209472656 1
  endloop
endfacet
facet normal 0 0 0
  outer loop
    vertex -63.835304260253906 -5.555702209472656 1
    vertex -63.330787658691406 -4.713967323303223 1
    vertex -63.330787658691406 4.713967323303223 1
  endloop
endfacet
facet normal 0 0 0
  outer loop
    vertex -63.330787658691406 -4.713967323303223 1
    vertex -62.91120529174805 -3.8268344402313232 1
    vertex -62.91120529174805 3.8268344402313232 1
  endloop
endfacet
facet normal 0 0 0
  outer loop
    vertex -62.91120529174805 -3.8268344402313232 1
    vertex -62.580596923828125 -2.9028468132019043 1
    vertex -62.580596923828125 2.9028468132019043 1
  endloop
endfacet
facet normal 0 0 0
  outer loop
    vertex -62.580596923828125 -2.9028468132019043 1
    vertex -62.34214782714844 -1.9509031772613525 1
    vertex -62.34214782714844 1.9509031772613525 1
  endloop
endfacet
facet normal 0 0 0
  outer loop
    vertex -62.34214782714844 -1.9509031772613525 1
    vertex -62.19815444946289 -0.9801713824272156 1
    vertex -62.19815444946289 0.9801713824272156 1
  endloop
endfacet
facet normal 0 0 0
  outer loop
    vertex -62.34214782714844 -1.9509031772613525 1
    vertex -62.34214782714844 -1.9509031772613525 2
    vertex -62.19815444946289 -0.9801713824272156 1
  endloop
endfacet
facet normal 0 0 0
  outer loop
    vertex -62.34214782714844 -1.9509031772613525 1
    vertex -62.580596923828125 -2.9028468132019043 2
    vertex -62.34214782714844 -1.9509031772613525 2
  endloop
endfacet
facet normal 0 0 0
  outer loop
    vertex -62.19815444946289 -0.9801713824272156 1
    vertex -62.34214782714844 -1.9509031772613525 2
    vertex -62.19815444946289 -0.9801713824272156 2
  endloop
endfacet
facet normal 0 0 0
  outer loop
    vertex -62.19815444946289 -0.9801713824272156 1
    vertex -62.19815444946289 -0.9801713824272156 2
    vertex -62.150001525878906 0 1
  endloop
endfacet
facet normal 0 0 0
  outer loop
    vertex -62.19815444946289 -0.9801713824272156 2
    vertex -62.150001525878906 0 2
    vertex -62.150001525878906 0 1
  endloop
endfacet
facet normal 0 0 0
  outer loop
    vertex -65.80606842041016 -7.730104446411133 1
    vertex -65.07893371582031 7.071067810058594 1
    vertex -65.80606842041016 7.730104446411133 1
  endloop
endfacet
facet normal 0 0 0
  outer loop
    vertex -62.580596923828125 -2.9028468132019043 1
    vertex -62.34214782714844 1.9509031772613525 1
    vertex -62.580596923828125 2.9028468132019043 1
  endloop
endfacet
facet normal 0 0 0
  outer loop
    vertex -62.91120529174805 -3.8268344402313232 1
    vertex -62.580596923828125 2.9028468132019043 1
    vertex -62.91120529174805 3.8268344402313232 1
  endloop
endfacet
facet normal 0 0 0
  outer loop
    vertex -62.19815444946289 -0.9801713824272156 1
    vertex -62.150001525878906 0 1
    vertex -62.19815444946289 0.9801713824272156 1
  endloop
endfacet
facet normal 0 0 0
  outer loop
    vertex -62.34214782714844 -1.9509031772613525 1
    vertex -62.19815444946289 0.9801713824272156 1
    vertex -62.34214782714844 1.9509031772613525 1
  endloop
endfacet
facet normal 0 0 0
  outer loop
    vertex -64.4198989868164 -6.343932628631592 1
    vertex -63.835304260253906 5.555702209472656 1
    vertex -64.4198989868164 6.343932628631592 1
  endloop
endfacet
facet normal 0 0 0
  outer loop
    vertex -63.330787658691406 -4.713967323303223 1
    vertex -62.91120529174805 3.8268344402313232 1
    vertex -63.330787658691406 4.713967323303223 1
  endloop
endfacet
facet normal 0 0 0
  outer loop
    vertex -63.835304260253906 -5.555702209472656 1
    vertex -63.330787658691406 4.713967323303223 1
    vertex -63.835304260253906 5.555702209472656 1
  endloop
endfacet
facet normal 0 0 0
  outer loop
    vertex -65.07893371582031 -7.071067810058594 1
    vertex -64.4198989868164 6.343932628631592 1
    vertex -65.07893371582031 7.071067810058594 1
  endloop
endfacet
facet normal 0 0 0
  outer loop
    vertex -62.150001525878906 0 1
    vertex -62.150001525878906 0 2
    vertex -62.19815444946289 0.9801713824272156 1
  endloop
endfacet
facet normal 0 0 0
  outer loop
    vertex -62.19815444946289 0.9801713824272156 1
    vertex -62.150001525878906 0 2
    vertex -62.19815444946289 0.9801713824272156 2
  endloop
endfacet
facet normal 0 0 0
  outer loop
    vertex -62.34214782714844 1.9509031772613525 1
    vertex -62.34214782714844 1.9509031772613525 2
    vertex -62.580596923828125 2.9028468132019043 1
  endloop
endfacet
facet normal 0 0 0
  outer loop
    vertex -62.19815444946289 0.9801713824272156 1
    vertex -62.19815444946289 0.9801713824272156 2
    vertex -62.34214782714844 1.9509031772613525 1
  endloop
endfacet
facet normal 0 0 0
  outer loop
    vertex -62.34214782714844 1.9509031772613525 1
    vertex -62.19815444946289 0.9801713824272156 2
    vertex -62.34214782714844 1.9509031772613525 2
  endloop
endfacet
facet normal 0 0 0
  outer loop
    vertex -69.24715423583984 -9.569403648376465 1
    vertex -68.32316589355469 9.238795280456543 1
    vertex -69.24715423583984 9.569403648376465 1
  endloop
endfacet
facet normal 0 0 0
  outer loop
    vertex -68.32316589355469 -9.238795280456543 1
    vertex -67.43603515625 8.819212913513184 1
    vertex -68.32316589355469 9.238795280456543 1
  endloop
endfacet
facet normal 0 0 0
  outer loop
    vertex -70.1990966796875 -9.807852745056152 1
    vertex -69.24715423583984 9.569403648376465 1
    vertex -70.1990966796875 9.807852745056152 1
  endloop
endfacet
facet normal 0 0 0
  outer loop
    vertex -67.43603515625 -8.819212913513184 1
    vertex -66.59429931640625 8.314696311950684 1
    vertex -67.43603515625 8.819212913513184 1
  endloop
endfacet
facet normal 0 0 0
  outer loop
    vertex -66.59429931640625 -8.314696311950684 1
    vertex -65.80606842041016 7.730104446411133 1
    vertex -66.59429931640625 8.314696311950684 1
  endloop
endfacet
facet normal 0 0 0
  outer loop
    vertex -62.580596923828125 2.9028468132019043 1
    vertex -62.580596923828125 2.9028468132019043 2
    vertex -62.91120529174805 3.8268344402313232 1
  endloop
endfacet
facet normal 0 0 0
  outer loop
    vertex -62.580596923828125 2.9028468132019043 1
    vertex -62.34214782714844 1.9509031772613525 2
    vertex -62.580596923828125 2.9028468132019043 2
  endloop
endfacet
facet normal 0 0 0
  outer loop
    vertex -62.91120529174805 3.8268344402313232 1
    vertex -62.580596923828125 2.9028468132019043 2
    vertex -62.91120529174805 3.8268344402313232 2
  endloop
endfacet
facet normal 0 0 0
  outer loop
    vertex -62.91120529174805 3.8268344402313232 1
    vertex -62.91120529174805 3.8268344402313232 2
    vertex -63.330787658691406 4.713967323303223 1
  endloop
endfacet
facet normal 0 0 0
  outer loop
    vertex -63.330787658691406 4.713967323303223 1
    vertex -63.330787658691406 4.713967323303223 2
    vertex -63.835304260253906 5.555702209472656 1
  endloop
endfacet
facet normal 0 0 0
  outer loop
    vertex -63.330787658691406 4.713967323303223 1
    vertex -62.91120529174805 3.8268344402313232 2
    vertex -63.330787658691406 4.713967323303223 2
  endloop
endfacet
facet normal 0 0 0
  outer loop
    vertex -65.07893371582031 7.071067810058594 1
    vertex -65.07893371582031 7.071067810058594 2
    vertex -65.80606842041016 7.730104446411133 1
  endloop
endfacet
facet normal 0 0 0
  outer loop
    vertex -63.835304260253906 5.555702209472656 1
    vertex -63.835304260253906 5.555702209472656 2
    vertex -64.4198989868164 6.343932628631592 1
  endloop
endfacet
facet normal 0 0 0
  outer loop
    vertex -63.330787658691406 4.713967323303223 2
    vertex -63.835304260253906 5.555702209472656 2
    vertex -63.835304260253906 5.555702209472656 1
  endloop
endfacet
facet normal 0 0 0
  outer loop
    vertex -64.4198989868164 6.343932628631592 1
    vertex -63.835304260253906 5.555702209472656 2
    vertex -64.4198989868164 6.343932628631592 2
  endloop
endfacet
facet normal 0 0 0
  outer loop
    vertex -65.07893371582031 7.071067810058594 1
    vertex -64.4198989868164 6.343932628631592 1
    vertex -64.4198989868164 6.343932628631592 2
  endloop
endfacet
facet normal 0 0 0
  outer loop
    vertex -65.07893371582031 7.071067810058594 1
    vertex -64.4198989868164 6.343932628631592 2
    vertex -65.07893371582031 7.071067810058594 2
  endloop
endfacet
facet normal 0 0 0
  outer loop
    vertex -65.80606842041016 7.730104446411133 1
    vertex -65.80606842041016 7.730104446411133 2
    vertex -66.59429931640625 8.314696311950684 1
  endloop
endfacet
facet normal 0 0 0
  outer loop
    vertex -66.59429931640625 8.314696311950684 1
    vertex -66.59429931640625 8.314696311950684 2
    vertex -67.43603515625 8.819212913513184 1
  endloop
endfacet
facet normal 0 0 0
  outer loop
    vertex -66.59429931640625 8.314696311950684 1
    vertex -65.80606842041016 7.730104446411133 2
    vertex -66.59429931640625 8.314696311950684 2
  endloop
endfacet
facet normal 0 0 0
  outer loop
    vertex -65.80606842041016 7.730104446411133 1
    vertex -65.07893371582031 7.071067810058594 2
    vertex -65.80606842041016 7.730104446411133 2
  endloop
endfacet
facet normal 0 0 0
  outer loop
    vertex -67.43603515625 8.819212913513184 1
    vertex -66.59429931640625 8.314696311950684 2
    vertex -67.43603515625 8.819212913513184 2
  endloop
endfacet
facet normal 0 0 0
  outer loop
    vertex -68.32316589355469 9.238795280456543 1
    vertex -67.43603515625 8.819212913513184 1
    vertex -67.43603515625 8.819212913513184 2
  endloop
endfacet
facet normal 0 0 0
  outer loop
    vertex -68.32316589355469 9.238795280456543 1
    vertex -68.32316589355469 9.238795280456543 2
    vertex -69.24715423583984 9.569403648376465 1
  endloop
endfacet
facet normal 0 0 0
  outer loop
    vertex -70.1990966796875 9.807852745056152 1
    vertex -69.24715423583984 9.569403648376465 1
    vertex -69.24715423583984 9.569403648376465 2
  endloop
endfacet
facet normal 0 0 0
  outer loop
    vertex -68.32316589355469 9.238795280456543 1
    vertex -67.43603515625 8.819212913513184 2
    vertex -68.32316589355469 9.238795280456543 2
  endloop
endfacet
facet normal 0 0 0
  outer loop
    vertex -69.24715423583984 9.569403648376465 1
    vertex -68.32316589355469 9.238795280456543 2
    vertex -69.24715423583984 9.569403648376465 2
  endloop
endfacet
facet normal 0 0 0
  outer loop
    vertex -70.1990966796875 9.807852745056152 1
    vertex -69.24715423583984 9.569403648376465 2
    vertex -70.1990966796875 9.807852745056152 2
  endloop
endfacet
facet normal 0 0 0
  outer loop
    vertex -115.11666870117188 -2 0.8999999761581421
    vertex -114.1500015258789 -2 0.8999999761581421
    vertex -114.1500015258789 -0.5 0.8999999761581421
  endloop
endfacet
facet normal 0 0 0
  outer loop
    vertex -115.1500015258789 -3 0.8999999761581421
    vertex -115.11666870117188 -2 0.8999999761581421
    vertex -115.1500015258789 2 0.8999999761581421
  endloop
endfacet
facet normal 0 0 0
  outer loop
    vertex -115.11666870117188 -2 0.8999999761581421
    vertex -114.1500015258789 -0.5 0.8999999761581421
    vertex -115.06666564941406 -0.5 0.8999999761581421
  endloop
endfacet
facet normal 0 0 0
  outer loop
    vertex -115.11666870117188 -2 0.8999999761581421
    vertex -115.06666564941406 -0.5 0.8999999761581421
    vertex -115.1500015258789 2 0.8999999761581421
  endloop
endfacet
facet normal 0 0 0
  outer loop
    vertex -114.1500015258789 -2 0.8999999761581421
    vertex -114.1500015258789 -2 2
    vertex -114.1500015258789 -0.5 0.8999999761581421
  endloop
endfacet
facet normal 0 0 0
  outer loop
    vertex -115.1500015258789 -3 0.8999999761581421
    vertex -115.1500015258789 2 2
    vertex -115.1500015258789 -3 2
  endloop
endfacet
facet normal 0 0 0
  outer loop
    vertex -114.1500015258789 -0.5 0.8999999761581421
    vertex -114.1500015258789 -2 2
    vertex -114.1500015258789 -0.5 2
  endloop
endfacet
facet normal 0 0 0
  outer loop
    vertex -115.06666564941406 -0.5 0.8999999761581421
    vertex -115.03333282470703 0.5 0.8999999761581421
    vertex -115.1500015258789 2 0.8999999761581421
  endloop
endfacet
facet normal 0 0 0
  outer loop
    vertex -115.03333282470703 0.5 0.8999999761581421
    vertex -114.1500015258789 0.5 0.8999999761581421
    vertex -114.1500015258789 2 0.8999999761581421
  endloop
endfacet
facet normal 0 0 0
  outer loop
    vertex -115.03333282470703 0.5 0.8999999761581421
    vertex -114.98332977294922 2 0.8999999761581421
    vertex -115.1500015258789 2 0.8999999761581421
  endloop
endfacet
facet normal 0 0 0
  outer loop
    vertex -115.03333282470703 0.5 0.8999999761581421
    vertex -114.1500015258789 2 0.8999999761581421
    vertex -114.98332977294922 2 0.8999999761581421
  endloop
endfacet
facet normal 0 0 0
  outer loop
    vertex -115.1500015258789 -3 0.8999999761581421
    vertex -115.1500015258789 2 0.8999999761581421
    vertex -115.1500015258789 2 2
  endloop
endfacet
facet normal 0 0 0
  outer loop
    vertex -114.1500015258789 0.5 0.8999999761581421
    vertex -114.1500015258789 0.5 2
    vertex -114.1500015258789 2 0.8999999761581421
  endloop
endfacet
facet normal 0 0 0
  outer loop
    vertex -114.1500015258789 2 0.8999999761581421
    vertex -114.1500015258789 0.5 2
    vertex -114.1500015258789 2 2
  endloop
endfacet
facet normal 0 0 0
  outer loop
    vertex -115.1500015258789 -3 0.8999999761581421
    vertex -112.1500015258789 -3 0.8999999761581421
    vertex -115.11666870117188 -2 0.8999999761581421
  endloop
endfacet
facet normal 0 0 0
  outer loop
    vertex -115.1500015258789 -3 0.8999999761581421
    vertex -115.08653259277344 -3 2
    vertex -112.1500015258789 -3 0.8999999761581421
  endloop
endfacet
facet normal 0 0 0
  outer loop
    vertex -115.1500015258789 -3 0.8999999761581421
    vertex -115.1500015258789 -3 2
    vertex -115.08653259277344 -3 2
  endloop
endfacet
facet normal 0 0 0
  outer loop
    vertex -112.1500015258789 -3 0.8999999761581421
    vertex -115.08653259277344 -3 2
    vertex -112.1500015258789 -3 2
  endloop
endfacet
facet normal 0 0 0
  outer loop
    vertex -112.1500015258789 -3 0.8999999761581421
    vertex -114.1500015258789 -2 0.8999999761581421
    vertex -115.11666870117188 -2 0.8999999761581421
  endloop
endfacet
facet normal 0 0 0
  outer loop
    vertex -112.1500015258789 -3 0.8999999761581421
    vertex -112.1500015258789 -2 0.8999999761581421
    vertex -114.1500015258789 -2 0.8999999761581421
  endloop
endfacet
facet normal 0 0 0
  outer loop
    vertex -114.1500015258789 -2 0.8999999761581421
    vertex -112.1500015258789 -2 0.8999999761581421
    vertex -112.1500015258789 -2 2
  endloop
endfacet
facet normal 0 0 0
  outer loop
    vertex -114.1500015258789 -2 0.8999999761581421
    vertex -112.1500015258789 -2 2
    vertex -114.1500015258789 -2 2
  endloop
endfacet
facet normal 0 0 0
  outer loop
    vertex -115.06666564941406 -0.5 0.8999999761581421
    vertex -114.1500015258789 -0.5 0.8999999761581421
    vertex -115.03333282470703 0.5 0.8999999761581421
  endloop
endfacet
facet normal 0 0 0
  outer loop
    vertex -114.1500015258789 -0.5 0.8999999761581421
    vertex -112.1500015258789 -0.5 0.8999999761581421
    vertex -115.03333282470703 0.5 0.8999999761581421
  endloop
endfacet
facet normal 0 0 0
  outer loop
    vertex -114.1500015258789 -0.5 0.8999999761581421
    vertex -114.1500015258789 -0.5 2
    vertex -112.1500015258789 -0.5 0.8999999761581421
  endloop
endfacet
facet normal 0 0 0
  outer loop
    vertex -112.1500015258789 -0.5 0.8999999761581421
    vertex -114.1500015258789 -0.5 2
    vertex -112.1500015258789 -0.5 2
  endloop
endfacet
facet normal 0 0 0
  outer loop
    vertex -112.1500015258789 -0.5 0.8999999761581421
    vertex -114.1500015258789 0.5 0.8999999761581421
    vertex -115.03333282470703 0.5 0.8999999761581421
  endloop
endfacet
facet normal 0 0 0
  outer loop
    vertex -112.1500015258789 -0.5 0.8999999761581421
    vertex -112.1500015258789 0 0.8999999761581421
    vertex -114.1500015258789 0.5 0.8999999761581421
  endloop
endfacet
facet normal 0 0 0
  outer loop
    vertex -114.1500015258789 0.5 0.8999999761581421
    vertex -112.1500015258789 0 0.8999999761581421
    vertex -112.1500015258789 0.5 0.8999999761581421
  endloop
endfacet
facet normal 0 0 0
  outer loop
    vertex -114.1500015258789 0.5 0.8999999761581421
    vertex -112.1500015258789 0.5 0.8999999761581421
    vertex -112.1500015258789 0.5 2
  endloop
endfacet
facet normal 0 0 0
  outer loop
    vertex -114.1500015258789 0.5 0.8999999761581421
    vertex -112.1500015258789 0.5 2
    vertex -114.1500015258789 0.5 2
  endloop
endfacet
facet normal 0 0 0
  outer loop
    vertex -115.1500015258789 2 0.8999999761581421
    vertex -114.98332977294922 2 0.8999999761581421
    vertex -115.1500015258789 3 0.8999999761581421
  endloop
endfacet
facet normal 0 0 0
  outer loop
    vertex -114.98332977294922 2 0.8999999761581421
    vertex -114.1500015258789 2 0.8999999761581421
    vertex -115.1500015258789 3 0.8999999761581421
  endloop
endfacet
facet normal 0 0 0
  outer loop
    vertex -114.1500015258789 2 0.8999999761581421
    vertex -112.1500015258789 2 0.8999999761581421
    vertex -115.1500015258789 3 0.8999999761581421
  endloop
endfacet
facet normal 0 0 0
  outer loop
    vertex -114.1500015258789 2 0.8999999761581421
    vertex -114.1500015258789 2 2
    vertex -112.1500015258789 2 0.8999999761581421
  endloop
endfacet
facet normal 0 0 0
  outer loop
    vertex -115.1500015258789 2 0.8999999761581421
    vertex -115.1500015258789 3 2
    vertex -115.1500015258789 2 2
  endloop
endfacet
facet normal 0 0 0
  outer loop
    vertex -112.1500015258789 2 0.8999999761581421
    vertex -114.1500015258789 2 2
    vertex -112.1500015258789 2 2
  endloop
endfacet
facet normal 0 0 0
  outer loop
    vertex -112.1500015258789 2 0.8999999761581421
    vertex -112.1500015258789 3 0.8999999761581421
    vertex -115.1500015258789 3 0.8999999761581421
  endloop
endfacet
facet normal 0 0 0
  outer loop
    vertex -115.1500015258789 2 0.8999999761581421
    vertex -115.1500015258789 3 0.8999999761581421
    vertex -115.1500015258789 3 2
  endloop
endfacet
facet normal 0 0 0
  outer loop
    vertex -115.1500015258789 3 0.8999999761581421
    vertex -112.1500015258789 3 0.8999999761581421
    vertex -112.1500015258789 3 2
  endloop
endfacet
facet normal 0 0 0
  outer loop
    vertex -115.1500015258789 3 0.8999999761581421
    vertex -114.81105041503906 3 2
    vertex -115.1500015258789 3 2
  endloop
endfacet
facet normal 0 0 0
  outer loop
    vertex -115.1500015258789 3 0.8999999761581421
    vertex -112.1500015258789 3 2
    vertex -114.81105041503906 3 2
  endloop
endfacet
facet normal 0 0 0
  outer loop
    vertex -112.1500015258789 -3 0.8999999761581421
    vertex -111.1500015258789 -3 0.8999999761581421
    vertex -112.1500015258789 -2 0.8999999761581421
  endloop
endfacet
facet normal 0 0 0
  outer loop
    vertex -112.1500015258789 -3 0.8999999761581421
    vertex -112.1500015258789 -3 2
    vertex -111.1500015258789 -3 0.8999999761581421
  endloop
endfacet
facet normal 0 0 0
  outer loop
    vertex -111.1500015258789 -3 0.8999999761581421
    vertex -112.1500015258789 -3 2
    vertex -111.1500015258789 -3 2
  endloop
endfacet
facet normal 0 0 0
  outer loop
    vertex -111.1500015258789 -3 0.8999999761581421
    vertex -112.1500015258789 -0.5 0.8999999761581421
    vertex -112.1500015258789 -2 0.8999999761581421
  endloop
endfacet
facet normal 0 0 0
  outer loop
    vertex -111.1500015258789 -3 0.8999999761581421
    vertex -112.1500015258789 0 0.8999999761581421
    vertex -112.1500015258789 -0.5 0.8999999761581421
  endloop
endfacet
facet normal 0 0 0
  outer loop
    vertex -111.1500015258789 -3 0.8999999761581421
    vertex -111.1500015258789 0 0.8999999761581421
    vertex -112.1500015258789 0 0.8999999761581421
  endloop
endfacet
facet normal 0 0 0
  outer loop
    vertex -111.1500015258789 -3 0.8999999761581421
    vertex -111.1500015258789 -3 2
    vertex -111.1500015258789 0 0.8999999761581421
  endloop
endfacet
facet normal 0 0 0
  outer loop
    vertex -112.1500015258789 -2 0.8999999761581421
    vertex -112.1500015258789 -0.5 2
    vertex -112.1500015258789 -2 2
  endloop
endfacet
facet normal 0 0 0
  outer loop
    vertex -112.1500015258789 -2 0.8999999761581421
    vertex -112.1500015258789 -0.5 0.8999999761581421
    vertex -112.1500015258789 -0.5 2
  endloop
endfacet
facet normal 0 0 0
  outer loop
    vertex -111.1500015258789 -3 2
    vertex -111.1500015258789 0 2
    vertex -111.1500015258789 0 0.8999999761581421
  endloop
endfacet
facet normal 0 0 0
  outer loop
    vertex -112.1500015258789 0 0.8999999761581421
    vertex -111.1500015258789 0 0.8999999761581421
    vertex -112.1500015258789 0.5 0.8999999761581421
  endloop
endfacet
facet normal 0 0 0
  outer loop
    vertex -111.1500015258789 0 0.8999999761581421
    vertex -112.1500015258789 2 0.8999999761581421
    vertex -112.1500015258789 0.5 0.8999999761581421
  endloop
endfacet
facet normal 0 0 0
  outer loop
    vertex -111.1500015258789 0 0.8999999761581421
    vertex -112.1500015258789 3 0.8999999761581421
    vertex -112.1500015258789 2 0.8999999761581421
  endloop
endfacet
facet normal 0 0 0
  outer loop
    vertex -111.1500015258789 0 0.8999999761581421
    vertex -111.1500015258789 3 0.8999999761581421
    vertex -112.1500015258789 3 0.8999999761581421
  endloop
endfacet
facet normal 0 0 0
  outer loop
    vertex -111.1500015258789 0 0.8999999761581421
    vertex -111.1500015258789 0 2
    vertex -111.1500015258789 3 0.8999999761581421
  endloop
endfacet
facet normal 0 0 0
  outer loop
    vertex -112.1500015258789 0.5 0.8999999761581421
    vertex -112.1500015258789 2 2
    vertex -112.1500015258789 0.5 2
  endloop
endfacet
facet normal 0 0 0
  outer loop
    vertex -112.1500015258789 0.5 0.8999999761581421
    vertex -112.1500015258789 2 0.8999999761581421
    vertex -112.1500015258789 2 2
  endloop
endfacet
facet normal 0 0 0
  outer loop
    vertex -111.1500015258789 3 0.8999999761581421
    vertex -111.1500015258789 0 2
    vertex -111.1500015258789 3 2
  endloop
endfacet
facet normal 0 0 0
  outer loop
    vertex -112.1500015258789 3 0.8999999761581421
    vertex -111.1500015258789 3 0.8999999761581421
    vertex -111.1500015258789 3 2
  endloop
endfacet
facet normal 0 0 0
  outer loop
    vertex -112.1500015258789 3 0.8999999761581421
    vertex -111.1500015258789 3 2
    vertex -112.1500015258789 3 2
  endloop
endfacet
facet normal 0 0 0
  outer loop
    vertex -109.94999694824219 -3 0.8999999761581421
    vertex -109.94999694824219 -3 2
    vertex -108.94999694824219 -3 0.8999999761581421
  endloop
endfacet
facet normal 0 0 0
  outer loop
    vertex -108.94999694824219 -3 0.8999999761581421
    vertex -109.94999694824219 -3 2
    vertex -108.94999694824219 -3 2
  endloop
endfacet
facet normal 0 0 0
  outer loop
    vertex -109.94999694824219 -3 0.8999999761581421
    vertex -109.08043670654297 -2.2173912525177 0.8999999761581421
    vertex -109.94999694824219 3 0.8999999761581421
  endloop
endfacet
facet normal 0 0 0
  outer loop
    vertex -109.08043670654297 -2.2173912525177 0.8999999761581421
    vertex -108.94999694824219 -2 0.8999999761581421
    vertex -108.94999694824219 2 0.8999999761581421
  endloop
endfacet
facet normal 0 0 0
  outer loop
    vertex -108.94999694824219 -2 0.8999999761581421
    vertex -108.94999694824219 -2 2
    vertex -108.94999694824219 2 0.8999999761581421
  endloop
endfacet
facet normal 0 0 0
  outer loop
    vertex -109.94999694824219 -3 0.8999999761581421
    vertex -109.94999694824219 3 2
    vertex -109.94999694824219 -3 2
  endloop
endfacet
facet normal 0 0 0
  outer loop
    vertex -109.08043670654297 -2.2173912525177 0.8999999761581421
    vertex -108.94999694824219 2 0.8999999761581421
    vertex -109.94999694824219 3 0.8999999761581421
  endloop
endfacet
facet normal 0 0 0
  outer loop
    vertex -109.94999694824219 -3 0.8999999761581421
    vertex -109.94999694824219 3 0.8999999761581421
    vertex -109.94999694824219 3 2
  endloop
endfacet
facet normal 0 0 0
  outer loop
    vertex -108.94999694824219 -2 2
    vertex -108.94999694824219 2 2
    vertex -108.94999694824219 2 0.8999999761581421
  endloop
endfacet
facet normal 0 0 0
  outer loop
    vertex -108.94999694824219 2 0.8999999761581421
    vertex -108.94999694824219 3 0.8999999761581421
    vertex -109.94999694824219 3 0.8999999761581421
  endloop
endfacet
facet normal 0 0 0
  outer loop
    vertex -109.94999694824219 3 0.8999999761581421
    vertex -108.94999694824219 3 0.8999999761581421
    vertex -108.94999694824219 3 2
  endloop
endfacet
facet normal 0 0 0
  outer loop
    vertex -109.94999694824219 3 0.8999999761581421
    vertex -108.94999694824219 3 2
    vertex -109.94999694824219 3 2
  endloop
endfacet
facet normal 0 0 0
  outer loop
    vertex -106.94999694824219 -3 0.8999999761581421
    vertex -105.94999694824219 -3 0.8999999761581421
    vertex -106.94999694824219 -2 0.8999999761581421
  endloop
endfacet
facet normal 0 0 0
  outer loop
    vertex -106.94999694824219 -3 0.8999999761581421
    vertex -106.94999694824219 -3 2
    vertex -105.94999694824219 -3 0.8999999761581421
  endloop
endfacet
facet normal 0 0 0
  outer loop
    vertex -105.94999694824219 -3 0.8999999761581421
    vertex -106.94999694824219 -3 2
    vertex -105.94999694824219 -3 2
  endloop
endfacet
facet normal 0 0 0
  outer loop
    vertex -105.94999694824219 -3 0.8999999761581421
    vertex -106.94999694824219 2 0.8999999761581421
    vertex -106.94999694824219 -2 0.8999999761581421
  endloop
endfacet
facet normal 0 0 0
  outer loop
    vertex -105.94999694824219 -3 0.8999999761581421
    vertex -105.94999694824219 -2 0.8999999761581421
    vertex -106.94999694824219 2.25 0.8999999761581421
  endloop
endfacet
facet normal 0 0 0
  outer loop
    vertex -106.94999694824219 -2 0.8999999761581421
    vertex -106.94999694824219 2 2
    vertex -106.94999694824219 -2 2
  endloop
endfacet
facet normal 0 0 0
  outer loop
    vertex -105.94999694824219 -2 0.8999999761581421
    vertex -105.94999694824219 -2 2
    vertex -105.94999694824219 2 1.100000023841858
  endloop
endfacet
facet normal 0 0 0
  outer loop
    vertex -105.94999694824219 -3 0.8999999761581421
    vertex -106.94999694824219 2.25 0.8999999761581421
    vertex -106.94999694824219 2 0.8999999761581421
  endloop
endfacet
facet normal 0 0 0
  outer loop
    vertex -105.94999694824219 -2 0.8999999761581421
    vertex -105.94999694824219 2 0.8999999761581421
    vertex -106.94999694824219 2.25 0.8999999761581421
  endloop
endfacet
facet normal 0 0 0
  outer loop
    vertex -105.94999694824219 -2 0.8999999761581421
    vertex -105.94999694824219 2 1.100000023841858
    vertex -105.94999694824219 2 0.8999999761581421
  endloop
endfacet
facet normal 0 0 0
  outer loop
    vertex -106.94999694824219 -2 0.8999999761581421
    vertex -106.94999694824219 2 0.8999999761581421
    vertex -106.94999694824219 2 2
  endloop
endfacet
facet normal 0 0 0
  outer loop
    vertex -105.94999694824219 -2 2
    vertex -105.94999694824219 2.454545497894287 1.5545454025268555
    vertex -105.94999694824219 2 1.100000023841858
  endloop
endfacet
facet normal 0 0 0
  outer loop
    vertex -106.52143096923828 3 1.414285659790039
    vertex -105.94999694824219 3 1.5
    vertex -105.94999694824219 3 2
  endloop
endfacet
facet normal 0 0 0
  outer loop
    vertex -106.52143096923828 3 1.414285659790039
    vertex -105.94999694824219 3 2
    vertex -106.94999694824219 3 1.7999999523162842
  endloop
endfacet
facet normal 0 0 0
  outer loop
    vertex -105.94999694824219 2.454545497894287 1.5545454025268555
    vertex -105.94999694824219 3 2
    vertex -105.94999694824219 3 1.5
  endloop
endfacet
facet normal 0 0 0
  outer loop
    vertex -105.94999694824219 -2 2
    vertex -105.94999694824219 3 2
    vertex -105.94999694824219 2.454545497894287 1.5545454025268555
  endloop
endfacet
facet normal 0 0 0
  outer loop
    vertex -106.94999694824219 3 1.7999999523162842
    vertex -105.94999694824219 3 2
    vertex -106.94999694824219 3 2
  endloop
endfacet
facet normal 0 0 0
  outer loop
    vertex -109.94999694824219 -3 0.8999999761581421
    vertex -108.94999694824219 -3 0.8999999761581421
    vertex -109.08043670654297 -2.2173912525177 0.8999999761581421
  endloop
endfacet
facet normal 0 0 0
  outer loop
    vertex -108.94999694824219 -3 0.8999999761581421
    vertex -106.94999694824219 -3 0.8999999761581421
    vertex -109.08043670654297 -2.2173912525177 0.8999999761581421
  endloop
endfacet
facet normal 0 0 0
  outer loop
    vertex -108.94999694824219 -3 0.8999999761581421
    vertex -108.94999694824219 -3 2
    vertex -106.94999694824219 -3 0.8999999761581421
  endloop
endfacet
facet normal 0 0 0
  outer loop
    vertex -106.94999694824219 -3 0.8999999761581421
    vertex -108.94999694824219 -3 2
    vertex -106.94999694824219 -3 2
  endloop
endfacet
facet normal 0 0 0
  outer loop
    vertex -105.94999694824219 -3 0.8999999761581421
    vertex -105.94999694824219 -3 2
    vertex -105.94999694824219 -2 0.8999999761581421
  endloop
endfacet
facet normal 0 0 0
  outer loop
    vertex -106.94999694824219 -3 0.8999999761581421
    vertex -108.94999694824219 -2 0.8999999761581421
    vertex -109.08043670654297 -2.2173912525177 0.8999999761581421
  endloop
endfacet
facet normal 0 0 0
  outer loop
    vertex -106.94999694824219 -3 0.8999999761581421
    vertex -106.94999694824219 -2 0.8999999761581421
    vertex -108.94999694824219 -2 0.8999999761581421
  endloop
endfacet
facet normal 0 0 0
  outer loop
    vertex -108.94999694824219 -2 0.8999999761581421
    vertex -106.94999694824219 -2 0.8999999761581421
    vertex -106.94999694824219 -2 2
  endloop
endfacet
facet normal 0 0 0
  outer loop
    vertex -108.94999694824219 -2 0.8999999761581421
    vertex -106.94999694824219 -2 2
    vertex -108.94999694824219 -2 2
  endloop
endfacet
facet normal 0 0 0
  outer loop
    vertex -105.94999694824219 -2 0.8999999761581421
    vertex -105.94999694824219 -3 2
    vertex -105.94999694824219 -2 2
  endloop
endfacet
facet normal 0 0 0
  outer loop
    vertex -108.94999694824219 2 0.8999999761581421
    vertex -106.94999694824219 2 0.8999999761581421
    vertex -106.94999694824219 2.25 0.8999999761581421
  endloop
endfacet
facet normal 0 0 0
  outer loop
    vertex -108.94999694824219 2 0.8999999761581421
    vertex -106.94999694824219 2.25 0.8999999761581421
    vertex -108.94999694824219 3 0.8999999761581421
  endloop
endfacet
facet normal 0 0 0
  outer loop
    vertex -106.94999694824219 2.25 0.8999999761581421
    vertex -105.94999694824219 2 0.8999999761581421
    vertex -105.94999694824219 3 0.8999999761581421
  endloop
endfacet
facet normal 0 0 0
  outer loop
    vertex -105.94999694824219 2 0.8999999761581421
    vertex -105.94999694824219 2.454545497894287 1.5545454025268555
    vertex -105.94999694824219 3 0.8999999761581421
  endloop
endfacet
facet normal 0 0 0
  outer loop
    vertex -108.94999694824219 2 0.8999999761581421
    vertex -108.94999694824219 2 2
    vertex -106.94999694824219 2 0.8999999761581421
  endloop
endfacet
facet normal 0 0 0
  outer loop
    vertex -106.94999694824219 2 0.8999999761581421
    vertex -108.94999694824219 2 2
    vertex -106.94999694824219 2 2
  endloop
endfacet
facet normal 0 0 0
  outer loop
    vertex -105.94999694824219 2 0.8999999761581421
    vertex -105.94999694824219 2 1.100000023841858
    vertex -105.94999694824219 2.454545497894287 1.5545454025268555
  endloop
endfacet
facet normal 0 0 0
  outer loop
    vertex -106.94999694824219 2.25 0.8999999761581421
    vertex -105.94999694824219 3 0.8999999761581421
    vertex -108.94999694824219 3 0.8999999761581421
  endloop
endfacet
facet normal 0 0 0
  outer loop
    vertex -108.94999694824219 3 0.8999999761581421
    vertex -105.94999694824219 3 0.8999999761581421
    vertex -106.52143096923828 3 1.414285659790039
  endloop
endfacet
facet normal 0 0 0
  outer loop
    vertex -105.94999694824219 3 0.8999999761581421
    vertex -105.94999694824219 3 1.5
    vertex -106.52143096923828 3 1.414285659790039
  endloop
endfacet
facet normal 0 0 0
  outer loop
    vertex -108.94999694824219 3 0.8999999761581421
    vertex -106.52143096923828 3 1.414285659790039
    vertex -106.94999694824219 3 1.7999999523162842
  endloop
endfacet
facet normal 0 0 0
  outer loop
    vertex -108.94999694824219 3 0.8999999761581421
    vertex -106.94999694824219 3 1.7999999523162842
    vertex -106.94999694824219 3 2
  endloop
endfacet
facet normal 0 0 0
  outer loop
    vertex -108.94999694824219 3 0.8999999761581421
    vertex -106.94999694824219 3 2
    vertex -108.94999694824219 3 2
  endloop
endfacet
facet normal 0 0 0
  outer loop
    vertex -105.94999694824219 2.454545497894287 1.5545454025268555
    vertex -105.94999694824219 3 1.5
    vertex -105.94999694824219 3 0.8999999761581421
  endloop
endfacet
facet normal 0 0 0
  outer loop
    vertex -104.75 2 0.8999999761581421
    vertex -103.25 2 0.8999999761581421
    vertex -103.25 2.625 0.8999999761581421
  endloop
endfacet
facet normal 0 0 0
  outer loop
    vertex -102.25 2 0.8999999761581421
    vertex -100.75 2 0.8999999761581421
    vertex -103.18478393554688 2.6086957454681396 0.8999999761581421
  endloop
endfacet
facet normal 0 0 0
  outer loop
    vertex -104.75 2 0.8999999761581421
    vertex -104.75 2 2
    vertex -103.25 2 0.8999999761581421
  endloop
endfacet
facet normal 0 0 0
  outer loop
    vertex -102.25 2 0.8999999761581421
    vertex -102.25 2 2
    vertex -100.75 2 0.8999999761581421
  endloop
endfacet
facet normal 0 0 0
  outer loop
    vertex -104.75 2 0.8999999761581421
    vertex -104.75 3 2
    vertex -104.75 2 2
  endloop
endfacet
facet normal 0 0 0
  outer loop
    vertex -103.25 2 0.8999999761581421
    vertex -104.75 2 2
    vertex -103.25 2 2
  endloop
endfacet
facet normal 0 0 0
  outer loop
    vertex -100.75 2 0.8999999761581421
    vertex -102.25 2 2
    vertex -100.75 2 2
  endloop
endfacet
facet normal 0 0 0
  outer loop
    vertex -104.75 2 0.8999999761581421
    vertex -103.25 2.625 0.8999999761581421
    vertex -104.75 3 0.8999999761581421
  endloop
endfacet
facet normal 0 0 0
  outer loop
    vertex -103.18478393554688 2.6086957454681396 0.8999999761581421
    vertex -100.75 3 0.8999999761581421
    vertex -103.25 2.625 0.8999999761581421
  endloop
endfacet
facet normal 0 0 0
  outer loop
    vertex -104.75 3 0.8999999761581421
    vertex -103.25 2.625 0.8999999761581421
    vertex -100.75 3 0.8999999761581421
  endloop
endfacet
facet normal 0 0 0
  outer loop
    vertex -103.18478393554688 2.6086957454681396 0.8999999761581421
    vertex -100.75 2 0.8999999761581421
    vertex -100.75 3 0.8999999761581421
  endloop
endfacet
facet normal 0 0 0
  outer loop
    vertex -104.75 2 0.8999999761581421
    vertex -104.75 3 0.8999999761581421
    vertex -104.75 3 2
  endloop
endfacet
facet normal 0 0 0
  outer loop
    vertex -104.75 3 0.8999999761581421
    vertex -100.75 3 0.8999999761581421
    vertex -100.75 3 2
  endloop
endfacet
facet normal 0 0 0
  outer loop
    vertex -104.75 3 0.8999999761581421
    vertex -100.75 3 2
    vertex -104.75 3 2
  endloop
endfacet
facet normal 0 0 0
  outer loop
    vertex -100.75 2 0.8999999761581421
    vertex -100.75 2 2
    vertex -100.75 3 0.8999999761581421
  endloop
endfacet
facet normal 0 0 0
  outer loop
    vertex -100.75 3 0.8999999761581421
    vertex -100.75 2 2
    vertex -100.75 3 2
  endloop
endfacet
facet normal 0 0 0
  outer loop
    vertex -103.25 -3 0.8999999761581421
    vertex -103.25 -3 2
    vertex -102.25 -3 0.8999999761581421
  endloop
endfacet
facet normal 0 0 0
  outer loop
    vertex -102.25 -3 0.8999999761581421
    vertex -103.25 -3 2
    vertex -102.25 -3 2
  endloop
endfacet
facet normal 0 0 0
  outer loop
    vertex -103.25 -3 0.8999999761581421
    vertex -102.25 -3 0.8999999761581421
    vertex -103.25 2 0.8999999761581421
  endloop
endfacet
facet normal 0 0 0
  outer loop
    vertex -102.25 -3 0.8999999761581421
    vertex -102.25 -3 2
    vertex -102.25 2 0.8999999761581421
  endloop
endfacet
facet normal 0 0 0
  outer loop
    vertex -103.25 -3 0.8999999761581421
    vertex -103.25 2 2
    vertex -103.25 -3 2
  endloop
endfacet
facet normal 0 0 0
  outer loop
    vertex -102.25 -3 0.8999999761581421
    vertex -103.18478393554688 2.6086957454681396 0.8999999761581421
    vertex -103.25 2 0.8999999761581421
  endloop
endfacet
facet normal 0 0 0
  outer loop
    vertex -102.25 -3 0.8999999761581421
    vertex -102.25 2 0.8999999761581421
    vertex -103.18478393554688 2.6086957454681396 0.8999999761581421
  endloop
endfacet
facet normal 0 0 0
  outer loop
    vertex -103.25 2 0.8999999761581421
    vertex -103.18478393554688 2.6086957454681396 0.8999999761581421
    vertex -103.25 2.625 0.8999999761581421
  endloop
endfacet
facet normal 0 0 0
  outer loop
    vertex -103.25 -3 0.8999999761581421
    vertex -103.25 2 0.8999999761581421
    vertex -103.25 2 2
  endloop
endfacet
facet normal 0 0 0
  outer loop
    vertex -102.25 -3 2
    vertex -102.25 2 2
    vertex -102.25 2 0.8999999761581421
  endloop
endfacet
facet normal 0 0 0
  outer loop
    vertex -99.55000305175781 2 0.8999999761581421
    vertex -98.05000305175781 2 0.8999999761581421
    vertex -98.05000305175781 2.625 0.8999999761581421
  endloop
endfacet
facet normal 0 0 0
  outer loop
    vertex -97.05000305175781 2 0.8999999761581421
    vertex -95.55000305175781 2 0.8999999761581421
    vertex -97.98477935791016 2.6086957454681396 0.8999999761581421
  endloop
endfacet
facet normal 0 0 0
  outer loop
    vertex -99.55000305175781 2 0.8999999761581421
    vertex -99.55000305175781 2 2
    vertex -98.05000305175781 2 0.8999999761581421
  endloop
endfacet
facet normal 0 0 0
  outer loop
    vertex -97.05000305175781 2 0.8999999761581421
    vertex -97.05000305175781 2 2
    vertex -95.55000305175781 2 0.8999999761581421
  endloop
endfacet
facet normal 0 0 0
  outer loop
    vertex -98.05000305175781 2 0.8999999761581421
    vertex -99.55000305175781 2 2
    vertex -98.05000305175781 2 2
  endloop
endfacet
facet normal 0 0 0
  outer loop
    vertex -99.55000305175781 2 0.8999999761581421
    vertex -99.55000305175781 3 2
    vertex -99.55000305175781 2 2
  endloop
endfacet
facet normal 0 0 0
  outer loop
    vertex -95.55000305175781 2 0.8999999761581421
    vertex -97.05000305175781 2 2
    vertex -95.55000305175781 2 2
  endloop
endfacet
facet normal 0 0 0
  outer loop
    vertex -95.55000305175781 2 0.8999999761581421
    vertex -95.55000305175781 2 2
    vertex -95.55000305175781 3 0.8999999761581421
  endloop
endfacet
facet normal 0 0 0
  outer loop
    vertex -99.55000305175781 2 0.8999999761581421
    vertex -98.05000305175781 2.625 0.8999999761581421
    vertex -99.55000305175781 3 0.8999999761581421
  endloop
endfacet
facet normal 0 0 0
  outer loop
    vertex -97.98477935791016 2.6086957454681396 0.8999999761581421
    vertex -95.55000305175781 3 0.8999999761581421
    vertex -98.05000305175781 2.625 0.8999999761581421
  endloop
endfacet
facet normal 0 0 0
  outer loop
    vertex -99.55000305175781 3 0.8999999761581421
    vertex -98.05000305175781 2.625 0.8999999761581421
    vertex -95.55000305175781 3 0.8999999761581421
  endloop
endfacet
facet normal 0 0 0
  outer loop
    vertex -95.55000305175781 2 0.8999999761581421
    vertex -95.55000305175781 3 0.8999999761581421
    vertex -97.98477935791016 2.6086957454681396 0.8999999761581421
  endloop
endfacet
facet normal 0 0 0
  outer loop
    vertex -99.55000305175781 2 0.8999999761581421
    vertex -99.55000305175781 3 0.8999999761581421
    vertex -99.55000305175781 3 2
  endloop
endfacet
facet normal 0 0 0
  outer loop
    vertex -99.55000305175781 3 0.8999999761581421
    vertex -95.55000305175781 3 0.8999999761581421
    vertex -95.55000305175781 3 2
  endloop
endfacet
facet normal 0 0 0
  outer loop
    vertex -99.55000305175781 3 0.8999999761581421
    vertex -95.55000305175781 3 2
    vertex -99.55000305175781 3 2
  endloop
endfacet
facet normal 0 0 0
  outer loop
    vertex -95.55000305175781 3 0.8999999761581421
    vertex -95.55000305175781 2 2
    vertex -95.55000305175781 3 2
  endloop
endfacet
facet normal 0 0 0
  outer loop
    vertex -98.05000305175781 -3 0.8999999761581421
    vertex -98.05000305175781 -3 2
    vertex -97.05000305175781 -3 0.8999999761581421
  endloop
endfacet
facet normal 0 0 0
  outer loop
    vertex -97.05000305175781 -3 0.8999999761581421
    vertex -98.05000305175781 -3 2
    vertex -97.05000305175781 -3 2
  endloop
endfacet
facet normal 0 0 0
  outer loop
    vertex -98.05000305175781 -3 0.8999999761581421
    vertex -97.05000305175781 -3 0.8999999761581421
    vertex -98.05000305175781 2 0.8999999761581421
  endloop
endfacet
facet normal 0 0 0
  outer loop
    vertex -97.05000305175781 -3 0.8999999761581421
    vertex -97.05000305175781 -3 2
    vertex -97.05000305175781 2 0.8999999761581421
  endloop
endfacet
facet normal 0 0 0
  outer loop
    vertex -98.05000305175781 -3 0.8999999761581421
    vertex -98.05000305175781 2 2
    vertex -98.05000305175781 -3 2
  endloop
endfacet
facet normal 0 0 0
  outer loop
    vertex -97.05000305175781 -3 0.8999999761581421
    vertex -97.98477935791016 2.6086957454681396 0.8999999761581421
    vertex -98.05000305175781 2 0.8999999761581421
  endloop
endfacet
facet normal 0 0 0
  outer loop
    vertex -97.05000305175781 -3 0.8999999761581421
    vertex -97.05000305175781 2 0.8999999761581421
    vertex -97.98477935791016 2.6086957454681396 0.8999999761581421
  endloop
endfacet
facet normal 0 0 0
  outer loop
    vertex -98.05000305175781 2 0.8999999761581421
    vertex -97.98477935791016 2.6086957454681396 0.8999999761581421
    vertex -98.05000305175781 2.625 0.8999999761581421
  endloop
endfacet
facet normal 0 0 0
  outer loop
    vertex -98.05000305175781 -3 0.8999999761581421
    vertex -98.05000305175781 2 0.8999999761581421
    vertex -98.05000305175781 2 2
  endloop
endfacet
facet normal 0 0 0
  outer loop
    vertex -97.05000305175781 -3 2
    vertex -97.05000305175781 2 2
    vertex -97.05000305175781 2 0.8999999761581421
  endloop
endfacet
facet normal 0 0 0
  outer loop
    vertex -94.3499984741211 -3 0.8999999761581421
    vertex -94.3499984741211 -3 2
    vertex -93.3499984741211 -3 0.8999999761581421
  endloop
endfacet
facet normal 0 0 0
  outer loop
    vertex -93.3499984741211 -3 0.8999999761581421
    vertex -94.3499984741211 -3 2
    vertex -93.3499984741211 -3 2
  endloop
endfacet
facet normal 0 0 0
  outer loop
    vertex -94.3499984741211 -3 0.8999999761581421
    vertex -93.48043823242188 -2.2173912525177 0.8999999761581421
    vertex -94.3499984741211 3 0.8999999761581421
  endloop
endfacet
facet normal 0 0 0
  outer loop
    vertex -93.48043823242188 -2.2173912525177 0.8999999761581421
    vertex -93.3499984741211 -2 0.8999999761581421
    vertex -93.3499984741211 2 0.8999999761581421
  endloop
endfacet
facet normal 0 0 0
  outer loop
    vertex -93.3499984741211 -2 0.8999999761581421
    vertex -93.3499984741211 -2 2
    vertex -93.3499984741211 2 0.8999999761581421
  endloop
endfacet
facet normal 0 0 0
  outer loop
    vertex -94.3499984741211 -3 0.8999999761581421
    vertex -94.3499984741211 3 2
    vertex -94.3499984741211 -3 2
  endloop
endfacet
facet normal 0 0 0
  outer loop
    vertex -93.48043823242188 -2.2173912525177 0.8999999761581421
    vertex -93.3499984741211 2 0.8999999761581421
    vertex -94.3499984741211 3 0.8999999761581421
  endloop
endfacet
facet normal 0 0 0
  outer loop
    vertex -94.3499984741211 -3 0.8999999761581421
    vertex -94.3499984741211 3 0.8999999761581421
    vertex -94.3499984741211 3 2
  endloop
endfacet
facet normal 0 0 0
  outer loop
    vertex -93.3499984741211 -2 2
    vertex -93.3499984741211 2 2
    vertex -93.3499984741211 2 0.8999999761581421
  endloop
endfacet
facet normal 0 0 0
  outer loop
    vertex -93.3499984741211 2 0.8999999761581421
    vertex -93.3499984741211 3 0.8999999761581421
    vertex -94.3499984741211 3 0.8999999761581421
  endloop
endfacet
facet normal 0 0 0
  outer loop
    vertex -94.3499984741211 3 0.8999999761581421
    vertex -93.3499984741211 3 0.8999999761581421
    vertex -93.3499984741211 3 2
  endloop
endfacet
facet normal 0 0 0
  outer loop
    vertex -94.3499984741211 3 0.8999999761581421
    vertex -93.3499984741211 3 2
    vertex -94.3499984741211 3 2
  endloop
endfacet
facet normal 0 0 0
  outer loop
    vertex -91.3499984741211 -3 0.8999999761581421
    vertex -90.3499984741211 -3 0.8999999761581421
    vertex -91.3499984741211 -2 0.8999999761581421
  endloop
endfacet
facet normal 0 0 0
  outer loop
    vertex -91.3499984741211 -3 0.8999999761581421
    vertex -91.3499984741211 -3 2
    vertex -90.3499984741211 -3 0.8999999761581421
  endloop
endfacet
facet normal 0 0 0
  outer loop
    vertex -91.3499984741211 -3 2
    vertex -90.3499984741211 -3 2
    vertex -90.3499984741211 -3 0.8999999761581421
  endloop
endfacet
facet normal 0 0 0
  outer loop
    vertex -91.3499984741211 -2 0.8999999761581421
    vertex -90.3499984741211 -3 0.8999999761581421
    vertex -91.3499984741211 2 0.8999999761581421
  endloop
endfacet
facet normal 0 0 0
  outer loop
    vertex -90.3499984741211 -3 0.8999999761581421
    vertex -90.3499984741211 -2 0.8999999761581421
    vertex -91.3499984741211 2.25 0.8999999761581421
  endloop
endfacet
facet normal 0 0 0
  outer loop
    vertex -91.3499984741211 -2 0.8999999761581421
    vertex -91.3499984741211 2 2
    vertex -91.3499984741211 -2 2
  endloop
endfacet
facet normal 0 0 0
  outer loop
    vertex -90.3499984741211 -2 0.8999999761581421
    vertex -90.3499984741211 -2 2
    vertex -90.3499984741211 2 1.100000023841858
  endloop
endfacet
facet normal 0 0 0
  outer loop
    vertex -90.3499984741211 -3 0.8999999761581421
    vertex -91.3499984741211 2.25 0.8999999761581421
    vertex -91.3499984741211 2 0.8999999761581421
  endloop
endfacet
facet normal 0 0 0
  outer loop
    vertex -90.3499984741211 -2 0.8999999761581421
    vertex -90.3499984741211 2 0.8999999761581421
    vertex -91.3499984741211 2.25 0.8999999761581421
  endloop
endfacet
facet normal 0 0 0
  outer loop
    vertex -91.3499984741211 -2 0.8999999761581421
    vertex -91.3499984741211 2 0.8999999761581421
    vertex -91.3499984741211 2 2
  endloop
endfacet
facet normal 0 0 0
  outer loop
    vertex -90.92142486572266 3 1.414285659790039
    vertex -90.3499984741211 3 2
    vertex -91.3499984741211 3 1.7999999523162842
  endloop
endfacet
facet normal 0 0 0
  outer loop
    vertex -91.3499984741211 3 1.7999999523162842
    vertex -90.3499984741211 3 2
    vertex -91.3499984741211 3 2
  endloop
endfacet
facet normal 0 0 0
  outer loop
    vertex -90.3499984741211 -2 0.8999999761581421
    vertex -90.3499984741211 2 1.100000023841858
    vertex -90.3499984741211 2 0.8999999761581421
  endloop
endfacet
facet normal 0 0 0
  outer loop
    vertex -90.3499984741211 -2 2
    vertex -90.3499984741211 2.454545497894287 1.5545454025268555
    vertex -90.3499984741211 2 1.100000023841858
  endloop
endfacet
facet normal 0 0 0
  outer loop
    vertex -90.92142486572266 3 1.414285659790039
    vertex -90.3499984741211 3 1.5
    vertex -90.3499984741211 3 2
  endloop
endfacet
facet normal 0 0 0
  outer loop
    vertex -90.3499984741211 2.454545497894287 1.5545454025268555
    vertex -90.3499984741211 3 2
    vertex -90.3499984741211 3 1.5
  endloop
endfacet
facet normal 0 0 0
  outer loop
    vertex -90.3499984741211 -2 2
    vertex -90.3499984741211 3 2
    vertex -90.3499984741211 2.454545497894287 1.5545454025268555
  endloop
endfacet
facet normal 0 0 0
  outer loop
    vertex -94.3499984741211 -3 0.8999999761581421
    vertex -93.3499984741211 -3 0.8999999761581421
    vertex -93.48043823242188 -2.2173912525177 0.8999999761581421
  endloop
endfacet
facet normal 0 0 0
  outer loop
    vertex -93.3499984741211 -3 0.8999999761581421
    vertex -91.3499984741211 -3 0.8999999761581421
    vertex -93.48043823242188 -2.2173912525177 0.8999999761581421
  endloop
endfacet
facet normal 0 0 0
  outer loop
    vertex -93.3499984741211 -3 0.8999999761581421
    vertex -93.3499984741211 -3 2
    vertex -91.3499984741211 -3 0.8999999761581421
  endloop
endfacet
facet normal 0 0 0
  outer loop
    vertex -91.3499984741211 -3 0.8999999761581421
    vertex -93.3499984741211 -3 2
    vertex -91.3499984741211 -3 2
  endloop
endfacet
facet normal 0 0 0
  outer loop
    vertex -91.3499984741211 -3 0.8999999761581421
    vertex -93.3499984741211 -2 0.8999999761581421
    vertex -93.48043823242188 -2.2173912525177 0.8999999761581421
  endloop
endfacet
facet normal 0 0 0
  outer loop
    vertex -91.3499984741211 -3 0.8999999761581421
    vertex -91.3499984741211 -2 0.8999999761581421
    vertex -93.3499984741211 -2 0.8999999761581421
  endloop
endfacet
facet normal 0 0 0
  outer loop
    vertex -93.3499984741211 -2 0.8999999761581421
    vertex -91.3499984741211 -2 0.8999999761581421
    vertex -91.3499984741211 -2 2
  endloop
endfacet
facet normal 0 0 0
  outer loop
    vertex -93.3499984741211 -2 0.8999999761581421
    vertex -91.3499984741211 -2 2
    vertex -93.3499984741211 -2 2
  endloop
endfacet
facet normal 0 0 0
  outer loop
    vertex -90.3499984741211 -3 0.8999999761581421
    vertex -90.3499984741211 -3 2
    vertex -90.3499984741211 -2 0.8999999761581421
  endloop
endfacet
facet normal 0 0 0
  outer loop
    vertex -90.3499984741211 -2 0.8999999761581421
    vertex -90.3499984741211 -3 2
    vertex -90.3499984741211 -2 2
  endloop
endfacet
facet normal 0 0 0
  outer loop
    vertex -93.3499984741211 2 0.8999999761581421
    vertex -91.3499984741211 2 0.8999999761581421
    vertex -91.3499984741211 2.25 0.8999999761581421
  endloop
endfacet
facet normal 0 0 0
  outer loop
    vertex -93.3499984741211 2 0.8999999761581421
    vertex -91.3499984741211 2.25 0.8999999761581421
    vertex -93.3499984741211 3 0.8999999761581421
  endloop
endfacet
facet normal 0 0 0
  outer loop
    vertex -91.3499984741211 2.25 0.8999999761581421
    vertex -90.3499984741211 2 0.8999999761581421
    vertex -90.3499984741211 3 0.8999999761581421
  endloop
endfacet
facet normal 0 0 0
  outer loop
    vertex -93.3499984741211 2 0.8999999761581421
    vertex -93.3499984741211 2 2
    vertex -91.3499984741211 2 0.8999999761581421
  endloop
endfacet
facet normal 0 0 0
  outer loop
    vertex -91.3499984741211 2 0.8999999761581421
    vertex -93.3499984741211 2 2
    vertex -91.3499984741211 2 2
  endloop
endfacet
facet normal 0 0 0
  outer loop
    vertex -91.3499984741211 2.25 0.8999999761581421
    vertex -90.3499984741211 3 0.8999999761581421
    vertex -93.3499984741211 3 0.8999999761581421
  endloop
endfacet
facet normal 0 0 0
  outer loop
    vertex -93.3499984741211 3 0.8999999761581421
    vertex -90.3499984741211 3 0.8999999761581421
    vertex -90.92142486572266 3 1.414285659790039
  endloop
endfacet
facet normal 0 0 0
  outer loop
    vertex -93.3499984741211 3 0.8999999761581421
    vertex -90.92142486572266 3 1.414285659790039
    vertex -91.3499984741211 3 1.7999999523162842
  endloop
endfacet
facet normal 0 0 0
  outer loop
    vertex -93.3499984741211 3 0.8999999761581421
    vertex -91.3499984741211 3 1.7999999523162842
    vertex -91.3499984741211 3 2
  endloop
endfacet
facet normal 0 0 0
  outer loop
    vertex -93.3499984741211 3 0.8999999761581421
    vertex -91.3499984741211 3 2
    vertex -93.3499984741211 3 2
  endloop
endfacet
facet normal 0 0 0
  outer loop
    vertex -90.3499984741211 2 0.8999999761581421
    vertex -90.3499984741211 2.454545497894287 1.5545454025268555
    vertex -90.3499984741211 3 0.8999999761581421
  endloop
endfacet
facet normal 0 0 0
  outer loop
    vertex -90.3499984741211 2 0.8999999761581421
    vertex -90.3499984741211 2 1.100000023841858
    vertex -90.3499984741211 2.454545497894287 1.5545454025268555
  endloop
endfacet
facet normal 0 0 0
  outer loop
    vertex -90.92142486572266 3 1.414285659790039
    vertex -90.3499984741211 3 0.8999999761581421
    vertex -90.3499984741211 3 1.5
  endloop
endfacet
facet normal 0 0 0
  outer loop
    vertex -90.3499984741211 2.454545497894287 1.5545454025268555
    vertex -90.3499984741211 3 1.5
    vertex -90.3499984741211 3 0.8999999761581421
  endloop
endfacet
facet normal 0 0 0
  outer loop
    vertex -89.1500015258789 -3 0.8999999761581421
    vertex -89.1500015258789 -3 2
    vertex -88.1500015258789 -3 0.8999999761581421
  endloop
endfacet
facet normal 0 0 0
  outer loop
    vertex -88.1500015258789 -3 0.8999999761581421
    vertex -89.1500015258789 -3 2
    vertex -88.1500015258789 -3 2
  endloop
endfacet
facet normal 0 0 0
  outer loop
    vertex -89.1500015258789 -3 0.8999999761581421
    vertex -88.1500015258789 -3 0.8999999761581421
    vertex -88.98332977294922 2 0.8999999761581421
  endloop
endfacet
facet normal 0 0 0
  outer loop
    vertex -88.1500015258789 -3 0.8999999761581421
    vertex -88.1500015258789 -3 2
    vertex -88.1500015258789 2 0.8999999761581421
  endloop
endfacet
facet normal 0 0 0
  outer loop
    vertex -89.1500015258789 -3 0.8999999761581421
    vertex -89.1500015258789 2 2
    vertex -89.1500015258789 -3 2
  endloop
endfacet
facet normal 0 0 0
  outer loop
    vertex -89.1500015258789 -3 0.8999999761581421
    vertex -88.98332977294922 2 0.8999999761581421
    vertex -89.1500015258789 2 0.8999999761581421
  endloop
endfacet
facet normal 0 0 0
  outer loop
    vertex -88.1500015258789 -3 0.8999999761581421
    vertex -88.1500015258789 2 0.8999999761581421
    vertex -88.98332977294922 2 0.8999999761581421
  endloop
endfacet
facet normal 0 0 0
  outer loop
    vertex -89.1500015258789 -3 0.8999999761581421
    vertex -89.1500015258789 2 0.8999999761581421
    vertex -89.1500015258789 2 2
  endloop
endfacet
facet normal 0 0 0
  outer loop
    vertex -88.1500015258789 -3 2
    vertex -88.1500015258789 2 2
    vertex -88.1500015258789 2 0.8999999761581421
  endloop
endfacet
facet normal 0 0 0
  outer loop
    vertex -86.1500015258789 -3 0.8999999761581421
    vertex -86.1500015258789 -3 2
    vertex -85.1500015258789 -3 0.8999999761581421
  endloop
endfacet
facet normal 0 0 0
  outer loop
    vertex -85.1500015258789 -3 0.8999999761581421
    vertex -86.1500015258789 -3 2
    vertex -85.1500015258789 -3 2
  endloop
endfacet
facet normal 0 0 0
  outer loop
    vertex -86.1500015258789 -3 0.8999999761581421
    vertex -85.1500015258789 -3 0.8999999761581421
    vertex -85.98332977294922 2 0.8999999761581421
  endloop
endfacet
facet normal 0 0 0
  outer loop
    vertex -86.1500015258789 -3 0.8999999761581421
    vertex -86.1500015258789 2 0.8999999761581421
    vertex -86.1500015258789 -3 2
  endloop
endfacet
facet normal 0 0 0
  outer loop
    vertex -85.1500015258789 -3 0.8999999761581421
    vertex -85.1500015258789 -3 2
    vertex -85.1500015258789 2.142857074737549 0.8999999761581421
  endloop
endfacet
facet normal 0 0 0
  outer loop
    vertex -86.1500015258789 -3 0.8999999761581421
    vertex -85.98332977294922 2 0.8999999761581421
    vertex -86.1500015258789 2 0.8999999761581421
  endloop
endfacet
facet normal 0 0 0
  outer loop
    vertex -85.98332977294922 2 0.8999999761581421
    vertex -85.1500015258789 2.142857074737549 0.8999999761581421
    vertex -86.01956176757812 2.2173912525177 0.8999999761581421
  endloop
endfacet
facet normal 0 0 0
  outer loop
    vertex -85.1500015258789 -3 0.8999999761581421
    vertex -85.1500015258789 2.142857074737549 0.8999999761581421
    vertex -85.98332977294922 2 0.8999999761581421
  endloop
endfacet
facet normal 0 0 0
  outer loop
    vertex -86.1500015258789 -3 2
    vertex -86.1500015258789 2 0.8999999761581421
    vertex -86.1500015258789 2 2
  endloop
endfacet
facet normal 0 0 0
  outer loop
    vertex -85.1500015258789 -3 2
    vertex -85.1500015258789 3 0.8999999761581421
    vertex -85.1500015258789 2.142857074737549 0.8999999761581421
  endloop
endfacet
facet normal 0 0 0
  outer loop
    vertex -85.1500015258789 -3 2
    vertex -85.1500015258789 3 2
    vertex -85.1500015258789 3 0.8999999761581421
  endloop
endfacet
facet normal 0 0 0
  outer loop
    vertex -89.1500015258789 2 0.8999999761581421
    vertex -88.98332977294922 2 0.8999999761581421
    vertex -89.1500015258789 3 0.8999999761581421
  endloop
endfacet
facet normal 0 0 0
  outer loop
    vertex -88.98332977294922 2 0.8999999761581421
    vertex -88.1500015258789 2 0.8999999761581421
    vertex -89.1500015258789 3 0.8999999761581421
  endloop
endfacet
facet normal 0 0 0
  outer loop
    vertex -88.1500015258789 2 0.8999999761581421
    vertex -87.6500015258789 2 0.8999999761581421
    vertex -89.1500015258789 3 0.8999999761581421
  endloop
endfacet
facet normal 0 0 0
  outer loop
    vertex -87.6500015258789 2 0.8999999761581421
    vertex -87.31666564941406 2 0.8999999761581421
    vertex -89.1500015258789 3 0.8999999761581421
  endloop
endfacet
facet normal 0 0 0
  outer loop
    vertex -87.31666564941406 2 0.8999999761581421
    vertex -86.01956176757812 2.2173912525177 0.8999999761581421
    vertex -89.1500015258789 3 0.8999999761581421
  endloop
endfacet
facet normal 0 0 0
  outer loop
    vertex -87.31666564941406 2 0.8999999761581421
    vertex -86.6500015258789 2 0.8999999761581421
    vertex -86.01956176757812 2.2173912525177 0.8999999761581421
  endloop
endfacet
facet normal 0 0 0
  outer loop
    vertex -86.6500015258789 2 0.8999999761581421
    vertex -86.1500015258789 2 0.8999999761581421
    vertex -86.01956176757812 2.2173912525177 0.8999999761581421
  endloop
endfacet
facet normal 0 0 0
  outer loop
    vertex -86.1500015258789 2 0.8999999761581421
    vertex -85.98332977294922 2 0.8999999761581421
    vertex -86.01956176757812 2.2173912525177 0.8999999761581421
  endloop
endfacet
facet normal 0 0 0
  outer loop
    vertex -86.01956176757812 2.2173912525177 0.8999999761581421
    vertex -85.1500015258789 2.142857074737549 0.8999999761581421
    vertex -85.1500015258789 3 0.8999999761581421
  endloop
endfacet
facet normal 0 0 0
  outer loop
    vertex -88.1500015258789 2 0.8999999761581421
    vertex -88.1500015258789 2 2
    vertex -87.6500015258789 2 0.8999999761581421
  endloop
endfacet
facet normal 0 0 0
  outer loop
    vertex -86.6500015258789 2 0.8999999761581421
    vertex -86.6500015258789 2 2
    vertex -86.1500015258789 2 0.8999999761581421
  endloop
endfacet
facet normal 0 0 0
  outer loop
    vertex -89.1500015258789 2 0.8999999761581421
    vertex -89.1500015258789 3 2
    vertex -89.1500015258789 2 2
  endloop
endfacet
facet normal 0 0 0
  outer loop
    vertex -87.6500015258789 2 0.8999999761581421
    vertex -88.1500015258789 2 2
    vertex -87.6500015258789 2 2
  endloop
endfacet
facet normal 0 0 0
  outer loop
    vertex -86.1500015258789 2 0.8999999761581421
    vertex -86.6500015258789 2 2
    vertex -86.1500015258789 2 2
  endloop
endfacet
facet normal 0 0 0
  outer loop
    vertex -86.01956176757812 2.2173912525177 0.8999999761581421
    vertex -85.1500015258789 3 0.8999999761581421
    vertex -89.1500015258789 3 0.8999999761581421
  endloop
endfacet
facet normal 0 0 0
  outer loop
    vertex -89.1500015258789 2 0.8999999761581421
    vertex -89.1500015258789 3 0.8999999761581421
    vertex -89.1500015258789 3 2
  endloop
endfacet
facet normal 0 0 0
  outer loop
    vertex -89.1500015258789 3 0.8999999761581421
    vertex -85.1500015258789 3 0.8999999761581421
    vertex -85.1500015258789 3 2
  endloop
endfacet
facet normal 0 0 0
  outer loop
    vertex -89.1500015258789 3 0.8999999761581421
    vertex -85.1500015258789 3 2
    vertex -89.1500015258789 3 2
  endloop
endfacet
facet normal 0 0 0
  outer loop
    vertex -87.6500015258789 0 0.8999999761581421
    vertex -86.6500015258789 0 0.8999999761581421
    vertex -87.31666564941406 2 0.8999999761581421
  endloop
endfacet
facet normal 0 0 0
  outer loop
    vertex -87.6500015258789 0 0.8999999761581421
    vertex -87.31666564941406 2 0.8999999761581421
    vertex -87.6500015258789 2 0.8999999761581421
  endloop
endfacet
facet normal 0 0 0
  outer loop
    vertex -86.6500015258789 0 0.8999999761581421
    vertex -86.6500015258789 2 0.8999999761581421
    vertex -87.31666564941406 2 0.8999999761581421
  endloop
endfacet
facet normal 0 0 0
  outer loop
    vertex -87.6500015258789 0 0.8999999761581421
    vertex -87.6500015258789 0 2
    vertex -86.6500015258789 0 0.8999999761581421
  endloop
endfacet
facet normal 0 0 0
  outer loop
    vertex -86.6500015258789 0 0.8999999761581421
    vertex -86.6500015258789 0 2
    vertex -86.6500015258789 2 0.8999999761581421
  endloop
endfacet
facet normal 0 0 0
  outer loop
    vertex -86.6500015258789 0 0.8999999761581421
    vertex -87.6500015258789 0 2
    vertex -86.6500015258789 0 2
  endloop
endfacet
facet normal 0 0 0
  outer loop
    vertex -87.6500015258789 0 0.8999999761581421
    vertex -87.6500015258789 2 2
    vertex -87.6500015258789 0 2
  endloop
endfacet
facet normal 0 0 0
  outer loop
    vertex -87.6500015258789 0 0.8999999761581421
    vertex -87.6500015258789 2 0.8999999761581421
    vertex -87.6500015258789 2 2
  endloop
endfacet
facet normal 0 0 0
  outer loop
    vertex -86.6500015258789 2 0.8999999761581421
    vertex -86.6500015258789 0 2
    vertex -86.6500015258789 2 2
  endloop
endfacet
facet normal 0 0 0
  outer loop
    vertex -59.11666488647461 -2 0.8999999761581421
    vertex -58.150001525878906 -2 0.8999999761581421
    vertex -58.150001525878906 -0.5 0.8999999761581421
  endloop
endfacet
facet normal 0 0 0
  outer loop
    vertex -59.150001525878906 -3 0.8999999761581421
    vertex -59.11666488647461 -2 0.8999999761581421
    vertex -59.150001525878906 2 0.8999999761581421
  endloop
endfacet
facet normal 0 0 0
  outer loop
    vertex -59.11666488647461 -2 0.8999999761581421
    vertex -58.150001525878906 -0.5 0.8999999761581421
    vertex -59.06666564941406 -0.5 0.8999999761581421
  endloop
endfacet
facet normal 0 0 0
  outer loop
    vertex -59.11666488647461 -2 0.8999999761581421
    vertex -59.06666564941406 -0.5 0.8999999761581421
    vertex -59.150001525878906 2 0.8999999761581421
  endloop
endfacet
facet normal 0 0 0
  outer loop
    vertex -58.150001525878906 -2 0.8999999761581421
    vertex -58.150001525878906 -2 2
    vertex -58.150001525878906 -0.5 0.8999999761581421
  endloop
endfacet
facet normal 0 0 0
  outer loop
    vertex -59.150001525878906 -3 0.8999999761581421
    vertex -59.150001525878906 2 2
    vertex -59.150001525878906 -3 2
  endloop
endfacet
facet normal 0 0 0
  outer loop
    vertex -58.150001525878906 -0.5 0.8999999761581421
    vertex -58.150001525878906 -2 2
    vertex -58.150001525878906 -0.5 2
  endloop
endfacet
facet normal 0 0 0
  outer loop
    vertex -59.06666564941406 -0.5 0.8999999761581421
    vertex -59.03333282470703 0.5 0.8999999761581421
    vertex -59.150001525878906 2 0.8999999761581421
  endloop
endfacet
facet normal 0 0 0
  outer loop
    vertex -59.03333282470703 0.5 0.8999999761581421
    vertex -58.150001525878906 0.5 0.8999999761581421
    vertex -58.150001525878906 2 0.8999999761581421
  endloop
endfacet
facet normal 0 0 0
  outer loop
    vertex -59.03333282470703 0.5 0.8999999761581421
    vertex -58.983333587646484 2 0.8999999761581421
    vertex -59.150001525878906 2 0.8999999761581421
  endloop
endfacet
facet normal 0 0 0
  outer loop
    vertex -59.03333282470703 0.5 0.8999999761581421
    vertex -58.150001525878906 2 0.8999999761581421
    vertex -58.983333587646484 2 0.8999999761581421
  endloop
endfacet
facet normal 0 0 0
  outer loop
    vertex -59.150001525878906 -3 0.8999999761581421
    vertex -59.150001525878906 2 0.8999999761581421
    vertex -59.150001525878906 2 2
  endloop
endfacet
facet normal 0 0 0
  outer loop
    vertex -58.150001525878906 0.5 0.8999999761581421
    vertex -58.150001525878906 0.5 2
    vertex -58.150001525878906 2 0.8999999761581421
  endloop
endfacet
facet normal 0 0 0
  outer loop
    vertex -58.150001525878906 2 0.8999999761581421
    vertex -58.150001525878906 0.5 2
    vertex -58.150001525878906 2 2
  endloop
endfacet
facet normal 0 0 0
  outer loop
    vertex -59.150001525878906 -3 0.8999999761581421
    vertex -56.150001525878906 -3 0.8999999761581421
    vertex -59.11666488647461 -2 0.8999999761581421
  endloop
endfacet
facet normal 0 0 0
  outer loop
    vertex -59.150001525878906 -3 0.8999999761581421
    vertex -59.150001525878906 -3 2
    vertex -56.150001525878906 -3 0.8999999761581421
  endloop
endfacet
facet normal 0 0 0
  outer loop
    vertex -56.150001525878906 -3 0.8999999761581421
    vertex -59.150001525878906 -3 2
    vertex -56.150001525878906 -3 2
  endloop
endfacet
facet normal 0 0 0
  outer loop
    vertex -56.150001525878906 -3 0.8999999761581421
    vertex -58.150001525878906 -2 0.8999999761581421
    vertex -59.11666488647461 -2 0.8999999761581421
  endloop
endfacet
facet normal 0 0 0
  outer loop
    vertex -56.150001525878906 -3 0.8999999761581421
    vertex -56.150001525878906 -2 0.8999999761581421
    vertex -58.150001525878906 -2 0.8999999761581421
  endloop
endfacet
facet normal 0 0 0
  outer loop
    vertex -58.150001525878906 -2 0.8999999761581421
    vertex -56.150001525878906 -2 0.8999999761581421
    vertex -56.150001525878906 -2 2
  endloop
endfacet
facet normal 0 0 0
  outer loop
    vertex -58.150001525878906 -2 0.8999999761581421
    vertex -56.150001525878906 -2 2
    vertex -58.150001525878906 -2 2
  endloop
endfacet
facet normal 0 0 0
  outer loop
    vertex -59.06666564941406 -0.5 0.8999999761581421
    vertex -58.150001525878906 -0.5 0.8999999761581421
    vertex -59.03333282470703 0.5 0.8999999761581421
  endloop
endfacet
facet normal 0 0 0
  outer loop
    vertex -58.150001525878906 -0.5 0.8999999761581421
    vertex -56.150001525878906 -0.5 0.8999999761581421
    vertex -59.03333282470703 0.5 0.8999999761581421
  endloop
endfacet
facet normal 0 0 0
  outer loop
    vertex -58.150001525878906 -0.5 0.8999999761581421
    vertex -58.150001525878906 -0.5 2
    vertex -56.150001525878906 -0.5 0.8999999761581421
  endloop
endfacet
facet normal 0 0 0
  outer loop
    vertex -56.150001525878906 -0.5 0.8999999761581421
    vertex -58.150001525878906 -0.5 2
    vertex -56.150001525878906 -0.5 2
  endloop
endfacet
facet normal 0 0 0
  outer loop
    vertex -56.150001525878906 -0.5 0.8999999761581421
    vertex -58.150001525878906 0.5 0.8999999761581421
    vertex -59.03333282470703 0.5 0.8999999761581421
  endloop
endfacet
facet normal 0 0 0
  outer loop
    vertex -56.150001525878906 -0.5 0.8999999761581421
    vertex -56.150001525878906 0 0.8999999761581421
    vertex -58.150001525878906 0.5 0.8999999761581421
  endloop
endfacet
facet normal 0 0 0
  outer loop
    vertex -58.150001525878906 0.5 0.8999999761581421
    vertex -56.150001525878906 0 0.8999999761581421
    vertex -56.150001525878906 0.5 0.8999999761581421
  endloop
endfacet
facet normal 0 0 0
  outer loop
    vertex -58.150001525878906 0.5 0.8999999761581421
    vertex -56.150001525878906 0.5 0.8999999761581421
    vertex -56.150001525878906 0.5 2
  endloop
endfacet
facet normal 0 0 0
  outer loop
    vertex -58.150001525878906 0.5 0.8999999761581421
    vertex -56.150001525878906 0.5 2
    vertex -58.150001525878906 0.5 2
  endloop
endfacet
facet normal 0 0 0
  outer loop
    vertex -59.150001525878906 2 0.8999999761581421
    vertex -58.983333587646484 2 0.8999999761581421
    vertex -59.150001525878906 3 0.8999999761581421
  endloop
endfacet
facet normal 0 0 0
  outer loop
    vertex -58.983333587646484 2 0.8999999761581421
    vertex -58.150001525878906 2 0.8999999761581421
    vertex -59.150001525878906 3 0.8999999761581421
  endloop
endfacet
facet normal 0 0 0
  outer loop
    vertex -58.150001525878906 2 0.8999999761581421
    vertex -56.150001525878906 2 0.8999999761581421
    vertex -59.150001525878906 3 0.8999999761581421
  endloop
endfacet
facet normal 0 0 0
  outer loop
    vertex -58.150001525878906 2 0.8999999761581421
    vertex -58.150001525878906 2 2
    vertex -56.150001525878906 2 0.8999999761581421
  endloop
endfacet
facet normal 0 0 0
  outer loop
    vertex -59.150001525878906 2 0.8999999761581421
    vertex -59.150001525878906 3 2
    vertex -59.150001525878906 2 2
  endloop
endfacet
facet normal 0 0 0
  outer loop
    vertex -56.150001525878906 2 0.8999999761581421
    vertex -58.150001525878906 2 2
    vertex -56.150001525878906 2 2
  endloop
endfacet
facet normal 0 0 0
  outer loop
    vertex -56.150001525878906 2 0.8999999761581421
    vertex -56.150001525878906 3 0.8999999761581421
    vertex -59.150001525878906 3 0.8999999761581421
  endloop
endfacet
facet normal 0 0 0
  outer loop
    vertex -59.150001525878906 2 0.8999999761581421
    vertex -59.150001525878906 3 0.8999999761581421
    vertex -59.150001525878906 3 2
  endloop
endfacet
facet normal 0 0 0
  outer loop
    vertex -59.150001525878906 3 0.8999999761581421
    vertex -56.150001525878906 3 0.8999999761581421
    vertex -56.150001525878906 3 2
  endloop
endfacet
facet normal 0 0 0
  outer loop
    vertex -59.150001525878906 3 0.8999999761581421
    vertex -56.150001525878906 3 2
    vertex -59.150001525878906 3 2
  endloop
endfacet
facet normal 0 0 0
  outer loop
    vertex -56.150001525878906 -3 0.8999999761581421
    vertex -55.150001525878906 -3 0.8999999761581421
    vertex -56.150001525878906 -2 0.8999999761581421
  endloop
endfacet
facet normal 0 0 0
  outer loop
    vertex -56.150001525878906 -3 0.8999999761581421
    vertex -56.150001525878906 -3 2
    vertex -55.150001525878906 -3 0.8999999761581421
  endloop
endfacet
facet normal 0 0 0
  outer loop
    vertex -55.150001525878906 -3 0.8999999761581421
    vertex -56.150001525878906 -3 2
    vertex -55.150001525878906 -3 2
  endloop
endfacet
facet normal 0 0 0
  outer loop
    vertex -55.150001525878906 -3 0.8999999761581421
    vertex -56.150001525878906 -0.5 0.8999999761581421
    vertex -56.150001525878906 -2 0.8999999761581421
  endloop
endfacet
facet normal 0 0 0
  outer loop
    vertex -55.150001525878906 -3 0.8999999761581421
    vertex -56.150001525878906 0 0.8999999761581421
    vertex -56.150001525878906 -0.5 0.8999999761581421
  endloop
endfacet
facet normal 0 0 0
  outer loop
    vertex -55.150001525878906 -3 0.8999999761581421
    vertex -55.150001525878906 0 0.8999999761581421
    vertex -56.150001525878906 0 0.8999999761581421
  endloop
endfacet
facet normal 0 0 0
  outer loop
    vertex -55.150001525878906 -3 0.8999999761581421
    vertex -55.150001525878906 -3 2
    vertex -55.150001525878906 0 0.8999999761581421
  endloop
endfacet
facet normal 0 0 0
  outer loop
    vertex -56.150001525878906 -2 0.8999999761581421
    vertex -56.150001525878906 -0.5 2
    vertex -56.150001525878906 -2 2
  endloop
endfacet
facet normal 0 0 0
  outer loop
    vertex -56.150001525878906 -2 0.8999999761581421
    vertex -56.150001525878906 -0.5 0.8999999761581421
    vertex -56.150001525878906 -0.5 2
  endloop
endfacet
facet normal 0 0 0
  outer loop
    vertex -55.150001525878906 -3 2
    vertex -55.150001525878906 0 2
    vertex -55.150001525878906 0 0.8999999761581421
  endloop
endfacet
facet normal 0 0 0
  outer loop
    vertex -56.150001525878906 0 0.8999999761581421
    vertex -55.150001525878906 0 0.8999999761581421
    vertex -56.150001525878906 0.5 0.8999999761581421
  endloop
endfacet
facet normal 0 0 0
  outer loop
    vertex -56.150001525878906 0.5 0.8999999761581421
    vertex -55.150001525878906 0 0.8999999761581421
    vertex -56.150001525878906 2 0.8999999761581421
  endloop
endfacet
facet normal 0 0 0
  outer loop
    vertex -55.150001525878906 0 0.8999999761581421
    vertex -56.150001525878906 3 0.8999999761581421
    vertex -56.150001525878906 2 0.8999999761581421
  endloop
endfacet
facet normal 0 0 0
  outer loop
    vertex -55.150001525878906 0 0.8999999761581421
    vertex -55.150001525878906 3 0.8999999761581421
    vertex -56.150001525878906 3 0.8999999761581421
  endloop
endfacet
facet normal 0 0 0
  outer loop
    vertex -55.150001525878906 0 0.8999999761581421
    vertex -55.150001525878906 0 2
    vertex -55.150001525878906 3 0.8999999761581421
  endloop
endfacet
facet normal 0 0 0
  outer loop
    vertex -56.150001525878906 0.5 0.8999999761581421
    vertex -56.150001525878906 2 2
    vertex -56.150001525878906 0.5 2
  endloop
endfacet
facet normal 0 0 0
  outer loop
    vertex -56.150001525878906 0.5 0.8999999761581421
    vertex -56.150001525878906 2 0.8999999761581421
    vertex -56.150001525878906 2 2
  endloop
endfacet
facet normal 0 0 0
  outer loop
    vertex -55.150001525878906 3 0.8999999761581421
    vertex -55.150001525878906 0 2
    vertex -55.150001525878906 3 2
  endloop
endfacet
facet normal 0 0 0
  outer loop
    vertex -56.150001525878906 3 0.8999999761581421
    vertex -55.150001525878906 3 0.8999999761581421
    vertex -55.150001525878906 3 2
  endloop
endfacet
facet normal 0 0 0
  outer loop
    vertex -56.150001525878906 3 0.8999999761581421
    vertex -55.150001525878906 3 2
    vertex -56.150001525878906 3 2
  endloop
endfacet
facet normal 0 0 0
  outer loop
    vertex -53.95000076293945 -3 0.8999999761581421
    vertex -53.95000076293945 -3 2
    vertex -52.95000076293945 -3 0.8999999761581421
  endloop
endfacet
facet normal 0 0 0
  outer loop
    vertex -52.95000076293945 -3 0.8999999761581421
    vertex -53.95000076293945 -3 2
    vertex -52.95000076293945 -3 2
  endloop
endfacet
facet normal 0 0 0
  outer loop
    vertex -53.95000076293945 -3 0.8999999761581421
    vertex -53.0804328918457 -2.2173912525177 0.8999999761581421
    vertex -53.95000076293945 3 0.8999999761581421
  endloop
endfacet
facet normal 0 0 0
  outer loop
    vertex -53.0804328918457 -2.2173912525177 0.8999999761581421
    vertex -52.95000076293945 -2 0.8999999761581421
    vertex -52.95000076293945 2 0.8999999761581421
  endloop
endfacet
facet normal 0 0 0
  outer loop
    vertex -52.95000076293945 -2 0.8999999761581421
    vertex -52.95000076293945 -2 2
    vertex -52.95000076293945 2 0.8999999761581421
  endloop
endfacet
facet normal 0 0 0
  outer loop
    vertex -53.95000076293945 -3 0.8999999761581421
    vertex -53.95000076293945 3 2
    vertex -53.95000076293945 -3 2
  endloop
endfacet
facet normal 0 0 0
  outer loop
    vertex -53.0804328918457 -2.2173912525177 0.8999999761581421
    vertex -52.95000076293945 2 0.8999999761581421
    vertex -53.95000076293945 3 0.8999999761581421
  endloop
endfacet
facet normal 0 0 0
  outer loop
    vertex -53.95000076293945 -3 0.8999999761581421
    vertex -53.95000076293945 3 0.8999999761581421
    vertex -53.95000076293945 3 2
  endloop
endfacet
facet normal 0 0 0
  outer loop
    vertex -52.95000076293945 -2 2
    vertex -52.95000076293945 2 2
    vertex -52.95000076293945 2 0.8999999761581421
  endloop
endfacet
facet normal 0 0 0
  outer loop
    vertex -52.95000076293945 2 0.8999999761581421
    vertex -52.95000076293945 3 0.8999999761581421
    vertex -53.95000076293945 3 0.8999999761581421
  endloop
endfacet
facet normal 0 0 0
  outer loop
    vertex -53.95000076293945 3 0.8999999761581421
    vertex -52.95000076293945 3 0.8999999761581421
    vertex -52.95000076293945 3 2
  endloop
endfacet
facet normal 0 0 0
  outer loop
    vertex -53.95000076293945 3 0.8999999761581421
    vertex -52.95000076293945 3 2
    vertex -53.95000076293945 3 2
  endloop
endfacet
facet normal 0 0 0
  outer loop
    vertex -50.95000076293945 -3 0.8999999761581421
    vertex -49.95000076293945 -3 0.8999999761581421
    vertex -50.95000076293945 -2 0.8999999761581421
  endloop
endfacet
facet normal 0 0 0
  outer loop
    vertex -50.95000076293945 -3 0.8999999761581421
    vertex -50.95000076293945 -3 2
    vertex -49.95000076293945 -3 0.8999999761581421
  endloop
endfacet
facet normal 0 0 0
  outer loop
    vertex -49.95000076293945 -3 0.8999999761581421
    vertex -50.95000076293945 -3 2
    vertex -49.95000076293945 -3 2
  endloop
endfacet
facet normal 0 0 0
  outer loop
    vertex -49.95000076293945 -3 0.8999999761581421
    vertex -50.95000076293945 2 0.8999999761581421
    vertex -50.95000076293945 -2 0.8999999761581421
  endloop
endfacet
facet normal 0 0 0
  outer loop
    vertex -49.95000076293945 -3 0.8999999761581421
    vertex -49.95000076293945 -2 0.8999999761581421
    vertex -50.95000076293945 2.25 0.8999999761581421
  endloop
endfacet
facet normal 0 0 0
  outer loop
    vertex -49.95000076293945 -2 0.8999999761581421
    vertex -49.95000076293945 -2 2
    vertex -49.95000076293945 2 1.100000023841858
  endloop
endfacet
facet normal 0 0 0
  outer loop
    vertex -50.95000076293945 -2 0.8999999761581421
    vertex -50.95000076293945 2 2
    vertex -50.95000076293945 -2 2
  endloop
endfacet
facet normal 0 0 0
  outer loop
    vertex -49.95000076293945 -3 0.8999999761581421
    vertex -50.95000076293945 2.25 0.8999999761581421
    vertex -50.95000076293945 2 0.8999999761581421
  endloop
endfacet
facet normal 0 0 0
  outer loop
    vertex -49.95000076293945 -2 0.8999999761581421
    vertex -49.95000076293945 2 0.8999999761581421
    vertex -50.95000076293945 2.25 0.8999999761581421
  endloop
endfacet
facet normal 0 0 0
  outer loop
    vertex -49.95000076293945 -2 0.8999999761581421
    vertex -49.95000076293945 2 1.100000023841858
    vertex -49.95000076293945 2 0.8999999761581421
  endloop
endfacet
facet normal 0 0 0
  outer loop
    vertex -50.95000076293945 -2 0.8999999761581421
    vertex -50.95000076293945 2 0.8999999761581421
    vertex -50.95000076293945 2 2
  endloop
endfacet
facet normal 0 0 0
  outer loop
    vertex -49.95000076293945 -2 2
    vertex -49.95000076293945 2.454545497894287 1.5545454025268555
    vertex -49.95000076293945 2 1.100000023841858
  endloop
endfacet
facet normal 0 0 0
  outer loop
    vertex -50.521427154541016 3 1.414285659790039
    vertex -49.95000076293945 3 1.5
    vertex -49.95000076293945 3 2
  endloop
endfacet
facet normal 0 0 0
  outer loop
    vertex -50.521427154541016 3 1.414285659790039
    vertex -49.95000076293945 3 2
    vertex -50.95000076293945 3 1.7999999523162842
  endloop
endfacet
facet normal 0 0 0
  outer loop
    vertex -49.95000076293945 2.454545497894287 1.5545454025268555
    vertex -49.95000076293945 3 2
    vertex -49.95000076293945 3 1.5
  endloop
endfacet
facet normal 0 0 0
  outer loop
    vertex -49.95000076293945 -2 2
    vertex -49.95000076293945 3 2
    vertex -49.95000076293945 2.454545497894287 1.5545454025268555
  endloop
endfacet
facet normal 0 0 0
  outer loop
    vertex -50.95000076293945 3 1.7999999523162842
    vertex -49.95000076293945 3 2
    vertex -50.95000076293945 3 2
  endloop
endfacet
facet normal 0 0 0
  outer loop
    vertex -53.95000076293945 -3 0.8999999761581421
    vertex -52.95000076293945 -3 0.8999999761581421
    vertex -53.0804328918457 -2.2173912525177 0.8999999761581421
  endloop
endfacet
facet normal 0 0 0
  outer loop
    vertex -52.95000076293945 -3 0.8999999761581421
    vertex -50.95000076293945 -3 0.8999999761581421
    vertex -53.0804328918457 -2.2173912525177 0.8999999761581421
  endloop
endfacet
facet normal 0 0 0
  outer loop
    vertex -52.95000076293945 -3 0.8999999761581421
    vertex -52.95000076293945 -3 2
    vertex -50.95000076293945 -3 0.8999999761581421
  endloop
endfacet
facet normal 0 0 0
  outer loop
    vertex -49.95000076293945 -3 0.8999999761581421
    vertex -49.95000076293945 -3 2
    vertex -49.95000076293945 -2 0.8999999761581421
  endloop
endfacet
facet normal 0 0 0
  outer loop
    vertex -50.95000076293945 -3 0.8999999761581421
    vertex -52.95000076293945 -3 2
    vertex -50.95000076293945 -3 2
  endloop
endfacet
facet normal 0 0 0
  outer loop
    vertex -50.95000076293945 -3 0.8999999761581421
    vertex -52.95000076293945 -2 0.8999999761581421
    vertex -53.0804328918457 -2.2173912525177 0.8999999761581421
  endloop
endfacet
facet normal 0 0 0
  outer loop
    vertex -50.95000076293945 -3 0.8999999761581421
    vertex -50.95000076293945 -2 0.8999999761581421
    vertex -52.95000076293945 -2 0.8999999761581421
  endloop
endfacet
facet normal 0 0 0
  outer loop
    vertex -52.95000076293945 -2 0.8999999761581421
    vertex -50.95000076293945 -2 0.8999999761581421
    vertex -50.95000076293945 -2 2
  endloop
endfacet
facet normal 0 0 0
  outer loop
    vertex -52.95000076293945 -2 0.8999999761581421
    vertex -50.95000076293945 -2 2
    vertex -52.95000076293945 -2 2
  endloop
endfacet
facet normal 0 0 0
  outer loop
    vertex -49.95000076293945 -2 0.8999999761581421
    vertex -49.95000076293945 -3 2
    vertex -49.95000076293945 -2 2
  endloop
endfacet
facet normal 0 0 0
  outer loop
    vertex -52.95000076293945 2 0.8999999761581421
    vertex -50.95000076293945 2.25 0.8999999761581421
    vertex -52.95000076293945 3 0.8999999761581421
  endloop
endfacet
facet normal 0 0 0
  outer loop
    vertex -52.95000076293945 2 0.8999999761581421
    vertex -50.95000076293945 2 0.8999999761581421
    vertex -50.95000076293945 2.25 0.8999999761581421
  endloop
endfacet
facet normal 0 0 0
  outer loop
    vertex -50.95000076293945 2.25 0.8999999761581421
    vertex -49.95000076293945 2 0.8999999761581421
    vertex -49.95000076293945 3 0.8999999761581421
  endloop
endfacet
facet normal 0 0 0
  outer loop
    vertex -49.95000076293945 2 0.8999999761581421
    vertex -49.95000076293945 2.454545497894287 1.5545454025268555
    vertex -49.95000076293945 3 0.8999999761581421
  endloop
endfacet
facet normal 0 0 0
  outer loop
    vertex -52.95000076293945 2 0.8999999761581421
    vertex -52.95000076293945 2 2
    vertex -50.95000076293945 2 0.8999999761581421
  endloop
endfacet
facet normal 0 0 0
  outer loop
    vertex -49.95000076293945 2 0.8999999761581421
    vertex -49.95000076293945 2 1.100000023841858
    vertex -49.95000076293945 2.454545497894287 1.5545454025268555
  endloop
endfacet
facet normal 0 0 0
  outer loop
    vertex -50.95000076293945 2 0.8999999761581421
    vertex -52.95000076293945 2 2
    vertex -50.95000076293945 2 2
  endloop
endfacet
facet normal 0 0 0
  outer loop
    vertex -50.95000076293945 2.25 0.8999999761581421
    vertex -49.95000076293945 3 0.8999999761581421
    vertex -52.95000076293945 3 0.8999999761581421
  endloop
endfacet
facet normal 0 0 0
  outer loop
    vertex -52.95000076293945 3 0.8999999761581421
    vertex -49.95000076293945 3 0.8999999761581421
    vertex -50.521427154541016 3 1.414285659790039
  endloop
endfacet
facet normal 0 0 0
  outer loop
    vertex -49.95000076293945 3 0.8999999761581421
    vertex -49.95000076293945 3 1.5
    vertex -50.521427154541016 3 1.414285659790039
  endloop
endfacet
facet normal 0 0 0
  outer loop
    vertex -52.95000076293945 3 0.8999999761581421
    vertex -50.521427154541016 3 1.414285659790039
    vertex -50.95000076293945 3 1.7999999523162842
  endloop
endfacet
facet normal 0 0 0
  outer loop
    vertex -49.95000076293945 2.454545497894287 1.5545454025268555
    vertex -49.95000076293945 3 1.5
    vertex -49.95000076293945 3 0.8999999761581421
  endloop
endfacet
facet normal 0 0 0
  outer loop
    vertex -52.95000076293945 3 0.8999999761581421
    vertex -50.95000076293945 3 2
    vertex -52.95000076293945 3 2
  endloop
endfacet
facet normal 0 0 0
  outer loop
    vertex -52.95000076293945 3 0.8999999761581421
    vertex -50.95000076293945 3 1.7999999523162842
    vertex -50.95000076293945 3 2
  endloop
endfacet
facet normal 0 0 0
  outer loop
    vertex -48.75 2 0.8999999761581421
    vertex -47.25 2 0.8999999761581421
    vertex -47.25 2.625 0.8999999761581421
  endloop
endfacet
facet normal 0 0 0
  outer loop
    vertex -46.25 2 0.8999999761581421
    vertex -44.75 2 0.8999999761581421
    vertex -47.184783935546875 2.6086957454681396 0.8999999761581421
  endloop
endfacet
facet normal 0 0 0
  outer loop
    vertex -48.75 2 0.8999999761581421
    vertex -48.75 2 2
    vertex -47.25 2 0.8999999761581421
  endloop
endfacet
facet normal 0 0 0
  outer loop
    vertex -46.25 2 0.8999999761581421
    vertex -46.25 2 2
    vertex -44.75 2 0.8999999761581421
  endloop
endfacet
facet normal 0 0 0
  outer loop
    vertex -44.75 2 0.8999999761581421
    vertex -44.75 2 2
    vertex -44.75 3 0.8999999761581421
  endloop
endfacet
facet normal 0 0 0
  outer loop
    vertex -48.75 2 0.8999999761581421
    vertex -48.75 3 2
    vertex -48.75 2 2
  endloop
endfacet
facet normal 0 0 0
  outer loop
    vertex -47.25 2 0.8999999761581421
    vertex -48.75 2 2
    vertex -47.25 2 2
  endloop
endfacet
facet normal 0 0 0
  outer loop
    vertex -44.75 2 0.8999999761581421
    vertex -46.25 2 2
    vertex -44.75 2 2
  endloop
endfacet
facet normal 0 0 0
  outer loop
    vertex -48.75 2 0.8999999761581421
    vertex -47.25 2.625 0.8999999761581421
    vertex -48.75 3 0.8999999761581421
  endloop
endfacet
facet normal 0 0 0
  outer loop
    vertex -47.184783935546875 2.6086957454681396 0.8999999761581421
    vertex -44.75 3 0.8999999761581421
    vertex -47.25 2.625 0.8999999761581421
  endloop
endfacet
facet normal 0 0 0
  outer loop
    vertex -48.75 3 0.8999999761581421
    vertex -47.25 2.625 0.8999999761581421
    vertex -44.75 3 0.8999999761581421
  endloop
endfacet
facet normal 0 0 0
  outer loop
    vertex -44.75 2 0.8999999761581421
    vertex -44.75 3 0.8999999761581421
    vertex -47.184783935546875 2.6086957454681396 0.8999999761581421
  endloop
endfacet
facet normal 0 0 0
  outer loop
    vertex -48.75 2 0.8999999761581421
    vertex -48.75 3 0.8999999761581421
    vertex -48.75 3 2
  endloop
endfacet
facet normal 0 0 0
  outer loop
    vertex -48.75 3 0.8999999761581421
    vertex -44.75 3 0.8999999761581421
    vertex -44.75 3 2
  endloop
endfacet
facet normal 0 0 0
  outer loop
    vertex -48.75 3 0.8999999761581421
    vertex -44.75 3 2
    vertex -48.75 3 2
  endloop
endfacet
facet normal 0 0 0
  outer loop
    vertex -44.75 3 0.8999999761581421
    vertex -44.75 2 2
    vertex -44.75 3 2
  endloop
endfacet
facet normal 0 0 0
  outer loop
    vertex -47.25 -3 0.8999999761581421
    vertex -47.25 -3 2
    vertex -46.25 -3 0.8999999761581421
  endloop
endfacet
facet normal 0 0 0
  outer loop
    vertex -46.25 -3 0.8999999761581421
    vertex -47.25 -3 2
    vertex -46.25 -3 2
  endloop
endfacet
facet normal 0 0 0
  outer loop
    vertex -47.25 -3 0.8999999761581421
    vertex -46.25 -3 0.8999999761581421
    vertex -47.25 2 0.8999999761581421
  endloop
endfacet
facet normal 0 0 0
  outer loop
    vertex -46.25 -3 0.8999999761581421
    vertex -46.25 -3 2
    vertex -46.25 2 0.8999999761581421
  endloop
endfacet
facet normal 0 0 0
  outer loop
    vertex -47.25 -3 0.8999999761581421
    vertex -47.25 2 2
    vertex -47.25 -3 2
  endloop
endfacet
facet normal 0 0 0
  outer loop
    vertex -46.25 -3 0.8999999761581421
    vertex -47.184783935546875 2.6086957454681396 0.8999999761581421
    vertex -47.25 2 0.8999999761581421
  endloop
endfacet
facet normal 0 0 0
  outer loop
    vertex -46.25 -3 0.8999999761581421
    vertex -46.25 2 0.8999999761581421
    vertex -47.184783935546875 2.6086957454681396 0.8999999761581421
  endloop
endfacet
facet normal 0 0 0
  outer loop
    vertex -47.25 2 0.8999999761581421
    vertex -47.184783935546875 2.6086957454681396 0.8999999761581421
    vertex -47.25 2.625 0.8999999761581421
  endloop
endfacet
facet normal 0 0 0
  outer loop
    vertex -47.25 -3 0.8999999761581421
    vertex -47.25 2 0.8999999761581421
    vertex -47.25 2 2
  endloop
endfacet
facet normal 0 0 0
  outer loop
    vertex -46.25 -3 2
    vertex -46.25 2 2
    vertex -46.25 2 0.8999999761581421
  endloop
endfacet
facet normal 0 0 0
  outer loop
    vertex -43.54999923706055 2 0.8999999761581421
    vertex -42.04999923706055 2 0.8999999761581421
    vertex -42.04999923706055 2.625 0.8999999761581421
  endloop
endfacet
facet normal 0 0 0
  outer loop
    vertex -41.04999923706055 2 0.8999999761581421
    vertex -39.54999923706055 2 0.8999999761581421
    vertex -41.98478317260742 2.6086957454681396 0.8999999761581421
  endloop
endfacet
facet normal 0 0 0
  outer loop
    vertex -43.54999923706055 2 0.8999999761581421
    vertex -43.54999923706055 2 2
    vertex -42.04999923706055 2 0.8999999761581421
  endloop
endfacet
facet normal 0 0 0
  outer loop
    vertex -41.04999923706055 2 0.8999999761581421
    vertex -41.04999923706055 2 2
    vertex -39.54999923706055 2 0.8999999761581421
  endloop
endfacet
facet normal 0 0 0
  outer loop
    vertex -39.54999923706055 2 0.8999999761581421
    vertex -39.54999923706055 2 2
    vertex -39.54999923706055 3 0.8999999761581421
  endloop
endfacet
facet normal 0 0 0
  outer loop
    vertex -43.54999923706055 2 0.8999999761581421
    vertex -43.54999923706055 3 2
    vertex -43.54999923706055 2 2
  endloop
endfacet
facet normal 0 0 0
  outer loop
    vertex -42.04999923706055 2 0.8999999761581421
    vertex -43.54999923706055 2 2
    vertex -42.04999923706055 2 2
  endloop
endfacet
facet normal 0 0 0
  outer loop
    vertex -39.54999923706055 2 0.8999999761581421
    vertex -41.04999923706055 2 2
    vertex -39.54999923706055 2 2
  endloop
endfacet
facet normal 0 0 0
  outer loop
    vertex -43.54999923706055 2 0.8999999761581421
    vertex -42.04999923706055 2.625 0.8999999761581421
    vertex -43.54999923706055 3 0.8999999761581421
  endloop
endfacet
facet normal 0 0 0
  outer loop
    vertex -41.98478317260742 2.6086957454681396 0.8999999761581421
    vertex -39.54999923706055 3 0.8999999761581421
    vertex -42.04999923706055 2.625 0.8999999761581421
  endloop
endfacet
facet normal 0 0 0
  outer loop
    vertex -43.54999923706055 3 0.8999999761581421
    vertex -42.04999923706055 2.625 0.8999999761581421
    vertex -39.54999923706055 3 0.8999999761581421
  endloop
endfacet
facet normal 0 0 0
  outer loop
    vertex -39.54999923706055 2 0.8999999761581421
    vertex -39.54999923706055 3 0.8999999761581421
    vertex -41.98478317260742 2.6086957454681396 0.8999999761581421
  endloop
endfacet
facet normal 0 0 0
  outer loop
    vertex -43.54999923706055 2 0.8999999761581421
    vertex -43.54999923706055 3 0.8999999761581421
    vertex -43.54999923706055 3 2
  endloop
endfacet
facet normal 0 0 0
  outer loop
    vertex -43.54999923706055 3 0.8999999761581421
    vertex -39.54999923706055 3 0.8999999761581421
    vertex -39.54999923706055 3 2
  endloop
endfacet
facet normal 0 0 0
  outer loop
    vertex -43.54999923706055 3 0.8999999761581421
    vertex -39.54999923706055 3 2
    vertex -43.54999923706055 3 2
  endloop
endfacet
facet normal 0 0 0
  outer loop
    vertex -39.54999923706055 3 0.8999999761581421
    vertex -39.54999923706055 2 2
    vertex -39.54999923706055 3 2
  endloop
endfacet
facet normal 0 0 0
  outer loop
    vertex -42.04999923706055 -3 0.8999999761581421
    vertex -42.04999923706055 -3 2
    vertex -41.04999923706055 -3 0.8999999761581421
  endloop
endfacet
facet normal 0 0 0
  outer loop
    vertex -41.04999923706055 -3 0.8999999761581421
    vertex -42.04999923706055 -3 2
    vertex -41.04999923706055 -3 2
  endloop
endfacet
facet normal 0 0 0
  outer loop
    vertex -42.04999923706055 -3 0.8999999761581421
    vertex -41.04999923706055 -3 0.8999999761581421
    vertex -42.04999923706055 2 0.8999999761581421
  endloop
endfacet
facet normal 0 0 0
  outer loop
    vertex -41.04999923706055 -3 0.8999999761581421
    vertex -41.04999923706055 -3 2
    vertex -41.04999923706055 2 0.8999999761581421
  endloop
endfacet
facet normal 0 0 0
  outer loop
    vertex -42.04999923706055 -3 0.8999999761581421
    vertex -42.04999923706055 2 2
    vertex -42.04999923706055 -3 2
  endloop
endfacet
facet normal 0 0 0
  outer loop
    vertex -41.04999923706055 -3 0.8999999761581421
    vertex -41.98478317260742 2.6086957454681396 0.8999999761581421
    vertex -42.04999923706055 2 0.8999999761581421
  endloop
endfacet
facet normal 0 0 0
  outer loop
    vertex -41.04999923706055 -3 0.8999999761581421
    vertex -41.04999923706055 2 0.8999999761581421
    vertex -41.98478317260742 2.6086957454681396 0.8999999761581421
  endloop
endfacet
facet normal 0 0 0
  outer loop
    vertex -42.04999923706055 2 0.8999999761581421
    vertex -41.98478317260742 2.6086957454681396 0.8999999761581421
    vertex -42.04999923706055 2.625 0.8999999761581421
  endloop
endfacet
facet normal 0 0 0
  outer loop
    vertex -42.04999923706055 -3 0.8999999761581421
    vertex -42.04999923706055 2 0.8999999761581421
    vertex -42.04999923706055 2 2
  endloop
endfacet
facet normal 0 0 0
  outer loop
    vertex -41.04999923706055 -3 2
    vertex -41.04999923706055 2 2
    vertex -41.04999923706055 2 0.8999999761581421
  endloop
endfacet
facet normal 0 0 0
  outer loop
    vertex -38.349998474121094 -3 0.8999999761581421
    vertex -38.349998474121094 -3 2
    vertex -37.349998474121094 -3 0.8999999761581421
  endloop
endfacet
facet normal 0 0 0
  outer loop
    vertex -37.349998474121094 -3 0.8999999761581421
    vertex -38.349998474121094 -3 2
    vertex -37.349998474121094 -3 2
  endloop
endfacet
facet normal 0 0 0
  outer loop
    vertex -38.349998474121094 -3 0.8999999761581421
    vertex -37.48043441772461 -2.2173912525177 0.8999999761581421
    vertex -38.349998474121094 3 0.8999999761581421
  endloop
endfacet
facet normal 0 0 0
  outer loop
    vertex -37.48043441772461 -2.2173912525177 0.8999999761581421
    vertex -37.349998474121094 -2 0.8999999761581421
    vertex -37.349998474121094 2 0.8999999761581421
  endloop
endfacet
facet normal 0 0 0
  outer loop
    vertex -37.349998474121094 -2 0.8999999761581421
    vertex -37.349998474121094 -2 2
    vertex -37.349998474121094 2 0.8999999761581421
  endloop
endfacet
facet normal 0 0 0
  outer loop
    vertex -38.349998474121094 -3 0.8999999761581421
    vertex -38.349998474121094 3 2
    vertex -38.349998474121094 -3 2
  endloop
endfacet
facet normal 0 0 0
  outer loop
    vertex -37.48043441772461 -2.2173912525177 0.8999999761581421
    vertex -37.349998474121094 2 0.8999999761581421
    vertex -38.349998474121094 3 0.8999999761581421
  endloop
endfacet
facet normal 0 0 0
  outer loop
    vertex -38.349998474121094 -3 0.8999999761581421
    vertex -38.349998474121094 3 0.8999999761581421
    vertex -38.349998474121094 3 2
  endloop
endfacet
facet normal 0 0 0
  outer loop
    vertex -37.349998474121094 -2 2
    vertex -37.349998474121094 2 2
    vertex -37.349998474121094 2 0.8999999761581421
  endloop
endfacet
facet normal 0 0 0
  outer loop
    vertex -37.349998474121094 2 0.8999999761581421
    vertex -37.349998474121094 3 0.8999999761581421
    vertex -38.349998474121094 3 0.8999999761581421
  endloop
endfacet
facet normal 0 0 0
  outer loop
    vertex -38.349998474121094 3 0.8999999761581421
    vertex -37.349998474121094 3 0.8999999761581421
    vertex -37.349998474121094 3 2
  endloop
endfacet
facet normal 0 0 0
  outer loop
    vertex -38.349998474121094 3 0.8999999761581421
    vertex -37.349998474121094 3 2
    vertex -38.349998474121094 3 2
  endloop
endfacet
facet normal 0 0 0
  outer loop
    vertex -35.349998474121094 -3 0.8999999761581421
    vertex -34.349998474121094 -3 0.8999999761581421
    vertex -35.349998474121094 -2 0.8999999761581421
  endloop
endfacet
facet normal 0 0 0
  outer loop
    vertex -35.349998474121094 -3 0.8999999761581421
    vertex -35.349998474121094 -3 2
    vertex -34.349998474121094 -3 0.8999999761581421
  endloop
endfacet
facet normal 0 0 0
  outer loop
    vertex -34.349998474121094 -3 0.8999999761581421
    vertex -35.349998474121094 -3 2
    vertex -34.349998474121094 -3 2
  endloop
endfacet
facet normal 0 0 0
  outer loop
    vertex -34.349998474121094 -3 0.8999999761581421
    vertex -35.349998474121094 2 0.8999999761581421
    vertex -35.349998474121094 -2 0.8999999761581421
  endloop
endfacet
facet normal 0 0 0
  outer loop
    vertex -34.349998474121094 -3 0.8999999761581421
    vertex -34.349998474121094 -2 0.8999999761581421
    vertex -35.349998474121094 2.25 0.8999999761581421
  endloop
endfacet
facet normal 0 0 0
  outer loop
    vertex -34.349998474121094 -2 0.8999999761581421
    vertex -34.349998474121094 -2 2
    vertex -34.349998474121094 2 1.100000023841858
  endloop
endfacet
facet normal 0 0 0
  outer loop
    vertex -35.349998474121094 -2 0.8999999761581421
    vertex -35.349998474121094 2 2
    vertex -35.349998474121094 -2 2
  endloop
endfacet
facet normal 0 0 0
  outer loop
    vertex -34.349998474121094 -3 0.8999999761581421
    vertex -35.349998474121094 2.25 0.8999999761581421
    vertex -35.349998474121094 2 0.8999999761581421
  endloop
endfacet
facet normal 0 0 0
  outer loop
    vertex -34.349998474121094 -2 0.8999999761581421
    vertex -34.349998474121094 2 0.8999999761581421
    vertex -35.349998474121094 2.25 0.8999999761581421
  endloop
endfacet
facet normal 0 0 0
  outer loop
    vertex -34.349998474121094 -2 0.8999999761581421
    vertex -34.349998474121094 2 1.100000023841858
    vertex -34.349998474121094 2 0.8999999761581421
  endloop
endfacet
facet normal 0 0 0
  outer loop
    vertex -35.349998474121094 -2 0.8999999761581421
    vertex -35.349998474121094 2 0.8999999761581421
    vertex -35.349998474121094 2 2
  endloop
endfacet
facet normal 0 0 0
  outer loop
    vertex -34.349998474121094 -2 2
    vertex -34.349998474121094 2.454545497894287 1.5545454025268555
    vertex -34.349998474121094 2 1.100000023841858
  endloop
endfacet
facet normal 0 0 0
  outer loop
    vertex -34.92142868041992 3 1.414285659790039
    vertex -34.349998474121094 3 1.5
    vertex -34.349998474121094 3 2
  endloop
endfacet
facet normal 0 0 0
  outer loop
    vertex -34.92142868041992 3 1.414285659790039
    vertex -34.349998474121094 3 2
    vertex -35.349998474121094 3 1.7999999523162842
  endloop
endfacet
facet normal 0 0 0
  outer loop
    vertex -34.349998474121094 2.454545497894287 1.5545454025268555
    vertex -34.349998474121094 3 2
    vertex -34.349998474121094 3 1.5
  endloop
endfacet
facet normal 0 0 0
  outer loop
    vertex -34.349998474121094 -2 2
    vertex -34.349998474121094 3 2
    vertex -34.349998474121094 2.454545497894287 1.5545454025268555
  endloop
endfacet
facet normal 0 0 0
  outer loop
    vertex -35.349998474121094 3 1.7999999523162842
    vertex -34.349998474121094 3 2
    vertex -35.349998474121094 3 2
  endloop
endfacet
facet normal 0 0 0
  outer loop
    vertex -38.349998474121094 -3 0.8999999761581421
    vertex -37.349998474121094 -3 0.8999999761581421
    vertex -37.48043441772461 -2.2173912525177 0.8999999761581421
  endloop
endfacet
facet normal 0 0 0
  outer loop
    vertex -37.349998474121094 -3 0.8999999761581421
    vertex -35.349998474121094 -3 0.8999999761581421
    vertex -37.48043441772461 -2.2173912525177 0.8999999761581421
  endloop
endfacet
facet normal 0 0 0
  outer loop
    vertex -37.349998474121094 -3 0.8999999761581421
    vertex -37.349998474121094 -3 2
    vertex -35.349998474121094 -3 0.8999999761581421
  endloop
endfacet
facet normal 0 0 0
  outer loop
    vertex -34.349998474121094 -3 0.8999999761581421
    vertex -34.349998474121094 -3 2
    vertex -34.349998474121094 -2 0.8999999761581421
  endloop
endfacet
facet normal 0 0 0
  outer loop
    vertex -35.349998474121094 -3 0.8999999761581421
    vertex -37.349998474121094 -3 2
    vertex -35.349998474121094 -3 2
  endloop
endfacet
facet normal 0 0 0
  outer loop
    vertex -35.349998474121094 -3 0.8999999761581421
    vertex -37.349998474121094 -2 0.8999999761581421
    vertex -37.48043441772461 -2.2173912525177 0.8999999761581421
  endloop
endfacet
facet normal 0 0 0
  outer loop
    vertex -35.349998474121094 -3 0.8999999761581421
    vertex -35.349998474121094 -2 0.8999999761581421
    vertex -37.349998474121094 -2 0.8999999761581421
  endloop
endfacet
facet normal 0 0 0
  outer loop
    vertex -37.349998474121094 -2 0.8999999761581421
    vertex -35.349998474121094 -2 0.8999999761581421
    vertex -35.349998474121094 -2 2
  endloop
endfacet
facet normal 0 0 0
  outer loop
    vertex -37.349998474121094 -2 0.8999999761581421
    vertex -35.349998474121094 -2 2
    vertex -37.349998474121094 -2 2
  endloop
endfacet
facet normal 0 0 0
  outer loop
    vertex -34.349998474121094 -2 0.8999999761581421
    vertex -34.349998474121094 -3 2
    vertex -34.349998474121094 -2 2
  endloop
endfacet
facet normal 0 0 0
  outer loop
    vertex -37.349998474121094 2 0.8999999761581421
    vertex -35.349998474121094 2 0.8999999761581421
    vertex -35.349998474121094 2.25 0.8999999761581421
  endloop
endfacet
facet normal 0 0 0
  outer loop
    vertex -37.349998474121094 2 0.8999999761581421
    vertex -35.349998474121094 2.25 0.8999999761581421
    vertex -37.349998474121094 3 0.8999999761581421
  endloop
endfacet
facet normal 0 0 0
  outer loop
    vertex -34.349998474121094 2 0.8999999761581421
    vertex -34.349998474121094 3 0.8999999761581421
    vertex -35.349998474121094 2.25 0.8999999761581421
  endloop
endfacet
facet normal 0 0 0
  outer loop
    vertex -34.349998474121094 2 0.8999999761581421
    vertex -34.349998474121094 2.454545497894287 1.5545454025268555
    vertex -34.349998474121094 3 0.8999999761581421
  endloop
endfacet
facet normal 0 0 0
  outer loop
    vertex -37.349998474121094 2 0.8999999761581421
    vertex -37.349998474121094 2 2
    vertex -35.349998474121094 2 0.8999999761581421
  endloop
endfacet
facet normal 0 0 0
  outer loop
    vertex -34.349998474121094 2 0.8999999761581421
    vertex -34.349998474121094 2 1.100000023841858
    vertex -34.349998474121094 2.454545497894287 1.5545454025268555
  endloop
endfacet
facet normal 0 0 0
  outer loop
    vertex -35.349998474121094 2 0.8999999761581421
    vertex -37.349998474121094 2 2
    vertex -35.349998474121094 2 2
  endloop
endfacet
facet normal 0 0 0
  outer loop
    vertex -35.349998474121094 2.25 0.8999999761581421
    vertex -34.349998474121094 3 0.8999999761581421
    vertex -37.349998474121094 3 0.8999999761581421
  endloop
endfacet
facet normal 0 0 0
  outer loop
    vertex -37.349998474121094 3 0.8999999761581421
    vertex -34.349998474121094 3 0.8999999761581421
    vertex -34.92142868041992 3 1.414285659790039
  endloop
endfacet
facet normal 0 0 0
  outer loop
    vertex -34.349998474121094 3 0.8999999761581421
    vertex -34.349998474121094 3 1.5
    vertex -34.92142868041992 3 1.414285659790039
  endloop
endfacet
facet normal 0 0 0
  outer loop
    vertex -37.349998474121094 3 0.8999999761581421
    vertex -34.92142868041992 3 1.414285659790039
    vertex -35.349998474121094 3 1.7999999523162842
  endloop
endfacet
facet normal 0 0 0
  outer loop
    vertex -34.349998474121094 2.454545497894287 1.5545454025268555
    vertex -34.349998474121094 3 1.5
    vertex -34.349998474121094 3 0.8999999761581421
  endloop
endfacet
facet normal 0 0 0
  outer loop
    vertex -37.349998474121094 3 0.8999999761581421
    vertex -35.349998474121094 3 1.7999999523162842
    vertex -35.349998474121094 3 2
  endloop
endfacet
facet normal 0 0 0
  outer loop
    vertex -37.349998474121094 3 0.8999999761581421
    vertex -35.349998474121094 3 2
    vertex -37.349998474121094 3 2
  endloop
endfacet
facet normal 0 0 0
  outer loop
    vertex -33.150001525878906 -3 0.8999999761581421
    vertex -33.150001525878906 -3 2
    vertex -32.150001525878906 -3 0.8999999761581421
  endloop
endfacet
facet normal 0 0 0
  outer loop
    vertex -32.150001525878906 -3 0.8999999761581421
    vertex -33.150001525878906 -3 2
    vertex -32.150001525878906 -3 2
  endloop
endfacet
facet normal 0 0 0
  outer loop
    vertex -33.150001525878906 -3 0.8999999761581421
    vertex -32.150001525878906 -3 0.8999999761581421
    vertex -32.983333587646484 2 0.8999999761581421
  endloop
endfacet
facet normal 0 0 0
  outer loop
    vertex -32.150001525878906 -3 0.8999999761581421
    vertex -32.150001525878906 -3 2
    vertex -32.150001525878906 2 0.8999999761581421
  endloop
endfacet
facet normal 0 0 0
  outer loop
    vertex -33.150001525878906 -3 0.8999999761581421
    vertex -33.150001525878906 2 2
    vertex -33.150001525878906 -3 2
  endloop
endfacet
facet normal 0 0 0
  outer loop
    vertex -33.150001525878906 -3 0.8999999761581421
    vertex -32.983333587646484 2 0.8999999761581421
    vertex -33.150001525878906 2 0.8999999761581421
  endloop
endfacet
facet normal 0 0 0
  outer loop
    vertex -32.150001525878906 -3 0.8999999761581421
    vertex -32.150001525878906 2 0.8999999761581421
    vertex -32.983333587646484 2 0.8999999761581421
  endloop
endfacet
facet normal 0 0 0
  outer loop
    vertex -33.150001525878906 -3 0.8999999761581421
    vertex -33.150001525878906 2 0.8999999761581421
    vertex -33.150001525878906 2 2
  endloop
endfacet
facet normal 0 0 0
  outer loop
    vertex -32.150001525878906 -3 2
    vertex -32.150001525878906 2 2
    vertex -32.150001525878906 2 0.8999999761581421
  endloop
endfacet
facet normal 0 0 0
  outer loop
    vertex -30.149999618530273 -3 0.8999999761581421
    vertex -30.149999618530273 -3 2
    vertex -29.149999618530273 -3 0.8999999761581421
  endloop
endfacet
facet normal 0 0 0
  outer loop
    vertex -29.149999618530273 -3 0.8999999761581421
    vertex -30.149999618530273 -3 2
    vertex -29.149999618530273 -3 2
  endloop
endfacet
facet normal 0 0 0
  outer loop
    vertex -30.149999618530273 -3 0.8999999761581421
    vertex -29.149999618530273 -3 0.8999999761581421
    vertex -29.983333587646484 2 0.8999999761581421
  endloop
endfacet
facet normal 0 0 0
  outer loop
    vertex -30.149999618530273 -3 0.8999999761581421
    vertex -30.149999618530273 2 0.8999999761581421
    vertex -30.149999618530273 -3 2
  endloop
endfacet
facet normal 0 0 0
  outer loop
    vertex -29.149999618530273 -3 0.8999999761581421
    vertex -29.149999618530273 -3 2
    vertex -29.149999618530273 2.142857074737549 0.8999999761581421
  endloop
endfacet
facet normal 0 0 0
  outer loop
    vertex -30.149999618530273 -3 0.8999999761581421
    vertex -29.983333587646484 2 0.8999999761581421
    vertex -30.149999618530273 2 0.8999999761581421
  endloop
endfacet
facet normal 0 0 0
  outer loop
    vertex -29.149999618530273 -3 0.8999999761581421
    vertex -29.149999618530273 2.142857074737549 0.8999999761581421
    vertex -29.983333587646484 2 0.8999999761581421
  endloop
endfacet
facet normal 0 0 0
  outer loop
    vertex -29.983333587646484 2 0.8999999761581421
    vertex -29.149999618530273 2.142857074737549 0.8999999761581421
    vertex -30.01956558227539 2.2173912525177 0.8999999761581421
  endloop
endfacet
facet normal 0 0 0
  outer loop
    vertex -29.149999618530273 -3 2
    vertex -29.149999618530273 3 0.8999999761581421
    vertex -29.149999618530273 2.142857074737549 0.8999999761581421
  endloop
endfacet
facet normal 0 0 0
  outer loop
    vertex -30.149999618530273 -3 2
    vertex -30.149999618530273 2 0.8999999761581421
    vertex -30.149999618530273 2 2
  endloop
endfacet
facet normal 0 0 0
  outer loop
    vertex -29.149999618530273 -3 2
    vertex -29.149999618530273 3 2
    vertex -29.149999618530273 3 0.8999999761581421
  endloop
endfacet
facet normal 0 0 0
  outer loop
    vertex -33.150001525878906 2 0.8999999761581421
    vertex -32.983333587646484 2 0.8999999761581421
    vertex -33.150001525878906 3 0.8999999761581421
  endloop
endfacet
facet normal 0 0 0
  outer loop
    vertex -32.983333587646484 2 0.8999999761581421
    vertex -32.150001525878906 2 0.8999999761581421
    vertex -33.150001525878906 3 0.8999999761581421
  endloop
endfacet
facet normal 0 0 0
  outer loop
    vertex -32.150001525878906 2 0.8999999761581421
    vertex -31.649999618530273 2 0.8999999761581421
    vertex -33.150001525878906 3 0.8999999761581421
  endloop
endfacet
facet normal 0 0 0
  outer loop
    vertex -31.649999618530273 2 0.8999999761581421
    vertex -31.316667556762695 2 0.8999999761581421
    vertex -33.150001525878906 3 0.8999999761581421
  endloop
endfacet
facet normal 0 0 0
  outer loop
    vertex -31.316667556762695 2 0.8999999761581421
    vertex -30.649999618530273 2 0.8999999761581421
    vertex -30.01956558227539 2.2173912525177 0.8999999761581421
  endloop
endfacet
facet normal 0 0 0
  outer loop
    vertex -31.316667556762695 2 0.8999999761581421
    vertex -30.01956558227539 2.2173912525177 0.8999999761581421
    vertex -33.150001525878906 3 0.8999999761581421
  endloop
endfacet
facet normal 0 0 0
  outer loop
    vertex -30.649999618530273 2 0.8999999761581421
    vertex -30.149999618530273 2 0.8999999761581421
    vertex -30.01956558227539 2.2173912525177 0.8999999761581421
  endloop
endfacet
facet normal 0 0 0
  outer loop
    vertex -30.149999618530273 2 0.8999999761581421
    vertex -29.983333587646484 2 0.8999999761581421
    vertex -30.01956558227539 2.2173912525177 0.8999999761581421
  endloop
endfacet
facet normal 0 0 0
  outer loop
    vertex -29.149999618530273 2.142857074737549 0.8999999761581421
    vertex -29.149999618530273 3 0.8999999761581421
    vertex -30.01956558227539 2.2173912525177 0.8999999761581421
  endloop
endfacet
facet normal 0 0 0
  outer loop
    vertex -32.150001525878906 2 0.8999999761581421
    vertex -32.150001525878906 2 2
    vertex -31.649999618530273 2 0.8999999761581421
  endloop
endfacet
facet normal 0 0 0
  outer loop
    vertex -30.649999618530273 2 0.8999999761581421
    vertex -30.649999618530273 2 2
    vertex -30.149999618530273 2 0.8999999761581421
  endloop
endfacet
facet normal 0 0 0
  outer loop
    vertex -33.150001525878906 2 0.8999999761581421
    vertex -33.150001525878906 3 2
    vertex -33.150001525878906 2 2
  endloop
endfacet
facet normal 0 0 0
  outer loop
    vertex -31.649999618530273 2 0.8999999761581421
    vertex -32.150001525878906 2 2
    vertex -31.649999618530273 2 2
  endloop
endfacet
facet normal 0 0 0
  outer loop
    vertex -30.149999618530273 2 0.8999999761581421
    vertex -30.649999618530273 2 2
    vertex -30.149999618530273 2 2
  endloop
endfacet
facet normal 0 0 0
  outer loop
    vertex -30.01956558227539 2.2173912525177 0.8999999761581421
    vertex -29.149999618530273 3 0.8999999761581421
    vertex -33.150001525878906 3 0.8999999761581421
  endloop
endfacet
facet normal 0 0 0
  outer loop
    vertex -33.150001525878906 2 0.8999999761581421
    vertex -33.150001525878906 3 0.8999999761581421
    vertex -33.150001525878906 3 2
  endloop
endfacet
facet normal 0 0 0
  outer loop
    vertex -33.150001525878906 3 0.8999999761581421
    vertex -29.149999618530273 3 0.8999999761581421
    vertex -29.149999618530273 3 2
  endloop
endfacet
facet normal 0 0 0
  outer loop
    vertex -33.150001525878906 3 0.8999999761581421
    vertex -29.149999618530273 3 2
    vertex -33.150001525878906 3 2
  endloop
endfacet
facet normal 0 0 0
  outer loop
    vertex -31.649999618530273 0 0.8999999761581421
    vertex -30.649999618530273 0 0.8999999761581421
    vertex -31.316667556762695 2 0.8999999761581421
  endloop
endfacet
facet normal 0 0 0
  outer loop
    vertex -31.649999618530273 0 0.8999999761581421
    vertex -31.316667556762695 2 0.8999999761581421
    vertex -31.649999618530273 2 0.8999999761581421
  endloop
endfacet
facet normal 0 0 0
  outer loop
    vertex -30.649999618530273 0 0.8999999761581421
    vertex -30.649999618530273 2 0.8999999761581421
    vertex -31.316667556762695 2 0.8999999761581421
  endloop
endfacet
facet normal 0 0 0
  outer loop
    vertex -31.649999618530273 0 0.8999999761581421
    vertex -31.649999618530273 0 2
    vertex -30.649999618530273 0 0.8999999761581421
  endloop
endfacet
facet normal 0 0 0
  outer loop
    vertex -30.649999618530273 0 0.8999999761581421
    vertex -30.649999618530273 0 2
    vertex -30.649999618530273 2 0.8999999761581421
  endloop
endfacet
facet normal 0 0 0
  outer loop
    vertex -31.649999618530273 0 0.8999999761581421
    vertex -31.649999618530273 2 2
    vertex -31.649999618530273 0 2
  endloop
endfacet
facet normal 0 0 0
  outer loop
    vertex -30.649999618530273 0 0.8999999761581421
    vertex -31.649999618530273 0 2
    vertex -30.649999618530273 0 2
  endloop
endfacet
facet normal 0 0 0
  outer loop
    vertex -31.649999618530273 0 0.8999999761581421
    vertex -31.649999618530273 2 0.8999999761581421
    vertex -31.649999618530273 2 2
  endloop
endfacet
facet normal 0 0 0
  outer loop
    vertex -30.649999618530273 2 0.8999999761581421
    vertex -30.649999618530273 0 2
    vertex -30.649999618530273 2 2
  endloop
endfacet
facet normal 0 0 0
  outer loop
    vertex -1.7421584129333496 -11 -2
    vertex -1.0728261470794678 -10.892586708068848 -2
    vertex -1.0928910970687866 -11.096309661865234 -2
  endloop
endfacet
facet normal 0 0 0
  outer loop
    vertex -1.7421584129333496 -11 -2
    vertex -2.4834513664245605 -8.18684196472168 -2
    vertex -1.0728261470794678 -10.892586708068848 -2
  endloop
endfacet
facet normal 0 0 0
  outer loop
    vertex -0.9956807494163513 -10.83424186706543 -2
    vertex -0.22374355792999268 -10.962751388549805 -2
    vertex -0.3359050750732422 -11.069402694702148 -2
  endloop
endfacet
facet normal 0 0 0
  outer loop
    vertex -1.0728261470794678 -10.892586708068848 -2
    vertex -0.9956807494163513 -10.83424186706543 -2
    vertex -0.3359050750732422 -11.069402694702148 -2
  endloop
endfacet
facet normal 0 0 0
  outer loop
    vertex 0 -10.75 -2
    vertex 0.10497861355543137 -10.746092796325684 -2
    vertex 0.10396305471658707 -10.75 -2
  endloop
endfacet
facet normal 0 0 0
  outer loop
    vertex 1.0928910970687866 -11.096309661865234 -2
    vertex 1.5899860858917236 -7.9934000968933105 -2
    vertex 2.1752572059631348 -10.935755729675293 -2
  endloop
endfacet
facet normal 0 0 0
  outer loop
    vertex -1.7421584129333496 -11 -2
    vertex -1.0928910970687866 -11.096309661865234 -2
    vertex -1.7421584129333496 -11 2
  endloop
endfacet
facet normal 0 0 0
  outer loop
    vertex -1.0928910970687866 -11.096309661865234 -2
    vertex -0.4000000059604645 -11.130349159240723 -2
    vertex -0.4000000059604645 -11.130349159240723 2
  endloop
endfacet
facet normal 0 0 0
  outer loop
    vertex 0.4000000059604645 -11.130349159240723 -2
    vertex 1.0928910970687866 -11.096309661865234 -2
    vertex 1.0928910970687866 -11.096309661865234 2
  endloop
endfacet
facet normal 0 0 0
  outer loop
    vertex 1.0928910970687866 -11.096309661865234 -2
    vertex 2.1752572059631348 -10.935755729675293 -2
    vertex 1.0928910970687866 -11.096309661865234 2
  endloop
endfacet
facet normal 0 0 0
  outer loop
    vertex 2.1752572059631348 -10.935755729675293 -2
    vertex 3.2366740703582764 -10.66988468170166 -2
    vertex 2.1752572059631348 -10.935755729675293 2
  endloop
endfacet
facet normal 0 0 0
  outer loop
    vertex 3.2366740703582764 -10.66988468170166 -2
    vertex 4.26692008972168 -10.301257133483887 -2
    vertex 3.2366740703582764 -10.66988468170166 2
  endloop
endfacet
facet normal 0 0 0
  outer loop
    vertex 4.26692008972168 -10.301257133483887 -2
    vertex 5.224162578582764 -9.848514556884766 -2
    vertex 4.26692008972168 -10.301257133483887 2
  endloop
endfacet
facet normal 0 0 0
  outer loop
    vertex -1.0928910970687866 -11.096309661865234 -2
    vertex -1.0928910970687866 -11.096309661865234 2
    vertex -1.7421584129333496 -11 2
  endloop
endfacet
facet normal 0 0 0
  outer loop
    vertex -1.0928910970687866 -11.096309661865234 -2
    vertex -0.4000000059604645 -11.130349159240723 2
    vertex -1.0928910970687866 -11.096309661865234 2
  endloop
endfacet
facet normal 0 0 0
  outer loop
    vertex 0.4000000059604645 -11.130349159240723 -2
    vertex 1.0928910970687866 -11.096309661865234 2
    vertex 0.4000000059604645 -11.130349159240723 2
  endloop
endfacet
facet normal 0 0 0
  outer loop
    vertex 2.1752572059631348 -10.935755729675293 -2
    vertex 2.1752572059631348 -10.935755729675293 2
    vertex 1.0928910970687866 -11.096309661865234 2
  endloop
endfacet
facet normal 0 0 0
  outer loop
    vertex 3.2366740703582764 -10.66988468170166 -2
    vertex 3.2366740703582764 -10.66988468170166 2
    vertex 2.1752572059631348 -10.935755729675293 2
  endloop
endfacet
facet normal 0 0 0
  outer loop
    vertex 4.26692008972168 -10.301257133483887 -2
    vertex 4.26692008972168 -10.301257133483887 2
    vertex 3.2366740703582764 -10.66988468170166 2
  endloop
endfacet
facet normal 0 0 0
  outer loop
    vertex -4.251139163970947 -10.185651779174805 2
    vertex -4.220998287200928 -10.190391540527344 2
    vertex -4.2499189376831055 -10.176712989807129 2
  endloop
endfacet
facet normal 0 0 0
  outer loop
    vertex -4.251139163970947 -10.185651779174805 2
    vertex -3.260265350341797 -10.534147262573242 2
    vertex -4.220998287200928 -10.190391540527344 2
  endloop
endfacet
facet normal 0 0 0
  outer loop
    vertex -2.1824517250061035 -10.817331314086914 2
    vertex -2.151846170425415 -10.818061828613281 2
    vertex -2.182879686355591 -10.810288429260254 2
  endloop
endfacet
facet normal 0 0 0
  outer loop
    vertex -1.7421584129333496 -11 2
    vertex -1.0928910970687866 -11.096309661865234 2
    vertex -1.1083202362060547 -11 2
  endloop
endfacet
facet normal 0 0 0
  outer loop
    vertex -1.0928910970687866 -11.096309661865234 2
    vertex -0.8923189043998718 -10.996063232421875 2
    vertex -1.1083202362060547 -11 2
  endloop
endfacet
facet normal 0 0 0
  outer loop
    vertex -1.1083202362060547 -11 2
    vertex -0.8923189043998718 -10.996063232421875 2
    vertex -1.109437108039856 -10.993027687072754 2
  endloop
endfacet
facet normal 0 0 0
  outer loop
    vertex -1.0811290740966797 -10.976887702941895 2
    vertex -1.1127749681472778 -10.972193717956543 2
    vertex -1.112091064453125 -10.976462364196777 2
  endloop
endfacet
facet normal 0 0 0
  outer loop
    vertex -3.232182264328003 -10.550148010253906 2
    vertex -3.2018399238586426 -10.555051803588867 2
    vertex -3.231961965560913 -10.54427433013916 2
  endloop
endfacet
facet normal 0 0 0
  outer loop
    vertex -1.0928910970687866 -11.096309661865234 2
    vertex -0.4000000059604645 -11.130349159240723 2
    vertex -0.8923189043998718 -10.996063232421875 2
  endloop
endfacet
facet normal 0 0 0
  outer loop
    vertex -0.8923189043998718 -10.996063232421875 2
    vertex -0.4000000059604645 -11.130349159240723 2
    vertex -0.4000000059604645 -11.01034927368164 2
  endloop
endfacet
facet normal 0 0 0
  outer loop
    vertex -0.8923189043998718 -10.996063232421875 2
    vertex -0.4000000059604645 -11.01034927368164 2
    vertex -0.8742843270301819 -10.987049102783203 2
  endloop
endfacet
facet normal 0 0 0
  outer loop
    vertex 0.4000000059604645 -11.130349159240723 2
    vertex 1.0811290740966797 -10.976887702941895 2
    vertex 0.4000000059604645 -11.01034927368164 2
  endloop
endfacet
facet normal 0 0 0
  outer loop
    vertex 0.4000000059604645 -11.130349159240723 2
    vertex 1.0928910970687866 -11.096309661865234 2
    vertex 1.0811290740966797 -10.976887702941895 2
  endloop
endfacet
facet normal 0 0 0
  outer loop
    vertex 1.0928910970687866 -11.096309661865234 2
    vertex 2.151846170425415 -10.818061828613281 2
    vertex 1.0811290740966797 -10.976887702941895 2
  endloop
endfacet
facet normal 0 0 0
  outer loop
    vertex 1.0928910970687866 -11.096309661865234 2
    vertex 2.1752572059631348 -10.935755729675293 2
    vertex 2.151846170425415 -10.818061828613281 2
  endloop
endfacet
facet normal 0 0 0
  outer loop
    vertex 2.1752572059631348 -10.935755729675293 2
    vertex 3.2018399238586426 -10.555051803588867 2
    vertex 2.151846170425415 -10.818061828613281 2
  endloop
endfacet
facet normal 0 0 0
  outer loop
    vertex 2.1752572059631348 -10.935755729675293 2
    vertex 3.2366740703582764 -10.66988468170166 2
    vertex 3.2018399238586426 -10.555051803588867 2
  endloop
endfacet
facet normal 0 0 0
  outer loop
    vertex 3.2366740703582764 -10.66988468170166 2
    vertex 4.220998287200928 -10.190391540527344 2
    vertex 3.2018399238586426 -10.555051803588867 2
  endloop
endfacet
facet normal 0 0 0
  outer loop
    vertex 3.2366740703582764 -10.66988468170166 2
    vertex 4.26692008972168 -10.301257133483887 2
    vertex 4.220998287200928 -10.190391540527344 2
  endloop
endfacet
facet normal 0 0 0
  outer loop
    vertex 4.220998287200928 -10.190391540527344 2
    vertex 4.26692008972168 -10.301257133483887 2
    vertex 5.164033889770508 -9.744368553161621 2
  endloop
endfacet
facet normal 0 0 0
  outer loop
    vertex -7.050363063812256 -8.300566673278809 -2
    vertex -7.608685493469238 -7.04935359954834 -2
    vertex -3.4005606174468994 -8.20967960357666 -2
  endloop
endfacet
facet normal 0 0 0
  outer loop
    vertex -3.4005606174468994 -8.20967960357666 -2
    vertex -7.608685493469238 -7.04935359954834 -2
    vertex -3.179311990737915 -7.675538063049316 -2
  endloop
endfacet
facet normal 0 0 0
  outer loop
    vertex -3.2539398670196533 -10.66370677947998 -2
    vertex -3.4005606174468994 -8.20967960357666 -2
    vertex -2.1204674243927 -10.660309791564941 -2
  endloop
endfacet
facet normal 0 0 0
  outer loop
    vertex -2.0412704944610596 -10.660758018493652 -2
    vertex -2.1204674243927 -10.660309791564941 -2
    vertex -2.4834513664245605 -8.18684196472168 -2
  endloop
endfacet
facet normal 0 0 0
  outer loop
    vertex -1.7421584129333496 -11 -2
    vertex -2.0412704944610596 -10.660758018493652 -2
    vertex -2.4834513664245605 -8.18684196472168 -2
  endloop
endfacet
facet normal 0 0 0
  outer loop
    vertex -1.0728261470794678 -10.892586708068848 -2
    vertex -2.4834513664245605 -8.18684196472168 -2
    vertex -0.9956807494163513 -10.83424186706543 -2
  endloop
endfacet
facet normal 0 0 0
  outer loop
    vertex -2.1204674243927 -10.660309791564941 -2
    vertex -3.4005606174468994 -8.20967960357666 -2
    vertex -3.179311990737915 -7.675538063049316 -2
  endloop
endfacet
facet normal 0 0 0
  outer loop
    vertex -2.1204674243927 -10.660309791564941 -2
    vertex -3.179311990737915 -7.675538063049316 -2
    vertex -2.4834513664245605 -8.18684196472168 -2
  endloop
endfacet
facet normal 0 0 0
  outer loop
    vertex -0.9956807494163513 -10.83424186706543 -2
    vertex -2.4834513664245605 -8.18684196472168 -2
    vertex -0.33770743012428284 -8.13340950012207 -2
  endloop
endfacet
facet normal 0 0 0
  outer loop
    vertex 0 -10.75 -2
    vertex 0 -8.149999618530273 -2
    vertex 0.10497861355543137 -10.746092796325684 -2
  endloop
endfacet
facet normal 0 0 0
  outer loop
    vertex -0.9956807494163513 -10.83424186706543 -2
    vertex -0.33770743012428284 -8.13340950012207 -2
    vertex -0.019369779154658318 -8.149048805236816 -2
  endloop
endfacet
facet normal 0 0 0
  outer loop
    vertex 1.0928910970687866 -11.096309661865234 -2
    vertex 0.7988396883010864 -8.110755920410156 -2
    vertex 1.5899860858917236 -7.9934000968933105 -2
  endloop
endfacet
facet normal 0 0 0
  outer loop
    vertex -2.4834513664245605 -8.18684196472168 -2
    vertex -3.179311990737915 -7.675538063049316 -2
    vertex -2.405193328857422 -7.784975528717041 -2
  endloop
endfacet
facet normal 0 0 0
  outer loop
    vertex 3.2366740703582764 -10.66988468170166 -2
    vertex 3.8370468616485596 -7.215487003326416 -2
    vertex 4.26692008972168 -10.301257133483887 -2
  endloop
endfacet
facet normal 0 0 0
  outer loop
    vertex 4.26692008972168 -10.301257133483887 -2
    vertex 4.525811672210693 -6.8046464920043945 -2
    vertex 5.224162578582764 -9.848514556884766 -2
  endloop
endfacet
facet normal 0 0 0
  outer loop
    vertex 5.224162578582764 -9.848514556884766 -2
    vertex 4.5529279708862305 -6.881558418273926 -2
    vertex 5.691574573516846 -9.572393417358398 -2
  endloop
endfacet
facet normal 0 0 0
  outer loop
    vertex 3.2366740703582764 -10.66988468170166 -2
    vertex 3.8250136375427246 -7.195637226104736 -2
    vertex 3.8370468616485596 -7.215487003326416 -2
  endloop
endfacet
facet normal 0 0 0
  outer loop
    vertex 5.691574573516846 -9.572393417358398 -2
    vertex 5.755298137664795 -5.8241353034973145 -2
    vertex 5.912167549133301 -9.440174102783203 -2
  endloop
endfacet
facet normal 0 0 0
  outer loop
    vertex 5.912167549133301 -9.440174102783203 -2
    vertex 5.755298137664795 -5.8241353034973145 -2
    vertex 6.194608211517334 -9.270886421203613 -2
  endloop
endfacet
facet normal 0 0 0
  outer loop
    vertex 4.26692008972168 -10.301257133483887 -2
    vertex 4.511890888214111 -6.786071300506592 -2
    vertex 4.525811672210693 -6.8046464920043945 -2
  endloop
endfacet
facet normal 0 0 0
  outer loop
    vertex 5.224162578582764 -9.848514556884766 -2
    vertex 4.525811672210693 -6.8046464920043945 -2
    vertex 4.526455879211426 -6.7959465980529785 -2
  endloop
endfacet
facet normal 0 0 0
  outer loop
    vertex 5.224162578582764 -9.848514556884766 -2
    vertex 4.526455879211426 -6.7959465980529785 -2
    vertex 4.5529279708862305 -6.881558418273926 -2
  endloop
endfacet
facet normal 0 0 0
  outer loop
    vertex 5.691574573516846 -9.572393417358398 -2
    vertex 4.5529279708862305 -6.881558418273926 -2
    vertex 5.183187484741211 -6.830732822418213 -2
  endloop
endfacet
facet normal 0 0 0
  outer loop
    vertex 6.194608211517334 -9.270886421203613 -2
    vertex 6.764391899108887 -4.626408100128174 -2
    vertex 7.073484897613525 -8.61906623840332 -2
  endloop
endfacet
facet normal 0 0 0
  outer loop
    vertex 5.691574573516846 -9.572393417358398 -2
    vertex 5.183187484741211 -6.830732822418213 -2
    vertex 5.742719650268555 -5.925151348114014 -2
  endloop
endfacet
facet normal 0 0 0
  outer loop
    vertex 5.691574573516846 -9.572393417358398 -2
    vertex 5.742719650268555 -5.925151348114014 -2
    vertex 5.755298137664795 -5.8241353034973145 -2
  endloop
endfacet
facet normal 0 0 0
  outer loop
    vertex 5.183187484741211 -6.830732822418213 -2
    vertex 5.740719795227051 -5.783041477203369 -2
    vertex 5.742719650268555 -5.925151348114014 -2
  endloop
endfacet
facet normal 0 0 0
  outer loop
    vertex 6.194608211517334 -9.270886421203613 -2
    vertex 6.749811172485352 -4.563852310180664 -2
    vertex 6.764391899108887 -4.626408100128174 -2
  endloop
endfacet
facet normal 0 0 0
  outer loop
    vertex 7.073484897613525 -8.61906623840332 -2
    vertex 7.518184185028076 -3.2567427158355713 -2
    vertex 7.884240627288818 -7.884240627288818 -2
  endloop
endfacet
facet normal 0 0 0
  outer loop
    vertex 7.073484897613525 -8.61906623840332 -2
    vertex 7.501016616821289 -3.1793432235717773 -2
    vertex 7.518184185028076 -3.2567427158355713 -2
  endloop
endfacet
facet normal 0 0 0
  outer loop
    vertex 5.912167549133301 -9.440174102783203 -2
    vertex 6.194608211517334 -9.270886421203613 -2
    vertex 5.912167549133301 -9.440174102783203 2
  endloop
endfacet
facet normal 0 0 0
  outer loop
    vertex 6.194608211517334 -9.270886421203613 -2
    vertex 7.073484897613525 -8.61906623840332 -2
    vertex 6.194608211517334 -9.270886421203613 2
  endloop
endfacet
facet normal 0 0 0
  outer loop
    vertex 7.073484897613525 -8.61906623840332 -2
    vertex 7.884240627288818 -7.884240627288818 -2
    vertex 7.073484897613525 -8.61906623840332 2
  endloop
endfacet
facet normal 0 0 0
  outer loop
    vertex 7.884240627288818 -7.884240627288818 -2
    vertex 8.61906623840332 -7.073484897613525 -2
    vertex 7.884240627288818 -7.884240627288818 2
  endloop
endfacet
facet normal 0 0 0
  outer loop
    vertex 8.61906623840332 -7.073484897613525 -2
    vertex 9.270886421203613 -6.194608211517334 -2
    vertex 8.61906623840332 -7.073484897613525 2
  endloop
endfacet
facet normal 0 0 0
  outer loop
    vertex 9.270886421203613 -6.194608211517334 -2
    vertex 9.440174102783203 -5.912167549133301 -2
    vertex 9.270886421203613 -6.194608211517334 2
  endloop
endfacet
facet normal 0 0 0
  outer loop
    vertex 7.884240627288818 -7.884240627288818 -2
    vertex 8.079886436462402 -1.006945013999939 -2
    vertex 8.09797477722168 -0.8849992156028748 -2
  endloop
endfacet
facet normal 0 0 0
  outer loop
    vertex 9.270886421203613 -6.194608211517334 -2
    vertex 9.831368446350098 5.214262962341309 -2
    vertex 9.440174102783203 -5.912167549133301 -2
  endloop
endfacet
facet normal 0 0 0
  outer loop
    vertex 9.440174102783203 -5.912167549133301 -2
    vertex 9.833133697509766 5.250199794769287 -2
    vertex 9.717707633972168 -5.449131011962891 -2
  endloop
endfacet
facet normal 0 0 0
  outer loop
    vertex 9.717707633972168 -5.449131011962891 -2
    vertex 9.833133697509766 5.250199794769287 -2
    vertex 9.848514556884766 -5.224162578582764 -2
  endloop
endfacet
facet normal 0 0 0
  outer loop
    vertex 11.096309661865234 -1.0928910970687866 -2
    vertex 11.130349159240723 0.4000000059604645 -2
    vertex 11.130349159240723 -0.4000000059604645 -2
  endloop
endfacet
facet normal 0 0 0
  outer loop
    vertex 9.848514556884766 -5.224162578582764 -2
    vertex 10.301257133483887 -4.26692008972168 -2
    vertex 9.848514556884766 -5.224162578582764 2
  endloop
endfacet
facet normal 0 0 0
  outer loop
    vertex 10.301257133483887 -4.26692008972168 -2
    vertex 10.66988468170166 -3.2366740703582764 -2
    vertex 10.301257133483887 -4.26692008972168 2
  endloop
endfacet
facet normal 0 0 0
  outer loop
    vertex 10.66988468170166 -3.2366740703582764 -2
    vertex 10.935755729675293 -2.1752572059631348 -2
    vertex 10.66988468170166 -3.2366740703582764 2
  endloop
endfacet
facet normal 0 0 0
  outer loop
    vertex 10.935755729675293 -2.1752572059631348 -2
    vertex 11.096309661865234 -1.0928910970687866 -2
    vertex 10.935755729675293 -2.1752572059631348 2
  endloop
endfacet
facet normal 0 0 0
  outer loop
    vertex 11.096309661865234 -1.0928910970687866 -2
    vertex 11.130349159240723 -0.4000000059604645 -2
    vertex 11.096309661865234 -1.0928910970687866 2
  endloop
endfacet
facet normal 0 0 0
  outer loop
    vertex -8.608561515808105 -6.981414794921875 2
    vertex -8.526305198669434 -6.9973578453063965 2
    vertex -8.599170684814453 -6.899110794067383 2
  endloop
endfacet
facet normal 0 0 0
  outer loop
    vertex -8.762064933776855 -6.679472923278809 2
    vertex -9.171110153198242 -6.127939701080322 2
    vertex -9.24428653717041 -6.116483211517334 2
  endloop
endfacet
facet normal 0 0 0
  outer loop
    vertex -9.24428653717041 -6.116483211517334 2
    vertex -9.171110153198242 -6.127939701080322 2
    vertex -9.220264434814453 -6.045929908752441 2
  endloop
endfacet
facet normal 0 0 0
  outer loop
    vertex -10.057914733886719 -4.501095771789551 2
    vertex -10.190391540527344 -4.220998287200928 2
    vertex -10.297126770019531 -4.180346488952637 2
  endloop
endfacet
facet normal 0 0 0
  outer loop
    vertex -10.190391540527344 -4.220998287200928 2
    vertex -10.286282539367676 -3.953000783920288 2
    vertex -10.297126770019531 -4.180346488952637 2
  endloop
endfacet
facet normal 0 0 0
  outer loop
    vertex -10.301257133483887 -3.911149740219116 2
    vertex -10.555051803588867 -3.2018399238586426 2
    vertex -10.666349411010742 -3.164719581604004 2
  endloop
endfacet
facet normal 0 0 0
  outer loop
    vertex -10.666349411010742 -3.164719581604004 2
    vertex -10.555051803588867 -3.2018399238586426 2
    vertex -10.649624824523926 -2.824282169342041 2
  endloop
endfacet
facet normal 0 0 0
  outer loop
    vertex -10.685586929321289 -2.6807167530059814 2
    vertex -10.818061828613281 -2.151846170425415 2
    vertex -10.930014610290527 -2.1203842163085938 2
  endloop
endfacet
facet normal 0 0 0
  outer loop
    vertex -10.818061828613281 -2.151846170425415 2
    vertex -10.885638236999512 -1.6962835788726807 2
    vertex -10.930014610290527 -2.1203842163085938 2
  endloop
endfacet
facet normal 0 0 0
  outer loop
    vertex -10.885638236999512 -1.6962835788726807 2
    vertex -10.976887702941895 -1.0811290740966797 2
    vertex -11.057676315307617 -1.0629862546920776 2
  endloop
endfacet
facet normal 0 0 0
  outer loop
    vertex -11.057676315307617 -1.0629862546920776 2
    vertex -10.976887702941895 -1.0811290740966797 2
    vertex -11.01034927368164 -0.4000000059604645 2
  endloop
endfacet
facet normal 0 0 0
  outer loop
    vertex 4.26692008972168 -10.301257133483887 2
    vertex 5.224162578582764 -9.848514556884766 -2
    vertex 5.224162578582764 -9.848514556884766 2
  endloop
endfacet
facet normal 0 0 0
  outer loop
    vertex 6.194608211517334 -9.270886421203613 -2
    vertex 6.194608211517334 -9.270886421203613 2
    vertex 5.912167549133301 -9.440174102783203 2
  endloop
endfacet
facet normal 0 0 0
  outer loop
    vertex 7.073484897613525 -8.61906623840332 -2
    vertex 7.073484897613525 -8.61906623840332 2
    vertex 6.194608211517334 -9.270886421203613 2
  endloop
endfacet
facet normal 0 0 0
  outer loop
    vertex 7.884240627288818 -7.884240627288818 -2
    vertex 7.884240627288818 -7.884240627288818 2
    vertex 7.073484897613525 -8.61906623840332 2
  endloop
endfacet
facet normal 0 0 0
  outer loop
    vertex 8.61906623840332 -7.073484897613525 -2
    vertex 8.61906623840332 -7.073484897613525 2
    vertex 7.884240627288818 -7.884240627288818 2
  endloop
endfacet
facet normal 0 0 0
  outer loop
    vertex 9.270886421203613 -6.194608211517334 -2
    vertex 9.270886421203613 -6.194608211517334 2
    vertex 8.61906623840332 -7.073484897613525 2
  endloop
endfacet
facet normal 0 0 0
  outer loop
    vertex 9.440174102783203 -5.912167549133301 -2
    vertex 9.440174102783203 -5.912167549133301 2
    vertex 9.270886421203613 -6.194608211517334 2
  endloop
endfacet
facet normal 0 0 0
  outer loop
    vertex -6.180787563323975 -9.158576965332031 2
    vertex -6.127939701080322 -9.171110153198242 2
    vertex -6.177780628204346 -9.13414478302002 2
  endloop
endfacet
facet normal 0 0 0
  outer loop
    vertex -6.045929908752441 -9.220264434814453 2
    vertex -6.127939701080322 -9.171110153198242 2
    vertex -6.180787563323975 -9.158576965332031 2
  endloop
endfacet
facet normal 0 0 0
  outer loop
    vertex -6.198519229888916 -9.118764877319336 2
    vertex -6.9973578453063965 -8.526305198669434 2
    vertex -7.049750328063965 -8.513235092163086 2
  endloop
endfacet
facet normal 0 0 0
  outer loop
    vertex -6.9973578453063965 -8.526305198669434 2
    vertex -7.043335914611816 -8.484633445739746 2
    vertex -7.049750328063965 -8.513235092163086 2
  endloop
endfacet
facet normal 0 0 0
  outer loop
    vertex -7.077436923980713 -8.453725814819336 2
    vertex -7.7993879318237305 -7.7993879318237305 2
    vertex -7.866999626159668 -7.784189224243164 2
  endloop
endfacet
facet normal 0 0 0
  outer loop
    vertex -7.866999626159668 -7.784189224243164 2
    vertex -7.7993879318237305 -7.7993879318237305 2
    vertex -7.858398914337158 -7.734278678894043 2
  endloop
endfacet
facet normal 0 0 0
  outer loop
    vertex -8.608561515808105 -6.981414794921875 2
    vertex -7.887396335601807 -7.702285289764404 2
    vertex -8.526305198669434 -6.9973578453063965 2
  endloop
endfacet
facet normal 0 0 0
  outer loop
    vertex 4.26692008972168 -10.301257133483887 2
    vertex 5.224162578582764 -9.848514556884766 2
    vertex 5.164033889770508 -9.744368553161621 2
  endloop
endfacet
facet normal 0 0 0
  outer loop
    vertex 5.912167549133301 -9.440174102783203 2
    vertex 6.127939701080322 -9.171110153198242 2
    vertex 5.852231979370117 -9.336362838745117 2
  endloop
endfacet
facet normal 0 0 0
  outer loop
    vertex 5.912167549133301 -9.440174102783203 2
    vertex 6.194608211517334 -9.270886421203613 2
    vertex 6.127939701080322 -9.171110153198242 2
  endloop
endfacet
facet normal 0 0 0
  outer loop
    vertex 6.127939701080322 -9.171110153198242 2
    vertex 6.194608211517334 -9.270886421203613 2
    vertex 6.9973578453063965 -8.526305198669434 2
  endloop
endfacet
facet normal 0 0 0
  outer loop
    vertex 6.194608211517334 -9.270886421203613 2
    vertex 7.073484897613525 -8.61906623840332 2
    vertex 6.9973578453063965 -8.526305198669434 2
  endloop
endfacet
facet normal 0 0 0
  outer loop
    vertex 7.073484897613525 -8.61906623840332 2
    vertex 7.7993879318237305 -7.7993879318237305 2
    vertex 6.9973578453063965 -8.526305198669434 2
  endloop
endfacet
facet normal 0 0 0
  outer loop
    vertex 7.073484897613525 -8.61906623840332 2
    vertex 7.884240627288818 -7.884240627288818 2
    vertex 7.7993879318237305 -7.7993879318237305 2
  endloop
endfacet
facet normal 0 0 0
  outer loop
    vertex 7.884240627288818 -7.884240627288818 2
    vertex 8.526305198669434 -6.9973578453063965 2
    vertex 7.7993879318237305 -7.7993879318237305 2
  endloop
endfacet
facet normal 0 0 0
  outer loop
    vertex 7.884240627288818 -7.884240627288818 2
    vertex 8.61906623840332 -7.073484897613525 2
    vertex 8.526305198669434 -6.9973578453063965 2
  endloop
endfacet
facet normal 0 0 0
  outer loop
    vertex 8.61906623840332 -7.073484897613525 2
    vertex 9.171110153198242 -6.127939701080322 2
    vertex 8.526305198669434 -6.9973578453063965 2
  endloop
endfacet
facet normal 0 0 0
  outer loop
    vertex 8.61906623840332 -7.073484897613525 2
    vertex 9.270886421203613 -6.194608211517334 2
    vertex 9.171110153198242 -6.127939701080322 2
  endloop
endfacet
facet normal 0 0 0
  outer loop
    vertex 9.270886421203613 -6.194608211517334 2
    vertex 9.336362838745117 -5.852231979370117 2
    vertex 9.171110153198242 -6.127939701080322 2
  endloop
endfacet
facet normal 0 0 0
  outer loop
    vertex 9.270886421203613 -6.194608211517334 2
    vertex 9.440174102783203 -5.912167549133301 2
    vertex 9.336362838745117 -5.852231979370117 2
  endloop
endfacet
facet normal 0 0 0
  outer loop
    vertex 10.301257133483887 -4.26692008972168 -2
    vertex 10.301257133483887 -4.26692008972168 2
    vertex 9.848514556884766 -5.224162578582764 2
  endloop
endfacet
facet normal 0 0 0
  outer loop
    vertex 10.66988468170166 -3.2366740703582764 -2
    vertex 10.66988468170166 -3.2366740703582764 2
    vertex 10.301257133483887 -4.26692008972168 2
  endloop
endfacet
facet normal 0 0 0
  outer loop
    vertex 10.935755729675293 -2.1752572059631348 -2
    vertex 10.935755729675293 -2.1752572059631348 2
    vertex 10.66988468170166 -3.2366740703582764 2
  endloop
endfacet
facet normal 0 0 0
  outer loop
    vertex 11.096309661865234 -1.0928910970687866 -2
    vertex 11.096309661865234 -1.0928910970687866 2
    vertex 10.935755729675293 -2.1752572059631348 2
  endloop
endfacet
facet normal 0 0 0
  outer loop
    vertex 11.130349159240723 -0.4000000059604645 -2
    vertex 11.130349159240723 -0.4000000059604645 2
    vertex 11.096309661865234 -1.0928910970687866 2
  endloop
endfacet
facet normal 0 0 0
  outer loop
    vertex 9.848514556884766 -5.224162578582764 2
    vertex 10.190391540527344 -4.220998287200928 2
    vertex 9.744368553161621 -5.164033889770508 2
  endloop
endfacet
facet normal 0 0 0
  outer loop
    vertex 9.848514556884766 -5.224162578582764 2
    vertex 10.301257133483887 -4.26692008972168 2
    vertex 10.190391540527344 -4.220998287200928 2
  endloop
endfacet
facet normal 0 0 0
  outer loop
    vertex 10.301257133483887 -4.26692008972168 2
    vertex 10.555051803588867 -3.2018399238586426 2
    vertex 10.190391540527344 -4.220998287200928 2
  endloop
endfacet
facet normal 0 0 0
  outer loop
    vertex 10.301257133483887 -4.26692008972168 2
    vertex 10.66988468170166 -3.2366740703582764 2
    vertex 10.555051803588867 -3.2018399238586426 2
  endloop
endfacet
facet normal 0 0 0
  outer loop
    vertex 10.555051803588867 -3.2018399238586426 2
    vertex 10.66988468170166 -3.2366740703582764 2
    vertex 10.818061828613281 -2.151846170425415 2
  endloop
endfacet
facet normal 0 0 0
  outer loop
    vertex 10.66988468170166 -3.2366740703582764 2
    vertex 10.935755729675293 -2.1752572059631348 2
    vertex 10.818061828613281 -2.151846170425415 2
  endloop
endfacet
facet normal 0 0 0
  outer loop
    vertex 10.818061828613281 -2.151846170425415 2
    vertex 10.935755729675293 -2.1752572059631348 2
    vertex 10.976887702941895 -1.0811290740966797 2
  endloop
endfacet
facet normal 0 0 0
  outer loop
    vertex 10.935755729675293 -2.1752572059631348 2
    vertex 11.096309661865234 -1.0928910970687866 2
    vertex 11.130349159240723 -0.4000000059604645 2
  endloop
endfacet
facet normal 0 0 0
  outer loop
    vertex 10.935755729675293 -2.1752572059631348 2
    vertex 11.130349159240723 -0.4000000059604645 2
    vertex 10.976887702941895 -1.0811290740966797 2
  endloop
endfacet
facet normal 0 0 0
  outer loop
    vertex 10.976887702941895 -1.0811290740966797 2
    vertex 11.130349159240723 -0.4000000059604645 2
    vertex 11.01034927368164 -0.4000000059604645 2
  endloop
endfacet
facet normal 0 0 0
  outer loop
    vertex 11.096309661865234 -1.0928910970687866 -2
    vertex 11.096309661865234 1.0928910970687866 -2
    vertex 11.130349159240723 0.4000000059604645 -2
  endloop
endfacet
facet normal 0 0 0
  outer loop
    vertex 10.935755729675293 -2.1752572059631348 -2
    vertex 10.935755729675293 2.1752572059631348 -2
    vertex 11.096309661865234 1.0928910970687866 -2
  endloop
endfacet
facet normal 0 0 0
  outer loop
    vertex 10.301257133483887 -4.26692008972168 -2
    vertex 10.301257133483887 4.26692008972168 -2
    vertex 10.66988468170166 3.2366740703582764 -2
  endloop
endfacet
facet normal 0 0 0
  outer loop
    vertex 10.66988468170166 -3.2366740703582764 -2
    vertex 10.66988468170166 3.2366740703582764 -2
    vertex 10.935755729675293 2.1752572059631348 -2
  endloop
endfacet
facet normal 0 0 0
  outer loop
    vertex 9.270886421203613 -6.194608211517334 -2
    vertex 9.270886421203613 6.194608211517334 -2
    vertex 9.440174102783203 5.912167549133301 -2
  endloop
endfacet
facet normal 0 0 0
  outer loop
    vertex 8.61906623840332 -7.073484897613525 -2
    vertex 8.61906623840332 7.073484897613525 -2
    vertex 9.270886421203613 6.194608211517334 -2
  endloop
endfacet
facet normal 0 0 0
  outer loop
    vertex 9.440174102783203 -5.912167549133301 -2
    vertex 9.831368446350098 5.214262962341309 -2
    vertex 9.833133697509766 5.250199794769287 -2
  endloop
endfacet
facet normal 0 0 0
  outer loop
    vertex 9.848514556884766 -5.224162578582764 -2
    vertex 9.848514556884766 5.224162578582764 -2
    vertex 10.301257133483887 4.26692008972168 -2
  endloop
endfacet
facet normal 0 0 0
  outer loop
    vertex 9.270886421203613 -6.194608211517334 -2
    vertex 9.572393417358398 5.691574573516846 -2
    vertex 9.831368446350098 5.214262962341309 -2
  endloop
endfacet
facet normal 0 0 0
  outer loop
    vertex 9.270886421203613 -6.194608211517334 -2
    vertex 9.440174102783203 5.912167549133301 -2
    vertex 9.572393417358398 5.691574573516846 -2
  endloop
endfacet
facet normal 0 0 0
  outer loop
    vertex 9.848514556884766 -5.224162578582764 -2
    vertex 9.833133697509766 5.250199794769287 -2
    vertex 9.848514556884766 5.224162578582764 -2
  endloop
endfacet
facet normal 0 0 0
  outer loop
    vertex 11.130349159240723 0.4000000059604645 -2
    vertex 11.096309661865234 1.0928910970687866 -2
    vertex 11.130349159240723 0.4000000059604645 2
  endloop
endfacet
facet normal 0 0 0
  outer loop
    vertex 11.096309661865234 1.0928910970687866 -2
    vertex 10.935755729675293 2.1752572059631348 -2
    vertex 11.096309661865234 1.0928910970687866 2
  endloop
endfacet
facet normal 0 0 0
  outer loop
    vertex 10.935755729675293 2.1752572059631348 -2
    vertex 10.66988468170166 3.2366740703582764 -2
    vertex 10.935755729675293 2.1752572059631348 2
  endloop
endfacet
facet normal 0 0 0
  outer loop
    vertex 10.66988468170166 3.2366740703582764 -2
    vertex 10.301257133483887 4.26692008972168 -2
    vertex 10.66988468170166 3.2366740703582764 2
  endloop
endfacet
facet normal 0 0 0
  outer loop
    vertex 10.301257133483887 4.26692008972168 -2
    vertex 9.848514556884766 5.224162578582764 -2
    vertex 10.301257133483887 4.26692008972168 2
  endloop
endfacet
facet normal 0 0 0
  outer loop
    vertex -1.5690382719039917 8.12415885925293 -2
    vertex -0.4753964841365814 9.34131908416748 -2
    vertex -0.514502227306366 8.124724388122559 -2
  endloop
endfacet
facet normal 0 0 0
  outer loop
    vertex -0.514502227306366 8.124724388122559 -2
    vertex -0.4753964841365814 9.34131908416748 -2
    vertex -0.009587128646671772 8.149529457092285 -2
  endloop
endfacet
facet normal 0 0 0
  outer loop
    vertex -1.5690382719039917 8.12415885925293 -2
    vertex -1.6159906387329102 8.124133110046387 -2
    vertex -1.1128920316696167 10.97146224975586 -2
  endloop
endfacet
facet normal 0 0 0
  outer loop
    vertex 0.8077848553657532 8.109428405761719 -2
    vertex 2.1752572059631348 10.935755729675293 -2
    vertex 1.5899860858917236 7.9934000968933105 -2
  endloop
endfacet
facet normal 0 0 0
  outer loop
    vertex 0.7988396883010864 8.110755920410156 -2
    vertex 0 8.149999618530273 -2
    vertex 1.0928910970687866 11.096309661865234 -2
  endloop
endfacet
facet normal 0 0 0
  outer loop
    vertex -1.5690382719039917 8.12415885925293 -2
    vertex -0.41241660714149475 11.036343574523926 -2
    vertex -0.4753964841365814 9.34131908416748 -2
  endloop
endfacet
facet normal 0 0 0
  outer loop
    vertex 0 8.149999618530273 -2
    vertex 0 10.75 -2
    vertex 0.28977128863334656 11.025535583496094 -2
  endloop
endfacet
facet normal 0 0 0
  outer loop
    vertex 5.756219863891602 5.768993377685547 -2
    vertex 5.749093055725098 5.775452613830566 -2
    vertex 5.7663702964782715 5.790955066680908 -2
  endloop
endfacet
facet normal 0 0 0
  outer loop
    vertex 3.841883420944214 7.187658309936523 -2
    vertex 4.636192798614502 7.231110095977783 -2
    vertex 4.520491123199463 6.780916213989258 -2
  endloop
endfacet
facet normal 0 0 0
  outer loop
    vertex 5.163041591644287 6.305422306060791 -2
    vertex 5.155316352844238 6.31115198135376 -2
    vertex 6.194608211517334 9.270886421203613 -2
  endloop
endfacet
facet normal 0 0 0
  outer loop
    vertex 5.749093055725098 5.775452613830566 -2
    vertex 6.194608211517334 9.270886421203613 -2
    vertex 5.7663702964782715 5.790955066680908 -2
  endloop
endfacet
facet normal 0 0 0
  outer loop
    vertex 3.8337085247039795 7.191524505615234 -2
    vertex 3.1188700199127197 7.529618263244629 -2
    vertex 4.26692008972168 10.301257133483887 -2
  endloop
endfacet
facet normal 0 0 0
  outer loop
    vertex 5.155316352844238 6.31115198135376 -2
    vertex 4.636192798614502 7.231110095977783 -2
    vertex 6.194608211517334 9.270886421203613 -2
  endloop
endfacet
facet normal 0 0 0
  outer loop
    vertex 3.841883420944214 7.187658309936523 -2
    vertex 5.224162578582764 9.848514556884766 -2
    vertex 4.636192798614502 7.231110095977783 -2
  endloop
endfacet
facet normal 0 0 0
  outer loop
    vertex 4.636192798614502 7.231110095977783 -2
    vertex 5.250885486602783 9.619686126708984 -2
    vertex 6.194608211517334 9.270886421203613 -2
  endloop
endfacet
facet normal 0 0 0
  outer loop
    vertex 1.5987582206726074 7.9912028312683105 -2
    vertex 3.2366740703582764 10.66988468170166 -2
    vertex 2.3658201694488525 7.799063682556152 -2
  endloop
endfacet
facet normal 0 0 0
  outer loop
    vertex 4.636192798614502 7.231110095977783 -2
    vertex 5.235548973083496 9.747257232666016 -2
    vertex 5.250885486602783 9.619686126708984 -2
  endloop
endfacet
facet normal 0 0 0
  outer loop
    vertex 4.636192798614502 7.231110095977783 -2
    vertex 5.224162578582764 9.848514556884766 -2
    vertex 5.235548973083496 9.747257232666016 -2
  endloop
endfacet
facet normal 0 0 0
  outer loop
    vertex 3.841883420944214 7.187658309936523 -2
    vertex 4.26692008972168 10.301257133483887 -2
    vertex 5.224162578582764 9.848514556884766 -2
  endloop
endfacet
facet normal 0 0 0
  outer loop
    vertex 5.250885486602783 9.619686126708984 -2
    vertex 5.449131011962891 9.717707633972168 -2
    vertex 5.912167549133301 9.440174102783203 -2
  endloop
endfacet
facet normal 0 0 0
  outer loop
    vertex 6.194608211517334 9.270886421203613 -2
    vertex 5.250885486602783 9.619686126708984 -2
    vertex 5.912167549133301 9.440174102783203 -2
  endloop
endfacet
facet normal 0 0 0
  outer loop
    vertex 9.270886421203613 6.194608211517334 -2
    vertex 9.440174102783203 5.912167549133301 2
    vertex 9.440174102783203 5.912167549133301 -2
  endloop
endfacet
facet normal 0 0 0
  outer loop
    vertex 9.270886421203613 6.194608211517334 -2
    vertex 8.61906623840332 7.073484897613525 -2
    vertex 9.270886421203613 6.194608211517334 2
  endloop
endfacet
facet normal 0 0 0
  outer loop
    vertex 8.61906623840332 7.073484897613525 -2
    vertex 7.884240627288818 7.884240627288818 -2
    vertex 8.61906623840332 7.073484897613525 2
  endloop
endfacet
facet normal 0 0 0
  outer loop
    vertex 6.194608211517334 9.270886421203613 -2
    vertex 7.073484897613525 8.61906623840332 2
    vertex 7.073484897613525 8.61906623840332 -2
  endloop
endfacet
facet normal 0 0 0
  outer loop
    vertex 6.194608211517334 9.270886421203613 -2
    vertex 5.912167549133301 9.440174102783203 -2
    vertex 6.194608211517334 9.270886421203613 2
  endloop
endfacet
facet normal 0 0 0
  outer loop
    vertex 5.224162578582764 9.848514556884766 -2
    vertex 4.26692008972168 10.301257133483887 -2
    vertex 5.224162578582764 9.848514556884766 2
  endloop
endfacet
facet normal 0 0 0
  outer loop
    vertex 7.884240627288818 7.884240627288818 -2
    vertex 7.073484897613525 8.61906623840332 -2
    vertex 7.884240627288818 7.884240627288818 2
  endloop
endfacet
facet normal 0 0 0
  outer loop
    vertex -10.987049102783203 0.8742843270301819 2
    vertex -10.976887702941895 1.0811290740966797 2
    vertex -11.096185684204102 1.093725562095642 2
  endloop
endfacet
facet normal 0 0 0
  outer loop
    vertex -11.096185684204102 1.093725562095642 2
    vertex -10.976887702941895 1.0811290740966797 2
    vertex -10.933866500854492 2.1572041511535645 2
  endloop
endfacet
facet normal 0 0 0
  outer loop
    vertex -10.976887702941895 1.0811290740966797 2
    vertex -10.818061828613281 2.151846170425415 2
    vertex -10.933866500854492 2.1572041511535645 2
  endloop
endfacet
facet normal 0 0 0
  outer loop
    vertex -10.933866500854492 2.1572041511535645 2
    vertex -10.818061828613281 2.151846170425415 2
    vertex -10.670904159545898 3.200582504272461 2
  endloop
endfacet
facet normal 0 0 0
  outer loop
    vertex -10.818061828613281 2.151846170425415 2
    vertex -10.66988468170166 3.2005934715270996 2
    vertex -10.670904159545898 3.200582504272461 2
  endloop
endfacet
facet normal 0 0 0
  outer loop
    vertex -10.818061828613281 2.151846170425415 2
    vertex -10.555051803588867 3.2018399238586426 2
    vertex -10.66988468170166 3.2005934715270996 2
  endloop
endfacet
facet normal 0 0 0
  outer loop
    vertex -10.66988468170166 3.2005934715270996 2
    vertex -10.555051803588867 3.2018399238586426 2
    vertex -10.303872108459473 4.213690280914307 2
  endloop
endfacet
facet normal 0 0 0
  outer loop
    vertex -10.555051803588867 3.2018399238586426 2
    vertex -10.301257133483887 4.213858604431152 2
    vertex -10.303872108459473 4.213690280914307 2
  endloop
endfacet
facet normal 0 0 0
  outer loop
    vertex -10.555051803588867 3.2018399238586426 2
    vertex -10.190391540527344 4.220998287200928 2
    vertex -10.301257133483887 4.213858604431152 2
  endloop
endfacet
facet normal 0 0 0
  outer loop
    vertex -10.301257133483887 4.213858604431152 2
    vertex -10.190391540527344 4.220998287200928 2
    vertex -9.850354194641113 5.185603618621826 2
  endloop
endfacet
facet normal 0 0 0
  outer loop
    vertex -10.190391540527344 4.220998287200928 2
    vertex -9.839858055114746 4.962138652801514 2
    vertex -9.850354194641113 5.185603618621826 2
  endloop
endfacet
facet normal 0 0 0
  outer loop
    vertex -9.839858055114746 4.962138652801514 2
    vertex -9.84725284576416 5.185955047607422 2
    vertex -9.850354194641113 5.185603618621826 2
  endloop
endfacet
facet normal 0 0 0
  outer loop
    vertex -9.220264434814453 6.045929908752441 2
    vertex -9.171110153198242 6.127939701080322 2
    vertex -9.24428653717041 6.116483211517334 2
  endloop
endfacet
facet normal 0 0 0
  outer loop
    vertex -9.24428653717041 6.116483211517334 2
    vertex -9.171110153198242 6.127939701080322 2
    vertex -8.655804634094238 6.9722580909729 2
  endloop
endfacet
facet normal 0 0 0
  outer loop
    vertex -9.171110153198242 6.127939701080322 2
    vertex -8.61906623840332 6.979378700256348 2
    vertex -8.655804634094238 6.9722580909729 2
  endloop
endfacet
facet normal 0 0 0
  outer loop
    vertex -9.171110153198242 6.127939701080322 2
    vertex -8.526305198669434 6.9973578453063965 2
    vertex -8.61906623840332 6.979378700256348 2
  endloop
endfacet
facet normal 0 0 0
  outer loop
    vertex 11.096309661865234 1.0928910970687866 -2
    vertex 11.096309661865234 1.0928910970687866 2
    vertex 11.130349159240723 0.4000000059604645 2
  endloop
endfacet
facet normal 0 0 0
  outer loop
    vertex 10.935755729675293 2.1752572059631348 -2
    vertex 10.935755729675293 2.1752572059631348 2
    vertex 11.096309661865234 1.0928910970687866 2
  endloop
endfacet
facet normal 0 0 0
  outer loop
    vertex 10.66988468170166 3.2366740703582764 -2
    vertex 10.66988468170166 3.2366740703582764 2
    vertex 10.935755729675293 2.1752572059631348 2
  endloop
endfacet
facet normal 0 0 0
  outer loop
    vertex 10.301257133483887 4.26692008972168 -2
    vertex 10.301257133483887 4.26692008972168 2
    vertex 10.66988468170166 3.2366740703582764 2
  endloop
endfacet
facet normal 0 0 0
  outer loop
    vertex 9.848514556884766 5.224162578582764 -2
    vertex 9.848514556884766 5.224162578582764 2
    vertex 10.301257133483887 4.26692008972168 2
  endloop
endfacet
facet normal 0 0 0
  outer loop
    vertex 11.01034927368164 0.4000000059604645 2
    vertex 11.130349159240723 0.4000000059604645 2
    vertex 11.096309661865234 1.0928910970687866 2
  endloop
endfacet
facet normal 0 0 0
  outer loop
    vertex 11.01034927368164 0.4000000059604645 2
    vertex 11.096309661865234 1.0928910970687866 2
    vertex 10.976887702941895 1.0811290740966797 2
  endloop
endfacet
facet normal 0 0 0
  outer loop
    vertex 10.976887702941895 1.0811290740966797 2
    vertex 11.096309661865234 1.0928910970687866 2
    vertex 10.818061828613281 2.151846170425415 2
  endloop
endfacet
facet normal 0 0 0
  outer loop
    vertex 11.096309661865234 1.0928910970687866 2
    vertex 10.935755729675293 2.1752572059631348 2
    vertex 10.818061828613281 2.151846170425415 2
  endloop
endfacet
facet normal 0 0 0
  outer loop
    vertex 10.818061828613281 2.151846170425415 2
    vertex 10.935755729675293 2.1752572059631348 2
    vertex 10.555051803588867 3.2018399238586426 2
  endloop
endfacet
facet normal 0 0 0
  outer loop
    vertex 10.935755729675293 2.1752572059631348 2
    vertex 10.66988468170166 3.2366740703582764 2
    vertex 10.555051803588867 3.2018399238586426 2
  endloop
endfacet
facet normal 0 0 0
  outer loop
    vertex 10.555051803588867 3.2018399238586426 2
    vertex 10.66988468170166 3.2366740703582764 2
    vertex 10.190391540527344 4.220998287200928 2
  endloop
endfacet
facet normal 0 0 0
  outer loop
    vertex 10.66988468170166 3.2366740703582764 2
    vertex 10.301257133483887 4.26692008972168 2
    vertex 10.190391540527344 4.220998287200928 2
  endloop
endfacet
facet normal 0 0 0
  outer loop
    vertex 10.190391540527344 4.220998287200928 2
    vertex 10.301257133483887 4.26692008972168 2
    vertex 9.744368553161621 5.164033889770508 2
  endloop
endfacet
facet normal 0 0 0
  outer loop
    vertex 10.301257133483887 4.26692008972168 2
    vertex 9.848514556884766 5.224162578582764 2
    vertex 9.744368553161621 5.164033889770508 2
  endloop
endfacet
facet normal 0 0 0
  outer loop
    vertex 9.270886421203613 6.194608211517334 -2
    vertex 9.270886421203613 6.194608211517334 2
    vertex 9.440174102783203 5.912167549133301 2
  endloop
endfacet
facet normal 0 0 0
  outer loop
    vertex 8.61906623840332 7.073484897613525 -2
    vertex 8.61906623840332 7.073484897613525 2
    vertex 9.270886421203613 6.194608211517334 2
  endloop
endfacet
facet normal 0 0 0
  outer loop
    vertex 6.194608211517334 9.270886421203613 -2
    vertex 6.194608211517334 9.270886421203613 2
    vertex 7.073484897613525 8.61906623840332 2
  endloop
endfacet
facet normal 0 0 0
  outer loop
    vertex 5.912167549133301 9.440174102783203 -2
    vertex 5.912167549133301 9.440174102783203 2
    vertex 6.194608211517334 9.270886421203613 2
  endloop
endfacet
facet normal 0 0 0
  outer loop
    vertex 7.884240627288818 7.884240627288818 -2
    vertex 7.884240627288818 7.884240627288818 2
    vertex 8.61906623840332 7.073484897613525 2
  endloop
endfacet
facet normal 0 0 0
  outer loop
    vertex 7.073484897613525 8.61906623840332 -2
    vertex 7.073484897613525 8.61906623840332 2
    vertex 7.884240627288818 7.884240627288818 2
  endloop
endfacet
facet normal 0 0 0
  outer loop
    vertex -8.61906623840332 6.979378700256348 2
    vertex -8.526305198669434 6.9973578453063965 2
    vertex -7.889403343200684 7.779153347015381 2
  endloop
endfacet
facet normal 0 0 0
  outer loop
    vertex -8.526305198669434 6.9973578453063965 2
    vertex -7.866999626159668 7.784189224243164 2
    vertex -7.889403343200684 7.779153347015381 2
  endloop
endfacet
facet normal 0 0 0
  outer loop
    vertex -8.526305198669434 6.9973578453063965 2
    vertex -7.7993879318237305 7.7993879318237305 2
    vertex -7.866999626159668 7.784189224243164 2
  endloop
endfacet
facet normal 0 0 0
  outer loop
    vertex -7.866999626159668 7.784189224243164 2
    vertex -7.7993879318237305 7.7993879318237305 2
    vertex -7.076171875 8.506644248962402 2
  endloop
endfacet
facet normal 0 0 0
  outer loop
    vertex -7.7993879318237305 7.7993879318237305 2
    vertex -7.049750328063965 8.513235092163086 2
    vertex -7.076171875 8.506644248962402 2
  endloop
endfacet
facet normal 0 0 0
  outer loop
    vertex -7.7993879318237305 7.7993879318237305 2
    vertex -6.9973578453063965 8.526305198669434 2
    vertex -7.049750328063965 8.513235092163086 2
  endloop
endfacet
facet normal 0 0 0
  outer loop
    vertex -7.049750328063965 8.513235092163086 2
    vertex -6.9973578453063965 8.526305198669434 2
    vertex -6.197653770446777 9.152422904968262 2
  endloop
endfacet
facet normal 0 0 0
  outer loop
    vertex -6.9973578453063965 8.526305198669434 2
    vertex -6.157476902008057 9.163192749023438 2
    vertex -6.197653770446777 9.152422904968262 2
  endloop
endfacet
facet normal 0 0 0
  outer loop
    vertex -6.9973578453063965 8.526305198669434 2
    vertex -6.127939701080322 9.171110153198242 2
    vertex -6.157476902008057 9.163192749023438 2
  endloop
endfacet
facet normal 0 0 0
  outer loop
    vertex -6.157476902008057 9.163192749023438 2
    vertex -6.127939701080322 9.171110153198242 2
    vertex -6.045929908752441 9.220264434814453 2
  endloop
endfacet
facet normal 0 0 0
  outer loop
    vertex 9.336362838745117 5.852231979370117 2
    vertex 9.440174102783203 5.912167549133301 2
    vertex 9.171110153198242 6.127939701080322 2
  endloop
endfacet
facet normal 0 0 0
  outer loop
    vertex 9.171110153198242 6.127939701080322 2
    vertex 9.440174102783203 5.912167549133301 2
    vertex 9.270886421203613 6.194608211517334 2
  endloop
endfacet
facet normal 0 0 0
  outer loop
    vertex 9.171110153198242 6.127939701080322 2
    vertex 9.270886421203613 6.194608211517334 2
    vertex 8.526305198669434 6.9973578453063965 2
  endloop
endfacet
facet normal 0 0 0
  outer loop
    vertex 9.270886421203613 6.194608211517334 2
    vertex 8.61906623840332 7.073484897613525 2
    vertex 8.526305198669434 6.9973578453063965 2
  endloop
endfacet
facet normal 0 0 0
  outer loop
    vertex 8.526305198669434 6.9973578453063965 2
    vertex 8.61906623840332 7.073484897613525 2
    vertex 7.7993879318237305 7.7993879318237305 2
  endloop
endfacet
facet normal 0 0 0
  outer loop
    vertex 6.127939701080322 9.171110153198242 2
    vertex 6.9973578453063965 8.526305198669434 2
    vertex 7.073484897613525 8.61906623840332 2
  endloop
endfacet
facet normal 0 0 0
  outer loop
    vertex 6.127939701080322 9.171110153198242 2
    vertex 7.073484897613525 8.61906623840332 2
    vertex 6.194608211517334 9.270886421203613 2
  endloop
endfacet
facet normal 0 0 0
  outer loop
    vertex 6.127939701080322 9.171110153198242 2
    vertex 6.194608211517334 9.270886421203613 2
    vertex 5.852231979370117 9.336362838745117 2
  endloop
endfacet
facet normal 0 0 0
  outer loop
    vertex 5.852231979370117 9.336362838745117 2
    vertex 6.194608211517334 9.270886421203613 2
    vertex 5.912167549133301 9.440174102783203 2
  endloop
endfacet
facet normal 0 0 0
  outer loop
    vertex 5.164033889770508 9.744368553161621 2
    vertex 5.224162578582764 9.848514556884766 2
    vertex 4.220998287200928 10.190391540527344 2
  endloop
endfacet
facet normal 0 0 0
  outer loop
    vertex 8.61906623840332 7.073484897613525 2
    vertex 7.884240627288818 7.884240627288818 2
    vertex 7.7993879318237305 7.7993879318237305 2
  endloop
endfacet
facet normal 0 0 0
  outer loop
    vertex 7.7993879318237305 7.7993879318237305 2
    vertex 7.884240627288818 7.884240627288818 2
    vertex 6.9973578453063965 8.526305198669434 2
  endloop
endfacet
facet normal 0 0 0
  outer loop
    vertex 7.884240627288818 7.884240627288818 2
    vertex 7.073484897613525 8.61906623840332 2
    vertex 6.9973578453063965 8.526305198669434 2
  endloop
endfacet
facet normal 0 0 0
  outer loop
    vertex -1.5690382719039917 8.12415885925293 -2
    vertex -1.1128920316696167 10.97146224975586 -2
    vertex -1.0834054946899414 11 -2
  endloop
endfacet
facet normal 0 0 0
  outer loop
    vertex -1.5690382719039917 8.12415885925293 -2
    vertex -1.0834054946899414 11 -2
    vertex -0.41241660714149475 11.036343574523926 -2
  endloop
endfacet
facet normal 0 0 0
  outer loop
    vertex -1.7421584129333496 11 -2
    vertex -1.0928910970687866 11.096309661865234 -2
    vertex -1.1083213090896606 10.999993324279785 -2
  endloop
endfacet
facet normal 0 0 0
  outer loop
    vertex -1.1128920316696167 10.97146224975586 -2
    vertex -1.1083213090896606 10.999993324279785 -2
    vertex -1.0834054946899414 11 -2
  endloop
endfacet
facet normal 0 0 0
  outer loop
    vertex -1.1083213090896606 10.999993324279785 -2
    vertex -1.0928910970687866 11.096309661865234 -2
    vertex -1.0834054946899414 11 -2
  endloop
endfacet
facet normal 0 0 0
  outer loop
    vertex -0.4753964841365814 9.34131908416748 -2
    vertex -0.41241660714149475 11.036343574523926 -2
    vertex -0.29312047362327576 10.992483139038086 -2
  endloop
endfacet
facet normal 0 0 0
  outer loop
    vertex 0 8.149999618530273 -2
    vertex 0.28977128863334656 11.025535583496094 -2
    vertex 1.0928910970687866 11.096309661865234 -2
  endloop
endfacet
facet normal 0 0 0
  outer loop
    vertex -0.29312047362327576 10.992483139038086 -2
    vertex -0.41241660714149475 11.036343574523926 -2
    vertex -0.12686334550380707 11.01117992401123 -2
  endloop
endfacet
facet normal 0 0 0
  outer loop
    vertex -0.29312047362327576 10.992483139038086 -2
    vertex -0.12686334550380707 11.01117992401123 -2
    vertex -0.12566527724266052 10.996777534484863 -2
  endloop
endfacet
facet normal 0 0 0
  outer loop
    vertex -1.7421584129333496 11 -2
    vertex -1.0928910970687866 11.096309661865234 2
    vertex -1.0928910970687866 11.096309661865234 -2
  endloop
endfacet
facet normal 0 0 0
  outer loop
    vertex -1.0928910970687866 11.096309661865234 -2
    vertex -1.0928910970687866 11.096309661865234 2
    vertex -0.4000000059604645 11.130349159240723 -2
  endloop
endfacet
facet normal 0 0 0
  outer loop
    vertex 0.4000000059604645 11.130349159240723 -2
    vertex 0.4000000059604645 11.130349159240723 2
    vertex 1.0928910970687866 11.096309661865234 -2
  endloop
endfacet
facet normal 0 0 0
  outer loop
    vertex 3.2366740703582764 10.66988468170166 -2
    vertex 4.26692008972168 10.301257133483887 2
    vertex 4.26692008972168 10.301257133483887 -2
  endloop
endfacet
facet normal 0 0 0
  outer loop
    vertex 2.1752572059631348 10.935755729675293 -2
    vertex 3.2366740703582764 10.66988468170166 2
    vertex 3.2366740703582764 10.66988468170166 -2
  endloop
endfacet
facet normal 0 0 0
  outer loop
    vertex 1.0928910970687866 11.096309661865234 -2
    vertex 2.1752572059631348 10.935755729675293 2
    vertex 2.1752572059631348 10.935755729675293 -2
  endloop
endfacet
facet normal 0 0 0
  outer loop
    vertex -1.7421584129333496 11 -2
    vertex -1.7421584129333496 11 2
    vertex -1.0928910970687866 11.096309661865234 2
  endloop
endfacet
facet normal 0 0 0
  outer loop
    vertex -0.4000000059604645 11.130349159240723 -2
    vertex -1.0928910970687866 11.096309661865234 2
    vertex -0.4000000059604645 11.130349159240723 2
  endloop
endfacet
facet normal 0 0 0
  outer loop
    vertex 1.0928910970687866 11.096309661865234 -2
    vertex 0.4000000059604645 11.130349159240723 2
    vertex 1.0928910970687866 11.096309661865234 2
  endloop
endfacet
facet normal 0 0 0
  outer loop
    vertex 1.0928910970687866 11.096309661865234 -2
    vertex 1.0928910970687866 11.096309661865234 2
    vertex 2.1752572059631348 10.935755729675293 2
  endloop
endfacet
facet normal 0 0 0
  outer loop
    vertex 3.2366740703582764 10.66988468170166 -2
    vertex 3.2366740703582764 10.66988468170166 2
    vertex 4.26692008972168 10.301257133483887 2
  endloop
endfacet
facet normal 0 0 0
  outer loop
    vertex 2.1752572059631348 10.935755729675293 -2
    vertex 2.1752572059631348 10.935755729675293 2
    vertex 3.2366740703582764 10.66988468170166 2
  endloop
endfacet
facet normal 0 0 0
  outer loop
    vertex 5.224162578582764 9.848514556884766 2
    vertex 4.26692008972168 10.301257133483887 -2
    vertex 4.26692008972168 10.301257133483887 2
  endloop
endfacet
facet normal 0 0 0
  outer loop
    vertex -4.501095771789551 10.057914733886719 2
    vertex -4.220998287200928 10.190391540527344 2
    vertex -4.43224573135376 10.129460334777832 2
  endloop
endfacet
facet normal 0 0 0
  outer loop
    vertex -4.220998287200928 10.190391540527344 2
    vertex -3.2018399238586426 10.555051803588867 2
    vertex -3.2321300506591797 10.548755645751953 2
  endloop
endfacet
facet normal 0 0 0
  outer loop
    vertex -3.2018399238586426 10.555051803588867 2
    vertex -2.151846170425415 10.818061828613281 2
    vertex -3.2203168869018555 10.643298149108887 2
  endloop
endfacet
facet normal 0 0 0
  outer loop
    vertex -2.173666477203369 10.932491302490234 2
    vertex -2.151846170425415 10.818061828613281 2
    vertex -1.0811290740966797 10.976887702941895 2
  endloop
endfacet
facet normal 0 0 0
  outer loop
    vertex -1.7421584129333496 11 2
    vertex -0.9001961350440979 11 2
    vertex -1.0928910970687866 11.096309661865234 2
  endloop
endfacet
facet normal 0 0 0
  outer loop
    vertex -1.0811290740966797 10.976887702941895 2
    vertex -0.8858740925788879 10.992841720581055 2
    vertex -1.052899718284607 10.988497734069824 2
  endloop
endfacet
facet normal 0 0 0
  outer loop
    vertex -1.0811290740966797 10.976887702941895 2
    vertex -0.4000000059604645 11.01034927368164 2
    vertex -0.8858740925788879 10.992841720581055 2
  endloop
endfacet
facet normal 0 0 0
  outer loop
    vertex -0.8858740925788879 10.992841720581055 2
    vertex -0.4000000059604645 11.130349159240723 2
    vertex -0.9001961350440979 11 2
  endloop
endfacet
facet normal 0 0 0
  outer loop
    vertex -0.9001961350440979 11 2
    vertex -0.4000000059604645 11.130349159240723 2
    vertex -1.0928910970687866 11.096309661865234 2
  endloop
endfacet
facet normal 0 0 0
  outer loop
    vertex -0.8858740925788879 10.992841720581055 2
    vertex -0.4000000059604645 11.01034927368164 2
    vertex -0.4000000059604645 11.130349159240723 2
  endloop
endfacet
facet normal 0 0 0
  outer loop
    vertex 0.4000000059604645 11.01034927368164 2
    vertex 1.0928910970687866 11.096309661865234 2
    vertex 0.4000000059604645 11.130349159240723 2
  endloop
endfacet
facet normal 0 0 0
  outer loop
    vertex 0.4000000059604645 11.01034927368164 2
    vertex 1.0811290740966797 10.976887702941895 2
    vertex 1.0928910970687866 11.096309661865234 2
  endloop
endfacet
facet normal 0 0 0
  outer loop
    vertex 1.0811290740966797 10.976887702941895 2
    vertex 2.1752572059631348 10.935755729675293 2
    vertex 1.0928910970687866 11.096309661865234 2
  endloop
endfacet
facet normal 0 0 0
  outer loop
    vertex 3.2018399238586426 10.555051803588867 2
    vertex 4.26692008972168 10.301257133483887 2
    vertex 3.2366740703582764 10.66988468170166 2
  endloop
endfacet
facet normal 0 0 0
  outer loop
    vertex 4.220998287200928 10.190391540527344 2
    vertex 4.26692008972168 10.301257133483887 2
    vertex 3.2018399238586426 10.555051803588867 2
  endloop
endfacet
facet normal 0 0 0
  outer loop
    vertex 1.0811290740966797 10.976887702941895 2
    vertex 2.151846170425415 10.818061828613281 2
    vertex 2.1752572059631348 10.935755729675293 2
  endloop
endfacet
facet normal 0 0 0
  outer loop
    vertex 3.2018399238586426 10.555051803588867 2
    vertex 3.2366740703582764 10.66988468170166 2
    vertex 2.151846170425415 10.818061828613281 2
  endloop
endfacet
facet normal 0 0 0
  outer loop
    vertex 2.151846170425415 10.818061828613281 2
    vertex 3.2366740703582764 10.66988468170166 2
    vertex 2.1752572059631348 10.935755729675293 2
  endloop
endfacet
facet normal 0 0 0
  outer loop
    vertex 5.224162578582764 9.848514556884766 2
    vertex 4.26692008972168 10.301257133483887 2
    vertex 4.220998287200928 10.190391540527344 2
  endloop
endfacet
facet normal 0 0 0
  outer loop
    vertex -2.353379249572754 -7.758051872253418 -2
    vertex -3.1024692058563232 -7.490023136138916 -2
    vertex -3.0696678161621094 -7.410833835601807 2
  endloop
endfacet
facet normal 0 0 0
  outer loop
    vertex -0.7946389317512512 -8.06810474395752 -2
    vertex -1.5816251039505005 -7.951366424560547 -2
    vertex -1.5649031400680542 -7.8672990798950195 2
  endloop
endfacet
facet normal 0 0 0
  outer loop
    vertex -1.5816251039505005 -7.951366424560547 -2
    vertex -2.353379249572754 -7.758051872253418 -2
    vertex -2.328497886657715 -7.676028728485107 2
  endloop
endfacet
facet normal 0 0 0
  outer loop
    vertex 0 -8.107142448425293 -2
    vertex -0.7946389317512512 -8.06810474395752 -2
    vertex -0.7862374782562256 -7.9828033447265625 2
  endloop
endfacet
facet normal 0 0 0
  outer loop
    vertex -3.1024692058563232 -7.490023136138916 -2
    vertex -3.821680784225464 -7.149861812591553 -2
    vertex -3.7812752723693848 -7.074268341064453 2
  endloop
endfacet
facet normal 0 0 0
  outer loop
    vertex -4.504087448120117 -6.740842819213867 -2
    vertex -5.1431169509887695 -6.266906261444092 -2
    vertex -5.088740348815918 -6.200648307800293 2
  endloop
endfacet
facet normal 0 0 0
  outer loop
    vertex -3.821680784225464 -7.149861812591553 -2
    vertex -4.504087448120117 -6.740842819213867 -2
    vertex -4.456467151641846 -6.66957426071167 2
  endloop
endfacet
facet normal 0 0 0
  outer loop
    vertex -5.7326154708862305 -5.7326154708862305 -2
    vertex -6.266906261444092 -5.1431169509887695 -2
    vertex -6.200648307800293 -5.088740348815918 2
  endloop
endfacet
facet normal 0 0 0
  outer loop
    vertex -5.1431169509887695 -6.266906261444092 -2
    vertex -5.7326154708862305 -5.7326154708862305 -2
    vertex -5.672006607055664 -5.672006607055664 2
  endloop
endfacet
facet normal 0 0 0
  outer loop
    vertex -6.266906261444092 -5.1431169509887695 -2
    vertex -6.740842819213867 -4.504087448120117 -2
    vertex -6.66957426071167 -4.456467151641846 2
  endloop
endfacet
facet normal 0 0 0
  outer loop
    vertex -6.740842819213867 -4.504087448120117 -2
    vertex -7.149861812591553 -3.821680784225464 -2
    vertex -7.074268341064453 -3.7812752723693848 2
  endloop
endfacet
facet normal 0 0 0
  outer loop
    vertex -7.149861812591553 -3.821680784225464 -2
    vertex -7.490023136138916 -3.1024692058563232 -2
    vertex -7.410833835601807 -3.0696678161621094 2
  endloop
endfacet
facet normal 0 0 0
  outer loop
    vertex -7.490023136138916 -3.1024692058563232 -2
    vertex -7.758051872253418 -2.353379249572754 -2
    vertex -7.676028728485107 -2.328497886657715 2
  endloop
endfacet
facet normal 0 0 0
  outer loop
    vertex -7.758051872253418 -2.353379249572754 -2
    vertex -7.951366424560547 -1.5816251039505005 -2
    vertex -7.8672990798950195 -1.5649031400680542 2
  endloop
endfacet
facet normal 0 0 0
  outer loop
    vertex -7.951366424560547 -1.5816251039505005 -2
    vertex -8.06810474395752 -0.7946389317512512 -2
    vertex -7.9828033447265625 -0.7862374782562256 2
  endloop
endfacet
facet normal 0 0 0
  outer loop
    vertex -8.06810474395752 -0.7946389317512512 -2
    vertex -8.107142448425293 0 -2
    vertex -8.021428108215332 0 2
  endloop
endfacet
facet normal 0 0 0
  outer loop
    vertex -3.0696678161621094 -7.410833835601807 2
    vertex -2.328497886657715 -7.676028728485107 2
    vertex -2.353379249572754 -7.758051872253418 -2
  endloop
endfacet
facet normal 0 0 0
  outer loop
    vertex -2.328497886657715 -7.676028728485107 2
    vertex -1.5649031400680542 -7.8672990798950195 2
    vertex -1.5816251039505005 -7.951366424560547 -2
  endloop
endfacet
facet normal 0 0 0
  outer loop
    vertex -1.5649031400680542 -7.8672990798950195 2
    vertex -0.7862374782562256 -7.9828033447265625 2
    vertex -0.7946389317512512 -8.06810474395752 -2
  endloop
endfacet
facet normal 0 0 0
  outer loop
    vertex 0 -8.021428108215332 2
    vertex 0 -8.107142448425293 -2
    vertex -0.7862374782562256 -7.9828033447265625 2
  endloop
endfacet
facet normal 0 0 0
  outer loop
    vertex -4.456467151641846 -6.66957426071167 2
    vertex -3.7812752723693848 -7.074268341064453 2
    vertex -3.821680784225464 -7.149861812591553 -2
  endloop
endfacet
facet normal 0 0 0
  outer loop
    vertex -5.088740348815918 -6.200648307800293 2
    vertex -4.456467151641846 -6.66957426071167 2
    vertex -4.504087448120117 -6.740842819213867 -2
  endloop
endfacet
facet normal 0 0 0
  outer loop
    vertex -5.672006607055664 -5.672006607055664 2
    vertex -5.088740348815918 -6.200648307800293 2
    vertex -5.1431169509887695 -6.266906261444092 -2
  endloop
endfacet
facet normal 0 0 0
  outer loop
    vertex -5.7326154708862305 -5.7326154708862305 -2
    vertex -6.200648307800293 -5.088740348815918 2
    vertex -5.672006607055664 -5.672006607055664 2
  endloop
endfacet
facet normal 0 0 0
  outer loop
    vertex -3.7812752723693848 -7.074268341064453 2
    vertex -3.0696678161621094 -7.410833835601807 2
    vertex -3.1024692058563232 -7.490023136138916 -2
  endloop
endfacet
facet normal 0 0 0
  outer loop
    vertex -6.266906261444092 -5.1431169509887695 -2
    vertex -6.66957426071167 -4.456467151641846 2
    vertex -6.200648307800293 -5.088740348815918 2
  endloop
endfacet
facet normal 0 0 0
  outer loop
    vertex -6.740842819213867 -4.504087448120117 -2
    vertex -7.074268341064453 -3.7812752723693848 2
    vertex -6.66957426071167 -4.456467151641846 2
  endloop
endfacet
facet normal 0 0 0
  outer loop
    vertex -7.149861812591553 -3.821680784225464 -2
    vertex -7.410833835601807 -3.0696678161621094 2
    vertex -7.074268341064453 -3.7812752723693848 2
  endloop
endfacet
facet normal 0 0 0
  outer loop
    vertex -7.490023136138916 -3.1024692058563232 -2
    vertex -7.676028728485107 -2.328497886657715 2
    vertex -7.410833835601807 -3.0696678161621094 2
  endloop
endfacet
facet normal 0 0 0
  outer loop
    vertex -7.758051872253418 -2.353379249572754 -2
    vertex -7.8672990798950195 -1.5649031400680542 2
    vertex -7.676028728485107 -2.328497886657715 2
  endloop
endfacet
facet normal 0 0 0
  outer loop
    vertex -7.951366424560547 -1.5816251039505005 -2
    vertex -7.9828033447265625 -0.7862374782562256 2
    vertex -7.8672990798950195 -1.5649031400680542 2
  endloop
endfacet
facet normal 0 0 0
  outer loop
    vertex -8.06810474395752 -0.7946389317512512 -2
    vertex -8.021428108215332 0 2
    vertex -7.9828033447265625 -0.7862374782562256 2
  endloop
endfacet
facet normal 0 0 0
  outer loop
    vertex -0.7841371297836304 -7.961477756500244 3
    vertex -1.5607225894927979 -7.846282005310059 3
    vertex -1.5398200750350952 -7.7411980628967285 8
  endloop
endfacet
facet normal 0 0 0
  outer loop
    vertex -1.5607225894927979 -7.846282005310059 3
    vertex -2.322277307510376 -7.65552282333374 3
    vertex -2.291175603866577 -7.552993297576904 8
  endloop
endfacet
facet normal 0 0 0
  outer loop
    vertex -0.7841371297836304 -7.961477756500244 3
    vertex -0.7736352682113647 -7.854850769042969 8
    vertex 0 -8 3
  endloop
endfacet
facet normal 0 0 0
  outer loop
    vertex 0.7841371297836304 -7.961477756500244 3
    vertex 0 -8 3
    vertex 0 -7.892857074737549 8
  endloop
endfacet
facet normal 0 0 0
  outer loop
    vertex 1.5607225894927979 -7.846282005310059 3
    vertex 0.7841371297836304 -7.961477756500244 3
    vertex 0.7736352682113647 -7.854850769042969 8
  endloop
endfacet
facet normal 0 0 0
  outer loop
    vertex -3.061467409133911 -7.391036033630371 3
    vertex -3.7711739540100098 -7.055370330810547 3
    vertex -3.7206671237945557 -6.960878372192383 8
  endloop
endfacet
facet normal 0 0 0
  outer loop
    vertex -4.444561958312988 -6.651756763458252 3
    vertex -5.075146198272705 -6.184083461761475 3
    vertex -5.007175445556641 -6.101261138916016 8
  endloop
endfacet
facet normal 0 0 0
  outer loop
    vertex -3.7711739540100098 -7.055370330810547 3
    vertex -4.444561958312988 -6.651756763458252 3
    vertex -4.385036468505859 -6.562670707702637 8
  endloop
endfacet
facet normal 0 0 0
  outer loop
    vertex -5.075146198272705 -6.184083461761475 3
    vertex -5.656854152679443 -5.656854152679443 3
    vertex -5.581092834472656 -5.581092834472656 8
  endloop
endfacet
facet normal 0 0 0
  outer loop
    vertex -5.656854152679443 -5.656854152679443 3
    vertex -6.184083461761475 -5.075146198272705 3
    vertex -6.101261138916016 -5.007175445556641 8
  endloop
endfacet
facet normal 0 0 0
  outer loop
    vertex -2.322277307510376 -7.65552282333374 3
    vertex -3.061467409133911 -7.391036033630371 3
    vertex -3.020465612411499 -7.292048931121826 8
  endloop
endfacet
facet normal 0 0 0
  outer loop
    vertex 2.322277307510376 -7.65552282333374 3
    vertex 1.5607225894927979 -7.846282005310059 3
    vertex 1.5398200750350952 -7.7411980628967285 8
  endloop
endfacet
facet normal 0 0 0
  outer loop
    vertex 3.061467409133911 -7.391036033630371 3
    vertex 2.322277307510376 -7.65552282333374 3
    vertex 2.291175603866577 -7.552993297576904 8
  endloop
endfacet
facet normal 0 0 0
  outer loop
    vertex 3.7711739540100098 -7.055370330810547 3
    vertex 3.061467409133911 -7.391036033630371 3
    vertex 3.020465612411499 -7.292048931121826 8
  endloop
endfacet
facet normal 0 0 0
  outer loop
    vertex 4.444561958312988 -6.651756763458252 3
    vertex 3.7711739540100098 -7.055370330810547 3
    vertex 3.7206671237945557 -6.960878372192383 8
  endloop
endfacet
facet normal 0 0 0
  outer loop
    vertex 5.075146198272705 -6.184083461761475 3
    vertex 4.444561958312988 -6.651756763458252 3
    vertex 4.385036468505859 -6.562670707702637 8
  endloop
endfacet
facet normal 0 0 0
  outer loop
    vertex 5.656854152679443 -5.656854152679443 3
    vertex 5.075146198272705 -6.184083461761475 3
    vertex 5.007175445556641 -6.101261138916016 8
  endloop
endfacet
facet normal 0 0 0
  outer loop
    vertex 6.184083461761475 -5.075146198272705 3
    vertex 5.656854152679443 -5.656854152679443 3
    vertex 5.581092834472656 -5.581092834472656 8
  endloop
endfacet
facet normal 0 0 0
  outer loop
    vertex -6.184083461761475 -5.075146198272705 3
    vertex -6.651756763458252 -4.444561958312988 3
    vertex -6.562670707702637 -4.385036468505859 8
  endloop
endfacet
facet normal 0 0 0
  outer loop
    vertex -6.651756763458252 -4.444561958312988 3
    vertex -7.055370330810547 -3.7711739540100098 3
    vertex -6.960878372192383 -3.7206671237945557 8
  endloop
endfacet
facet normal 0 0 0
  outer loop
    vertex -7.055370330810547 -3.7711739540100098 3
    vertex -7.391036033630371 -3.061467409133911 3
    vertex -7.292048931121826 -3.020465612411499 8
  endloop
endfacet
facet normal 0 0 0
  outer loop
    vertex -7.391036033630371 -3.061467409133911 3
    vertex -7.65552282333374 -2.322277307510376 3
    vertex -7.552993297576904 -2.291175603866577 8
  endloop
endfacet
facet normal 0 0 0
  outer loop
    vertex -7.65552282333374 -2.322277307510376 3
    vertex -7.846282005310059 -1.5607225894927979 3
    vertex -7.7411980628967285 -1.5398200750350952 8
  endloop
endfacet
facet normal 0 0 0
  outer loop
    vertex -7.846282005310059 -1.5607225894927979 3
    vertex -7.961477756500244 -0.7841371297836304 3
    vertex -7.854850769042969 -0.7736352682113647 8
  endloop
endfacet
facet normal 0 0 0
  outer loop
    vertex -7.961477756500244 -0.7841371297836304 3
    vertex -8 0 3
    vertex -7.892857074737549 0 8
  endloop
endfacet
facet normal 0 0 0
  outer loop
    vertex 6.651756763458252 -4.444561958312988 3
    vertex 6.184083461761475 -5.075146198272705 3
    vertex 6.101261138916016 -5.007175445556641 8
  endloop
endfacet
facet normal 0 0 0
  outer loop
    vertex 7.055370330810547 -3.7711739540100098 3
    vertex 6.651756763458252 -4.444561958312988 3
    vertex 6.562670707702637 -4.385036468505859 8
  endloop
endfacet
facet normal 0 0 0
  outer loop
    vertex 7.391036033630371 -3.061467409133911 3
    vertex 7.055370330810547 -3.7711739540100098 3
    vertex 6.960878372192383 -3.7206671237945557 8
  endloop
endfacet
facet normal 0 0 0
  outer loop
    vertex 7.65552282333374 -2.322277307510376 3
    vertex 7.391036033630371 -3.061467409133911 3
    vertex 7.292048931121826 -3.020465612411499 8
  endloop
endfacet
facet normal 0 0 0
  outer loop
    vertex 7.846282005310059 -1.5607225894927979 3
    vertex 7.65552282333374 -2.322277307510376 3
    vertex 7.552993297576904 -2.291175603866577 8
  endloop
endfacet
facet normal 0 0 0
  outer loop
    vertex 7.961477756500244 -0.7841371297836304 3
    vertex 7.846282005310059 -1.5607225894927979 3
    vertex 7.7411980628967285 -1.5398200750350952 8
  endloop
endfacet
facet normal 0 0 0
  outer loop
    vertex 8 0 3
    vertex 7.961477756500244 -0.7841371297836304 3
    vertex 7.854850769042969 -0.7736352682113647 8
  endloop
endfacet
facet normal 0 0 0
  outer loop
    vertex -2.322277307510376 -7.65552282333374 3
    vertex -3.020465612411499 -7.292048931121826 8
    vertex -2.291175603866577 -7.552993297576904 8
  endloop
endfacet
facet normal 0 0 0
  outer loop
    vertex -0.7841371297836304 -7.961477756500244 3
    vertex -1.5398200750350952 -7.7411980628967285 8
    vertex -0.7736352682113647 -7.854850769042969 8
  endloop
endfacet
facet normal 0 0 0
  outer loop
    vertex -1.5607225894927979 -7.846282005310059 3
    vertex -2.291175603866577 -7.552993297576904 8
    vertex -1.5398200750350952 -7.7411980628967285 8
  endloop
endfacet
facet normal 0 0 0
  outer loop
    vertex -0.7736352682113647 -7.854850769042969 8
    vertex 0 -7.892857074737549 8
    vertex 0 -8 3
  endloop
endfacet
facet normal 0 0 0
  outer loop
    vertex 0.7841371297836304 -7.961477756500244 3
    vertex 0 -7.892857074737549 8
    vertex 0.7736352682113647 -7.854850769042969 8
  endloop
endfacet
facet normal 0 0 0
  outer loop
    vertex 1.5607225894927979 -7.846282005310059 3
    vertex 0.7736352682113647 -7.854850769042969 8
    vertex 1.5398200750350952 -7.7411980628967285 8
  endloop
endfacet
facet normal 0 0 0
  outer loop
    vertex -3.7711739540100098 -7.055370330810547 3
    vertex -4.385036468505859 -6.562670707702637 8
    vertex -3.7206671237945557 -6.960878372192383 8
  endloop
endfacet
facet normal 0 0 0
  outer loop
    vertex -4.444561958312988 -6.651756763458252 3
    vertex -5.007175445556641 -6.101261138916016 8
    vertex -4.385036468505859 -6.562670707702637 8
  endloop
endfacet
facet normal 0 0 0
  outer loop
    vertex -5.075146198272705 -6.184083461761475 3
    vertex -5.581092834472656 -5.581092834472656 8
    vertex -5.007175445556641 -6.101261138916016 8
  endloop
endfacet
facet normal 0 0 0
  outer loop
    vertex -5.656854152679443 -5.656854152679443 3
    vertex -6.101261138916016 -5.007175445556641 8
    vertex -5.581092834472656 -5.581092834472656 8
  endloop
endfacet
facet normal 0 0 0
  outer loop
    vertex -3.061467409133911 -7.391036033630371 3
    vertex -3.7206671237945557 -6.960878372192383 8
    vertex -3.020465612411499 -7.292048931121826 8
  endloop
endfacet
facet normal 0 0 0
  outer loop
    vertex 2.322277307510376 -7.65552282333374 3
    vertex 1.5398200750350952 -7.7411980628967285 8
    vertex 2.291175603866577 -7.552993297576904 8
  endloop
endfacet
facet normal 0 0 0
  outer loop
    vertex 2.291175603866577 -7.552993297576904 8
    vertex 3.020465612411499 -7.292048931121826 8
    vertex 3.061467409133911 -7.391036033630371 3
  endloop
endfacet
facet normal 0 0 0
  outer loop
    vertex 3.020465612411499 -7.292048931121826 8
    vertex 3.7206671237945557 -6.960878372192383 8
    vertex 3.7711739540100098 -7.055370330810547 3
  endloop
endfacet
facet normal 0 0 0
  outer loop
    vertex 3.7206671237945557 -6.960878372192383 8
    vertex 4.385036468505859 -6.562670707702637 8
    vertex 4.444561958312988 -6.651756763458252 3
  endloop
endfacet
facet normal 0 0 0
  outer loop
    vertex 4.385036468505859 -6.562670707702637 8
    vertex 5.007175445556641 -6.101261138916016 8
    vertex 5.075146198272705 -6.184083461761475 3
  endloop
endfacet
facet normal 0 0 0
  outer loop
    vertex 5.007175445556641 -6.101261138916016 8
    vertex 5.581092834472656 -5.581092834472656 8
    vertex 5.656854152679443 -5.656854152679443 3
  endloop
endfacet
facet normal 0 0 0
  outer loop
    vertex 5.581092834472656 -5.581092834472656 8
    vertex 6.101261138916016 -5.007175445556641 8
    vertex 6.184083461761475 -5.075146198272705 3
  endloop
endfacet
facet normal 0 0 0
  outer loop
    vertex -6.184083461761475 -5.075146198272705 3
    vertex -6.562670707702637 -4.385036468505859 8
    vertex -6.101261138916016 -5.007175445556641 8
  endloop
endfacet
facet normal 0 0 0
  outer loop
    vertex -6.651756763458252 -4.444561958312988 3
    vertex -6.960878372192383 -3.7206671237945557 8
    vertex -6.562670707702637 -4.385036468505859 8
  endloop
endfacet
facet normal 0 0 0
  outer loop
    vertex -7.055370330810547 -3.7711739540100098 3
    vertex -7.292048931121826 -3.020465612411499 8
    vertex -6.960878372192383 -3.7206671237945557 8
  endloop
endfacet
facet normal 0 0 0
  outer loop
    vertex -7.391036033630371 -3.061467409133911 3
    vertex -7.552993297576904 -2.291175603866577 8
    vertex -7.292048931121826 -3.020465612411499 8
  endloop
endfacet
facet normal 0 0 0
  outer loop
    vertex -7.65552282333374 -2.322277307510376 3
    vertex -7.7411980628967285 -1.5398200750350952 8
    vertex -7.552993297576904 -2.291175603866577 8
  endloop
endfacet
facet normal 0 0 0
  outer loop
    vertex -7.846282005310059 -1.5607225894927979 3
    vertex -7.854850769042969 -0.7736352682113647 8
    vertex -7.7411980628967285 -1.5398200750350952 8
  endloop
endfacet
facet normal 0 0 0
  outer loop
    vertex -7.892857074737549 0 8
    vertex -7.854850769042969 -0.7736352682113647 8
    vertex -7.961477756500244 -0.7841371297836304 3
  endloop
endfacet
facet normal 0 0 0
  outer loop
    vertex 6.101261138916016 -5.007175445556641 8
    vertex 6.562670707702637 -4.385036468505859 8
    vertex 6.651756763458252 -4.444561958312988 3
  endloop
endfacet
facet normal 0 0 0
  outer loop
    vertex 7.055370330810547 -3.7711739540100098 3
    vertex 6.562670707702637 -4.385036468505859 8
    vertex 6.960878372192383 -3.7206671237945557 8
  endloop
endfacet
facet normal 0 0 0
  outer loop
    vertex 6.960878372192383 -3.7206671237945557 8
    vertex 7.292048931121826 -3.020465612411499 8
    vertex 7.391036033630371 -3.061467409133911 3
  endloop
endfacet
facet normal 0 0 0
  outer loop
    vertex 7.292048931121826 -3.020465612411499 8
    vertex 7.552993297576904 -2.291175603866577 8
    vertex 7.65552282333374 -2.322277307510376 3
  endloop
endfacet
facet normal 0 0 0
  outer loop
    vertex 7.846282005310059 -1.5607225894927979 3
    vertex 7.552993297576904 -2.291175603866577 8
    vertex 7.7411980628967285 -1.5398200750350952 8
  endloop
endfacet
facet normal 0 0 0
  outer loop
    vertex 7.7411980628967285 -1.5398200750350952 8
    vertex 7.854850769042969 -0.7736352682113647 8
    vertex 7.961477756500244 -0.7841371297836304 3
  endloop
endfacet
facet normal 0 0 0
  outer loop
    vertex 8 0 3
    vertex 7.854850769042969 -0.7736352682113647 8
    vertex 7.892857074737549 0 8
  endloop
endfacet
facet normal 0 0 0
  outer loop
    vertex -8.107142448425293 0 -2
    vertex -8.06810474395752 0.7946389317512512 -2
    vertex -7.9828033447265625 0.7862374782562256 2
  endloop
endfacet
facet normal 0 0 0
  outer loop
    vertex -8.06810474395752 0.7946389317512512 -2
    vertex -7.951366424560547 1.5816251039505005 -2
    vertex -7.8672990798950195 1.5649031400680542 2
  endloop
endfacet
facet normal 0 0 0
  outer loop
    vertex -7.951366424560547 1.5816251039505005 -2
    vertex -7.758051872253418 2.353379249572754 -2
    vertex -7.676028728485107 2.328497886657715 2
  endloop
endfacet
facet normal 0 0 0
  outer loop
    vertex -7.758051872253418 2.353379249572754 -2
    vertex -7.490023136138916 3.1024692058563232 -2
    vertex -7.410833835601807 3.0696678161621094 2
  endloop
endfacet
facet normal 0 0 0
  outer loop
    vertex -7.490023136138916 3.1024692058563232 -2
    vertex -7.149861812591553 3.821680784225464 -2
    vertex -7.074268341064453 3.7812752723693848 2
  endloop
endfacet
facet normal 0 0 0
  outer loop
    vertex -7.149861812591553 3.821680784225464 -2
    vertex -6.740842819213867 4.504087448120117 -2
    vertex -6.66957426071167 4.456467151641846 2
  endloop
endfacet
facet normal 0 0 0
  outer loop
    vertex -6.740842819213867 4.504087448120117 -2
    vertex -6.266906261444092 5.1431169509887695 -2
    vertex -6.200648307800293 5.088740348815918 2
  endloop
endfacet
facet normal 0 0 0
  outer loop
    vertex -6.266906261444092 5.1431169509887695 -2
    vertex -5.7326154708862305 5.7326154708862305 -2
    vertex -5.672006607055664 5.672006607055664 2
  endloop
endfacet
facet normal 0 0 0
  outer loop
    vertex -5.7326154708862305 5.7326154708862305 -2
    vertex -5.1431169509887695 6.266906261444092 -2
    vertex -5.088740348815918 6.200648307800293 2
  endloop
endfacet
facet normal 0 0 0
  outer loop
    vertex -5.1431169509887695 6.266906261444092 -2
    vertex -4.504087448120117 6.740842819213867 -2
    vertex -4.456467151641846 6.66957426071167 2
  endloop
endfacet
facet normal 0 0 0
  outer loop
    vertex -4.504087448120117 6.740842819213867 -2
    vertex -3.821680784225464 7.149861812591553 -2
    vertex -3.7812752723693848 7.074268341064453 2
  endloop
endfacet
facet normal 0 0 0
  outer loop
    vertex -3.821680784225464 7.149861812591553 -2
    vertex -3.1024692058563232 7.490023136138916 -2
    vertex -3.0696678161621094 7.410833835601807 2
  endloop
endfacet
facet normal 0 0 0
  outer loop
    vertex -3.1024692058563232 7.490023136138916 -2
    vertex -2.353379249572754 7.758051872253418 -2
    vertex -2.328497886657715 7.676028728485107 2
  endloop
endfacet
facet normal 0 0 0
  outer loop
    vertex -2.353379249572754 7.758051872253418 -2
    vertex -1.5816251039505005 7.951366424560547 -2
    vertex -1.5649031400680542 7.8672990798950195 2
  endloop
endfacet
facet normal 0 0 0
  outer loop
    vertex -1.5816251039505005 7.951366424560547 -2
    vertex -0.7946389317512512 8.06810474395752 -2
    vertex -0.7862374782562256 7.9828033447265625 2
  endloop
endfacet
facet normal 0 0 0
  outer loop
    vertex -0.7946389317512512 8.06810474395752 -2
    vertex 0 8.107142448425293 -2
    vertex 0 8.021428108215332 2
  endloop
endfacet
facet normal 0 0 0
  outer loop
    vertex -8.107142448425293 0 -2
    vertex -7.9828033447265625 0.7862374782562256 2
    vertex -8.021428108215332 0 2
  endloop
endfacet
facet normal 0 0 0
  outer loop
    vertex -8.06810474395752 0.7946389317512512 -2
    vertex -7.8672990798950195 1.5649031400680542 2
    vertex -7.9828033447265625 0.7862374782562256 2
  endloop
endfacet
facet normal 0 0 0
  outer loop
    vertex -7.951366424560547 1.5816251039505005 -2
    vertex -7.676028728485107 2.328497886657715 2
    vertex -7.8672990798950195 1.5649031400680542 2
  endloop
endfacet
facet normal 0 0 0
  outer loop
    vertex -7.758051872253418 2.353379249572754 -2
    vertex -7.410833835601807 3.0696678161621094 2
    vertex -7.676028728485107 2.328497886657715 2
  endloop
endfacet
facet normal 0 0 0
  outer loop
    vertex -7.490023136138916 3.1024692058563232 -2
    vertex -7.074268341064453 3.7812752723693848 2
    vertex -7.410833835601807 3.0696678161621094 2
  endloop
endfacet
facet normal 0 0 0
  outer loop
    vertex -7.149861812591553 3.821680784225464 -2
    vertex -6.66957426071167 4.456467151641846 2
    vertex -7.074268341064453 3.7812752723693848 2
  endloop
endfacet
facet normal 0 0 0
  outer loop
    vertex -6.740842819213867 4.504087448120117 -2
    vertex -6.200648307800293 5.088740348815918 2
    vertex -6.66957426071167 4.456467151641846 2
  endloop
endfacet
facet normal 0 0 0
  outer loop
    vertex -6.266906261444092 5.1431169509887695 -2
    vertex -5.672006607055664 5.672006607055664 2
    vertex -6.200648307800293 5.088740348815918 2
  endloop
endfacet
facet normal 0 0 0
  outer loop
    vertex -5.7326154708862305 5.7326154708862305 -2
    vertex -5.088740348815918 6.200648307800293 2
    vertex -5.672006607055664 5.672006607055664 2
  endloop
endfacet
facet normal 0 0 0
  outer loop
    vertex -5.1431169509887695 6.266906261444092 -2
    vertex -4.456467151641846 6.66957426071167 2
    vertex -5.088740348815918 6.200648307800293 2
  endloop
endfacet
facet normal 0 0 0
  outer loop
    vertex -4.504087448120117 6.740842819213867 -2
    vertex -3.7812752723693848 7.074268341064453 2
    vertex -4.456467151641846 6.66957426071167 2
  endloop
endfacet
facet normal 0 0 0
  outer loop
    vertex -3.821680784225464 7.149861812591553 -2
    vertex -3.0696678161621094 7.410833835601807 2
    vertex -3.7812752723693848 7.074268341064453 2
  endloop
endfacet
facet normal 0 0 0
  outer loop
    vertex -3.1024692058563232 7.490023136138916 -2
    vertex -2.328497886657715 7.676028728485107 2
    vertex -3.0696678161621094 7.410833835601807 2
  endloop
endfacet
facet normal 0 0 0
  outer loop
    vertex -2.353379249572754 7.758051872253418 -2
    vertex -1.5649031400680542 7.8672990798950195 2
    vertex -2.328497886657715 7.676028728485107 2
  endloop
endfacet
facet normal 0 0 0
  outer loop
    vertex -1.5816251039505005 7.951366424560547 -2
    vertex -0.7862374782562256 7.9828033447265625 2
    vertex -1.5649031400680542 7.8672990798950195 2
  endloop
endfacet
facet normal 0 0 0
  outer loop
    vertex -0.7946389317512512 8.06810474395752 -2
    vertex 0 8.021428108215332 2
    vertex -0.7862374782562256 7.9828033447265625 2
  endloop
endfacet
facet normal 0 0 0
  outer loop
    vertex -8 0 3
    vertex -7.961477756500244 0.7841371297836304 3
    vertex -7.854850769042969 0.7736352682113647 8
  endloop
endfacet
facet normal 0 0 0
  outer loop
    vertex -7.961477756500244 0.7841371297836304 3
    vertex -7.846282005310059 1.5607225894927979 3
    vertex -7.7411980628967285 1.5398200750350952 8
  endloop
endfacet
facet normal 0 0 0
  outer loop
    vertex -7.846282005310059 1.5607225894927979 3
    vertex -7.65552282333374 2.322277307510376 3
    vertex -7.552993297576904 2.291175603866577 8
  endloop
endfacet
facet normal 0 0 0
  outer loop
    vertex -7.65552282333374 2.322277307510376 3
    vertex -7.391036033630371 3.061467409133911 3
    vertex -7.292048931121826 3.020465612411499 8
  endloop
endfacet
facet normal 0 0 0
  outer loop
    vertex -7.391036033630371 3.061467409133911 3
    vertex -7.055370330810547 3.7711739540100098 3
    vertex -6.960878372192383 3.7206671237945557 8
  endloop
endfacet
facet normal 0 0 0
  outer loop
    vertex -7.055370330810547 3.7711739540100098 3
    vertex -6.651756763458252 4.444561958312988 3
    vertex -6.562670707702637 4.385036468505859 8
  endloop
endfacet
facet normal 0 0 0
  outer loop
    vertex -6.651756763458252 4.444561958312988 3
    vertex -6.184083461761475 5.075146198272705 3
    vertex -6.101261138916016 5.007175445556641 8
  endloop
endfacet
facet normal 0 0 0
  outer loop
    vertex 7.961477756500244 0.7841371297836304 3
    vertex 8 0 3
    vertex 7.892857074737549 0 8
  endloop
endfacet
facet normal 0 0 0
  outer loop
    vertex 7.846282005310059 1.5607225894927979 3
    vertex 7.961477756500244 0.7841371297836304 3
    vertex 7.854850769042969 0.7736352682113647 8
  endloop
endfacet
facet normal 0 0 0
  outer loop
    vertex 7.65552282333374 2.322277307510376 3
    vertex 7.846282005310059 1.5607225894927979 3
    vertex 7.7411980628967285 1.5398200750350952 8
  endloop
endfacet
facet normal 0 0 0
  outer loop
    vertex 6.184083461761475 5.075146198272705 3
    vertex 6.651756763458252 4.444561958312988 3
    vertex 6.562670707702637 4.385036468505859 8
  endloop
endfacet
facet normal 0 0 0
  outer loop
    vertex 7.391036033630371 3.061467409133911 3
    vertex 7.65552282333374 2.322277307510376 3
    vertex 7.552993297576904 2.291175603866577 8
  endloop
endfacet
facet normal 0 0 0
  outer loop
    vertex 7.055370330810547 3.7711739540100098 3
    vertex 7.391036033630371 3.061467409133911 3
    vertex 7.292048931121826 3.020465612411499 8
  endloop
endfacet
facet normal 0 0 0
  outer loop
    vertex 6.651756763458252 4.444561958312988 3
    vertex 7.055370330810547 3.7711739540100098 3
    vertex 6.960878372192383 3.7206671237945557 8
  endloop
endfacet
facet normal 0 0 0
  outer loop
    vertex -6.184083461761475 5.075146198272705 3
    vertex -5.656854152679443 5.656854152679443 3
    vertex -5.581092834472656 5.581092834472656 8
  endloop
endfacet
facet normal 0 0 0
  outer loop
    vertex -5.656854152679443 5.656854152679443 3
    vertex -5.075146198272705 6.184083461761475 3
    vertex -5.007175445556641 6.101261138916016 8
  endloop
endfacet
facet normal 0 0 0
  outer loop
    vertex -5.075146198272705 6.184083461761475 3
    vertex -4.444561958312988 6.651756763458252 3
    vertex -4.385036468505859 6.562670707702637 8
  endloop
endfacet
facet normal 0 0 0
  outer loop
    vertex -4.444561958312988 6.651756763458252 3
    vertex -3.7711739540100098 7.055370330810547 3
    vertex -3.7206671237945557 6.960878372192383 8
  endloop
endfacet
facet normal 0 0 0
  outer loop
    vertex -3.7711739540100098 7.055370330810547 3
    vertex -3.061467409133911 7.391036033630371 3
    vertex -3.020465612411499 7.292048931121826 8
  endloop
endfacet
facet normal 0 0 0
  outer loop
    vertex -3.061467409133911 7.391036033630371 3
    vertex -2.322277307510376 7.65552282333374 3
    vertex -2.291175603866577 7.552993297576904 8
  endloop
endfacet
facet normal 0 0 0
  outer loop
    vertex -2.322277307510376 7.65552282333374 3
    vertex -1.5607225894927979 7.846282005310059 3
    vertex -1.5398200750350952 7.7411980628967285 8
  endloop
endfacet
facet normal 0 0 0
  outer loop
    vertex -1.5607225894927979 7.846282005310059 3
    vertex -0.7841371297836304 7.961477756500244 3
    vertex -0.7736352682113647 7.854850769042969 8
  endloop
endfacet
facet normal 0 0 0
  outer loop
    vertex -0.7841371297836304 7.961477756500244 3
    vertex 0 8 3
    vertex 0 7.892857074737549 8
  endloop
endfacet
facet normal 0 0 0
  outer loop
    vertex 0 8 3
    vertex 0.7841371297836304 7.961477756500244 3
    vertex 0.7736352682113647 7.854850769042969 8
  endloop
endfacet
facet normal 0 0 0
  outer loop
    vertex 0.7841371297836304 7.961477756500244 3
    vertex 1.5607225894927979 7.846282005310059 3
    vertex 1.5398200750350952 7.7411980628967285 8
  endloop
endfacet
facet normal 0 0 0
  outer loop
    vertex 5.656854152679443 5.656854152679443 3
    vertex 6.184083461761475 5.075146198272705 3
    vertex 6.101261138916016 5.007175445556641 8
  endloop
endfacet
facet normal 0 0 0
  outer loop
    vertex 5.075146198272705 6.184083461761475 3
    vertex 5.656854152679443 5.656854152679443 3
    vertex 5.581092834472656 5.581092834472656 8
  endloop
endfacet
facet normal 0 0 0
  outer loop
    vertex 3.7711739540100098 7.055370330810547 3
    vertex 4.444561958312988 6.651756763458252 3
    vertex 4.385036468505859 6.562670707702637 8
  endloop
endfacet
facet normal 0 0 0
  outer loop
    vertex 2.322277307510376 7.65552282333374 3
    vertex 3.061467409133911 7.391036033630371 3
    vertex 3.020465612411499 7.292048931121826 8
  endloop
endfacet
facet normal 0 0 0
  outer loop
    vertex 3.061467409133911 7.391036033630371 3
    vertex 3.7711739540100098 7.055370330810547 3
    vertex 3.7206671237945557 6.960878372192383 8
  endloop
endfacet
facet normal 0 0 0
  outer loop
    vertex 4.444561958312988 6.651756763458252 3
    vertex 5.075146198272705 6.184083461761475 3
    vertex 5.007175445556641 6.101261138916016 8
  endloop
endfacet
facet normal 0 0 0
  outer loop
    vertex 1.5607225894927979 7.846282005310059 3
    vertex 2.322277307510376 7.65552282333374 3
    vertex 2.291175603866577 7.552993297576904 8
  endloop
endfacet
facet normal 0 0 0
  outer loop
    vertex -8 0 3
    vertex -7.854850769042969 0.7736352682113647 8
    vertex -7.892857074737549 0 8
  endloop
endfacet
facet normal 0 0 0
  outer loop
    vertex -7.7411980628967285 1.5398200750350952 8
    vertex -7.854850769042969 0.7736352682113647 8
    vertex -7.961477756500244 0.7841371297836304 3
  endloop
endfacet
facet normal 0 0 0
  outer loop
    vertex -7.846282005310059 1.5607225894927979 3
    vertex -7.552993297576904 2.291175603866577 8
    vertex -7.7411980628967285 1.5398200750350952 8
  endloop
endfacet
facet normal 0 0 0
  outer loop
    vertex -7.65552282333374 2.322277307510376 3
    vertex -7.292048931121826 3.020465612411499 8
    vertex -7.552993297576904 2.291175603866577 8
  endloop
endfacet
facet normal 0 0 0
  outer loop
    vertex -6.960878372192383 3.7206671237945557 8
    vertex -7.292048931121826 3.020465612411499 8
    vertex -7.391036033630371 3.061467409133911 3
  endloop
endfacet
facet normal 0 0 0
  outer loop
    vertex -6.562670707702637 4.385036468505859 8
    vertex -6.960878372192383 3.7206671237945557 8
    vertex -7.055370330810547 3.7711739540100098 3
  endloop
endfacet
facet normal 0 0 0
  outer loop
    vertex -6.101261138916016 5.007175445556641 8
    vertex -6.562670707702637 4.385036468505859 8
    vertex -6.651756763458252 4.444561958312988 3
  endloop
endfacet
facet normal 0 0 0
  outer loop
    vertex 7.892857074737549 0 8
    vertex 7.854850769042969 0.7736352682113647 8
    vertex 7.961477756500244 0.7841371297836304 3
  endloop
endfacet
facet normal 0 0 0
  outer loop
    vertex 7.846282005310059 1.5607225894927979 3
    vertex 7.854850769042969 0.7736352682113647 8
    vertex 7.7411980628967285 1.5398200750350952 8
  endloop
endfacet
facet normal 0 0 0
  outer loop
    vertex 7.65552282333374 2.322277307510376 3
    vertex 7.7411980628967285 1.5398200750350952 8
    vertex 7.552993297576904 2.291175603866577 8
  endloop
endfacet
facet normal 0 0 0
  outer loop
    vertex 6.651756763458252 4.444561958312988 3
    vertex 6.960878372192383 3.7206671237945557 8
    vertex 6.562670707702637 4.385036468505859 8
  endloop
endfacet
facet normal 0 0 0
  outer loop
    vertex 6.184083461761475 5.075146198272705 3
    vertex 6.562670707702637 4.385036468505859 8
    vertex 6.101261138916016 5.007175445556641 8
  endloop
endfacet
facet normal 0 0 0
  outer loop
    vertex 7.391036033630371 3.061467409133911 3
    vertex 7.552993297576904 2.291175603866577 8
    vertex 7.292048931121826 3.020465612411499 8
  endloop
endfacet
facet normal 0 0 0
  outer loop
    vertex 7.055370330810547 3.7711739540100098 3
    vertex 7.292048931121826 3.020465612411499 8
    vertex 6.960878372192383 3.7206671237945557 8
  endloop
endfacet
facet normal 0 0 0
  outer loop
    vertex -5.581092834472656 5.581092834472656 8
    vertex -6.101261138916016 5.007175445556641 8
    vertex -6.184083461761475 5.075146198272705 3
  endloop
endfacet
facet normal 0 0 0
  outer loop
    vertex -5.656854152679443 5.656854152679443 3
    vertex -5.007175445556641 6.101261138916016 8
    vertex -5.581092834472656 5.581092834472656 8
  endloop
endfacet
facet normal 0 0 0
  outer loop
    vertex -5.075146198272705 6.184083461761475 3
    vertex -4.385036468505859 6.562670707702637 8
    vertex -5.007175445556641 6.101261138916016 8
  endloop
endfacet
facet normal 0 0 0
  outer loop
    vertex -4.444561958312988 6.651756763458252 3
    vertex -3.7206671237945557 6.960878372192383 8
    vertex -4.385036468505859 6.562670707702637 8
  endloop
endfacet
facet normal 0 0 0
  outer loop
    vertex -3.7711739540100098 7.055370330810547 3
    vertex -3.020465612411499 7.292048931121826 8
    vertex -3.7206671237945557 6.960878372192383 8
  endloop
endfacet
facet normal 0 0 0
  outer loop
    vertex -3.061467409133911 7.391036033630371 3
    vertex -2.291175603866577 7.552993297576904 8
    vertex -3.020465612411499 7.292048931121826 8
  endloop
endfacet
facet normal 0 0 0
  outer loop
    vertex -2.322277307510376 7.65552282333374 3
    vertex -1.5398200750350952 7.7411980628967285 8
    vertex -2.291175603866577 7.552993297576904 8
  endloop
endfacet
facet normal 0 0 0
  outer loop
    vertex -1.5607225894927979 7.846282005310059 3
    vertex -0.7736352682113647 7.854850769042969 8
    vertex -1.5398200750350952 7.7411980628967285 8
  endloop
endfacet
facet normal 0 0 0
  outer loop
    vertex -0.7841371297836304 7.961477756500244 3
    vertex 0 7.892857074737549 8
    vertex -0.7736352682113647 7.854850769042969 8
  endloop
endfacet
facet normal 0 0 0
  outer loop
    vertex 0.7736352682113647 7.854850769042969 8
    vertex 0 7.892857074737549 8
    vertex 0 8 3
  endloop
endfacet
facet normal 0 0 0
  outer loop
    vertex 0.7841371297836304 7.961477756500244 3
    vertex 1.5398200750350952 7.7411980628967285 8
    vertex 0.7736352682113647 7.854850769042969 8
  endloop
endfacet
facet normal 0 0 0
  outer loop
    vertex 5.656854152679443 5.656854152679443 3
    vertex 6.101261138916016 5.007175445556641 8
    vertex 5.581092834472656 5.581092834472656 8
  endloop
endfacet
facet normal 0 0 0
  outer loop
    vertex 5.075146198272705 6.184083461761475 3
    vertex 5.581092834472656 5.581092834472656 8
    vertex 5.007175445556641 6.101261138916016 8
  endloop
endfacet
facet normal 0 0 0
  outer loop
    vertex 3.7711739540100098 7.055370330810547 3
    vertex 4.385036468505859 6.562670707702637 8
    vertex 3.7206671237945557 6.960878372192383 8
  endloop
endfacet
facet normal 0 0 0
  outer loop
    vertex 3.061467409133911 7.391036033630371 3
    vertex 3.7206671237945557 6.960878372192383 8
    vertex 3.020465612411499 7.292048931121826 8
  endloop
endfacet
facet normal 0 0 0
  outer loop
    vertex 4.444561958312988 6.651756763458252 3
    vertex 5.007175445556641 6.101261138916016 8
    vertex 4.385036468505859 6.562670707702637 8
  endloop
endfacet
facet normal 0 0 0
  outer loop
    vertex 1.5607225894927979 7.846282005310059 3
    vertex 2.291175603866577 7.552993297576904 8
    vertex 1.5398200750350952 7.7411980628967285 8
  endloop
endfacet
facet normal 0 0 0
  outer loop
    vertex 2.322277307510376 7.65552282333374 3
    vertex 3.020465612411499 7.292048931121826 8
    vertex 2.291175603866577 7.552993297576904 8
  endloop
endfacet
endsolid Baxter_PD_FunnelWrench