solid Baxter_PD_BlueWrench
facet normal 0 0 0
  outer loop
    vertex -1.5192656517028809 -15.425363540649414 -3
    vertex -1 -15.450873374938965 -3
    vertex -1 -15.450873374938965 -2
  endloop
endfacet
facet normal 0 0 0
  outer loop
    vertex 1.5192656517028809 -15.425363540649414 -3
    vertex 1 -15.450873374938965 -2
    vertex 1 -15.450873374938965 -3
  endloop
endfacet
facet normal 0 0 0
  outer loop
    vertex -1.5192656517028809 -15.425363540649414 -3
    vertex -1 -6.667302131652832 -3
    vertex -1 -15.450873374938965 -3
  endloop
endfacet
facet normal 0 0 0
  outer loop
    vertex -7.306649208068848 -13.669779777526855 -3
    vertex -7.771847724914551 -13.390950202941895 -3
    vertex -7.7123494148254395 -9.12656307220459 -3
  endloop
endfacet
facet normal 0 0 0
  outer loop
    vertex -8.61133861541748 -10.837240219116211 -3
    vertex -8.582204818725586 -9.996417999267578 -3
    vertex -8.565275192260742 -9.979488372802734 -3
  endloop
endfacet
facet normal 0 0 0
  outer loop
    vertex -5.931593418121338 -14.320133209228516 -3
    vertex -7.306649208068848 -13.669779777526855 -3
    vertex -4.007388114929199 -5.421601295471191 -3
  endloop
endfacet
facet normal 0 0 0
  outer loop
    vertex -3.023900032043457 -15.20217227935791 -3
    vertex -4.499412536621094 -14.832574844360352 -3
    vertex -2.583113193511963 -6.236186981201172 -3
  endloop
endfacet
facet normal 0 0 0
  outer loop
    vertex -5.931593418121338 -14.320133209228516 -3
    vertex -4.007388114929199 -5.421601295471191 -3
    vertex -4.499412536621094 -14.832574844360352 -3
  endloop
endfacet
facet normal 0 0 0
  outer loop
    vertex -3.023900032043457 -15.20217227935791 -3
    vertex -1.3168597221374512 -6.620300769805908 -3
    vertex -1.5192656517028809 -15.425363540649414 -3
  endloop
endfacet
facet normal 0 0 0
  outer loop
    vertex 1.5192656517028809 -15.425363540649414 -3
    vertex 6.859619140625 -13.881209373474121 -3
    vertex 3.023900032043457 -15.20217227935791 -3
  endloop
endfacet
facet normal 0 0 0
  outer loop
    vertex 3.023900032043457 -15.20217227935791 -3
    vertex 6.859619140625 -13.881209373474121 -3
    vertex 4.499412536621094 -14.832574844360352 -3
  endloop
endfacet
facet normal 0 0 0
  outer loop
    vertex 4.499412536621094 -14.832574844360352 -3
    vertex 6.859619140625 -13.881209373474121 -3
    vertex 5.931593418121338 -14.320133209228516 -3
  endloop
endfacet
facet normal 0 0 0
  outer loop
    vertex 1.5192656517028809 -15.425363540649414 -3
    vertex 1 -15.450873374938965 -3
    vertex 1 -6.75 -3
  endloop
endfacet
facet normal 0 0 0
  outer loop
    vertex 5.931593418121338 -14.320133209228516 -3
    vertex 6.859619140625 -13.881209373474121 -3
    vertex 6.859619140625 -13.881209373474121 -2
  endloop
endfacet
facet normal 0 0 0
  outer loop
    vertex 1.5192656517028809 -15.425363540649414 -3
    vertex 2.7424137592315674 -6.75 -3
    vertex 6.859619140625 -13.881209373474121 -3
  endloop
endfacet
facet normal 0 0 0
  outer loop
    vertex 8.61133861541748 -12.887779235839844 -3
    vertex 8.599544525146484 -12.894847869873047 -3
    vertex 5.051815032958984 -6.75 -3
  endloop
endfacet
facet normal 0 0 0
  outer loop
    vertex 8.61133861541748 -12.887779235839844 -3
    vertex 9.843145370483398 -6.75 -3
    vertex 9.83309555053711 -11.981661796569824 -3
  endloop
endfacet
facet normal 0 0 0
  outer loop
    vertex 9.83309555053711 -11.981661796569824 -3
    vertex 12.383893966674805 -9.290748596191406 -3
    vertex 10.960155487060547 -10.960155487060547 -3
  endloop
endfacet
facet normal 0 0 0
  outer loop
    vertex 10.960155487060547 -10.960155487060547 -3
    vertex 12.383893966674805 -9.290748596191406 -3
    vertex 11.981661796569824 -9.83309555053711 -3
  endloop
endfacet
facet normal 0 0 0
  outer loop
    vertex -3.023900032043457 -15.20217227935791 -3
    vertex -1.5192656517028809 -15.425363540649414 -3
    vertex -3.023900032043457 -15.20217227935791 3
  endloop
endfacet
facet normal 0 0 0
  outer loop
    vertex 1.5192656517028809 -15.425363540649414 -3
    vertex 0 -15.5 2
    vertex 1 -15.450873374938965 -2
  endloop
endfacet
facet normal 0 0 0
  outer loop
    vertex 1.5192656517028809 -15.425363540649414 -3
    vertex 3.023900032043457 -15.20217227935791 -3
    vertex 1.5192656517028809 -15.425363540649414 3
  endloop
endfacet
facet normal 0 0 0
  outer loop
    vertex 3.023900032043457 -15.20217227935791 -3
    vertex 4.499412536621094 -14.832574844360352 -3
    vertex 3.023900032043457 -15.20217227935791 3
  endloop
endfacet
facet normal 0 0 0
  outer loop
    vertex -1.5192656517028809 -15.425363540649414 -3
    vertex -1 -15.450873374938965 -2
    vertex -1.5192656517028809 -15.425363540649414 3
  endloop
endfacet
facet normal 0 0 0
  outer loop
    vertex 0 -15.5 -2
    vertex 1 -15.450873374938965 -2
    vertex 0 -15.5 2
  endloop
endfacet
facet normal 0 0 0
  outer loop
    vertex -1.5192656517028809 -15.425363540649414 3
    vertex -1 -15.450873374938965 -2
    vertex 0 -15.5 -2
  endloop
endfacet
facet normal 0 0 0
  outer loop
    vertex -5.931593418121338 -14.320133209228516 -3
    vertex -4.499412536621094 -14.832574844360352 -3
    vertex -5.931593418121338 -14.320133209228516 3
  endloop
endfacet
facet normal 0 0 0
  outer loop
    vertex -5.931593418121338 -14.320133209228516 -3
    vertex -7.306649208068848 -13.669779777526855 3
    vertex -7.306649208068848 -13.669779777526855 -3
  endloop
endfacet
facet normal 0 0 0
  outer loop
    vertex -7.306649208068848 -13.669779777526855 -3
    vertex -7.771847724914551 -13.390950202941895 3
    vertex -7.771847724914551 -13.390950202941895 -3
  endloop
endfacet
facet normal 0 0 0
  outer loop
    vertex -3.023900032043457 -15.20217227935791 -3
    vertex -4.499412536621094 -14.832574844360352 3
    vertex -4.499412536621094 -14.832574844360352 -3
  endloop
endfacet
facet normal 0 0 0
  outer loop
    vertex 4.499412536621094 -14.832574844360352 -3
    vertex 5.931593418121338 -14.320133209228516 -3
    vertex 4.499412536621094 -14.832574844360352 3
  endloop
endfacet
facet normal 0 0 0
  outer loop
    vertex 8.61133861541748 -12.887779235839844 -3
    vertex 8.61133861541748 -12.887779235839844 3
    vertex 8.599544525146484 -12.894847869873047 -3
  endloop
endfacet
facet normal 0 0 0
  outer loop
    vertex 8.61133861541748 -12.887779235839844 -3
    vertex 9.83309555053711 -11.981661796569824 -3
    vertex 8.61133861541748 -12.887779235839844 3
  endloop
endfacet
facet normal 0 0 0
  outer loop
    vertex 9.83309555053711 -11.981661796569824 -3
    vertex 10.960155487060547 -10.960155487060547 -3
    vertex 9.83309555053711 -11.981661796569824 3
  endloop
endfacet
facet normal 0 0 0
  outer loop
    vertex 10.960155487060547 -10.960155487060547 -3
    vertex 11.981661796569824 -9.83309555053711 -3
    vertex 10.960155487060547 -10.960155487060547 3
  endloop
endfacet
facet normal 0 0 0
  outer loop
    vertex 5.931593418121338 -14.320133209228516 -3
    vertex 6.859619140625 -13.881209373474121 -2
    vertex 5.931593418121338 -14.320133209228516 3
  endloop
endfacet
facet normal 0 0 0
  outer loop
    vertex 7.306649208068848 -13.669779777526855 2
    vertex 7.306649208068848 -13.669779777526855 -2
    vertex 8.599544525146484 -12.894847869873047 -2
  endloop
endfacet
facet normal 0 0 0
  outer loop
    vertex 8.61133861541748 -12.887779235839844 3
    vertex 8.599544525146484 -12.894847869873047 -2
    vertex 8.599544525146484 -12.894847869873047 -3
  endloop
endfacet
facet normal 0 0 0
  outer loop
    vertex 5.931593418121338 -14.320133209228516 3
    vertex 6.859619140625 -13.881209373474121 -2
    vertex 7.306649208068848 -13.669779777526855 -2
  endloop
endfacet
facet normal 0 0 0
  outer loop
    vertex -7.306649208068848 -13.669779777526855 -3
    vertex -7.7123494148254395 -9.12656307220459 -3
    vertex -4.007388114929199 -5.421601295471191 -3
  endloop
endfacet
facet normal 0 0 0
  outer loop
    vertex -4.499412536621094 -14.832574844360352 -3
    vertex -3.7500991821289062 -5.612420082092285 -3
    vertex -3.1819279193878174 -5.952968597412109 -3
  endloop
endfacet
facet normal 0 0 0
  outer loop
    vertex -3.023900032043457 -15.20217227935791 -3
    vertex -2.583113193511963 -6.236186981201172 -3
    vertex -1.9594215154647827 -6.459347248077393 -3
  endloop
endfacet
facet normal 0 0 0
  outer loop
    vertex -4.499412536621094 -14.832574844360352 -3
    vertex -3.1819279193878174 -5.952968597412109 -3
    vertex -2.583113193511963 -6.236186981201172 -3
  endloop
endfacet
facet normal 0 0 0
  outer loop
    vertex -3.023900032043457 -15.20217227935791 -3
    vertex -1.9594215154647827 -6.459347248077393 -3
    vertex -1.3168597221374512 -6.620300769805908 -3
  endloop
endfacet
facet normal 0 0 0
  outer loop
    vertex -1.5192656517028809 -15.425363540649414 -3
    vertex -1.3168597221374512 -6.620300769805908 -3
    vertex -1 -6.667302131652832 -3
  endloop
endfacet
facet normal 0 0 0
  outer loop
    vertex -4.499412536621094 -14.832574844360352 -3
    vertex -4.007388114929199 -5.421601295471191 -3
    vertex -3.7500991821289062 -5.612420082092285 -3
  endloop
endfacet
facet normal 0 0 0
  outer loop
    vertex 1.5192656517028809 -15.425363540649414 -3
    vertex 1 -6.75 -3
    vertex 2.7424137592315674 -6.75 -3
  endloop
endfacet
facet normal 0 0 0
  outer loop
    vertex 8.61133861541748 -12.887779235839844 -3
    vertex 5.051815032958984 -6.75 -3
    vertex 9.843145370483398 -6.75 -3
  endloop
endfacet
facet normal 0 0 0
  outer loop
    vertex 9.83309555053711 -11.981661796569824 -3
    vertex 9.843145370483398 -6.75 -3
    vertex 12.383893966674805 -9.290748596191406 -3
  endloop
endfacet
facet normal 0 0 0
  outer loop
    vertex -7.672327518463135 -6.258113861083984 -3
    vertex -5.612420082092285 -3.7500991821289062 -3
    vertex -5.421601295471191 -4.007388114929199 -3
  endloop
endfacet
facet normal 0 0 0
  outer loop
    vertex -7.672327518463135 -6.258113861083984 -3
    vertex -5.952968597412109 -3.1819279193878174 -3
    vertex -5.612420082092285 -3.7500991821289062 -3
  endloop
endfacet
facet normal 0 0 0
  outer loop
    vertex -7.672327518463135 -6.258113861083984 -3
    vertex -6.236186981201172 -2.583113193511963 -3
    vertex -5.952968597412109 -3.1819279193878174 -3
  endloop
endfacet
facet normal 0 0 0
  outer loop
    vertex -8.40476131439209 -6.9905476570129395 -3
    vertex -8.480684280395508 -7.066470146179199 -3
    vertex -7.692206859588623 6.277993202209473 -3
  endloop
endfacet
facet normal 0 0 0
  outer loop
    vertex -7.672327518463135 -6.258113861083984 -3
    vertex -6.459347248077393 -1.9594215154647827 -3
    vertex -6.236186981201172 -2.583113193511963 -3
  endloop
endfacet
facet normal 0 0 0
  outer loop
    vertex -7.672327518463135 -6.258113861083984 -3
    vertex -6.620300769805908 -1.3168597221374512 -3
    vertex -6.459347248077393 -1.9594215154647827 -3
  endloop
endfacet
facet normal 0 0 0
  outer loop
    vertex -6.620300769805908 -1.3168597221374512 -3
    vertex -7.672327518463135 -6.258113861083984 -3
    vertex -6.717496871948242 -0.6616156697273254 -3
  endloop
endfacet
facet normal 0 0 0
  outer loop
    vertex -7.672327518463135 -6.258113861083984 -3
    vertex -7.5000996589660645 6.085886478424072 -3
    vertex -6.717496871948242 -0.6616156697273254 -3
  endloop
endfacet
facet normal 0 0 0
  outer loop
    vertex 11.981661796569824 -9.83309555053711 -3
    vertex 12.383893966674805 -9.290748596191406 -3
    vertex 12.383893966674805 -9.290748596191406 3
  endloop
endfacet
facet normal 0 0 0
  outer loop
    vertex 0 -15.5 -2
    vertex 0 -15.5 2
    vertex -1 -15.450873374938965 2
  endloop
endfacet
facet normal 0 0 0
  outer loop
    vertex 1.5192656517028809 -15.425363540649414 -3
    vertex 1 -15.450873374938965 2
    vertex 0 -15.5 2
  endloop
endfacet
facet normal 0 0 0
  outer loop
    vertex 1.5192656517028809 -15.425363540649414 -3
    vertex 1.5192656517028809 -15.425363540649414 3
    vertex 1 -15.450873374938965 2
  endloop
endfacet
facet normal 0 0 0
  outer loop
    vertex -3.023900032043457 -15.20217227935791 -3
    vertex -3.023900032043457 -15.20217227935791 3
    vertex -4.499412536621094 -14.832574844360352 3
  endloop
endfacet
facet normal 0 0 0
  outer loop
    vertex -1.5192656517028809 -15.425363540649414 -3
    vertex -1.5192656517028809 -15.425363540649414 3
    vertex -3.023900032043457 -15.20217227935791 3
  endloop
endfacet
facet normal 0 0 0
  outer loop
    vertex -1.5192656517028809 -15.425363540649414 3
    vertex 0 -15.5 -2
    vertex -1 -15.450873374938965 2
  endloop
endfacet
facet normal 0 0 0
  outer loop
    vertex 3.023900032043457 -15.20217227935791 -3
    vertex 3.023900032043457 -15.20217227935791 3
    vertex 1.5192656517028809 -15.425363540649414 3
  endloop
endfacet
facet normal 0 0 0
  outer loop
    vertex 7.306649208068848 -13.669779777526855 -2
    vertex 7.306649208068848 -13.669779777526855 2
    vertex 6.859619140625 -13.881209373474121 2
  endloop
endfacet
facet normal 0 0 0
  outer loop
    vertex 8.599544525146484 -12.894847869873047 -2
    vertex 8.599544525146484 -12.894847869873047 2
    vertex 7.306649208068848 -13.669779777526855 2
  endloop
endfacet
facet normal 0 0 0
  outer loop
    vertex -5.931593418121338 -14.320133209228516 -3
    vertex -5.931593418121338 -14.320133209228516 3
    vertex -7.306649208068848 -13.669779777526855 3
  endloop
endfacet
facet normal 0 0 0
  outer loop
    vertex -7.306649208068848 -13.669779777526855 -3
    vertex -7.306649208068848 -13.669779777526855 3
    vertex -7.771847724914551 -13.390950202941895 3
  endloop
endfacet
facet normal 0 0 0
  outer loop
    vertex -4.499412536621094 -14.832574844360352 -3
    vertex -4.499412536621094 -14.832574844360352 3
    vertex -5.931593418121338 -14.320133209228516 3
  endloop
endfacet
facet normal 0 0 0
  outer loop
    vertex 4.499412536621094 -14.832574844360352 -3
    vertex 4.499412536621094 -14.832574844360352 3
    vertex 3.023900032043457 -15.20217227935791 3
  endloop
endfacet
facet normal 0 0 0
  outer loop
    vertex 5.931593418121338 -14.320133209228516 -3
    vertex 5.931593418121338 -14.320133209228516 3
    vertex 4.499412536621094 -14.832574844360352 3
  endloop
endfacet
facet normal 0 0 0
  outer loop
    vertex 5.931593418121338 -14.320133209228516 3
    vertex 7.306649208068848 -13.669779777526855 -2
    vertex 6.859619140625 -13.881209373474121 2
  endloop
endfacet
facet normal 0 0 0
  outer loop
    vertex 8.61133861541748 -12.887779235839844 3
    vertex 8.599544525146484 -12.894847869873047 2
    vertex 8.599544525146484 -12.894847869873047 -2
  endloop
endfacet
facet normal 0 0 0
  outer loop
    vertex 9.83309555053711 -11.981661796569824 -3
    vertex 9.83309555053711 -11.981661796569824 3
    vertex 8.61133861541748 -12.887779235839844 3
  endloop
endfacet
facet normal 0 0 0
  outer loop
    vertex 10.960155487060547 -10.960155487060547 -3
    vertex 10.960155487060547 -10.960155487060547 3
    vertex 9.83309555053711 -11.981661796569824 3
  endloop
endfacet
facet normal 0 0 0
  outer loop
    vertex 11.981661796569824 -9.83309555053711 -3
    vertex 11.981661796569824 -9.83309555053711 3
    vertex 10.960155487060547 -10.960155487060547 3
  endloop
endfacet
facet normal 0 0 0
  outer loop
    vertex -1.5192656517028809 -15.425363540649414 3
    vertex -1 -15.450873374938965 2
    vertex -1 -15.450873374938965 3
  endloop
endfacet
facet normal 0 0 0
  outer loop
    vertex 1.5192656517028809 -15.425363540649414 3
    vertex 1 -15.450873374938965 3
    vertex 1 -15.450873374938965 2
  endloop
endfacet
facet normal 0 0 0
  outer loop
    vertex -5.931593418121338 -14.320133209228516 3
    vertex -4.499412536621094 -14.832574844360352 3
    vertex -4.499412536621094 -11.155860900878906 3
  endloop
endfacet
facet normal 0 0 0
  outer loop
    vertex -1.5192656517028809 -15.425363540649414 3
    vertex -1 -15.450873374938965 3
    vertex -1 -6.667302131652832 3
  endloop
endfacet
facet normal 0 0 0
  outer loop
    vertex -5.931593418121338 -14.320133209228516 3
    vertex -7.7123494148254395 -9.12656307220459 3
    vertex -7.306649208068848 -13.669779777526855 3
  endloop
endfacet
facet normal 0 0 0
  outer loop
    vertex -7.306649208068848 -13.669779777526855 3
    vertex -7.7123494148254395 -9.12656307220459 3
    vertex -7.771847724914551 -13.390950202941895 3
  endloop
endfacet
facet normal 0 0 0
  outer loop
    vertex -5.931593418121338 -14.320133209228516 3
    vertex -4.499412536621094 -11.155860900878906 3
    vertex -7.7123494148254395 -9.12656307220459 3
  endloop
endfacet
facet normal 0 0 0
  outer loop
    vertex -8.61133861541748 -10.837240219116211 3
    vertex -8.565275192260742 -9.979488372802734 3
    vertex -8.582204818725586 -9.996417999267578 3
  endloop
endfacet
facet normal 0 0 0
  outer loop
    vertex -3.023900032043457 -15.20217227935791 3
    vertex -3.7500991821289062 -5.612420082092285 3
    vertex -4.499412536621094 -14.832574844360352 3
  endloop
endfacet
facet normal 0 0 0
  outer loop
    vertex -3.023900032043457 -15.20217227935791 3
    vertex -1.5192656517028809 -15.425363540649414 3
    vertex -1.3168597221374512 -6.620300769805908 3
  endloop
endfacet
facet normal 0 0 0
  outer loop
    vertex -4.499412536621094 -14.832574844360352 3
    vertex -4.104916095733643 -5.519129753112793 3
    vertex -4.499412536621094 -11.155860900878906 3
  endloop
endfacet
facet normal 0 0 0
  outer loop
    vertex 1.5192656517028809 -15.425363540649414 3
    vertex 1 -6.75 3
    vertex 1 -15.450873374938965 3
  endloop
endfacet
facet normal 0 0 0
  outer loop
    vertex 5.931593418121338 -14.320133209228516 3
    vertex 6.859619140625 -13.881209373474121 2
    vertex 6.859619140625 -13.881209373474121 3
  endloop
endfacet
facet normal 0 0 0
  outer loop
    vertex 8.61133861541748 -12.887779235839844 3
    vertex 8.599544525146484 -12.894847869873047 3
    vertex 8.599544525146484 -12.894847869873047 2
  endloop
endfacet
facet normal 0 0 0
  outer loop
    vertex 1.5192656517028809 -15.425363540649414 3
    vertex 3.023900032043457 -15.20217227935791 3
    vertex 2.7424137592315674 -6.75 3
  endloop
endfacet
facet normal 0 0 0
  outer loop
    vertex 3.023900032043457 -15.20217227935791 3
    vertex 4.499412536621094 -14.832574844360352 3
    vertex 2.7424137592315674 -6.75 3
  endloop
endfacet
facet normal 0 0 0
  outer loop
    vertex 4.499412536621094 -14.832574844360352 3
    vertex 5.931593418121338 -14.320133209228516 3
    vertex 2.7424137592315674 -6.75 3
  endloop
endfacet
facet normal 0 0 0
  outer loop
    vertex 5.931593418121338 -14.320133209228516 3
    vertex 6.859619140625 -13.881209373474121 3
    vertex 2.7424137592315674 -6.75 3
  endloop
endfacet
facet normal 0 0 0
  outer loop
    vertex 8.61133861541748 -12.887779235839844 3
    vertex 5.051815032958984 -6.75 3
    vertex 8.599544525146484 -12.894847869873047 3
  endloop
endfacet
facet normal 0 0 0
  outer loop
    vertex 8.61133861541748 -12.887779235839844 3
    vertex 9.83309555053711 -11.981661796569824 3
    vertex 5.051815032958984 -6.75 3
  endloop
endfacet
facet normal 0 0 0
  outer loop
    vertex 11.981661796569824 -9.83309555053711 -3
    vertex 12.383893966674805 -9.290748596191406 3
    vertex 11.981661796569824 -9.83309555053711 3
  endloop
endfacet
facet normal 0 0 0
  outer loop
    vertex -4.499412536621094 -11.155860900878906 3
    vertex -4.499412536621094 -5.913626194000244 3
    vertex -7.7123494148254395 -9.12656307220459 3
  endloop
endfacet
facet normal 0 0 0
  outer loop
    vertex -3.023900032043457 -15.20217227935791 3
    vertex -1.9594215154647827 -6.459347248077393 3
    vertex -2.583113193511963 -6.236186981201172 3
  endloop
endfacet
facet normal 0 0 0
  outer loop
    vertex -3.023900032043457 -15.20217227935791 3
    vertex -2.583113193511963 -6.236186981201172 3
    vertex -3.1819279193878174 -5.952968597412109 3
  endloop
endfacet
facet normal 0 0 0
  outer loop
    vertex -3.023900032043457 -15.20217227935791 3
    vertex -3.1819279193878174 -5.952968597412109 3
    vertex -3.7500991821289062 -5.612420082092285 3
  endloop
endfacet
facet normal 0 0 0
  outer loop
    vertex -3.023900032043457 -15.20217227935791 3
    vertex -1.3168597221374512 -6.620300769805908 3
    vertex -1.9594215154647827 -6.459347248077393 3
  endloop
endfacet
facet normal 0 0 0
  outer loop
    vertex -1.5192656517028809 -15.425363540649414 3
    vertex -1 -6.667302131652832 3
    vertex -1.3168597221374512 -6.620300769805908 3
  endloop
endfacet
facet normal 0 0 0
  outer loop
    vertex -4.499412536621094 -14.832574844360352 3
    vertex -3.7500991821289062 -5.612420082092285 3
    vertex -4.104916095733643 -5.519129753112793 3
  endloop
endfacet
facet normal 0 0 0
  outer loop
    vertex -4.104916095733643 -5.519129753112793 3
    vertex -3.7500991821289062 -5.612420082092285 3
    vertex -4.007388114929199 -5.421601295471191 3
  endloop
endfacet
facet normal 0 0 0
  outer loop
    vertex 1.5192656517028809 -15.425363540649414 3
    vertex 2.7424137592315674 -6.75 3
    vertex 1 -6.75 3
  endloop
endfacet
facet normal 0 0 0
  outer loop
    vertex 9.83309555053711 -11.981661796569824 3
    vertex 10.960155487060547 -10.960155487060547 3
    vertex 9.843145370483398 -6.75 3
  endloop
endfacet
facet normal 0 0 0
  outer loop
    vertex 10.960155487060547 -10.960155487060547 3
    vertex 11.981661796569824 -9.83309555053711 3
    vertex 9.843145370483398 -6.75 3
  endloop
endfacet
facet normal 0 0 0
  outer loop
    vertex 9.83309555053711 -11.981661796569824 3
    vertex 9.843145370483398 -6.75 3
    vertex 5.051815032958984 -6.75 3
  endloop
endfacet
facet normal 0 0 0
  outer loop
    vertex 11.981661796569824 -9.83309555053711 3
    vertex 12.383893966674805 -9.290748596191406 3
    vertex 9.843145370483398 -6.75 3
  endloop
endfacet
facet normal 0 0 0
  outer loop
    vertex -7.672327518463135 -6.258113861083984 3
    vertex -5.421601295471191 -4.007388114929199 3
    vertex -5.612420082092285 -3.7500991821289062 3
  endloop
endfacet
facet normal 0 0 0
  outer loop
    vertex -7.672327518463135 -6.258113861083984 3
    vertex -5.612420082092285 -3.7500991821289062 3
    vertex -5.952968597412109 -3.1819279193878174 3
  endloop
endfacet
facet normal 0 0 0
  outer loop
    vertex -7.672327518463135 -6.258113861083984 3
    vertex -5.952968597412109 -3.1819279193878174 3
    vertex -6.236186981201172 -2.583113193511963 3
  endloop
endfacet
facet normal 0 0 0
  outer loop
    vertex -8.480684280395508 -7.066470146179199 3
    vertex -8.40476131439209 -6.9905476570129395 3
    vertex -7.692206859588623 6.277993202209473 3
  endloop
endfacet
facet normal 0 0 0
  outer loop
    vertex -7.672327518463135 -6.258113861083984 3
    vertex -6.236186981201172 -2.583113193511963 3
    vertex -6.459347248077393 -1.9594215154647827 3
  endloop
endfacet
facet normal 0 0 0
  outer loop
    vertex -7.672327518463135 -6.258113861083984 3
    vertex -6.459347248077393 -1.9594215154647827 3
    vertex -6.620300769805908 -1.3168597221374512 3
  endloop
endfacet
facet normal 0 0 0
  outer loop
    vertex -6.717496871948242 -0.6616156697273254 3
    vertex -7.672327518463135 -6.258113861083984 3
    vertex -6.620300769805908 -1.3168597221374512 3
  endloop
endfacet
facet normal 0 0 0
  outer loop
    vertex -7.672327518463135 -6.258113861083984 3
    vertex -6.717496871948242 -0.6616156697273254 3
    vertex -6.75 0 3
  endloop
endfacet
facet normal 0 0 0
  outer loop
    vertex -7.672327518463135 -6.258113861083984 3
    vertex -6.75 0 3
    vertex -7.5000996589660645 6.085886478424072 3
  endloop
endfacet
facet normal 0 0 0
  outer loop
    vertex -13.669779777526855 1.8995245695114136 -3
    vertex -13.380428314208984 7.789402484893799 -3
    vertex -13.029743194580078 5.721596717834473 -3
  endloop
endfacet
facet normal 0 0 0
  outer loop
    vertex -11.57364559173584 -1.5277220010757446 -3
    vertex -11.981661796569824 6.406405448913574 -3
    vertex -11.57364559173584 10.159431457519531 -3
  endloop
endfacet
facet normal 0 0 0
  outer loop
    vertex -13.029743194580078 5.721596717834473 -3
    vertex -13.380428314208984 7.789402484893799 -3
    vertex -13.029743194580078 8.374485969543457 -3
  endloop
endfacet
facet normal 0 0 0
  outer loop
    vertex -11.981661796569824 6.406405448913574 -3
    vertex -11.803671836853027 10.029478073120117 -3
    vertex -11.57364559173584 10.159431457519531 -3
  endloop
endfacet
facet normal 0 0 0
  outer loop
    vertex -9.83309555053711 -7.990294933319092 -3
    vertex -9.064712524414062 7.65049934387207 -3
    vertex -8.902704238891602 7.488490581512451 -3
  endloop
endfacet
facet normal 0 0 0
  outer loop
    vertex -7.5000996589660645 6.085886478424072 -3
    vertex -6.75 0 -3
    vertex -6.717496871948242 -0.6616156697273254 -3
  endloop
endfacet
facet normal 0 0 0
  outer loop
    vertex -7.692206859588623 6.277993202209473 -3
    vertex -8.480684280395508 -7.066470146179199 -3
    vertex -8.007386207580566 6.593172550201416 -3
  endloop
endfacet
facet normal 0 0 0
  outer loop
    vertex -7.5000996589660645 6.085886478424072 -3
    vertex -6.717496871948242 0.6616156697273254 -3
    vertex -6.75 0 -3
  endloop
endfacet
facet normal 0 0 0
  outer loop
    vertex -7.5000996589660645 6.085886478424072 -3
    vertex -6.620300769805908 1.3168597221374512 -3
    vertex -6.717496871948242 0.6616156697273254 -3
  endloop
endfacet
facet normal 0 0 0
  outer loop
    vertex -7.5000996589660645 6.085886478424072 -3
    vertex -6.459347248077393 1.9594215154647827 -3
    vertex -6.620300769805908 1.3168597221374512 -3
  endloop
endfacet
facet normal 0 0 0
  outer loop
    vertex -7.5000996589660645 6.085886478424072 -3
    vertex -6.236186981201172 2.583113193511963 -3
    vertex -6.459347248077393 1.9594215154647827 -3
  endloop
endfacet
facet normal 0 0 0
  outer loop
    vertex -10.960155487060547 -2.2239022254943848 -3
    vertex -10.409015655517578 8.99480152130127 -3
    vertex -10.145730018615723 5.617852210998535 -3
  endloop
endfacet
facet normal 0 0 0
  outer loop
    vertex -7.5000996589660645 6.085886478424072 -3
    vertex -5.952968597412109 3.1819279193878174 -3
    vertex -6.236186981201172 2.583113193511963 -3
  endloop
endfacet
facet normal 0 0 0
  outer loop
    vertex -7.5000996589660645 6.085886478424072 -3
    vertex -5.612420082092285 3.7500991821289062 -3
    vertex -5.952968597412109 3.1819279193878174 -3
  endloop
endfacet
facet normal 0 0 0
  outer loop
    vertex -7.5000996589660645 6.085886478424072 -3
    vertex -5.421601295471191 4.007388114929199 -3
    vertex -5.612420082092285 3.7500991821289062 -3
  endloop
endfacet
facet normal 0 0 0
  outer loop
    vertex -7.461179733276367 8.87539291381836 -3
    vertex -3.7500991821289062 5.612420082092285 -3
    vertex -4.007388114929199 5.421601295471191 -3
  endloop
endfacet
facet normal 0 0 0
  outer loop
    vertex -10.145730018615723 5.617852210998535 -3
    vertex -10.409015655517578 8.99480152130127 -3
    vertex -10.145730018615723 8.731515884399414 -3
  endloop
endfacet
facet normal 0 0 0
  outer loop
    vertex -7.429049015045166 11.178279876708984 -3
    vertex -7.548054218292236 8.962267875671387 -3
    vertex -7.912664890289307 9.326878547668457 -3
  endloop
endfacet
facet normal 0 0 0
  outer loop
    vertex -4.499412536621094 14.832574844360352 -3
    vertex -3.7500991821289062 5.612420082092285 -3
    vertex -7.461179733276367 8.87539291381836 -3
  endloop
endfacet
facet normal 0 0 0
  outer loop
    vertex -3.023900032043457 15.20217227935791 -3
    vertex -3.1819279193878174 5.952968597412109 -3
    vertex -3.7500991821289062 5.612420082092285 -3
  endloop
endfacet
facet normal 0 0 0
  outer loop
    vertex -3.023900032043457 15.20217227935791 -3
    vertex -2.583113193511963 6.236186981201172 -3
    vertex -3.1819279193878174 5.952968597412109 -3
  endloop
endfacet
facet normal 0 0 0
  outer loop
    vertex -1.5192656517028809 15.425363540649414 -3
    vertex -1.9594215154647827 6.459347248077393 -3
    vertex -2.583113193511963 6.236186981201172 -3
  endloop
endfacet
facet normal 0 0 0
  outer loop
    vertex -1.5192656517028809 15.425363540649414 -3
    vertex -1.3168597221374512 6.620300769805908 -3
    vertex -1.9594215154647827 6.459347248077393 -3
  endloop
endfacet
facet normal 0 0 0
  outer loop
    vertex -1.5192656517028809 15.425363540649414 -3
    vertex -1 6.667302131652832 -3
    vertex -1.3168597221374512 6.620300769805908 -3
  endloop
endfacet
facet normal 0 0 0
  outer loop
    vertex 3.023900032043457 15.20217227935791 -3
    vertex 2.7424137592315674 6.75 -3
    vertex 1 6.75 -3
  endloop
endfacet
facet normal 0 0 0
  outer loop
    vertex 9.83309555053711 11.981661796569824 -3
    vertex 9.843145370483398 6.75 -3
    vertex 5.051815032958984 6.75 -3
  endloop
endfacet
facet normal 0 0 0
  outer loop
    vertex 11.981661796569824 9.83309555053711 -3
    vertex 12.383893966674805 9.290748596191406 -3
    vertex 9.843145370483398 6.75 -3
  endloop
endfacet
facet normal 0 0 0
  outer loop
    vertex 11.981661796569824 9.83309555053711 -3
    vertex 9.843145370483398 6.75 -3
    vertex 10.960155487060547 10.960155487060547 -3
  endloop
endfacet
facet normal 0 0 0
  outer loop
    vertex 10.960155487060547 10.960155487060547 -3
    vertex 9.843145370483398 6.75 -3
    vertex 9.83309555053711 11.981661796569824 -3
  endloop
endfacet
facet normal 0 0 0
  outer loop
    vertex 11.981661796569824 9.83309555053711 -3
    vertex 11.981661796569824 9.83309555053711 3
    vertex 12.383893966674805 9.290748596191406 -3
  endloop
endfacet
facet normal 0 0 0
  outer loop
    vertex -11.803671836853027 10.029478073120117 -3
    vertex -11.632523536682129 10.218310356140137 -3
    vertex -11.57364559173584 10.159431457519531 -3
  endloop
endfacet
facet normal 0 0 0
  outer loop
    vertex -8.814836502075195 12.736854553222656 -3
    vertex -8.759748458862305 10.173961639404297 -3
    vertex -8.932268142700195 10.346481323242188 -3
  endloop
endfacet
facet normal 0 0 0
  outer loop
    vertex -7.429049015045166 11.178279876708984 -3
    vertex -7.306649208068848 13.669779777526855 -3
    vertex -7.461179733276367 8.87539291381836 -3
  endloop
endfacet
facet normal 0 0 0
  outer loop
    vertex -10.145730018615723 11.698307037353516 -3
    vertex -10.145730018615723 11.559943199157715 -3
    vertex -10.218310356140137 11.632523536682129 -3
  endloop
endfacet
facet normal 0 0 0
  outer loop
    vertex -8.814836502075195 12.736854553222656 -3
    vertex -8.759748458862305 12.777710914611816 -3
    vertex -8.759748458862305 10.173961639404297 -3
  endloop
endfacet
facet normal 0 0 0
  outer loop
    vertex -7.429049015045166 11.178279876708984 -3
    vertex -7.912664890289307 9.326878547668457 -3
    vertex -7.771847724914551 13.390950202941895 -3
  endloop
endfacet
facet normal 0 0 0
  outer loop
    vertex -7.306649208068848 13.669779777526855 -3
    vertex -5.931593418121338 14.320133209228516 -3
    vertex -7.461179733276367 8.87539291381836 -3
  endloop
endfacet
facet normal 0 0 0
  outer loop
    vertex -4.499412536621094 14.832574844360352 -3
    vertex -3.023900032043457 15.20217227935791 -3
    vertex -3.7500991821289062 5.612420082092285 -3
  endloop
endfacet
facet normal 0 0 0
  outer loop
    vertex -3.023900032043457 15.20217227935791 -3
    vertex -1.5192656517028809 15.425363540649414 -3
    vertex -2.583113193511963 6.236186981201172 -3
  endloop
endfacet
facet normal 0 0 0
  outer loop
    vertex -7.429049015045166 11.178279876708984 -3
    vertex -7.771847724914551 13.390950202941895 -3
    vertex -7.306649208068848 13.669779777526855 -3
  endloop
endfacet
facet normal 0 0 0
  outer loop
    vertex -5.931593418121338 14.320133209228516 -3
    vertex -4.499412536621094 14.832574844360352 -3
    vertex -7.461179733276367 8.87539291381836 -3
  endloop
endfacet
facet normal 0 0 0
  outer loop
    vertex -1.5192656517028809 15.425363540649414 -3
    vertex -1 15.450873374938965 -3
    vertex -1 6.667302131652832 -3
  endloop
endfacet
facet normal 0 0 0
  outer loop
    vertex 1.5192656517028809 15.425363540649414 -3
    vertex 3.023900032043457 15.20217227935791 -3
    vertex 1 6.75 -3
  endloop
endfacet
facet normal 0 0 0
  outer loop
    vertex 4.499412536621094 14.832574844360352 -3
    vertex 2.7424137592315674 6.75 -3
    vertex 3.023900032043457 15.20217227935791 -3
  endloop
endfacet
facet normal 0 0 0
  outer loop
    vertex 5.931593418121338 14.320133209228516 -3
    vertex 6.859619140625 13.881209373474121 -3
    vertex 2.7424137592315674 6.75 -3
  endloop
endfacet
facet normal 0 0 0
  outer loop
    vertex 5.931593418121338 14.320133209228516 -3
    vertex 2.7424137592315674 6.75 -3
    vertex 4.499412536621094 14.832574844360352 -3
  endloop
endfacet
facet normal 0 0 0
  outer loop
    vertex 9.83309555053711 11.981661796569824 -3
    vertex 5.051815032958984 6.75 -3
    vertex 8.61133861541748 12.887779235839844 -3
  endloop
endfacet
facet normal 0 0 0
  outer loop
    vertex 8.61133861541748 12.887779235839844 -3
    vertex 5.051815032958984 6.75 -3
    vertex 8.599544525146484 12.894847869873047 -3
  endloop
endfacet
facet normal 0 0 0
  outer loop
    vertex 1.5192656517028809 15.425363540649414 -3
    vertex 1 6.75 -3
    vertex 1 15.450873374938965 -3
  endloop
endfacet
facet normal 0 0 0
  outer loop
    vertex 8.61133861541748 12.887779235839844 -3
    vertex 8.599544525146484 12.894847869873047 -3
    vertex 8.599544525146484 12.894847869873047 -2
  endloop
endfacet
facet normal 0 0 0
  outer loop
    vertex 5.931593418121338 14.320133209228516 -3
    vertex 6.859619140625 13.881209373474121 -2
    vertex 6.859619140625 13.881209373474121 -3
  endloop
endfacet
facet normal 0 0 0
  outer loop
    vertex -1.5192656517028809 15.425363540649414 -3
    vertex -1 15.450873374938965 -2
    vertex -1 15.450873374938965 -3
  endloop
endfacet
facet normal 0 0 0
  outer loop
    vertex 1.5192656517028809 15.425363540649414 -3
    vertex 1 15.450873374938965 -3
    vertex 1 15.450873374938965 -2
  endloop
endfacet
facet normal 0 0 0
  outer loop
    vertex -7.771847724914551 13.390950202941895 -3
    vertex -7.306649208068848 13.669779777526855 3
    vertex -7.306649208068848 13.669779777526855 -3
  endloop
endfacet
facet normal 0 0 0
  outer loop
    vertex -7.306649208068848 13.669779777526855 -3
    vertex -5.931593418121338 14.320133209228516 3
    vertex -5.931593418121338 14.320133209228516 -3
  endloop
endfacet
facet normal 0 0 0
  outer loop
    vertex -5.931593418121338 14.320133209228516 -3
    vertex -4.499412536621094 14.832574844360352 3
    vertex -4.499412536621094 14.832574844360352 -3
  endloop
endfacet
facet normal 0 0 0
  outer loop
    vertex 11.981661796569824 9.83309555053711 -3
    vertex 10.960155487060547 10.960155487060547 -3
    vertex 11.981661796569824 9.83309555053711 3
  endloop
endfacet
facet normal 0 0 0
  outer loop
    vertex 9.83309555053711 11.981661796569824 -3
    vertex 8.61133861541748 12.887779235839844 -3
    vertex 9.83309555053711 11.981661796569824 3
  endloop
endfacet
facet normal 0 0 0
  outer loop
    vertex 10.960155487060547 10.960155487060547 -3
    vertex 9.83309555053711 11.981661796569824 -3
    vertex 10.960155487060547 10.960155487060547 3
  endloop
endfacet
facet normal 0 0 0
  outer loop
    vertex 4.499412536621094 14.832574844360352 -3
    vertex 3.023900032043457 15.20217227935791 -3
    vertex 4.499412536621094 14.832574844360352 3
  endloop
endfacet
facet normal 0 0 0
  outer loop
    vertex 5.931593418121338 14.320133209228516 -3
    vertex 4.499412536621094 14.832574844360352 -3
    vertex 5.931593418121338 14.320133209228516 3
  endloop
endfacet
facet normal 0 0 0
  outer loop
    vertex 8.61133861541748 12.887779235839844 -3
    vertex 8.599544525146484 12.894847869873047 -2
    vertex 8.599544525146484 12.894847869873047 2
  endloop
endfacet
facet normal 0 0 0
  outer loop
    vertex 5.931593418121338 14.320133209228516 -3
    vertex 7.306649208068848 13.669779777526855 2
    vertex 6.859619140625 13.881209373474121 -2
  endloop
endfacet
facet normal 0 0 0
  outer loop
    vertex 7.306649208068848 13.669779777526855 2
    vertex 7.306649208068848 13.669779777526855 -2
    vertex 6.859619140625 13.881209373474121 -2
  endloop
endfacet
facet normal 0 0 0
  outer loop
    vertex 8.599544525146484 12.894847869873047 2
    vertex 8.599544525146484 12.894847869873047 -2
    vertex 7.306649208068848 13.669779777526855 -2
  endloop
endfacet
facet normal 0 0 0
  outer loop
    vertex -4.499412536621094 14.832574844360352 -3
    vertex -3.023900032043457 15.20217227935791 3
    vertex -3.023900032043457 15.20217227935791 -3
  endloop
endfacet
facet normal 0 0 0
  outer loop
    vertex -3.023900032043457 15.20217227935791 -3
    vertex -1.5192656517028809 15.425363540649414 3
    vertex -1.5192656517028809 15.425363540649414 -3
  endloop
endfacet
facet normal 0 0 0
  outer loop
    vertex -1.5192656517028809 15.425363540649414 -3
    vertex 0 15.5 2
    vertex -1 15.450873374938965 -2
  endloop
endfacet
facet normal 0 0 0
  outer loop
    vertex 1.5192656517028809 15.425363540649414 -3
    vertex 3.023900032043457 15.20217227935791 3
    vertex 3.023900032043457 15.20217227935791 -3
  endloop
endfacet
facet normal 0 0 0
  outer loop
    vertex 0 15.5 -2
    vertex -1 15.450873374938965 -2
    vertex 0 15.5 2
  endloop
endfacet
facet normal 0 0 0
  outer loop
    vertex 1.5192656517028809 15.425363540649414 -3
    vertex 1 15.450873374938965 -2
    vertex 1.5192656517028809 15.425363540649414 3
  endloop
endfacet
facet normal 0 0 0
  outer loop
    vertex 1.5192656517028809 15.425363540649414 3
    vertex 1 15.450873374938965 -2
    vertex 0 15.5 -2
  endloop
endfacet
facet normal 0 0 0
  outer loop
    vertex 11.981661796569824 9.83309555053711 3
    vertex 12.383893966674805 9.290748596191406 3
    vertex 12.383893966674805 9.290748596191406 -3
  endloop
endfacet
facet normal 0 0 0
  outer loop
    vertex -8.480684280395508 -7.066470146179199 3
    vertex -7.692206859588623 6.277993202209473 3
    vertex -8.007386207580566 6.593172550201416 3
  endloop
endfacet
facet normal 0 0 0
  outer loop
    vertex -7.5000996589660645 6.085886478424072 3
    vertex -6.75 0 3
    vertex -6.717496871948242 0.6616156697273254 3
  endloop
endfacet
facet normal 0 0 0
  outer loop
    vertex -7.5000996589660645 6.085886478424072 3
    vertex -6.717496871948242 0.6616156697273254 3
    vertex -6.620300769805908 1.3168597221374512 3
  endloop
endfacet
facet normal 0 0 0
  outer loop
    vertex -6.459347248077393 1.9594215154647827 3
    vertex -7.5000996589660645 6.085886478424072 3
    vertex -6.620300769805908 1.3168597221374512 3
  endloop
endfacet
facet normal 0 0 0
  outer loop
    vertex -7.5000996589660645 6.085886478424072 3
    vertex -6.459347248077393 1.9594215154647827 3
    vertex -6.236186981201172 2.583113193511963 3
  endloop
endfacet
facet normal 0 0 0
  outer loop
    vertex -7.5000996589660645 6.085886478424072 3
    vertex -6.236186981201172 2.583113193511963 3
    vertex -5.952968597412109 3.1819279193878174 3
  endloop
endfacet
facet normal 0 0 0
  outer loop
    vertex -5.612420082092285 3.7500991821289062 3
    vertex -7.5000996589660645 6.085886478424072 3
    vertex -5.952968597412109 3.1819279193878174 3
  endloop
endfacet
facet normal 0 0 0
  outer loop
    vertex -7.5000996589660645 6.085886478424072 3
    vertex -5.612420082092285 3.7500991821289062 3
    vertex -5.421601295471191 4.007388114929199 3
  endloop
endfacet
facet normal 0 0 0
  outer loop
    vertex -7.429049015045166 11.178279876708984 3
    vertex -7.461179733276367 8.87539291381836 3
    vertex -4.007388114929199 5.421601295471191 3
  endloop
endfacet
facet normal 0 0 0
  outer loop
    vertex -7.429049015045166 11.178279876708984 3
    vertex -7.912664890289307 9.326878547668457 3
    vertex -7.548054218292236 8.962267875671387 3
  endloop
endfacet
facet normal 0 0 0
  outer loop
    vertex -4.499412536621094 14.832574844360352 3
    vertex -4.007388114929199 5.421601295471191 3
    vertex -3.7500991821289062 5.612420082092285 3
  endloop
endfacet
facet normal 0 0 0
  outer loop
    vertex -3.023900032043457 15.20217227935791 3
    vertex -3.7500991821289062 5.612420082092285 3
    vertex -3.1819279193878174 5.952968597412109 3
  endloop
endfacet
facet normal 0 0 0
  outer loop
    vertex -3.023900032043457 15.20217227935791 3
    vertex -3.1819279193878174 5.952968597412109 3
    vertex -2.583113193511963 6.236186981201172 3
  endloop
endfacet
facet normal 0 0 0
  outer loop
    vertex -1.9594215154647827 6.459347248077393 3
    vertex -1 15.450873374938965 3
    vertex -2.583113193511963 6.236186981201172 3
  endloop
endfacet
facet normal 0 0 0
  outer loop
    vertex -1.3168597221374512 6.620300769805908 3
    vertex -1 15.450873374938965 3
    vertex -1.9594215154647827 6.459347248077393 3
  endloop
endfacet
facet normal 0 0 0
  outer loop
    vertex -1 6.667302131652832 3
    vertex -1 15.450873374938965 3
    vertex -1.3168597221374512 6.620300769805908 3
  endloop
endfacet
facet normal 0 0 0
  outer loop
    vertex 1.5192656517028809 15.425363540649414 3
    vertex 1 6.75 3
    vertex 2.7424137592315674 6.75 3
  endloop
endfacet
facet normal 0 0 0
  outer loop
    vertex 8.61133861541748 12.887779235839844 3
    vertex 5.051815032958984 6.75 3
    vertex 9.843145370483398 6.75 3
  endloop
endfacet
facet normal 0 0 0
  outer loop
    vertex 9.83309555053711 11.981661796569824 3
    vertex 9.843145370483398 6.75 3
    vertex 12.383893966674805 9.290748596191406 3
  endloop
endfacet
facet normal 0 0 0
  outer loop
    vertex 5.931593418121338 14.320133209228516 -3
    vertex 6.859619140625 13.881209373474121 2
    vertex 7.306649208068848 13.669779777526855 2
  endloop
endfacet
facet normal 0 0 0
  outer loop
    vertex 5.931593418121338 14.320133209228516 -3
    vertex 5.931593418121338 14.320133209228516 3
    vertex 6.859619140625 13.881209373474121 2
  endloop
endfacet
facet normal 0 0 0
  outer loop
    vertex 8.61133861541748 12.887779235839844 -3
    vertex 8.599544525146484 12.894847869873047 2
    vertex 8.599544525146484 12.894847869873047 3
  endloop
endfacet
facet normal 0 0 0
  outer loop
    vertex 7.306649208068848 13.669779777526855 -2
    vertex 7.306649208068848 13.669779777526855 2
    vertex 8.599544525146484 12.894847869873047 2
  endloop
endfacet
facet normal 0 0 0
  outer loop
    vertex -7.771847724914551 13.390950202941895 -3
    vertex -7.771847724914551 13.390950202941895 3
    vertex -7.306649208068848 13.669779777526855 3
  endloop
endfacet
facet normal 0 0 0
  outer loop
    vertex -7.306649208068848 13.669779777526855 -3
    vertex -7.306649208068848 13.669779777526855 3
    vertex -5.931593418121338 14.320133209228516 3
  endloop
endfacet
facet normal 0 0 0
  outer loop
    vertex -5.931593418121338 14.320133209228516 -3
    vertex -5.931593418121338 14.320133209228516 3
    vertex -4.499412536621094 14.832574844360352 3
  endloop
endfacet
facet normal 0 0 0
  outer loop
    vertex -4.499412536621094 14.832574844360352 -3
    vertex -4.499412536621094 14.832574844360352 3
    vertex -3.023900032043457 15.20217227935791 3
  endloop
endfacet
facet normal 0 0 0
  outer loop
    vertex 10.960155487060547 10.960155487060547 -3
    vertex 10.960155487060547 10.960155487060547 3
    vertex 11.981661796569824 9.83309555053711 3
  endloop
endfacet
facet normal 0 0 0
  outer loop
    vertex 9.83309555053711 11.981661796569824 -3
    vertex 9.83309555053711 11.981661796569824 3
    vertex 10.960155487060547 10.960155487060547 3
  endloop
endfacet
facet normal 0 0 0
  outer loop
    vertex 4.499412536621094 14.832574844360352 -3
    vertex 4.499412536621094 14.832574844360352 3
    vertex 5.931593418121338 14.320133209228516 3
  endloop
endfacet
facet normal 0 0 0
  outer loop
    vertex 8.61133861541748 12.887779235839844 -3
    vertex 8.61133861541748 12.887779235839844 3
    vertex 9.83309555053711 11.981661796569824 3
  endloop
endfacet
facet normal 0 0 0
  outer loop
    vertex 8.61133861541748 12.887779235839844 -3
    vertex 8.599544525146484 12.894847869873047 3
    vertex 8.61133861541748 12.887779235839844 3
  endloop
endfacet
facet normal 0 0 0
  outer loop
    vertex -1.5192656517028809 15.425363540649414 -3
    vertex -1 15.450873374938965 2
    vertex 0 15.5 2
  endloop
endfacet
facet normal 0 0 0
  outer loop
    vertex -1.5192656517028809 15.425363540649414 -3
    vertex -1.5192656517028809 15.425363540649414 3
    vertex -1 15.450873374938965 2
  endloop
endfacet
facet normal 0 0 0
  outer loop
    vertex 0 15.5 2
    vertex 1 15.450873374938965 2
    vertex 0 15.5 -2
  endloop
endfacet
facet normal 0 0 0
  outer loop
    vertex -3.023900032043457 15.20217227935791 -3
    vertex -3.023900032043457 15.20217227935791 3
    vertex -1.5192656517028809 15.425363540649414 3
  endloop
endfacet
facet normal 0 0 0
  outer loop
    vertex 1.5192656517028809 15.425363540649414 3
    vertex 0 15.5 -2
    vertex 1 15.450873374938965 2
  endloop
endfacet
facet normal 0 0 0
  outer loop
    vertex 1.5192656517028809 15.425363540649414 -3
    vertex 1.5192656517028809 15.425363540649414 3
    vertex 3.023900032043457 15.20217227935791 3
  endloop
endfacet
facet normal 0 0 0
  outer loop
    vertex 3.023900032043457 15.20217227935791 -3
    vertex 3.023900032043457 15.20217227935791 3
    vertex 4.499412536621094 14.832574844360352 3
  endloop
endfacet
facet normal 0 0 0
  outer loop
    vertex -7.429049015045166 11.178279876708984 3
    vertex -4.007388114929199 5.421601295471191 3
    vertex -7.306649208068848 13.669779777526855 3
  endloop
endfacet
facet normal 0 0 0
  outer loop
    vertex -7.306649208068848 13.669779777526855 3
    vertex -4.007388114929199 5.421601295471191 3
    vertex -5.931593418121338 14.320133209228516 3
  endloop
endfacet
facet normal 0 0 0
  outer loop
    vertex -7.429049015045166 11.178279876708984 3
    vertex -7.771847724914551 13.390950202941895 3
    vertex -7.912664890289307 9.326878547668457 3
  endloop
endfacet
facet normal 0 0 0
  outer loop
    vertex -5.931593418121338 14.320133209228516 3
    vertex -4.007388114929199 5.421601295471191 3
    vertex -4.499412536621094 14.832574844360352 3
  endloop
endfacet
facet normal 0 0 0
  outer loop
    vertex -4.499412536621094 14.832574844360352 3
    vertex -3.7500991821289062 5.612420082092285 3
    vertex -3.023900032043457 15.20217227935791 3
  endloop
endfacet
facet normal 0 0 0
  outer loop
    vertex -3.023900032043457 15.20217227935791 3
    vertex -2.583113193511963 6.236186981201172 3
    vertex -1 15.450873374938965 3
  endloop
endfacet
facet normal 0 0 0
  outer loop
    vertex -7.429049015045166 11.178279876708984 3
    vertex -7.306649208068848 13.669779777526855 3
    vertex -7.771847724914551 13.390950202941895 3
  endloop
endfacet
facet normal 0 0 0
  outer loop
    vertex 1.5192656517028809 15.425363540649414 3
    vertex 2.7424137592315674 6.75 3
    vertex 3.023900032043457 15.20217227935791 3
  endloop
endfacet
facet normal 0 0 0
  outer loop
    vertex 3.023900032043457 15.20217227935791 3
    vertex 2.7424137592315674 6.75 3
    vertex 6.859619140625 13.881209373474121 3
  endloop
endfacet
facet normal 0 0 0
  outer loop
    vertex 9.83309555053711 11.981661796569824 3
    vertex 8.61133861541748 12.887779235839844 3
    vertex 9.843145370483398 6.75 3
  endloop
endfacet
facet normal 0 0 0
  outer loop
    vertex 8.61133861541748 12.887779235839844 3
    vertex 8.599544525146484 12.894847869873047 3
    vertex 5.051815032958984 6.75 3
  endloop
endfacet
facet normal 0 0 0
  outer loop
    vertex 11.981661796569824 9.83309555053711 3
    vertex 10.960155487060547 10.960155487060547 3
    vertex 12.383893966674805 9.290748596191406 3
  endloop
endfacet
facet normal 0 0 0
  outer loop
    vertex 10.960155487060547 10.960155487060547 3
    vertex 9.83309555053711 11.981661796569824 3
    vertex 12.383893966674805 9.290748596191406 3
  endloop
endfacet
facet normal 0 0 0
  outer loop
    vertex 1.5192656517028809 15.425363540649414 3
    vertex 1 15.450873374938965 3
    vertex 1 6.75 3
  endloop
endfacet
facet normal 0 0 0
  outer loop
    vertex 5.931593418121338 14.320133209228516 3
    vertex 4.499412536621094 14.832574844360352 3
    vertex 6.859619140625 13.881209373474121 3
  endloop
endfacet
facet normal 0 0 0
  outer loop
    vertex 4.499412536621094 14.832574844360352 3
    vertex 3.023900032043457 15.20217227935791 3
    vertex 6.859619140625 13.881209373474121 3
  endloop
endfacet
facet normal 0 0 0
  outer loop
    vertex 5.931593418121338 14.320133209228516 3
    vertex 6.859619140625 13.881209373474121 3
    vertex 6.859619140625 13.881209373474121 2
  endloop
endfacet
facet normal 0 0 0
  outer loop
    vertex -1.5192656517028809 15.425363540649414 3
    vertex -1 15.450873374938965 3
    vertex -1 15.450873374938965 2
  endloop
endfacet
facet normal 0 0 0
  outer loop
    vertex -3.023900032043457 15.20217227935791 3
    vertex -1 15.450873374938965 3
    vertex -1.5192656517028809 15.425363540649414 3
  endloop
endfacet
facet normal 0 0 0
  outer loop
    vertex 1.5192656517028809 15.425363540649414 3
    vertex 1 15.450873374938965 2
    vertex 1 15.450873374938965 3
  endloop
endfacet
facet normal 0 0 0
  outer loop
    vertex -138.8038330078125 -11 -3
    vertex -145.32745361328125 -11 -3
    vertex -144.89340209960938 -10.60660171508789 -3
  endloop
endfacet
facet normal 0 0 0
  outer loop
    vertex -138.8038330078125 -11 -3
    vertex -144.89340209960938 -10.60660171508789 -3
    vertex -143.90484619140625 -9.515899658203125 -3
  endloop
endfacet
facet normal 0 0 0
  outer loop
    vertex -138.8038330078125 -11 -3
    vertex -143.90484619140625 -9.515899658203125 -3
    vertex -143.0279541015625 -8.333553314208984 -3
  endloop
endfacet
facet normal 0 0 0
  outer loop
    vertex -138.8038330078125 -11 -3
    vertex -143.0279541015625 -8.333553314208984 -3
    vertex -142.27117919921875 -7.070950984954834 -3
  endloop
endfacet
facet normal 0 0 0
  outer loop
    vertex -138.8038330078125 -11 -3
    vertex -142.27117919921875 -7.070950984954834 -3
    vertex -141.6417999267578 -5.740251541137695 -3
  endloop
endfacet
facet normal 0 0 0
  outer loop
    vertex -138.8038330078125 -11 -3
    vertex -141.6417999267578 -5.740251541137695 -3
    vertex -141.14588928222656 -4.354269981384277 -3
  endloop
endfacet
facet normal 0 0 0
  outer loop
    vertex -138.8038330078125 -11 -3
    vertex -141.14588928222656 -4.354269981384277 -3
    vertex -140.78822326660156 -2.9263548851013184 -3
  endloop
endfacet
facet normal 0 0 0
  outer loop
    vertex -138.8038330078125 -11 -3
    vertex -140.78822326660156 -2.9263548851013184 -3
    vertex -140.57223510742188 -1.4702571630477905 -3
  endloop
endfacet
facet normal 0 0 0
  outer loop
    vertex -138.8038330078125 -11 -3
    vertex -140.57223510742188 -1.4702571630477905 -3
    vertex -140.5 0 -3
  endloop
endfacet
facet normal 0 0 0
  outer loop
    vertex -138.8038330078125 -11 -3
    vertex -140.5 0 -3
    vertex -140.57223510742188 1.4702571630477905 -3
  endloop
endfacet
facet normal 0 0 0
  outer loop
    vertex -138.8038330078125 -11 -3
    vertex -24.67255401611328 -11 -3
    vertex -138.8038330078125 -11 3
  endloop
endfacet
facet normal 0 0 0
  outer loop
    vertex -138.8038330078125 -11 3
    vertex -85.5 -10 3
    vertex -86.48017120361328 -9.951847076416016 3
  endloop
endfacet
facet normal 0 0 0
  outer loop
    vertex -138.8038330078125 -11 3
    vertex -87.4509048461914 -9.807852745056152 3
    vertex -88.40284729003906 -9.569403648376465 3
  endloop
endfacet
facet normal 0 0 0
  outer loop
    vertex -138.8038330078125 -11 3
    vertex -86.48017120361328 -9.951847076416016 3
    vertex -87.4509048461914 -9.807852745056152 3
  endloop
endfacet
facet normal 0 0 0
  outer loop
    vertex -138.8038330078125 -11 3
    vertex -25.10660171508789 -9.49039077758789 3
    vertex -85.5 -10 3
  endloop
endfacet
facet normal 0 0 0
  outer loop
    vertex -138.8038330078125 -11 3
    vertex -90.2139663696289 -8.819212913513184 3
    vertex -91.05570220947266 -8.314696311950684 3
  endloop
endfacet
facet normal 0 0 0
  outer loop
    vertex -138.8038330078125 -11 3
    vertex -88.40284729003906 -9.569403648376465 3
    vertex -89.32683563232422 -9.238795280456543 3
  endloop
endfacet
facet normal 0 0 0
  outer loop
    vertex -138.8038330078125 -11 3
    vertex -89.32683563232422 -9.238795280456543 3
    vertex -90.2139663696289 -8.819212913513184 3
  endloop
endfacet
facet normal 0 0 0
  outer loop
    vertex -138.8038330078125 -11 3
    vertex -91.05570220947266 -8.314696311950684 3
    vertex -91.84393310546875 -7.730104446411133 3
  endloop
endfacet
facet normal 0 0 0
  outer loop
    vertex -138.8038330078125 -11 3
    vertex -91.84393310546875 -7.730104446411133 3
    vertex -101 -4 3
  endloop
endfacet
facet normal 0 0 0
  outer loop
    vertex -138.8038330078125 -11 3
    vertex -104 -4 3
    vertex -105 -4 3
  endloop
endfacet
facet normal 0 0 0
  outer loop
    vertex -138.8038330078125 -11 3
    vertex -101 -4 3
    vertex -104 -4 3
  endloop
endfacet
facet normal 0 0 0
  outer loop
    vertex -138.8038330078125 -11 3
    vertex -105 -4 3
    vertex -137.861572265625 8.22824764251709 3
  endloop
endfacet
facet normal 0 0 0
  outer loop
    vertex -101 -4 3
    vertex -91.84393310546875 -7.730104446411133 3
    vertex -92.5710678100586 -7.071067810058594 3
  endloop
endfacet
facet normal 0 0 0
  outer loop
    vertex -101 -4 3
    vertex -92.5710678100586 -7.071067810058594 3
    vertex -100 -4 3
  endloop
endfacet
facet normal 0 0 0
  outer loop
    vertex -93.2301025390625 -6.343932628631592 3
    vertex -100 -4 3
    vertex -92.5710678100586 -7.071067810058594 3
  endloop
endfacet
facet normal 0 0 0
  outer loop
    vertex -93.814697265625 -5.555702209472656 3
    vertex -98.19999694824219 -4 3
    vertex -93.2301025390625 -6.343932628631592 3
  endloop
endfacet
facet normal 0 0 0
  outer loop
    vertex -101 -4 3
    vertex -102 0 3
    vertex -104 -4 3
  endloop
endfacet
facet normal 0 0 0
  outer loop
    vertex -100 -4 3
    vertex -93.2301025390625 -6.343932628631592 3
    vertex -98.19999694824219 -4 3
  endloop
endfacet
facet normal 0 0 0
  outer loop
    vertex -94.3192138671875 -4.713967323303223 3
    vertex -98.19999694824219 -4 3
    vertex -93.814697265625 -5.555702209472656 3
  endloop
endfacet
facet normal 0 0 0
  outer loop
    vertex -94.65689086914062 -4 3
    vertex -98.19999694824219 -4 3
    vertex -94.3192138671875 -4.713967323303223 3
  endloop
endfacet
facet normal 0 0 0
  outer loop
    vertex -98.19999694824219 -3 3
    vertex -100 -4 3
    vertex -98.19999694824219 -4 3
  endloop
endfacet
facet normal 0 0 0
  outer loop
    vertex -95.19999694824219 -3 3
    vertex -95.0346450805664 -3 3
    vertex -95.06940460205078 -2.9028468132019043 3
  endloop
endfacet
facet normal 0 0 0
  outer loop
    vertex -95.19999694824219 -2.3814756870269775 3
    vertex -95.19999694824219 -3 3
    vertex -95.06940460205078 -2.9028468132019043 3
  endloop
endfacet
facet normal 0 0 0
  outer loop
    vertex -104 -4 3
    vertex -102 0 3
    vertex -103 0 3
  endloop
endfacet
facet normal 0 0 0
  outer loop
    vertex -104 -4 3
    vertex -103 0 3
    vertex -103 3 3
  endloop
endfacet
facet normal 0 0 0
  outer loop
    vertex -101 -4 3
    vertex -101 3 3
    vertex -102 0 3
  endloop
endfacet
facet normal 0 0 0
  outer loop
    vertex -100 -4 3
    vertex -98.19999694824219 -3 3
    vertex -98.19999694824219 3 3
  endloop
endfacet
facet normal 0 0 0
  outer loop
    vertex -98.19999694824219 -3 3
    vertex -96.19999694824219 -3 3
    vertex -98.19999694824219 3 3
  endloop
endfacet
facet normal 0 0 0
  outer loop
    vertex -138.8038330078125 -11 -3
    vertex -140.57223510742188 1.4702571630477905 -3
    vertex -138.8038330078125 11 -3
  endloop
endfacet
facet normal 0 0 0
  outer loop
    vertex -138.8038330078125 11 -3
    vertex -141.14588928222656 4.354269981384277 -3
    vertex -141.6417999267578 5.740251541137695 -3
  endloop
endfacet
facet normal 0 0 0
  outer loop
    vertex -138.8038330078125 11 -3
    vertex -141.6417999267578 5.740251541137695 -3
    vertex -142.27117919921875 7.070950984954834 -3
  endloop
endfacet
facet normal 0 0 0
  outer loop
    vertex -138.8038330078125 11 -3
    vertex -142.27117919921875 7.070950984954834 -3
    vertex -143.0279541015625 8.333553314208984 -3
  endloop
endfacet
facet normal 0 0 0
  outer loop
    vertex -138.8038330078125 11 -3
    vertex -143.0279541015625 8.333553314208984 -3
    vertex -143.90484619140625 9.515899658203125 -3
  endloop
endfacet
facet normal 0 0 0
  outer loop
    vertex -138.8038330078125 11 -3
    vertex -140.57223510742188 1.4702571630477905 -3
    vertex -140.78822326660156 2.9263548851013184 -3
  endloop
endfacet
facet normal 0 0 0
  outer loop
    vertex -138.8038330078125 11 -3
    vertex -140.78822326660156 2.9263548851013184 -3
    vertex -141.14588928222656 4.354269981384277 -3
  endloop
endfacet
facet normal 0 0 0
  outer loop
    vertex -138.8038330078125 11 -3
    vertex -143.90484619140625 9.515899658203125 -3
    vertex -144.89340209960938 10.60660171508789 -3
  endloop
endfacet
facet normal 0 0 0
  outer loop
    vertex -138.8038330078125 11 -3
    vertex -144.89340209960938 10.60660171508789 -3
    vertex -145.32745361328125 11 -3
  endloop
endfacet
facet normal 0 0 0
  outer loop
    vertex -138.8038330078125 -11 -3
    vertex -138.8038330078125 11 -3
    vertex -24.67255401611328 11 -3
  endloop
endfacet
facet normal 0 0 0
  outer loop
    vertex -137.861572265625 8.22824764251709 3
    vertex -105 -4 3
    vertex -105 3 3
  endloop
endfacet
facet normal 0 0 0
  outer loop
    vertex -137.861572265625 8.22824764251709 3
    vertex -88.40284729003906 9.569403648376465 3
    vertex -137.92005920410156 8.237438201904297 3
  endloop
endfacet
facet normal 0 0 0
  outer loop
    vertex -137.92005920410156 8.237438201904297 3
    vertex -88.40284729003906 9.569403648376465 3
    vertex -138.8038330078125 11 3
  endloop
endfacet
facet normal 0 0 0
  outer loop
    vertex -137.861572265625 8.22824764251709 3
    vertex -105 3 3
    vertex -105 4 3
  endloop
endfacet
facet normal 0 0 0
  outer loop
    vertex -137.861572265625 8.22824764251709 3
    vertex -105 4 3
    vertex -100 4 3
  endloop
endfacet
facet normal 0 0 0
  outer loop
    vertex -137.861572265625 8.22824764251709 3
    vertex -100 4 3
    vertex -98.19999694824219 4 3
  endloop
endfacet
facet normal 0 0 0
  outer loop
    vertex -137.861572265625 8.22824764251709 3
    vertex -98.19999694824219 4 3
    vertex -93.814697265625 5.555702209472656 3
  endloop
endfacet
facet normal 0 0 0
  outer loop
    vertex -137.861572265625 8.22824764251709 3
    vertex -93.814697265625 5.555702209472656 3
    vertex -93.2301025390625 6.343932628631592 3
  endloop
endfacet
facet normal 0 0 0
  outer loop
    vertex -137.861572265625 8.22824764251709 3
    vertex -93.2301025390625 6.343932628631592 3
    vertex -92.5710678100586 7.071067810058594 3
  endloop
endfacet
facet normal 0 0 0
  outer loop
    vertex -137.861572265625 8.22824764251709 3
    vertex -92.5710678100586 7.071067810058594 3
    vertex -91.84393310546875 7.730104446411133 3
  endloop
endfacet
facet normal 0 0 0
  outer loop
    vertex -137.861572265625 8.22824764251709 3
    vertex -91.84393310546875 7.730104446411133 3
    vertex -91.05570220947266 8.314696311950684 3
  endloop
endfacet
facet normal 0 0 0
  outer loop
    vertex -137.861572265625 8.22824764251709 3
    vertex -91.05570220947266 8.314696311950684 3
    vertex -90.2139663696289 8.819212913513184 3
  endloop
endfacet
facet normal 0 0 0
  outer loop
    vertex -137.861572265625 8.22824764251709 3
    vertex -90.2139663696289 8.819212913513184 3
    vertex -89.32683563232422 9.238795280456543 3
  endloop
endfacet
facet normal 0 0 0
  outer loop
    vertex -137.861572265625 8.22824764251709 3
    vertex -89.32683563232422 9.238795280456543 3
    vertex -88.40284729003906 9.569403648376465 3
  endloop
endfacet
facet normal 0 0 0
  outer loop
    vertex -104 -4 3
    vertex -103 3 3
    vertex -104 3 3
  endloop
endfacet
facet normal 0 0 0
  outer loop
    vertex -100 -4 3
    vertex -98.19999694824219 3 3
    vertex -100 4 3
  endloop
endfacet
facet normal 0 0 0
  outer loop
    vertex -102 3 3
    vertex -102 0 3
    vertex -101 3 3
  endloop
endfacet
facet normal 0 0 0
  outer loop
    vertex -96.19999694824219 -3 3
    vertex -96.19999694824219 3 3
    vertex -98.19999694824219 3 3
  endloop
endfacet
facet normal 0 0 0
  outer loop
    vertex -98.19999694824219 4 3
    vertex -100 4 3
    vertex -98.19999694824219 3 3
  endloop
endfacet
facet normal 0 0 0
  outer loop
    vertex -95.19999694824219 3 3
    vertex -95.19999694824219 2.3814756870269775 3
    vertex -95.06940460205078 2.9028468132019043 3
  endloop
endfacet
facet normal 0 0 0
  outer loop
    vertex -95.19999694824219 3 3
    vertex -95.06940460205078 2.9028468132019043 3
    vertex -95.0346450805664 3 3
  endloop
endfacet
facet normal 0 0 0
  outer loop
    vertex -94.3192138671875 4.713967323303223 3
    vertex -98.19999694824219 4 3
    vertex -94.65689086914062 4 3
  endloop
endfacet
facet normal 0 0 0
  outer loop
    vertex -93.814697265625 5.555702209472656 3
    vertex -98.19999694824219 4 3
    vertex -94.3192138671875 4.713967323303223 3
  endloop
endfacet
facet normal 0 0 0
  outer loop
    vertex -138.8038330078125 11 -3
    vertex -138.8038330078125 11 3
    vertex -24.67255401611328 11 3
  endloop
endfacet
facet normal 0 0 0
  outer loop
    vertex -138.8038330078125 11 3
    vertex -88.40284729003906 9.569403648376465 3
    vertex -87.4509048461914 9.807852745056152 3
  endloop
endfacet
facet normal 0 0 0
  outer loop
    vertex -138.8038330078125 11 3
    vertex -87.4509048461914 9.807852745056152 3
    vertex -86.48017120361328 9.951847076416016 3
  endloop
endfacet
facet normal 0 0 0
  outer loop
    vertex -138.8038330078125 11 3
    vertex -86.48017120361328 9.951847076416016 3
    vertex -85.5 10 3
  endloop
endfacet
facet normal 0 0 0
  outer loop
    vertex -138.8038330078125 11 3
    vertex -85.5 10 3
    vertex -24.67255401611328 11 3
  endloop
endfacet
facet normal 0 0 0
  outer loop
    vertex -138.8038330078125 -11 -3
    vertex -15.970256805419922 11 -3
    vertex -24.67255401611328 -11 -3
  endloop
endfacet
facet normal 0 0 0
  outer loop
    vertex -24.67255401611328 -11 -3
    vertex -15.970256805419922 11 -3
    vertex -24.015899658203125 -11 -3
  endloop
endfacet
facet normal 0 0 0
  outer loop
    vertex -24.015899658203125 -11 -3
    vertex -15.970256805419922 11 -3
    vertex -15.970256805419922 -11 -3
  endloop
endfacet
facet normal 0 0 0
  outer loop
    vertex -138.8038330078125 -11 3
    vertex -24.67255401611328 -11 -3
    vertex -24.67255401611328 -11 3
  endloop
endfacet
facet normal 0 0 0
  outer loop
    vertex -138.8038330078125 -11 3
    vertex -24.67255401611328 -11 3
    vertex -25.05218505859375 -9.498942375183105 3
  endloop
endfacet
facet normal 0 0 0
  outer loop
    vertex -79.94429779052734 -8.314696311950684 3
    vertex -70 -4 3
    vertex -79.15606689453125 -7.730104446411133 3
  endloop
endfacet
facet normal 0 0 0
  outer loop
    vertex -79.15606689453125 -7.730104446411133 3
    vertex -70 -4 3
    vertex -78.4289321899414 -7.071067810058594 3
  endloop
endfacet
facet normal 0 0 0
  outer loop
    vertex -78.4289321899414 -7.071067810058594 3
    vertex -71 -4 3
    vertex -77.7698974609375 -6.343932628631592 3
  endloop
endfacet
facet normal 0 0 0
  outer loop
    vertex -77.7698974609375 -6.343932628631592 3
    vertex -72.80000305175781 -4 3
    vertex -77.185302734375 -5.555702209472656 3
  endloop
endfacet
facet normal 0 0 0
  outer loop
    vertex -78.4289321899414 -7.071067810058594 3
    vertex -70 -4 3
    vertex -71 -4 3
  endloop
endfacet
facet normal 0 0 0
  outer loop
    vertex -79.94429779052734 -8.314696311950684 3
    vertex -66 -4 3
    vertex -70 -4 3
  endloop
endfacet
facet normal 0 0 0
  outer loop
    vertex -25.10660171508789 -9.49039077758789 3
    vertex -84.51982879638672 -9.951847076416016 3
    vertex -85.5 -10 3
  endloop
endfacet
facet normal 0 0 0
  outer loop
    vertex -25.10660171508789 -9.49039077758789 3
    vertex -83.5490951538086 -9.807852745056152 3
    vertex -84.51982879638672 -9.951847076416016 3
  endloop
endfacet
facet normal 0 0 0
  outer loop
    vertex -138.8038330078125 -11 3
    vertex -25.05218505859375 -9.498942375183105 3
    vertex -25.10660171508789 -9.49039077758789 3
  endloop
endfacet
facet normal 0 0 0
  outer loop
    vertex -25.10660171508789 -9.49039077758789 3
    vertex -82.59715270996094 -9.569403648376465 3
    vertex -83.5490951538086 -9.807852745056152 3
  endloop
endfacet
facet normal 0 0 0
  outer loop
    vertex -25.10660171508789 -9.49039077758789 3
    vertex -81.67316436767578 -9.238795280456543 3
    vertex -82.59715270996094 -9.569403648376465 3
  endloop
endfacet
facet normal 0 0 0
  outer loop
    vertex -25.10660171508789 -9.49039077758789 3
    vertex -80.7860336303711 -8.819212913513184 3
    vertex -81.67316436767578 -9.238795280456543 3
  endloop
endfacet
facet normal 0 0 0
  outer loop
    vertex -25.10660171508789 -9.49039077758789 3
    vertex -79.94429779052734 -8.314696311950684 3
    vertex -80.7860336303711 -8.819212913513184 3
  endloop
endfacet
facet normal 0 0 0
  outer loop
    vertex -77.185302734375 -5.555702209472656 3
    vertex -72.80000305175781 -4 3
    vertex -76.6807861328125 -4.713967323303223 3
  endloop
endfacet
facet normal 0 0 0
  outer loop
    vertex -77.7698974609375 -6.343932628631592 3
    vertex -71 -4 3
    vertex -72.80000305175781 -4 3
  endloop
endfacet
facet normal 0 0 0
  outer loop
    vertex -76.6807861328125 -4.713967323303223 3
    vertex -72.80000305175781 -4 3
    vertex -76.34310913085938 -4 3
  endloop
endfacet
facet normal 0 0 0
  outer loop
    vertex -72.80000305175781 -3 3
    vertex -75.93059539794922 -2.9028468132019043 3
    vertex -75.9653549194336 -3 3
  endloop
endfacet
facet normal 0 0 0
  outer loop
    vertex -72.80000305175781 -3 3
    vertex -75.69214630126953 -1.9509031772613525 3
    vertex -75.93059539794922 -2.9028468132019043 3
  endloop
endfacet
facet normal 0 0 0
  outer loop
    vertex -72.80000305175781 -4 3
    vertex -71 -4 3
    vertex -72.80000305175781 -3 3
  endloop
endfacet
facet normal 0 0 0
  outer loop
    vertex -72.80000305175781 -3 3
    vertex -75.54814910888672 -0.9801713824272156 3
    vertex -75.69214630126953 -1.9509031772613525 3
  endloop
endfacet
facet normal 0 0 0
  outer loop
    vertex -71 4 3
    vertex -72.80000305175781 -3 3
    vertex -71 -4 3
  endloop
endfacet
facet normal 0 0 0
  outer loop
    vertex -70 -3 3
    vertex -66 -3 3
    vertex -70 -0.5 3
  endloop
endfacet
facet normal 0 0 0
  outer loop
    vertex -67 -0.5 3
    vertex -70 -0.5 3
    vertex -66 -3 3
  endloop
endfacet
facet normal 0 0 0
  outer loop
    vertex -25.10660171508789 -9.49039077758789 3
    vertex -66 -4 3
    vertex -79.94429779052734 -8.314696311950684 3
  endloop
endfacet
facet normal 0 0 0
  outer loop
    vertex -25.10660171508789 -9.49039077758789 3
    vertex -66 -3 3
    vertex -66 -4 3
  endloop
endfacet
facet normal 0 0 0
  outer loop
    vertex -25.10660171508789 -9.49039077758789 3
    vertex -67 -0.5 3
    vertex -66 -3 3
  endloop
endfacet
facet normal 0 0 0
  outer loop
    vertex -25.10660171508789 -9.49039077758789 3
    vertex -67 0.5 3
    vertex -67 -0.5 3
  endloop
endfacet
facet normal 0 0 0
  outer loop
    vertex -25.10660171508789 -9.49039077758789 3
    vertex -66 3 3
    vertex -67 0.5 3
  endloop
endfacet
facet normal 0 0 0
  outer loop
    vertex -138.8038330078125 -11 -3
    vertex -24.67255401611328 11 -3
    vertex -24.045137405395508 11 -3
  endloop
endfacet
facet normal 0 0 0
  outer loop
    vertex -138.8038330078125 -11 -3
    vertex -24.045137405395508 11 -3
    vertex -15.970256805419922 11 -3
  endloop
endfacet
facet normal 0 0 0
  outer loop
    vertex -138.8038330078125 11 -3
    vertex -24.67255401611328 11 3
    vertex -24.67255401611328 11 -3
  endloop
endfacet
facet normal 0 0 0
  outer loop
    vertex -71 4 3
    vertex -75.54814910888672 -0.9801713824272156 3
    vertex -72.80000305175781 -3 3
  endloop
endfacet
facet normal 0 0 0
  outer loop
    vertex -71 4 3
    vertex -75.5 0 3
    vertex -75.54814910888672 -0.9801713824272156 3
  endloop
endfacet
facet normal 0 0 0
  outer loop
    vertex -71 4 3
    vertex -75.54814910888672 0.9801713824272156 3
    vertex -75.5 0 3
  endloop
endfacet
facet normal 0 0 0
  outer loop
    vertex -75.54814910888672 0.9801713824272156 3
    vertex -71 4 3
    vertex -75.69214630126953 1.9509031772613525 3
  endloop
endfacet
facet normal 0 0 0
  outer loop
    vertex -75.69214630126953 1.9509031772613525 3
    vertex -71 4 3
    vertex -75.93059539794922 2.9028468132019043 3
  endloop
endfacet
facet normal 0 0 0
  outer loop
    vertex -75.93059539794922 2.9028468132019043 3
    vertex -71 4 3
    vertex -76.2612075805664 3.8268344402313232 3
  endloop
endfacet
facet normal 0 0 0
  outer loop
    vertex -76.2612075805664 3.8268344402313232 3
    vertex -71 4 3
    vertex -76.6807861328125 4.713967323303223 3
  endloop
endfacet
facet normal 0 0 0
  outer loop
    vertex -76.6807861328125 4.713967323303223 3
    vertex -71 4 3
    vertex -77.185302734375 5.555702209472656 3
  endloop
endfacet
facet normal 0 0 0
  outer loop
    vertex -70 3 3
    vertex -70 0.5 3
    vertex -67 0.5 3
  endloop
endfacet
facet normal 0 0 0
  outer loop
    vertex -66 3 3
    vertex -70 3 3
    vertex -67 0.5 3
  endloop
endfacet
facet normal 0 0 0
  outer loop
    vertex -24.67255401611328 11 3
    vertex -77.7698974609375 6.343932628631592 3
    vertex -77.185302734375 5.555702209472656 3
  endloop
endfacet
facet normal 0 0 0
  outer loop
    vertex -24.67255401611328 11 3
    vertex -78.4289321899414 7.071067810058594 3
    vertex -77.7698974609375 6.343932628631592 3
  endloop
endfacet
facet normal 0 0 0
  outer loop
    vertex -24.67255401611328 11 3
    vertex -79.15606689453125 7.730104446411133 3
    vertex -78.4289321899414 7.071067810058594 3
  endloop
endfacet
facet normal 0 0 0
  outer loop
    vertex -24.67255401611328 11 3
    vertex -79.94429779052734 8.314696311950684 3
    vertex -79.15606689453125 7.730104446411133 3
  endloop
endfacet
facet normal 0 0 0
  outer loop
    vertex -24.67255401611328 11 3
    vertex -82.59715270996094 9.569403648376465 3
    vertex -81.67316436767578 9.238795280456543 3
  endloop
endfacet
facet normal 0 0 0
  outer loop
    vertex -24.67255401611328 11 3
    vertex -80.7860336303711 8.819212913513184 3
    vertex -79.94429779052734 8.314696311950684 3
  endloop
endfacet
facet normal 0 0 0
  outer loop
    vertex -24.67255401611328 11 3
    vertex -81.67316436767578 9.238795280456543 3
    vertex -80.7860336303711 8.819212913513184 3
  endloop
endfacet
facet normal 0 0 0
  outer loop
    vertex -25.10660171508789 -9.49039077758789 3
    vertex -24.67255401611328 11 3
    vertex -66 3 3
  endloop
endfacet
facet normal 0 0 0
  outer loop
    vertex -24.67255401611328 11 3
    vertex -66 4 3
    vertex -66 3 3
  endloop
endfacet
facet normal 0 0 0
  outer loop
    vertex -24.67255401611328 11 3
    vertex -77.185302734375 5.555702209472656 3
    vertex -71 4 3
  endloop
endfacet
facet normal 0 0 0
  outer loop
    vertex -24.67255401611328 11 3
    vertex -71 4 3
    vertex -70 4 3
  endloop
endfacet
facet normal 0 0 0
  outer loop
    vertex -24.67255401611328 11 3
    vertex -70 4 3
    vertex -66 4 3
  endloop
endfacet
facet normal 0 0 0
  outer loop
    vertex -24.67255401611328 11 3
    vertex -84.51982879638672 9.951847076416016 3
    vertex -83.5490951538086 9.807852745056152 3
  endloop
endfacet
facet normal 0 0 0
  outer loop
    vertex -24.67255401611328 11 3
    vertex -85.5 10 3
    vertex -84.51982879638672 9.951847076416016 3
  endloop
endfacet
facet normal 0 0 0
  outer loop
    vertex -24.67255401611328 11 3
    vertex -83.5490951538086 9.807852745056152 3
    vertex -82.59715270996094 9.569403648376465 3
  endloop
endfacet
facet normal 0 0 0
  outer loop
    vertex -24.015899658203125 -11.5951566696167 -3
    vertex -24.67255401611328 -11 -3
    vertex -24.015899658203125 -11 -3
  endloop
endfacet
facet normal 0 0 0
  outer loop
    vertex -17.426355361938477 -14.711779594421387 -3
    vertex -18.854270935058594 -14.354104995727539 -3
    vertex -15.970256805419922 -11 -3
  endloop
endfacet
facet normal 0 0 0
  outer loop
    vertex -21.570951461791992 -13.228818893432617 -3
    vertex -15.970256805419922 -11 -3
    vertex -20.240251541137695 -13.858193397521973 -3
  endloop
endfacet
facet normal 0 0 0
  outer loop
    vertex -18.854270935058594 -14.354104995727539 -3
    vertex -20.240251541137695 -13.858193397521973 -3
    vertex -15.970256805419922 -11 -3
  endloop
endfacet
facet normal 0 0 0
  outer loop
    vertex -17.426355361938477 -14.711779594421387 -3
    vertex -16.29396629333496 -14.879753112792969 -3
    vertex -16.29396629333496 -14.879753112792969 -2
  endloop
endfacet
facet normal 0 0 0
  outer loop
    vertex -13.029743194580078 -14.927770614624023 -3
    vertex -13.538553237915039 -14.952767372131348 -2
    vertex -13.538553237915039 -14.952767372131348 -3
  endloop
endfacet
facet normal 0 0 0
  outer loop
    vertex -17.426355361938477 -14.711779594421387 -3
    vertex -15.970256805419922 -11 -3
    vertex -16.29396629333496 -14.879753112792969 -3
  endloop
endfacet
facet normal 0 0 0
  outer loop
    vertex -15.970256805419922 -11 -3
    vertex -14.602452278137207 -13.188238143920898 -3
    vertex -16.29396629333496 -14.879753112792969 -3
  endloop
endfacet
facet normal 0 0 0
  outer loop
    vertex -13.029743194580078 -14.927770614624023 -3
    vertex -13.538553237915039 -14.952767372131348 -3
    vertex -8.582204818725586 -9.996417999267578 -3
  endloop
endfacet
facet normal 0 0 0
  outer loop
    vertex -21.570951461791992 -13.228818893432617 -3
    vertex -22.833553314208984 -12.472043991088867 -3
    vertex -15.970256805419922 -11 -3
  endloop
endfacet
facet normal 0 0 0
  outer loop
    vertex -24.015899658203125 -11.5951566696167 -3
    vertex -15.970256805419922 -11 -3
    vertex -22.833553314208984 -12.472043991088867 -3
  endloop
endfacet
facet normal 0 0 0
  outer loop
    vertex -24.015899658203125 -11.5951566696167 -3
    vertex -24.015899658203125 -11 -3
    vertex -15.970256805419922 -11 -3
  endloop
endfacet
facet normal 0 0 0
  outer loop
    vertex -13.029743194580078 -14.927770614624023 -3
    vertex -8.582204818725586 -9.996417999267578 -3
    vertex -11.57364559173584 -14.711779594421387 -3
  endloop
endfacet
facet normal 0 0 0
  outer loop
    vertex -11.57364559173584 -14.711779594421387 -3
    vertex -8.582204818725586 -9.996417999267578 -3
    vertex -10.145730018615723 -14.354104995727539 -3
  endloop
endfacet
facet normal 0 0 0
  outer loop
    vertex -10.145730018615723 -14.354104995727539 -3
    vertex -8.582204818725586 -9.996417999267578 -3
    vertex -8.759748458862305 -13.858193397521973 -3
  endloop
endfacet
facet normal 0 0 0
  outer loop
    vertex -8.759748458862305 -13.858193397521973 -3
    vertex -8.61133861541748 -10.837240219116211 -3
    vertex -7.771847724914551 -13.390950202941895 -3
  endloop
endfacet
facet normal 0 0 0
  outer loop
    vertex -8.759748458862305 -13.858193397521973 -3
    vertex -8.582204818725586 -9.996417999267578 -3
    vertex -8.61133861541748 -10.837240219116211 -3
  endloop
endfacet
facet normal 0 0 0
  outer loop
    vertex -8.61133861541748 -10.837240219116211 -3
    vertex -8.565275192260742 -9.979488372802734 -3
    vertex -7.771847724914551 -13.390950202941895 -3
  endloop
endfacet
facet normal 0 0 0
  outer loop
    vertex -7.771847724914551 -13.390950202941895 -3
    vertex -8.565275192260742 -9.979488372802734 -3
    vertex -7.7123494148254395 -9.12656307220459 -3
  endloop
endfacet
facet normal 0 0 0
  outer loop
    vertex -24.015899658203125 -11.5951566696167 -3
    vertex -22.833553314208984 -12.472043991088867 -3
    vertex -24.015899658203125 -11.5951566696167 3
  endloop
endfacet
facet normal 0 0 0
  outer loop
    vertex -24.015899658203125 -11.5951566696167 -3
    vertex -24.015899658203125 -11.5951566696167 3
    vertex -24.67255401611328 -11 -3
  endloop
endfacet
facet normal 0 0 0
  outer loop
    vertex -17.426355361938477 -14.711779594421387 -3
    vertex -18.854270935058594 -14.354104995727539 3
    vertex -18.854270935058594 -14.354104995727539 -3
  endloop
endfacet
facet normal 0 0 0
  outer loop
    vertex -18.854270935058594 -14.354104995727539 -3
    vertex -20.240251541137695 -13.858193397521973 3
    vertex -20.240251541137695 -13.858193397521973 -3
  endloop
endfacet
facet normal 0 0 0
  outer loop
    vertex -21.570951461791992 -13.228818893432617 -3
    vertex -20.240251541137695 -13.858193397521973 -3
    vertex -21.570951461791992 -13.228818893432617 3
  endloop
endfacet
facet normal 0 0 0
  outer loop
    vertex -21.570951461791992 -13.228818893432617 -3
    vertex -22.833553314208984 -12.472043991088867 3
    vertex -22.833553314208984 -12.472043991088867 -3
  endloop
endfacet
facet normal 0 0 0
  outer loop
    vertex -13.029743194580078 -14.927770614624023 -3
    vertex -14.5 -15 2
    vertex -13.538553237915039 -14.952767372131348 -2
  endloop
endfacet
facet normal 0 0 0
  outer loop
    vertex -13.029743194580078 -14.927770614624023 -3
    vertex -11.57364559173584 -14.711779594421387 -3
    vertex -13.029743194580078 -14.927770614624023 3
  endloop
endfacet
facet normal 0 0 0
  outer loop
    vertex -17.426355361938477 -14.711779594421387 -3
    vertex -16.29396629333496 -14.879753112792969 -2
    vertex -17.426355361938477 -14.711779594421387 3
  endloop
endfacet
facet normal 0 0 0
  outer loop
    vertex -15.970256805419922 -14.927770614624023 -2
    vertex -14.5 -15 -2
    vertex -15.970256805419922 -14.927770614624023 2
  endloop
endfacet
facet normal 0 0 0
  outer loop
    vertex -14.5 -15 2
    vertex -14.5 -15 -2
    vertex -13.538553237915039 -14.952767372131348 -2
  endloop
endfacet
facet normal 0 0 0
  outer loop
    vertex -17.426355361938477 -14.711779594421387 3
    vertex -16.29396629333496 -14.879753112792969 -2
    vertex -15.970256805419922 -14.927770614624023 -2
  endloop
endfacet
facet normal 0 0 0
  outer loop
    vertex -11.57364559173584 -14.711779594421387 -3
    vertex -10.145730018615723 -14.354104995727539 -3
    vertex -11.57364559173584 -14.711779594421387 3
  endloop
endfacet
facet normal 0 0 0
  outer loop
    vertex -10.145730018615723 -14.354104995727539 -3
    vertex -8.759748458862305 -13.858193397521973 -3
    vertex -10.145730018615723 -14.354104995727539 3
  endloop
endfacet
facet normal 0 0 0
  outer loop
    vertex -8.759748458862305 -13.858193397521973 -3
    vertex -7.771847724914551 -13.390950202941895 -3
    vertex -7.771847724914551 -13.390950202941895 3
  endloop
endfacet
facet normal 0 0 0
  outer loop
    vertex -10.960155487060547 -2.2239022254943848 -3
    vertex -10.145730018615723 -8.731515884399414 -3
    vertex -14.602452278137207 -13.188238143920898 -3
  endloop
endfacet
facet normal 0 0 0
  outer loop
    vertex -11.57364559173584 -1.5277220010757446 -3
    vertex -10.960155487060547 -2.2239022254943848 -3
    vertex -14.602452278137207 -13.188238143920898 -3
  endloop
endfacet
facet normal 0 0 0
  outer loop
    vertex -15.970256805419922 -11 -3
    vertex -15.970256805419922 11 -3
    vertex -14.602452278137207 -13.188238143920898 -3
  endloop
endfacet
facet normal 0 0 0
  outer loop
    vertex -11.57364559173584 -1.5277220010757446 -3
    vertex -14.602452278137207 -13.188238143920898 -3
    vertex -11.981661796569824 6.406405448913574 -3
  endloop
endfacet
facet normal 0 0 0
  outer loop
    vertex -13.669779777526855 1.8995245695114136 -3
    vertex -13.029743194580078 5.721596717834473 -3
    vertex -14.602452278137207 -13.188238143920898 -3
  endloop
endfacet
facet normal 0 0 0
  outer loop
    vertex -13.029743194580078 5.721596717834473 -3
    vertex -11.981661796569824 6.406405448913574 -3
    vertex -14.602452278137207 -13.188238143920898 -3
  endloop
endfacet
facet normal 0 0 0
  outer loop
    vertex -9.83309555053711 -7.990294933319092 -3
    vertex -8.480684280395508 -7.066470146179199 -3
    vertex -10.145730018615723 -8.731515884399414 -3
  endloop
endfacet
facet normal 0 0 0
  outer loop
    vertex -9.83309555053711 -7.990294933319092 -3
    vertex -10.145730018615723 -8.731515884399414 -3
    vertex -10.145730018615723 5.617852210998535 -3
  endloop
endfacet
facet normal 0 0 0
  outer loop
    vertex -9.83309555053711 -7.990294933319092 -3
    vertex -8.902704238891602 7.488490581512451 -3
    vertex -8.480684280395508 -7.066470146179199 -3
  endloop
endfacet
facet normal 0 0 0
  outer loop
    vertex -10.960155487060547 -2.2239022254943848 -3
    vertex -10.145730018615723 5.617852210998535 -3
    vertex -10.145730018615723 -8.731515884399414 -3
  endloop
endfacet
facet normal 0 0 0
  outer loop
    vertex -7.672327518463135 -6.258113861083984 -3
    vertex -8.40476131439209 -6.9905476570129395 -3
    vertex -7.692206859588623 6.277993202209473 -3
  endloop
endfacet
facet normal 0 0 0
  outer loop
    vertex -13.029743194580078 -14.927770614624023 -3
    vertex -13.538553237915039 -14.952767372131348 2
    vertex -14.5 -15 2
  endloop
endfacet
facet normal 0 0 0
  outer loop
    vertex -15.970256805419922 -14.927770614624023 2
    vertex -16.29396629333496 -14.879753112792969 2
    vertex -15.970256805419922 -14.927770614624023 -2
  endloop
endfacet
facet normal 0 0 0
  outer loop
    vertex -14.5 -15 -2
    vertex -14.5 -15 2
    vertex -15.970256805419922 -14.927770614624023 2
  endloop
endfacet
facet normal 0 0 0
  outer loop
    vertex -13.029743194580078 -14.927770614624023 -3
    vertex -13.029743194580078 -14.927770614624023 3
    vertex -13.538553237915039 -14.952767372131348 2
  endloop
endfacet
facet normal 0 0 0
  outer loop
    vertex -22.833553314208984 -12.472043991088867 -3
    vertex -22.833553314208984 -12.472043991088867 3
    vertex -24.015899658203125 -11.5951566696167 3
  endloop
endfacet
facet normal 0 0 0
  outer loop
    vertex -24.67255401611328 -11 -3
    vertex -24.015899658203125 -11.5951566696167 3
    vertex -24.67255401611328 -11 3
  endloop
endfacet
facet normal 0 0 0
  outer loop
    vertex -17.426355361938477 -14.711779594421387 -3
    vertex -17.426355361938477 -14.711779594421387 3
    vertex -18.854270935058594 -14.354104995727539 3
  endloop
endfacet
facet normal 0 0 0
  outer loop
    vertex -18.854270935058594 -14.354104995727539 -3
    vertex -18.854270935058594 -14.354104995727539 3
    vertex -20.240251541137695 -13.858193397521973 3
  endloop
endfacet
facet normal 0 0 0
  outer loop
    vertex -20.240251541137695 -13.858193397521973 -3
    vertex -20.240251541137695 -13.858193397521973 3
    vertex -21.570951461791992 -13.228818893432617 3
  endloop
endfacet
facet normal 0 0 0
  outer loop
    vertex -21.570951461791992 -13.228818893432617 -3
    vertex -21.570951461791992 -13.228818893432617 3
    vertex -22.833553314208984 -12.472043991088867 3
  endloop
endfacet
facet normal 0 0 0
  outer loop
    vertex -17.426355361938477 -14.711779594421387 3
    vertex -15.970256805419922 -14.927770614624023 -2
    vertex -16.29396629333496 -14.879753112792969 2
  endloop
endfacet
facet normal 0 0 0
  outer loop
    vertex -11.57364559173584 -14.711779594421387 -3
    vertex -11.57364559173584 -14.711779594421387 3
    vertex -13.029743194580078 -14.927770614624023 3
  endloop
endfacet
facet normal 0 0 0
  outer loop
    vertex -10.145730018615723 -14.354104995727539 -3
    vertex -10.145730018615723 -14.354104995727539 3
    vertex -11.57364559173584 -14.711779594421387 3
  endloop
endfacet
facet normal 0 0 0
  outer loop
    vertex -8.759748458862305 -13.858193397521973 -3
    vertex -8.759748458862305 -13.858193397521973 3
    vertex -10.145730018615723 -14.354104995727539 3
  endloop
endfacet
facet normal 0 0 0
  outer loop
    vertex -8.759748458862305 -13.858193397521973 -3
    vertex -7.771847724914551 -13.390950202941895 3
    vertex -8.759748458862305 -13.858193397521973 3
  endloop
endfacet
facet normal 0 0 0
  outer loop
    vertex -24.015899658203125 -11.5951566696167 3
    vertex -25.05218505859375 -9.498942375183105 3
    vertex -24.67255401611328 -11 3
  endloop
endfacet
facet normal 0 0 0
  outer loop
    vertex -17.426355361938477 -14.711779594421387 3
    vertex -16.29396629333496 -14.879753112792969 2
    vertex -16.29396629333496 -14.879753112792969 3
  endloop
endfacet
facet normal 0 0 0
  outer loop
    vertex -13.029743194580078 -14.927770614624023 3
    vertex -13.538553237915039 -14.952767372131348 3
    vertex -13.538553237915039 -14.952767372131348 2
  endloop
endfacet
facet normal 0 0 0
  outer loop
    vertex -13.029743194580078 -14.927770614624023 3
    vertex -11.57364559173584 -14.711779594421387 3
    vertex -13.538553237915039 -14.952767372131348 3
  endloop
endfacet
facet normal 0 0 0
  outer loop
    vertex -11.57364559173584 -14.711779594421387 3
    vertex -10.145730018615723 -14.354104995727539 3
    vertex -13.538553237915039 -14.952767372131348 3
  endloop
endfacet
facet normal 0 0 0
  outer loop
    vertex -10.145730018615723 -14.354104995727539 3
    vertex -8.759748458862305 -13.858193397521973 3
    vertex -13.538553237915039 -14.952767372131348 3
  endloop
endfacet
facet normal 0 0 0
  outer loop
    vertex -8.759748458862305 -13.858193397521973 3
    vertex -8.61133861541748 -10.837240219116211 3
    vertex -13.538553237915039 -14.952767372131348 3
  endloop
endfacet
facet normal 0 0 0
  outer loop
    vertex -8.759748458862305 -13.858193397521973 3
    vertex -7.771847724914551 -13.390950202941895 3
    vertex -8.61133861541748 -10.837240219116211 3
  endloop
endfacet
facet normal 0 0 0
  outer loop
    vertex -8.61133861541748 -10.837240219116211 3
    vertex -8.582204818725586 -9.996417999267578 3
    vertex -13.538553237915039 -14.952767372131348 3
  endloop
endfacet
facet normal 0 0 0
  outer loop
    vertex -8.61133861541748 -10.837240219116211 3
    vertex -7.771847724914551 -13.390950202941895 3
    vertex -8.565275192260742 -9.979488372802734 3
  endloop
endfacet
facet normal 0 0 0
  outer loop
    vertex -7.771847724914551 -13.390950202941895 3
    vertex -7.7123494148254395 -9.12656307220459 3
    vertex -8.565275192260742 -9.979488372802734 3
  endloop
endfacet
facet normal 0 0 0
  outer loop
    vertex -24.015899658203125 -11.5951566696167 3
    vertex -22.833553314208984 -12.472043991088867 3
    vertex -22.833553314208984 12.472043991088867 3
  endloop
endfacet
facet normal 0 0 0
  outer loop
    vertex -24.015899658203125 -11.5951566696167 3
    vertex -24.015899658203125 11.5951566696167 3
    vertex -25.05218505859375 -9.498942375183105 3
  endloop
endfacet
facet normal 0 0 0
  outer loop
    vertex -25.05218505859375 -9.498942375183105 3
    vertex -24.67255401611328 11 3
    vertex -25.10660171508789 -9.49039077758789 3
  endloop
endfacet
facet normal 0 0 0
  outer loop
    vertex -21.570951461791992 -13.228818893432617 3
    vertex -20.240251541137695 -13.858193397521973 3
    vertex -20.240251541137695 13.858193397521973 3
  endloop
endfacet
facet normal 0 0 0
  outer loop
    vertex -21.570951461791992 -13.228818893432617 3
    vertex -21.570951461791992 13.228818893432617 3
    vertex -22.833553314208984 -12.472043991088867 3
  endloop
endfacet
facet normal 0 0 0
  outer loop
    vertex -18.854270935058594 -14.354104995727539 3
    vertex -18.854270935058594 14.354104995727539 3
    vertex -20.240251541137695 -13.858193397521973 3
  endloop
endfacet
facet normal 0 0 0
  outer loop
    vertex -17.426355361938477 -14.711779594421387 3
    vertex -17.426355361938477 14.711779594421387 3
    vertex -18.854270935058594 -14.354104995727539 3
  endloop
endfacet
facet normal 0 0 0
  outer loop
    vertex -17.426355361938477 -14.711779594421387 3
    vertex -16.29396629333496 -14.879753112792969 3
    vertex -16.29396629333496 14.879753112792969 3
  endloop
endfacet
facet normal 0 0 0
  outer loop
    vertex -16.29396629333496 -14.879753112792969 3
    vertex -8.480684280395508 -7.066470146179199 3
    vertex -16.29396629333496 14.879753112792969 3
  endloop
endfacet
facet normal 0 0 0
  outer loop
    vertex -4.499412536621094 -11.155860900878906 3
    vertex -4.104916095733643 -5.519129753112793 3
    vertex -4.499412536621094 -5.913626194000244 3
  endloop
endfacet
facet normal 0 0 0
  outer loop
    vertex -7.672327518463135 -6.258113861083984 3
    vertex -7.692206859588623 6.277993202209473 3
    vertex -8.40476131439209 -6.9905476570129395 3
  endloop
endfacet
facet normal 0 0 0
  outer loop
    vertex -13.669779777526855 1.8995245695114136 -3
    vertex -14.602452278137207 -13.188238143920898 -3
    vertex -14.148154258728027 12.733941078186035 -3
  endloop
endfacet
facet normal 0 0 0
  outer loop
    vertex -15.970256805419922 11 -3
    vertex -14.148154258728027 12.733941078186035 -3
    vertex -14.602452278137207 -13.188238143920898 -3
  endloop
endfacet
facet normal 0 0 0
  outer loop
    vertex -11.57364559173584 -1.5277220010757446 -3
    vertex -11.57364559173584 10.159431457519531 -3
    vertex -10.409015655517578 8.99480152130127 -3
  endloop
endfacet
facet normal 0 0 0
  outer loop
    vertex -13.029743194580078 5.721596717834473 -3
    vertex -13.029743194580078 8.374485969543457 -3
    vertex -11.981661796569824 6.406405448913574 -3
  endloop
endfacet
facet normal 0 0 0
  outer loop
    vertex -13.669779777526855 1.8995245695114136 -3
    vertex -14.148154258728027 12.733941078186035 -3
    vertex -13.380428314208984 7.789402484893799 -3
  endloop
endfacet
facet normal 0 0 0
  outer loop
    vertex -11.981661796569824 6.406405448913574 -3
    vertex -13.029743194580078 8.374485969543457 -3
    vertex -11.803671836853027 10.029478073120117 -3
  endloop
endfacet
facet normal 0 0 0
  outer loop
    vertex -13.380428314208984 7.789402484893799 -3
    vertex -14.148154258728027 12.733941078186035 -3
    vertex -13.029743194580078 8.374485969543457 -3
  endloop
endfacet
facet normal 0 0 0
  outer loop
    vertex -11.57364559173584 -1.5277220010757446 -3
    vertex -10.409015655517578 8.99480152130127 -3
    vertex -10.960155487060547 -2.2239022254943848 -3
  endloop
endfacet
facet normal 0 0 0
  outer loop
    vertex -9.83309555053711 -7.990294933319092 -3
    vertex -10.145730018615723 5.617852210998535 -3
    vertex -9.064712524414062 7.65049934387207 -3
  endloop
endfacet
facet normal 0 0 0
  outer loop
    vertex -8.480684280395508 -7.066470146179199 -3
    vertex -8.902704238891602 7.488490581512451 -3
    vertex -8.007386207580566 6.593172550201416 -3
  endloop
endfacet
facet normal 0 0 0
  outer loop
    vertex -7.672327518463135 -6.258113861083984 -3
    vertex -7.692206859588623 6.277993202209473 -3
    vertex -7.5000996589660645 6.085886478424072 -3
  endloop
endfacet
facet normal 0 0 0
  outer loop
    vertex -10.145730018615723 5.617852210998535 -3
    vertex -10.145730018615723 8.731515884399414 -3
    vertex -9.064712524414062 7.65049934387207 -3
  endloop
endfacet
facet normal 0 0 0
  outer loop
    vertex -7.429049015045166 11.178279876708984 -3
    vertex -7.461179733276367 8.87539291381836 -3
    vertex -7.548054218292236 8.962267875671387 -3
  endloop
endfacet
facet normal 0 0 0
  outer loop
    vertex -24.67255401611328 11 -3
    vertex -24.015899658203125 11.5951566696167 -3
    vertex -24.045137405395508 11 -3
  endloop
endfacet
facet normal 0 0 0
  outer loop
    vertex -24.045137405395508 11 -3
    vertex -24.015899658203125 11.5951566696167 -3
    vertex -22.833553314208984 12.472043991088867 -3
  endloop
endfacet
facet normal 0 0 0
  outer loop
    vertex -24.045137405395508 11 -3
    vertex -22.833553314208984 12.472043991088867 -3
    vertex -21.570951461791992 13.228818893432617 -3
  endloop
endfacet
facet normal 0 0 0
  outer loop
    vertex -24.045137405395508 11 -3
    vertex -14.148154258728027 12.733941078186035 -3
    vertex -15.970256805419922 11 -3
  endloop
endfacet
facet normal 0 0 0
  outer loop
    vertex -13.029743194580078 8.374485969543457 -3
    vertex -14.148154258728027 12.733941078186035 -3
    vertex -11.803671836853027 10.029478073120117 -3
  endloop
endfacet
facet normal 0 0 0
  outer loop
    vertex -11.803671836853027 10.029478073120117 -3
    vertex -14.148154258728027 12.733941078186035 -3
    vertex -11.632523536682129 10.218310356140137 -3
  endloop
endfacet
facet normal 0 0 0
  outer loop
    vertex -24.045137405395508 11 -3
    vertex -21.570951461791992 13.228818893432617 -3
    vertex -20.240251541137695 13.858193397521973 -3
  endloop
endfacet
facet normal 0 0 0
  outer loop
    vertex -24.045137405395508 11 -3
    vertex -20.240251541137695 13.858193397521973 -3
    vertex -18.854270935058594 14.354104995727539 -3
  endloop
endfacet
facet normal 0 0 0
  outer loop
    vertex -24.045137405395508 11 -3
    vertex -18.854270935058594 14.354104995727539 -3
    vertex -17.426355361938477 14.711779594421387 -3
  endloop
endfacet
facet normal 0 0 0
  outer loop
    vertex -24.045137405395508 11 -3
    vertex -17.426355361938477 14.711779594421387 -3
    vertex -14.148154258728027 12.733941078186035 -3
  endloop
endfacet
facet normal 0 0 0
  outer loop
    vertex -10.145730018615723 11.698307037353516 -3
    vertex -10.218310356140137 11.632523536682129 -3
    vertex -13.538553237915039 14.952767372131348 -3
  endloop
endfacet
facet normal 0 0 0
  outer loop
    vertex -10.145730018615723 11.698307037353516 -3
    vertex -13.538553237915039 14.952767372131348 -3
    vertex -10.145730018615723 14.354104995727539 -3
  endloop
endfacet
facet normal 0 0 0
  outer loop
    vertex -17.426355361938477 14.711779594421387 -3
    vertex -16.29396629333496 14.879753112792969 -3
    vertex -14.148154258728027 12.733941078186035 -3
  endloop
endfacet
facet normal 0 0 0
  outer loop
    vertex -13.029743194580078 14.927770614624023 -3
    vertex -11.57364559173584 14.711779594421387 -3
    vertex -13.538553237915039 14.952767372131348 -3
  endloop
endfacet
facet normal 0 0 0
  outer loop
    vertex -11.57364559173584 14.711779594421387 -3
    vertex -10.145730018615723 14.354104995727539 -3
    vertex -13.538553237915039 14.952767372131348 -3
  endloop
endfacet
facet normal 0 0 0
  outer loop
    vertex -17.426355361938477 14.711779594421387 -3
    vertex -16.29396629333496 14.879753112792969 -2
    vertex -16.29396629333496 14.879753112792969 -3
  endloop
endfacet
facet normal 0 0 0
  outer loop
    vertex -13.029743194580078 14.927770614624023 -3
    vertex -13.538553237915039 14.952767372131348 -3
    vertex -13.538553237915039 14.952767372131348 -2
  endloop
endfacet
facet normal 0 0 0
  outer loop
    vertex -7.771847724914551 13.390950202941895 -3
    vertex -7.912664890289307 9.326878547668457 -3
    vertex -8.759748458862305 10.173961639404297 -3
  endloop
endfacet
facet normal 0 0 0
  outer loop
    vertex -8.814836502075195 12.736854553222656 -3
    vertex -8.932268142700195 10.346481323242188 -3
    vertex -10.145730018615723 11.559943199157715 -3
  endloop
endfacet
facet normal 0 0 0
  outer loop
    vertex -10.145730018615723 11.698307037353516 -3
    vertex -8.814836502075195 12.736854553222656 -3
    vertex -10.145730018615723 11.559943199157715 -3
  endloop
endfacet
facet normal 0 0 0
  outer loop
    vertex -8.759748458862305 12.777710914611816 -3
    vertex -7.771847724914551 13.390950202941895 -3
    vertex -8.759748458862305 10.173961639404297 -3
  endloop
endfacet
facet normal 0 0 0
  outer loop
    vertex -10.145730018615723 11.698307037353516 -3
    vertex -10.145730018615723 14.354104995727539 -3
    vertex -8.814836502075195 12.736854553222656 -3
  endloop
endfacet
facet normal 0 0 0
  outer loop
    vertex -8.814836502075195 12.736854553222656 -3
    vertex -8.759748458862305 13.858193397521973 -3
    vertex -8.759748458862305 12.777710914611816 -3
  endloop
endfacet
facet normal 0 0 0
  outer loop
    vertex -8.759748458862305 12.777710914611816 -3
    vertex -8.759748458862305 13.858193397521973 -3
    vertex -7.771847724914551 13.390950202941895 -3
  endloop
endfacet
facet normal 0 0 0
  outer loop
    vertex -8.814836502075195 12.736854553222656 -3
    vertex -10.145730018615723 14.354104995727539 -3
    vertex -8.759748458862305 13.858193397521973 -3
  endloop
endfacet
facet normal 0 0 0
  outer loop
    vertex -24.67255401611328 11 -3
    vertex -24.67255401611328 11 3
    vertex -24.015899658203125 11.5951566696167 -3
  endloop
endfacet
facet normal 0 0 0
  outer loop
    vertex -24.015899658203125 11.5951566696167 -3
    vertex -22.833553314208984 12.472043991088867 3
    vertex -22.833553314208984 12.472043991088867 -3
  endloop
endfacet
facet normal 0 0 0
  outer loop
    vertex -22.833553314208984 12.472043991088867 -3
    vertex -21.570951461791992 13.228818893432617 3
    vertex -21.570951461791992 13.228818893432617 -3
  endloop
endfacet
facet normal 0 0 0
  outer loop
    vertex -21.570951461791992 13.228818893432617 -3
    vertex -20.240251541137695 13.858193397521973 3
    vertex -20.240251541137695 13.858193397521973 -3
  endloop
endfacet
facet normal 0 0 0
  outer loop
    vertex -20.240251541137695 13.858193397521973 -3
    vertex -18.854270935058594 14.354104995727539 3
    vertex -18.854270935058594 14.354104995727539 -3
  endloop
endfacet
facet normal 0 0 0
  outer loop
    vertex -18.854270935058594 14.354104995727539 -3
    vertex -17.426355361938477 14.711779594421387 3
    vertex -17.426355361938477 14.711779594421387 -3
  endloop
endfacet
facet normal 0 0 0
  outer loop
    vertex -17.426355361938477 14.711779594421387 -3
    vertex -15.970256805419922 14.927770614624023 2
    vertex -16.29396629333496 14.879753112792969 -2
  endloop
endfacet
facet normal 0 0 0
  outer loop
    vertex -13.029743194580078 14.927770614624023 -3
    vertex -11.57364559173584 14.711779594421387 3
    vertex -11.57364559173584 14.711779594421387 -3
  endloop
endfacet
facet normal 0 0 0
  outer loop
    vertex -15.970256805419922 14.927770614624023 -2
    vertex -16.29396629333496 14.879753112792969 -2
    vertex -15.970256805419922 14.927770614624023 2
  endloop
endfacet
facet normal 0 0 0
  outer loop
    vertex -15.970256805419922 14.927770614624023 -2
    vertex -14.5 15 2
    vertex -14.5 15 -2
  endloop
endfacet
facet normal 0 0 0
  outer loop
    vertex -13.029743194580078 14.927770614624023 -3
    vertex -13.538553237915039 14.952767372131348 -2
    vertex -13.029743194580078 14.927770614624023 3
  endloop
endfacet
facet normal 0 0 0
  outer loop
    vertex -13.029743194580078 14.927770614624023 3
    vertex -13.538553237915039 14.952767372131348 -2
    vertex -14.5 15 -2
  endloop
endfacet
facet normal 0 0 0
  outer loop
    vertex -8.759748458862305 13.858193397521973 -3
    vertex -8.759748458862305 13.858193397521973 3
    vertex -7.771847724914551 13.390950202941895 -3
  endloop
endfacet
facet normal 0 0 0
  outer loop
    vertex -10.145730018615723 14.354104995727539 -3
    vertex -8.759748458862305 13.858193397521973 3
    vertex -8.759748458862305 13.858193397521973 -3
  endloop
endfacet
facet normal 0 0 0
  outer loop
    vertex -11.57364559173584 14.711779594421387 -3
    vertex -10.145730018615723 14.354104995727539 3
    vertex -10.145730018615723 14.354104995727539 -3
  endloop
endfacet
facet normal 0 0 0
  outer loop
    vertex -25.05218505859375 -9.498942375183105 3
    vertex -24.015899658203125 11.5951566696167 3
    vertex -24.67255401611328 11 3
  endloop
endfacet
facet normal 0 0 0
  outer loop
    vertex -24.015899658203125 -11.5951566696167 3
    vertex -22.833553314208984 12.472043991088867 3
    vertex -24.015899658203125 11.5951566696167 3
  endloop
endfacet
facet normal 0 0 0
  outer loop
    vertex -22.833553314208984 -12.472043991088867 3
    vertex -21.570951461791992 13.228818893432617 3
    vertex -22.833553314208984 12.472043991088867 3
  endloop
endfacet
facet normal 0 0 0
  outer loop
    vertex -21.570951461791992 -13.228818893432617 3
    vertex -20.240251541137695 13.858193397521973 3
    vertex -21.570951461791992 13.228818893432617 3
  endloop
endfacet
facet normal 0 0 0
  outer loop
    vertex -20.240251541137695 -13.858193397521973 3
    vertex -18.854270935058594 14.354104995727539 3
    vertex -20.240251541137695 13.858193397521973 3
  endloop
endfacet
facet normal 0 0 0
  outer loop
    vertex -18.854270935058594 -14.354104995727539 3
    vertex -17.426355361938477 14.711779594421387 3
    vertex -18.854270935058594 14.354104995727539 3
  endloop
endfacet
facet normal 0 0 0
  outer loop
    vertex -17.426355361938477 -14.711779594421387 3
    vertex -16.29396629333496 14.879753112792969 3
    vertex -17.426355361938477 14.711779594421387 3
  endloop
endfacet
facet normal 0 0 0
  outer loop
    vertex -7.672327518463135 -6.258113861083984 3
    vertex -7.5000996589660645 6.085886478424072 3
    vertex -7.692206859588623 6.277993202209473 3
  endloop
endfacet
facet normal 0 0 0
  outer loop
    vertex -8.480684280395508 -7.066470146179199 3
    vertex -8.007386207580566 6.593172550201416 3
    vertex -16.29396629333496 14.879753112792969 3
  endloop
endfacet
facet normal 0 0 0
  outer loop
    vertex -7.429049015045166 11.178279876708984 3
    vertex -7.548054218292236 8.962267875671387 3
    vertex -7.461179733276367 8.87539291381836 3
  endloop
endfacet
facet normal 0 0 0
  outer loop
    vertex -17.426355361938477 14.711779594421387 -3
    vertex -16.29396629333496 14.879753112792969 2
    vertex -15.970256805419922 14.927770614624023 2
  endloop
endfacet
facet normal 0 0 0
  outer loop
    vertex -17.426355361938477 14.711779594421387 -3
    vertex -17.426355361938477 14.711779594421387 3
    vertex -16.29396629333496 14.879753112792969 2
  endloop
endfacet
facet normal 0 0 0
  outer loop
    vertex -15.970256805419922 14.927770614624023 -2
    vertex -15.970256805419922 14.927770614624023 2
    vertex -14.5 15 2
  endloop
endfacet
facet normal 0 0 0
  outer loop
    vertex -14.5 15 2
    vertex -13.538553237915039 14.952767372131348 2
    vertex -14.5 15 -2
  endloop
endfacet
facet normal 0 0 0
  outer loop
    vertex -24.015899658203125 11.5951566696167 -3
    vertex -24.67255401611328 11 3
    vertex -24.015899658203125 11.5951566696167 3
  endloop
endfacet
facet normal 0 0 0
  outer loop
    vertex -24.015899658203125 11.5951566696167 -3
    vertex -24.015899658203125 11.5951566696167 3
    vertex -22.833553314208984 12.472043991088867 3
  endloop
endfacet
facet normal 0 0 0
  outer loop
    vertex -22.833553314208984 12.472043991088867 -3
    vertex -22.833553314208984 12.472043991088867 3
    vertex -21.570951461791992 13.228818893432617 3
  endloop
endfacet
facet normal 0 0 0
  outer loop
    vertex -21.570951461791992 13.228818893432617 -3
    vertex -21.570951461791992 13.228818893432617 3
    vertex -20.240251541137695 13.858193397521973 3
  endloop
endfacet
facet normal 0 0 0
  outer loop
    vertex -20.240251541137695 13.858193397521973 -3
    vertex -20.240251541137695 13.858193397521973 3
    vertex -18.854270935058594 14.354104995727539 3
  endloop
endfacet
facet normal 0 0 0
  outer loop
    vertex -18.854270935058594 14.354104995727539 -3
    vertex -18.854270935058594 14.354104995727539 3
    vertex -17.426355361938477 14.711779594421387 3
  endloop
endfacet
facet normal 0 0 0
  outer loop
    vertex -13.029743194580078 14.927770614624023 3
    vertex -14.5 15 -2
    vertex -13.538553237915039 14.952767372131348 2
  endloop
endfacet
facet normal 0 0 0
  outer loop
    vertex -13.029743194580078 14.927770614624023 -3
    vertex -13.029743194580078 14.927770614624023 3
    vertex -11.57364559173584 14.711779594421387 3
  endloop
endfacet
facet normal 0 0 0
  outer loop
    vertex -7.771847724914551 13.390950202941895 -3
    vertex -8.759748458862305 13.858193397521973 3
    vertex -7.771847724914551 13.390950202941895 3
  endloop
endfacet
facet normal 0 0 0
  outer loop
    vertex -10.145730018615723 14.354104995727539 -3
    vertex -10.145730018615723 14.354104995727539 3
    vertex -8.759748458862305 13.858193397521973 3
  endloop
endfacet
facet normal 0 0 0
  outer loop
    vertex -11.57364559173584 14.711779594421387 -3
    vertex -11.57364559173584 14.711779594421387 3
    vertex -10.145730018615723 14.354104995727539 3
  endloop
endfacet
facet normal 0 0 0
  outer loop
    vertex -13.029743194580078 14.927770614624023 3
    vertex -13.538553237915039 14.952767372131348 3
    vertex -7.912664890289307 9.326878547668457 3
  endloop
endfacet
facet normal 0 0 0
  outer loop
    vertex -17.426355361938477 14.711779594421387 3
    vertex -16.29396629333496 14.879753112792969 3
    vertex -16.29396629333496 14.879753112792969 2
  endloop
endfacet
facet normal 0 0 0
  outer loop
    vertex -13.029743194580078 14.927770614624023 3
    vertex -13.538553237915039 14.952767372131348 2
    vertex -13.538553237915039 14.952767372131348 3
  endloop
endfacet
facet normal 0 0 0
  outer loop
    vertex -8.759748458862305 13.858193397521973 3
    vertex -7.912664890289307 9.326878547668457 3
    vertex -7.771847724914551 13.390950202941895 3
  endloop
endfacet
facet normal 0 0 0
  outer loop
    vertex -11.57364559173584 14.711779594421387 3
    vertex -7.912664890289307 9.326878547668457 3
    vertex -10.145730018615723 14.354104995727539 3
  endloop
endfacet
facet normal 0 0 0
  outer loop
    vertex -13.029743194580078 14.927770614624023 3
    vertex -7.912664890289307 9.326878547668457 3
    vertex -11.57364559173584 14.711779594421387 3
  endloop
endfacet
facet normal 0 0 0
  outer loop
    vertex -10.145730018615723 14.354104995727539 3
    vertex -7.912664890289307 9.326878547668457 3
    vertex -8.759748458862305 13.858193397521973 3
  endloop
endfacet
facet normal 0 0 0
  outer loop
    vertex -164.9279327392578 -17.638425827026367 -3
    vertex -166.6114044189453 -16.629392623901367 -3
    vertex -163.83355712890625 -12.472043991088867 -3
  endloop
endfacet
facet normal 0 0 0
  outer loop
    vertex -159.4018096923828 -19.615705490112305 -3
    vertex -156.9702606201172 -14.927770614624023 -3
    vertex -157.46034240722656 -19.90369415283203 -3
  endloop
endfacet
facet normal 0 0 0
  outer loop
    vertex -161.30569458007812 -19.13880729675293 -3
    vertex -158.42636108398438 -14.711779594421387 -3
    vertex -159.4018096923828 -19.615705490112305 -3
  endloop
endfacet
facet normal 0 0 0
  outer loop
    vertex -157.46034240722656 -19.90369415283203 -3
    vertex -155.5 -15 -3
    vertex -155.5 -20 -3
  endloop
endfacet
facet normal 0 0 0
  outer loop
    vertex -161.30569458007812 -19.13880729675293 -3
    vertex -163.15367126464844 -18.477590560913086 -3
    vertex -161.24024963378906 -13.858193397521973 -3
  endloop
endfacet
facet normal 0 0 0
  outer loop
    vertex -164.9279327392578 -17.638425827026367 -3
    vertex -162.57095336914062 -13.228818893432617 -3
    vertex -163.15367126464844 -18.477590560913086 -3
  endloop
endfacet
facet normal 0 0 0
  outer loop
    vertex -159.4018096923828 -19.615705490112305 -3
    vertex -158.42636108398438 -14.711779594421387 -3
    vertex -156.9702606201172 -14.927770614624023 -3
  endloop
endfacet
facet normal 0 0 0
  outer loop
    vertex -163.15367126464844 -18.477590560913086 -3
    vertex -162.57095336914062 -13.228818893432617 -3
    vertex -161.24024963378906 -13.858193397521973 -3
  endloop
endfacet
facet normal 0 0 0
  outer loop
    vertex -161.30569458007812 -19.13880729675293 -3
    vertex -159.85426330566406 -14.354104995727539 -3
    vertex -158.42636108398438 -14.711779594421387 -3
  endloop
endfacet
facet normal 0 0 0
  outer loop
    vertex -161.30569458007812 -19.13880729675293 -3
    vertex -161.24024963378906 -13.858193397521973 -3
    vertex -159.85426330566406 -14.354104995727539 -3
  endloop
endfacet
facet normal 0 0 0
  outer loop
    vertex -157.46034240722656 -19.90369415283203 -3
    vertex -156.9702606201172 -14.927770614624023 -3
    vertex -155.5 -15 -3
  endloop
endfacet
facet normal 0 0 0
  outer loop
    vertex -155.5 -20 -3
    vertex -155.5 -15 -3
    vertex -154.0297393798828 -14.927770614624023 -3
  endloop
endfacet
facet normal 0 0 0
  outer loop
    vertex -155.5 -20 -3
    vertex -154.0297393798828 -14.927770614624023 -3
    vertex -152.57363891601562 -14.711779594421387 -3
  endloop
endfacet
facet normal 0 0 0
  outer loop
    vertex -155.5 -20 -3
    vertex -152.57363891601562 -14.711779594421387 -3
    vertex -151.14573669433594 -14.354104995727539 -3
  endloop
endfacet
facet normal 0 0 0
  outer loop
    vertex -155.5 -20 -3
    vertex -151.14573669433594 -14.354104995727539 -3
    vertex -149.75975036621094 -13.858193397521973 -3
  endloop
endfacet
facet normal 0 0 0
  outer loop
    vertex -166.6114044189453 -16.629392623901367 -3
    vertex -168.1878662109375 -15.460208892822266 -3
    vertex -166.10659790039062 -10.60660171508789 -3
  endloop
endfacet
facet normal 0 0 0
  outer loop
    vertex -164.9279327392578 -17.638425827026367 -3
    vertex -163.83355712890625 -12.472043991088867 -3
    vertex -162.57095336914062 -13.228818893432617 -3
  endloop
endfacet
facet normal 0 0 0
  outer loop
    vertex -168.1878662109375 -15.460208892822266 -3
    vertex -169.6421356201172 -14.142135620117188 -3
    vertex -167.9720458984375 -8.333553314208984 -3
  endloop
endfacet
facet normal 0 0 0
  outer loop
    vertex -166.6114044189453 -16.629392623901367 -3
    vertex -165.01589965820312 -11.5951566696167 -3
    vertex -163.83355712890625 -12.472043991088867 -3
  endloop
endfacet
facet normal 0 0 0
  outer loop
    vertex -166.6114044189453 -16.629392623901367 -3
    vertex -166.10659790039062 -10.60660171508789 -3
    vertex -165.01589965820312 -11.5951566696167 -3
  endloop
endfacet
facet normal 0 0 0
  outer loop
    vertex -169.6421356201172 -14.142135620117188 -3
    vertex -170.960205078125 -12.687865257263184 -3
    vertex -169.3582000732422 -5.740251541137695 -3
  endloop
endfacet
facet normal 0 0 0
  outer loop
    vertex -168.1878662109375 -15.460208892822266 -3
    vertex -167.09515380859375 -9.515899658203125 -3
    vertex -166.10659790039062 -10.60660171508789 -3
  endloop
endfacet
facet normal 0 0 0
  outer loop
    vertex -168.1878662109375 -15.460208892822266 -3
    vertex -167.9720458984375 -8.333553314208984 -3
    vertex -167.09515380859375 -9.515899658203125 -3
  endloop
endfacet
facet normal 0 0 0
  outer loop
    vertex -155.5 -20 -3
    vertex -138.8038330078125 -11 -3
    vertex -153.53965759277344 -19.90369415283203 -3
  endloop
endfacet
facet normal 0 0 0
  outer loop
    vertex -153.53965759277344 -19.90369415283203 -3
    vertex -138.8038330078125 -11 -3
    vertex -151.5981903076172 -19.615705490112305 -3
  endloop
endfacet
facet normal 0 0 0
  outer loop
    vertex -151.5981903076172 -19.615705490112305 -3
    vertex -138.8038330078125 -11 -3
    vertex -149.69430541992188 -19.13880729675293 -3
  endloop
endfacet
facet normal 0 0 0
  outer loop
    vertex -155.5 -20 -3
    vertex -149.75975036621094 -13.858193397521973 -3
    vertex -148.42904663085938 -13.228818893432617 -3
  endloop
endfacet
facet normal 0 0 0
  outer loop
    vertex -155.5 -20 -3
    vertex -148.42904663085938 -13.228818893432617 -3
    vertex -147.16644287109375 -12.472043991088867 -3
  endloop
endfacet
facet normal 0 0 0
  outer loop
    vertex -149.69430541992188 -19.13880729675293 -3
    vertex -138.8038330078125 -11 -3
    vertex -147.84632873535156 -18.477590560913086 -3
  endloop
endfacet
facet normal 0 0 0
  outer loop
    vertex -147.84632873535156 -18.477590560913086 -3
    vertex -138.8038330078125 -11 -3
    vertex -146.0720672607422 -17.638425827026367 -3
  endloop
endfacet
facet normal 0 0 0
  outer loop
    vertex -146.0720672607422 -17.638425827026367 -3
    vertex -138.8038330078125 -11 -3
    vertex -144.3885955810547 -16.629392623901367 -3
  endloop
endfacet
facet normal 0 0 0
  outer loop
    vertex -155.5 -20 -3
    vertex -147.16644287109375 -12.472043991088867 -3
    vertex -138.8038330078125 -11 -3
  endloop
endfacet
facet normal 0 0 0
  outer loop
    vertex -144.3885955810547 -16.629392623901367 -3
    vertex -138.8038330078125 -11 -3
    vertex -142.8121337890625 -15.460208892822266 -3
  endloop
endfacet
facet normal 0 0 0
  outer loop
    vertex -142.8121337890625 -15.460208892822266 -3
    vertex -138.8038330078125 -11 -3
    vertex -141.3578643798828 -14.142135620117188 -3
  endloop
endfacet
facet normal 0 0 0
  outer loop
    vertex -138.8038330078125 -11 -3
    vertex -147.16644287109375 -12.472043991088867 -3
    vertex -145.98410034179688 -11.5951566696167 -3
  endloop
endfacet
facet normal 0 0 0
  outer loop
    vertex -138.8038330078125 -11 -3
    vertex -145.98410034179688 -11.5951566696167 -3
    vertex -145.32745361328125 -11 -3
  endloop
endfacet
facet normal 0 0 0
  outer loop
    vertex -141.3578643798828 -14.142135620117188 -3
    vertex -138.8038330078125 -11 -3
    vertex -140.039794921875 -12.687865257263184 -3
  endloop
endfacet
facet normal 0 0 0
  outer loop
    vertex -140.039794921875 -12.687865257263184 -3
    vertex -138.8038330078125 -11 -3
    vertex -138.87060546875 -11.111404418945312 -3
  endloop
endfacet
facet normal 0 0 0
  outer loop
    vertex -164.9279327392578 -17.638425827026367 -3
    vertex -163.15367126464844 -18.477590560913086 -3
    vertex -164.9279327392578 -17.638425827026367 3
  endloop
endfacet
facet normal 0 0 0
  outer loop
    vertex -164.9279327392578 -17.638425827026367 -3
    vertex -166.6114044189453 -16.629392623901367 3
    vertex -166.6114044189453 -16.629392623901367 -3
  endloop
endfacet
facet normal 0 0 0
  outer loop
    vertex -166.6114044189453 -16.629392623901367 -3
    vertex -168.1878662109375 -15.460208892822266 3
    vertex -168.1878662109375 -15.460208892822266 -3
  endloop
endfacet
facet normal 0 0 0
  outer loop
    vertex -159.4018096923828 -19.615705490112305 -3
    vertex -157.46034240722656 -19.90369415283203 -3
    vertex -159.4018096923828 -19.615705490112305 3
  endloop
endfacet
facet normal 0 0 0
  outer loop
    vertex -161.30569458007812 -19.13880729675293 -3
    vertex -159.4018096923828 -19.615705490112305 -3
    vertex -161.30569458007812 -19.13880729675293 3
  endloop
endfacet
facet normal 0 0 0
  outer loop
    vertex -161.30569458007812 -19.13880729675293 -3
    vertex -163.15367126464844 -18.477590560913086 3
    vertex -163.15367126464844 -18.477590560913086 -3
  endloop
endfacet
facet normal 0 0 0
  outer loop
    vertex -157.46034240722656 -19.90369415283203 -3
    vertex -155.5 -20 -3
    vertex -157.46034240722656 -19.90369415283203 3
  endloop
endfacet
facet normal 0 0 0
  outer loop
    vertex -155.5 -20 -3
    vertex -153.53965759277344 -19.90369415283203 -3
    vertex -155.5 -20 3
  endloop
endfacet
facet normal 0 0 0
  outer loop
    vertex -153.53965759277344 -19.90369415283203 -3
    vertex -151.5981903076172 -19.615705490112305 -3
    vertex -153.53965759277344 -19.90369415283203 3
  endloop
endfacet
facet normal 0 0 0
  outer loop
    vertex -169.6421356201172 -14.142135620117188 -3
    vertex -170.960205078125 -12.687865257263184 3
    vertex -170.960205078125 -12.687865257263184 -3
  endloop
endfacet
facet normal 0 0 0
  outer loop
    vertex -168.1878662109375 -15.460208892822266 -3
    vertex -169.6421356201172 -14.142135620117188 3
    vertex -169.6421356201172 -14.142135620117188 -3
  endloop
endfacet
facet normal 0 0 0
  outer loop
    vertex -170.960205078125 -12.687865257263184 -3
    vertex -172.12939453125 -11.111404418945312 3
    vertex -172.12939453125 -11.111404418945312 -3
  endloop
endfacet
facet normal 0 0 0
  outer loop
    vertex -151.5981903076172 -19.615705490112305 -3
    vertex -149.69430541992188 -19.13880729675293 -3
    vertex -151.5981903076172 -19.615705490112305 3
  endloop
endfacet
facet normal 0 0 0
  outer loop
    vertex -149.69430541992188 -19.13880729675293 -3
    vertex -147.84632873535156 -18.477590560913086 -3
    vertex -149.69430541992188 -19.13880729675293 3
  endloop
endfacet
facet normal 0 0 0
  outer loop
    vertex -147.84632873535156 -18.477590560913086 -3
    vertex -146.0720672607422 -17.638425827026367 -3
    vertex -147.84632873535156 -18.477590560913086 3
  endloop
endfacet
facet normal 0 0 0
  outer loop
    vertex -146.0720672607422 -17.638425827026367 -3
    vertex -144.3885955810547 -16.629392623901367 -3
    vertex -146.0720672607422 -17.638425827026367 3
  endloop
endfacet
facet normal 0 0 0
  outer loop
    vertex -144.3885955810547 -16.629392623901367 -3
    vertex -142.8121337890625 -15.460208892822266 -3
    vertex -144.3885955810547 -16.629392623901367 3
  endloop
endfacet
facet normal 0 0 0
  outer loop
    vertex -142.8121337890625 -15.460208892822266 -3
    vertex -141.3578643798828 -14.142135620117188 -3
    vertex -142.8121337890625 -15.460208892822266 3
  endloop
endfacet
facet normal 0 0 0
  outer loop
    vertex -141.3578643798828 -14.142135620117188 -3
    vertex -140.039794921875 -12.687865257263184 -3
    vertex -141.3578643798828 -14.142135620117188 3
  endloop
endfacet
facet normal 0 0 0
  outer loop
    vertex -140.039794921875 -12.687865257263184 -3
    vertex -138.87060546875 -11.111404418945312 -3
    vertex -140.039794921875 -12.687865257263184 3
  endloop
endfacet
facet normal 0 0 0
  outer loop
    vertex -138.87060546875 -11.111404418945312 -3
    vertex -138.8038330078125 -11 -3
    vertex -138.8038330078125 -11 3
  endloop
endfacet
facet normal 0 0 0
  outer loop
    vertex -170.960205078125 -12.687865257263184 -3
    vertex -169.85411071777344 -4.354269981384277 -3
    vertex -169.3582000732422 -5.740251541137695 -3
  endloop
endfacet
facet normal 0 0 0
  outer loop
    vertex -169.6421356201172 -14.142135620117188 -3
    vertex -168.72882080078125 -7.070950984954834 -3
    vertex -167.9720458984375 -8.333553314208984 -3
  endloop
endfacet
facet normal 0 0 0
  outer loop
    vertex -169.6421356201172 -14.142135620117188 -3
    vertex -169.3582000732422 -5.740251541137695 -3
    vertex -168.72882080078125 -7.070950984954834 -3
  endloop
endfacet
facet normal 0 0 0
  outer loop
    vertex -170.960205078125 -12.687865257263184 -3
    vertex -170.21177673339844 -2.9263548851013184 -3
    vertex -169.85411071777344 -4.354269981384277 -3
  endloop
endfacet
facet normal 0 0 0
  outer loop
    vertex -170.960205078125 -12.687865257263184 -3
    vertex -170.42776489257812 -1.4702571630477905 -3
    vertex -170.21177673339844 -2.9263548851013184 -3
  endloop
endfacet
facet normal 0 0 0
  outer loop
    vertex -170.960205078125 -12.687865257263184 -3
    vertex -170.5 0 -3
    vertex -170.42776489257812 -1.4702571630477905 -3
  endloop
endfacet
facet normal 0 0 0
  outer loop
    vertex -173.138427734375 -9.427934646606445 -3
    vertex -173.9775848388672 -7.6536688804626465 -3
    vertex -173.138427734375 9.427934646606445 -3
  endloop
endfacet
facet normal 0 0 0
  outer loop
    vertex -170.960205078125 -12.687865257263184 -3
    vertex -172.12939453125 -11.111404418945312 -3
    vertex -170.960205078125 12.687865257263184 -3
  endloop
endfacet
facet normal 0 0 0
  outer loop
    vertex -172.12939453125 -11.111404418945312 -3
    vertex -173.138427734375 -9.427934646606445 -3
    vertex -172.12939453125 11.111404418945312 -3
  endloop
endfacet
facet normal 0 0 0
  outer loop
    vertex -173.9775848388672 -7.6536688804626465 -3
    vertex -174.63880920410156 -5.805693626403809 -3
    vertex -173.9775848388672 7.6536688804626465 -3
  endloop
endfacet
facet normal 0 0 0
  outer loop
    vertex -174.63880920410156 -5.805693626403809 -3
    vertex -175.11570739746094 -3.901806354522705 -3
    vertex -174.63880920410156 5.805693626403809 -3
  endloop
endfacet
facet normal 0 0 0
  outer loop
    vertex -175.11570739746094 -3.901806354522705 -3
    vertex -175.40370178222656 -1.9603427648544312 -3
    vertex -175.11570739746094 3.901806354522705 -3
  endloop
endfacet
facet normal 0 0 0
  outer loop
    vertex -172.12939453125 -11.111404418945312 -3
    vertex -173.138427734375 -9.427934646606445 3
    vertex -173.138427734375 -9.427934646606445 -3
  endloop
endfacet
facet normal 0 0 0
  outer loop
    vertex -173.138427734375 -9.427934646606445 -3
    vertex -173.9775848388672 -7.6536688804626465 3
    vertex -173.9775848388672 -7.6536688804626465 -3
  endloop
endfacet
facet normal 0 0 0
  outer loop
    vertex -173.9775848388672 -7.6536688804626465 -3
    vertex -174.63880920410156 -5.805693626403809 3
    vertex -174.63880920410156 -5.805693626403809 -3
  endloop
endfacet
facet normal 0 0 0
  outer loop
    vertex -174.63880920410156 -5.805693626403809 -3
    vertex -175.11570739746094 -3.901806354522705 3
    vertex -175.11570739746094 -3.901806354522705 -3
  endloop
endfacet
facet normal 0 0 0
  outer loop
    vertex -175.11570739746094 -3.901806354522705 -3
    vertex -175.40370178222656 -1.9603427648544312 3
    vertex -175.40370178222656 -1.9603427648544312 -3
  endloop
endfacet
facet normal 0 0 0
  outer loop
    vertex -175.40370178222656 -1.9603427648544312 -3
    vertex -175.5 0 3
    vertex -175.5 0 -3
  endloop
endfacet
facet normal 0 0 0
  outer loop
    vertex -164.9279327392578 -17.638425827026367 -3
    vertex -164.9279327392578 -17.638425827026367 3
    vertex -166.6114044189453 -16.629392623901367 3
  endloop
endfacet
facet normal 0 0 0
  outer loop
    vertex -166.6114044189453 -16.629392623901367 -3
    vertex -166.6114044189453 -16.629392623901367 3
    vertex -168.1878662109375 -15.460208892822266 3
  endloop
endfacet
facet normal 0 0 0
  outer loop
    vertex -168.1878662109375 -15.460208892822266 -3
    vertex -168.1878662109375 -15.460208892822266 3
    vertex -169.6421356201172 -14.142135620117188 3
  endloop
endfacet
facet normal 0 0 0
  outer loop
    vertex -161.30569458007812 -19.13880729675293 -3
    vertex -161.30569458007812 -19.13880729675293 3
    vertex -163.15367126464844 -18.477590560913086 3
  endloop
endfacet
facet normal 0 0 0
  outer loop
    vertex -159.4018096923828 -19.615705490112305 -3
    vertex -159.4018096923828 -19.615705490112305 3
    vertex -161.30569458007812 -19.13880729675293 3
  endloop
endfacet
facet normal 0 0 0
  outer loop
    vertex -157.46034240722656 -19.90369415283203 -3
    vertex -157.46034240722656 -19.90369415283203 3
    vertex -159.4018096923828 -19.615705490112305 3
  endloop
endfacet
facet normal 0 0 0
  outer loop
    vertex -163.15367126464844 -18.477590560913086 -3
    vertex -163.15367126464844 -18.477590560913086 3
    vertex -164.9279327392578 -17.638425827026367 3
  endloop
endfacet
facet normal 0 0 0
  outer loop
    vertex -155.5 -20 -3
    vertex -155.5 -20 3
    vertex -157.46034240722656 -19.90369415283203 3
  endloop
endfacet
facet normal 0 0 0
  outer loop
    vertex -153.53965759277344 -19.90369415283203 -3
    vertex -153.53965759277344 -19.90369415283203 3
    vertex -155.5 -20 3
  endloop
endfacet
facet normal 0 0 0
  outer loop
    vertex -151.5981903076172 -19.615705490112305 -3
    vertex -151.5981903076172 -19.615705490112305 3
    vertex -153.53965759277344 -19.90369415283203 3
  endloop
endfacet
facet normal 0 0 0
  outer loop
    vertex -169.6421356201172 -14.142135620117188 -3
    vertex -169.6421356201172 -14.142135620117188 3
    vertex -170.960205078125 -12.687865257263184 3
  endloop
endfacet
facet normal 0 0 0
  outer loop
    vertex -170.960205078125 -12.687865257263184 -3
    vertex -170.960205078125 -12.687865257263184 3
    vertex -172.12939453125 -11.111404418945312 3
  endloop
endfacet
facet normal 0 0 0
  outer loop
    vertex -172.12939453125 -11.111404418945312 -3
    vertex -172.12939453125 -11.111404418945312 3
    vertex -173.138427734375 -9.427934646606445 3
  endloop
endfacet
facet normal 0 0 0
  outer loop
    vertex -149.69430541992188 -19.13880729675293 -3
    vertex -149.69430541992188 -19.13880729675293 3
    vertex -151.5981903076172 -19.615705490112305 3
  endloop
endfacet
facet normal 0 0 0
  outer loop
    vertex -147.84632873535156 -18.477590560913086 -3
    vertex -147.84632873535156 -18.477590560913086 3
    vertex -149.69430541992188 -19.13880729675293 3
  endloop
endfacet
facet normal 0 0 0
  outer loop
    vertex -146.0720672607422 -17.638425827026367 -3
    vertex -146.0720672607422 -17.638425827026367 3
    vertex -147.84632873535156 -18.477590560913086 3
  endloop
endfacet
facet normal 0 0 0
  outer loop
    vertex -144.3885955810547 -16.629392623901367 -3
    vertex -144.3885955810547 -16.629392623901367 3
    vertex -146.0720672607422 -17.638425827026367 3
  endloop
endfacet
facet normal 0 0 0
  outer loop
    vertex -142.8121337890625 -15.460208892822266 -3
    vertex -142.8121337890625 -15.460208892822266 3
    vertex -144.3885955810547 -16.629392623901367 3
  endloop
endfacet
facet normal 0 0 0
  outer loop
    vertex -141.3578643798828 -14.142135620117188 -3
    vertex -141.3578643798828 -14.142135620117188 3
    vertex -142.8121337890625 -15.460208892822266 3
  endloop
endfacet
facet normal 0 0 0
  outer loop
    vertex -140.039794921875 -12.687865257263184 -3
    vertex -140.039794921875 -12.687865257263184 3
    vertex -141.3578643798828 -14.142135620117188 3
  endloop
endfacet
facet normal 0 0 0
  outer loop
    vertex -138.87060546875 -11.111404418945312 -3
    vertex -138.87060546875 -11.111404418945312 3
    vertex -140.039794921875 -12.687865257263184 3
  endloop
endfacet
facet normal 0 0 0
  outer loop
    vertex -138.87060546875 -11.111404418945312 -3
    vertex -138.8038330078125 -11 3
    vertex -138.87060546875 -11.111404418945312 3
  endloop
endfacet
facet normal 0 0 0
  outer loop
    vertex -164.9279327392578 -17.638425827026367 3
    vertex -163.15367126464844 -18.477590560913086 3
    vertex -163.83355712890625 -12.472043991088867 3
  endloop
endfacet
facet normal 0 0 0
  outer loop
    vertex -164.9279327392578 -17.638425827026367 3
    vertex -165.01589965820312 -11.5951566696167 3
    vertex -166.6114044189453 -16.629392623901367 3
  endloop
endfacet
facet normal 0 0 0
  outer loop
    vertex -161.30569458007812 -19.13880729675293 3
    vertex -159.4018096923828 -19.615705490112305 3
    vertex -159.85426330566406 -14.354104995727539 3
  endloop
endfacet
facet normal 0 0 0
  outer loop
    vertex -159.4018096923828 -19.615705490112305 3
    vertex -157.46034240722656 -19.90369415283203 3
    vertex -158.42636108398438 -14.711779594421387 3
  endloop
endfacet
facet normal 0 0 0
  outer loop
    vertex -157.46034240722656 -19.90369415283203 3
    vertex -155.5 -20 3
    vertex -156.9702606201172 -14.927770614624023 3
  endloop
endfacet
facet normal 0 0 0
  outer loop
    vertex -155.5 -20 3
    vertex -153.53965759277344 -19.90369415283203 3
    vertex -155.5 -15 3
  endloop
endfacet
facet normal 0 0 0
  outer loop
    vertex -153.53965759277344 -19.90369415283203 3
    vertex -151.5981903076172 -19.615705490112305 3
    vertex -154.0297393798828 -14.927770614624023 3
  endloop
endfacet
facet normal 0 0 0
  outer loop
    vertex -161.30569458007812 -19.13880729675293 3
    vertex -162.57095336914062 -13.228818893432617 3
    vertex -163.15367126464844 -18.477590560913086 3
  endloop
endfacet
facet normal 0 0 0
  outer loop
    vertex -161.30569458007812 -19.13880729675293 3
    vertex -161.24024963378906 -13.858193397521973 3
    vertex -162.57095336914062 -13.228818893432617 3
  endloop
endfacet
facet normal 0 0 0
  outer loop
    vertex -161.30569458007812 -19.13880729675293 3
    vertex -159.85426330566406 -14.354104995727539 3
    vertex -161.24024963378906 -13.858193397521973 3
  endloop
endfacet
facet normal 0 0 0
  outer loop
    vertex -159.4018096923828 -19.615705490112305 3
    vertex -158.42636108398438 -14.711779594421387 3
    vertex -159.85426330566406 -14.354104995727539 3
  endloop
endfacet
facet normal 0 0 0
  outer loop
    vertex -157.46034240722656 -19.90369415283203 3
    vertex -156.9702606201172 -14.927770614624023 3
    vertex -158.42636108398438 -14.711779594421387 3
  endloop
endfacet
facet normal 0 0 0
  outer loop
    vertex -155.5 -20 3
    vertex -155.5 -15 3
    vertex -156.9702606201172 -14.927770614624023 3
  endloop
endfacet
facet normal 0 0 0
  outer loop
    vertex -153.53965759277344 -19.90369415283203 3
    vertex -154.0297393798828 -14.927770614624023 3
    vertex -155.5 -15 3
  endloop
endfacet
facet normal 0 0 0
  outer loop
    vertex -151.5981903076172 -19.615705490112305 3
    vertex -152.57363891601562 -14.711779594421387 3
    vertex -154.0297393798828 -14.927770614624023 3
  endloop
endfacet
facet normal 0 0 0
  outer loop
    vertex -166.6114044189453 -16.629392623901367 3
    vertex -167.09515380859375 -9.515899658203125 3
    vertex -168.1878662109375 -15.460208892822266 3
  endloop
endfacet
facet normal 0 0 0
  outer loop
    vertex -164.9279327392578 -17.638425827026367 3
    vertex -163.83355712890625 -12.472043991088867 3
    vertex -165.01589965820312 -11.5951566696167 3
  endloop
endfacet
facet normal 0 0 0
  outer loop
    vertex -166.6114044189453 -16.629392623901367 3
    vertex -165.01589965820312 -11.5951566696167 3
    vertex -166.10659790039062 -10.60660171508789 3
  endloop
endfacet
facet normal 0 0 0
  outer loop
    vertex -169.6421356201172 -14.142135620117188 3
    vertex -169.85411071777344 -4.354269981384277 3
    vertex -170.960205078125 -12.687865257263184 3
  endloop
endfacet
facet normal 0 0 0
  outer loop
    vertex -168.1878662109375 -15.460208892822266 3
    vertex -168.72882080078125 -7.070950984954834 3
    vertex -169.6421356201172 -14.142135620117188 3
  endloop
endfacet
facet normal 0 0 0
  outer loop
    vertex -166.6114044189453 -16.629392623901367 3
    vertex -166.10659790039062 -10.60660171508789 3
    vertex -167.09515380859375 -9.515899658203125 3
  endloop
endfacet
facet normal 0 0 0
  outer loop
    vertex -168.1878662109375 -15.460208892822266 3
    vertex -167.09515380859375 -9.515899658203125 3
    vertex -167.9720458984375 -8.333553314208984 3
  endloop
endfacet
facet normal 0 0 0
  outer loop
    vertex -168.1878662109375 -15.460208892822266 3
    vertex -167.9720458984375 -8.333553314208984 3
    vertex -168.72882080078125 -7.070950984954834 3
  endloop
endfacet
facet normal 0 0 0
  outer loop
    vertex -163.15367126464844 -18.477590560913086 3
    vertex -162.57095336914062 -13.228818893432617 3
    vertex -163.83355712890625 -12.472043991088867 3
  endloop
endfacet
facet normal 0 0 0
  outer loop
    vertex -151.5981903076172 -19.615705490112305 3
    vertex -149.69430541992188 -19.13880729675293 3
    vertex -152.57363891601562 -14.711779594421387 3
  endloop
endfacet
facet normal 0 0 0
  outer loop
    vertex -149.69430541992188 -19.13880729675293 3
    vertex -147.84632873535156 -18.477590560913086 3
    vertex -149.75975036621094 -13.858193397521973 3
  endloop
endfacet
facet normal 0 0 0
  outer loop
    vertex -147.84632873535156 -18.477590560913086 3
    vertex -146.0720672607422 -17.638425827026367 3
    vertex -148.42904663085938 -13.228818893432617 3
  endloop
endfacet
facet normal 0 0 0
  outer loop
    vertex -149.69430541992188 -19.13880729675293 3
    vertex -151.14573669433594 -14.354104995727539 3
    vertex -152.57363891601562 -14.711779594421387 3
  endloop
endfacet
facet normal 0 0 0
  outer loop
    vertex -149.69430541992188 -19.13880729675293 3
    vertex -149.75975036621094 -13.858193397521973 3
    vertex -151.14573669433594 -14.354104995727539 3
  endloop
endfacet
facet normal 0 0 0
  outer loop
    vertex -147.84632873535156 -18.477590560913086 3
    vertex -148.42904663085938 -13.228818893432617 3
    vertex -149.75975036621094 -13.858193397521973 3
  endloop
endfacet
facet normal 0 0 0
  outer loop
    vertex -146.0720672607422 -17.638425827026367 3
    vertex -144.3885955810547 -16.629392623901367 3
    vertex -145.98410034179688 -11.5951566696167 3
  endloop
endfacet
facet normal 0 0 0
  outer loop
    vertex -146.0720672607422 -17.638425827026367 3
    vertex -147.16644287109375 -12.472043991088867 3
    vertex -148.42904663085938 -13.228818893432617 3
  endloop
endfacet
facet normal 0 0 0
  outer loop
    vertex -146.0720672607422 -17.638425827026367 3
    vertex -145.98410034179688 -11.5951566696167 3
    vertex -147.16644287109375 -12.472043991088867 3
  endloop
endfacet
facet normal 0 0 0
  outer loop
    vertex -144.3885955810547 -16.629392623901367 3
    vertex -142.8121337890625 -15.460208892822266 3
    vertex -144.89340209960938 -10.60660171508789 3
  endloop
endfacet
facet normal 0 0 0
  outer loop
    vertex -144.3885955810547 -16.629392623901367 3
    vertex -144.89340209960938 -10.60660171508789 3
    vertex -145.98410034179688 -11.5951566696167 3
  endloop
endfacet
facet normal 0 0 0
  outer loop
    vertex -142.8121337890625 -15.460208892822266 3
    vertex -141.3578643798828 -14.142135620117188 3
    vertex -143.0279541015625 -8.333553314208984 3
  endloop
endfacet
facet normal 0 0 0
  outer loop
    vertex -142.8121337890625 -15.460208892822266 3
    vertex -143.90484619140625 -9.515899658203125 3
    vertex -144.89340209960938 -10.60660171508789 3
  endloop
endfacet
facet normal 0 0 0
  outer loop
    vertex -142.8121337890625 -15.460208892822266 3
    vertex -143.0279541015625 -8.333553314208984 3
    vertex -143.90484619140625 -9.515899658203125 3
  endloop
endfacet
facet normal 0 0 0
  outer loop
    vertex -141.3578643798828 -14.142135620117188 3
    vertex -140.039794921875 -12.687865257263184 3
    vertex -141.14588928222656 -4.354269981384277 3
  endloop
endfacet
facet normal 0 0 0
  outer loop
    vertex -173.138427734375 -9.427934646606445 -3
    vertex -173.138427734375 -9.427934646606445 3
    vertex -173.9775848388672 -7.6536688804626465 3
  endloop
endfacet
facet normal 0 0 0
  outer loop
    vertex -173.9775848388672 -7.6536688804626465 -3
    vertex -173.9775848388672 -7.6536688804626465 3
    vertex -174.63880920410156 -5.805693626403809 3
  endloop
endfacet
facet normal 0 0 0
  outer loop
    vertex -174.63880920410156 -5.805693626403809 -3
    vertex -174.63880920410156 -5.805693626403809 3
    vertex -175.11570739746094 -3.901806354522705 3
  endloop
endfacet
facet normal 0 0 0
  outer loop
    vertex -175.11570739746094 -3.901806354522705 -3
    vertex -175.11570739746094 -3.901806354522705 3
    vertex -175.40370178222656 -1.9603427648544312 3
  endloop
endfacet
facet normal 0 0 0
  outer loop
    vertex -175.40370178222656 -1.9603427648544312 -3
    vertex -175.40370178222656 -1.9603427648544312 3
    vertex -175.5 0 3
  endloop
endfacet
facet normal 0 0 0
  outer loop
    vertex -169.6421356201172 -14.142135620117188 3
    vertex -168.72882080078125 -7.070950984954834 3
    vertex -169.3582000732422 -5.740251541137695 3
  endloop
endfacet
facet normal 0 0 0
  outer loop
    vertex -169.6421356201172 -14.142135620117188 3
    vertex -169.3582000732422 -5.740251541137695 3
    vertex -169.85411071777344 -4.354269981384277 3
  endloop
endfacet
facet normal 0 0 0
  outer loop
    vertex -170.960205078125 -12.687865257263184 3
    vertex -169.85411071777344 -4.354269981384277 3
    vertex -170.21177673339844 -2.9263548851013184 3
  endloop
endfacet
facet normal 0 0 0
  outer loop
    vertex -170.960205078125 -12.687865257263184 3
    vertex -170.21177673339844 -2.9263548851013184 3
    vertex -170.42776489257812 -1.4702571630477905 3
  endloop
endfacet
facet normal 0 0 0
  outer loop
    vertex -170.960205078125 -12.687865257263184 3
    vertex -170.42776489257812 -1.4702571630477905 3
    vertex -170.5 0 3
  endloop
endfacet
facet normal 0 0 0
  outer loop
    vertex -173.138427734375 -9.427934646606445 3
    vertex -173.138427734375 9.427934646606445 3
    vertex -173.9775848388672 -7.6536688804626465 3
  endloop
endfacet
facet normal 0 0 0
  outer loop
    vertex -170.960205078125 -12.687865257263184 3
    vertex -170.960205078125 12.687865257263184 3
    vertex -172.12939453125 -11.111404418945312 3
  endloop
endfacet
facet normal 0 0 0
  outer loop
    vertex -172.12939453125 -11.111404418945312 3
    vertex -172.12939453125 11.111404418945312 3
    vertex -173.138427734375 -9.427934646606445 3
  endloop
endfacet
facet normal 0 0 0
  outer loop
    vertex -173.9775848388672 -7.6536688804626465 3
    vertex -173.9775848388672 7.6536688804626465 3
    vertex -174.63880920410156 -5.805693626403809 3
  endloop
endfacet
facet normal 0 0 0
  outer loop
    vertex -174.63880920410156 -5.805693626403809 3
    vertex -174.63880920410156 5.805693626403809 3
    vertex -175.11570739746094 -3.901806354522705 3
  endloop
endfacet
facet normal 0 0 0
  outer loop
    vertex -175.11570739746094 -3.901806354522705 3
    vertex -175.11570739746094 3.901806354522705 3
    vertex -175.40370178222656 -1.9603427648544312 3
  endloop
endfacet
facet normal 0 0 0
  outer loop
    vertex -141.3578643798828 -14.142135620117188 3
    vertex -142.27117919921875 -7.070950984954834 3
    vertex -143.0279541015625 -8.333553314208984 3
  endloop
endfacet
facet normal 0 0 0
  outer loop
    vertex -141.3578643798828 -14.142135620117188 3
    vertex -141.6417999267578 -5.740251541137695 3
    vertex -142.27117919921875 -7.070950984954834 3
  endloop
endfacet
facet normal 0 0 0
  outer loop
    vertex -141.3578643798828 -14.142135620117188 3
    vertex -141.14588928222656 -4.354269981384277 3
    vertex -141.6417999267578 -5.740251541137695 3
  endloop
endfacet
facet normal 0 0 0
  outer loop
    vertex -140.039794921875 -12.687865257263184 3
    vertex -140.78822326660156 -2.9263548851013184 3
    vertex -141.14588928222656 -4.354269981384277 3
  endloop
endfacet
facet normal 0 0 0
  outer loop
    vertex -140.039794921875 -12.687865257263184 3
    vertex -140.57223510742188 -1.4702571630477905 3
    vertex -140.78822326660156 -2.9263548851013184 3
  endloop
endfacet
facet normal 0 0 0
  outer loop
    vertex -140.039794921875 -12.687865257263184 3
    vertex -140.5 0 3
    vertex -140.57223510742188 -1.4702571630477905 3
  endloop
endfacet
facet normal 0 0 0
  outer loop
    vertex -138.87060546875 -11.111404418945312 3
    vertex -138.8038330078125 -11 3
    vertex -137.92005920410156 8.237438201904297 3
  endloop
endfacet
facet normal 0 0 0
  outer loop
    vertex -140.039794921875 -12.687865257263184 3
    vertex -138.87060546875 -11.111404418945312 3
    vertex -138.87060546875 11.111404418945312 3
  endloop
endfacet
facet normal 0 0 0
  outer loop
    vertex -175.40370178222656 -1.9603427648544312 -3
    vertex -175.5 0 -3
    vertex -175.40370178222656 1.9603427648544312 -3
  endloop
endfacet
facet normal 0 0 0
  outer loop
    vertex -170.960205078125 -12.687865257263184 -3
    vertex -170.960205078125 12.687865257263184 -3
    vertex -170.5 0 -3
  endloop
endfacet
facet normal 0 0 0
  outer loop
    vertex -175.40370178222656 -1.9603427648544312 -3
    vertex -175.40370178222656 1.9603427648544312 -3
    vertex -175.11570739746094 3.901806354522705 -3
  endloop
endfacet
facet normal 0 0 0
  outer loop
    vertex -175.11570739746094 -3.901806354522705 -3
    vertex -175.11570739746094 3.901806354522705 -3
    vertex -174.63880920410156 5.805693626403809 -3
  endloop
endfacet
facet normal 0 0 0
  outer loop
    vertex -174.63880920410156 -5.805693626403809 -3
    vertex -174.63880920410156 5.805693626403809 -3
    vertex -173.9775848388672 7.6536688804626465 -3
  endloop
endfacet
facet normal 0 0 0
  outer loop
    vertex -173.9775848388672 -7.6536688804626465 -3
    vertex -173.9775848388672 7.6536688804626465 -3
    vertex -173.138427734375 9.427934646606445 -3
  endloop
endfacet
facet normal 0 0 0
  outer loop
    vertex -173.138427734375 -9.427934646606445 -3
    vertex -173.138427734375 9.427934646606445 -3
    vertex -172.12939453125 11.111404418945312 -3
  endloop
endfacet
facet normal 0 0 0
  outer loop
    vertex -172.12939453125 -11.111404418945312 -3
    vertex -172.12939453125 11.111404418945312 -3
    vertex -170.960205078125 12.687865257263184 -3
  endloop
endfacet
facet normal 0 0 0
  outer loop
    vertex -170.960205078125 12.687865257263184 -3
    vertex -170.42776489257812 1.4702571630477905 -3
    vertex -170.5 0 -3
  endloop
endfacet
facet normal 0 0 0
  outer loop
    vertex -170.960205078125 12.687865257263184 -3
    vertex -170.21177673339844 2.9263548851013184 -3
    vertex -170.42776489257812 1.4702571630477905 -3
  endloop
endfacet
facet normal 0 0 0
  outer loop
    vertex -169.6421356201172 14.142135620117188 -3
    vertex -169.85411071777344 4.354269981384277 -3
    vertex -170.21177673339844 2.9263548851013184 -3
  endloop
endfacet
facet normal 0 0 0
  outer loop
    vertex -170.960205078125 12.687865257263184 -3
    vertex -169.6421356201172 14.142135620117188 -3
    vertex -170.21177673339844 2.9263548851013184 -3
  endloop
endfacet
facet normal 0 0 0
  outer loop
    vertex -169.6421356201172 14.142135620117188 -3
    vertex -169.3582000732422 5.740251541137695 -3
    vertex -169.85411071777344 4.354269981384277 -3
  endloop
endfacet
facet normal 0 0 0
  outer loop
    vertex -169.6421356201172 14.142135620117188 -3
    vertex -168.72882080078125 7.070950984954834 -3
    vertex -169.3582000732422 5.740251541137695 -3
  endloop
endfacet
facet normal 0 0 0
  outer loop
    vertex -175.5 0 -3
    vertex -175.40370178222656 1.9603427648544312 3
    vertex -175.40370178222656 1.9603427648544312 -3
  endloop
endfacet
facet normal 0 0 0
  outer loop
    vertex -175.40370178222656 1.9603427648544312 -3
    vertex -175.11570739746094 3.901806354522705 3
    vertex -175.11570739746094 3.901806354522705 -3
  endloop
endfacet
facet normal 0 0 0
  outer loop
    vertex -175.11570739746094 3.901806354522705 -3
    vertex -174.63880920410156 5.805693626403809 3
    vertex -174.63880920410156 5.805693626403809 -3
  endloop
endfacet
facet normal 0 0 0
  outer loop
    vertex -174.63880920410156 5.805693626403809 -3
    vertex -173.9775848388672 7.6536688804626465 3
    vertex -173.9775848388672 7.6536688804626465 -3
  endloop
endfacet
facet normal 0 0 0
  outer loop
    vertex -173.9775848388672 7.6536688804626465 -3
    vertex -173.138427734375 9.427934646606445 3
    vertex -173.138427734375 9.427934646606445 -3
  endloop
endfacet
facet normal 0 0 0
  outer loop
    vertex -168.1878662109375 15.460208892822266 -3
    vertex -167.9720458984375 8.333553314208984 -3
    vertex -168.72882080078125 7.070950984954834 -3
  endloop
endfacet
facet normal 0 0 0
  outer loop
    vertex -168.1878662109375 15.460208892822266 -3
    vertex -167.09515380859375 9.515899658203125 -3
    vertex -167.9720458984375 8.333553314208984 -3
  endloop
endfacet
facet normal 0 0 0
  outer loop
    vertex -169.6421356201172 14.142135620117188 -3
    vertex -168.1878662109375 15.460208892822266 -3
    vertex -168.72882080078125 7.070950984954834 -3
  endloop
endfacet
facet normal 0 0 0
  outer loop
    vertex -166.6114044189453 16.629392623901367 -3
    vertex -166.10659790039062 10.60660171508789 -3
    vertex -167.09515380859375 9.515899658203125 -3
  endloop
endfacet
facet normal 0 0 0
  outer loop
    vertex -164.9279327392578 17.638425827026367 -3
    vertex -165.01589965820312 11.5951566696167 -3
    vertex -166.10659790039062 10.60660171508789 -3
  endloop
endfacet
facet normal 0 0 0
  outer loop
    vertex -168.1878662109375 15.460208892822266 -3
    vertex -166.6114044189453 16.629392623901367 -3
    vertex -167.09515380859375 9.515899658203125 -3
  endloop
endfacet
facet normal 0 0 0
  outer loop
    vertex -164.9279327392578 17.638425827026367 -3
    vertex -163.83355712890625 12.472043991088867 -3
    vertex -165.01589965820312 11.5951566696167 -3
  endloop
endfacet
facet normal 0 0 0
  outer loop
    vertex -166.6114044189453 16.629392623901367 -3
    vertex -164.9279327392578 17.638425827026367 -3
    vertex -166.10659790039062 10.60660171508789 -3
  endloop
endfacet
facet normal 0 0 0
  outer loop
    vertex -163.15367126464844 18.477590560913086 -3
    vertex -162.57095336914062 13.228818893432617 -3
    vertex -163.83355712890625 12.472043991088867 -3
  endloop
endfacet
facet normal 0 0 0
  outer loop
    vertex -164.9279327392578 17.638425827026367 -3
    vertex -163.15367126464844 18.477590560913086 -3
    vertex -163.83355712890625 12.472043991088867 -3
  endloop
endfacet
facet normal 0 0 0
  outer loop
    vertex -161.30569458007812 19.13880729675293 -3
    vertex -161.24024963378906 13.858193397521973 -3
    vertex -162.57095336914062 13.228818893432617 -3
  endloop
endfacet
facet normal 0 0 0
  outer loop
    vertex -161.30569458007812 19.13880729675293 -3
    vertex -159.85426330566406 14.354104995727539 -3
    vertex -161.24024963378906 13.858193397521973 -3
  endloop
endfacet
facet normal 0 0 0
  outer loop
    vertex -159.4018096923828 19.615705490112305 -3
    vertex -158.42636108398438 14.711779594421387 -3
    vertex -159.85426330566406 14.354104995727539 -3
  endloop
endfacet
facet normal 0 0 0
  outer loop
    vertex -163.15367126464844 18.477590560913086 -3
    vertex -161.30569458007812 19.13880729675293 -3
    vertex -162.57095336914062 13.228818893432617 -3
  endloop
endfacet
facet normal 0 0 0
  outer loop
    vertex -157.46034240722656 19.90369415283203 -3
    vertex -156.9702606201172 14.927770614624023 -3
    vertex -158.42636108398438 14.711779594421387 -3
  endloop
endfacet
facet normal 0 0 0
  outer loop
    vertex -155.5 20 -3
    vertex -155.5 15 -3
    vertex -156.9702606201172 14.927770614624023 -3
  endloop
endfacet
facet normal 0 0 0
  outer loop
    vertex -153.53965759277344 19.90369415283203 -3
    vertex -154.0297393798828 14.927770614624023 -3
    vertex -155.5 15 -3
  endloop
endfacet
facet normal 0 0 0
  outer loop
    vertex -149.69430541992188 19.13880729675293 -3
    vertex -152.57363891601562 14.711779594421387 -3
    vertex -154.0297393798828 14.927770614624023 -3
  endloop
endfacet
facet normal 0 0 0
  outer loop
    vertex -161.30569458007812 19.13880729675293 -3
    vertex -159.4018096923828 19.615705490112305 -3
    vertex -159.85426330566406 14.354104995727539 -3
  endloop
endfacet
facet normal 0 0 0
  outer loop
    vertex -159.4018096923828 19.615705490112305 -3
    vertex -157.46034240722656 19.90369415283203 -3
    vertex -158.42636108398438 14.711779594421387 -3
  endloop
endfacet
facet normal 0 0 0
  outer loop
    vertex -157.46034240722656 19.90369415283203 -3
    vertex -155.5 20 -3
    vertex -156.9702606201172 14.927770614624023 -3
  endloop
endfacet
facet normal 0 0 0
  outer loop
    vertex -155.5 20 -3
    vertex -153.53965759277344 19.90369415283203 -3
    vertex -155.5 15 -3
  endloop
endfacet
facet normal 0 0 0
  outer loop
    vertex -153.53965759277344 19.90369415283203 -3
    vertex -151.5981903076172 19.615705490112305 -3
    vertex -154.0297393798828 14.927770614624023 -3
  endloop
endfacet
facet normal 0 0 0
  outer loop
    vertex -138.87060546875 11.111404418945312 -3
    vertex -145.32745361328125 11 -3
    vertex -145.98410034179688 11.5951566696167 -3
  endloop
endfacet
facet normal 0 0 0
  outer loop
    vertex -138.8038330078125 11 -3
    vertex -145.32745361328125 11 -3
    vertex -138.87060546875 11.111404418945312 -3
  endloop
endfacet
facet normal 0 0 0
  outer loop
    vertex -140.039794921875 12.687865257263184 -3
    vertex -145.98410034179688 11.5951566696167 -3
    vertex -147.16644287109375 12.472043991088867 -3
  endloop
endfacet
facet normal 0 0 0
  outer loop
    vertex -140.039794921875 12.687865257263184 -3
    vertex -138.87060546875 11.111404418945312 -3
    vertex -145.98410034179688 11.5951566696167 -3
  endloop
endfacet
facet normal 0 0 0
  outer loop
    vertex -142.8121337890625 15.460208892822266 -3
    vertex -148.42904663085938 13.228818893432617 -3
    vertex -149.75975036621094 13.858193397521973 -3
  endloop
endfacet
facet normal 0 0 0
  outer loop
    vertex -144.3885955810547 16.629392623901367 -3
    vertex -149.75975036621094 13.858193397521973 -3
    vertex -151.14573669433594 14.354104995727539 -3
  endloop
endfacet
facet normal 0 0 0
  outer loop
    vertex -141.3578643798828 14.142135620117188 -3
    vertex -147.16644287109375 12.472043991088867 -3
    vertex -148.42904663085938 13.228818893432617 -3
  endloop
endfacet
facet normal 0 0 0
  outer loop
    vertex -140.039794921875 12.687865257263184 -3
    vertex -147.16644287109375 12.472043991088867 -3
    vertex -141.3578643798828 14.142135620117188 -3
  endloop
endfacet
facet normal 0 0 0
  outer loop
    vertex -141.3578643798828 14.142135620117188 -3
    vertex -148.42904663085938 13.228818893432617 -3
    vertex -142.8121337890625 15.460208892822266 -3
  endloop
endfacet
facet normal 0 0 0
  outer loop
    vertex -147.84632873535156 18.477590560913086 -3
    vertex -151.14573669433594 14.354104995727539 -3
    vertex -152.57363891601562 14.711779594421387 -3
  endloop
endfacet
facet normal 0 0 0
  outer loop
    vertex -144.3885955810547 16.629392623901367 -3
    vertex -151.14573669433594 14.354104995727539 -3
    vertex -146.0720672607422 17.638425827026367 -3
  endloop
endfacet
facet normal 0 0 0
  outer loop
    vertex -147.84632873535156 18.477590560913086 -3
    vertex -152.57363891601562 14.711779594421387 -3
    vertex -149.69430541992188 19.13880729675293 -3
  endloop
endfacet
facet normal 0 0 0
  outer loop
    vertex -146.0720672607422 17.638425827026367 -3
    vertex -151.14573669433594 14.354104995727539 -3
    vertex -147.84632873535156 18.477590560913086 -3
  endloop
endfacet
facet normal 0 0 0
  outer loop
    vertex -142.8121337890625 15.460208892822266 -3
    vertex -149.75975036621094 13.858193397521973 -3
    vertex -144.3885955810547 16.629392623901367 -3
  endloop
endfacet
facet normal 0 0 0
  outer loop
    vertex -149.69430541992188 19.13880729675293 -3
    vertex -154.0297393798828 14.927770614624023 -3
    vertex -151.5981903076172 19.615705490112305 -3
  endloop
endfacet
facet normal 0 0 0
  outer loop
    vertex -173.138427734375 9.427934646606445 -3
    vertex -172.12939453125 11.111404418945312 3
    vertex -172.12939453125 11.111404418945312 -3
  endloop
endfacet
facet normal 0 0 0
  outer loop
    vertex -172.12939453125 11.111404418945312 -3
    vertex -170.960205078125 12.687865257263184 3
    vertex -170.960205078125 12.687865257263184 -3
  endloop
endfacet
facet normal 0 0 0
  outer loop
    vertex -170.960205078125 12.687865257263184 -3
    vertex -169.6421356201172 14.142135620117188 3
    vertex -169.6421356201172 14.142135620117188 -3
  endloop
endfacet
facet normal 0 0 0
  outer loop
    vertex -169.6421356201172 14.142135620117188 -3
    vertex -168.1878662109375 15.460208892822266 3
    vertex -168.1878662109375 15.460208892822266 -3
  endloop
endfacet
facet normal 0 0 0
  outer loop
    vertex -168.1878662109375 15.460208892822266 -3
    vertex -166.6114044189453 16.629392623901367 3
    vertex -166.6114044189453 16.629392623901367 -3
  endloop
endfacet
facet normal 0 0 0
  outer loop
    vertex -166.6114044189453 16.629392623901367 -3
    vertex -164.9279327392578 17.638425827026367 3
    vertex -164.9279327392578 17.638425827026367 -3
  endloop
endfacet
facet normal 0 0 0
  outer loop
    vertex -164.9279327392578 17.638425827026367 -3
    vertex -163.15367126464844 18.477590560913086 3
    vertex -163.15367126464844 18.477590560913086 -3
  endloop
endfacet
facet normal 0 0 0
  outer loop
    vertex -163.15367126464844 18.477590560913086 -3
    vertex -161.30569458007812 19.13880729675293 3
    vertex -161.30569458007812 19.13880729675293 -3
  endloop
endfacet
facet normal 0 0 0
  outer loop
    vertex -161.30569458007812 19.13880729675293 -3
    vertex -159.4018096923828 19.615705490112305 3
    vertex -159.4018096923828 19.615705490112305 -3
  endloop
endfacet
facet normal 0 0 0
  outer loop
    vertex -159.4018096923828 19.615705490112305 -3
    vertex -157.46034240722656 19.90369415283203 3
    vertex -157.46034240722656 19.90369415283203 -3
  endloop
endfacet
facet normal 0 0 0
  outer loop
    vertex -157.46034240722656 19.90369415283203 -3
    vertex -155.5 20 3
    vertex -155.5 20 -3
  endloop
endfacet
facet normal 0 0 0
  outer loop
    vertex -155.5 20 -3
    vertex -153.53965759277344 19.90369415283203 3
    vertex -153.53965759277344 19.90369415283203 -3
  endloop
endfacet
facet normal 0 0 0
  outer loop
    vertex -153.53965759277344 19.90369415283203 -3
    vertex -151.5981903076172 19.615705490112305 3
    vertex -151.5981903076172 19.615705490112305 -3
  endloop
endfacet
facet normal 0 0 0
  outer loop
    vertex -140.039794921875 12.687865257263184 -3
    vertex -141.3578643798828 14.142135620117188 -3
    vertex -140.039794921875 12.687865257263184 3
  endloop
endfacet
facet normal 0 0 0
  outer loop
    vertex -141.3578643798828 14.142135620117188 -3
    vertex -142.8121337890625 15.460208892822266 -3
    vertex -141.3578643798828 14.142135620117188 3
  endloop
endfacet
facet normal 0 0 0
  outer loop
    vertex -138.8038330078125 11 -3
    vertex -138.87060546875 11.111404418945312 -3
    vertex -138.87060546875 11.111404418945312 3
  endloop
endfacet
facet normal 0 0 0
  outer loop
    vertex -140.039794921875 12.687865257263184 -3
    vertex -138.87060546875 11.111404418945312 3
    vertex -138.87060546875 11.111404418945312 -3
  endloop
endfacet
facet normal 0 0 0
  outer loop
    vertex -142.8121337890625 15.460208892822266 -3
    vertex -144.3885955810547 16.629392623901367 -3
    vertex -142.8121337890625 15.460208892822266 3
  endloop
endfacet
facet normal 0 0 0
  outer loop
    vertex -144.3885955810547 16.629392623901367 -3
    vertex -146.0720672607422 17.638425827026367 -3
    vertex -144.3885955810547 16.629392623901367 3
  endloop
endfacet
facet normal 0 0 0
  outer loop
    vertex -146.0720672607422 17.638425827026367 -3
    vertex -147.84632873535156 18.477590560913086 -3
    vertex -146.0720672607422 17.638425827026367 3
  endloop
endfacet
facet normal 0 0 0
  outer loop
    vertex -147.84632873535156 18.477590560913086 -3
    vertex -149.69430541992188 19.13880729675293 -3
    vertex -147.84632873535156 18.477590560913086 3
  endloop
endfacet
facet normal 0 0 0
  outer loop
    vertex -149.69430541992188 19.13880729675293 -3
    vertex -151.5981903076172 19.615705490112305 -3
    vertex -149.69430541992188 19.13880729675293 3
  endloop
endfacet
facet normal 0 0 0
  outer loop
    vertex -175.5 0 -3
    vertex -175.5 0 3
    vertex -175.40370178222656 1.9603427648544312 3
  endloop
endfacet
facet normal 0 0 0
  outer loop
    vertex -175.40370178222656 1.9603427648544312 -3
    vertex -175.40370178222656 1.9603427648544312 3
    vertex -175.11570739746094 3.901806354522705 3
  endloop
endfacet
facet normal 0 0 0
  outer loop
    vertex -175.11570739746094 3.901806354522705 -3
    vertex -175.11570739746094 3.901806354522705 3
    vertex -174.63880920410156 5.805693626403809 3
  endloop
endfacet
facet normal 0 0 0
  outer loop
    vertex -174.63880920410156 5.805693626403809 -3
    vertex -174.63880920410156 5.805693626403809 3
    vertex -173.9775848388672 7.6536688804626465 3
  endloop
endfacet
facet normal 0 0 0
  outer loop
    vertex -173.9775848388672 7.6536688804626465 -3
    vertex -173.9775848388672 7.6536688804626465 3
    vertex -173.138427734375 9.427934646606445 3
  endloop
endfacet
facet normal 0 0 0
  outer loop
    vertex -173.138427734375 9.427934646606445 -3
    vertex -173.138427734375 9.427934646606445 3
    vertex -172.12939453125 11.111404418945312 3
  endloop
endfacet
facet normal 0 0 0
  outer loop
    vertex -175.40370178222656 -1.9603427648544312 3
    vertex -175.40370178222656 1.9603427648544312 3
    vertex -175.5 0 3
  endloop
endfacet
facet normal 0 0 0
  outer loop
    vertex -170.960205078125 -12.687865257263184 3
    vertex -170.5 0 3
    vertex -170.960205078125 12.687865257263184 3
  endloop
endfacet
facet normal 0 0 0
  outer loop
    vertex -175.40370178222656 -1.9603427648544312 3
    vertex -175.11570739746094 3.901806354522705 3
    vertex -175.40370178222656 1.9603427648544312 3
  endloop
endfacet
facet normal 0 0 0
  outer loop
    vertex -175.11570739746094 -3.901806354522705 3
    vertex -174.63880920410156 5.805693626403809 3
    vertex -175.11570739746094 3.901806354522705 3
  endloop
endfacet
facet normal 0 0 0
  outer loop
    vertex -174.63880920410156 -5.805693626403809 3
    vertex -173.9775848388672 7.6536688804626465 3
    vertex -174.63880920410156 5.805693626403809 3
  endloop
endfacet
facet normal 0 0 0
  outer loop
    vertex -173.9775848388672 -7.6536688804626465 3
    vertex -173.138427734375 9.427934646606445 3
    vertex -173.9775848388672 7.6536688804626465 3
  endloop
endfacet
facet normal 0 0 0
  outer loop
    vertex -173.138427734375 -9.427934646606445 3
    vertex -172.12939453125 11.111404418945312 3
    vertex -173.138427734375 9.427934646606445 3
  endloop
endfacet
facet normal 0 0 0
  outer loop
    vertex -172.12939453125 -11.111404418945312 3
    vertex -170.960205078125 12.687865257263184 3
    vertex -172.12939453125 11.111404418945312 3
  endloop
endfacet
facet normal 0 0 0
  outer loop
    vertex -170.960205078125 12.687865257263184 3
    vertex -170.5 0 3
    vertex -170.42776489257812 1.4702571630477905 3
  endloop
endfacet
facet normal 0 0 0
  outer loop
    vertex -170.960205078125 12.687865257263184 3
    vertex -170.42776489257812 1.4702571630477905 3
    vertex -170.21177673339844 2.9263548851013184 3
  endloop
endfacet
facet normal 0 0 0
  outer loop
    vertex -170.960205078125 12.687865257263184 3
    vertex -170.21177673339844 2.9263548851013184 3
    vertex -169.85411071777344 4.354269981384277 3
  endloop
endfacet
facet normal 0 0 0
  outer loop
    vertex -169.6421356201172 14.142135620117188 3
    vertex -169.85411071777344 4.354269981384277 3
    vertex -169.3582000732422 5.740251541137695 3
  endloop
endfacet
facet normal 0 0 0
  outer loop
    vertex -169.6421356201172 14.142135620117188 3
    vertex -169.3582000732422 5.740251541137695 3
    vertex -168.72882080078125 7.070950984954834 3
  endloop
endfacet
facet normal 0 0 0
  outer loop
    vertex -169.6421356201172 14.142135620117188 3
    vertex -168.72882080078125 7.070950984954834 3
    vertex -167.9720458984375 8.333553314208984 3
  endloop
endfacet
facet normal 0 0 0
  outer loop
    vertex -140.039794921875 12.687865257263184 3
    vertex -140.57223510742188 1.4702571630477905 3
    vertex -140.5 0 3
  endloop
endfacet
facet normal 0 0 0
  outer loop
    vertex -140.039794921875 -12.687865257263184 3
    vertex -140.039794921875 12.687865257263184 3
    vertex -140.5 0 3
  endloop
endfacet
facet normal 0 0 0
  outer loop
    vertex -138.8038330078125 -11 3
    vertex -137.861572265625 8.22824764251709 3
    vertex -137.92005920410156 8.237438201904297 3
  endloop
endfacet
facet normal 0 0 0
  outer loop
    vertex -138.87060546875 -11.111404418945312 3
    vertex -137.92005920410156 8.237438201904297 3
    vertex -138.87060546875 11.111404418945312 3
  endloop
endfacet
facet normal 0 0 0
  outer loop
    vertex -140.039794921875 -12.687865257263184 3
    vertex -138.87060546875 11.111404418945312 3
    vertex -140.039794921875 12.687865257263184 3
  endloop
endfacet
facet normal 0 0 0
  outer loop
    vertex -140.039794921875 12.687865257263184 3
    vertex -140.78822326660156 2.9263548851013184 3
    vertex -140.57223510742188 1.4702571630477905 3
  endloop
endfacet
facet normal 0 0 0
  outer loop
    vertex -140.039794921875 12.687865257263184 3
    vertex -141.14588928222656 4.354269981384277 3
    vertex -140.78822326660156 2.9263548851013184 3
  endloop
endfacet
facet normal 0 0 0
  outer loop
    vertex -141.3578643798828 14.142135620117188 3
    vertex -141.6417999267578 5.740251541137695 3
    vertex -141.14588928222656 4.354269981384277 3
  endloop
endfacet
facet normal 0 0 0
  outer loop
    vertex -141.3578643798828 14.142135620117188 3
    vertex -142.27117919921875 7.070950984954834 3
    vertex -141.6417999267578 5.740251541137695 3
  endloop
endfacet
facet normal 0 0 0
  outer loop
    vertex -172.12939453125 11.111404418945312 -3
    vertex -172.12939453125 11.111404418945312 3
    vertex -170.960205078125 12.687865257263184 3
  endloop
endfacet
facet normal 0 0 0
  outer loop
    vertex -170.960205078125 12.687865257263184 -3
    vertex -170.960205078125 12.687865257263184 3
    vertex -169.6421356201172 14.142135620117188 3
  endloop
endfacet
facet normal 0 0 0
  outer loop
    vertex -169.6421356201172 14.142135620117188 -3
    vertex -169.6421356201172 14.142135620117188 3
    vertex -168.1878662109375 15.460208892822266 3
  endloop
endfacet
facet normal 0 0 0
  outer loop
    vertex -168.1878662109375 15.460208892822266 -3
    vertex -168.1878662109375 15.460208892822266 3
    vertex -166.6114044189453 16.629392623901367 3
  endloop
endfacet
facet normal 0 0 0
  outer loop
    vertex -166.6114044189453 16.629392623901367 -3
    vertex -166.6114044189453 16.629392623901367 3
    vertex -164.9279327392578 17.638425827026367 3
  endloop
endfacet
facet normal 0 0 0
  outer loop
    vertex -164.9279327392578 17.638425827026367 -3
    vertex -164.9279327392578 17.638425827026367 3
    vertex -163.15367126464844 18.477590560913086 3
  endloop
endfacet
facet normal 0 0 0
  outer loop
    vertex -163.15367126464844 18.477590560913086 -3
    vertex -163.15367126464844 18.477590560913086 3
    vertex -161.30569458007812 19.13880729675293 3
  endloop
endfacet
facet normal 0 0 0
  outer loop
    vertex -161.30569458007812 19.13880729675293 -3
    vertex -161.30569458007812 19.13880729675293 3
    vertex -159.4018096923828 19.615705490112305 3
  endloop
endfacet
facet normal 0 0 0
  outer loop
    vertex -159.4018096923828 19.615705490112305 -3
    vertex -159.4018096923828 19.615705490112305 3
    vertex -157.46034240722656 19.90369415283203 3
  endloop
endfacet
facet normal 0 0 0
  outer loop
    vertex -157.46034240722656 19.90369415283203 -3
    vertex -157.46034240722656 19.90369415283203 3
    vertex -155.5 20 3
  endloop
endfacet
facet normal 0 0 0
  outer loop
    vertex -155.5 20 -3
    vertex -155.5 20 3
    vertex -153.53965759277344 19.90369415283203 3
  endloop
endfacet
facet normal 0 0 0
  outer loop
    vertex -153.53965759277344 19.90369415283203 -3
    vertex -153.53965759277344 19.90369415283203 3
    vertex -151.5981903076172 19.615705490112305 3
  endloop
endfacet
facet normal 0 0 0
  outer loop
    vertex -141.3578643798828 14.142135620117188 -3
    vertex -141.3578643798828 14.142135620117188 3
    vertex -140.039794921875 12.687865257263184 3
  endloop
endfacet
facet normal 0 0 0
  outer loop
    vertex -138.8038330078125 11 -3
    vertex -138.87060546875 11.111404418945312 3
    vertex -138.8038330078125 11 3
  endloop
endfacet
facet normal 0 0 0
  outer loop
    vertex -140.039794921875 12.687865257263184 -3
    vertex -140.039794921875 12.687865257263184 3
    vertex -138.87060546875 11.111404418945312 3
  endloop
endfacet
facet normal 0 0 0
  outer loop
    vertex -144.3885955810547 16.629392623901367 -3
    vertex -144.3885955810547 16.629392623901367 3
    vertex -142.8121337890625 15.460208892822266 3
  endloop
endfacet
facet normal 0 0 0
  outer loop
    vertex -142.8121337890625 15.460208892822266 -3
    vertex -142.8121337890625 15.460208892822266 3
    vertex -141.3578643798828 14.142135620117188 3
  endloop
endfacet
facet normal 0 0 0
  outer loop
    vertex -146.0720672607422 17.638425827026367 -3
    vertex -146.0720672607422 17.638425827026367 3
    vertex -144.3885955810547 16.629392623901367 3
  endloop
endfacet
facet normal 0 0 0
  outer loop
    vertex -147.84632873535156 18.477590560913086 -3
    vertex -147.84632873535156 18.477590560913086 3
    vertex -146.0720672607422 17.638425827026367 3
  endloop
endfacet
facet normal 0 0 0
  outer loop
    vertex -151.5981903076172 19.615705490112305 -3
    vertex -151.5981903076172 19.615705490112305 3
    vertex -149.69430541992188 19.13880729675293 3
  endloop
endfacet
facet normal 0 0 0
  outer loop
    vertex -149.69430541992188 19.13880729675293 -3
    vertex -149.69430541992188 19.13880729675293 3
    vertex -147.84632873535156 18.477590560913086 3
  endloop
endfacet
facet normal 0 0 0
  outer loop
    vertex -170.960205078125 12.687865257263184 3
    vertex -169.85411071777344 4.354269981384277 3
    vertex -169.6421356201172 14.142135620117188 3
  endloop
endfacet
facet normal 0 0 0
  outer loop
    vertex -168.1878662109375 15.460208892822266 3
    vertex -167.9720458984375 8.333553314208984 3
    vertex -167.09515380859375 9.515899658203125 3
  endloop
endfacet
facet normal 0 0 0
  outer loop
    vertex -168.1878662109375 15.460208892822266 3
    vertex -167.09515380859375 9.515899658203125 3
    vertex -166.10659790039062 10.60660171508789 3
  endloop
endfacet
facet normal 0 0 0
  outer loop
    vertex -169.6421356201172 14.142135620117188 3
    vertex -167.9720458984375 8.333553314208984 3
    vertex -168.1878662109375 15.460208892822266 3
  endloop
endfacet
facet normal 0 0 0
  outer loop
    vertex -166.6114044189453 16.629392623901367 3
    vertex -166.10659790039062 10.60660171508789 3
    vertex -165.01589965820312 11.5951566696167 3
  endloop
endfacet
facet normal 0 0 0
  outer loop
    vertex -168.1878662109375 15.460208892822266 3
    vertex -166.10659790039062 10.60660171508789 3
    vertex -166.6114044189453 16.629392623901367 3
  endloop
endfacet
facet normal 0 0 0
  outer loop
    vertex -164.9279327392578 17.638425827026367 3
    vertex -165.01589965820312 11.5951566696167 3
    vertex -163.83355712890625 12.472043991088867 3
  endloop
endfacet
facet normal 0 0 0
  outer loop
    vertex -164.9279327392578 17.638425827026367 3
    vertex -163.83355712890625 12.472043991088867 3
    vertex -162.57095336914062 13.228818893432617 3
  endloop
endfacet
facet normal 0 0 0
  outer loop
    vertex -166.6114044189453 16.629392623901367 3
    vertex -165.01589965820312 11.5951566696167 3
    vertex -164.9279327392578 17.638425827026367 3
  endloop
endfacet
facet normal 0 0 0
  outer loop
    vertex -163.15367126464844 18.477590560913086 3
    vertex -162.57095336914062 13.228818893432617 3
    vertex -161.24024963378906 13.858193397521973 3
  endloop
endfacet
facet normal 0 0 0
  outer loop
    vertex -161.30569458007812 19.13880729675293 3
    vertex -161.24024963378906 13.858193397521973 3
    vertex -159.85426330566406 14.354104995727539 3
  endloop
endfacet
facet normal 0 0 0
  outer loop
    vertex -161.30569458007812 19.13880729675293 3
    vertex -159.85426330566406 14.354104995727539 3
    vertex -158.42636108398438 14.711779594421387 3
  endloop
endfacet
facet normal 0 0 0
  outer loop
    vertex -164.9279327392578 17.638425827026367 3
    vertex -162.57095336914062 13.228818893432617 3
    vertex -163.15367126464844 18.477590560913086 3
  endloop
endfacet
facet normal 0 0 0
  outer loop
    vertex -163.15367126464844 18.477590560913086 3
    vertex -161.24024963378906 13.858193397521973 3
    vertex -161.30569458007812 19.13880729675293 3
  endloop
endfacet
facet normal 0 0 0
  outer loop
    vertex -159.4018096923828 19.615705490112305 3
    vertex -158.42636108398438 14.711779594421387 3
    vertex -156.9702606201172 14.927770614624023 3
  endloop
endfacet
facet normal 0 0 0
  outer loop
    vertex -157.46034240722656 19.90369415283203 3
    vertex -156.9702606201172 14.927770614624023 3
    vertex -155.5 15 3
  endloop
endfacet
facet normal 0 0 0
  outer loop
    vertex -155.5 20 3
    vertex -155.5 15 3
    vertex -154.0297393798828 14.927770614624023 3
  endloop
endfacet
facet normal 0 0 0
  outer loop
    vertex -153.53965759277344 19.90369415283203 3
    vertex -154.0297393798828 14.927770614624023 3
    vertex -152.57363891601562 14.711779594421387 3
  endloop
endfacet
facet normal 0 0 0
  outer loop
    vertex -161.30569458007812 19.13880729675293 3
    vertex -158.42636108398438 14.711779594421387 3
    vertex -159.4018096923828 19.615705490112305 3
  endloop
endfacet
facet normal 0 0 0
  outer loop
    vertex -159.4018096923828 19.615705490112305 3
    vertex -156.9702606201172 14.927770614624023 3
    vertex -157.46034240722656 19.90369415283203 3
  endloop
endfacet
facet normal 0 0 0
  outer loop
    vertex -157.46034240722656 19.90369415283203 3
    vertex -155.5 15 3
    vertex -155.5 20 3
  endloop
endfacet
facet normal 0 0 0
  outer loop
    vertex -153.53965759277344 19.90369415283203 3
    vertex -152.57363891601562 14.711779594421387 3
    vertex -151.5981903076172 19.615705490112305 3
  endloop
endfacet
facet normal 0 0 0
  outer loop
    vertex -155.5 20 3
    vertex -154.0297393798828 14.927770614624023 3
    vertex -153.53965759277344 19.90369415283203 3
  endloop
endfacet
facet normal 0 0 0
  outer loop
    vertex -142.8121337890625 15.460208892822266 3
    vertex -143.90484619140625 9.515899658203125 3
    vertex -143.0279541015625 8.333553314208984 3
  endloop
endfacet
facet normal 0 0 0
  outer loop
    vertex -142.8121337890625 15.460208892822266 3
    vertex -143.0279541015625 8.333553314208984 3
    vertex -142.27117919921875 7.070950984954834 3
  endloop
endfacet
facet normal 0 0 0
  outer loop
    vertex -140.039794921875 12.687865257263184 3
    vertex -141.3578643798828 14.142135620117188 3
    vertex -141.14588928222656 4.354269981384277 3
  endloop
endfacet
facet normal 0 0 0
  outer loop
    vertex -144.3885955810547 16.629392623901367 3
    vertex -144.89340209960938 10.60660171508789 3
    vertex -143.90484619140625 9.515899658203125 3
  endloop
endfacet
facet normal 0 0 0
  outer loop
    vertex -141.3578643798828 14.142135620117188 3
    vertex -142.8121337890625 15.460208892822266 3
    vertex -142.27117919921875 7.070950984954834 3
  endloop
endfacet
facet normal 0 0 0
  outer loop
    vertex -146.0720672607422 17.638425827026367 3
    vertex -147.16644287109375 12.472043991088867 3
    vertex -145.98410034179688 11.5951566696167 3
  endloop
endfacet
facet normal 0 0 0
  outer loop
    vertex -147.84632873535156 18.477590560913086 3
    vertex -148.42904663085938 13.228818893432617 3
    vertex -147.16644287109375 12.472043991088867 3
  endloop
endfacet
facet normal 0 0 0
  outer loop
    vertex -144.3885955810547 16.629392623901367 3
    vertex -145.98410034179688 11.5951566696167 3
    vertex -144.89340209960938 10.60660171508789 3
  endloop
endfacet
facet normal 0 0 0
  outer loop
    vertex -142.8121337890625 15.460208892822266 3
    vertex -144.3885955810547 16.629392623901367 3
    vertex -143.90484619140625 9.515899658203125 3
  endloop
endfacet
facet normal 0 0 0
  outer loop
    vertex -137.92005920410156 8.237438201904297 3
    vertex -138.8038330078125 11 3
    vertex -138.87060546875 11.111404418945312 3
  endloop
endfacet
facet normal 0 0 0
  outer loop
    vertex -149.69430541992188 19.13880729675293 3
    vertex -149.75975036621094 13.858193397521973 3
    vertex -148.42904663085938 13.228818893432617 3
  endloop
endfacet
facet normal 0 0 0
  outer loop
    vertex -151.5981903076172 19.615705490112305 3
    vertex -152.57363891601562 14.711779594421387 3
    vertex -151.14573669433594 14.354104995727539 3
  endloop
endfacet
facet normal 0 0 0
  outer loop
    vertex -149.69430541992188 19.13880729675293 3
    vertex -151.14573669433594 14.354104995727539 3
    vertex -149.75975036621094 13.858193397521973 3
  endloop
endfacet
facet normal 0 0 0
  outer loop
    vertex -146.0720672607422 17.638425827026367 3
    vertex -147.84632873535156 18.477590560913086 3
    vertex -147.16644287109375 12.472043991088867 3
  endloop
endfacet
facet normal 0 0 0
  outer loop
    vertex -147.84632873535156 18.477590560913086 3
    vertex -149.69430541992188 19.13880729675293 3
    vertex -148.42904663085938 13.228818893432617 3
  endloop
endfacet
facet normal 0 0 0
  outer loop
    vertex -144.3885955810547 16.629392623901367 3
    vertex -146.0720672607422 17.638425827026367 3
    vertex -145.98410034179688 11.5951566696167 3
  endloop
endfacet
facet normal 0 0 0
  outer loop
    vertex -149.69430541992188 19.13880729675293 3
    vertex -151.5981903076172 19.615705490112305 3
    vertex -151.14573669433594 14.354104995727539 3
  endloop
endfacet
facet normal 0 0 0
  outer loop
    vertex 1 -6.75 -2
    vertex 2.7424137592315674 -6.75 -3
    vertex 1 -6.75 -3
  endloop
endfacet
facet normal 0 0 0
  outer loop
    vertex 5.051815032958984 -6.75 -2
    vertex 9.843145370483398 -6.75 -3
    vertex 5.051815032958984 -6.75 -3
  endloop
endfacet
facet normal 0 0 0
  outer loop
    vertex 1 -6.75 -2
    vertex 2.7424137592315674 -6.75 -2
    vertex 2.7424137592315674 -6.75 -3
  endloop
endfacet
facet normal 0 0 0
  outer loop
    vertex 5.051815032958984 -6.75 -2
    vertex 5.051815032958984 -6.75 2
    vertex 9.843145370483398 -6.75 -3
  endloop
endfacet
facet normal 0 0 0
  outer loop
    vertex 0 -6.75 -2
    vertex 1 -6.75 2
    vertex 1 -6.75 -2
  endloop
endfacet
facet normal 0 0 0
  outer loop
    vertex 1 -6.75 -2
    vertex 1 -6.75 2
    vertex 2.7424137592315674 -6.75 -2
  endloop
endfacet
facet normal 0 0 0
  outer loop
    vertex 2.7424137592315674 -6.75 -2
    vertex 5.051815032958984 -6.75 2
    vertex 5.051815032958984 -6.75 -2
  endloop
endfacet
facet normal 0 0 0
  outer loop
    vertex 0 -6.75 -2
    vertex 0 -6.75 2
    vertex 1 -6.75 2
  endloop
endfacet
facet normal 0 0 0
  outer loop
    vertex 2.7424137592315674 -6.75 -2
    vertex 1 -6.75 2
    vertex 2.7424137592315674 -6.75 2
  endloop
endfacet
facet normal 0 0 0
  outer loop
    vertex 2.7424137592315674 -6.75 -2
    vertex 2.7424137592315674 -6.75 2
    vertex 5.051815032958984 -6.75 2
  endloop
endfacet
facet normal 0 0 0
  outer loop
    vertex 5.051815032958984 -6.75 2
    vertex 5.051815032958984 -6.75 3
    vertex 9.843145370483398 -6.75 -3
  endloop
endfacet
facet normal 0 0 0
  outer loop
    vertex 5.051815032958984 -6.75 3
    vertex 9.843145370483398 -6.75 3
    vertex 9.843145370483398 -6.75 -3
  endloop
endfacet
facet normal 0 0 0
  outer loop
    vertex 1 -6.75 2
    vertex 1 -6.75 3
    vertex 2.7424137592315674 -6.75 2
  endloop
endfacet
facet normal 0 0 0
  outer loop
    vertex 2.7424137592315674 -6.75 2
    vertex 1 -6.75 3
    vertex 2.7424137592315674 -6.75 3
  endloop
endfacet
facet normal 0 0 0
  outer loop
    vertex 2.7424137592315674 6.75 -2
    vertex 1 6.75 -3
    vertex 2.7424137592315674 6.75 -3
  endloop
endfacet
facet normal 0 0 0
  outer loop
    vertex 1 6.75 -2
    vertex 1 6.75 -3
    vertex 2.7424137592315674 6.75 -2
  endloop
endfacet
facet normal 0 0 0
  outer loop
    vertex 5.051815032958984 6.75 -3
    vertex 9.843145370483398 6.75 -3
    vertex 9.843145370483398 6.75 3
  endloop
endfacet
facet normal 0 0 0
  outer loop
    vertex 0 6.75 -2
    vertex 1 6.75 -2
    vertex 0 6.75 2
  endloop
endfacet
facet normal 0 0 0
  outer loop
    vertex 1 6.75 -2
    vertex 2.7424137592315674 6.75 -2
    vertex 2.7424137592315674 6.75 2
  endloop
endfacet
facet normal 0 0 0
  outer loop
    vertex 2.7424137592315674 6.75 -2
    vertex 5.051815032958984 6.75 -2
    vertex 2.7424137592315674 6.75 2
  endloop
endfacet
facet normal 0 0 0
  outer loop
    vertex 5.051815032958984 6.75 -2
    vertex 5.051815032958984 6.75 -3
    vertex 9.843145370483398 6.75 3
  endloop
endfacet
facet normal 0 0 0
  outer loop
    vertex 1 6.75 -2
    vertex 1 6.75 2
    vertex 0 6.75 2
  endloop
endfacet
facet normal 0 0 0
  outer loop
    vertex 1 6.75 -2
    vertex 2.7424137592315674 6.75 2
    vertex 1 6.75 2
  endloop
endfacet
facet normal 0 0 0
  outer loop
    vertex 5.051815032958984 6.75 -2
    vertex 5.051815032958984 6.75 2
    vertex 2.7424137592315674 6.75 2
  endloop
endfacet
facet normal 0 0 0
  outer loop
    vertex 5.051815032958984 6.75 -2
    vertex 9.843145370483398 6.75 3
    vertex 5.051815032958984 6.75 2
  endloop
endfacet
facet normal 0 0 0
  outer loop
    vertex 1 6.75 2
    vertex 2.7424137592315674 6.75 2
    vertex 2.7424137592315674 6.75 3
  endloop
endfacet
facet normal 0 0 0
  outer loop
    vertex 1 6.75 2
    vertex 2.7424137592315674 6.75 3
    vertex 1 6.75 3
  endloop
endfacet
facet normal 0 0 0
  outer loop
    vertex 5.051815032958984 6.75 2
    vertex 9.843145370483398 6.75 3
    vertex 5.051815032958984 6.75 3
  endloop
endfacet
facet normal 0 0 0
  outer loop
    vertex -4.007388114929199 -5.421601295471191 -2
    vertex -3.7500991821289062 -5.612420082092285 -3
    vertex -4.007388114929199 -5.421601295471191 -3
  endloop
endfacet
facet normal 0 0 0
  outer loop
    vertex -1.9594215154647827 -6.459347248077393 -3
    vertex -2.583113193511963 -6.236186981201172 -3
    vertex -2.583113193511963 -6.236186981201172 3
  endloop
endfacet
facet normal 0 0 0
  outer loop
    vertex -1 -6.667302131652832 -3
    vertex -1.3168597221374512 -6.620300769805908 -3
    vertex -1.3168597221374512 -6.620300769805908 3
  endloop
endfacet
facet normal 0 0 0
  outer loop
    vertex -1.3168597221374512 -6.620300769805908 -3
    vertex -1.9594215154647827 -6.459347248077393 -3
    vertex -1.9594215154647827 -6.459347248077393 3
  endloop
endfacet
facet normal 0 0 0
  outer loop
    vertex -2.583113193511963 -6.236186981201172 -3
    vertex -3.1819279193878174 -5.952968597412109 -3
    vertex -3.1819279193878174 -5.952968597412109 3
  endloop
endfacet
facet normal 0 0 0
  outer loop
    vertex -3.1819279193878174 -5.952968597412109 -3
    vertex -3.7500991821289062 -5.612420082092285 -3
    vertex -3.7500991821289062 -5.612420082092285 3
  endloop
endfacet
facet normal 0 0 0
  outer loop
    vertex -4.007388114929199 -5.421601295471191 -2
    vertex -4.007388114929199 -5.421601295471191 2
    vertex -3.7500991821289062 -5.612420082092285 -3
  endloop
endfacet
facet normal 0 0 0
  outer loop
    vertex -1 -6.667302131652832 -2
    vertex -1 -6.667302131652832 -3
    vertex -1.3168597221374512 -6.620300769805908 3
  endloop
endfacet
facet normal 0 0 0
  outer loop
    vertex -0.6616156697273254 -6.717496871948242 -2
    vertex 0 -6.75 2
    vertex 0 -6.75 -2
  endloop
endfacet
facet normal 0 0 0
  outer loop
    vertex -0.6616156697273254 -6.717496871948242 -2
    vertex -1 -6.667302131652832 -2
    vertex -0.6616156697273254 -6.717496871948242 2
  endloop
endfacet
facet normal 0 0 0
  outer loop
    vertex -4.007388114929199 -5.421601295471191 -2
    vertex -4.282154560089111 -5.217820644378662 -2
    vertex -4.007388114929199 -5.421601295471191 2
  endloop
endfacet
facet normal 0 0 0
  outer loop
    vertex -4.282154560089111 -5.217820644378662 -2
    vertex -4.772970676422119 -4.772970676422119 -2
    vertex -4.282154560089111 -5.217820644378662 2
  endloop
endfacet
facet normal 0 0 0
  outer loop
    vertex -5.612420082092285 -3.7500991821289062 3
    vertex -5.421601295471191 -4.007388114929199 -3
    vertex -5.612420082092285 -3.7500991821289062 -3
  endloop
endfacet
facet normal 0 0 0
  outer loop
    vertex -5.612420082092285 -3.7500991821289062 -3
    vertex -5.952968597412109 -3.1819279193878174 -3
    vertex -5.952968597412109 -3.1819279193878174 3
  endloop
endfacet
facet normal 0 0 0
  outer loop
    vertex -5.952968597412109 -3.1819279193878174 -3
    vertex -6.236186981201172 -2.583113193511963 -3
    vertex -6.236186981201172 -2.583113193511963 3
  endloop
endfacet
facet normal 0 0 0
  outer loop
    vertex -6.236186981201172 -2.583113193511963 -3
    vertex -6.459347248077393 -1.9594215154647827 -3
    vertex -6.459347248077393 -1.9594215154647827 3
  endloop
endfacet
facet normal 0 0 0
  outer loop
    vertex -6.459347248077393 -1.9594215154647827 -3
    vertex -6.620300769805908 -1.3168597221374512 -3
    vertex -6.620300769805908 -1.3168597221374512 3
  endloop
endfacet
facet normal 0 0 0
  outer loop
    vertex -6.620300769805908 -1.3168597221374512 -3
    vertex -6.717496871948242 -0.6616156697273254 -3
    vertex -6.717496871948242 -0.6616156697273254 3
  endloop
endfacet
facet normal 0 0 0
  outer loop
    vertex -6.75 0 3
    vertex -6.717496871948242 -0.6616156697273254 -3
    vertex -6.75 0 -3
  endloop
endfacet
facet normal 0 0 0
  outer loop
    vertex -5.217820644378662 -4.282154560089111 -2
    vertex -5.421601295471191 -4.007388114929199 -2
    vertex -5.217820644378662 -4.282154560089111 2
  endloop
endfacet
facet normal 0 0 0
  outer loop
    vertex -5.421601295471191 -4.007388114929199 -2
    vertex -5.421601295471191 -4.007388114929199 -3
    vertex -5.612420082092285 -3.7500991821289062 3
  endloop
endfacet
facet normal 0 0 0
  outer loop
    vertex -4.772970676422119 -4.772970676422119 -2
    vertex -5.217820644378662 -4.282154560089111 -2
    vertex -4.772970676422119 -4.772970676422119 2
  endloop
endfacet
facet normal 0 0 0
  outer loop
    vertex -1 -6.667302131652832 -2
    vertex -1 -6.667302131652832 2
    vertex -0.6616156697273254 -6.717496871948242 2
  endloop
endfacet
facet normal 0 0 0
  outer loop
    vertex -0.6616156697273254 -6.717496871948242 -2
    vertex -0.6616156697273254 -6.717496871948242 2
    vertex 0 -6.75 2
  endloop
endfacet
facet normal 0 0 0
  outer loop
    vertex -4.007388114929199 -5.421601295471191 2
    vertex -4.007388114929199 -5.421601295471191 3
    vertex -3.7500991821289062 -5.612420082092285 -3
  endloop
endfacet
facet normal 0 0 0
  outer loop
    vertex -4.282154560089111 -5.217820644378662 -2
    vertex -4.282154560089111 -5.217820644378662 2
    vertex -4.007388114929199 -5.421601295471191 2
  endloop
endfacet
facet normal 0 0 0
  outer loop
    vertex -1.9594215154647827 -6.459347248077393 3
    vertex -1.3168597221374512 -6.620300769805908 3
    vertex -1.3168597221374512 -6.620300769805908 -3
  endloop
endfacet
facet normal 0 0 0
  outer loop
    vertex -1 -6.667302131652832 -2
    vertex -1.3168597221374512 -6.620300769805908 3
    vertex -1 -6.667302131652832 2
  endloop
endfacet
facet normal 0 0 0
  outer loop
    vertex -2.583113193511963 -6.236186981201172 3
    vertex -1.9594215154647827 -6.459347248077393 3
    vertex -1.9594215154647827 -6.459347248077393 -3
  endloop
endfacet
facet normal 0 0 0
  outer loop
    vertex -3.1819279193878174 -5.952968597412109 3
    vertex -2.583113193511963 -6.236186981201172 3
    vertex -2.583113193511963 -6.236186981201172 -3
  endloop
endfacet
facet normal 0 0 0
  outer loop
    vertex -3.1819279193878174 -5.952968597412109 -3
    vertex -3.7500991821289062 -5.612420082092285 3
    vertex -3.1819279193878174 -5.952968597412109 3
  endloop
endfacet
facet normal 0 0 0
  outer loop
    vertex -3.7500991821289062 -5.612420082092285 -3
    vertex -4.007388114929199 -5.421601295471191 3
    vertex -3.7500991821289062 -5.612420082092285 3
  endloop
endfacet
facet normal 0 0 0
  outer loop
    vertex -5.421601295471191 -4.007388114929199 -2
    vertex -5.421601295471191 -4.007388114929199 2
    vertex -5.217820644378662 -4.282154560089111 2
  endloop
endfacet
facet normal 0 0 0
  outer loop
    vertex -4.772970676422119 -4.772970676422119 -2
    vertex -4.772970676422119 -4.772970676422119 2
    vertex -4.282154560089111 -5.217820644378662 2
  endloop
endfacet
facet normal 0 0 0
  outer loop
    vertex -5.217820644378662 -4.282154560089111 -2
    vertex -5.217820644378662 -4.282154560089111 2
    vertex -4.772970676422119 -4.772970676422119 2
  endloop
endfacet
facet normal 0 0 0
  outer loop
    vertex -5.421601295471191 -4.007388114929199 -2
    vertex -5.612420082092285 -3.7500991821289062 3
    vertex -5.421601295471191 -4.007388114929199 2
  endloop
endfacet
facet normal 0 0 0
  outer loop
    vertex -5.952968597412109 -3.1819279193878174 3
    vertex -5.612420082092285 -3.7500991821289062 3
    vertex -5.612420082092285 -3.7500991821289062 -3
  endloop
endfacet
facet normal 0 0 0
  outer loop
    vertex -5.952968597412109 -3.1819279193878174 -3
    vertex -6.236186981201172 -2.583113193511963 3
    vertex -5.952968597412109 -3.1819279193878174 3
  endloop
endfacet
facet normal 0 0 0
  outer loop
    vertex -6.236186981201172 -2.583113193511963 -3
    vertex -6.459347248077393 -1.9594215154647827 3
    vertex -6.236186981201172 -2.583113193511963 3
  endloop
endfacet
facet normal 0 0 0
  outer loop
    vertex -6.459347248077393 -1.9594215154647827 -3
    vertex -6.620300769805908 -1.3168597221374512 3
    vertex -6.459347248077393 -1.9594215154647827 3
  endloop
endfacet
facet normal 0 0 0
  outer loop
    vertex -6.717496871948242 -0.6616156697273254 3
    vertex -6.620300769805908 -1.3168597221374512 3
    vertex -6.620300769805908 -1.3168597221374512 -3
  endloop
endfacet
facet normal 0 0 0
  outer loop
    vertex -6.75 0 3
    vertex -6.717496871948242 -0.6616156697273254 3
    vertex -6.717496871948242 -0.6616156697273254 -3
  endloop
endfacet
facet normal 0 0 0
  outer loop
    vertex -1 -6.667302131652832 2
    vertex -1.3168597221374512 -6.620300769805908 3
    vertex -1 -6.667302131652832 3
  endloop
endfacet
facet normal 0 0 0
  outer loop
    vertex -5.421601295471191 -4.007388114929199 2
    vertex -5.612420082092285 -3.7500991821289062 3
    vertex -5.421601295471191 -4.007388114929199 3
  endloop
endfacet
facet normal 0 0 0
  outer loop
    vertex -5.421601295471191 4.007388114929199 -2
    vertex -5.612420082092285 3.7500991821289062 -3
    vertex -5.421601295471191 4.007388114929199 -3
  endloop
endfacet
facet normal 0 0 0
  outer loop
    vertex -1 6.667302131652832 -2
    vertex -1.3168597221374512 6.620300769805908 -3
    vertex -1 6.667302131652832 -3
  endloop
endfacet
facet normal 0 0 0
  outer loop
    vertex -6.717496871948242 0.6616156697273254 3
    vertex -6.75 0 -3
    vertex -6.717496871948242 0.6616156697273254 -3
  endloop
endfacet
facet normal 0 0 0
  outer loop
    vertex -6.620300769805908 1.3168597221374512 3
    vertex -6.717496871948242 0.6616156697273254 -3
    vertex -6.620300769805908 1.3168597221374512 -3
  endloop
endfacet
facet normal 0 0 0
  outer loop
    vertex -6.620300769805908 1.3168597221374512 -3
    vertex -6.459347248077393 1.9594215154647827 -3
    vertex -6.459347248077393 1.9594215154647827 3
  endloop
endfacet
facet normal 0 0 0
  outer loop
    vertex -6.459347248077393 1.9594215154647827 -3
    vertex -6.236186981201172 2.583113193511963 -3
    vertex -6.236186981201172 2.583113193511963 3
  endloop
endfacet
facet normal 0 0 0
  outer loop
    vertex -6.236186981201172 2.583113193511963 -3
    vertex -5.952968597412109 3.1819279193878174 -3
    vertex -5.952968597412109 3.1819279193878174 3
  endloop
endfacet
facet normal 0 0 0
  outer loop
    vertex -5.612420082092285 3.7500991821289062 3
    vertex -5.952968597412109 3.1819279193878174 -3
    vertex -5.612420082092285 3.7500991821289062 -3
  endloop
endfacet
facet normal 0 0 0
  outer loop
    vertex -5.421601295471191 4.007388114929199 -2
    vertex -5.421601295471191 4.007388114929199 2
    vertex -5.612420082092285 3.7500991821289062 -3
  endloop
endfacet
facet normal 0 0 0
  outer loop
    vertex -5.421601295471191 4.007388114929199 -2
    vertex -5.217820644378662 4.282154560089111 -2
    vertex -5.421601295471191 4.007388114929199 2
  endloop
endfacet
facet normal 0 0 0
  outer loop
    vertex -5.217820644378662 4.282154560089111 -2
    vertex -4.772970676422119 4.772970676422119 -2
    vertex -5.217820644378662 4.282154560089111 2
  endloop
endfacet
facet normal 0 0 0
  outer loop
    vertex -4.772970676422119 4.772970676422119 -2
    vertex -4.282154560089111 5.217820644378662 -2
    vertex -4.772970676422119 4.772970676422119 2
  endloop
endfacet
facet normal 0 0 0
  outer loop
    vertex -4.007388114929199 5.421601295471191 -3
    vertex -3.7500991821289062 5.612420082092285 -3
    vertex -3.7500991821289062 5.612420082092285 3
  endloop
endfacet
facet normal 0 0 0
  outer loop
    vertex -3.7500991821289062 5.612420082092285 -3
    vertex -3.1819279193878174 5.952968597412109 -3
    vertex -3.1819279193878174 5.952968597412109 3
  endloop
endfacet
facet normal 0 0 0
  outer loop
    vertex -3.1819279193878174 5.952968597412109 -3
    vertex -2.583113193511963 6.236186981201172 -3
    vertex -2.583113193511963 6.236186981201172 3
  endloop
endfacet
facet normal 0 0 0
  outer loop
    vertex -2.583113193511963 6.236186981201172 -3
    vertex -1.9594215154647827 6.459347248077393 -3
    vertex -1.9594215154647827 6.459347248077393 3
  endloop
endfacet
facet normal 0 0 0
  outer loop
    vertex -1.9594215154647827 6.459347248077393 -3
    vertex -1.3168597221374512 6.620300769805908 -3
    vertex -1.3168597221374512 6.620300769805908 3
  endloop
endfacet
facet normal 0 0 0
  outer loop
    vertex -1 6.667302131652832 -2
    vertex -1 6.667302131652832 2
    vertex -1.3168597221374512 6.620300769805908 -3
  endloop
endfacet
facet normal 0 0 0
  outer loop
    vertex -4.282154560089111 5.217820644378662 -2
    vertex -4.007388114929199 5.421601295471191 -2
    vertex -4.282154560089111 5.217820644378662 2
  endloop
endfacet
facet normal 0 0 0
  outer loop
    vertex -4.007388114929199 5.421601295471191 -2
    vertex -4.007388114929199 5.421601295471191 -3
    vertex -3.7500991821289062 5.612420082092285 3
  endloop
endfacet
facet normal 0 0 0
  outer loop
    vertex -1 6.667302131652832 -2
    vertex -0.6616156697273254 6.717496871948242 -2
    vertex -1 6.667302131652832 2
  endloop
endfacet
facet normal 0 0 0
  outer loop
    vertex -0.6616156697273254 6.717496871948242 -2
    vertex 0 6.75 -2
    vertex -0.6616156697273254 6.717496871948242 2
  endloop
endfacet
facet normal 0 0 0
  outer loop
    vertex -5.421601295471191 4.007388114929199 2
    vertex -5.421601295471191 4.007388114929199 3
    vertex -5.612420082092285 3.7500991821289062 -3
  endloop
endfacet
facet normal 0 0 0
  outer loop
    vertex -5.217820644378662 4.282154560089111 -2
    vertex -5.217820644378662 4.282154560089111 2
    vertex -5.421601295471191 4.007388114929199 2
  endloop
endfacet
facet normal 0 0 0
  outer loop
    vertex -4.772970676422119 4.772970676422119 -2
    vertex -4.772970676422119 4.772970676422119 2
    vertex -5.217820644378662 4.282154560089111 2
  endloop
endfacet
facet normal 0 0 0
  outer loop
    vertex -6.717496871948242 0.6616156697273254 3
    vertex -6.75 0 3
    vertex -6.75 0 -3
  endloop
endfacet
facet normal 0 0 0
  outer loop
    vertex -6.620300769805908 1.3168597221374512 3
    vertex -6.717496871948242 0.6616156697273254 3
    vertex -6.717496871948242 0.6616156697273254 -3
  endloop
endfacet
facet normal 0 0 0
  outer loop
    vertex -6.459347248077393 1.9594215154647827 3
    vertex -6.620300769805908 1.3168597221374512 3
    vertex -6.620300769805908 1.3168597221374512 -3
  endloop
endfacet
facet normal 0 0 0
  outer loop
    vertex -6.459347248077393 1.9594215154647827 -3
    vertex -6.236186981201172 2.583113193511963 3
    vertex -6.459347248077393 1.9594215154647827 3
  endloop
endfacet
facet normal 0 0 0
  outer loop
    vertex -6.236186981201172 2.583113193511963 -3
    vertex -5.952968597412109 3.1819279193878174 3
    vertex -6.236186981201172 2.583113193511963 3
  endloop
endfacet
facet normal 0 0 0
  outer loop
    vertex -5.612420082092285 3.7500991821289062 3
    vertex -5.952968597412109 3.1819279193878174 3
    vertex -5.952968597412109 3.1819279193878174 -3
  endloop
endfacet
facet normal 0 0 0
  outer loop
    vertex -5.421601295471191 4.007388114929199 3
    vertex -5.612420082092285 3.7500991821289062 3
    vertex -5.612420082092285 3.7500991821289062 -3
  endloop
endfacet
facet normal 0 0 0
  outer loop
    vertex -4.282154560089111 5.217820644378662 -2
    vertex -4.282154560089111 5.217820644378662 2
    vertex -4.772970676422119 4.772970676422119 2
  endloop
endfacet
facet normal 0 0 0
  outer loop
    vertex -4.007388114929199 5.421601295471191 -2
    vertex -4.007388114929199 5.421601295471191 2
    vertex -4.282154560089111 5.217820644378662 2
  endloop
endfacet
facet normal 0 0 0
  outer loop
    vertex -1 6.667302131652832 2
    vertex -1 6.667302131652832 3
    vertex -1.3168597221374512 6.620300769805908 -3
  endloop
endfacet
facet normal 0 0 0
  outer loop
    vertex -0.6616156697273254 6.717496871948242 -2
    vertex -0.6616156697273254 6.717496871948242 2
    vertex -1 6.667302131652832 2
  endloop
endfacet
facet normal 0 0 0
  outer loop
    vertex 0 6.75 -2
    vertex 0 6.75 2
    vertex -0.6616156697273254 6.717496871948242 2
  endloop
endfacet
facet normal 0 0 0
  outer loop
    vertex -4.007388114929199 5.421601295471191 -2
    vertex -3.7500991821289062 5.612420082092285 3
    vertex -4.007388114929199 5.421601295471191 2
  endloop
endfacet
facet normal 0 0 0
  outer loop
    vertex -3.1819279193878174 5.952968597412109 3
    vertex -3.7500991821289062 5.612420082092285 3
    vertex -3.7500991821289062 5.612420082092285 -3
  endloop
endfacet
facet normal 0 0 0
  outer loop
    vertex -2.583113193511963 6.236186981201172 3
    vertex -3.1819279193878174 5.952968597412109 3
    vertex -3.1819279193878174 5.952968597412109 -3
  endloop
endfacet
facet normal 0 0 0
  outer loop
    vertex -2.583113193511963 6.236186981201172 -3
    vertex -1.9594215154647827 6.459347248077393 3
    vertex -2.583113193511963 6.236186981201172 3
  endloop
endfacet
facet normal 0 0 0
  outer loop
    vertex -1.9594215154647827 6.459347248077393 -3
    vertex -1.3168597221374512 6.620300769805908 3
    vertex -1.9594215154647827 6.459347248077393 3
  endloop
endfacet
facet normal 0 0 0
  outer loop
    vertex -1.3168597221374512 6.620300769805908 -3
    vertex -1 6.667302131652832 3
    vertex -1.3168597221374512 6.620300769805908 3
  endloop
endfacet
facet normal 0 0 0
  outer loop
    vertex -4.007388114929199 5.421601295471191 2
    vertex -3.7500991821289062 5.612420082092285 3
    vertex -4.007388114929199 5.421601295471191 3
  endloop
endfacet
facet normal 0 0 0
  outer loop
    vertex 12.383893966674805 9.290748596191406 -3
    vertex 9.843145370483398 6.75 3
    vertex 9.843145370483398 6.75 -3
  endloop
endfacet
facet normal 0 0 0
  outer loop
    vertex 12.383893966674805 9.290748596191406 -3
    vertex 12.383893966674805 9.290748596191406 3
    vertex 9.843145370483398 6.75 3
  endloop
endfacet
facet normal 0 0 0
  outer loop
    vertex 12.383893966674805 -9.290748596191406 -3
    vertex 9.843145370483398 -6.75 -3
    vertex 9.843145370483398 -6.75 3
  endloop
endfacet
facet normal 0 0 0
  outer loop
    vertex 12.383893966674805 -9.290748596191406 -3
    vertex 9.843145370483398 -6.75 3
    vertex 12.383893966674805 -9.290748596191406 3
  endloop
endfacet
facet normal 0 0 0
  outer loop
    vertex -163.83355712890625 -12.472043991088867 -3
    vertex -165.01589965820312 -11.5951566696167 -3
    vertex -165.01589965820312 -11.5951566696167 3
  endloop
endfacet
facet normal 0 0 0
  outer loop
    vertex -165.01589965820312 -11.5951566696167 -3
    vertex -166.10659790039062 -10.60660171508789 -3
    vertex -166.10659790039062 -10.60660171508789 3
  endloop
endfacet
facet normal 0 0 0
  outer loop
    vertex -158.42636108398438 -14.711779594421387 -3
    vertex -159.85426330566406 -14.354104995727539 -3
    vertex -159.85426330566406 -14.354104995727539 3
  endloop
endfacet
facet normal 0 0 0
  outer loop
    vertex -156.9702606201172 -14.927770614624023 -3
    vertex -158.42636108398438 -14.711779594421387 -3
    vertex -158.42636108398438 -14.711779594421387 3
  endloop
endfacet
facet normal 0 0 0
  outer loop
    vertex -159.85426330566406 -14.354104995727539 -3
    vertex -161.24024963378906 -13.858193397521973 -3
    vertex -161.24024963378906 -13.858193397521973 3
  endloop
endfacet
facet normal 0 0 0
  outer loop
    vertex -161.24024963378906 -13.858193397521973 -3
    vertex -162.57095336914062 -13.228818893432617 -3
    vertex -162.57095336914062 -13.228818893432617 3
  endloop
endfacet
facet normal 0 0 0
  outer loop
    vertex -162.57095336914062 -13.228818893432617 -3
    vertex -163.83355712890625 -12.472043991088867 -3
    vertex -163.83355712890625 -12.472043991088867 3
  endloop
endfacet
facet normal 0 0 0
  outer loop
    vertex -155.5 -15 -3
    vertex -156.9702606201172 -14.927770614624023 -3
    vertex -156.9702606201172 -14.927770614624023 3
  endloop
endfacet
facet normal 0 0 0
  outer loop
    vertex -154.0297393798828 -14.927770614624023 -3
    vertex -155.5 -15 -3
    vertex -155.5 -15 3
  endloop
endfacet
facet normal 0 0 0
  outer loop
    vertex -152.57363891601562 -14.711779594421387 -3
    vertex -154.0297393798828 -14.927770614624023 -3
    vertex -154.0297393798828 -14.927770614624023 3
  endloop
endfacet
facet normal 0 0 0
  outer loop
    vertex -151.14573669433594 -14.354104995727539 -3
    vertex -152.57363891601562 -14.711779594421387 -3
    vertex -152.57363891601562 -14.711779594421387 3
  endloop
endfacet
facet normal 0 0 0
  outer loop
    vertex -149.75975036621094 -13.858193397521973 -3
    vertex -151.14573669433594 -14.354104995727539 -3
    vertex -151.14573669433594 -14.354104995727539 3
  endloop
endfacet
facet normal 0 0 0
  outer loop
    vertex -148.42904663085938 -13.228818893432617 -3
    vertex -149.75975036621094 -13.858193397521973 -3
    vertex -149.75975036621094 -13.858193397521973 3
  endloop
endfacet
facet normal 0 0 0
  outer loop
    vertex -147.16644287109375 -12.472043991088867 -3
    vertex -148.42904663085938 -13.228818893432617 -3
    vertex -148.42904663085938 -13.228818893432617 3
  endloop
endfacet
facet normal 0 0 0
  outer loop
    vertex -145.98410034179688 -11.5951566696167 -3
    vertex -147.16644287109375 -12.472043991088867 -3
    vertex -147.16644287109375 -12.472043991088867 3
  endloop
endfacet
facet normal 0 0 0
  outer loop
    vertex -145.32745361328125 -11 -3
    vertex -145.98410034179688 -11.5951566696167 -3
    vertex -145.98410034179688 -11.5951566696167 3
  endloop
endfacet
facet normal 0 0 0
  outer loop
    vertex -145.32745361328125 -11 -3
    vertex -145.98410034179688 -11.5951566696167 3
    vertex -144.89340209960938 -10.60660171508789 -3
  endloop
endfacet
facet normal 0 0 0
  outer loop
    vertex -143.90484619140625 -9.515899658203125 -3
    vertex -144.89340209960938 -10.60660171508789 -3
    vertex -144.89340209960938 -10.60660171508789 3
  endloop
endfacet
facet normal 0 0 0
  outer loop
    vertex -166.10659790039062 -10.60660171508789 -3
    vertex -167.09515380859375 -9.515899658203125 -3
    vertex -167.09515380859375 -9.515899658203125 3
  endloop
endfacet
facet normal 0 0 0
  outer loop
    vertex -167.09515380859375 -9.515899658203125 -3
    vertex -167.9720458984375 -8.333553314208984 -3
    vertex -167.9720458984375 -8.333553314208984 3
  endloop
endfacet
facet normal 0 0 0
  outer loop
    vertex -167.9720458984375 -8.333553314208984 -3
    vertex -168.72882080078125 -7.070950984954834 -3
    vertex -168.72882080078125 -7.070950984954834 3
  endloop
endfacet
facet normal 0 0 0
  outer loop
    vertex -168.72882080078125 -7.070950984954834 -3
    vertex -169.3582000732422 -5.740251541137695 -3
    vertex -169.3582000732422 -5.740251541137695 3
  endloop
endfacet
facet normal 0 0 0
  outer loop
    vertex -169.3582000732422 -5.740251541137695 -3
    vertex -169.85411071777344 -4.354269981384277 -3
    vertex -169.85411071777344 -4.354269981384277 3
  endloop
endfacet
facet normal 0 0 0
  outer loop
    vertex -169.85411071777344 -4.354269981384277 -3
    vertex -170.21177673339844 -2.9263548851013184 -3
    vertex -170.21177673339844 -2.9263548851013184 3
  endloop
endfacet
facet normal 0 0 0
  outer loop
    vertex -170.21177673339844 -2.9263548851013184 -3
    vertex -170.42776489257812 -1.4702571630477905 -3
    vertex -170.42776489257812 -1.4702571630477905 3
  endloop
endfacet
facet normal 0 0 0
  outer loop
    vertex -170.42776489257812 -1.4702571630477905 -3
    vertex -170.5 0 -3
    vertex -170.5 0 3
  endloop
endfacet
facet normal 0 0 0
  outer loop
    vertex -143.0279541015625 -8.333553314208984 -3
    vertex -143.90484619140625 -9.515899658203125 -3
    vertex -143.90484619140625 -9.515899658203125 3
  endloop
endfacet
facet normal 0 0 0
  outer loop
    vertex -142.27117919921875 -7.070950984954834 -3
    vertex -143.0279541015625 -8.333553314208984 -3
    vertex -143.0279541015625 -8.333553314208984 3
  endloop
endfacet
facet normal 0 0 0
  outer loop
    vertex -141.6417999267578 -5.740251541137695 -3
    vertex -142.27117919921875 -7.070950984954834 -3
    vertex -142.27117919921875 -7.070950984954834 3
  endloop
endfacet
facet normal 0 0 0
  outer loop
    vertex -141.6417999267578 -5.740251541137695 3
    vertex -141.14588928222656 -4.354269981384277 -3
    vertex -141.6417999267578 -5.740251541137695 -3
  endloop
endfacet
facet normal 0 0 0
  outer loop
    vertex -140.78822326660156 -2.9263548851013184 -3
    vertex -141.14588928222656 -4.354269981384277 -3
    vertex -141.14588928222656 -4.354269981384277 3
  endloop
endfacet
facet normal 0 0 0
  outer loop
    vertex -140.78822326660156 -2.9263548851013184 3
    vertex -140.57223510742188 -1.4702571630477905 -3
    vertex -140.78822326660156 -2.9263548851013184 -3
  endloop
endfacet
facet normal 0 0 0
  outer loop
    vertex -140.57223510742188 -1.4702571630477905 -3
    vertex -140.57223510742188 -1.4702571630477905 3
    vertex -140.5 0 -3
  endloop
endfacet
facet normal 0 0 0
  outer loop
    vertex -165.01589965820312 -11.5951566696167 3
    vertex -163.83355712890625 -12.472043991088867 3
    vertex -163.83355712890625 -12.472043991088867 -3
  endloop
endfacet
facet normal 0 0 0
  outer loop
    vertex -165.01589965820312 -11.5951566696167 -3
    vertex -166.10659790039062 -10.60660171508789 3
    vertex -165.01589965820312 -11.5951566696167 3
  endloop
endfacet
facet normal 0 0 0
  outer loop
    vertex -167.09515380859375 -9.515899658203125 3
    vertex -166.10659790039062 -10.60660171508789 3
    vertex -166.10659790039062 -10.60660171508789 -3
  endloop
endfacet
facet normal 0 0 0
  outer loop
    vertex -159.85426330566406 -14.354104995727539 3
    vertex -158.42636108398438 -14.711779594421387 3
    vertex -158.42636108398438 -14.711779594421387 -3
  endloop
endfacet
facet normal 0 0 0
  outer loop
    vertex -159.85426330566406 -14.354104995727539 -3
    vertex -161.24024963378906 -13.858193397521973 3
    vertex -159.85426330566406 -14.354104995727539 3
  endloop
endfacet
facet normal 0 0 0
  outer loop
    vertex -162.57095336914062 -13.228818893432617 3
    vertex -161.24024963378906 -13.858193397521973 3
    vertex -161.24024963378906 -13.858193397521973 -3
  endloop
endfacet
facet normal 0 0 0
  outer loop
    vertex -163.83355712890625 -12.472043991088867 3
    vertex -162.57095336914062 -13.228818893432617 3
    vertex -162.57095336914062 -13.228818893432617 -3
  endloop
endfacet
facet normal 0 0 0
  outer loop
    vertex -156.9702606201172 -14.927770614624023 -3
    vertex -158.42636108398438 -14.711779594421387 3
    vertex -156.9702606201172 -14.927770614624023 3
  endloop
endfacet
facet normal 0 0 0
  outer loop
    vertex -155.5 -15 -3
    vertex -156.9702606201172 -14.927770614624023 3
    vertex -155.5 -15 3
  endloop
endfacet
facet normal 0 0 0
  outer loop
    vertex -154.0297393798828 -14.927770614624023 -3
    vertex -155.5 -15 3
    vertex -154.0297393798828 -14.927770614624023 3
  endloop
endfacet
facet normal 0 0 0
  outer loop
    vertex -154.0297393798828 -14.927770614624023 3
    vertex -152.57363891601562 -14.711779594421387 3
    vertex -152.57363891601562 -14.711779594421387 -3
  endloop
endfacet
facet normal 0 0 0
  outer loop
    vertex -152.57363891601562 -14.711779594421387 3
    vertex -151.14573669433594 -14.354104995727539 3
    vertex -151.14573669433594 -14.354104995727539 -3
  endloop
endfacet
facet normal 0 0 0
  outer loop
    vertex -149.75975036621094 -13.858193397521973 -3
    vertex -151.14573669433594 -14.354104995727539 3
    vertex -149.75975036621094 -13.858193397521973 3
  endloop
endfacet
facet normal 0 0 0
  outer loop
    vertex -149.75975036621094 -13.858193397521973 3
    vertex -148.42904663085938 -13.228818893432617 3
    vertex -148.42904663085938 -13.228818893432617 -3
  endloop
endfacet
facet normal 0 0 0
  outer loop
    vertex -148.42904663085938 -13.228818893432617 3
    vertex -147.16644287109375 -12.472043991088867 3
    vertex -147.16644287109375 -12.472043991088867 -3
  endloop
endfacet
facet normal 0 0 0
  outer loop
    vertex -147.16644287109375 -12.472043991088867 3
    vertex -145.98410034179688 -11.5951566696167 3
    vertex -145.98410034179688 -11.5951566696167 -3
  endloop
endfacet
facet normal 0 0 0
  outer loop
    vertex -145.98410034179688 -11.5951566696167 3
    vertex -144.89340209960938 -10.60660171508789 3
    vertex -144.89340209960938 -10.60660171508789 -3
  endloop
endfacet
facet normal 0 0 0
  outer loop
    vertex -167.09515380859375 -9.515899658203125 -3
    vertex -167.9720458984375 -8.333553314208984 3
    vertex -167.09515380859375 -9.515899658203125 3
  endloop
endfacet
facet normal 0 0 0
  outer loop
    vertex -168.72882080078125 -7.070950984954834 3
    vertex -167.9720458984375 -8.333553314208984 3
    vertex -167.9720458984375 -8.333553314208984 -3
  endloop
endfacet
facet normal 0 0 0
  outer loop
    vertex -168.72882080078125 -7.070950984954834 -3
    vertex -169.3582000732422 -5.740251541137695 3
    vertex -168.72882080078125 -7.070950984954834 3
  endloop
endfacet
facet normal 0 0 0
  outer loop
    vertex -169.85411071777344 -4.354269981384277 3
    vertex -169.3582000732422 -5.740251541137695 3
    vertex -169.3582000732422 -5.740251541137695 -3
  endloop
endfacet
facet normal 0 0 0
  outer loop
    vertex -169.85411071777344 -4.354269981384277 -3
    vertex -170.21177673339844 -2.9263548851013184 3
    vertex -169.85411071777344 -4.354269981384277 3
  endloop
endfacet
facet normal 0 0 0
  outer loop
    vertex -170.21177673339844 -2.9263548851013184 -3
    vertex -170.42776489257812 -1.4702571630477905 3
    vertex -170.21177673339844 -2.9263548851013184 3
  endloop
endfacet
facet normal 0 0 0
  outer loop
    vertex -170.42776489257812 -1.4702571630477905 -3
    vertex -170.5 0 3
    vertex -170.42776489257812 -1.4702571630477905 3
  endloop
endfacet
facet normal 0 0 0
  outer loop
    vertex -144.89340209960938 -10.60660171508789 3
    vertex -143.90484619140625 -9.515899658203125 3
    vertex -143.90484619140625 -9.515899658203125 -3
  endloop
endfacet
facet normal 0 0 0
  outer loop
    vertex -143.0279541015625 -8.333553314208984 -3
    vertex -143.90484619140625 -9.515899658203125 3
    vertex -143.0279541015625 -8.333553314208984 3
  endloop
endfacet
facet normal 0 0 0
  outer loop
    vertex -143.0279541015625 -8.333553314208984 3
    vertex -142.27117919921875 -7.070950984954834 3
    vertex -142.27117919921875 -7.070950984954834 -3
  endloop
endfacet
facet normal 0 0 0
  outer loop
    vertex -142.27117919921875 -7.070950984954834 3
    vertex -141.6417999267578 -5.740251541137695 3
    vertex -141.6417999267578 -5.740251541137695 -3
  endloop
endfacet
facet normal 0 0 0
  outer loop
    vertex -141.6417999267578 -5.740251541137695 3
    vertex -141.14588928222656 -4.354269981384277 3
    vertex -141.14588928222656 -4.354269981384277 -3
  endloop
endfacet
facet normal 0 0 0
  outer loop
    vertex -141.14588928222656 -4.354269981384277 3
    vertex -140.78822326660156 -2.9263548851013184 3
    vertex -140.78822326660156 -2.9263548851013184 -3
  endloop
endfacet
facet normal 0 0 0
  outer loop
    vertex -140.78822326660156 -2.9263548851013184 3
    vertex -140.57223510742188 -1.4702571630477905 3
    vertex -140.57223510742188 -1.4702571630477905 -3
  endloop
endfacet
facet normal 0 0 0
  outer loop
    vertex -140.57223510742188 -1.4702571630477905 3
    vertex -140.5 0 3
    vertex -140.5 0 -3
  endloop
endfacet
facet normal 0 0 0
  outer loop
    vertex -170.5 0 -3
    vertex -170.42776489257812 1.4702571630477905 -3
    vertex -170.42776489257812 1.4702571630477905 3
  endloop
endfacet
facet normal 0 0 0
  outer loop
    vertex -170.42776489257812 1.4702571630477905 -3
    vertex -170.21177673339844 2.9263548851013184 -3
    vertex -170.21177673339844 2.9263548851013184 3
  endloop
endfacet
facet normal 0 0 0
  outer loop
    vertex -170.21177673339844 2.9263548851013184 -3
    vertex -169.85411071777344 4.354269981384277 -3
    vertex -169.85411071777344 4.354269981384277 3
  endloop
endfacet
facet normal 0 0 0
  outer loop
    vertex -169.85411071777344 4.354269981384277 -3
    vertex -169.3582000732422 5.740251541137695 -3
    vertex -169.3582000732422 5.740251541137695 3
  endloop
endfacet
facet normal 0 0 0
  outer loop
    vertex -169.3582000732422 5.740251541137695 -3
    vertex -168.72882080078125 7.070950984954834 -3
    vertex -168.72882080078125 7.070950984954834 3
  endloop
endfacet
facet normal 0 0 0
  outer loop
    vertex -168.72882080078125 7.070950984954834 -3
    vertex -167.9720458984375 8.333553314208984 -3
    vertex -167.9720458984375 8.333553314208984 3
  endloop
endfacet
facet normal 0 0 0
  outer loop
    vertex -167.9720458984375 8.333553314208984 -3
    vertex -167.09515380859375 9.515899658203125 -3
    vertex -167.09515380859375 9.515899658203125 3
  endloop
endfacet
facet normal 0 0 0
  outer loop
    vertex -140.5 0 -3
    vertex -140.5 0 3
    vertex -140.57223510742188 1.4702571630477905 -3
  endloop
endfacet
facet normal 0 0 0
  outer loop
    vertex -140.78822326660156 2.9263548851013184 -3
    vertex -140.57223510742188 1.4702571630477905 -3
    vertex -140.57223510742188 1.4702571630477905 3
  endloop
endfacet
facet normal 0 0 0
  outer loop
    vertex -141.14588928222656 4.354269981384277 -3
    vertex -140.78822326660156 2.9263548851013184 -3
    vertex -140.78822326660156 2.9263548851013184 3
  endloop
endfacet
facet normal 0 0 0
  outer loop
    vertex -141.6417999267578 5.740251541137695 -3
    vertex -141.14588928222656 4.354269981384277 -3
    vertex -141.14588928222656 4.354269981384277 3
  endloop
endfacet
facet normal 0 0 0
  outer loop
    vertex -142.27117919921875 7.070950984954834 -3
    vertex -141.6417999267578 5.740251541137695 -3
    vertex -141.6417999267578 5.740251541137695 3
  endloop
endfacet
facet normal 0 0 0
  outer loop
    vertex -143.0279541015625 8.333553314208984 -3
    vertex -142.27117919921875 7.070950984954834 -3
    vertex -142.27117919921875 7.070950984954834 3
  endloop
endfacet
facet normal 0 0 0
  outer loop
    vertex -143.90484619140625 9.515899658203125 -3
    vertex -143.0279541015625 8.333553314208984 -3
    vertex -143.0279541015625 8.333553314208984 3
  endloop
endfacet
facet normal 0 0 0
  outer loop
    vertex -144.89340209960938 10.60660171508789 -3
    vertex -143.90484619140625 9.515899658203125 -3
    vertex -143.90484619140625 9.515899658203125 3
  endloop
endfacet
facet normal 0 0 0
  outer loop
    vertex -167.09515380859375 9.515899658203125 -3
    vertex -166.10659790039062 10.60660171508789 -3
    vertex -166.10659790039062 10.60660171508789 3
  endloop
endfacet
facet normal 0 0 0
  outer loop
    vertex -166.10659790039062 10.60660171508789 -3
    vertex -165.01589965820312 11.5951566696167 -3
    vertex -165.01589965820312 11.5951566696167 3
  endloop
endfacet
facet normal 0 0 0
  outer loop
    vertex -165.01589965820312 11.5951566696167 -3
    vertex -163.83355712890625 12.472043991088867 -3
    vertex -163.83355712890625 12.472043991088867 3
  endloop
endfacet
facet normal 0 0 0
  outer loop
    vertex -163.83355712890625 12.472043991088867 -3
    vertex -162.57095336914062 13.228818893432617 -3
    vertex -162.57095336914062 13.228818893432617 3
  endloop
endfacet
facet normal 0 0 0
  outer loop
    vertex -162.57095336914062 13.228818893432617 -3
    vertex -161.24024963378906 13.858193397521973 -3
    vertex -161.24024963378906 13.858193397521973 3
  endloop
endfacet
facet normal 0 0 0
  outer loop
    vertex -161.24024963378906 13.858193397521973 -3
    vertex -159.85426330566406 14.354104995727539 -3
    vertex -159.85426330566406 14.354104995727539 3
  endloop
endfacet
facet normal 0 0 0
  outer loop
    vertex -159.85426330566406 14.354104995727539 -3
    vertex -158.42636108398438 14.711779594421387 -3
    vertex -158.42636108398438 14.711779594421387 3
  endloop
endfacet
facet normal 0 0 0
  outer loop
    vertex -158.42636108398438 14.711779594421387 -3
    vertex -156.9702606201172 14.927770614624023 -3
    vertex -156.9702606201172 14.927770614624023 3
  endloop
endfacet
facet normal 0 0 0
  outer loop
    vertex -156.9702606201172 14.927770614624023 -3
    vertex -155.5 15 -3
    vertex -155.5 15 3
  endloop
endfacet
facet normal 0 0 0
  outer loop
    vertex -155.5 15 -3
    vertex -154.0297393798828 14.927770614624023 -3
    vertex -154.0297393798828 14.927770614624023 3
  endloop
endfacet
facet normal 0 0 0
  outer loop
    vertex -154.0297393798828 14.927770614624023 -3
    vertex -152.57363891601562 14.711779594421387 -3
    vertex -152.57363891601562 14.711779594421387 3
  endloop
endfacet
facet normal 0 0 0
  outer loop
    vertex -147.16644287109375 12.472043991088867 -3
    vertex -145.98410034179688 11.5951566696167 -3
    vertex -145.98410034179688 11.5951566696167 3
  endloop
endfacet
facet normal 0 0 0
  outer loop
    vertex -145.32745361328125 11 -3
    vertex -144.89340209960938 10.60660171508789 -3
    vertex -144.89340209960938 10.60660171508789 3
  endloop
endfacet
facet normal 0 0 0
  outer loop
    vertex -145.32745361328125 11 -3
    vertex -144.89340209960938 10.60660171508789 3
    vertex -145.98410034179688 11.5951566696167 -3
  endloop
endfacet
facet normal 0 0 0
  outer loop
    vertex -148.42904663085938 13.228818893432617 -3
    vertex -147.16644287109375 12.472043991088867 -3
    vertex -147.16644287109375 12.472043991088867 3
  endloop
endfacet
facet normal 0 0 0
  outer loop
    vertex -149.75975036621094 13.858193397521973 -3
    vertex -148.42904663085938 13.228818893432617 -3
    vertex -148.42904663085938 13.228818893432617 3
  endloop
endfacet
facet normal 0 0 0
  outer loop
    vertex -151.14573669433594 14.354104995727539 -3
    vertex -149.75975036621094 13.858193397521973 -3
    vertex -149.75975036621094 13.858193397521973 3
  endloop
endfacet
facet normal 0 0 0
  outer loop
    vertex -152.57363891601562 14.711779594421387 -3
    vertex -151.14573669433594 14.354104995727539 -3
    vertex -151.14573669433594 14.354104995727539 3
  endloop
endfacet
facet normal 0 0 0
  outer loop
    vertex -170.5 0 -3
    vertex -170.42776489257812 1.4702571630477905 3
    vertex -170.5 0 3
  endloop
endfacet
facet normal 0 0 0
  outer loop
    vertex -170.42776489257812 1.4702571630477905 -3
    vertex -170.21177673339844 2.9263548851013184 3
    vertex -170.42776489257812 1.4702571630477905 3
  endloop
endfacet
facet normal 0 0 0
  outer loop
    vertex -169.85411071777344 4.354269981384277 3
    vertex -170.21177673339844 2.9263548851013184 3
    vertex -170.21177673339844 2.9263548851013184 -3
  endloop
endfacet
facet normal 0 0 0
  outer loop
    vertex -169.3582000732422 5.740251541137695 3
    vertex -169.85411071777344 4.354269981384277 3
    vertex -169.85411071777344 4.354269981384277 -3
  endloop
endfacet
facet normal 0 0 0
  outer loop
    vertex -169.3582000732422 5.740251541137695 -3
    vertex -168.72882080078125 7.070950984954834 3
    vertex -169.3582000732422 5.740251541137695 3
  endloop
endfacet
facet normal 0 0 0
  outer loop
    vertex -167.9720458984375 8.333553314208984 3
    vertex -168.72882080078125 7.070950984954834 3
    vertex -168.72882080078125 7.070950984954834 -3
  endloop
endfacet
facet normal 0 0 0
  outer loop
    vertex -167.9720458984375 8.333553314208984 -3
    vertex -167.09515380859375 9.515899658203125 3
    vertex -167.9720458984375 8.333553314208984 3
  endloop
endfacet
facet normal 0 0 0
  outer loop
    vertex -166.10659790039062 10.60660171508789 3
    vertex -167.09515380859375 9.515899658203125 3
    vertex -167.09515380859375 9.515899658203125 -3
  endloop
endfacet
facet normal 0 0 0
  outer loop
    vertex -140.5 0 3
    vertex -140.57223510742188 1.4702571630477905 3
    vertex -140.57223510742188 1.4702571630477905 -3
  endloop
endfacet
facet normal 0 0 0
  outer loop
    vertex -140.78822326660156 2.9263548851013184 -3
    vertex -140.57223510742188 1.4702571630477905 3
    vertex -140.78822326660156 2.9263548851013184 3
  endloop
endfacet
facet normal 0 0 0
  outer loop
    vertex -141.14588928222656 4.354269981384277 -3
    vertex -140.78822326660156 2.9263548851013184 3
    vertex -141.14588928222656 4.354269981384277 3
  endloop
endfacet
facet normal 0 0 0
  outer loop
    vertex -141.14588928222656 4.354269981384277 3
    vertex -141.6417999267578 5.740251541137695 3
    vertex -141.6417999267578 5.740251541137695 -3
  endloop
endfacet
facet normal 0 0 0
  outer loop
    vertex -142.27117919921875 7.070950984954834 -3
    vertex -141.6417999267578 5.740251541137695 3
    vertex -142.27117919921875 7.070950984954834 3
  endloop
endfacet
facet normal 0 0 0
  outer loop
    vertex -142.27117919921875 7.070950984954834 3
    vertex -143.0279541015625 8.333553314208984 3
    vertex -143.0279541015625 8.333553314208984 -3
  endloop
endfacet
facet normal 0 0 0
  outer loop
    vertex -143.90484619140625 9.515899658203125 -3
    vertex -143.0279541015625 8.333553314208984 3
    vertex -143.90484619140625 9.515899658203125 3
  endloop
endfacet
facet normal 0 0 0
  outer loop
    vertex -165.01589965820312 11.5951566696167 3
    vertex -166.10659790039062 10.60660171508789 3
    vertex -166.10659790039062 10.60660171508789 -3
  endloop
endfacet
facet normal 0 0 0
  outer loop
    vertex -163.83355712890625 12.472043991088867 3
    vertex -165.01589965820312 11.5951566696167 3
    vertex -165.01589965820312 11.5951566696167 -3
  endloop
endfacet
facet normal 0 0 0
  outer loop
    vertex -162.57095336914062 13.228818893432617 3
    vertex -163.83355712890625 12.472043991088867 3
    vertex -163.83355712890625 12.472043991088867 -3
  endloop
endfacet
facet normal 0 0 0
  outer loop
    vertex -161.24024963378906 13.858193397521973 3
    vertex -162.57095336914062 13.228818893432617 3
    vertex -162.57095336914062 13.228818893432617 -3
  endloop
endfacet
facet normal 0 0 0
  outer loop
    vertex -161.24024963378906 13.858193397521973 -3
    vertex -159.85426330566406 14.354104995727539 3
    vertex -161.24024963378906 13.858193397521973 3
  endloop
endfacet
facet normal 0 0 0
  outer loop
    vertex -158.42636108398438 14.711779594421387 3
    vertex -159.85426330566406 14.354104995727539 3
    vertex -159.85426330566406 14.354104995727539 -3
  endloop
endfacet
facet normal 0 0 0
  outer loop
    vertex -156.9702606201172 14.927770614624023 3
    vertex -158.42636108398438 14.711779594421387 3
    vertex -158.42636108398438 14.711779594421387 -3
  endloop
endfacet
facet normal 0 0 0
  outer loop
    vertex -156.9702606201172 14.927770614624023 -3
    vertex -155.5 15 3
    vertex -156.9702606201172 14.927770614624023 3
  endloop
endfacet
facet normal 0 0 0
  outer loop
    vertex -155.5 15 -3
    vertex -154.0297393798828 14.927770614624023 3
    vertex -155.5 15 3
  endloop
endfacet
facet normal 0 0 0
  outer loop
    vertex -152.57363891601562 14.711779594421387 3
    vertex -154.0297393798828 14.927770614624023 3
    vertex -154.0297393798828 14.927770614624023 -3
  endloop
endfacet
facet normal 0 0 0
  outer loop
    vertex -151.14573669433594 14.354104995727539 3
    vertex -152.57363891601562 14.711779594421387 3
    vertex -152.57363891601562 14.711779594421387 -3
  endloop
endfacet
facet normal 0 0 0
  outer loop
    vertex -145.98410034179688 11.5951566696167 3
    vertex -147.16644287109375 12.472043991088867 3
    vertex -147.16644287109375 12.472043991088867 -3
  endloop
endfacet
facet normal 0 0 0
  outer loop
    vertex -143.90484619140625 9.515899658203125 3
    vertex -144.89340209960938 10.60660171508789 3
    vertex -144.89340209960938 10.60660171508789 -3
  endloop
endfacet
facet normal 0 0 0
  outer loop
    vertex -145.98410034179688 11.5951566696167 -3
    vertex -144.89340209960938 10.60660171508789 3
    vertex -145.98410034179688 11.5951566696167 3
  endloop
endfacet
facet normal 0 0 0
  outer loop
    vertex -148.42904663085938 13.228818893432617 3
    vertex -149.75975036621094 13.858193397521973 3
    vertex -149.75975036621094 13.858193397521973 -3
  endloop
endfacet
facet normal 0 0 0
  outer loop
    vertex -147.16644287109375 12.472043991088867 3
    vertex -148.42904663085938 13.228818893432617 3
    vertex -148.42904663085938 13.228818893432617 -3
  endloop
endfacet
facet normal 0 0 0
  outer loop
    vertex -151.14573669433594 14.354104995727539 -3
    vertex -149.75975036621094 13.858193397521973 3
    vertex -151.14573669433594 14.354104995727539 3
  endloop
endfacet
facet normal 0 0 0
  outer loop
    vertex -93.2301025390625 -6.343932628631592 2
    vertex -94.65689086914062 -4 2
    vertex -93.814697265625 -5.555702209472656 2
  endloop
endfacet
facet normal 0 0 0
  outer loop
    vertex -88.40284729003906 -9.569403648376465 2
    vertex -91.4000015258789 -4 2
    vertex -89.32683563232422 -9.238795280456543 2
  endloop
endfacet
facet normal 0 0 0
  outer loop
    vertex -87.4509048461914 -9.807852745056152 2
    vertex -91.4000015258789 -4 2
    vertex -88.40284729003906 -9.569403648376465 2
  endloop
endfacet
facet normal 0 0 0
  outer loop
    vertex -87.4509048461914 -9.807852745056152 2
    vertex -86.48017120361328 -9.951847076416016 2
    vertex -86.4000015258789 -3 2
  endloop
endfacet
facet normal 0 0 0
  outer loop
    vertex -85.5 -10 2
    vertex -84.51982879638672 -9.951847076416016 2
    vertex -84.5999984741211 -4 2
  endloop
endfacet
facet normal 0 0 0
  outer loop
    vertex -84.51982879638672 -9.951847076416016 2
    vertex -83.5490951538086 -9.807852745056152 2
    vertex -84.5999984741211 -4 2
  endloop
endfacet
facet normal 0 0 0
  outer loop
    vertex -83.5490951538086 -9.807852745056152 2
    vertex -82.59715270996094 -9.569403648376465 2
    vertex -84.5999984741211 -4 2
  endloop
endfacet
facet normal 0 0 0
  outer loop
    vertex -82.59715270996094 -9.569403648376465 2
    vertex -81.67316436767578 -9.238795280456543 2
    vertex -84.5999984741211 -4 2
  endloop
endfacet
facet normal 0 0 0
  outer loop
    vertex -91.05570220947266 -8.314696311950684 2
    vertex -90.2139663696289 -8.819212913513184 2
    vertex -91.4000015258789 -4 2
  endloop
endfacet
facet normal 0 0 0
  outer loop
    vertex -91.05570220947266 -8.314696311950684 2
    vertex -91.4000015258789 -4 2
    vertex -91.84393310546875 -7.730104446411133 2
  endloop
endfacet
facet normal 0 0 0
  outer loop
    vertex -89.32683563232422 -9.238795280456543 2
    vertex -91.4000015258789 -4 2
    vertex -90.2139663696289 -8.819212913513184 2
  endloop
endfacet
facet normal 0 0 0
  outer loop
    vertex -87.4509048461914 -9.807852745056152 2
    vertex -87.4000015258789 -4 2
    vertex -91.4000015258789 -4 2
  endloop
endfacet
facet normal 0 0 0
  outer loop
    vertex -81.67316436767578 -9.238795280456543 2
    vertex -80.7860336303711 -8.819212913513184 2
    vertex -84.5999984741211 -4 2
  endloop
endfacet
facet normal 0 0 0
  outer loop
    vertex -87.4509048461914 -9.807852745056152 2
    vertex -86.4000015258789 -3 2
    vertex -87.4000015258789 -4 2
  endloop
endfacet
facet normal 0 0 0
  outer loop
    vertex -80.7860336303711 -8.819212913513184 2
    vertex -80.5999984741211 -4 2
    vertex -84.5999984741211 -4 2
  endloop
endfacet
facet normal 0 0 0
  outer loop
    vertex -93.2301025390625 -6.343932628631592 2
    vertex -93.814697265625 -5.555702209472656 2
    vertex -93.814697265625 -5.555702209472656 3
  endloop
endfacet
facet normal 0 0 0
  outer loop
    vertex -93.2301025390625 -6.343932628631592 2
    vertex -93.814697265625 -5.555702209472656 3
    vertex -93.2301025390625 -6.343932628631592 3
  endloop
endfacet
facet normal 0 0 0
  outer loop
    vertex -93.814697265625 -5.555702209472656 2
    vertex -94.3192138671875 -4.713967323303223 3
    vertex -93.814697265625 -5.555702209472656 3
  endloop
endfacet
facet normal 0 0 0
  outer loop
    vertex -87.4509048461914 -9.807852745056152 2
    vertex -88.40284729003906 -9.569403648376465 2
    vertex -88.40284729003906 -9.569403648376465 3
  endloop
endfacet
facet normal 0 0 0
  outer loop
    vertex -88.40284729003906 -9.569403648376465 2
    vertex -89.32683563232422 -9.238795280456543 2
    vertex -89.32683563232422 -9.238795280456543 3
  endloop
endfacet
facet normal 0 0 0
  outer loop
    vertex -89.32683563232422 -9.238795280456543 2
    vertex -90.2139663696289 -8.819212913513184 2
    vertex -90.2139663696289 -8.819212913513184 3
  endloop
endfacet
facet normal 0 0 0
  outer loop
    vertex -91.05570220947266 -8.314696311950684 2
    vertex -91.05570220947266 -8.314696311950684 3
    vertex -90.2139663696289 -8.819212913513184 2
  endloop
endfacet
facet normal 0 0 0
  outer loop
    vertex -91.05570220947266 -8.314696311950684 2
    vertex -91.84393310546875 -7.730104446411133 2
    vertex -91.84393310546875 -7.730104446411133 3
  endloop
endfacet
facet normal 0 0 0
  outer loop
    vertex -87.4509048461914 -9.807852745056152 2
    vertex -87.4509048461914 -9.807852745056152 3
    vertex -86.48017120361328 -9.951847076416016 2
  endloop
endfacet
facet normal 0 0 0
  outer loop
    vertex -86.48017120361328 -9.951847076416016 2
    vertex -86.48017120361328 -9.951847076416016 3
    vertex -85.5 -10 2
  endloop
endfacet
facet normal 0 0 0
  outer loop
    vertex -85.5 -10 2
    vertex -85.5 -10 3
    vertex -84.51982879638672 -9.951847076416016 2
  endloop
endfacet
facet normal 0 0 0
  outer loop
    vertex -84.51982879638672 -9.951847076416016 2
    vertex -84.51982879638672 -9.951847076416016 3
    vertex -83.5490951538086 -9.807852745056152 2
  endloop
endfacet
facet normal 0 0 0
  outer loop
    vertex -83.5490951538086 -9.807852745056152 2
    vertex -83.5490951538086 -9.807852745056152 3
    vertex -82.59715270996094 -9.569403648376465 2
  endloop
endfacet
facet normal 0 0 0
  outer loop
    vertex -82.59715270996094 -9.569403648376465 2
    vertex -82.59715270996094 -9.569403648376465 3
    vertex -81.67316436767578 -9.238795280456543 2
  endloop
endfacet
facet normal 0 0 0
  outer loop
    vertex -87.4509048461914 -9.807852745056152 2
    vertex -88.40284729003906 -9.569403648376465 3
    vertex -87.4509048461914 -9.807852745056152 3
  endloop
endfacet
facet normal 0 0 0
  outer loop
    vertex -88.40284729003906 -9.569403648376465 2
    vertex -89.32683563232422 -9.238795280456543 3
    vertex -88.40284729003906 -9.569403648376465 3
  endloop
endfacet
facet normal 0 0 0
  outer loop
    vertex -89.32683563232422 -9.238795280456543 2
    vertex -90.2139663696289 -8.819212913513184 3
    vertex -89.32683563232422 -9.238795280456543 3
  endloop
endfacet
facet normal 0 0 0
  outer loop
    vertex -90.2139663696289 -8.819212913513184 2
    vertex -91.05570220947266 -8.314696311950684 3
    vertex -90.2139663696289 -8.819212913513184 3
  endloop
endfacet
facet normal 0 0 0
  outer loop
    vertex -91.84393310546875 -7.730104446411133 2
    vertex -92.5710678100586 -7.071067810058594 3
    vertex -91.84393310546875 -7.730104446411133 3
  endloop
endfacet
facet normal 0 0 0
  outer loop
    vertex -91.05570220947266 -8.314696311950684 2
    vertex -91.84393310546875 -7.730104446411133 3
    vertex -91.05570220947266 -8.314696311950684 3
  endloop
endfacet
facet normal 0 0 0
  outer loop
    vertex -86.48017120361328 -9.951847076416016 2
    vertex -87.4509048461914 -9.807852745056152 3
    vertex -86.48017120361328 -9.951847076416016 3
  endloop
endfacet
facet normal 0 0 0
  outer loop
    vertex -85.5 -10 2
    vertex -86.48017120361328 -9.951847076416016 3
    vertex -85.5 -10 3
  endloop
endfacet
facet normal 0 0 0
  outer loop
    vertex -84.51982879638672 -9.951847076416016 2
    vertex -85.5 -10 3
    vertex -84.51982879638672 -9.951847076416016 3
  endloop
endfacet
facet normal 0 0 0
  outer loop
    vertex -83.5490951538086 -9.807852745056152 2
    vertex -84.51982879638672 -9.951847076416016 3
    vertex -83.5490951538086 -9.807852745056152 3
  endloop
endfacet
facet normal 0 0 0
  outer loop
    vertex -82.59715270996094 -9.569403648376465 2
    vertex -83.5490951538086 -9.807852745056152 3
    vertex -82.59715270996094 -9.569403648376465 3
  endloop
endfacet
facet normal 0 0 0
  outer loop
    vertex -81.67316436767578 -9.238795280456543 2
    vertex -82.59715270996094 -9.569403648376465 3
    vertex -81.67316436767578 -9.238795280456543 3
  endloop
endfacet
facet normal 0 0 0
  outer loop
    vertex -91.84393310546875 -7.730104446411133 2
    vertex -92.5710678100586 -7.071067810058594 2
    vertex -92.5710678100586 -7.071067810058594 3
  endloop
endfacet
facet normal 0 0 0
  outer loop
    vertex -92.5710678100586 -7.071067810058594 2
    vertex -93.2301025390625 -6.343932628631592 2
    vertex -93.2301025390625 -6.343932628631592 3
  endloop
endfacet
facet normal 0 0 0
  outer loop
    vertex -92.5710678100586 -7.071067810058594 2
    vertex -93.2301025390625 -6.343932628631592 3
    vertex -92.5710678100586 -7.071067810058594 3
  endloop
endfacet
facet normal 0 0 0
  outer loop
    vertex -93.814697265625 -5.555702209472656 2
    vertex -94.65689086914062 -4 2
    vertex -94.3192138671875 -4.713967323303223 2
  endloop
endfacet
facet normal 0 0 0
  outer loop
    vertex -93.2301025390625 -6.343932628631592 2
    vertex -93.19999694824219 -4 2
    vertex -94.65689086914062 -4 2
  endloop
endfacet
facet normal 0 0 0
  outer loop
    vertex -95.0346450805664 -3 2
    vertex -95.0346450805664 3 2
    vertex -95.06940460205078 -2.9028468132019043 2
  endloop
endfacet
facet normal 0 0 0
  outer loop
    vertex -95.06940460205078 -2.9028468132019043 2
    vertex -95.06940460205078 2.9028468132019043 2
    vertex -95.19999694824219 -2.3814756870269775 2
  endloop
endfacet
facet normal 0 0 0
  outer loop
    vertex -95.0346450805664 -3 2
    vertex -93.19999694824219 -3 2
    vertex -95.0346450805664 3 2
  endloop
endfacet
facet normal 0 0 0
  outer loop
    vertex -91.84393310546875 -7.730104446411133 2
    vertex -91.4000015258789 -4 2
    vertex -91.4000015258789 4 2
  endloop
endfacet
facet normal 0 0 0
  outer loop
    vertex -87.4000015258789 -4 2
    vertex -86.4000015258789 -3 2
    vertex -87.4000015258789 -3 2
  endloop
endfacet
facet normal 0 0 0
  outer loop
    vertex -86.48017120361328 -9.951847076416016 2
    vertex -85.5 -10 2
    vertex -85.5 10 2
  endloop
endfacet
facet normal 0 0 0
  outer loop
    vertex -85.5 -10 2
    vertex -84.5999984741211 -4 2
    vertex -84.5999984741211 4 2
  endloop
endfacet
facet normal 0 0 0
  outer loop
    vertex -91.84393310546875 -7.730104446411133 2
    vertex -91.84393310546875 7.730104446411133 2
    vertex -92.5710678100586 -7.071067810058594 2
  endloop
endfacet
facet normal 0 0 0
  outer loop
    vertex -92.5710678100586 -7.071067810058594 2
    vertex -92.5710678100586 7.071067810058594 2
    vertex -93.2301025390625 -6.343932628631592 2
  endloop
endfacet
facet normal 0 0 0
  outer loop
    vertex -93.2301025390625 -6.343932628631592 2
    vertex -92.5710678100586 7.071067810058594 2
    vertex -93.19999694824219 -4 2
  endloop
endfacet
facet normal 0 0 0
  outer loop
    vertex -90.4000015258789 -3 2
    vertex -87.4000015258789 -3 2
    vertex -90.4000015258789 3 2
  endloop
endfacet
facet normal 0 0 0
  outer loop
    vertex -86.48017120361328 -9.951847076416016 2
    vertex -85.5 10 2
    vertex -86.4000015258789 -3 2
  endloop
endfacet
facet normal 0 0 0
  outer loop
    vertex -83.5999984741211 -3 2
    vertex -80.5999984741211 -3 2
    vertex -83.5999984741211 3 2
  endloop
endfacet
facet normal 0 0 0
  outer loop
    vertex -93.814697265625 -5.555702209472656 2
    vertex -94.3192138671875 -4.713967323303223 2
    vertex -94.3192138671875 -4.713967323303223 3
  endloop
endfacet
facet normal 0 0 0
  outer loop
    vertex -94.3192138671875 -4.713967323303223 2
    vertex -94.65689086914062 -4 2
    vertex -94.65689086914062 -4 3
  endloop
endfacet
facet normal 0 0 0
  outer loop
    vertex -95.0346450805664 -3 2
    vertex -95.06940460205078 -2.9028468132019043 2
    vertex -95.06940460205078 -2.9028468132019043 3
  endloop
endfacet
facet normal 0 0 0
  outer loop
    vertex -95.06940460205078 -2.9028468132019043 2
    vertex -95.19999694824219 -2.3814756870269775 2
    vertex -95.19999694824219 -2.3814756870269775 3
  endloop
endfacet
facet normal 0 0 0
  outer loop
    vertex -94.3192138671875 -4.713967323303223 2
    vertex -94.65689086914062 -4 3
    vertex -94.3192138671875 -4.713967323303223 3
  endloop
endfacet
facet normal 0 0 0
  outer loop
    vertex -95.0346450805664 -3 2
    vertex -95.06940460205078 -2.9028468132019043 3
    vertex -95.0346450805664 -3 3
  endloop
endfacet
facet normal 0 0 0
  outer loop
    vertex -95.06940460205078 -2.9028468132019043 2
    vertex -95.19999694824219 -2.3814756870269775 3
    vertex -95.06940460205078 -2.9028468132019043 3
  endloop
endfacet
facet normal 0 0 0
  outer loop
    vertex -95.19999694824219 -2.3814756870269775 2
    vertex -95.06940460205078 2.9028468132019043 2
    vertex -95.19999694824219 2.3814756870269775 2
  endloop
endfacet
facet normal 0 0 0
  outer loop
    vertex -95.06940460205078 -2.9028468132019043 2
    vertex -95.0346450805664 3 2
    vertex -95.06940460205078 2.9028468132019043 2
  endloop
endfacet
facet normal 0 0 0
  outer loop
    vertex -93.19999694824219 -3 2
    vertex -93.19999694824219 3 2
    vertex -95.0346450805664 3 2
  endloop
endfacet
facet normal 0 0 0
  outer loop
    vertex -94.65689086914062 4 2
    vertex -93.19999694824219 4 2
    vertex -94.3192138671875 4.713967323303223 2
  endloop
endfacet
facet normal 0 0 0
  outer loop
    vertex -93.19999694824219 4 2
    vertex -93.814697265625 5.555702209472656 2
    vertex -94.3192138671875 4.713967323303223 2
  endloop
endfacet
facet normal 0 0 0
  outer loop
    vertex -93.19999694824219 -4 2
    vertex -92.5710678100586 7.071067810058594 2
    vertex -93.19999694824219 -3 2
  endloop
endfacet
facet normal 0 0 0
  outer loop
    vertex -87.4000015258789 -3 2
    vertex -87.4000015258789 3 2
    vertex -90.4000015258789 3 2
  endloop
endfacet
facet normal 0 0 0
  outer loop
    vertex -91.84393310546875 -7.730104446411133 2
    vertex -91.4000015258789 4 2
    vertex -91.84393310546875 7.730104446411133 2
  endloop
endfacet
facet normal 0 0 0
  outer loop
    vertex -93.19999694824219 -3 2
    vertex -92.5710678100586 7.071067810058594 2
    vertex -93.19999694824219 3 2
  endloop
endfacet
facet normal 0 0 0
  outer loop
    vertex -80.5999984741211 -3 2
    vertex -80.5999984741211 3 2
    vertex -83.5999984741211 3 2
  endloop
endfacet
facet normal 0 0 0
  outer loop
    vertex -85.5 -10 2
    vertex -84.5999984741211 4 2
    vertex -84.51982879638672 9.951847076416016 2
  endloop
endfacet
facet normal 0 0 0
  outer loop
    vertex -92.5710678100586 -7.071067810058594 2
    vertex -91.84393310546875 7.730104446411133 2
    vertex -92.5710678100586 7.071067810058594 2
  endloop
endfacet
facet normal 0 0 0
  outer loop
    vertex -93.19999694824219 3 2
    vertex -92.5710678100586 7.071067810058594 2
    vertex -93.19999694824219 4 2
  endloop
endfacet
facet normal 0 0 0
  outer loop
    vertex -87.4000015258789 3 2
    vertex -86.4000015258789 3 2
    vertex -87.4000015258789 4 2
  endloop
endfacet
facet normal 0 0 0
  outer loop
    vertex -86.4000015258789 -3 2
    vertex -85.5 10 2
    vertex -86.4000015258789 3 2
  endloop
endfacet
facet normal 0 0 0
  outer loop
    vertex -85.5 -10 2
    vertex -84.51982879638672 9.951847076416016 2
    vertex -85.5 10 2
  endloop
endfacet
facet normal 0 0 0
  outer loop
    vertex -95.19999694824219 2.3814756870269775 2
    vertex -95.06940460205078 2.9028468132019043 2
    vertex -95.06940460205078 2.9028468132019043 3
  endloop
endfacet
facet normal 0 0 0
  outer loop
    vertex -95.06940460205078 2.9028468132019043 2
    vertex -95.0346450805664 3 2
    vertex -95.0346450805664 3 3
  endloop
endfacet
facet normal 0 0 0
  outer loop
    vertex -94.65689086914062 4 2
    vertex -94.3192138671875 4.713967323303223 2
    vertex -94.3192138671875 4.713967323303223 3
  endloop
endfacet
facet normal 0 0 0
  outer loop
    vertex -95.19999694824219 2.3814756870269775 2
    vertex -95.06940460205078 2.9028468132019043 3
    vertex -95.19999694824219 2.3814756870269775 3
  endloop
endfacet
facet normal 0 0 0
  outer loop
    vertex -95.06940460205078 2.9028468132019043 2
    vertex -95.0346450805664 3 3
    vertex -95.06940460205078 2.9028468132019043 3
  endloop
endfacet
facet normal 0 0 0
  outer loop
    vertex -94.65689086914062 4 2
    vertex -94.3192138671875 4.713967323303223 3
    vertex -94.65689086914062 4 3
  endloop
endfacet
facet normal 0 0 0
  outer loop
    vertex -94.3192138671875 4.713967323303223 2
    vertex -93.814697265625 5.555702209472656 3
    vertex -94.3192138671875 4.713967323303223 3
  endloop
endfacet
facet normal 0 0 0
  outer loop
    vertex -93.19999694824219 4 2
    vertex -93.2301025390625 6.343932628631592 2
    vertex -93.814697265625 5.555702209472656 2
  endloop
endfacet
facet normal 0 0 0
  outer loop
    vertex -93.19999694824219 4 2
    vertex -92.5710678100586 7.071067810058594 2
    vertex -93.2301025390625 6.343932628631592 2
  endloop
endfacet
facet normal 0 0 0
  outer loop
    vertex -91.4000015258789 4 2
    vertex -87.4000015258789 4 2
    vertex -91.84393310546875 7.730104446411133 2
  endloop
endfacet
facet normal 0 0 0
  outer loop
    vertex -87.4000015258789 4 2
    vertex -91.05570220947266 8.314696311950684 2
    vertex -91.84393310546875 7.730104446411133 2
  endloop
endfacet
facet normal 0 0 0
  outer loop
    vertex -87.4000015258789 4 2
    vertex -90.2139663696289 8.819212913513184 2
    vertex -91.05570220947266 8.314696311950684 2
  endloop
endfacet
facet normal 0 0 0
  outer loop
    vertex -87.4000015258789 4 2
    vertex -89.32683563232422 9.238795280456543 2
    vertex -90.2139663696289 8.819212913513184 2
  endloop
endfacet
facet normal 0 0 0
  outer loop
    vertex -87.4000015258789 4 2
    vertex -86.4000015258789 3 2
    vertex -86.48017120361328 9.951847076416016 2
  endloop
endfacet
facet normal 0 0 0
  outer loop
    vertex -84.5999984741211 4 2
    vertex -80.5999984741211 4 2
    vertex -84.51982879638672 9.951847076416016 2
  endloop
endfacet
facet normal 0 0 0
  outer loop
    vertex -87.4000015258789 4 2
    vertex -88.40284729003906 9.569403648376465 2
    vertex -89.32683563232422 9.238795280456543 2
  endloop
endfacet
facet normal 0 0 0
  outer loop
    vertex -87.4000015258789 4 2
    vertex -87.4509048461914 9.807852745056152 2
    vertex -88.40284729003906 9.569403648376465 2
  endloop
endfacet
facet normal 0 0 0
  outer loop
    vertex -86.4000015258789 3 2
    vertex -85.5 10 2
    vertex -86.48017120361328 9.951847076416016 2
  endloop
endfacet
facet normal 0 0 0
  outer loop
    vertex -87.4000015258789 4 2
    vertex -86.48017120361328 9.951847076416016 2
    vertex -87.4509048461914 9.807852745056152 2
  endloop
endfacet
facet normal 0 0 0
  outer loop
    vertex -80.5999984741211 4 2
    vertex -81.67316436767578 9.238795280456543 2
    vertex -82.59715270996094 9.569403648376465 2
  endloop
endfacet
facet normal 0 0 0
  outer loop
    vertex -80.5999984741211 4 2
    vertex -82.59715270996094 9.569403648376465 2
    vertex -83.5490951538086 9.807852745056152 2
  endloop
endfacet
facet normal 0 0 0
  outer loop
    vertex -80.5999984741211 4 2
    vertex -83.5490951538086 9.807852745056152 2
    vertex -84.51982879638672 9.951847076416016 2
  endloop
endfacet
facet normal 0 0 0
  outer loop
    vertex -94.3192138671875 4.713967323303223 2
    vertex -93.814697265625 5.555702209472656 2
    vertex -93.814697265625 5.555702209472656 3
  endloop
endfacet
facet normal 0 0 0
  outer loop
    vertex -93.814697265625 5.555702209472656 2
    vertex -93.2301025390625 6.343932628631592 2
    vertex -93.2301025390625 6.343932628631592 3
  endloop
endfacet
facet normal 0 0 0
  outer loop
    vertex -93.814697265625 5.555702209472656 2
    vertex -93.2301025390625 6.343932628631592 3
    vertex -93.814697265625 5.555702209472656 3
  endloop
endfacet
facet normal 0 0 0
  outer loop
    vertex -93.2301025390625 6.343932628631592 2
    vertex -92.5710678100586 7.071067810058594 2
    vertex -92.5710678100586 7.071067810058594 3
  endloop
endfacet
facet normal 0 0 0
  outer loop
    vertex -93.2301025390625 6.343932628631592 2
    vertex -92.5710678100586 7.071067810058594 3
    vertex -93.2301025390625 6.343932628631592 3
  endloop
endfacet
facet normal 0 0 0
  outer loop
    vertex -92.5710678100586 7.071067810058594 2
    vertex -91.84393310546875 7.730104446411133 3
    vertex -92.5710678100586 7.071067810058594 3
  endloop
endfacet
facet normal 0 0 0
  outer loop
    vertex -92.5710678100586 7.071067810058594 2
    vertex -91.84393310546875 7.730104446411133 2
    vertex -91.84393310546875 7.730104446411133 3
  endloop
endfacet
facet normal 0 0 0
  outer loop
    vertex -91.84393310546875 7.730104446411133 2
    vertex -91.05570220947266 8.314696311950684 2
    vertex -91.05570220947266 8.314696311950684 3
  endloop
endfacet
facet normal 0 0 0
  outer loop
    vertex -91.05570220947266 8.314696311950684 2
    vertex -90.2139663696289 8.819212913513184 2
    vertex -90.2139663696289 8.819212913513184 3
  endloop
endfacet
facet normal 0 0 0
  outer loop
    vertex -90.2139663696289 8.819212913513184 2
    vertex -89.32683563232422 9.238795280456543 2
    vertex -89.32683563232422 9.238795280456543 3
  endloop
endfacet
facet normal 0 0 0
  outer loop
    vertex -89.32683563232422 9.238795280456543 2
    vertex -88.40284729003906 9.569403648376465 2
    vertex -88.40284729003906 9.569403648376465 3
  endloop
endfacet
facet normal 0 0 0
  outer loop
    vertex -88.40284729003906 9.569403648376465 2
    vertex -87.4509048461914 9.807852745056152 2
    vertex -87.4509048461914 9.807852745056152 3
  endloop
endfacet
facet normal 0 0 0
  outer loop
    vertex -87.4509048461914 9.807852745056152 2
    vertex -86.48017120361328 9.951847076416016 2
    vertex -86.48017120361328 9.951847076416016 3
  endloop
endfacet
facet normal 0 0 0
  outer loop
    vertex -86.48017120361328 9.951847076416016 2
    vertex -85.5 10 2
    vertex -85.5 10 3
  endloop
endfacet
facet normal 0 0 0
  outer loop
    vertex -85.5 10 2
    vertex -84.51982879638672 9.951847076416016 2
    vertex -84.51982879638672 9.951847076416016 3
  endloop
endfacet
facet normal 0 0 0
  outer loop
    vertex -82.59715270996094 9.569403648376465 2
    vertex -81.67316436767578 9.238795280456543 2
    vertex -81.67316436767578 9.238795280456543 3
  endloop
endfacet
facet normal 0 0 0
  outer loop
    vertex -84.51982879638672 9.951847076416016 2
    vertex -83.5490951538086 9.807852745056152 2
    vertex -83.5490951538086 9.807852745056152 3
  endloop
endfacet
facet normal 0 0 0
  outer loop
    vertex -83.5490951538086 9.807852745056152 2
    vertex -82.59715270996094 9.569403648376465 2
    vertex -82.59715270996094 9.569403648376465 3
  endloop
endfacet
facet normal 0 0 0
  outer loop
    vertex -91.84393310546875 7.730104446411133 2
    vertex -91.05570220947266 8.314696311950684 3
    vertex -91.84393310546875 7.730104446411133 3
  endloop
endfacet
facet normal 0 0 0
  outer loop
    vertex -91.05570220947266 8.314696311950684 2
    vertex -90.2139663696289 8.819212913513184 3
    vertex -91.05570220947266 8.314696311950684 3
  endloop
endfacet
facet normal 0 0 0
  outer loop
    vertex -90.2139663696289 8.819212913513184 2
    vertex -89.32683563232422 9.238795280456543 3
    vertex -90.2139663696289 8.819212913513184 3
  endloop
endfacet
facet normal 0 0 0
  outer loop
    vertex -89.32683563232422 9.238795280456543 2
    vertex -88.40284729003906 9.569403648376465 3
    vertex -89.32683563232422 9.238795280456543 3
  endloop
endfacet
facet normal 0 0 0
  outer loop
    vertex -88.40284729003906 9.569403648376465 2
    vertex -87.4509048461914 9.807852745056152 3
    vertex -88.40284729003906 9.569403648376465 3
  endloop
endfacet
facet normal 0 0 0
  outer loop
    vertex -87.4509048461914 9.807852745056152 2
    vertex -86.48017120361328 9.951847076416016 3
    vertex -87.4509048461914 9.807852745056152 3
  endloop
endfacet
facet normal 0 0 0
  outer loop
    vertex -86.48017120361328 9.951847076416016 2
    vertex -85.5 10 3
    vertex -86.48017120361328 9.951847076416016 3
  endloop
endfacet
facet normal 0 0 0
  outer loop
    vertex -85.5 10 2
    vertex -84.51982879638672 9.951847076416016 3
    vertex -85.5 10 3
  endloop
endfacet
facet normal 0 0 0
  outer loop
    vertex -84.51982879638672 9.951847076416016 2
    vertex -83.5490951538086 9.807852745056152 3
    vertex -84.51982879638672 9.951847076416016 3
  endloop
endfacet
facet normal 0 0 0
  outer loop
    vertex -83.5490951538086 9.807852745056152 2
    vertex -82.59715270996094 9.569403648376465 3
    vertex -83.5490951538086 9.807852745056152 3
  endloop
endfacet
facet normal 0 0 0
  outer loop
    vertex -82.59715270996094 9.569403648376465 2
    vertex -81.67316436767578 9.238795280456543 3
    vertex -82.59715270996094 9.569403648376465 3
  endloop
endfacet
facet normal 0 0 0
  outer loop
    vertex -80.7860336303711 -8.819212913513184 2
    vertex -79.94429779052734 -8.314696311950684 2
    vertex -79.5999984741211 -3 2
  endloop
endfacet
facet normal 0 0 0
  outer loop
    vertex -79.94429779052734 -8.314696311950684 2
    vertex -79.15606689453125 -7.730104446411133 2
    vertex -79.5999984741211 -3 2
  endloop
endfacet
facet normal 0 0 0
  outer loop
    vertex -80.7860336303711 -8.819212913513184 2
    vertex -79.5999984741211 -3 2
    vertex -80.5999984741211 -4 2
  endloop
endfacet
facet normal 0 0 0
  outer loop
    vertex -78.4289321899414 -7.071067810058594 2
    vertex -77.7698974609375 -6.343932628631592 2
    vertex -77.80000305175781 -4 2
  endloop
endfacet
facet normal 0 0 0
  outer loop
    vertex -77.7698974609375 -6.343932628631592 2
    vertex -77.185302734375 -5.555702209472656 2
    vertex -77.80000305175781 -4 2
  endloop
endfacet
facet normal 0 0 0
  outer loop
    vertex -81.67316436767578 -9.238795280456543 2
    vertex -81.67316436767578 -9.238795280456543 3
    vertex -80.7860336303711 -8.819212913513184 2
  endloop
endfacet
facet normal 0 0 0
  outer loop
    vertex -80.7860336303711 -8.819212913513184 2
    vertex -80.7860336303711 -8.819212913513184 3
    vertex -79.94429779052734 -8.314696311950684 2
  endloop
endfacet
facet normal 0 0 0
  outer loop
    vertex -79.94429779052734 -8.314696311950684 2
    vertex -79.94429779052734 -8.314696311950684 3
    vertex -79.15606689453125 -7.730104446411133 2
  endloop
endfacet
facet normal 0 0 0
  outer loop
    vertex -79.15606689453125 -7.730104446411133 2
    vertex -79.15606689453125 -7.730104446411133 3
    vertex -78.4289321899414 -7.071067810058594 2
  endloop
endfacet
facet normal 0 0 0
  outer loop
    vertex -80.7860336303711 -8.819212913513184 2
    vertex -81.67316436767578 -9.238795280456543 3
    vertex -80.7860336303711 -8.819212913513184 3
  endloop
endfacet
facet normal 0 0 0
  outer loop
    vertex -79.94429779052734 -8.314696311950684 2
    vertex -80.7860336303711 -8.819212913513184 3
    vertex -79.94429779052734 -8.314696311950684 3
  endloop
endfacet
facet normal 0 0 0
  outer loop
    vertex -79.15606689453125 -7.730104446411133 2
    vertex -79.94429779052734 -8.314696311950684 3
    vertex -79.15606689453125 -7.730104446411133 3
  endloop
endfacet
facet normal 0 0 0
  outer loop
    vertex -78.4289321899414 -7.071067810058594 2
    vertex -78.4289321899414 -7.071067810058594 3
    vertex -77.7698974609375 -6.343932628631592 2
  endloop
endfacet
facet normal 0 0 0
  outer loop
    vertex -77.7698974609375 -6.343932628631592 2
    vertex -77.7698974609375 -6.343932628631592 3
    vertex -77.185302734375 -5.555702209472656 2
  endloop
endfacet
facet normal 0 0 0
  outer loop
    vertex -77.185302734375 -5.555702209472656 2
    vertex -77.185302734375 -5.555702209472656 3
    vertex -76.6807861328125 -4.713967323303223 2
  endloop
endfacet
facet normal 0 0 0
  outer loop
    vertex -78.4289321899414 -7.071067810058594 2
    vertex -79.15606689453125 -7.730104446411133 3
    vertex -78.4289321899414 -7.071067810058594 3
  endloop
endfacet
facet normal 0 0 0
  outer loop
    vertex -77.7698974609375 -6.343932628631592 2
    vertex -78.4289321899414 -7.071067810058594 3
    vertex -77.7698974609375 -6.343932628631592 3
  endloop
endfacet
facet normal 0 0 0
  outer loop
    vertex -77.185302734375 -5.555702209472656 2
    vertex -77.7698974609375 -6.343932628631592 3
    vertex -77.185302734375 -5.555702209472656 3
  endloop
endfacet
facet normal 0 0 0
  outer loop
    vertex -78.4289321899414 -7.071067810058594 2
    vertex -77.80000305175781 -4 2
    vertex -77.80000305175781 -3 2
  endloop
endfacet
facet normal 0 0 0
  outer loop
    vertex -77.185302734375 -5.555702209472656 2
    vertex -76.6807861328125 -4.713967323303223 2
    vertex -77.80000305175781 -4 2
  endloop
endfacet
facet normal 0 0 0
  outer loop
    vertex -77.80000305175781 -4 2
    vertex -76.6807861328125 -4.713967323303223 2
    vertex -76.34310913085938 -4 2
  endloop
endfacet
facet normal 0 0 0
  outer loop
    vertex -80.5999984741211 -4 2
    vertex -79.5999984741211 -3 2
    vertex -80.5999984741211 -3 2
  endloop
endfacet
facet normal 0 0 0
  outer loop
    vertex -79.15606689453125 -7.730104446411133 2
    vertex -78.4289321899414 -7.071067810058594 2
    vertex -78.4289321899414 7.071067810058594 2
  endloop
endfacet
facet normal 0 0 0
  outer loop
    vertex -78.4289321899414 -7.071067810058594 2
    vertex -77.80000305175781 -3 2
    vertex -77.80000305175781 4 2
  endloop
endfacet
facet normal 0 0 0
  outer loop
    vertex -79.15606689453125 -7.730104446411133 2
    vertex -79.15606689453125 7.730104446411133 2
    vertex -79.5999984741211 -3 2
  endloop
endfacet
facet normal 0 0 0
  outer loop
    vertex -75.9653549194336 -3 2
    vertex -75.93059539794922 -2.9028468132019043 2
    vertex -75.93059539794922 2.9028468132019043 2
  endloop
endfacet
facet normal 0 0 0
  outer loop
    vertex -75.93059539794922 -2.9028468132019043 2
    vertex -75.69214630126953 -1.9509031772613525 2
    vertex -75.69214630126953 1.9509031772613525 2
  endloop
endfacet
facet normal 0 0 0
  outer loop
    vertex -76.80000305175781 -3 2
    vertex -75.9653549194336 -3 2
    vertex -76.6807861328125 4.713967323303223 2
  endloop
endfacet
facet normal 0 0 0
  outer loop
    vertex -75.69214630126953 -1.9509031772613525 2
    vertex -75.54814910888672 -0.9801713824272156 2
    vertex -75.54814910888672 0.9801713824272156 2
  endloop
endfacet
facet normal 0 0 0
  outer loop
    vertex -76.6807861328125 -4.713967323303223 2
    vertex -76.6807861328125 -4.713967323303223 3
    vertex -76.34310913085938 -4 2
  endloop
endfacet
facet normal 0 0 0
  outer loop
    vertex -75.9653549194336 -3 2
    vertex -75.9653549194336 -3 3
    vertex -75.93059539794922 -2.9028468132019043 2
  endloop
endfacet
facet normal 0 0 0
  outer loop
    vertex -75.93059539794922 -2.9028468132019043 2
    vertex -75.93059539794922 -2.9028468132019043 3
    vertex -75.69214630126953 -1.9509031772613525 2
  endloop
endfacet
facet normal 0 0 0
  outer loop
    vertex -76.6807861328125 -4.713967323303223 2
    vertex -77.185302734375 -5.555702209472656 3
    vertex -76.6807861328125 -4.713967323303223 3
  endloop
endfacet
facet normal 0 0 0
  outer loop
    vertex -76.34310913085938 -4 2
    vertex -76.6807861328125 -4.713967323303223 3
    vertex -76.34310913085938 -4 3
  endloop
endfacet
facet normal 0 0 0
  outer loop
    vertex -75.93059539794922 -2.9028468132019043 2
    vertex -75.9653549194336 -3 3
    vertex -75.93059539794922 -2.9028468132019043 3
  endloop
endfacet
facet normal 0 0 0
  outer loop
    vertex -75.69214630126953 -1.9509031772613525 2
    vertex -75.69214630126953 -1.9509031772613525 3
    vertex -75.54814910888672 -0.9801713824272156 2
  endloop
endfacet
facet normal 0 0 0
  outer loop
    vertex -75.54814910888672 -0.9801713824272156 2
    vertex -75.54814910888672 -0.9801713824272156 3
    vertex -75.5 0 2
  endloop
endfacet
facet normal 0 0 0
  outer loop
    vertex -75.69214630126953 -1.9509031772613525 2
    vertex -75.93059539794922 -2.9028468132019043 3
    vertex -75.69214630126953 -1.9509031772613525 3
  endloop
endfacet
facet normal 0 0 0
  outer loop
    vertex -75.54814910888672 -0.9801713824272156 2
    vertex -75.69214630126953 -1.9509031772613525 3
    vertex -75.54814910888672 -0.9801713824272156 3
  endloop
endfacet
facet normal 0 0 0
  outer loop
    vertex -75.5 0 2
    vertex -75.54814910888672 -0.9801713824272156 3
    vertex -75.5 0 3
  endloop
endfacet
facet normal 0 0 0
  outer loop
    vertex -78.4289321899414 -7.071067810058594 2
    vertex -77.80000305175781 4 2
    vertex -77.7698974609375 6.343932628631592 2
  endloop
endfacet
facet normal 0 0 0
  outer loop
    vertex -75.93059539794922 -2.9028468132019043 2
    vertex -75.69214630126953 1.9509031772613525 2
    vertex -75.93059539794922 2.9028468132019043 2
  endloop
endfacet
facet normal 0 0 0
  outer loop
    vertex -75.9653549194336 -3 2
    vertex -75.93059539794922 2.9028468132019043 2
    vertex -76.2612075805664 3.8268344402313232 2
  endloop
endfacet
facet normal 0 0 0
  outer loop
    vertex -79.15606689453125 -7.730104446411133 2
    vertex -78.4289321899414 7.071067810058594 2
    vertex -79.15606689453125 7.730104446411133 2
  endloop
endfacet
facet normal 0 0 0
  outer loop
    vertex -75.9653549194336 -3 2
    vertex -76.2612075805664 3.8268344402313232 2
    vertex -76.6807861328125 4.713967323303223 2
  endloop
endfacet
facet normal 0 0 0
  outer loop
    vertex -78.4289321899414 -7.071067810058594 2
    vertex -77.7698974609375 6.343932628631592 2
    vertex -78.4289321899414 7.071067810058594 2
  endloop
endfacet
facet normal 0 0 0
  outer loop
    vertex -76.80000305175781 -3 2
    vertex -76.6807861328125 4.713967323303223 2
    vertex -76.80000305175781 4 2
  endloop
endfacet
facet normal 0 0 0
  outer loop
    vertex -75.54814910888672 -0.9801713824272156 2
    vertex -75.5 0 2
    vertex -75.54814910888672 0.9801713824272156 2
  endloop
endfacet
facet normal 0 0 0
  outer loop
    vertex -75.69214630126953 -1.9509031772613525 2
    vertex -75.54814910888672 0.9801713824272156 2
    vertex -75.69214630126953 1.9509031772613525 2
  endloop
endfacet
facet normal 0 0 0
  outer loop
    vertex -79.5999984741211 -3 2
    vertex -79.15606689453125 7.730104446411133 2
    vertex -79.5999984741211 3 2
  endloop
endfacet
facet normal 0 0 0
  outer loop
    vertex -80.5999984741211 3 2
    vertex -79.5999984741211 3 2
    vertex -80.5999984741211 4 2
  endloop
endfacet
facet normal 0 0 0
  outer loop
    vertex -77.80000305175781 4 2
    vertex -76.80000305175781 4 2
    vertex -77.7698974609375 6.343932628631592 2
  endloop
endfacet
facet normal 0 0 0
  outer loop
    vertex -76.80000305175781 4 2
    vertex -76.6807861328125 4.713967323303223 2
    vertex -77.185302734375 5.555702209472656 2
  endloop
endfacet
facet normal 0 0 0
  outer loop
    vertex -75.69214630126953 1.9509031772613525 2
    vertex -75.69214630126953 1.9509031772613525 3
    vertex -75.93059539794922 2.9028468132019043 2
  endloop
endfacet
facet normal 0 0 0
  outer loop
    vertex -75.5 0 2
    vertex -75.5 0 3
    vertex -75.54814910888672 0.9801713824272156 2
  endloop
endfacet
facet normal 0 0 0
  outer loop
    vertex -75.54814910888672 0.9801713824272156 2
    vertex -75.54814910888672 0.9801713824272156 3
    vertex -75.69214630126953 1.9509031772613525 2
  endloop
endfacet
facet normal 0 0 0
  outer loop
    vertex -75.54814910888672 0.9801713824272156 2
    vertex -75.5 0 3
    vertex -75.54814910888672 0.9801713824272156 3
  endloop
endfacet
facet normal 0 0 0
  outer loop
    vertex -75.69214630126953 1.9509031772613525 2
    vertex -75.54814910888672 0.9801713824272156 3
    vertex -75.69214630126953 1.9509031772613525 3
  endloop
endfacet
facet normal 0 0 0
  outer loop
    vertex -75.93059539794922 2.9028468132019043 2
    vertex -75.93059539794922 2.9028468132019043 3
    vertex -76.2612075805664 3.8268344402313232 2
  endloop
endfacet
facet normal 0 0 0
  outer loop
    vertex -76.2612075805664 3.8268344402313232 2
    vertex -76.2612075805664 3.8268344402313232 3
    vertex -76.6807861328125 4.713967323303223 2
  endloop
endfacet
facet normal 0 0 0
  outer loop
    vertex -76.6807861328125 4.713967323303223 2
    vertex -76.6807861328125 4.713967323303223 3
    vertex -77.185302734375 5.555702209472656 2
  endloop
endfacet
facet normal 0 0 0
  outer loop
    vertex -75.93059539794922 2.9028468132019043 2
    vertex -75.69214630126953 1.9509031772613525 3
    vertex -75.93059539794922 2.9028468132019043 3
  endloop
endfacet
facet normal 0 0 0
  outer loop
    vertex -76.2612075805664 3.8268344402313232 2
    vertex -75.93059539794922 2.9028468132019043 3
    vertex -76.2612075805664 3.8268344402313232 3
  endloop
endfacet
facet normal 0 0 0
  outer loop
    vertex -76.6807861328125 4.713967323303223 2
    vertex -76.2612075805664 3.8268344402313232 3
    vertex -76.6807861328125 4.713967323303223 3
  endloop
endfacet
facet normal 0 0 0
  outer loop
    vertex -79.5999984741211 3 2
    vertex -79.94429779052734 8.314696311950684 2
    vertex -80.5999984741211 4 2
  endloop
endfacet
facet normal 0 0 0
  outer loop
    vertex -76.80000305175781 4 2
    vertex -77.185302734375 5.555702209472656 2
    vertex -77.7698974609375 6.343932628631592 2
  endloop
endfacet
facet normal 0 0 0
  outer loop
    vertex -79.5999984741211 3 2
    vertex -79.15606689453125 7.730104446411133 2
    vertex -79.94429779052734 8.314696311950684 2
  endloop
endfacet
facet normal 0 0 0
  outer loop
    vertex -80.5999984741211 4 2
    vertex -79.94429779052734 8.314696311950684 2
    vertex -80.7860336303711 8.819212913513184 2
  endloop
endfacet
facet normal 0 0 0
  outer loop
    vertex -80.5999984741211 4 2
    vertex -80.7860336303711 8.819212913513184 2
    vertex -81.67316436767578 9.238795280456543 2
  endloop
endfacet
facet normal 0 0 0
  outer loop
    vertex -77.7698974609375 6.343932628631592 2
    vertex -77.185302734375 5.555702209472656 2
    vertex -77.185302734375 5.555702209472656 3
  endloop
endfacet
facet normal 0 0 0
  outer loop
    vertex -78.4289321899414 7.071067810058594 2
    vertex -78.4289321899414 7.071067810058594 3
    vertex -79.15606689453125 7.730104446411133 2
  endloop
endfacet
facet normal 0 0 0
  outer loop
    vertex -77.7698974609375 6.343932628631592 2
    vertex -77.7698974609375 6.343932628631592 3
    vertex -78.4289321899414 7.071067810058594 2
  endloop
endfacet
facet normal 0 0 0
  outer loop
    vertex -77.185302734375 5.555702209472656 2
    vertex -76.6807861328125 4.713967323303223 3
    vertex -77.185302734375 5.555702209472656 3
  endloop
endfacet
facet normal 0 0 0
  outer loop
    vertex -77.7698974609375 6.343932628631592 2
    vertex -77.185302734375 5.555702209472656 3
    vertex -77.7698974609375 6.343932628631592 3
  endloop
endfacet
facet normal 0 0 0
  outer loop
    vertex -78.4289321899414 7.071067810058594 2
    vertex -77.7698974609375 6.343932628631592 3
    vertex -78.4289321899414 7.071067810058594 3
  endloop
endfacet
facet normal 0 0 0
  outer loop
    vertex -79.15606689453125 7.730104446411133 2
    vertex -79.15606689453125 7.730104446411133 3
    vertex -79.94429779052734 8.314696311950684 2
  endloop
endfacet
facet normal 0 0 0
  outer loop
    vertex -80.7860336303711 8.819212913513184 2
    vertex -79.94429779052734 8.314696311950684 2
    vertex -79.94429779052734 8.314696311950684 3
  endloop
endfacet
facet normal 0 0 0
  outer loop
    vertex -80.7860336303711 8.819212913513184 2
    vertex -80.7860336303711 8.819212913513184 3
    vertex -81.67316436767578 9.238795280456543 2
  endloop
endfacet
facet normal 0 0 0
  outer loop
    vertex -79.15606689453125 7.730104446411133 2
    vertex -78.4289321899414 7.071067810058594 3
    vertex -79.15606689453125 7.730104446411133 3
  endloop
endfacet
facet normal 0 0 0
  outer loop
    vertex -79.94429779052734 8.314696311950684 2
    vertex -79.15606689453125 7.730104446411133 3
    vertex -79.94429779052734 8.314696311950684 3
  endloop
endfacet
facet normal 0 0 0
  outer loop
    vertex -80.7860336303711 8.819212913513184 2
    vertex -79.94429779052734 8.314696311950684 3
    vertex -80.7860336303711 8.819212913513184 3
  endloop
endfacet
facet normal 0 0 0
  outer loop
    vertex -81.67316436767578 9.238795280456543 2
    vertex -80.7860336303711 8.819212913513184 3
    vertex -81.67316436767578 9.238795280456543 3
  endloop
endfacet
facet normal 0 0 0
  outer loop
    vertex -105 -4 1.649999976158142
    vertex -105 -4 3
    vertex -104 -4 1.649999976158142
  endloop
endfacet
facet normal 0 0 0
  outer loop
    vertex -105 -4 1.649999976158142
    vertex -104 -4 1.649999976158142
    vertex -104.875 3 1.649999976158142
  endloop
endfacet
facet normal 0 0 0
  outer loop
    vertex -104 -4 1.649999976158142
    vertex -104 -4 3
    vertex -104 3 1.649999976158142
  endloop
endfacet
facet normal 0 0 0
  outer loop
    vertex -104 -4 1.649999976158142
    vertex -105 -4 3
    vertex -104 -4 3
  endloop
endfacet
facet normal 0 0 0
  outer loop
    vertex -105 -4 1.649999976158142
    vertex -105 3 3
    vertex -105 -4 3
  endloop
endfacet
facet normal 0 0 0
  outer loop
    vertex -105 -4 1.649999976158142
    vertex -104.875 3 1.649999976158142
    vertex -105 3 1.649999976158142
  endloop
endfacet
facet normal 0 0 0
  outer loop
    vertex -104 -4 1.649999976158142
    vertex -104 3 1.649999976158142
    vertex -104.875 3 1.649999976158142
  endloop
endfacet
facet normal 0 0 0
  outer loop
    vertex -105 -4 1.649999976158142
    vertex -105 3 1.649999976158142
    vertex -105 3 3
  endloop
endfacet
facet normal 0 0 0
  outer loop
    vertex -104 3 1.649999976158142
    vertex -104 -4 3
    vertex -104 3 3
  endloop
endfacet
facet normal 0 0 0
  outer loop
    vertex -101 -4 1.649999976158142
    vertex -101 -4 3
    vertex -100 -4 1.649999976158142
  endloop
endfacet
facet normal 0 0 0
  outer loop
    vertex -101 -4 1.649999976158142
    vertex -100 -4 1.649999976158142
    vertex -100.875 3 1.649999976158142
  endloop
endfacet
facet normal 0 0 0
  outer loop
    vertex -101 -4 1.649999976158142
    vertex -101 3 1.649999976158142
    vertex -101 -4 3
  endloop
endfacet
facet normal 0 0 0
  outer loop
    vertex -100 -4 1.649999976158142
    vertex -100 -4 3
    vertex -100 4 1.649999976158142
  endloop
endfacet
facet normal 0 0 0
  outer loop
    vertex -100 -4 1.649999976158142
    vertex -101 -4 3
    vertex -100 -4 3
  endloop
endfacet
facet normal 0 0 0
  outer loop
    vertex -101 -4 1.649999976158142
    vertex -100.875 3 1.649999976158142
    vertex -101 3 1.649999976158142
  endloop
endfacet
facet normal 0 0 0
  outer loop
    vertex -100 -4 1.649999976158142
    vertex -100 4 1.649999976158142
    vertex -100.875 3 1.649999976158142
  endloop
endfacet
facet normal 0 0 0
  outer loop
    vertex -100.875 3 1.649999976158142
    vertex -100 4 1.649999976158142
    vertex -100.8974380493164 3.1794872283935547 1.649999976158142
  endloop
endfacet
facet normal 0 0 0
  outer loop
    vertex -101 3 1.649999976158142
    vertex -101 3 3
    vertex -101 -4 3
  endloop
endfacet
facet normal 0 0 0
  outer loop
    vertex -100 4 1.649999976158142
    vertex -100 -4 3
    vertex -100 4 3
  endloop
endfacet
facet normal 0 0 0
  outer loop
    vertex -103 3 1.649999976158142
    vertex -102.75 3 1.649999976158142
    vertex -100.8974380493164 3.1794872283935547 1.649999976158142
  endloop
endfacet
facet normal 0 0 0
  outer loop
    vertex -105 3 1.649999976158142
    vertex -104.875 3 1.649999976158142
    vertex -105 4 1.649999976158142
  endloop
endfacet
facet normal 0 0 0
  outer loop
    vertex -104.875 3 1.649999976158142
    vertex -104 3 1.649999976158142
    vertex -105 4 1.649999976158142
  endloop
endfacet
facet normal 0 0 0
  outer loop
    vertex -104 3 1.649999976158142
    vertex -103 3 1.649999976158142
    vertex -105 4 1.649999976158142
  endloop
endfacet
facet normal 0 0 0
  outer loop
    vertex -103 3 1.649999976158142
    vertex -100.8974380493164 3.1794872283935547 1.649999976158142
    vertex -105 4 1.649999976158142
  endloop
endfacet
facet normal 0 0 0
  outer loop
    vertex -102.75 3 1.649999976158142
    vertex -102 3 1.649999976158142
    vertex -100.8974380493164 3.1794872283935547 1.649999976158142
  endloop
endfacet
facet normal 0 0 0
  outer loop
    vertex -102 3 1.649999976158142
    vertex -101 3 1.649999976158142
    vertex -100.8974380493164 3.1794872283935547 1.649999976158142
  endloop
endfacet
facet normal 0 0 0
  outer loop
    vertex -101 3 1.649999976158142
    vertex -100.875 3 1.649999976158142
    vertex -100.8974380493164 3.1794872283935547 1.649999976158142
  endloop
endfacet
facet normal 0 0 0
  outer loop
    vertex -100.8974380493164 3.1794872283935547 1.649999976158142
    vertex -100 4 1.649999976158142
    vertex -105 4 1.649999976158142
  endloop
endfacet
facet normal 0 0 0
  outer loop
    vertex -104 3 1.649999976158142
    vertex -104 3 3
    vertex -103 3 1.649999976158142
  endloop
endfacet
facet normal 0 0 0
  outer loop
    vertex -105 3 1.649999976158142
    vertex -105 4 1.649999976158142
    vertex -105 4 3
  endloop
endfacet
facet normal 0 0 0
  outer loop
    vertex -102 3 1.649999976158142
    vertex -102 3 3
    vertex -101 3 1.649999976158142
  endloop
endfacet
facet normal 0 0 0
  outer loop
    vertex -105 4 1.649999976158142
    vertex -100 4 1.649999976158142
    vertex -100 4 3
  endloop
endfacet
facet normal 0 0 0
  outer loop
    vertex -103 3 1.649999976158142
    vertex -104 3 3
    vertex -103 3 3
  endloop
endfacet
facet normal 0 0 0
  outer loop
    vertex -105 3 1.649999976158142
    vertex -105 4 3
    vertex -105 3 3
  endloop
endfacet
facet normal 0 0 0
  outer loop
    vertex -101 3 1.649999976158142
    vertex -102 3 3
    vertex -101 3 3
  endloop
endfacet
facet normal 0 0 0
  outer loop
    vertex -105 4 1.649999976158142
    vertex -100 4 3
    vertex -105 4 3
  endloop
endfacet
facet normal 0 0 0
  outer loop
    vertex -103 0 1.649999976158142
    vertex -102 0 1.649999976158142
    vertex -102.75 3 1.649999976158142
  endloop
endfacet
facet normal 0 0 0
  outer loop
    vertex -103 0 1.649999976158142
    vertex -102.75 3 1.649999976158142
    vertex -103 3 1.649999976158142
  endloop
endfacet
facet normal 0 0 0
  outer loop
    vertex -102 0 1.649999976158142
    vertex -102 3 1.649999976158142
    vertex -102.75 3 1.649999976158142
  endloop
endfacet
facet normal 0 0 0
  outer loop
    vertex -103 0 1.649999976158142
    vertex -103 0 3
    vertex -102 0 1.649999976158142
  endloop
endfacet
facet normal 0 0 0
  outer loop
    vertex -102 0 1.649999976158142
    vertex -102 0 3
    vertex -102 3 1.649999976158142
  endloop
endfacet
facet normal 0 0 0
  outer loop
    vertex -103 0 1.649999976158142
    vertex -103 3 1.649999976158142
    vertex -103 3 3
  endloop
endfacet
facet normal 0 0 0
  outer loop
    vertex -102 0 1.649999976158142
    vertex -103 0 3
    vertex -102 0 3
  endloop
endfacet
facet normal 0 0 0
  outer loop
    vertex -103 0 1.649999976158142
    vertex -103 3 3
    vertex -103 0 3
  endloop
endfacet
facet normal 0 0 0
  outer loop
    vertex -102 3 1.649999976158142
    vertex -102 0 3
    vertex -102 3 3
  endloop
endfacet
facet normal 0 0 0
  outer loop
    vertex -95.25128173828125 -3.5897436141967773 1.649999976158142
    vertex -96.19999694824219 -3 1.649999976158142
    vertex -96.19999694824219 -3.4000000953674316 1.649999976158142
  endloop
endfacet
facet normal 0 0 0
  outer loop
    vertex -95.19999694824219 -3 1.649999976158142
    vertex -95.19999694824219 -3 3
    vertex -95.19999694824219 -2.3814756870269775 2
  endloop
endfacet
facet normal 0 0 0
  outer loop
    vertex -95.25128173828125 -3.5897436141967773 1.649999976158142
    vertex -96.19999694824219 3 1.649999976158142
    vertex -96.19999694824219 -3 1.649999976158142
  endloop
endfacet
facet normal 0 0 0
  outer loop
    vertex -95.25128173828125 -3.5897436141967773 1.649999976158142
    vertex -95.19999694824219 -3 1.649999976158142
    vertex -96.14871978759766 3.5897436141967773 1.649999976158142
  endloop
endfacet
facet normal 0 0 0
  outer loop
    vertex -95.19999694824219 -3 1.649999976158142
    vertex -95.19999694824219 -2.3814756870269775 2
    vertex -95.19999694824219 3 1.649999976158142
  endloop
endfacet
facet normal 0 0 0
  outer loop
    vertex -95.19999694824219 -2.3814756870269775 2
    vertex -95.19999694824219 -3 3
    vertex -95.19999694824219 -2.3814756870269775 3
  endloop
endfacet
facet normal 0 0 0
  outer loop
    vertex -96.19999694824219 -3 1.649999976158142
    vertex -96.19999694824219 3 3
    vertex -96.19999694824219 -3 3
  endloop
endfacet
facet normal 0 0 0
  outer loop
    vertex -95.25128173828125 -3.5897436141967773 1.649999976158142
    vertex -96.14871978759766 3.5897436141967773 1.649999976158142
    vertex -96.19999694824219 3 1.649999976158142
  endloop
endfacet
facet normal 0 0 0
  outer loop
    vertex -95.19999694824219 -3 1.649999976158142
    vertex -95.19999694824219 3 1.649999976158142
    vertex -96.14871978759766 3.5897436141967773 1.649999976158142
  endloop
endfacet
facet normal 0 0 0
  outer loop
    vertex -95.19999694824219 -2.3814756870269775 2
    vertex -95.19999694824219 2.3814756870269775 2
    vertex -95.19999694824219 3 1.649999976158142
  endloop
endfacet
facet normal 0 0 0
  outer loop
    vertex -96.19999694824219 -3 1.649999976158142
    vertex -96.19999694824219 3 1.649999976158142
    vertex -96.19999694824219 3 3
  endloop
endfacet
facet normal 0 0 0
  outer loop
    vertex -96.19999694824219 3 1.649999976158142
    vertex -96.14871978759766 3.5897436141967773 1.649999976158142
    vertex -96.19999694824219 3.5999999046325684 1.649999976158142
  endloop
endfacet
facet normal 0 0 0
  outer loop
    vertex -95.19999694824219 3 1.649999976158142
    vertex -95.19999694824219 2.3814756870269775 2
    vertex -95.19999694824219 3 3
  endloop
endfacet
facet normal 0 0 0
  outer loop
    vertex -95.19999694824219 2.3814756870269775 2
    vertex -95.19999694824219 2.3814756870269775 3
    vertex -95.19999694824219 3 3
  endloop
endfacet
facet normal 0 0 0
  outer loop
    vertex -98.19999694824219 -4 1.649999976158142
    vertex -93.19999694824219 -4 1.649999976158142
    vertex -95.25128173828125 -3.5897436141967773 1.649999976158142
  endloop
endfacet
facet normal 0 0 0
  outer loop
    vertex -98.19999694824219 -4 1.649999976158142
    vertex -94.65689086914062 -4 2
    vertex -93.19999694824219 -4 1.649999976158142
  endloop
endfacet
facet normal 0 0 0
  outer loop
    vertex -98.19999694824219 -4 1.649999976158142
    vertex -96.19999694824219 -3.4000000953674316 1.649999976158142
    vertex -98.19999694824219 -3 1.649999976158142
  endloop
endfacet
facet normal 0 0 0
  outer loop
    vertex -98.19999694824219 -4 1.649999976158142
    vertex -95.25128173828125 -3.5897436141967773 1.649999976158142
    vertex -96.19999694824219 -3.4000000953674316 1.649999976158142
  endloop
endfacet
facet normal 0 0 0
  outer loop
    vertex -98.19999694824219 -3 1.649999976158142
    vertex -96.19999694824219 -3.4000000953674316 1.649999976158142
    vertex -96.19999694824219 -3 1.649999976158142
  endloop
endfacet
facet normal 0 0 0
  outer loop
    vertex -95.25128173828125 -3.5897436141967773 1.649999976158142
    vertex -93.19999694824219 -4 1.649999976158142
    vertex -93.19999694824219 -3 1.649999976158142
  endloop
endfacet
facet normal 0 0 0
  outer loop
    vertex -95.25128173828125 -3.5897436141967773 1.649999976158142
    vertex -93.19999694824219 -3 1.649999976158142
    vertex -95.19999694824219 -3 1.649999976158142
  endloop
endfacet
facet normal 0 0 0
  outer loop
    vertex -95.19999694824219 -3 1.649999976158142
    vertex -93.19999694824219 -3 1.649999976158142
    vertex -93.19999694824219 -3 2
  endloop
endfacet
facet normal 0 0 0
  outer loop
    vertex -93.19999694824219 -4 1.649999976158142
    vertex -94.65689086914062 -4 2
    vertex -93.19999694824219 -4 2
  endloop
endfacet
facet normal 0 0 0
  outer loop
    vertex -98.19999694824219 -4 1.649999976158142
    vertex -98.19999694824219 -4 3
    vertex -94.65689086914062 -4 2
  endloop
endfacet
facet normal 0 0 0
  outer loop
    vertex -95.19999694824219 -3 1.649999976158142
    vertex -93.19999694824219 -3 2
    vertex -95.0346450805664 -3 2
  endloop
endfacet
facet normal 0 0 0
  outer loop
    vertex -98.19999694824219 -4 1.649999976158142
    vertex -98.19999694824219 -3 1.649999976158142
    vertex -98.19999694824219 -3 3
  endloop
endfacet
facet normal 0 0 0
  outer loop
    vertex -98.19999694824219 -3 1.649999976158142
    vertex -96.19999694824219 -3 1.649999976158142
    vertex -96.19999694824219 -3 3
  endloop
endfacet
facet normal 0 0 0
  outer loop
    vertex -95.19999694824219 -3 1.649999976158142
    vertex -95.0346450805664 -3 2
    vertex -95.19999694824219 -3 3
  endloop
endfacet
facet normal 0 0 0
  outer loop
    vertex -93.19999694824219 -4 1.649999976158142
    vertex -93.19999694824219 -4 2
    vertex -93.19999694824219 -3 1.649999976158142
  endloop
endfacet
facet normal 0 0 0
  outer loop
    vertex -93.19999694824219 -4 2
    vertex -93.19999694824219 -3 2
    vertex -93.19999694824219 -3 1.649999976158142
  endloop
endfacet
facet normal 0 0 0
  outer loop
    vertex -98.19999694824219 -4 1.649999976158142
    vertex -98.19999694824219 -3 3
    vertex -98.19999694824219 -4 3
  endloop
endfacet
facet normal 0 0 0
  outer loop
    vertex -98.19999694824219 -3 1.649999976158142
    vertex -96.19999694824219 -3 3
    vertex -98.19999694824219 -3 3
  endloop
endfacet
facet normal 0 0 0
  outer loop
    vertex -94.65689086914062 -4 2
    vertex -98.19999694824219 -4 3
    vertex -94.65689086914062 -4 3
  endloop
endfacet
facet normal 0 0 0
  outer loop
    vertex -95.0346450805664 -3 2
    vertex -95.0346450805664 -3 3
    vertex -95.19999694824219 -3 3
  endloop
endfacet
facet normal 0 0 0
  outer loop
    vertex -98.19999694824219 3 1.649999976158142
    vertex -96.19999694824219 3 1.649999976158142
    vertex -96.19999694824219 3.5999999046325684 1.649999976158142
  endloop
endfacet
facet normal 0 0 0
  outer loop
    vertex -98.19999694824219 3 1.649999976158142
    vertex -96.19999694824219 3.5999999046325684 1.649999976158142
    vertex -98.19999694824219 4 1.649999976158142
  endloop
endfacet
facet normal 0 0 0
  outer loop
    vertex -95.19999694824219 3 1.649999976158142
    vertex -93.19999694824219 3 1.649999976158142
    vertex -96.14871978759766 3.5897436141967773 1.649999976158142
  endloop
endfacet
facet normal 0 0 0
  outer loop
    vertex -96.19999694824219 3.5999999046325684 1.649999976158142
    vertex -96.14871978759766 3.5897436141967773 1.649999976158142
    vertex -93.19999694824219 4 1.649999976158142
  endloop
endfacet
facet normal 0 0 0
  outer loop
    vertex -93.19999694824219 3 1.649999976158142
    vertex -93.19999694824219 4 1.649999976158142
    vertex -96.14871978759766 3.5897436141967773 1.649999976158142
  endloop
endfacet
facet normal 0 0 0
  outer loop
    vertex -95.19999694824219 3 1.649999976158142
    vertex -95.0346450805664 3 2
    vertex -93.19999694824219 3 1.649999976158142
  endloop
endfacet
facet normal 0 0 0
  outer loop
    vertex -98.19999694824219 4 1.649999976158142
    vertex -96.19999694824219 3.5999999046325684 1.649999976158142
    vertex -93.19999694824219 4 1.649999976158142
  endloop
endfacet
facet normal 0 0 0
  outer loop
    vertex -98.19999694824219 4 1.649999976158142
    vertex -93.19999694824219 4 1.649999976158142
    vertex -93.19999694824219 4 2
  endloop
endfacet
facet normal 0 0 0
  outer loop
    vertex -93.19999694824219 3 1.649999976158142
    vertex -95.0346450805664 3 2
    vertex -93.19999694824219 3 2
  endloop
endfacet
facet normal 0 0 0
  outer loop
    vertex -98.19999694824219 3 1.649999976158142
    vertex -98.19999694824219 3 3
    vertex -96.19999694824219 3 1.649999976158142
  endloop
endfacet
facet normal 0 0 0
  outer loop
    vertex -98.19999694824219 3 1.649999976158142
    vertex -98.19999694824219 4 1.649999976158142
    vertex -98.19999694824219 4 3
  endloop
endfacet
facet normal 0 0 0
  outer loop
    vertex -95.19999694824219 3 1.649999976158142
    vertex -95.19999694824219 3 3
    vertex -95.0346450805664 3 2
  endloop
endfacet
facet normal 0 0 0
  outer loop
    vertex -98.19999694824219 4 1.649999976158142
    vertex -93.19999694824219 4 2
    vertex -94.65689086914062 4 2
  endloop
endfacet
facet normal 0 0 0
  outer loop
    vertex -98.19999694824219 4 1.649999976158142
    vertex -94.65689086914062 4 2
    vertex -98.19999694824219 4 3
  endloop
endfacet
facet normal 0 0 0
  outer loop
    vertex -93.19999694824219 3 1.649999976158142
    vertex -93.19999694824219 3 2
    vertex -93.19999694824219 4 1.649999976158142
  endloop
endfacet
facet normal 0 0 0
  outer loop
    vertex -93.19999694824219 3 2
    vertex -93.19999694824219 4 2
    vertex -93.19999694824219 4 1.649999976158142
  endloop
endfacet
facet normal 0 0 0
  outer loop
    vertex -96.19999694824219 3 1.649999976158142
    vertex -98.19999694824219 3 3
    vertex -96.19999694824219 3 3
  endloop
endfacet
facet normal 0 0 0
  outer loop
    vertex -98.19999694824219 3 1.649999976158142
    vertex -98.19999694824219 4 3
    vertex -98.19999694824219 3 3
  endloop
endfacet
facet normal 0 0 0
  outer loop
    vertex -95.0346450805664 3 2
    vertex -95.19999694824219 3 3
    vertex -95.0346450805664 3 3
  endloop
endfacet
facet normal 0 0 0
  outer loop
    vertex -94.65689086914062 4 2
    vertex -94.65689086914062 4 3
    vertex -98.19999694824219 4 3
  endloop
endfacet
facet normal 0 0 0
  outer loop
    vertex -91.4000015258789 -4 1.649999976158142
    vertex -90.49677276611328 -3.225806474685669 1.649999976158142
    vertex -91.4000015258789 3 1.649999976158142
  endloop
endfacet
facet normal 0 0 0
  outer loop
    vertex -90.49677276611328 -3.225806474685669 1.649999976158142
    vertex -90.5250015258789 -3 1.649999976158142
    vertex -91.4000015258789 3 1.649999976158142
  endloop
endfacet
facet normal 0 0 0
  outer loop
    vertex -90.5250015258789 -3 1.649999976158142
    vertex -90.4000015258789 -3 1.649999976158142
    vertex -90.4000015258789 3 1.649999976158142
  endloop
endfacet
facet normal 0 0 0
  outer loop
    vertex -90.4000015258789 -3 1.649999976158142
    vertex -90.4000015258789 -3 2
    vertex -90.4000015258789 3 1.649999976158142
  endloop
endfacet
facet normal 0 0 0
  outer loop
    vertex -91.4000015258789 -4 1.649999976158142
    vertex -91.4000015258789 4 2
    vertex -91.4000015258789 -4 2
  endloop
endfacet
facet normal 0 0 0
  outer loop
    vertex -90.5250015258789 -3 1.649999976158142
    vertex -91.2750015258789 3 1.649999976158142
    vertex -91.4000015258789 3 1.649999976158142
  endloop
endfacet
facet normal 0 0 0
  outer loop
    vertex -90.5250015258789 -3 1.649999976158142
    vertex -90.4000015258789 3 1.649999976158142
    vertex -91.2750015258789 3 1.649999976158142
  endloop
endfacet
facet normal 0 0 0
  outer loop
    vertex -91.4000015258789 -4 1.649999976158142
    vertex -91.4000015258789 3 1.649999976158142
    vertex -91.4000015258789 4 2
  endloop
endfacet
facet normal 0 0 0
  outer loop
    vertex -90.4000015258789 -3 2
    vertex -90.4000015258789 3 2
    vertex -90.4000015258789 3 1.649999976158142
  endloop
endfacet
facet normal 0 0 0
  outer loop
    vertex -91.4000015258789 3 1.649999976158142
    vertex -91.4000015258789 4 1.649999976158142
    vertex -91.4000015258789 4 2
  endloop
endfacet
facet normal 0 0 0
  outer loop
    vertex -91.4000015258789 -4 1.649999976158142
    vertex -91.4000015258789 -4 2
    vertex -87.4000015258789 -4 1.649999976158142
  endloop
endfacet
facet normal 0 0 0
  outer loop
    vertex -90.49677276611328 -3.225806474685669 1.649999976158142
    vertex -90.4000015258789 -3 1.649999976158142
    vertex -90.5250015258789 -3 1.649999976158142
  endloop
endfacet
facet normal 0 0 0
  outer loop
    vertex -91.4000015258789 -4 1.649999976158142
    vertex -87.4000015258789 -4 1.649999976158142
    vertex -90.49677276611328 -3.225806474685669 1.649999976158142
  endloop
endfacet
facet normal 0 0 0
  outer loop
    vertex -87.4000015258789 -4 1.649999976158142
    vertex -87.4000015258789 -3 1.649999976158142
    vertex -90.49677276611328 -3.225806474685669 1.649999976158142
  endloop
endfacet
facet normal 0 0 0
  outer loop
    vertex -90.49677276611328 -3.225806474685669 1.649999976158142
    vertex -87.4000015258789 -3 1.649999976158142
    vertex -90.4000015258789 -3 1.649999976158142
  endloop
endfacet
facet normal 0 0 0
  outer loop
    vertex -90.4000015258789 -3 1.649999976158142
    vertex -87.4000015258789 -3 1.649999976158142
    vertex -87.4000015258789 -3 2
  endloop
endfacet
facet normal 0 0 0
  outer loop
    vertex -87.4000015258789 -4 1.649999976158142
    vertex -87.4000015258789 -4 2
    vertex -87.4000015258789 -3 1.649999976158142
  endloop
endfacet
facet normal 0 0 0
  outer loop
    vertex -87.4000015258789 -4 1.649999976158142
    vertex -91.4000015258789 -4 2
    vertex -87.4000015258789 -4 2
  endloop
endfacet
facet normal 0 0 0
  outer loop
    vertex -90.4000015258789 -3 1.649999976158142
    vertex -87.4000015258789 -3 2
    vertex -90.4000015258789 -3 2
  endloop
endfacet
facet normal 0 0 0
  outer loop
    vertex -87.4000015258789 -4 2
    vertex -87.4000015258789 -3 2
    vertex -87.4000015258789 -3 1.649999976158142
  endloop
endfacet
facet normal 0 0 0
  outer loop
    vertex -91.4000015258789 3 1.649999976158142
    vertex -91.2750015258789 3 1.649999976158142
    vertex -91.4000015258789 4 1.649999976158142
  endloop
endfacet
facet normal 0 0 0
  outer loop
    vertex -91.2750015258789 3 1.649999976158142
    vertex -90.4000015258789 3 1.649999976158142
    vertex -91.4000015258789 4 1.649999976158142
  endloop
endfacet
facet normal 0 0 0
  outer loop
    vertex -90.4000015258789 3 1.649999976158142
    vertex -87.4000015258789 3 1.649999976158142
    vertex -91.4000015258789 4 1.649999976158142
  endloop
endfacet
facet normal 0 0 0
  outer loop
    vertex -87.4000015258789 3 1.649999976158142
    vertex -87.4000015258789 4 1.649999976158142
    vertex -91.4000015258789 4 1.649999976158142
  endloop
endfacet
facet normal 0 0 0
  outer loop
    vertex -90.4000015258789 3 1.649999976158142
    vertex -90.4000015258789 3 2
    vertex -87.4000015258789 3 1.649999976158142
  endloop
endfacet
facet normal 0 0 0
  outer loop
    vertex -91.4000015258789 4 1.649999976158142
    vertex -87.4000015258789 4 1.649999976158142
    vertex -87.4000015258789 4 2
  endloop
endfacet
facet normal 0 0 0
  outer loop
    vertex -87.4000015258789 3 1.649999976158142
    vertex -87.4000015258789 3 2
    vertex -87.4000015258789 4 1.649999976158142
  endloop
endfacet
facet normal 0 0 0
  outer loop
    vertex -87.4000015258789 3 1.649999976158142
    vertex -90.4000015258789 3 2
    vertex -87.4000015258789 3 2
  endloop
endfacet
facet normal 0 0 0
  outer loop
    vertex -91.4000015258789 4 1.649999976158142
    vertex -87.4000015258789 4 2
    vertex -91.4000015258789 4 2
  endloop
endfacet
facet normal 0 0 0
  outer loop
    vertex -87.4000015258789 3 2
    vertex -87.4000015258789 4 2
    vertex -87.4000015258789 4 1.649999976158142
  endloop
endfacet
facet normal 0 0 0
  outer loop
    vertex -87.4000015258789 -3 1.649999976158142
    vertex -86.4000015258789 -3 2
    vertex -86.4000015258789 -3 1.649999976158142
  endloop
endfacet
facet normal 0 0 0
  outer loop
    vertex -87.4000015258789 -3 1.649999976158142
    vertex -87.4000015258789 -3 2
    vertex -86.4000015258789 -3 2
  endloop
endfacet
facet normal 0 0 0
  outer loop
    vertex -87.4000015258789 -3 1.649999976158142
    vertex -86.4000015258789 -3 1.649999976158142
    vertex -87.4000015258789 3 1.649999976158142
  endloop
endfacet
facet normal 0 0 0
  outer loop
    vertex -86.4000015258789 -3 1.649999976158142
    vertex -86.4000015258789 -3 2
    vertex -86.4000015258789 3 1.649999976158142
  endloop
endfacet
facet normal 0 0 0
  outer loop
    vertex -87.4000015258789 -3 1.649999976158142
    vertex -87.4000015258789 3 2
    vertex -87.4000015258789 -3 2
  endloop
endfacet
facet normal 0 0 0
  outer loop
    vertex -86.4000015258789 -3 1.649999976158142
    vertex -86.4000015258789 3 1.649999976158142
    vertex -87.4000015258789 3 1.649999976158142
  endloop
endfacet
facet normal 0 0 0
  outer loop
    vertex -87.4000015258789 -3 1.649999976158142
    vertex -87.4000015258789 3 1.649999976158142
    vertex -87.4000015258789 3 2
  endloop
endfacet
facet normal 0 0 0
  outer loop
    vertex -86.4000015258789 -3 2
    vertex -86.4000015258789 3 2
    vertex -86.4000015258789 3 1.649999976158142
  endloop
endfacet
facet normal 0 0 0
  outer loop
    vertex -87.4000015258789 3 1.649999976158142
    vertex -86.4000015258789 3 1.649999976158142
    vertex -86.4000015258789 3 2
  endloop
endfacet
facet normal 0 0 0
  outer loop
    vertex -87.4000015258789 3 1.649999976158142
    vertex -86.4000015258789 3 2
    vertex -87.4000015258789 3 2
  endloop
endfacet
facet normal 0 0 0
  outer loop
    vertex -84.5999984741211 -4 1.649999976158142
    vertex -83.69677734375 -3.225806474685669 1.649999976158142
    vertex -84.5999984741211 3 1.649999976158142
  endloop
endfacet
facet normal 0 0 0
  outer loop
    vertex -83.69677734375 -3.225806474685669 1.649999976158142
    vertex -83.7249984741211 -3 1.649999976158142
    vertex -84.5999984741211 3 1.649999976158142
  endloop
endfacet
facet normal 0 0 0
  outer loop
    vertex -83.7249984741211 -3 1.649999976158142
    vertex -83.5999984741211 -3 1.649999976158142
    vertex -83.5999984741211 3 1.649999976158142
  endloop
endfacet
facet normal 0 0 0
  outer loop
    vertex -83.5999984741211 -3 1.649999976158142
    vertex -83.5999984741211 -3 2
    vertex -83.5999984741211 3 1.649999976158142
  endloop
endfacet
facet normal 0 0 0
  outer loop
    vertex -84.5999984741211 -4 1.649999976158142
    vertex -84.5999984741211 4 2
    vertex -84.5999984741211 -4 2
  endloop
endfacet
facet normal 0 0 0
  outer loop
    vertex -83.7249984741211 -3 1.649999976158142
    vertex -84.4749984741211 3 1.649999976158142
    vertex -84.5999984741211 3 1.649999976158142
  endloop
endfacet
facet normal 0 0 0
  outer loop
    vertex -83.7249984741211 -3 1.649999976158142
    vertex -83.5999984741211 3 1.649999976158142
    vertex -84.4749984741211 3 1.649999976158142
  endloop
endfacet
facet normal 0 0 0
  outer loop
    vertex -84.5999984741211 -4 1.649999976158142
    vertex -84.5999984741211 3 1.649999976158142
    vertex -84.5999984741211 4 2
  endloop
endfacet
facet normal 0 0 0
  outer loop
    vertex -83.5999984741211 -3 2
    vertex -83.5999984741211 3 2
    vertex -83.5999984741211 3 1.649999976158142
  endloop
endfacet
facet normal 0 0 0
  outer loop
    vertex -84.5999984741211 3 1.649999976158142
    vertex -84.5999984741211 4 1.649999976158142
    vertex -84.5999984741211 4 2
  endloop
endfacet
facet normal 0 0 0
  outer loop
    vertex -84.5999984741211 -4 1.649999976158142
    vertex -84.5999984741211 -4 2
    vertex -80.5999984741211 -4 1.649999976158142
  endloop
endfacet
facet normal 0 0 0
  outer loop
    vertex -84.5999984741211 -4 1.649999976158142
    vertex -80.5999984741211 -4 1.649999976158142
    vertex -83.69677734375 -3.225806474685669 1.649999976158142
  endloop
endfacet
facet normal 0 0 0
  outer loop
    vertex -80.5999984741211 -4 1.649999976158142
    vertex -80.5999984741211 -3 1.649999976158142
    vertex -83.69677734375 -3.225806474685669 1.649999976158142
  endloop
endfacet
facet normal 0 0 0
  outer loop
    vertex -83.69677734375 -3.225806474685669 1.649999976158142
    vertex -83.5999984741211 -3 1.649999976158142
    vertex -83.7249984741211 -3 1.649999976158142
  endloop
endfacet
facet normal 0 0 0
  outer loop
    vertex -83.69677734375 -3.225806474685669 1.649999976158142
    vertex -80.5999984741211 -3 1.649999976158142
    vertex -83.5999984741211 -3 1.649999976158142
  endloop
endfacet
facet normal 0 0 0
  outer loop
    vertex -83.5999984741211 -3 1.649999976158142
    vertex -80.5999984741211 -3 1.649999976158142
    vertex -80.5999984741211 -3 2
  endloop
endfacet
facet normal 0 0 0
  outer loop
    vertex -80.5999984741211 -4 1.649999976158142
    vertex -84.5999984741211 -4 2
    vertex -80.5999984741211 -4 2
  endloop
endfacet
facet normal 0 0 0
  outer loop
    vertex -83.5999984741211 -3 1.649999976158142
    vertex -80.5999984741211 -3 2
    vertex -83.5999984741211 -3 2
  endloop
endfacet
facet normal 0 0 0
  outer loop
    vertex -80.5999984741211 -4 1.649999976158142
    vertex -80.5999984741211 -4 2
    vertex -80.5999984741211 -3 1.649999976158142
  endloop
endfacet
facet normal 0 0 0
  outer loop
    vertex -80.5999984741211 -4 2
    vertex -80.5999984741211 -3 2
    vertex -80.5999984741211 -3 1.649999976158142
  endloop
endfacet
facet normal 0 0 0
  outer loop
    vertex -84.5999984741211 3 1.649999976158142
    vertex -84.4749984741211 3 1.649999976158142
    vertex -84.5999984741211 4 1.649999976158142
  endloop
endfacet
facet normal 0 0 0
  outer loop
    vertex -84.4749984741211 3 1.649999976158142
    vertex -83.5999984741211 3 1.649999976158142
    vertex -84.5999984741211 4 1.649999976158142
  endloop
endfacet
facet normal 0 0 0
  outer loop
    vertex -83.5999984741211 3 1.649999976158142
    vertex -80.5999984741211 3 1.649999976158142
    vertex -84.5999984741211 4 1.649999976158142
  endloop
endfacet
facet normal 0 0 0
  outer loop
    vertex -80.5999984741211 3 1.649999976158142
    vertex -80.5999984741211 4 1.649999976158142
    vertex -84.5999984741211 4 1.649999976158142
  endloop
endfacet
facet normal 0 0 0
  outer loop
    vertex -83.5999984741211 3 1.649999976158142
    vertex -83.5999984741211 3 2
    vertex -80.5999984741211 3 1.649999976158142
  endloop
endfacet
facet normal 0 0 0
  outer loop
    vertex -84.5999984741211 4 1.649999976158142
    vertex -80.5999984741211 4 1.649999976158142
    vertex -80.5999984741211 4 2
  endloop
endfacet
facet normal 0 0 0
  outer loop
    vertex -80.5999984741211 3 1.649999976158142
    vertex -83.5999984741211 3 2
    vertex -80.5999984741211 3 2
  endloop
endfacet
facet normal 0 0 0
  outer loop
    vertex -84.5999984741211 4 1.649999976158142
    vertex -80.5999984741211 4 2
    vertex -84.5999984741211 4 2
  endloop
endfacet
facet normal 0 0 0
  outer loop
    vertex -80.5999984741211 3 1.649999976158142
    vertex -80.5999984741211 3 2
    vertex -80.5999984741211 4 1.649999976158142
  endloop
endfacet
facet normal 0 0 0
  outer loop
    vertex -80.5999984741211 3 2
    vertex -80.5999984741211 4 2
    vertex -80.5999984741211 4 1.649999976158142
  endloop
endfacet
facet normal 0 0 0
  outer loop
    vertex -80.5999984741211 -3 1.649999976158142
    vertex -79.5999984741211 -3 2
    vertex -79.5999984741211 -3 1.649999976158142
  endloop
endfacet
facet normal 0 0 0
  outer loop
    vertex -80.5999984741211 -3 1.649999976158142
    vertex -80.5999984741211 -3 2
    vertex -79.5999984741211 -3 2
  endloop
endfacet
facet normal 0 0 0
  outer loop
    vertex -80.5999984741211 -3 1.649999976158142
    vertex -79.5999984741211 -3 1.649999976158142
    vertex -80.5999984741211 3 1.649999976158142
  endloop
endfacet
facet normal 0 0 0
  outer loop
    vertex -79.5999984741211 -3 1.649999976158142
    vertex -79.5999984741211 -3 2
    vertex -79.5999984741211 3 1.649999976158142
  endloop
endfacet
facet normal 0 0 0
  outer loop
    vertex -80.5999984741211 -3 1.649999976158142
    vertex -80.5999984741211 3 2
    vertex -80.5999984741211 -3 2
  endloop
endfacet
facet normal 0 0 0
  outer loop
    vertex -79.5999984741211 -3 1.649999976158142
    vertex -79.5999984741211 3 1.649999976158142
    vertex -80.5999984741211 3 1.649999976158142
  endloop
endfacet
facet normal 0 0 0
  outer loop
    vertex -80.5999984741211 -3 1.649999976158142
    vertex -80.5999984741211 3 1.649999976158142
    vertex -80.5999984741211 3 2
  endloop
endfacet
facet normal 0 0 0
  outer loop
    vertex -79.5999984741211 -3 2
    vertex -79.5999984741211 3 2
    vertex -79.5999984741211 3 1.649999976158142
  endloop
endfacet
facet normal 0 0 0
  outer loop
    vertex -80.5999984741211 3 1.649999976158142
    vertex -79.5999984741211 3 1.649999976158142
    vertex -79.5999984741211 3 2
  endloop
endfacet
facet normal 0 0 0
  outer loop
    vertex -80.5999984741211 3 1.649999976158142
    vertex -79.5999984741211 3 2
    vertex -80.5999984741211 3 2
  endloop
endfacet
facet normal 0 0 0
  outer loop
    vertex -77.80000305175781 -3 1.649999976158142
    vertex -76.92500305175781 -3 1.649999976158142
    vertex -77.80000305175781 4 1.649999976158142
  endloop
endfacet
facet normal 0 0 0
  outer loop
    vertex -76.92500305175781 -3 1.649999976158142
    vertex -76.80000305175781 -3 1.649999976158142
    vertex -76.80000305175781 4 1.649999976158142
  endloop
endfacet
facet normal 0 0 0
  outer loop
    vertex -76.80000305175781 -3 1.649999976158142
    vertex -76.80000305175781 -3 2
    vertex -76.80000305175781 4 1.649999976158142
  endloop
endfacet
facet normal 0 0 0
  outer loop
    vertex -77.80000305175781 -3 1.649999976158142
    vertex -77.80000305175781 4 2
    vertex -77.80000305175781 -3 2
  endloop
endfacet
facet normal 0 0 0
  outer loop
    vertex -76.92500305175781 -3 1.649999976158142
    vertex -76.80000305175781 4 1.649999976158142
    vertex -77.80000305175781 4 1.649999976158142
  endloop
endfacet
facet normal 0 0 0
  outer loop
    vertex -77.80000305175781 -3 1.649999976158142
    vertex -77.80000305175781 4 1.649999976158142
    vertex -77.80000305175781 4 2
  endloop
endfacet
facet normal 0 0 0
  outer loop
    vertex -76.80000305175781 -3 2
    vertex -76.80000305175781 4 2
    vertex -76.80000305175781 4 1.649999976158142
  endloop
endfacet
facet normal 0 0 0
  outer loop
    vertex -77.80000305175781 4 1.649999976158142
    vertex -76.80000305175781 4 1.649999976158142
    vertex -76.80000305175781 4 2
  endloop
endfacet
facet normal 0 0 0
  outer loop
    vertex -77.80000305175781 4 1.649999976158142
    vertex -76.80000305175781 4 2
    vertex -77.80000305175781 4 2
  endloop
endfacet
facet normal 0 0 0
  outer loop
    vertex -77.80000305175781 -4 1.649999976158142
    vertex -77.80000305175781 -4 2
    vertex -72.80000305175781 -4 1.649999976158142
  endloop
endfacet
facet normal 0 0 0
  outer loop
    vertex -77.80000305175781 -4 1.649999976158142
    vertex -72.80000305175781 -4 1.649999976158142
    vertex -77.80000305175781 -3 1.649999976158142
  endloop
endfacet
facet normal 0 0 0
  outer loop
    vertex -77.80000305175781 -3 1.649999976158142
    vertex -72.80000305175781 -4 1.649999976158142
    vertex -76.92500305175781 -3 1.649999976158142
  endloop
endfacet
facet normal 0 0 0
  outer loop
    vertex -77.80000305175781 -4 1.649999976158142
    vertex -77.80000305175781 -3 1.649999976158142
    vertex -77.80000305175781 -3 2
  endloop
endfacet
facet normal 0 0 0
  outer loop
    vertex -76.92500305175781 -3 1.649999976158142
    vertex -72.80000305175781 -4 1.649999976158142
    vertex -76.80000305175781 -3 1.649999976158142
  endloop
endfacet
facet normal 0 0 0
  outer loop
    vertex -76.80000305175781 -3 1.649999976158142
    vertex -72.80000305175781 -4 1.649999976158142
    vertex -72.80000305175781 -3 1.649999976158142
  endloop
endfacet
facet normal 0 0 0
  outer loop
    vertex -77.80000305175781 -4 1.649999976158142
    vertex -77.80000305175781 -3 2
    vertex -77.80000305175781 -4 2
  endloop
endfacet
facet normal 0 0 0
  outer loop
    vertex -76.80000305175781 -3 1.649999976158142
    vertex -75.9653549194336 -3 2
    vertex -76.80000305175781 -3 2
  endloop
endfacet
facet normal 0 0 0
  outer loop
    vertex -77.80000305175781 -4 2
    vertex -76.34310913085938 -4 2
    vertex -72.80000305175781 -4 1.649999976158142
  endloop
endfacet
facet normal 0 0 0
  outer loop
    vertex -76.34310913085938 -4 2
    vertex -72.80000305175781 -4 3
    vertex -72.80000305175781 -4 1.649999976158142
  endloop
endfacet
facet normal 0 0 0
  outer loop
    vertex -72.80000305175781 -4 1.649999976158142
    vertex -72.80000305175781 -4 3
    vertex -72.80000305175781 -3 1.649999976158142
  endloop
endfacet
facet normal 0 0 0
  outer loop
    vertex -76.80000305175781 -3 1.649999976158142
    vertex -72.80000305175781 -3 1.649999976158142
    vertex -72.80000305175781 -3 3
  endloop
endfacet
facet normal 0 0 0
  outer loop
    vertex -76.80000305175781 -3 1.649999976158142
    vertex -72.80000305175781 -3 3
    vertex -75.9653549194336 -3 2
  endloop
endfacet
facet normal 0 0 0
  outer loop
    vertex -72.80000305175781 -3 1.649999976158142
    vertex -72.80000305175781 -4 3
    vertex -72.80000305175781 -3 3
  endloop
endfacet
facet normal 0 0 0
  outer loop
    vertex -76.34310913085938 -4 2
    vertex -76.34310913085938 -4 3
    vertex -72.80000305175781 -4 3
  endloop
endfacet
facet normal 0 0 0
  outer loop
    vertex -75.9653549194336 -3 2
    vertex -72.80000305175781 -3 3
    vertex -75.9653549194336 -3 3
  endloop
endfacet
facet normal 0 0 0
  outer loop
    vertex -71 -4 1.649999976158142
    vertex -70 -4 1.649999976158142
    vertex -70.1025619506836 -3.1794872283935547 1.649999976158142
  endloop
endfacet
facet normal 0 0 0
  outer loop
    vertex -71 -4 1.649999976158142
    vertex -71 -4 3
    vertex -70 -4 1.649999976158142
  endloop
endfacet
facet normal 0 0 0
  outer loop
    vertex -71 -4 1.649999976158142
    vertex -70.1025619506836 -3.1794872283935547 1.649999976158142
    vertex -70.54838562011719 0.3870967626571655 1.649999976158142
  endloop
endfacet
facet normal 0 0 0
  outer loop
    vertex -70.1025619506836 -3.1794872283935547 1.649999976158142
    vertex -70 -3 1.649999976158142
    vertex -70 -0.5 1.649999976158142
  endloop
endfacet
facet normal 0 0 0
  outer loop
    vertex -70.1025619506836 -3.1794872283935547 1.649999976158142
    vertex -70 -0.5 1.649999976158142
    vertex -70.54838562011719 0.3870967626571655 1.649999976158142
  endloop
endfacet
facet normal 0 0 0
  outer loop
    vertex -70 -3 1.649999976158142
    vertex -70 -3 3
    vertex -70 -0.5 1.649999976158142
  endloop
endfacet
facet normal 0 0 0
  outer loop
    vertex -70 -4 1.649999976158142
    vertex -71 -4 3
    vertex -70 -4 3
  endloop
endfacet
facet normal 0 0 0
  outer loop
    vertex -71 -4 1.649999976158142
    vertex -71 4 3
    vertex -71 -4 3
  endloop
endfacet
facet normal 0 0 0
  outer loop
    vertex -70 -0.5 1.649999976158142
    vertex -70 -3 3
    vertex -70 -0.5 3
  endloop
endfacet
facet normal 0 0 0
  outer loop
    vertex -71 -4 1.649999976158142
    vertex -70.54838562011719 0.3870967626571655 1.649999976158142
    vertex -71 4 1.649999976158142
  endloop
endfacet
facet normal 0 0 0
  outer loop
    vertex -70.54838562011719 0.3870967626571655 1.649999976158142
    vertex -70 0.5 1.649999976158142
    vertex -70 3 1.649999976158142
  endloop
endfacet
facet normal 0 0 0
  outer loop
    vertex -70.54838562011719 0.3870967626571655 1.649999976158142
    vertex -70 3 1.649999976158142
    vertex -71 4 1.649999976158142
  endloop
endfacet
facet normal 0 0 0
  outer loop
    vertex -71 -4 1.649999976158142
    vertex -71 4 1.649999976158142
    vertex -71 4 3
  endloop
endfacet
facet normal 0 0 0
  outer loop
    vertex -70 0.5 1.649999976158142
    vertex -70 0.5 3
    vertex -70 3 1.649999976158142
  endloop
endfacet
facet normal 0 0 0
  outer loop
    vertex -70 3 1.649999976158142
    vertex -70 4 1.649999976158142
    vertex -71 4 1.649999976158142
  endloop
endfacet
facet normal 0 0 0
  outer loop
    vertex -71 4 1.649999976158142
    vertex -70 4 1.649999976158142
    vertex -70 4 3
  endloop
endfacet
facet normal 0 0 0
  outer loop
    vertex -70 3 1.649999976158142
    vertex -70 0.5 3
    vertex -70 3 3
  endloop
endfacet
facet normal 0 0 0
  outer loop
    vertex -71 4 1.649999976158142
    vertex -70 4 3
    vertex -71 4 3
  endloop
endfacet
facet normal 0 0 0
  outer loop
    vertex -70 -4 1.649999976158142
    vertex -66 -4 1.649999976158142
    vertex -70.1025619506836 -3.1794872283935547 1.649999976158142
  endloop
endfacet
facet normal 0 0 0
  outer loop
    vertex -66 -4 1.649999976158142
    vertex -70 -3 1.649999976158142
    vertex -70.1025619506836 -3.1794872283935547 1.649999976158142
  endloop
endfacet
facet normal 0 0 0
  outer loop
    vertex -66 -4 1.649999976158142
    vertex -66 -3 1.649999976158142
    vertex -70 -3 1.649999976158142
  endloop
endfacet
facet normal 0 0 0
  outer loop
    vertex -70 -4 1.649999976158142
    vertex -70 -4 3
    vertex -66 -4 1.649999976158142
  endloop
endfacet
facet normal 0 0 0
  outer loop
    vertex -70 -3 1.649999976158142
    vertex -66 -3 1.649999976158142
    vertex -66 -3 3
  endloop
endfacet
facet normal 0 0 0
  outer loop
    vertex -66 -4 1.649999976158142
    vertex -66 -4 3
    vertex -66 -3 1.649999976158142
  endloop
endfacet
facet normal 0 0 0
  outer loop
    vertex -66 -4 1.649999976158142
    vertex -70 -4 3
    vertex -66 -4 3
  endloop
endfacet
facet normal 0 0 0
  outer loop
    vertex -70 -3 1.649999976158142
    vertex -66 -3 3
    vertex -70 -3 3
  endloop
endfacet
facet normal 0 0 0
  outer loop
    vertex -66 -3 1.649999976158142
    vertex -66 -4 3
    vertex -66 -3 3
  endloop
endfacet
facet normal 0 0 0
  outer loop
    vertex -70 -0.5 1.649999976158142
    vertex -67 -0.5 1.649999976158142
    vertex -70.54838562011719 0.3870967626571655 1.649999976158142
  endloop
endfacet
facet normal 0 0 0
  outer loop
    vertex -70 -0.5 1.649999976158142
    vertex -70 -0.5 3
    vertex -67 -0.5 1.649999976158142
  endloop
endfacet
facet normal 0 0 0
  outer loop
    vertex -67 -0.5 1.649999976158142
    vertex -67 -0.5 3
    vertex -67 0.5 1.649999976158142
  endloop
endfacet
facet normal 0 0 0
  outer loop
    vertex -67 -0.5 1.649999976158142
    vertex -70 -0.5 3
    vertex -67 -0.5 3
  endloop
endfacet
facet normal 0 0 0
  outer loop
    vertex -67 -0.5 1.649999976158142
    vertex -70 0.5 1.649999976158142
    vertex -70.54838562011719 0.3870967626571655 1.649999976158142
  endloop
endfacet
facet normal 0 0 0
  outer loop
    vertex -67 -0.5 1.649999976158142
    vertex -67 0.5 1.649999976158142
    vertex -70 0.5 1.649999976158142
  endloop
endfacet
facet normal 0 0 0
  outer loop
    vertex -70 0.5 1.649999976158142
    vertex -67 0.5 1.649999976158142
    vertex -67 0.5 3
  endloop
endfacet
facet normal 0 0 0
  outer loop
    vertex -70 0.5 1.649999976158142
    vertex -67 0.5 3
    vertex -70 0.5 3
  endloop
endfacet
facet normal 0 0 0
  outer loop
    vertex -67 0.5 1.649999976158142
    vertex -67 -0.5 3
    vertex -67 0.5 3
  endloop
endfacet
facet normal 0 0 0
  outer loop
    vertex -70 3 1.649999976158142
    vertex -66 3 1.649999976158142
    vertex -70 4 1.649999976158142
  endloop
endfacet
facet normal 0 0 0
  outer loop
    vertex -66 3 1.649999976158142
    vertex -66 4 1.649999976158142
    vertex -70 4 1.649999976158142
  endloop
endfacet
facet normal 0 0 0
  outer loop
    vertex -70 3 1.649999976158142
    vertex -70 3 3
    vertex -66 3 1.649999976158142
  endloop
endfacet
facet normal 0 0 0
  outer loop
    vertex -66 3 1.649999976158142
    vertex -66 3 3
    vertex -66 4 1.649999976158142
  endloop
endfacet
facet normal 0 0 0
  outer loop
    vertex -70 4 1.649999976158142
    vertex -66 4 1.649999976158142
    vertex -66 4 3
  endloop
endfacet
facet normal 0 0 0
  outer loop
    vertex -66 3 1.649999976158142
    vertex -70 3 3
    vertex -66 3 3
  endloop
endfacet
facet normal 0 0 0
  outer loop
    vertex -66 4 1.649999976158142
    vertex -66 3 3
    vertex -66 4 3
  endloop
endfacet
facet normal 0 0 0
  outer loop
    vertex -70 4 1.649999976158142
    vertex -66 4 3
    vertex -70 4 3
  endloop
endfacet
facet normal 0 0 0
  outer loop
    vertex 2.7424137592315674 6.75 2
    vertex 5.051815032958984 6.75 2
    vertex 8.599544525146484 12.894847869873047 2
  endloop
endfacet
facet normal 0 0 0
  outer loop
    vertex 2.7424137592315674 6.75 2
    vertex 6.859619140625 13.881209373474121 3
    vertex 2.7424137592315674 6.75 3
  endloop
endfacet
facet normal 0 0 0
  outer loop
    vertex 5.051815032958984 6.75 2
    vertex 5.051815032958984 6.75 3
    vertex 8.599544525146484 12.894847869873047 3
  endloop
endfacet
facet normal 0 0 0
  outer loop
    vertex 2.7424137592315674 6.75 2
    vertex 8.599544525146484 12.894847869873047 2
    vertex 7.306649208068848 13.669779777526855 2
  endloop
endfacet
facet normal 0 0 0
  outer loop
    vertex 2.7424137592315674 6.75 2
    vertex 7.306649208068848 13.669779777526855 2
    vertex 6.859619140625 13.881209373474121 2
  endloop
endfacet
facet normal 0 0 0
  outer loop
    vertex 2.7424137592315674 6.75 2
    vertex 6.859619140625 13.881209373474121 2
    vertex 6.859619140625 13.881209373474121 3
  endloop
endfacet
facet normal 0 0 0
  outer loop
    vertex 5.051815032958984 6.75 2
    vertex 8.599544525146484 12.894847869873047 3
    vertex 8.599544525146484 12.894847869873047 2
  endloop
endfacet
facet normal 0 0 0
  outer loop
    vertex 2.7424137592315674 6.75 -2
    vertex 2.7424137592315674 6.75 -3
    vertex 6.859619140625 13.881209373474121 -3
  endloop
endfacet
facet normal 0 0 0
  outer loop
    vertex 5.051815032958984 6.75 -2
    vertex 8.599544525146484 12.894847869873047 -3
    vertex 5.051815032958984 6.75 -3
  endloop
endfacet
facet normal 0 0 0
  outer loop
    vertex 2.7424137592315674 6.75 -2
    vertex 6.859619140625 13.881209373474121 -2
    vertex 5.051815032958984 6.75 -2
  endloop
endfacet
facet normal 0 0 0
  outer loop
    vertex 2.7424137592315674 6.75 -2
    vertex 6.859619140625 13.881209373474121 -3
    vertex 6.859619140625 13.881209373474121 -2
  endloop
endfacet
facet normal 0 0 0
  outer loop
    vertex 5.051815032958984 6.75 -2
    vertex 8.599544525146484 12.894847869873047 -2
    vertex 8.599544525146484 12.894847869873047 -3
  endloop
endfacet
facet normal 0 0 0
  outer loop
    vertex 5.051815032958984 6.75 -2
    vertex 6.859619140625 13.881209373474121 -2
    vertex 7.306649208068848 13.669779777526855 -2
  endloop
endfacet
facet normal 0 0 0
  outer loop
    vertex 5.051815032958984 6.75 -2
    vertex 7.306649208068848 13.669779777526855 -2
    vertex 8.599544525146484 12.894847869873047 -2
  endloop
endfacet
facet normal 0 0 0
  outer loop
    vertex -1 6.667302131652832 2
    vertex -0.6616156697273254 6.717496871948242 2
    vertex 0 15.5 2
  endloop
endfacet
facet normal 0 0 0
  outer loop
    vertex -0.6616156697273254 6.717496871948242 2
    vertex 0 6.75 2
    vertex 1 15.450873374938965 2
  endloop
endfacet
facet normal 0 0 0
  outer loop
    vertex 0 6.75 2
    vertex 1 6.75 2
    vertex 1 15.450873374938965 2
  endloop
endfacet
facet normal 0 0 0
  outer loop
    vertex -1 6.667302131652832 2
    vertex -1 15.450873374938965 3
    vertex -1 6.667302131652832 3
  endloop
endfacet
facet normal 0 0 0
  outer loop
    vertex 1 6.75 2
    vertex 1 6.75 3
    vertex 1 15.450873374938965 3
  endloop
endfacet
facet normal 0 0 0
  outer loop
    vertex -1 6.667302131652832 2
    vertex 0 15.5 2
    vertex -1 15.450873374938965 2
  endloop
endfacet
facet normal 0 0 0
  outer loop
    vertex -0.6616156697273254 6.717496871948242 2
    vertex 1 15.450873374938965 2
    vertex 0 15.5 2
  endloop
endfacet
facet normal 0 0 0
  outer loop
    vertex -1 6.667302131652832 2
    vertex -1 15.450873374938965 2
    vertex -1 15.450873374938965 3
  endloop
endfacet
facet normal 0 0 0
  outer loop
    vertex 1 6.75 2
    vertex 1 15.450873374938965 3
    vertex 1 15.450873374938965 2
  endloop
endfacet
facet normal 0 0 0
  outer loop
    vertex -1 6.667302131652832 -2
    vertex -1 6.667302131652832 -3
    vertex -1 15.450873374938965 -3
  endloop
endfacet
facet normal 0 0 0
  outer loop
    vertex 1 6.75 -2
    vertex 1 15.450873374938965 -3
    vertex 1 6.75 -3
  endloop
endfacet
facet normal 0 0 0
  outer loop
    vertex -1 6.667302131652832 -2
    vertex -1 15.450873374938965 -2
    vertex -0.6616156697273254 6.717496871948242 -2
  endloop
endfacet
facet normal 0 0 0
  outer loop
    vertex -0.6616156697273254 6.717496871948242 -2
    vertex 0 15.5 -2
    vertex 0 6.75 -2
  endloop
endfacet
facet normal 0 0 0
  outer loop
    vertex 0 6.75 -2
    vertex 0 15.5 -2
    vertex 1 6.75 -2
  endloop
endfacet
facet normal 0 0 0
  outer loop
    vertex -1 6.667302131652832 -2
    vertex -1 15.450873374938965 -3
    vertex -1 15.450873374938965 -2
  endloop
endfacet
facet normal 0 0 0
  outer loop
    vertex 1 6.75 -2
    vertex 1 15.450873374938965 -2
    vertex 1 15.450873374938965 -3
  endloop
endfacet
facet normal 0 0 0
  outer loop
    vertex -0.6616156697273254 6.717496871948242 -2
    vertex -1 15.450873374938965 -2
    vertex 0 15.5 -2
  endloop
endfacet
facet normal 0 0 0
  outer loop
    vertex 1 6.75 -2
    vertex 0 15.5 -2
    vertex 1 15.450873374938965 -2
  endloop
endfacet
facet normal 0 0 0
  outer loop
    vertex -5.421601295471191 4.007388114929199 2
    vertex -7.5000996589660645 6.085886478424072 3
    vertex -5.421601295471191 4.007388114929199 3
  endloop
endfacet
facet normal 0 0 0
  outer loop
    vertex -5.421601295471191 4.007388114929199 2
    vertex -5.217820644378662 4.282154560089111 2
    vertex -14.5 15 2
  endloop
endfacet
facet normal 0 0 0
  outer loop
    vertex -5.217820644378662 4.282154560089111 2
    vertex -4.772970676422119 4.772970676422119 2
    vertex -13.538553237915039 14.952767372131348 2
  endloop
endfacet
facet normal 0 0 0
  outer loop
    vertex -4.772970676422119 4.772970676422119 2
    vertex -4.282154560089111 5.217820644378662 2
    vertex -13.538553237915039 14.952767372131348 2
  endloop
endfacet
facet normal 0 0 0
  outer loop
    vertex -4.282154560089111 5.217820644378662 2
    vertex -4.007388114929199 5.421601295471191 2
    vertex -13.538553237915039 14.952767372131348 2
  endloop
endfacet
facet normal 0 0 0
  outer loop
    vertex -4.007388114929199 5.421601295471191 2
    vertex -4.007388114929199 5.421601295471191 3
    vertex -7.461179733276367 8.87539291381836 3
  endloop
endfacet
facet normal 0 0 0
  outer loop
    vertex -5.421601295471191 4.007388114929199 2
    vertex -16.29396629333496 14.879753112792969 2
    vertex -7.5000996589660645 6.085886478424072 3
  endloop
endfacet
facet normal 0 0 0
  outer loop
    vertex -4.007388114929199 5.421601295471191 2
    vertex -7.461179733276367 8.87539291381836 3
    vertex -7.548054218292236 8.962267875671387 3
  endloop
endfacet
facet normal 0 0 0
  outer loop
    vertex -4.007388114929199 5.421601295471191 2
    vertex -7.548054218292236 8.962267875671387 3
    vertex -7.912664890289307 9.326878547668457 3
  endloop
endfacet
facet normal 0 0 0
  outer loop
    vertex -7.5000996589660645 6.085886478424072 3
    vertex -16.29396629333496 14.879753112792969 2
    vertex -7.692206859588623 6.277993202209473 3
  endloop
endfacet
facet normal 0 0 0
  outer loop
    vertex -7.692206859588623 6.277993202209473 3
    vertex -16.29396629333496 14.879753112792969 2
    vertex -8.007386207580566 6.593172550201416 3
  endloop
endfacet
facet normal 0 0 0
  outer loop
    vertex -4.007388114929199 5.421601295471191 2
    vertex -7.912664890289307 9.326878547668457 3
    vertex -13.538553237915039 14.952767372131348 3
  endloop
endfacet
facet normal 0 0 0
  outer loop
    vertex -5.421601295471191 4.007388114929199 2
    vertex -15.970256805419922 14.927770614624023 2
    vertex -16.29396629333496 14.879753112792969 2
  endloop
endfacet
facet normal 0 0 0
  outer loop
    vertex -5.421601295471191 4.007388114929199 2
    vertex -14.5 15 2
    vertex -15.970256805419922 14.927770614624023 2
  endloop
endfacet
facet normal 0 0 0
  outer loop
    vertex -16.29396629333496 14.879753112792969 3
    vertex -8.007386207580566 6.593172550201416 3
    vertex -16.29396629333496 14.879753112792969 2
  endloop
endfacet
facet normal 0 0 0
  outer loop
    vertex -5.217820644378662 4.282154560089111 2
    vertex -13.538553237915039 14.952767372131348 2
    vertex -14.5 15 2
  endloop
endfacet
facet normal 0 0 0
  outer loop
    vertex -4.007388114929199 5.421601295471191 2
    vertex -13.538553237915039 14.952767372131348 3
    vertex -13.538553237915039 14.952767372131348 2
  endloop
endfacet
facet normal 0 0 0
  outer loop
    vertex -5.421601295471191 4.007388114929199 -2
    vertex -5.421601295471191 4.007388114929199 -3
    vertex -7.5000996589660645 6.085886478424072 -3
  endloop
endfacet
facet normal 0 0 0
  outer loop
    vertex -5.421601295471191 4.007388114929199 -2
    vertex -7.5000996589660645 6.085886478424072 -3
    vertex -7.692206859588623 6.277993202209473 -3
  endloop
endfacet
facet normal 0 0 0
  outer loop
    vertex -5.421601295471191 4.007388114929199 -2
    vertex -7.692206859588623 6.277993202209473 -3
    vertex -8.007386207580566 6.593172550201416 -3
  endloop
endfacet
facet normal 0 0 0
  outer loop
    vertex -5.421601295471191 4.007388114929199 -2
    vertex -8.007386207580566 6.593172550201416 -3
    vertex -8.902704238891602 7.488490581512451 -3
  endloop
endfacet
facet normal 0 0 0
  outer loop
    vertex -5.421601295471191 4.007388114929199 -2
    vertex -9.064712524414062 7.65049934387207 -3
    vertex -10.145730018615723 8.731515884399414 -3
  endloop
endfacet
facet normal 0 0 0
  outer loop
    vertex -5.421601295471191 4.007388114929199 -2
    vertex -10.145730018615723 8.731515884399414 -3
    vertex -10.409015655517578 8.99480152130127 -3
  endloop
endfacet
facet normal 0 0 0
  outer loop
    vertex -5.421601295471191 4.007388114929199 -2
    vertex -8.902704238891602 7.488490581512451 -3
    vertex -9.064712524414062 7.65049934387207 -3
  endloop
endfacet
facet normal 0 0 0
  outer loop
    vertex -4.007388114929199 5.421601295471191 -2
    vertex -7.461179733276367 8.87539291381836 -3
    vertex -4.007388114929199 5.421601295471191 -3
  endloop
endfacet
facet normal 0 0 0
  outer loop
    vertex -5.421601295471191 4.007388114929199 -2
    vertex -10.409015655517578 8.99480152130127 -3
    vertex -11.57364559173584 10.159431457519531 -3
  endloop
endfacet
facet normal 0 0 0
  outer loop
    vertex -5.421601295471191 4.007388114929199 -2
    vertex -11.57364559173584 10.159431457519531 -3
    vertex -11.632523536682129 10.218310356140137 -3
  endloop
endfacet
facet normal 0 0 0
  outer loop
    vertex -5.421601295471191 4.007388114929199 -2
    vertex -11.632523536682129 10.218310356140137 -3
    vertex -14.148154258728027 12.733941078186035 -3
  endloop
endfacet
facet normal 0 0 0
  outer loop
    vertex -4.007388114929199 5.421601295471191 -2
    vertex -13.538553237915039 14.952767372131348 -2
    vertex -7.461179733276367 8.87539291381836 -3
  endloop
endfacet
facet normal 0 0 0
  outer loop
    vertex -5.421601295471191 4.007388114929199 -2
    vertex -16.29396629333496 14.879753112792969 -2
    vertex -5.217820644378662 4.282154560089111 -2
  endloop
endfacet
facet normal 0 0 0
  outer loop
    vertex -5.217820644378662 4.282154560089111 -2
    vertex -14.5 15 -2
    vertex -4.772970676422119 4.772970676422119 -2
  endloop
endfacet
facet normal 0 0 0
  outer loop
    vertex -4.772970676422119 4.772970676422119 -2
    vertex -14.5 15 -2
    vertex -4.282154560089111 5.217820644378662 -2
  endloop
endfacet
facet normal 0 0 0
  outer loop
    vertex -4.282154560089111 5.217820644378662 -2
    vertex -13.538553237915039 14.952767372131348 -2
    vertex -4.007388114929199 5.421601295471191 -2
  endloop
endfacet
facet normal 0 0 0
  outer loop
    vertex -5.421601295471191 4.007388114929199 -2
    vertex -14.148154258728027 12.733941078186035 -3
    vertex -16.29396629333496 14.879753112792969 -3
  endloop
endfacet
facet normal 0 0 0
  outer loop
    vertex -5.421601295471191 4.007388114929199 -2
    vertex -16.29396629333496 14.879753112792969 -3
    vertex -16.29396629333496 14.879753112792969 -2
  endloop
endfacet
facet normal 0 0 0
  outer loop
    vertex -10.218310356140137 11.632523536682129 -3
    vertex -10.145730018615723 11.559943199157715 -3
    vertex -13.538553237915039 14.952767372131348 -2
  endloop
endfacet
facet normal 0 0 0
  outer loop
    vertex -10.218310356140137 11.632523536682129 -3
    vertex -13.538553237915039 14.952767372131348 -2
    vertex -13.538553237915039 14.952767372131348 -3
  endloop
endfacet
facet normal 0 0 0
  outer loop
    vertex -5.217820644378662 4.282154560089111 -2
    vertex -16.29396629333496 14.879753112792969 -2
    vertex -15.970256805419922 14.927770614624023 -2
  endloop
endfacet
facet normal 0 0 0
  outer loop
    vertex -5.217820644378662 4.282154560089111 -2
    vertex -15.970256805419922 14.927770614624023 -2
    vertex -14.5 15 -2
  endloop
endfacet
facet normal 0 0 0
  outer loop
    vertex -7.548054218292236 8.962267875671387 -3
    vertex -13.538553237915039 14.952767372131348 -2
    vertex -7.912664890289307 9.326878547668457 -3
  endloop
endfacet
facet normal 0 0 0
  outer loop
    vertex -7.461179733276367 8.87539291381836 -3
    vertex -13.538553237915039 14.952767372131348 -2
    vertex -7.548054218292236 8.962267875671387 -3
  endloop
endfacet
facet normal 0 0 0
  outer loop
    vertex -8.759748458862305 10.173961639404297 -3
    vertex -7.912664890289307 9.326878547668457 -3
    vertex -13.538553237915039 14.952767372131348 -2
  endloop
endfacet
facet normal 0 0 0
  outer loop
    vertex -8.759748458862305 10.173961639404297 -3
    vertex -13.538553237915039 14.952767372131348 -2
    vertex -8.932268142700195 10.346481323242188 -3
  endloop
endfacet
facet normal 0 0 0
  outer loop
    vertex -10.145730018615723 11.559943199157715 -3
    vertex -8.932268142700195 10.346481323242188 -3
    vertex -13.538553237915039 14.952767372131348 -2
  endloop
endfacet
facet normal 0 0 0
  outer loop
    vertex -4.282154560089111 5.217820644378662 -2
    vertex -14.5 15 -2
    vertex -13.538553237915039 14.952767372131348 -2
  endloop
endfacet
facet normal 0 0 0
  outer loop
    vertex -4.007388114929199 -5.421601295471191 2
    vertex -15.970256805419922 -14.927770614624023 2
    vertex -14.5 -15 2
  endloop
endfacet
facet normal 0 0 0
  outer loop
    vertex -5.217820644378662 -4.282154560089111 2
    vertex -16.29396629333496 -14.879753112792969 2
    vertex -15.970256805419922 -14.927770614624023 2
  endloop
endfacet
facet normal 0 0 0
  outer loop
    vertex -13.538553237915039 -14.952767372131348 3
    vertex -8.582204818725586 -9.996417999267578 3
    vertex -13.538553237915039 -14.952767372131348 2
  endloop
endfacet
facet normal 0 0 0
  outer loop
    vertex -5.421601295471191 -4.007388114929199 2
    vertex -16.29396629333496 -14.879753112792969 3
    vertex -16.29396629333496 -14.879753112792969 2
  endloop
endfacet
facet normal 0 0 0
  outer loop
    vertex -4.007388114929199 -5.421601295471191 2
    vertex -14.5 -15 2
    vertex -13.538553237915039 -14.952767372131348 2
  endloop
endfacet
facet normal 0 0 0
  outer loop
    vertex -8.582204818725586 -9.996417999267578 3
    vertex -8.565275192260742 -9.979488372802734 3
    vertex -13.538553237915039 -14.952767372131348 2
  endloop
endfacet
facet normal 0 0 0
  outer loop
    vertex -7.7123494148254395 -9.12656307220459 3
    vertex -13.538553237915039 -14.952767372131348 2
    vertex -8.565275192260742 -9.979488372802734 3
  endloop
endfacet
facet normal 0 0 0
  outer loop
    vertex -4.282154560089111 -5.217820644378662 2
    vertex -4.772970676422119 -4.772970676422119 2
    vertex -15.970256805419922 -14.927770614624023 2
  endloop
endfacet
facet normal 0 0 0
  outer loop
    vertex -4.772970676422119 -4.772970676422119 2
    vertex -5.217820644378662 -4.282154560089111 2
    vertex -15.970256805419922 -14.927770614624023 2
  endloop
endfacet
facet normal 0 0 0
  outer loop
    vertex -5.217820644378662 -4.282154560089111 2
    vertex -5.421601295471191 -4.007388114929199 2
    vertex -16.29396629333496 -14.879753112792969 2
  endloop
endfacet
facet normal 0 0 0
  outer loop
    vertex -4.007388114929199 -5.421601295471191 2
    vertex -4.282154560089111 -5.217820644378662 2
    vertex -15.970256805419922 -14.927770614624023 2
  endloop
endfacet
facet normal 0 0 0
  outer loop
    vertex -4.007388114929199 -5.421601295471191 2
    vertex -13.538553237915039 -14.952767372131348 2
    vertex -7.7123494148254395 -9.12656307220459 3
  endloop
endfacet
facet normal 0 0 0
  outer loop
    vertex -5.421601295471191 -4.007388114929199 2
    vertex -8.480684280395508 -7.066470146179199 3
    vertex -16.29396629333496 -14.879753112792969 3
  endloop
endfacet
facet normal 0 0 0
  outer loop
    vertex -4.007388114929199 -5.421601295471191 2
    vertex -7.7123494148254395 -9.12656307220459 3
    vertex -4.499412536621094 -5.913626194000244 3
  endloop
endfacet
facet normal 0 0 0
  outer loop
    vertex -5.421601295471191 -4.007388114929199 2
    vertex -8.40476131439209 -6.9905476570129395 3
    vertex -8.480684280395508 -7.066470146179199 3
  endloop
endfacet
facet normal 0 0 0
  outer loop
    vertex -5.421601295471191 -4.007388114929199 2
    vertex -7.672327518463135 -6.258113861083984 3
    vertex -8.40476131439209 -6.9905476570129395 3
  endloop
endfacet
facet normal 0 0 0
  outer loop
    vertex -4.007388114929199 -5.421601295471191 2
    vertex -4.499412536621094 -5.913626194000244 3
    vertex -4.104916095733643 -5.519129753112793 3
  endloop
endfacet
facet normal 0 0 0
  outer loop
    vertex -4.007388114929199 -5.421601295471191 2
    vertex -4.104916095733643 -5.519129753112793 3
    vertex -4.007388114929199 -5.421601295471191 3
  endloop
endfacet
facet normal 0 0 0
  outer loop
    vertex -5.421601295471191 -4.007388114929199 2
    vertex -5.421601295471191 -4.007388114929199 3
    vertex -7.672327518463135 -6.258113861083984 3
  endloop
endfacet
facet normal 0 0 0
  outer loop
    vertex -16.29396629333496 -14.879753112792969 -3
    vertex -14.602452278137207 -13.188238143920898 -3
    vertex -16.29396629333496 -14.879753112792969 -2
  endloop
endfacet
facet normal 0 0 0
  outer loop
    vertex -10.145730018615723 -8.731515884399414 -3
    vertex -16.29396629333496 -14.879753112792969 -2
    vertex -14.602452278137207 -13.188238143920898 -3
  endloop
endfacet
facet normal 0 0 0
  outer loop
    vertex -8.480684280395508 -7.066470146179199 -3
    vertex -16.29396629333496 -14.879753112792969 -2
    vertex -10.145730018615723 -8.731515884399414 -3
  endloop
endfacet
facet normal 0 0 0
  outer loop
    vertex -5.421601295471191 -4.007388114929199 -2
    vertex -15.970256805419922 -14.927770614624023 -2
    vertex -16.29396629333496 -14.879753112792969 -2
  endloop
endfacet
facet normal 0 0 0
  outer loop
    vertex -5.217820644378662 -4.282154560089111 -2
    vertex -14.5 -15 -2
    vertex -15.970256805419922 -14.927770614624023 -2
  endloop
endfacet
facet normal 0 0 0
  outer loop
    vertex -4.007388114929199 -5.421601295471191 -2
    vertex -8.582204818725586 -9.996417999267578 -3
    vertex -13.538553237915039 -14.952767372131348 -3
  endloop
endfacet
facet normal 0 0 0
  outer loop
    vertex -4.007388114929199 -5.421601295471191 -2
    vertex -13.538553237915039 -14.952767372131348 -3
    vertex -13.538553237915039 -14.952767372131348 -2
  endloop
endfacet
facet normal 0 0 0
  outer loop
    vertex -4.282154560089111 -5.217820644378662 -2
    vertex -13.538553237915039 -14.952767372131348 -2
    vertex -14.5 -15 -2
  endloop
endfacet
facet normal 0 0 0
  outer loop
    vertex -8.40476131439209 -6.9905476570129395 -3
    vertex -16.29396629333496 -14.879753112792969 -2
    vertex -8.480684280395508 -7.066470146179199 -3
  endloop
endfacet
facet normal 0 0 0
  outer loop
    vertex -7.672327518463135 -6.258113861083984 -3
    vertex -16.29396629333496 -14.879753112792969 -2
    vertex -8.40476131439209 -6.9905476570129395 -3
  endloop
endfacet
facet normal 0 0 0
  outer loop
    vertex -8.565275192260742 -9.979488372802734 -3
    vertex -8.582204818725586 -9.996417999267578 -3
    vertex -4.007388114929199 -5.421601295471191 -2
  endloop
endfacet
facet normal 0 0 0
  outer loop
    vertex -4.007388114929199 -5.421601295471191 -2
    vertex -7.7123494148254395 -9.12656307220459 -3
    vertex -8.565275192260742 -9.979488372802734 -3
  endloop
endfacet
facet normal 0 0 0
  outer loop
    vertex -5.421601295471191 -4.007388114929199 -2
    vertex -16.29396629333496 -14.879753112792969 -2
    vertex -7.672327518463135 -6.258113861083984 -3
  endloop
endfacet
facet normal 0 0 0
  outer loop
    vertex -4.007388114929199 -5.421601295471191 -2
    vertex -4.007388114929199 -5.421601295471191 -3
    vertex -7.7123494148254395 -9.12656307220459 -3
  endloop
endfacet
facet normal 0 0 0
  outer loop
    vertex -5.217820644378662 -4.282154560089111 -2
    vertex -15.970256805419922 -14.927770614624023 -2
    vertex -5.421601295471191 -4.007388114929199 -2
  endloop
endfacet
facet normal 0 0 0
  outer loop
    vertex -4.007388114929199 -5.421601295471191 -2
    vertex -13.538553237915039 -14.952767372131348 -2
    vertex -4.282154560089111 -5.217820644378662 -2
  endloop
endfacet
facet normal 0 0 0
  outer loop
    vertex -4.282154560089111 -5.217820644378662 -2
    vertex -14.5 -15 -2
    vertex -4.772970676422119 -4.772970676422119 -2
  endloop
endfacet
facet normal 0 0 0
  outer loop
    vertex -4.772970676422119 -4.772970676422119 -2
    vertex -14.5 -15 -2
    vertex -5.217820644378662 -4.282154560089111 -2
  endloop
endfacet
facet normal 0 0 0
  outer loop
    vertex -5.421601295471191 -4.007388114929199 -2
    vertex -7.672327518463135 -6.258113861083984 -3
    vertex -5.421601295471191 -4.007388114929199 -3
  endloop
endfacet
facet normal 0 0 0
  outer loop
    vertex 0 -6.75 2
    vertex -1 -15.450873374938965 2
    vertex 0 -15.5 2
  endloop
endfacet
facet normal 0 0 0
  outer loop
    vertex 1 -6.75 2
    vertex 0 -15.5 2
    vertex 1 -15.450873374938965 2
  endloop
endfacet
facet normal 0 0 0
  outer loop
    vertex -1 -6.667302131652832 2
    vertex -1 -15.450873374938965 3
    vertex -1 -15.450873374938965 2
  endloop
endfacet
facet normal 0 0 0
  outer loop
    vertex 1 -6.75 2
    vertex 1 -15.450873374938965 2
    vertex 1 -15.450873374938965 3
  endloop
endfacet
facet normal 0 0 0
  outer loop
    vertex -0.6616156697273254 -6.717496871948242 2
    vertex -1 -6.667302131652832 2
    vertex -1 -15.450873374938965 2
  endloop
endfacet
facet normal 0 0 0
  outer loop
    vertex -0.6616156697273254 -6.717496871948242 2
    vertex -1 -15.450873374938965 2
    vertex 0 -6.75 2
  endloop
endfacet
facet normal 0 0 0
  outer loop
    vertex 0 -6.75 2
    vertex 0 -15.5 2
    vertex 1 -6.75 2
  endloop
endfacet
facet normal 0 0 0
  outer loop
    vertex -1 -6.667302131652832 2
    vertex -1 -6.667302131652832 3
    vertex -1 -15.450873374938965 3
  endloop
endfacet
facet normal 0 0 0
  outer loop
    vertex 1 -6.75 2
    vertex 1 -15.450873374938965 3
    vertex 1 -6.75 3
  endloop
endfacet
facet normal 0 0 0
  outer loop
    vertex -1 -6.667302131652832 -2
    vertex -1 -15.450873374938965 -2
    vertex -1 -15.450873374938965 -3
  endloop
endfacet
facet normal 0 0 0
  outer loop
    vertex 1 -6.75 -2
    vertex 1 -15.450873374938965 -3
    vertex 1 -15.450873374938965 -2
  endloop
endfacet
facet normal 0 0 0
  outer loop
    vertex -0.6616156697273254 -6.717496871948242 -2
    vertex 0 -15.5 -2
    vertex -1 -15.450873374938965 -2
  endloop
endfacet
facet normal 0 0 0
  outer loop
    vertex 0 -6.75 -2
    vertex 1 -15.450873374938965 -2
    vertex 0 -15.5 -2
  endloop
endfacet
facet normal 0 0 0
  outer loop
    vertex -1 -6.667302131652832 -2
    vertex -1 -15.450873374938965 -3
    vertex -1 -6.667302131652832 -3
  endloop
endfacet
facet normal 0 0 0
  outer loop
    vertex 1 -6.75 -2
    vertex 1 -6.75 -3
    vertex 1 -15.450873374938965 -3
  endloop
endfacet
facet normal 0 0 0
  outer loop
    vertex -0.6616156697273254 -6.717496871948242 -2
    vertex -1 -15.450873374938965 -2
    vertex -1 -6.667302131652832 -2
  endloop
endfacet
facet normal 0 0 0
  outer loop
    vertex -0.6616156697273254 -6.717496871948242 -2
    vertex 0 -6.75 -2
    vertex 0 -15.5 -2
  endloop
endfacet
facet normal 0 0 0
  outer loop
    vertex 0 -6.75 -2
    vertex 1 -6.75 -2
    vertex 1 -15.450873374938965 -2
  endloop
endfacet
facet normal 0 0 0
  outer loop
    vertex 5.051815032958984 -6.75 2
    vertex 6.859619140625 -13.881209373474121 2
    vertex 7.306649208068848 -13.669779777526855 2
  endloop
endfacet
facet normal 0 0 0
  outer loop
    vertex 5.051815032958984 -6.75 2
    vertex 7.306649208068848 -13.669779777526855 2
    vertex 8.599544525146484 -12.894847869873047 2
  endloop
endfacet
facet normal 0 0 0
  outer loop
    vertex 2.7424137592315674 -6.75 2
    vertex 6.859619140625 -13.881209373474121 3
    vertex 6.859619140625 -13.881209373474121 2
  endloop
endfacet
facet normal 0 0 0
  outer loop
    vertex 5.051815032958984 -6.75 2
    vertex 8.599544525146484 -12.894847869873047 2
    vertex 8.599544525146484 -12.894847869873047 3
  endloop
endfacet
facet normal 0 0 0
  outer loop
    vertex 2.7424137592315674 -6.75 2
    vertex 6.859619140625 -13.881209373474121 2
    vertex 5.051815032958984 -6.75 2
  endloop
endfacet
facet normal 0 0 0
  outer loop
    vertex 2.7424137592315674 -6.75 2
    vertex 2.7424137592315674 -6.75 3
    vertex 6.859619140625 -13.881209373474121 3
  endloop
endfacet
facet normal 0 0 0
  outer loop
    vertex 5.051815032958984 -6.75 2
    vertex 8.599544525146484 -12.894847869873047 3
    vertex 5.051815032958984 -6.75 3
  endloop
endfacet
facet normal 0 0 0
  outer loop
    vertex 2.7424137592315674 -6.75 -2
    vertex 6.859619140625 -13.881209373474121 -2
    vertex 6.859619140625 -13.881209373474121 -3
  endloop
endfacet
facet normal 0 0 0
  outer loop
    vertex 5.051815032958984 -6.75 -2
    vertex 8.599544525146484 -12.894847869873047 -3
    vertex 8.599544525146484 -12.894847869873047 -2
  endloop
endfacet
facet normal 0 0 0
  outer loop
    vertex 2.7424137592315674 -6.75 -2
    vertex 7.306649208068848 -13.669779777526855 -2
    vertex 6.859619140625 -13.881209373474121 -2
  endloop
endfacet
facet normal 0 0 0
  outer loop
    vertex 2.7424137592315674 -6.75 -2
    vertex 8.599544525146484 -12.894847869873047 -2
    vertex 7.306649208068848 -13.669779777526855 -2
  endloop
endfacet
facet normal 0 0 0
  outer loop
    vertex 2.7424137592315674 -6.75 -2
    vertex 6.859619140625 -13.881209373474121 -3
    vertex 2.7424137592315674 -6.75 -3
  endloop
endfacet
facet normal 0 0 0
  outer loop
    vertex 5.051815032958984 -6.75 -2
    vertex 5.051815032958984 -6.75 -3
    vertex 8.599544525146484 -12.894847869873047 -3
  endloop
endfacet
facet normal 0 0 0
  outer loop
    vertex 2.7424137592315674 -6.75 -2
    vertex 5.051815032958984 -6.75 -2
    vertex 8.599544525146484 -12.894847869873047 -2
  endloop
endfacet
endsolid Baxter_PD_BlueWrench