solid Baxter_PD_Cable_Reference
facet normal 0 0 0
  outer loop
    vertex -6.191549301147461 -3.261507511138916 -12
    vertex -6.1734490394592285 -3.2997772693634033 -12
    vertex -6.467156887054443 -2.678784132003784 12
  endloop
endfacet
facet normal 0 0 0
  outer loop
    vertex -6.698582172393799 -2.0319926738739014 -12
    vertex -6.467156887054443 -2.678784132003784 -12
    vertex -6.698582172393799 -2.0319926738739014 12
  endloop
endfacet
facet normal 0 0 0
  outer loop
    vertex -6.467156887054443 -2.678784132003784 -12
    vertex -6.191549301147461 -3.261507511138916 -12
    vertex -6.467156887054443 -2.678784132003784 12
  endloop
endfacet
facet normal 0 0 0
  outer loop
    vertex -6.966292858123779 -0.6861199736595154 -12
    vertex -7 0 12
    vertex -7 0 -12
  endloop
endfacet
facet normal 0 0 0
  outer loop
    vertex -6.86549711227417 -1.3656322956085205 -12
    vertex -6.698582172393799 -2.0319926738739014 -12
    vertex -6.86549711227417 -1.3656322956085205 12
  endloop
endfacet
facet normal 0 0 0
  outer loop
    vertex -6.966292858123779 -0.6861199736595154 -12
    vertex -6.86549711227417 -1.3656322956085205 -12
    vertex -6.966292858123779 -0.6861199736595154 12
  endloop
endfacet
facet normal 0 0 0
  outer loop
    vertex -2.678784132003784 -6.467156887054443 12
    vertex -3 -6.315232753753662 -12
    vertex -2.678784132003784 -6.467156887054443 -12
  endloop
endfacet
facet normal 0 0 0
  outer loop
    vertex -2.678784132003784 -6.467156887054443 12
    vertex -2.678784132003784 -6.467156887054443 -12
    vertex -2.0319926738739014 -6.698582172393799 -12
  endloop
endfacet
facet normal 0 0 0
  outer loop
    vertex -2.0319926738739014 -6.698582172393799 12
    vertex -2.0319926738739014 -6.698582172393799 -12
    vertex -1.3656322956085205 -6.86549711227417 -12
  endloop
endfacet
facet normal 0 0 0
  outer loop
    vertex -1.3656322956085205 -6.86549711227417 12
    vertex -1.3656322956085205 -6.86549711227417 -12
    vertex -0.6861199736595154 -6.966292858123779 -12
  endloop
endfacet
facet normal 0 0 0
  outer loop
    vertex -0.6861199736595154 -6.966292858123779 12
    vertex -0.6861199736595154 -6.966292858123779 -12
    vertex 0 -7 -12
  endloop
endfacet
facet normal 0 0 0
  outer loop
    vertex -6.467156887054443 -2.678784132003784 12
    vertex -6.1734490394592285 -3.2997772693634033 -12
    vertex -6.315232753753662 -3 12
  endloop
endfacet
facet normal 0 0 0
  outer loop
    vertex -6.467156887054443 -2.678784132003784 -12
    vertex -6.467156887054443 -2.678784132003784 12
    vertex -6.698582172393799 -2.0319926738739014 12
  endloop
endfacet
facet normal 0 0 0
  outer loop
    vertex -7 0 12
    vertex -6.966292858123779 -0.6861199736595154 -12
    vertex -6.966292858123779 -0.6861199736595154 12
  endloop
endfacet
facet normal 0 0 0
  outer loop
    vertex -6.86549711227417 -1.3656322956085205 12
    vertex -6.698582172393799 -2.0319926738739014 -12
    vertex -6.698582172393799 -2.0319926738739014 12
  endloop
endfacet
facet normal 0 0 0
  outer loop
    vertex -6.966292858123779 -0.6861199736595154 12
    vertex -6.86549711227417 -1.3656322956085205 -12
    vertex -6.86549711227417 -1.3656322956085205 12
  endloop
endfacet
facet normal 0 0 0
  outer loop
    vertex -3 -6.315232753753662 12
    vertex -3 -6.315232753753662 -12
    vertex -2.678784132003784 -6.467156887054443 12
  endloop
endfacet
facet normal 0 0 0
  outer loop
    vertex -2.678784132003784 -6.467156887054443 12
    vertex -2.0319926738739014 -6.698582172393799 -12
    vertex -2.0319926738739014 -6.698582172393799 12
  endloop
endfacet
facet normal 0 0 0
  outer loop
    vertex -2.0319926738739014 -6.698582172393799 12
    vertex -1.3656322956085205 -6.86549711227417 -12
    vertex -1.3656322956085205 -6.86549711227417 12
  endloop
endfacet
facet normal 0 0 0
  outer loop
    vertex -0.6861199736595154 -6.966292858123779 12
    vertex 0 -7 -12
    vertex 0 -7 12
  endloop
endfacet
facet normal 0 0 0
  outer loop
    vertex -1.3656322956085205 -6.86549711227417 12
    vertex -0.6861199736595154 -6.966292858123779 -12
    vertex -0.6861199736595154 -6.966292858123779 12
  endloop
endfacet
facet normal 0 0 0
  outer loop
    vertex -3 -6.315232753753662 12
    vertex -2.678784132003784 -6.467156887054443 12
    vertex 3 -5.75 12
  endloop
endfacet
facet normal 0 0 0
  outer loop
    vertex -2.678784132003784 -6.467156887054443 12
    vertex -2.0319926738739014 -6.698582172393799 12
    vertex 3 -5.75 12
  endloop
endfacet
facet normal 0 0 0
  outer loop
    vertex -2.0319926738739014 -6.698582172393799 12
    vertex -1.3656322956085205 -6.86549711227417 12
    vertex 3 -5.75 12
  endloop
endfacet
facet normal 0 0 0
  outer loop
    vertex -3 -6.315232753753662 12
    vertex 3 -5.75 12
    vertex -3 -5.75 12
  endloop
endfacet
facet normal 0 0 0
  outer loop
    vertex -7 0 -12
    vertex -6.966292858123779 0.6861199736595154 12
    vertex -6.966292858123779 0.6861199736595154 -12
  endloop
endfacet
facet normal 0 0 0
  outer loop
    vertex -6.86549711227417 1.3656322956085205 -12
    vertex -6.966292858123779 0.6861199736595154 -12
    vertex -6.86549711227417 1.3656322956085205 12
  endloop
endfacet
facet normal 0 0 0
  outer loop
    vertex -6.86549711227417 1.3656322956085205 -12
    vertex -6.698582172393799 2.0319926738739014 12
    vertex -6.698582172393799 2.0319926738739014 -12
  endloop
endfacet
facet normal 0 0 0
  outer loop
    vertex -6.467156887054443 2.678784132003784 -12
    vertex -6.698582172393799 2.0319926738739014 -12
    vertex -6.467156887054443 2.678784132003784 12
  endloop
endfacet
facet normal 0 0 0
  outer loop
    vertex -6.467156887054443 2.678784132003784 -12
    vertex -6.1734490394592285 3.2997772693634033 12
    vertex -6.315232753753662 3 -12
  endloop
endfacet
facet normal 0 0 0
  outer loop
    vertex -3 6.315232753753662 12
    vertex -2.678784132003784 6.467156887054443 -12
    vertex -3 6.315232753753662 -12
  endloop
endfacet
facet normal 0 0 0
  outer loop
    vertex -2.0319926738739014 6.698582172393799 12
    vertex -2.0319926738739014 6.698582172393799 -12
    vertex -2.678784132003784 6.467156887054443 -12
  endloop
endfacet
facet normal 0 0 0
  outer loop
    vertex -1.3656322956085205 6.86549711227417 12
    vertex -1.3656322956085205 6.86549711227417 -12
    vertex -2.0319926738739014 6.698582172393799 -12
  endloop
endfacet
facet normal 0 0 0
  outer loop
    vertex -0.6861199736595154 6.966292858123779 12
    vertex -0.6861199736595154 6.966292858123779 -12
    vertex -1.3656322956085205 6.86549711227417 -12
  endloop
endfacet
facet normal 0 0 0
  outer loop
    vertex 0 7 12
    vertex 0 7 -12
    vertex -0.6861199736595154 6.966292858123779 -12
  endloop
endfacet
facet normal 0 0 0
  outer loop
    vertex -6.966292858123779 0.6861199736595154 12
    vertex -7 0 -12
    vertex -7 0 12
  endloop
endfacet
facet normal 0 0 0
  outer loop
    vertex -6.86549711227417 1.3656322956085205 12
    vertex -6.966292858123779 0.6861199736595154 -12
    vertex -6.966292858123779 0.6861199736595154 12
  endloop
endfacet
facet normal 0 0 0
  outer loop
    vertex -6.698582172393799 2.0319926738739014 12
    vertex -6.86549711227417 1.3656322956085205 -12
    vertex -6.86549711227417 1.3656322956085205 12
  endloop
endfacet
facet normal 0 0 0
  outer loop
    vertex -6.467156887054443 2.678784132003784 12
    vertex -6.698582172393799 2.0319926738739014 -12
    vertex -6.698582172393799 2.0319926738739014 12
  endloop
endfacet
facet normal 0 0 0
  outer loop
    vertex -6.467156887054443 2.678784132003784 12
    vertex -6.315232753753662 3 12
    vertex -6.467156887054443 2.678784132003784 -12
  endloop
endfacet
facet normal 0 0 0
  outer loop
    vertex -6.467156887054443 2.678784132003784 -12
    vertex -6.315232753753662 3 12
    vertex -6.1734490394592285 3.2997772693634033 12
  endloop
endfacet
facet normal 0 0 0
  outer loop
    vertex -3 6.315232753753662 12
    vertex -2.678784132003784 6.467156887054443 12
    vertex -2.678784132003784 6.467156887054443 -12
  endloop
endfacet
facet normal 0 0 0
  outer loop
    vertex -2.678784132003784 6.467156887054443 12
    vertex -2.0319926738739014 6.698582172393799 12
    vertex -2.678784132003784 6.467156887054443 -12
  endloop
endfacet
facet normal 0 0 0
  outer loop
    vertex -3 6.315232753753662 12
    vertex -3 5.75 12
    vertex -2.678784132003784 6.467156887054443 12
  endloop
endfacet
facet normal 0 0 0
  outer loop
    vertex -2.678784132003784 6.467156887054443 12
    vertex -3 5.75 12
    vertex -2.0319926738739014 6.698582172393799 12
  endloop
endfacet
facet normal 0 0 0
  outer loop
    vertex -2.0319926738739014 6.698582172393799 12
    vertex -3 5.75 12
    vertex -1.3656322956085205 6.86549711227417 12
  endloop
endfacet
facet normal 0 0 0
  outer loop
    vertex -2.0319926738739014 6.698582172393799 12
    vertex -1.3656322956085205 6.86549711227417 12
    vertex -2.0319926738739014 6.698582172393799 -12
  endloop
endfacet
facet normal 0 0 0
  outer loop
    vertex -1.3656322956085205 6.86549711227417 12
    vertex -0.6861199736595154 6.966292858123779 12
    vertex -1.3656322956085205 6.86549711227417 -12
  endloop
endfacet
facet normal 0 0 0
  outer loop
    vertex -0.6861199736595154 6.966292858123779 12
    vertex 0 7 12
    vertex -0.6861199736595154 6.966292858123779 -12
  endloop
endfacet
facet normal 0 0 0
  outer loop
    vertex -1.3656322956085205 6.86549711227417 12
    vertex -3 5.75 12
    vertex -0.6861199736595154 6.966292858123779 12
  endloop
endfacet
facet normal 0 0 0
  outer loop
    vertex -0.6861199736595154 6.966292858123779 12
    vertex -3 5.75 12
    vertex 0 7 12
  endloop
endfacet
facet normal 0 0 0
  outer loop
    vertex 0 7 12
    vertex -3 5.75 12
    vertex 0.6861199736595154 6.966292858123779 12
  endloop
endfacet
facet normal 0 0 0
  outer loop
    vertex 0.6861199736595154 6.966292858123779 12
    vertex -3 5.75 12
    vertex 1.3656322956085205 6.86549711227417 12
  endloop
endfacet
facet normal 0 0 0
  outer loop
    vertex 0 -7 12
    vertex 0 -7 -12
    vertex 0.6861199736595154 -6.966292858123779 -12
  endloop
endfacet
facet normal 0 0 0
  outer loop
    vertex 0.6861199736595154 -6.966292858123779 12
    vertex 0.6861199736595154 -6.966292858123779 -12
    vertex 1.3656322956085205 -6.86549711227417 -12
  endloop
endfacet
facet normal 0 0 0
  outer loop
    vertex 1.3656322956085205 -6.86549711227417 12
    vertex 1.3656322956085205 -6.86549711227417 -12
    vertex 2.0319926738739014 -6.698582172393799 -12
  endloop
endfacet
facet normal 0 0 0
  outer loop
    vertex 2.0319926738739014 -6.698582172393799 12
    vertex 2.0319926738739014 -6.698582172393799 -12
    vertex 2.678784132003784 -6.467156887054443 -12
  endloop
endfacet
facet normal 0 0 0
  outer loop
    vertex 3 -6.315232753753662 12
    vertex 2.678784132003784 -6.467156887054443 -12
    vertex 3 -6.315232753753662 -12
  endloop
endfacet
facet normal 0 0 0
  outer loop
    vertex 6.467156887054443 -2.678784132003784 -12
    vertex 6.1734490394592285 -3.2997772693634033 12
    vertex 6.315232753753662 -3 -12
  endloop
endfacet
facet normal 0 0 0
  outer loop
    vertex 6.467156887054443 -2.678784132003784 -12
    vertex 6.698582172393799 -2.0319926738739014 -12
    vertex 6.467156887054443 -2.678784132003784 12
  endloop
endfacet
facet normal 0 0 0
  outer loop
    vertex 6.86549711227417 -1.3656322956085205 -12
    vertex 6.698582172393799 -2.0319926738739014 12
    vertex 6.698582172393799 -2.0319926738739014 -12
  endloop
endfacet
facet normal 0 0 0
  outer loop
    vertex 6.86549711227417 -1.3656322956085205 -12
    vertex 6.966292858123779 -0.6861199736595154 -12
    vertex 6.86549711227417 -1.3656322956085205 12
  endloop
endfacet
facet normal 0 0 0
  outer loop
    vertex 6.966292858123779 -0.6861199736595154 12
    vertex 6.966292858123779 -0.6861199736595154 -12
    vertex 7 0 -12
  endloop
endfacet
facet normal 0 0 0
  outer loop
    vertex 0 -7 12
    vertex 0.6861199736595154 -6.966292858123779 -12
    vertex 0.6861199736595154 -6.966292858123779 12
  endloop
endfacet
facet normal 0 0 0
  outer loop
    vertex 0.6861199736595154 -6.966292858123779 12
    vertex 1.3656322956085205 -6.86549711227417 -12
    vertex 1.3656322956085205 -6.86549711227417 12
  endloop
endfacet
facet normal 0 0 0
  outer loop
    vertex 1.3656322956085205 -6.86549711227417 12
    vertex 2.0319926738739014 -6.698582172393799 -12
    vertex 2.0319926738739014 -6.698582172393799 12
  endloop
endfacet
facet normal 0 0 0
  outer loop
    vertex -1.3656322956085205 -6.86549711227417 12
    vertex -0.6861199736595154 -6.966292858123779 12
    vertex 3 -5.75 12
  endloop
endfacet
facet normal 0 0 0
  outer loop
    vertex -0.6861199736595154 -6.966292858123779 12
    vertex 0 -7 12
    vertex 3 -5.75 12
  endloop
endfacet
facet normal 0 0 0
  outer loop
    vertex 0 -7 12
    vertex 0.6861199736595154 -6.966292858123779 12
    vertex 3 -5.75 12
  endloop
endfacet
facet normal 0 0 0
  outer loop
    vertex 0.6861199736595154 -6.966292858123779 12
    vertex 1.3656322956085205 -6.86549711227417 12
    vertex 3 -5.75 12
  endloop
endfacet
facet normal 0 0 0
  outer loop
    vertex 2.0319926738739014 -6.698582172393799 12
    vertex 2.678784132003784 -6.467156887054443 -12
    vertex 2.678784132003784 -6.467156887054443 12
  endloop
endfacet
facet normal 0 0 0
  outer loop
    vertex 2.678784132003784 -6.467156887054443 12
    vertex 2.678784132003784 -6.467156887054443 -12
    vertex 3 -6.315232753753662 12
  endloop
endfacet
facet normal 0 0 0
  outer loop
    vertex 1.3656322956085205 -6.86549711227417 12
    vertex 2.0319926738739014 -6.698582172393799 12
    vertex 3 -5.75 12
  endloop
endfacet
facet normal 0 0 0
  outer loop
    vertex 2.0319926738739014 -6.698582172393799 12
    vertex 2.678784132003784 -6.467156887054443 12
    vertex 3 -5.75 12
  endloop
endfacet
facet normal 0 0 0
  outer loop
    vertex 2.678784132003784 -6.467156887054443 12
    vertex 3 -6.315232753753662 12
    vertex 3 -5.75 12
  endloop
endfacet
facet normal 0 0 0
  outer loop
    vertex 6.467156887054443 -2.678784132003784 -12
    vertex 6.315232753753662 -3 12
    vertex 6.1734490394592285 -3.2997772693634033 12
  endloop
endfacet
facet normal 0 0 0
  outer loop
    vertex 6.467156887054443 -2.678784132003784 -12
    vertex 6.467156887054443 -2.678784132003784 12
    vertex 6.315232753753662 -3 12
  endloop
endfacet
facet normal 0 0 0
  outer loop
    vertex 6.467156887054443 -2.678784132003784 12
    vertex 6.698582172393799 -2.0319926738739014 -12
    vertex 6.698582172393799 -2.0319926738739014 12
  endloop
endfacet
facet normal 0 0 0
  outer loop
    vertex 6.698582172393799 -2.0319926738739014 12
    vertex 6.86549711227417 -1.3656322956085205 -12
    vertex 6.86549711227417 -1.3656322956085205 12
  endloop
endfacet
facet normal 0 0 0
  outer loop
    vertex 6.86549711227417 -1.3656322956085205 12
    vertex 6.966292858123779 -0.6861199736595154 -12
    vertex 6.966292858123779 -0.6861199736595154 12
  endloop
endfacet
facet normal 0 0 0
  outer loop
    vertex 6.966292858123779 -0.6861199736595154 12
    vertex 7 0 -12
    vertex 7 0 12
  endloop
endfacet
facet normal 0 0 0
  outer loop
    vertex 0.6861199736595154 6.966292858123779 12
    vertex 0.6861199736595154 6.966292858123779 -12
    vertex 0 7 -12
  endloop
endfacet
facet normal 0 0 0
  outer loop
    vertex 1.3656322956085205 6.86549711227417 12
    vertex 1.3656322956085205 6.86549711227417 -12
    vertex 0.6861199736595154 6.966292858123779 -12
  endloop
endfacet
facet normal 0 0 0
  outer loop
    vertex 2.0319926738739014 6.698582172393799 12
    vertex 2.0319926738739014 6.698582172393799 -12
    vertex 1.3656322956085205 6.86549711227417 -12
  endloop
endfacet
facet normal 0 0 0
  outer loop
    vertex 2.678784132003784 6.467156887054443 12
    vertex 2.678784132003784 6.467156887054443 -12
    vertex 2.0319926738739014 6.698582172393799 -12
  endloop
endfacet
facet normal 0 0 0
  outer loop
    vertex 2.678784132003784 6.467156887054443 12
    vertex 3 6.315232753753662 -12
    vertex 2.678784132003784 6.467156887054443 -12
  endloop
endfacet
facet normal 0 0 0
  outer loop
    vertex 6.966292858123779 0.6861199736595154 -12
    vertex 6.86549711227417 1.3656322956085205 -12
    vertex 6.966292858123779 0.6861199736595154 12
  endloop
endfacet
facet normal 0 0 0
  outer loop
    vertex 6.86549711227417 1.3656322956085205 -12
    vertex 6.698582172393799 2.0319926738739014 -12
    vertex 6.86549711227417 1.3656322956085205 12
  endloop
endfacet
facet normal 0 0 0
  outer loop
    vertex 7 0 -12
    vertex 6.966292858123779 0.6861199736595154 -12
    vertex 7 0 12
  endloop
endfacet
facet normal 0 0 0
  outer loop
    vertex 6.467156887054443 2.678784132003784 -12
    vertex 6.191549301147461 3.261507511138916 -12
    vertex 6.467156887054443 2.678784132003784 12
  endloop
endfacet
facet normal 0 0 0
  outer loop
    vertex 6.698582172393799 2.0319926738739014 -12
    vertex 6.467156887054443 2.678784132003784 -12
    vertex 6.698582172393799 2.0319926738739014 12
  endloop
endfacet
facet normal 0 0 0
  outer loop
    vertex 6.191549301147461 3.261507511138916 -12
    vertex 6.1734490394592285 3.2997772693634033 -12
    vertex 6.467156887054443 2.678784132003784 12
  endloop
endfacet
facet normal 0 0 0
  outer loop
    vertex 3 6.315232753753662 12
    vertex -3 5.75 12
    vertex 3 5.75 12
  endloop
endfacet
facet normal 0 0 0
  outer loop
    vertex 0.6861199736595154 6.966292858123779 12
    vertex 1.3656322956085205 6.86549711227417 12
    vertex 0.6861199736595154 6.966292858123779 -12
  endloop
endfacet
facet normal 0 0 0
  outer loop
    vertex 0 7 12
    vertex 0.6861199736595154 6.966292858123779 12
    vertex 0 7 -12
  endloop
endfacet
facet normal 0 0 0
  outer loop
    vertex 1.3656322956085205 6.86549711227417 12
    vertex 2.0319926738739014 6.698582172393799 12
    vertex 1.3656322956085205 6.86549711227417 -12
  endloop
endfacet
facet normal 0 0 0
  outer loop
    vertex 1.3656322956085205 6.86549711227417 12
    vertex -3 5.75 12
    vertex 2.0319926738739014 6.698582172393799 12
  endloop
endfacet
facet normal 0 0 0
  outer loop
    vertex 2.0319926738739014 6.698582172393799 12
    vertex -3 5.75 12
    vertex 2.678784132003784 6.467156887054443 12
  endloop
endfacet
facet normal 0 0 0
  outer loop
    vertex 2.678784132003784 6.467156887054443 12
    vertex -3 5.75 12
    vertex 3 6.315232753753662 12
  endloop
endfacet
facet normal 0 0 0
  outer loop
    vertex 2.0319926738739014 6.698582172393799 12
    vertex 2.678784132003784 6.467156887054443 12
    vertex 2.0319926738739014 6.698582172393799 -12
  endloop
endfacet
facet normal 0 0 0
  outer loop
    vertex 2.678784132003784 6.467156887054443 12
    vertex 3 6.315232753753662 12
    vertex 3 6.315232753753662 -12
  endloop
endfacet
facet normal 0 0 0
  outer loop
    vertex 6.966292858123779 0.6861199736595154 12
    vertex 6.86549711227417 1.3656322956085205 -12
    vertex 6.86549711227417 1.3656322956085205 12
  endloop
endfacet
facet normal 0 0 0
  outer loop
    vertex 6.86549711227417 1.3656322956085205 12
    vertex 6.698582172393799 2.0319926738739014 -12
    vertex 6.698582172393799 2.0319926738739014 12
  endloop
endfacet
facet normal 0 0 0
  outer loop
    vertex 7 0 12
    vertex 6.966292858123779 0.6861199736595154 -12
    vertex 6.966292858123779 0.6861199736595154 12
  endloop
endfacet
facet normal 0 0 0
  outer loop
    vertex 6.467156887054443 2.678784132003784 -12
    vertex 6.467156887054443 2.678784132003784 12
    vertex 6.698582172393799 2.0319926738739014 12
  endloop
endfacet
facet normal 0 0 0
  outer loop
    vertex 6.467156887054443 2.678784132003784 12
    vertex 6.1734490394592285 3.2997772693634033 -12
    vertex 6.315232753753662 3 12
  endloop
endfacet
facet normal 0 0 0
  outer loop
    vertex 5.188663005828857 -3 -12
    vertex 6.315232753753662 -3 -12
    vertex 6.315232753753662 -3 12
  endloop
endfacet
facet normal 0 0 0
  outer loop
    vertex 6.315232753753662 -3 12
    vertex 5.188663005828857 -3 12
    vertex 5.188663005828857 -3 -12
  endloop
endfacet
facet normal 0 0 0
  outer loop
    vertex 5.188663005828857 3 -12
    vertex 5.188663005828857 3 12
    vertex 6.315232753753662 3 -12
  endloop
endfacet
facet normal 0 0 0
  outer loop
    vertex 6.315232753753662 3 12
    vertex 6.315232753753662 3 -12
    vertex 5.188663005828857 3 12
  endloop
endfacet
facet normal 0 0 0
  outer loop
    vertex -3 5.188663005828857 -12
    vertex -3 5.188663005828857 12
    vertex -3 6.315232753753662 -12
  endloop
endfacet
facet normal 0 0 0
  outer loop
    vertex -3 5.188663005828857 12
    vertex -3 5.75 12
    vertex -3 6.315232753753662 -12
  endloop
endfacet
facet normal 0 0 0
  outer loop
    vertex -3 6.315232753753662 12
    vertex -3 6.315232753753662 -12
    vertex -3 5.75 12
  endloop
endfacet
facet normal 0 0 0
  outer loop
    vertex 3 6.315232753753662 12
    vertex 3 5.188663005828857 -12
    vertex 3 6.315232753753662 -12
  endloop
endfacet
facet normal 0 0 0
  outer loop
    vertex 3 5.75 12
    vertex 3 5.188663005828857 12
    vertex 3 5.188663005828857 -12
  endloop
endfacet
facet normal 0 0 0
  outer loop
    vertex 3 6.315232753753662 12
    vertex 3 5.75 12
    vertex 3 5.188663005828857 -12
  endloop
endfacet
facet normal 0 0 0
  outer loop
    vertex -6.315232753753662 -3 -12
    vertex -5.188663005828857 -3 -12
    vertex -5.188663005828857 -3 12
  endloop
endfacet
facet normal 0 0 0
  outer loop
    vertex -6.315232753753662 -3 12
    vertex -6.315232753753662 -3 -12
    vertex -5.188663005828857 -3 12
  endloop
endfacet
facet normal 0 0 0
  outer loop
    vertex -5.188663005828857 3 -12
    vertex -6.315232753753662 3 -12
    vertex -6.315232753753662 3 12
  endloop
endfacet
facet normal 0 0 0
  outer loop
    vertex -6.315232753753662 3 12
    vertex -5.188663005828857 3 12
    vertex -5.188663005828857 3 -12
  endloop
endfacet
facet normal 0 0 0
  outer loop
    vertex -3 -6.315232753753662 12
    vertex -3 -5.188663005828857 -12
    vertex -3 -6.315232753753662 -12
  endloop
endfacet
facet normal 0 0 0
  outer loop
    vertex -3 -6.315232753753662 12
    vertex -3 -5.75 12
    vertex -3 -5.188663005828857 -12
  endloop
endfacet
facet normal 0 0 0
  outer loop
    vertex -3 -5.75 12
    vertex -3 -5.188663005828857 12
    vertex -3 -5.188663005828857 -12
  endloop
endfacet
facet normal 0 0 0
  outer loop
    vertex 3 -5.188663005828857 -12
    vertex 3 -5.188663005828857 12
    vertex 3 -6.315232753753662 -12
  endloop
endfacet
facet normal 0 0 0
  outer loop
    vertex 3 -6.315232753753662 12
    vertex 3 -6.315232753753662 -12
    vertex 3 -5.75 12
  endloop
endfacet
facet normal 0 0 0
  outer loop
    vertex 3 -5.188663005828857 12
    vertex 3 -5.75 12
    vertex 3 -6.315232753753662 -12
  endloop
endfacet
facet normal 0 0 0
  outer loop
    vertex -6.191549301147461 -3.261507511138916 -12
    vertex -6.315232753753662 -3 12
    vertex -6.1734490394592285 -3.2997772693634033 -12
  endloop
endfacet
facet normal 0 0 0
  outer loop
    vertex -6.191549301147461 -3.261507511138916 -12
    vertex -6.315232753753662 -3 -12
    vertex -6.315232753753662 -3 12
  endloop
endfacet
facet normal 0 0 0
  outer loop
    vertex -6.315232753753662 3 12
    vertex -6.315232753753662 3 -12
    vertex -6.1734490394592285 3.2997772693634033 12
  endloop
endfacet
facet normal 0 0 0
  outer loop
    vertex 6.315232753753662 -3 12
    vertex 6.315232753753662 -3 -12
    vertex 6.1734490394592285 -3.2997772693634033 12
  endloop
endfacet
facet normal 0 0 0
  outer loop
    vertex 6.191549301147461 3.261507511138916 -12
    vertex 6.315232753753662 3 -12
    vertex 6.315232753753662 3 12
  endloop
endfacet
facet normal 0 0 0
  outer loop
    vertex 6.191549301147461 3.261507511138916 -12
    vertex 6.315232753753662 3 12
    vertex 6.1734490394592285 3.2997772693634033 -12
  endloop
endfacet
facet normal 0 0 0
  outer loop
    vertex -4.242640495300293 -4.242640495300293 -12
    vertex -4.242640495300293 -4.242640495300293 12
    vertex -4.638062953948975 -3.8063597679138184 -12
  endloop
endfacet
facet normal 0 0 0
  outer loop
    vertex -4.9888176918029785 -3.333421468734741 -12
    vertex -4.9888176918029785 -3.333421468734741 12
    vertex -5.188663005828857 -3 -12
  endloop
endfacet
facet normal 0 0 0
  outer loop
    vertex -4.9888176918029785 -3.333421468734741 -12
    vertex -4.638062953948975 -3.8063597679138184 -12
    vertex -4.638062953948975 -3.8063597679138184 12
  endloop
endfacet
facet normal 0 0 0
  outer loop
    vertex -3 -5.188663005828857 -12
    vertex -3 -5.188663005828857 12
    vertex -3.333421468734741 -4.9888176918029785 -12
  endloop
endfacet
facet normal 0 0 0
  outer loop
    vertex -4.242640495300293 -4.242640495300293 -12
    vertex -3.8063597679138184 -4.638062953948975 -12
    vertex -3.8063597679138184 -4.638062953948975 12
  endloop
endfacet
facet normal 0 0 0
  outer loop
    vertex -3.8063597679138184 -4.638062953948975 -12
    vertex -3.333421468734741 -4.9888176918029785 -12
    vertex -3.333421468734741 -4.9888176918029785 12
  endloop
endfacet
facet normal 0 0 0
  outer loop
    vertex -3.8063597679138184 -4.638062953948975 12
    vertex -4.242640495300293 -4.242640495300293 12
    vertex -4.242640495300293 -4.242640495300293 -12
  endloop
endfacet
facet normal 0 0 0
  outer loop
    vertex -5.188663005828857 -3 12
    vertex -5.188663005828857 -3 -12
    vertex -4.9888176918029785 -3.333421468734741 12
  endloop
endfacet
facet normal 0 0 0
  outer loop
    vertex -4.638062953948975 -3.8063597679138184 12
    vertex -4.9888176918029785 -3.333421468734741 12
    vertex -4.9888176918029785 -3.333421468734741 -12
  endloop
endfacet
facet normal 0 0 0
  outer loop
    vertex -4.242640495300293 -4.242640495300293 12
    vertex -4.638062953948975 -3.8063597679138184 12
    vertex -4.638062953948975 -3.8063597679138184 -12
  endloop
endfacet
facet normal 0 0 0
  outer loop
    vertex -3.333421468734741 -4.9888176918029785 12
    vertex -3.333421468734741 -4.9888176918029785 -12
    vertex -3 -5.188663005828857 12
  endloop
endfacet
facet normal 0 0 0
  outer loop
    vertex -3.333421468734741 -4.9888176918029785 12
    vertex -3.8063597679138184 -4.638062953948975 12
    vertex -3.8063597679138184 -4.638062953948975 -12
  endloop
endfacet
facet normal 0 0 0
  outer loop
    vertex -5.188663005828857 3 -12
    vertex -5.188663005828857 3 12
    vertex -4.9888176918029785 3.333421468734741 -12
  endloop
endfacet
facet normal 0 0 0
  outer loop
    vertex -4.638062953948975 3.8063597679138184 -12
    vertex -4.9888176918029785 3.333421468734741 -12
    vertex -4.9888176918029785 3.333421468734741 12
  endloop
endfacet
facet normal 0 0 0
  outer loop
    vertex -4.242640495300293 4.242640495300293 -12
    vertex -4.638062953948975 3.8063597679138184 -12
    vertex -4.638062953948975 3.8063597679138184 12
  endloop
endfacet
facet normal 0 0 0
  outer loop
    vertex -3.8063597679138184 4.638062953948975 -12
    vertex -4.242640495300293 4.242640495300293 -12
    vertex -4.242640495300293 4.242640495300293 12
  endloop
endfacet
facet normal 0 0 0
  outer loop
    vertex -3.333421468734741 4.9888176918029785 -12
    vertex -3.8063597679138184 4.638062953948975 -12
    vertex -3.8063597679138184 4.638062953948975 12
  endloop
endfacet
facet normal 0 0 0
  outer loop
    vertex -3.333421468734741 4.9888176918029785 -12
    vertex -3.333421468734741 4.9888176918029785 12
    vertex -3 5.188663005828857 -12
  endloop
endfacet
facet normal 0 0 0
  outer loop
    vertex -5.188663005828857 3 12
    vertex -4.9888176918029785 3.333421468734741 12
    vertex -4.9888176918029785 3.333421468734741 -12
  endloop
endfacet
facet normal 0 0 0
  outer loop
    vertex -4.9888176918029785 3.333421468734741 12
    vertex -4.638062953948975 3.8063597679138184 12
    vertex -4.638062953948975 3.8063597679138184 -12
  endloop
endfacet
facet normal 0 0 0
  outer loop
    vertex -4.638062953948975 3.8063597679138184 12
    vertex -4.242640495300293 4.242640495300293 12
    vertex -4.242640495300293 4.242640495300293 -12
  endloop
endfacet
facet normal 0 0 0
  outer loop
    vertex -3.8063597679138184 4.638062953948975 12
    vertex -3.8063597679138184 4.638062953948975 -12
    vertex -4.242640495300293 4.242640495300293 12
  endloop
endfacet
facet normal 0 0 0
  outer loop
    vertex -3.333421468734741 4.9888176918029785 12
    vertex -3.333421468734741 4.9888176918029785 -12
    vertex -3.8063597679138184 4.638062953948975 12
  endloop
endfacet
facet normal 0 0 0
  outer loop
    vertex -3 5.188663005828857 12
    vertex -3 5.188663005828857 -12
    vertex -3.333421468734741 4.9888176918029785 12
  endloop
endfacet
facet normal 0 0 0
  outer loop
    vertex 3.333421468734741 -4.9888176918029785 -12
    vertex 3.333421468734741 -4.9888176918029785 12
    vertex 3 -5.188663005828857 -12
  endloop
endfacet
facet normal 0 0 0
  outer loop
    vertex 3.333421468734741 -4.9888176918029785 -12
    vertex 3.8063597679138184 -4.638062953948975 -12
    vertex 3.8063597679138184 -4.638062953948975 12
  endloop
endfacet
facet normal 0 0 0
  outer loop
    vertex 3.8063597679138184 -4.638062953948975 -12
    vertex 4.242640495300293 -4.242640495300293 -12
    vertex 4.242640495300293 -4.242640495300293 12
  endloop
endfacet
facet normal 0 0 0
  outer loop
    vertex 4.242640495300293 -4.242640495300293 -12
    vertex 4.638062953948975 -3.8063597679138184 -12
    vertex 4.638062953948975 -3.8063597679138184 12
  endloop
endfacet
facet normal 0 0 0
  outer loop
    vertex 4.638062953948975 -3.8063597679138184 -12
    vertex 4.9888176918029785 -3.333421468734741 -12
    vertex 4.9888176918029785 -3.333421468734741 12
  endloop
endfacet
facet normal 0 0 0
  outer loop
    vertex 5.188663005828857 -3 -12
    vertex 5.188663005828857 -3 12
    vertex 4.9888176918029785 -3.333421468734741 -12
  endloop
endfacet
facet normal 0 0 0
  outer loop
    vertex 3 -5.188663005828857 12
    vertex 3 -5.188663005828857 -12
    vertex 3.333421468734741 -4.9888176918029785 12
  endloop
endfacet
facet normal 0 0 0
  outer loop
    vertex 3.333421468734741 -4.9888176918029785 12
    vertex 3.333421468734741 -4.9888176918029785 -12
    vertex 3.8063597679138184 -4.638062953948975 12
  endloop
endfacet
facet normal 0 0 0
  outer loop
    vertex 3.8063597679138184 -4.638062953948975 12
    vertex 3.8063597679138184 -4.638062953948975 -12
    vertex 4.242640495300293 -4.242640495300293 12
  endloop
endfacet
facet normal 0 0 0
  outer loop
    vertex 4.638062953948975 -3.8063597679138184 12
    vertex 4.242640495300293 -4.242640495300293 12
    vertex 4.242640495300293 -4.242640495300293 -12
  endloop
endfacet
facet normal 0 0 0
  outer loop
    vertex 4.9888176918029785 -3.333421468734741 12
    vertex 4.638062953948975 -3.8063597679138184 12
    vertex 4.638062953948975 -3.8063597679138184 -12
  endloop
endfacet
facet normal 0 0 0
  outer loop
    vertex 5.188663005828857 -3 12
    vertex 4.9888176918029785 -3.333421468734741 12
    vertex 4.9888176918029785 -3.333421468734741 -12
  endloop
endfacet
facet normal 0 0 0
  outer loop
    vertex 3.8063597679138184 4.638062953948975 -12
    vertex 3.333421468734741 4.9888176918029785 -12
    vertex 3.333421468734741 4.9888176918029785 12
  endloop
endfacet
facet normal 0 0 0
  outer loop
    vertex 4.242640495300293 4.242640495300293 -12
    vertex 3.8063597679138184 4.638062953948975 -12
    vertex 3.8063597679138184 4.638062953948975 12
  endloop
endfacet
facet normal 0 0 0
  outer loop
    vertex 3 5.188663005828857 -12
    vertex 3 5.188663005828857 12
    vertex 3.333421468734741 4.9888176918029785 -12
  endloop
endfacet
facet normal 0 0 0
  outer loop
    vertex 4.9888176918029785 3.333421468734741 -12
    vertex 4.638062953948975 3.8063597679138184 -12
    vertex 4.638062953948975 3.8063597679138184 12
  endloop
endfacet
facet normal 0 0 0
  outer loop
    vertex 4.9888176918029785 3.333421468734741 -12
    vertex 4.9888176918029785 3.333421468734741 12
    vertex 5.188663005828857 3 -12
  endloop
endfacet
facet normal 0 0 0
  outer loop
    vertex 4.242640495300293 4.242640495300293 -12
    vertex 4.242640495300293 4.242640495300293 12
    vertex 4.638062953948975 3.8063597679138184 -12
  endloop
endfacet
facet normal 0 0 0
  outer loop
    vertex 3.333421468734741 4.9888176918029785 12
    vertex 3.8063597679138184 4.638062953948975 12
    vertex 3.8063597679138184 4.638062953948975 -12
  endloop
endfacet
facet normal 0 0 0
  outer loop
    vertex 3.333421468734741 4.9888176918029785 12
    vertex 3.333421468734741 4.9888176918029785 -12
    vertex 3 5.188663005828857 12
  endloop
endfacet
facet normal 0 0 0
  outer loop
    vertex 4.242640495300293 4.242640495300293 12
    vertex 4.638062953948975 3.8063597679138184 12
    vertex 4.638062953948975 3.8063597679138184 -12
  endloop
endfacet
facet normal 0 0 0
  outer loop
    vertex 4.638062953948975 3.8063597679138184 12
    vertex 4.9888176918029785 3.333421468734741 12
    vertex 4.9888176918029785 3.333421468734741 -12
  endloop
endfacet
facet normal 0 0 0
  outer loop
    vertex 5.188663005828857 3 12
    vertex 5.188663005828857 3 -12
    vertex 4.9888176918029785 3.333421468734741 12
  endloop
endfacet
facet normal 0 0 0
  outer loop
    vertex 3.8063597679138184 4.638062953948975 12
    vertex 4.242640495300293 4.242640495300293 12
    vertex 4.242640495300293 4.242640495300293 -12
  endloop
endfacet
facet normal 0 0 0
  outer loop
    vertex -5.411073207855225 -4.440752983093262 12
    vertex -4.638062953948975 -3.8063597679138184 12
    vertex -4.949747562408447 -4.949747562408447 12
  endloop
endfacet
facet normal 0 0 0
  outer loop
    vertex -3.9837629795074463 -5.75 12
    vertex -4.440752983093262 -5.411073207855225 12
    vertex -3.8063597679138184 -4.638062953948975 12
  endloop
endfacet
facet normal 0 0 0
  outer loop
    vertex -4.440752983093262 -5.411073207855225 12
    vertex -4.949747562408447 -4.949747562408447 12
    vertex -4.242640495300293 -4.242640495300293 12
  endloop
endfacet
facet normal 0 0 0
  outer loop
    vertex -4.949747562408447 -4.949747562408447 12
    vertex -4.638062953948975 -3.8063597679138184 12
    vertex -4.242640495300293 -4.242640495300293 12
  endloop
endfacet
facet normal 0 0 0
  outer loop
    vertex -4.440752983093262 -5.411073207855225 12
    vertex -4.242640495300293 -4.242640495300293 12
    vertex -3.8063597679138184 -4.638062953948975 12
  endloop
endfacet
facet normal 0 0 0
  outer loop
    vertex -5.411073207855225 -4.440752983093262 12
    vertex -5.820287227630615 -3.888991594314575 28
    vertex -5.820287227630615 -3.888991594314575 12
  endloop
endfacet
facet normal 0 0 0
  outer loop
    vertex -5.411073207855225 -4.440752983093262 12
    vertex -4.949747562408447 -4.949747562408447 12
    vertex -5.411073207855225 -4.440752983093262 28
  endloop
endfacet
facet normal 0 0 0
  outer loop
    vertex -4.440752983093262 -5.411073207855225 12
    vertex -4.949747562408447 -4.949747562408447 28
    vertex -4.949747562408447 -4.949747562408447 12
  endloop
endfacet
facet normal 0 0 0
  outer loop
    vertex -3.9837629795074463 -5.75 12
    vertex -3.9837629795074463 -5.75 28
    vertex -4.440752983093262 -5.411073207855225 12
  endloop
endfacet
facet normal 0 0 0
  outer loop
    vertex -5.411073207855225 -4.440752983093262 12
    vertex -5.411073207855225 -4.440752983093262 28
    vertex -5.820287227630615 -3.888991594314575 28
  endloop
endfacet
facet normal 0 0 0
  outer loop
    vertex -4.949747562408447 -4.949747562408447 12
    vertex -4.949747562408447 -4.949747562408447 28
    vertex -5.411073207855225 -4.440752983093262 28
  endloop
endfacet
facet normal 0 0 0
  outer loop
    vertex -4.440752983093262 -5.411073207855225 12
    vertex -4.440752983093262 -5.411073207855225 28
    vertex -4.949747562408447 -4.949747562408447 28
  endloop
endfacet
facet normal 0 0 0
  outer loop
    vertex -4.440752983093262 -5.411073207855225 12
    vertex -3.9837629795074463 -5.75 28
    vertex -4.440752983093262 -5.411073207855225 28
  endloop
endfacet
facet normal 0 0 0
  outer loop
    vertex -6.1734490394592285 -3.2997772693634033 12
    vertex -6.315232753753662 -3 12
    vertex -5.820287227630615 -3.888991594314575 12
  endloop
endfacet
facet normal 0 0 0
  outer loop
    vertex -5.411073207855225 -4.440752983093262 12
    vertex -5.820287227630615 -3.888991594314575 12
    vertex -6.315232753753662 -3 12
  endloop
endfacet
facet normal 0 0 0
  outer loop
    vertex -6.315232753753662 -3 12
    vertex -5.188663005828857 -3 12
    vertex -4.9888176918029785 -3.333421468734741 12
  endloop
endfacet
facet normal 0 0 0
  outer loop
    vertex -5.411073207855225 -4.440752983093262 12
    vertex -6.315232753753662 -3 12
    vertex -4.638062953948975 -3.8063597679138184 12
  endloop
endfacet
facet normal 0 0 0
  outer loop
    vertex -6.315232753753662 -3 12
    vertex -4.9888176918029785 -3.333421468734741 12
    vertex -4.638062953948975 -3.8063597679138184 12
  endloop
endfacet
facet normal 0 0 0
  outer loop
    vertex -6.1734490394592285 -3.2997772693634033 12
    vertex -5.820287227630615 -3.888991594314575 12
    vertex -6.1734490394592285 -3.2997772693634033 28
  endloop
endfacet
facet normal 0 0 0
  outer loop
    vertex -6.1734490394592285 -3.2997772693634033 12
    vertex -6.467156887054443 -2.678784132003784 28
    vertex -6.315232753753662 -3 12
  endloop
endfacet
facet normal 0 0 0
  outer loop
    vertex -6.698582172393799 -2.0319926738739014 28
    vertex -6.698582172393799 -2.0319926738739014 12
    vertex -6.467156887054443 -2.678784132003784 12
  endloop
endfacet
facet normal 0 0 0
  outer loop
    vertex -6.467156887054443 -2.678784132003784 28
    vertex -6.467156887054443 -2.678784132003784 12
    vertex -6.315232753753662 -3 12
  endloop
endfacet
facet normal 0 0 0
  outer loop
    vertex -6.1734490394592285 -3.2997772693634033 12
    vertex -6.1734490394592285 -3.2997772693634033 28
    vertex -6.467156887054443 -2.678784132003784 28
  endloop
endfacet
facet normal 0 0 0
  outer loop
    vertex -6.467156887054443 -2.678784132003784 28
    vertex -6.698582172393799 -2.0319926738739014 28
    vertex -6.467156887054443 -2.678784132003784 12
  endloop
endfacet
facet normal 0 0 0
  outer loop
    vertex -7 0 28
    vertex -7 0 12
    vertex -6.966292858123779 -0.6861199736595154 12
  endloop
endfacet
facet normal 0 0 0
  outer loop
    vertex -6.86549711227417 -1.3656322956085205 28
    vertex -6.86549711227417 -1.3656322956085205 12
    vertex -6.698582172393799 -2.0319926738739014 12
  endloop
endfacet
facet normal 0 0 0
  outer loop
    vertex -6.966292858123779 -0.6861199736595154 28
    vertex -6.966292858123779 -0.6861199736595154 12
    vertex -6.86549711227417 -1.3656322956085205 12
  endloop
endfacet
facet normal 0 0 0
  outer loop
    vertex -6.966292858123779 -0.6861199736595154 28
    vertex -7 0 28
    vertex -6.966292858123779 -0.6861199736595154 12
  endloop
endfacet
facet normal 0 0 0
  outer loop
    vertex -6.698582172393799 -2.0319926738739014 28
    vertex -6.86549711227417 -1.3656322956085205 28
    vertex -6.698582172393799 -2.0319926738739014 12
  endloop
endfacet
facet normal 0 0 0
  outer loop
    vertex -6.966292858123779 -0.6861199736595154 28
    vertex -6.86549711227417 -1.3656322956085205 12
    vertex -6.86549711227417 -1.3656322956085205 28
  endloop
endfacet
facet normal 0 0 0
  outer loop
    vertex -6.467156887054443 -2.678784132003784 28
    vertex -6.467156887054443 2.678784132003784 28
    vertex -6.698582172393799 -2.0319926738739014 28
  endloop
endfacet
facet normal 0 0 0
  outer loop
    vertex -6.698582172393799 -2.0319926738739014 28
    vertex -6.698582172393799 2.0319926738739014 28
    vertex -6.86549711227417 -1.3656322956085205 28
  endloop
endfacet
facet normal 0 0 0
  outer loop
    vertex -6.966292858123779 -0.6861199736595154 28
    vertex -6.86549711227417 -1.3656322956085205 28
    vertex -6.86549711227417 1.3656322956085205 28
  endloop
endfacet
facet normal 0 0 0
  outer loop
    vertex -6.1734490394592285 -3.2997772693634033 28
    vertex -6.1734490394592285 3.2997772693634033 28
    vertex -6.467156887054443 -2.678784132003784 28
  endloop
endfacet
facet normal 0 0 0
  outer loop
    vertex -5.820287227630615 -3.888991594314575 12
    vertex -5.820287227630615 -3.888991594314575 28
    vertex -6.1734490394592285 -3.2997772693634033 28
  endloop
endfacet
facet normal 0 0 0
  outer loop
    vertex -6.1734490394592285 -3.2997772693634033 28
    vertex -5.820287227630615 -3.888991594314575 28
    vertex -5.820287227630615 3.888991594314575 28
  endloop
endfacet
facet normal 0 0 0
  outer loop
    vertex -5.411073207855225 -4.440752983093262 28
    vertex -5.411073207855225 4.440752983093262 28
    vertex -5.820287227630615 -3.888991594314575 28
  endloop
endfacet
facet normal 0 0 0
  outer loop
    vertex -5.411073207855225 -4.440752983093262 28
    vertex -4.949747562408447 -4.949747562408447 28
    vertex -4.949747562408447 4.949747562408447 28
  endloop
endfacet
facet normal 0 0 0
  outer loop
    vertex -4.440752983093262 -5.411073207855225 28
    vertex -4.440752983093262 5.411073207855225 28
    vertex -4.949747562408447 -4.949747562408447 28
  endloop
endfacet
facet normal 0 0 0
  outer loop
    vertex -3.9837629795074463 -5.75 28
    vertex -3.9837629795074463 5.75 28
    vertex -4.440752983093262 -5.411073207855225 28
  endloop
endfacet
facet normal 0 0 0
  outer loop
    vertex -3.9837629795074463 -5.75 12
    vertex -3.8063597679138184 -4.638062953948975 12
    vertex -3.333421468734741 -4.9888176918029785 12
  endloop
endfacet
facet normal 0 0 0
  outer loop
    vertex -3.9837629795074463 -5.75 12
    vertex -3 -5.188663005828857 12
    vertex -3 -5.75 12
  endloop
endfacet
facet normal 0 0 0
  outer loop
    vertex -3.9837629795074463 -5.75 12
    vertex -3.333421468734741 -4.9888176918029785 12
    vertex -3 -5.188663005828857 12
  endloop
endfacet
facet normal 0 0 0
  outer loop
    vertex -3.9837629795074463 -5.75 28
    vertex 3.9837629795074463 -5.75 28
    vertex -3.9837629795074463 5.75 28
  endloop
endfacet
facet normal 0 0 0
  outer loop
    vertex -6.1734490394592285 3.2997772693634033 12
    vertex -5.820287227630615 3.888991594314575 12
    vertex -6.315232753753662 3 12
  endloop
endfacet
facet normal 0 0 0
  outer loop
    vertex -5.411073207855225 4.440752983093262 12
    vertex -5.188663005828857 3 12
    vertex -6.315232753753662 3 12
  endloop
endfacet
facet normal 0 0 0
  outer loop
    vertex -5.820287227630615 3.888991594314575 12
    vertex -5.411073207855225 4.440752983093262 12
    vertex -6.315232753753662 3 12
  endloop
endfacet
facet normal 0 0 0
  outer loop
    vertex -4.949747562408447 4.949747562408447 12
    vertex -4.9888176918029785 3.333421468734741 12
    vertex -5.188663005828857 3 12
  endloop
endfacet
facet normal 0 0 0
  outer loop
    vertex -7 0 12
    vertex -6.966292858123779 0.6861199736595154 28
    vertex -6.966292858123779 0.6861199736595154 12
  endloop
endfacet
facet normal 0 0 0
  outer loop
    vertex -6.86549711227417 1.3656322956085205 28
    vertex -6.86549711227417 1.3656322956085205 12
    vertex -6.966292858123779 0.6861199736595154 12
  endloop
endfacet
facet normal 0 0 0
  outer loop
    vertex -6.698582172393799 2.0319926738739014 28
    vertex -6.698582172393799 2.0319926738739014 12
    vertex -6.86549711227417 1.3656322956085205 12
  endloop
endfacet
facet normal 0 0 0
  outer loop
    vertex -7 0 12
    vertex -7 0 28
    vertex -6.966292858123779 0.6861199736595154 28
  endloop
endfacet
facet normal 0 0 0
  outer loop
    vertex -6.966292858123779 -0.6861199736595154 28
    vertex -6.966292858123779 0.6861199736595154 28
    vertex -7 0 28
  endloop
endfacet
facet normal 0 0 0
  outer loop
    vertex -6.966292858123779 0.6861199736595154 28
    vertex -6.86549711227417 1.3656322956085205 28
    vertex -6.966292858123779 0.6861199736595154 12
  endloop
endfacet
facet normal 0 0 0
  outer loop
    vertex -6.966292858123779 -0.6861199736595154 28
    vertex -6.86549711227417 1.3656322956085205 28
    vertex -6.966292858123779 0.6861199736595154 28
  endloop
endfacet
facet normal 0 0 0
  outer loop
    vertex -6.86549711227417 -1.3656322956085205 28
    vertex -6.698582172393799 2.0319926738739014 28
    vertex -6.86549711227417 1.3656322956085205 28
  endloop
endfacet
facet normal 0 0 0
  outer loop
    vertex -6.698582172393799 -2.0319926738739014 28
    vertex -6.467156887054443 2.678784132003784 28
    vertex -6.698582172393799 2.0319926738739014 28
  endloop
endfacet
facet normal 0 0 0
  outer loop
    vertex -6.86549711227417 1.3656322956085205 28
    vertex -6.698582172393799 2.0319926738739014 28
    vertex -6.86549711227417 1.3656322956085205 12
  endloop
endfacet
facet normal 0 0 0
  outer loop
    vertex -6.467156887054443 -2.678784132003784 28
    vertex -6.1734490394592285 3.2997772693634033 28
    vertex -6.467156887054443 2.678784132003784 28
  endloop
endfacet
facet normal 0 0 0
  outer loop
    vertex -6.1734490394592285 -3.2997772693634033 28
    vertex -5.820287227630615 3.888991594314575 28
    vertex -6.1734490394592285 3.2997772693634033 28
  endloop
endfacet
facet normal 0 0 0
  outer loop
    vertex -6.467156887054443 2.678784132003784 28
    vertex -6.467156887054443 2.678784132003784 12
    vertex -6.698582172393799 2.0319926738739014 12
  endloop
endfacet
facet normal 0 0 0
  outer loop
    vertex -6.315232753753662 3 12
    vertex -6.467156887054443 2.678784132003784 12
    vertex -6.1734490394592285 3.2997772693634033 28
  endloop
endfacet
facet normal 0 0 0
  outer loop
    vertex -6.1734490394592285 3.2997772693634033 12
    vertex -6.315232753753662 3 12
    vertex -6.1734490394592285 3.2997772693634033 28
  endloop
endfacet
facet normal 0 0 0
  outer loop
    vertex -6.698582172393799 2.0319926738739014 28
    vertex -6.467156887054443 2.678784132003784 28
    vertex -6.698582172393799 2.0319926738739014 12
  endloop
endfacet
facet normal 0 0 0
  outer loop
    vertex -6.467156887054443 2.678784132003784 28
    vertex -6.1734490394592285 3.2997772693634033 28
    vertex -6.467156887054443 2.678784132003784 12
  endloop
endfacet
facet normal 0 0 0
  outer loop
    vertex -6.1734490394592285 3.2997772693634033 12
    vertex -6.1734490394592285 3.2997772693634033 28
    vertex -5.820287227630615 3.888991594314575 28
  endloop
endfacet
facet normal 0 0 0
  outer loop
    vertex -5.820287227630615 -3.888991594314575 28
    vertex -5.411073207855225 4.440752983093262 28
    vertex -5.820287227630615 3.888991594314575 28
  endloop
endfacet
facet normal 0 0 0
  outer loop
    vertex -5.411073207855225 -4.440752983093262 28
    vertex -4.949747562408447 4.949747562408447 28
    vertex -5.411073207855225 4.440752983093262 28
  endloop
endfacet
facet normal 0 0 0
  outer loop
    vertex -4.949747562408447 -4.949747562408447 28
    vertex -4.440752983093262 5.411073207855225 28
    vertex -4.949747562408447 4.949747562408447 28
  endloop
endfacet
facet normal 0 0 0
  outer loop
    vertex -4.440752983093262 -5.411073207855225 28
    vertex -3.9837629795074463 5.75 28
    vertex -4.440752983093262 5.411073207855225 28
  endloop
endfacet
facet normal 0 0 0
  outer loop
    vertex -6.1734490394592285 3.2997772693634033 12
    vertex -5.820287227630615 3.888991594314575 28
    vertex -5.820287227630615 3.888991594314575 12
  endloop
endfacet
facet normal 0 0 0
  outer loop
    vertex -5.411073207855225 4.440752983093262 12
    vertex -4.949747562408447 4.949747562408447 12
    vertex -5.188663005828857 3 12
  endloop
endfacet
facet normal 0 0 0
  outer loop
    vertex -4.949747562408447 4.949747562408447 12
    vertex -4.638062953948975 3.8063597679138184 12
    vertex -4.9888176918029785 3.333421468734741 12
  endloop
endfacet
facet normal 0 0 0
  outer loop
    vertex -4.949747562408447 4.949747562408447 12
    vertex -4.440752983093262 5.411073207855225 12
    vertex -4.638062953948975 3.8063597679138184 12
  endloop
endfacet
facet normal 0 0 0
  outer loop
    vertex -4.440752983093262 5.411073207855225 12
    vertex -4.242640495300293 4.242640495300293 12
    vertex -4.638062953948975 3.8063597679138184 12
  endloop
endfacet
facet normal 0 0 0
  outer loop
    vertex -4.440752983093262 5.411073207855225 12
    vertex -3.8063597679138184 4.638062953948975 12
    vertex -4.242640495300293 4.242640495300293 12
  endloop
endfacet
facet normal 0 0 0
  outer loop
    vertex -5.820287227630615 3.888991594314575 12
    vertex -5.411073207855225 4.440752983093262 28
    vertex -5.411073207855225 4.440752983093262 12
  endloop
endfacet
facet normal 0 0 0
  outer loop
    vertex -5.411073207855225 4.440752983093262 12
    vertex -4.949747562408447 4.949747562408447 28
    vertex -4.949747562408447 4.949747562408447 12
  endloop
endfacet
facet normal 0 0 0
  outer loop
    vertex -4.949747562408447 4.949747562408447 12
    vertex -4.440752983093262 5.411073207855225 28
    vertex -4.440752983093262 5.411073207855225 12
  endloop
endfacet
facet normal 0 0 0
  outer loop
    vertex -4.440752983093262 5.411073207855225 12
    vertex -4.440752983093262 5.411073207855225 28
    vertex -3.9837629795074463 5.75 12
  endloop
endfacet
facet normal 0 0 0
  outer loop
    vertex -5.820287227630615 3.888991594314575 12
    vertex -5.820287227630615 3.888991594314575 28
    vertex -5.411073207855225 4.440752983093262 28
  endloop
endfacet
facet normal 0 0 0
  outer loop
    vertex -5.411073207855225 4.440752983093262 12
    vertex -5.411073207855225 4.440752983093262 28
    vertex -4.949747562408447 4.949747562408447 28
  endloop
endfacet
facet normal 0 0 0
  outer loop
    vertex -4.949747562408447 4.949747562408447 12
    vertex -4.949747562408447 4.949747562408447 28
    vertex -4.440752983093262 5.411073207855225 28
  endloop
endfacet
facet normal 0 0 0
  outer loop
    vertex -3.9837629795074463 5.75 12
    vertex -4.440752983093262 5.411073207855225 28
    vertex -3.9837629795074463 5.75 28
  endloop
endfacet
facet normal 0 0 0
  outer loop
    vertex -4.440752983093262 5.411073207855225 12
    vertex -3.333421468734741 4.9888176918029785 12
    vertex -3.8063597679138184 4.638062953948975 12
  endloop
endfacet
facet normal 0 0 0
  outer loop
    vertex -4.440752983093262 5.411073207855225 12
    vertex -3.9837629795074463 5.75 12
    vertex -3 5.188663005828857 12
  endloop
endfacet
facet normal 0 0 0
  outer loop
    vertex -4.440752983093262 5.411073207855225 12
    vertex -3 5.188663005828857 12
    vertex -3.333421468734741 4.9888176918029785 12
  endloop
endfacet
facet normal 0 0 0
  outer loop
    vertex -3.9837629795074463 5.75 12
    vertex -3 5.75 12
    vertex -3 5.188663005828857 12
  endloop
endfacet
facet normal 0 0 0
  outer loop
    vertex 3.9837629795074463 -5.75 12
    vertex 3 -5.75 12
    vertex 3 -5.188663005828857 12
  endloop
endfacet
facet normal 0 0 0
  outer loop
    vertex 4.440752983093262 -5.411073207855225 12
    vertex 3 -5.188663005828857 12
    vertex 3.333421468734741 -4.9888176918029785 12
  endloop
endfacet
facet normal 0 0 0
  outer loop
    vertex 3.9837629795074463 -5.75 12
    vertex 3 -5.188663005828857 12
    vertex 4.440752983093262 -5.411073207855225 12
  endloop
endfacet
facet normal 0 0 0
  outer loop
    vertex 4.440752983093262 -5.411073207855225 12
    vertex 3.333421468734741 -4.9888176918029785 12
    vertex 3.8063597679138184 -4.638062953948975 12
  endloop
endfacet
facet normal 0 0 0
  outer loop
    vertex 4.440752983093262 -5.411073207855225 12
    vertex 3.8063597679138184 -4.638062953948975 12
    vertex 4.242640495300293 -4.242640495300293 12
  endloop
endfacet
facet normal 0 0 0
  outer loop
    vertex 4.440752983093262 -5.411073207855225 12
    vertex 4.242640495300293 -4.242640495300293 12
    vertex 4.638062953948975 -3.8063597679138184 12
  endloop
endfacet
facet normal 0 0 0
  outer loop
    vertex 4.440752983093262 -5.411073207855225 12
    vertex 4.638062953948975 -3.8063597679138184 12
    vertex 4.949747562408447 -4.949747562408447 12
  endloop
endfacet
facet normal 0 0 0
  outer loop
    vertex 4.949747562408447 -4.949747562408447 12
    vertex 4.638062953948975 -3.8063597679138184 12
    vertex 4.9888176918029785 -3.333421468734741 12
  endloop
endfacet
facet normal 0 0 0
  outer loop
    vertex 4.949747562408447 -4.949747562408447 12
    vertex 5.188663005828857 -3 12
    vertex 5.411073207855225 -4.440752983093262 12
  endloop
endfacet
facet normal 0 0 0
  outer loop
    vertex 3.9837629795074463 -5.75 12
    vertex 4.440752983093262 -5.411073207855225 12
    vertex 4.440752983093262 -5.411073207855225 28
  endloop
endfacet
facet normal 0 0 0
  outer loop
    vertex 4.440752983093262 -5.411073207855225 12
    vertex 4.949747562408447 -4.949747562408447 12
    vertex 4.440752983093262 -5.411073207855225 28
  endloop
endfacet
facet normal 0 0 0
  outer loop
    vertex 4.949747562408447 -4.949747562408447 12
    vertex 5.411073207855225 -4.440752983093262 12
    vertex 4.949747562408447 -4.949747562408447 28
  endloop
endfacet
facet normal 0 0 0
  outer loop
    vertex 5.411073207855225 -4.440752983093262 12
    vertex 5.820287227630615 -3.888991594314575 12
    vertex 5.411073207855225 -4.440752983093262 28
  endloop
endfacet
facet normal 0 0 0
  outer loop
    vertex 3.9837629795074463 -5.75 12
    vertex 4.440752983093262 -5.411073207855225 28
    vertex 3.9837629795074463 -5.75 28
  endloop
endfacet
facet normal 0 0 0
  outer loop
    vertex 4.949747562408447 -4.949747562408447 12
    vertex 4.949747562408447 -4.949747562408447 28
    vertex 4.440752983093262 -5.411073207855225 28
  endloop
endfacet
facet normal 0 0 0
  outer loop
    vertex 5.411073207855225 -4.440752983093262 12
    vertex 5.411073207855225 -4.440752983093262 28
    vertex 4.949747562408447 -4.949747562408447 28
  endloop
endfacet
facet normal 0 0 0
  outer loop
    vertex 5.411073207855225 -4.440752983093262 28
    vertex 5.820287227630615 -3.888991594314575 12
    vertex 5.820287227630615 -3.888991594314575 28
  endloop
endfacet
facet normal 0 0 0
  outer loop
    vertex 4.949747562408447 -4.949747562408447 12
    vertex 4.9888176918029785 -3.333421468734741 12
    vertex 5.188663005828857 -3 12
  endloop
endfacet
facet normal 0 0 0
  outer loop
    vertex 5.411073207855225 -4.440752983093262 12
    vertex 6.315232753753662 -3 12
    vertex 5.820287227630615 -3.888991594314575 12
  endloop
endfacet
facet normal 0 0 0
  outer loop
    vertex 5.411073207855225 -4.440752983093262 12
    vertex 5.188663005828857 -3 12
    vertex 6.315232753753662 -3 12
  endloop
endfacet
facet normal 0 0 0
  outer loop
    vertex 5.820287227630615 -3.888991594314575 12
    vertex 6.315232753753662 -3 12
    vertex 6.1734490394592285 -3.2997772693634033 12
  endloop
endfacet
facet normal 0 0 0
  outer loop
    vertex 5.820287227630615 -3.888991594314575 12
    vertex 6.1734490394592285 -3.2997772693634033 12
    vertex 5.820287227630615 -3.888991594314575 28
  endloop
endfacet
facet normal 0 0 0
  outer loop
    vertex 3.9837629795074463 -5.75 28
    vertex 4.440752983093262 -5.411073207855225 28
    vertex 4.440752983093262 5.411073207855225 28
  endloop
endfacet
facet normal 0 0 0
  outer loop
    vertex 4.440752983093262 -5.411073207855225 28
    vertex 4.949747562408447 -4.949747562408447 28
    vertex 4.949747562408447 4.949747562408447 28
  endloop
endfacet
facet normal 0 0 0
  outer loop
    vertex 4.949747562408447 -4.949747562408447 28
    vertex 5.411073207855225 -4.440752983093262 28
    vertex 5.411073207855225 4.440752983093262 28
  endloop
endfacet
facet normal 0 0 0
  outer loop
    vertex 5.411073207855225 -4.440752983093262 28
    vertex 5.820287227630615 -3.888991594314575 28
    vertex 5.820287227630615 3.888991594314575 28
  endloop
endfacet
facet normal 0 0 0
  outer loop
    vertex 6.1734490394592285 -3.2997772693634033 12
    vertex 6.315232753753662 -3 12
    vertex 6.1734490394592285 -3.2997772693634033 28
  endloop
endfacet
facet normal 0 0 0
  outer loop
    vertex 6.315232753753662 -3 12
    vertex 6.467156887054443 -2.678784132003784 12
    vertex 6.1734490394592285 -3.2997772693634033 28
  endloop
endfacet
facet normal 0 0 0
  outer loop
    vertex 6.467156887054443 -2.678784132003784 28
    vertex 6.467156887054443 -2.678784132003784 12
    vertex 6.698582172393799 -2.0319926738739014 12
  endloop
endfacet
facet normal 0 0 0
  outer loop
    vertex 6.1734490394592285 -3.2997772693634033 12
    vertex 6.1734490394592285 -3.2997772693634033 28
    vertex 5.820287227630615 -3.888991594314575 28
  endloop
endfacet
facet normal 0 0 0
  outer loop
    vertex 6.1734490394592285 -3.2997772693634033 28
    vertex 6.467156887054443 -2.678784132003784 12
    vertex 6.467156887054443 -2.678784132003784 28
  endloop
endfacet
facet normal 0 0 0
  outer loop
    vertex 6.467156887054443 -2.678784132003784 28
    vertex 6.698582172393799 -2.0319926738739014 12
    vertex 6.698582172393799 -2.0319926738739014 28
  endloop
endfacet
facet normal 0 0 0
  outer loop
    vertex 6.698582172393799 -2.0319926738739014 28
    vertex 6.698582172393799 -2.0319926738739014 12
    vertex 6.86549711227417 -1.3656322956085205 12
  endloop
endfacet
facet normal 0 0 0
  outer loop
    vertex 6.86549711227417 -1.3656322956085205 28
    vertex 6.86549711227417 -1.3656322956085205 12
    vertex 6.966292858123779 -0.6861199736595154 12
  endloop
endfacet
facet normal 0 0 0
  outer loop
    vertex 6.966292858123779 -0.6861199736595154 28
    vertex 6.966292858123779 -0.6861199736595154 12
    vertex 7 0 12
  endloop
endfacet
facet normal 0 0 0
  outer loop
    vertex 6.698582172393799 -2.0319926738739014 28
    vertex 6.86549711227417 -1.3656322956085205 12
    vertex 6.86549711227417 -1.3656322956085205 28
  endloop
endfacet
facet normal 0 0 0
  outer loop
    vertex 5.820287227630615 -3.888991594314575 28
    vertex 6.1734490394592285 -3.2997772693634033 28
    vertex 6.1734490394592285 3.2997772693634033 28
  endloop
endfacet
facet normal 0 0 0
  outer loop
    vertex 6.1734490394592285 -3.2997772693634033 28
    vertex 6.467156887054443 -2.678784132003784 28
    vertex 6.467156887054443 2.678784132003784 28
  endloop
endfacet
facet normal 0 0 0
  outer loop
    vertex 6.86549711227417 -1.3656322956085205 28
    vertex 6.966292858123779 -0.6861199736595154 12
    vertex 6.966292858123779 -0.6861199736595154 28
  endloop
endfacet
facet normal 0 0 0
  outer loop
    vertex 6.467156887054443 -2.678784132003784 28
    vertex 6.698582172393799 -2.0319926738739014 28
    vertex 6.698582172393799 2.0319926738739014 28
  endloop
endfacet
facet normal 0 0 0
  outer loop
    vertex 6.698582172393799 -2.0319926738739014 28
    vertex 6.86549711227417 -1.3656322956085205 28
    vertex 6.86549711227417 1.3656322956085205 28
  endloop
endfacet
facet normal 0 0 0
  outer loop
    vertex 6.86549711227417 -1.3656322956085205 28
    vertex 6.966292858123779 -0.6861199736595154 28
    vertex 6.966292858123779 0.6861199736595154 28
  endloop
endfacet
facet normal 0 0 0
  outer loop
    vertex 6.966292858123779 -0.6861199736595154 28
    vertex 7 0 12
    vertex 7 0 28
  endloop
endfacet
facet normal 0 0 0
  outer loop
    vertex -3.9837629795074463 5.75 28
    vertex 3.9837629795074463 -5.75 28
    vertex 3.9837629795074463 5.75 28
  endloop
endfacet
facet normal 0 0 0
  outer loop
    vertex 3.9837629795074463 5.75 12
    vertex 3.333421468734741 4.9888176918029785 12
    vertex 3 5.188663005828857 12
  endloop
endfacet
facet normal 0 0 0
  outer loop
    vertex 3.9837629795074463 5.75 12
    vertex 3 5.188663005828857 12
    vertex 3 5.75 12
  endloop
endfacet
facet normal 0 0 0
  outer loop
    vertex 3.9837629795074463 5.75 12
    vertex 3.8063597679138184 4.638062953948975 12
    vertex 3.333421468734741 4.9888176918029785 12
  endloop
endfacet
facet normal 0 0 0
  outer loop
    vertex 6.315232753753662 3 12
    vertex 4.9888176918029785 3.333421468734741 12
    vertex 4.638062953948975 3.8063597679138184 12
  endloop
endfacet
facet normal 0 0 0
  outer loop
    vertex 5.411073207855225 4.440752983093262 12
    vertex 6.315232753753662 3 12
    vertex 4.638062953948975 3.8063597679138184 12
  endloop
endfacet
facet normal 0 0 0
  outer loop
    vertex 6.315232753753662 3 12
    vertex 5.188663005828857 3 12
    vertex 4.9888176918029785 3.333421468734741 12
  endloop
endfacet
facet normal 0 0 0
  outer loop
    vertex 5.820287227630615 3.888991594314575 12
    vertex 6.315232753753662 3 12
    vertex 5.411073207855225 4.440752983093262 12
  endloop
endfacet
facet normal 0 0 0
  outer loop
    vertex 5.820287227630615 3.888991594314575 12
    vertex 6.1734490394592285 3.2997772693634033 12
    vertex 6.315232753753662 3 12
  endloop
endfacet
facet normal 0 0 0
  outer loop
    vertex 3.9837629795074463 -5.75 28
    vertex 4.440752983093262 5.411073207855225 28
    vertex 3.9837629795074463 5.75 28
  endloop
endfacet
facet normal 0 0 0
  outer loop
    vertex 4.440752983093262 -5.411073207855225 28
    vertex 4.949747562408447 4.949747562408447 28
    vertex 4.440752983093262 5.411073207855225 28
  endloop
endfacet
facet normal 0 0 0
  outer loop
    vertex 4.949747562408447 -4.949747562408447 28
    vertex 5.411073207855225 4.440752983093262 28
    vertex 4.949747562408447 4.949747562408447 28
  endloop
endfacet
facet normal 0 0 0
  outer loop
    vertex 5.411073207855225 -4.440752983093262 28
    vertex 5.820287227630615 3.888991594314575 28
    vertex 5.411073207855225 4.440752983093262 28
  endloop
endfacet
facet normal 0 0 0
  outer loop
    vertex 5.820287227630615 -3.888991594314575 28
    vertex 6.1734490394592285 3.2997772693634033 28
    vertex 5.820287227630615 3.888991594314575 28
  endloop
endfacet
facet normal 0 0 0
  outer loop
    vertex 5.820287227630615 3.888991594314575 12
    vertex 5.820287227630615 3.888991594314575 28
    vertex 6.1734490394592285 3.2997772693634033 28
  endloop
endfacet
facet normal 0 0 0
  outer loop
    vertex 6.966292858123779 0.6861199736595154 28
    vertex 6.966292858123779 0.6861199736595154 12
    vertex 6.86549711227417 1.3656322956085205 12
  endloop
endfacet
facet normal 0 0 0
  outer loop
    vertex 6.86549711227417 1.3656322956085205 28
    vertex 6.86549711227417 1.3656322956085205 12
    vertex 6.698582172393799 2.0319926738739014 12
  endloop
endfacet
facet normal 0 0 0
  outer loop
    vertex 7 0 28
    vertex 7 0 12
    vertex 6.966292858123779 0.6861199736595154 12
  endloop
endfacet
facet normal 0 0 0
  outer loop
    vertex 6.1734490394592285 -3.2997772693634033 28
    vertex 6.467156887054443 2.678784132003784 28
    vertex 6.1734490394592285 3.2997772693634033 28
  endloop
endfacet
facet normal 0 0 0
  outer loop
    vertex 6.86549711227417 -1.3656322956085205 28
    vertex 6.966292858123779 0.6861199736595154 28
    vertex 6.86549711227417 1.3656322956085205 28
  endloop
endfacet
facet normal 0 0 0
  outer loop
    vertex 6.698582172393799 -2.0319926738739014 28
    vertex 6.86549711227417 1.3656322956085205 28
    vertex 6.698582172393799 2.0319926738739014 28
  endloop
endfacet
facet normal 0 0 0
  outer loop
    vertex 6.467156887054443 -2.678784132003784 28
    vertex 6.698582172393799 2.0319926738739014 28
    vertex 6.467156887054443 2.678784132003784 28
  endloop
endfacet
facet normal 0 0 0
  outer loop
    vertex 6.86549711227417 1.3656322956085205 28
    vertex 6.966292858123779 0.6861199736595154 28
    vertex 6.86549711227417 1.3656322956085205 12
  endloop
endfacet
facet normal 0 0 0
  outer loop
    vertex 6.86549711227417 1.3656322956085205 28
    vertex 6.698582172393799 2.0319926738739014 12
    vertex 6.698582172393799 2.0319926738739014 28
  endloop
endfacet
facet normal 0 0 0
  outer loop
    vertex 7 0 28
    vertex 6.966292858123779 0.6861199736595154 12
    vertex 6.966292858123779 0.6861199736595154 28
  endloop
endfacet
facet normal 0 0 0
  outer loop
    vertex 6.966292858123779 -0.6861199736595154 28
    vertex 7 0 28
    vertex 6.966292858123779 0.6861199736595154 28
  endloop
endfacet
facet normal 0 0 0
  outer loop
    vertex 6.467156887054443 2.678784132003784 28
    vertex 6.467156887054443 2.678784132003784 12
    vertex 6.315232753753662 3 12
  endloop
endfacet
facet normal 0 0 0
  outer loop
    vertex 6.698582172393799 2.0319926738739014 28
    vertex 6.698582172393799 2.0319926738739014 12
    vertex 6.467156887054443 2.678784132003784 12
  endloop
endfacet
facet normal 0 0 0
  outer loop
    vertex 6.1734490394592285 3.2997772693634033 12
    vertex 6.467156887054443 2.678784132003784 28
    vertex 6.315232753753662 3 12
  endloop
endfacet
facet normal 0 0 0
  outer loop
    vertex 5.820287227630615 3.888991594314575 12
    vertex 6.1734490394592285 3.2997772693634033 28
    vertex 6.1734490394592285 3.2997772693634033 12
  endloop
endfacet
facet normal 0 0 0
  outer loop
    vertex 6.698582172393799 2.0319926738739014 28
    vertex 6.467156887054443 2.678784132003784 12
    vertex 6.467156887054443 2.678784132003784 28
  endloop
endfacet
facet normal 0 0 0
  outer loop
    vertex 6.1734490394592285 3.2997772693634033 12
    vertex 6.1734490394592285 3.2997772693634033 28
    vertex 6.467156887054443 2.678784132003784 28
  endloop
endfacet
facet normal 0 0 0
  outer loop
    vertex 4.440752983093262 5.411073207855225 12
    vertex 4.242640495300293 4.242640495300293 12
    vertex 3.8063597679138184 4.638062953948975 12
  endloop
endfacet
facet normal 0 0 0
  outer loop
    vertex 4.949747562408447 4.949747562408447 12
    vertex 4.638062953948975 3.8063597679138184 12
    vertex 4.242640495300293 4.242640495300293 12
  endloop
endfacet
facet normal 0 0 0
  outer loop
    vertex 4.949747562408447 4.949747562408447 12
    vertex 4.242640495300293 4.242640495300293 12
    vertex 4.440752983093262 5.411073207855225 12
  endloop
endfacet
facet normal 0 0 0
  outer loop
    vertex 4.440752983093262 5.411073207855225 12
    vertex 3.8063597679138184 4.638062953948975 12
    vertex 3.9837629795074463 5.75 12
  endloop
endfacet
facet normal 0 0 0
  outer loop
    vertex 4.949747562408447 4.949747562408447 12
    vertex 5.411073207855225 4.440752983093262 12
    vertex 4.638062953948975 3.8063597679138184 12
  endloop
endfacet
facet normal 0 0 0
  outer loop
    vertex 4.440752983093262 5.411073207855225 12
    vertex 3.9837629795074463 5.75 12
    vertex 3.9837629795074463 5.75 28
  endloop
endfacet
facet normal 0 0 0
  outer loop
    vertex 4.949747562408447 4.949747562408447 12
    vertex 4.440752983093262 5.411073207855225 12
    vertex 4.949747562408447 4.949747562408447 28
  endloop
endfacet
facet normal 0 0 0
  outer loop
    vertex 4.949747562408447 4.949747562408447 12
    vertex 5.411073207855225 4.440752983093262 28
    vertex 5.411073207855225 4.440752983093262 12
  endloop
endfacet
facet normal 0 0 0
  outer loop
    vertex 5.820287227630615 3.888991594314575 12
    vertex 5.411073207855225 4.440752983093262 12
    vertex 5.820287227630615 3.888991594314575 28
  endloop
endfacet
facet normal 0 0 0
  outer loop
    vertex 4.440752983093262 5.411073207855225 12
    vertex 3.9837629795074463 5.75 28
    vertex 4.440752983093262 5.411073207855225 28
  endloop
endfacet
facet normal 0 0 0
  outer loop
    vertex 4.440752983093262 5.411073207855225 12
    vertex 4.440752983093262 5.411073207855225 28
    vertex 4.949747562408447 4.949747562408447 28
  endloop
endfacet
facet normal 0 0 0
  outer loop
    vertex 4.949747562408447 4.949747562408447 12
    vertex 4.949747562408447 4.949747562408447 28
    vertex 5.411073207855225 4.440752983093262 28
  endloop
endfacet
facet normal 0 0 0
  outer loop
    vertex 5.820287227630615 3.888991594314575 28
    vertex 5.411073207855225 4.440752983093262 12
    vertex 5.411073207855225 4.440752983093262 28
  endloop
endfacet
facet normal 0 0 0
  outer loop
    vertex -3.9837629795074463 5.75 12
    vertex 3.9837629795074463 5.75 28
    vertex -3 5.75 12
  endloop
endfacet
facet normal 0 0 0
  outer loop
    vertex -3.9837629795074463 5.75 12
    vertex -3.9837629795074463 5.75 28
    vertex 3.9837629795074463 5.75 28
  endloop
endfacet
facet normal 0 0 0
  outer loop
    vertex 3.9837629795074463 5.75 28
    vertex 3 5.75 12
    vertex -3 5.75 12
  endloop
endfacet
facet normal 0 0 0
  outer loop
    vertex 3.9837629795074463 5.75 12
    vertex 3 5.75 12
    vertex 3.9837629795074463 5.75 28
  endloop
endfacet
facet normal 0 0 0
  outer loop
    vertex -3.9837629795074463 -5.75 12
    vertex -3 -5.75 12
    vertex -3.9837629795074463 -5.75 28
  endloop
endfacet
facet normal 0 0 0
  outer loop
    vertex -3.9837629795074463 -5.75 28
    vertex -3 -5.75 12
    vertex 3 -5.75 12
  endloop
endfacet
facet normal 0 0 0
  outer loop
    vertex -3.9837629795074463 -5.75 28
    vertex 3 -5.75 12
    vertex 3.9837629795074463 -5.75 12
  endloop
endfacet
facet normal 0 0 0
  outer loop
    vertex -3.9837629795074463 -5.75 28
    vertex 3.9837629795074463 -5.75 12
    vertex 3.9837629795074463 -5.75 28
  endloop
endfacet
facet normal 0 0 0
  outer loop
    vertex -6.193636417388916 -5.062265872955322 -30
    vertex -6.056942462921143 -4.925571918487549 -23.10770606994629
    vertex -6.651756763458252 -4.444561958312988 -30
  endloop
endfacet
facet normal 0 0 0
  outer loop
    vertex -6.651756763458252 -4.444561958312988 -30
    vertex -6.056942462921143 -4.925571918487549 -23.10770606994629
    vertex -6.236021995544434 -4.166776657104492 -12
  endloop
endfacet
facet normal 0 0 0
  outer loop
    vertex -6.035294055938721 -4.953037738800049 -23.07068634033203
    vertex -6.236021995544434 -4.166776657104492 -12
    vertex -6.056942462921143 -4.925571918487549 -23.10770606994629
  endloop
endfacet
facet normal 0 0 0
  outer loop
    vertex -6.651756763458252 -4.444561958312988 -30
    vertex -6.236021995544434 -4.166776657104492 -12
    vertex -6.614409446716309 -3.535475492477417 -12
  endloop
endfacet
facet normal 0 0 0
  outer loop
    vertex -6.035294055938721 -4.953037738800049 -23.07068634033203
    vertex -5.79757833480835 -4.7579498291015625 -12
    vertex -6.236021995544434 -4.166776657104492 -12
  endloop
endfacet
facet normal 0 0 0
  outer loop
    vertex -5.062265872955322 -6.193636417388916 -30
    vertex -4.738699913024902 -5.870070934295654 -30
    vertex -4.444561958312988 -6.651756763458252 -30
  endloop
endfacet
facet normal 0 0 0
  outer loop
    vertex -5.062265872955322 -6.193636417388916 -30
    vertex -4.444561958312988 -6.651756763458252 -30
    vertex -4.925571918487549 -6.056942462921143 -23.10770606994629
  endloop
endfacet
facet normal 0 0 0
  outer loop
    vertex -4.444561958312988 -6.651756763458252 -30
    vertex -3.7711739540100098 -7.055370330810547 -30
    vertex -4.166776657104492 -6.236021995544434 -12
  endloop
endfacet
facet normal 0 0 0
  outer loop
    vertex -4.444561958312988 -6.651756763458252 -30
    vertex -4.7579498291015625 -5.79757833480835 -12
    vertex -4.925571918487549 -6.056942462921143 -23.10770606994629
  endloop
endfacet
facet normal 0 0 0
  outer loop
    vertex -4.444561958312988 -6.651756763458252 -30
    vertex -4.166776657104492 -6.236021995544434 -12
    vertex -4.7579498291015625 -5.79757833480835 -12
  endloop
endfacet
facet normal 0 0 0
  outer loop
    vertex -6.035294055938721 -4.953037738800049 -23.07068634033203
    vertex -5.515432834625244 -5.515432834625244 -22.799999237060547
    vertex -5.79757833480835 -4.7579498291015625 -12
  endloop
endfacet
facet normal 0 0 0
  outer loop
    vertex -4.953037738800049 -6.035294055938721 -23.07068634033203
    vertex -5.303300857543945 -5.303300857543945 -12
    vertex -5.515432834625244 -5.515432834625244 -22.799999237060547
  endloop
endfacet
facet normal 0 0 0
  outer loop
    vertex -5.515432834625244 -5.515432834625244 -22.799999237060547
    vertex -5.303300857543945 -5.303300857543945 -12
    vertex -5.79757833480835 -4.7579498291015625 -12
  endloop
endfacet
facet normal 0 0 0
  outer loop
    vertex -4.953037738800049 -6.035294055938721 -23.07068634033203
    vertex -4.7579498291015625 -5.79757833480835 -12
    vertex -5.303300857543945 -5.303300857543945 -12
  endloop
endfacet
facet normal 0 0 0
  outer loop
    vertex -4.953037738800049 -6.035294055938721 -23.07068634033203
    vertex -4.925571918487549 -6.056942462921143 -23.10770606994629
    vertex -4.7579498291015625 -5.79757833480835 -12
  endloop
endfacet
facet normal 0 0 0
  outer loop
    vertex -5.303300857543945 -5.303300857543945 -12
    vertex -4.7579498291015625 -5.79757833480835 -12
    vertex -4.9888176918029785 -3.333421468734741 -12
  endloop
endfacet
facet normal 0 0 0
  outer loop
    vertex -5.303300857543945 -5.303300857543945 -12
    vertex -5.188663005828857 -3 -12
    vertex -5.79757833480835 -4.7579498291015625 -12
  endloop
endfacet
facet normal 0 0 0
  outer loop
    vertex -4.166776657104492 -6.236021995544434 -12
    vertex -4.242640495300293 -4.242640495300293 -12
    vertex -4.7579498291015625 -5.79757833480835 -12
  endloop
endfacet
facet normal 0 0 0
  outer loop
    vertex -4.166776657104492 -6.236021995544434 -12
    vertex -3.8063597679138184 -4.638062953948975 -12
    vertex -4.242640495300293 -4.242640495300293 -12
  endloop
endfacet
facet normal 0 0 0
  outer loop
    vertex -4.7579498291015625 -5.79757833480835 -12
    vertex -4.242640495300293 -4.242640495300293 -12
    vertex -4.638062953948975 -3.8063597679138184 -12
  endloop
endfacet
facet normal 0 0 0
  outer loop
    vertex -4.7579498291015625 -5.79757833480835 -12
    vertex -4.638062953948975 -3.8063597679138184 -12
    vertex -4.9888176918029785 -3.333421468734741 -12
  endloop
endfacet
facet normal 0 0 0
  outer loop
    vertex -7.055370330810547 -3.7711739540100098 -30
    vertex -6.929096698760986 -2.8701257705688477 -12
    vertex -7.391036033630371 -3.061467409133911 -30
  endloop
endfacet
facet normal 0 0 0
  outer loop
    vertex -7.391036033630371 -3.061467409133911 -30
    vertex -7.65552282333374 -2.322277307510376 -30
    vertex -7.5015339851379395 -0.800000011920929 -30
  endloop
endfacet
facet normal 0 0 0
  outer loop
    vertex -7.391036033630371 -3.061467409133911 -30
    vertex -7.1770524978637695 -2.1771349906921387 -12
    vertex -7.65552282333374 -2.322277307510376 -30
  endloop
endfacet
facet normal 0 0 0
  outer loop
    vertex -6.651756763458252 -4.444561958312988 -30
    vertex -6.614409446716309 -3.535475492477417 -12
    vertex -7.055370330810547 -3.7711739540100098 -30
  endloop
endfacet
facet normal 0 0 0
  outer loop
    vertex -7.391036033630371 -3.061467409133911 -30
    vertex -6.929096698760986 -2.8701257705688477 -12
    vertex -7.1770524978637695 -2.1771349906921387 -12
  endloop
endfacet
facet normal 0 0 0
  outer loop
    vertex -7.055370330810547 -3.7711739540100098 -30
    vertex -6.614409446716309 -3.535475492477417 -12
    vertex -6.929096698760986 -2.8701257705688477 -12
  endloop
endfacet
facet normal 0 0 0
  outer loop
    vertex -7.65552282333374 -2.322277307510376 -30
    vertex -7.846282005310059 -1.5607225894927979 -30
    vertex -7.5015339851379395 -0.800000011920929 -30
  endloop
endfacet
facet normal 0 0 0
  outer loop
    vertex -7.846282005310059 -1.5607225894927979 -30
    vertex -7.959124565124512 -0.800000011920929 -30
    vertex -7.5015339851379395 -0.800000011920929 -30
  endloop
endfacet
facet normal 0 0 0
  outer loop
    vertex -7.391036033630371 -3.061467409133911 -30
    vertex -7.5015339851379395 -0.800000011920929 -30
    vertex -7.5015339851379395 0.800000011920929 -30
  endloop
endfacet
facet normal 0 0 0
  outer loop
    vertex -7.846282005310059 -1.5607225894927979 -30
    vertex -7.765810489654541 -0.800000011920929 -23.10770606994629
    vertex -7.959124565124512 -0.800000011920929 -30
  endloop
endfacet
facet normal 0 0 0
  outer loop
    vertex -7.055370330810547 -3.7711739540100098 -30
    vertex -7.391036033630371 -3.061467409133911 -30
    vertex -7.055370330810547 3.7711739540100098 -30
  endloop
endfacet
facet normal 0 0 0
  outer loop
    vertex -7.65552282333374 -2.322277307510376 -30
    vertex -7.355889797210693 -1.4631774425506592 -12
    vertex -7.846282005310059 -1.5607225894927979 -30
  endloop
endfacet
facet normal 0 0 0
  outer loop
    vertex -6.651756763458252 -4.444561958312988 -30
    vertex -7.055370330810547 -3.7711739540100098 -30
    vertex -6.651756763458252 4.444561958312988 -30
  endloop
endfacet
facet normal 0 0 0
  outer loop
    vertex -6.193636417388916 -5.062265872955322 -30
    vertex -6.651756763458252 -4.444561958312988 -30
    vertex -5.870070934295654 4.738699913024902 -30
  endloop
endfacet
facet normal 0 0 0
  outer loop
    vertex -7.846282005310059 -1.5607225894927979 -30
    vertex -7.463885307312012 -0.7351285815238953 -12
    vertex -7.765810489654541 -0.800000011920929 -23.10770606994629
  endloop
endfacet
facet normal 0 0 0
  outer loop
    vertex -7.846282005310059 -1.5607225894927979 -30
    vertex -7.355889797210693 -1.4631774425506592 -12
    vertex -7.463885307312012 -0.7351285815238953 -12
  endloop
endfacet
facet normal 0 0 0
  outer loop
    vertex -7.65552282333374 -2.322277307510376 -30
    vertex -7.1770524978637695 -2.1771349906921387 -12
    vertex -7.355889797210693 -1.4631774425506592 -12
  endloop
endfacet
facet normal 0 0 0
  outer loop
    vertex -7.765810489654541 -0.800000011920929 -23.10770606994629
    vertex -7.463885307312012 -0.7351285815238953 -12
    vertex -7.769923686981201 -0.7652707099914551 -23.07068634033203
  endloop
endfacet
facet normal 0 0 0
  outer loop
    vertex -7.769923686981201 -0.7652707099914551 -23.07068634033203
    vertex -7.5 0 -12
    vertex -7.800000190734863 0 -22.799999237060547
  endloop
endfacet
facet normal 0 0 0
  outer loop
    vertex -7.769923686981201 -0.7652707099914551 -23.07068634033203
    vertex -7.463885307312012 -0.7351285815238953 -12
    vertex -7.5 0 -12
  endloop
endfacet
facet normal 0 0 0
  outer loop
    vertex -4.444561958312988 -6.651756763458252 -30
    vertex -3.7711739540100098 7.055370330810547 -30
    vertex -3.7711739540100098 -7.055370330810547 -30
  endloop
endfacet
facet normal 0 0 0
  outer loop
    vertex -6.193636417388916 -5.062265872955322 -30
    vertex -4.738699913024902 5.870070934295654 -30
    vertex -5.870070934295654 -4.738699913024902 -30
  endloop
endfacet
facet normal 0 0 0
  outer loop
    vertex -5.870070934295654 -4.738699913024902 -30
    vertex -4.444561958312988 6.651756763458252 -30
    vertex -4.738699913024902 -5.870070934295654 -30
  endloop
endfacet
facet normal 0 0 0
  outer loop
    vertex -4.444561958312988 -6.651756763458252 -30
    vertex -4.738699913024902 -5.870070934295654 -30
    vertex -4.444561958312988 6.651756763458252 -30
  endloop
endfacet
facet normal 0 0 0
  outer loop
    vertex -6.236021995544434 -4.166776657104492 -12
    vertex -6.467156887054443 -2.678784132003784 -12
    vertex -6.614409446716309 -3.535475492477417 -12
  endloop
endfacet
facet normal 0 0 0
  outer loop
    vertex -6.236021995544434 -4.166776657104492 -12
    vertex -6.191549301147461 -3.261507511138916 -12
    vertex -6.467156887054443 -2.678784132003784 -12
  endloop
endfacet
facet normal 0 0 0
  outer loop
    vertex -6.614409446716309 -3.535475492477417 -12
    vertex -6.698582172393799 -2.0319926738739014 -12
    vertex -6.929096698760986 -2.8701257705688477 -12
  endloop
endfacet
facet normal 0 0 0
  outer loop
    vertex -6.614409446716309 -3.535475492477417 -12
    vertex -6.467156887054443 -2.678784132003784 -12
    vertex -6.698582172393799 -2.0319926738739014 -12
  endloop
endfacet
facet normal 0 0 0
  outer loop
    vertex -6.929096698760986 -2.8701257705688477 -12
    vertex -6.698582172393799 -2.0319926738739014 -12
    vertex -6.86549711227417 -1.3656322956085205 -12
  endloop
endfacet
facet normal 0 0 0
  outer loop
    vertex -7.1770524978637695 -2.1771349906921387 -12
    vertex -6.929096698760986 -2.8701257705688477 -12
    vertex -6.966292858123779 -0.6861199736595154 -12
  endloop
endfacet
facet normal 0 0 0
  outer loop
    vertex -7.1770524978637695 -2.1771349906921387 -12
    vertex -6.966292858123779 -0.6861199736595154 -12
    vertex -7 0 -12
  endloop
endfacet
facet normal 0 0 0
  outer loop
    vertex -7.1770524978637695 -2.1771349906921387 -12
    vertex -7.1770524978637695 2.1771349906921387 -12
    vertex -7.355889797210693 -1.4631774425506592 -12
  endloop
endfacet
facet normal 0 0 0
  outer loop
    vertex -7.355889797210693 -1.4631774425506592 -12
    vertex -7.355889797210693 1.4631774425506592 -12
    vertex -7.463885307312012 -0.7351285815238953 -12
  endloop
endfacet
facet normal 0 0 0
  outer loop
    vertex -6.929096698760986 -2.8701257705688477 -12
    vertex -6.86549711227417 -1.3656322956085205 -12
    vertex -6.966292858123779 -0.6861199736595154 -12
  endloop
endfacet
facet normal 0 0 0
  outer loop
    vertex -6.236021995544434 -4.166776657104492 -12
    vertex -5.79757833480835 -4.7579498291015625 -12
    vertex -5.188663005828857 -3 -12
  endloop
endfacet
facet normal 0 0 0
  outer loop
    vertex -6.236021995544434 -4.166776657104492 -12
    vertex -5.188663005828857 -3 -12
    vertex -6.191549301147461 -3.261507511138916 -12
  endloop
endfacet
facet normal 0 0 0
  outer loop
    vertex -6.191549301147461 -3.261507511138916 -12
    vertex -5.188663005828857 -3 -12
    vertex -6.315232753753662 -3 -12
  endloop
endfacet
facet normal 0 0 0
  outer loop
    vertex -5.303300857543945 -5.303300857543945 -12
    vertex -4.9888176918029785 -3.333421468734741 -12
    vertex -5.188663005828857 -3 -12
  endloop
endfacet
facet normal 0 0 0
  outer loop
    vertex -3.7711739540100098 -7.055370330810547 -30
    vertex -3.061467409133911 -7.391036033630371 -30
    vertex -3.535475492477417 -6.614409446716309 -12
  endloop
endfacet
facet normal 0 0 0
  outer loop
    vertex -3.061467409133911 -7.391036033630371 -30
    vertex -2.322277307510376 -7.65552282333374 -30
    vertex -2.8701257705688477 -6.929096698760986 -12
  endloop
endfacet
facet normal 0 0 0
  outer loop
    vertex -2.322277307510376 -7.65552282333374 -30
    vertex -1.5607225894927979 -7.846282005310059 -30
    vertex -2.1771349906921387 -7.1770524978637695 -12
  endloop
endfacet
facet normal 0 0 0
  outer loop
    vertex -3.061467409133911 -7.391036033630371 -30
    vertex -2.8701257705688477 -6.929096698760986 -12
    vertex -3.535475492477417 -6.614409446716309 -12
  endloop
endfacet
facet normal 0 0 0
  outer loop
    vertex -4.166776657104492 -6.236021995544434 -12
    vertex -3.7711739540100098 -7.055370330810547 -30
    vertex -3.535475492477417 -6.614409446716309 -12
  endloop
endfacet
facet normal 0 0 0
  outer loop
    vertex -2.322277307510376 -7.65552282333374 -30
    vertex -2.1771349906921387 -7.1770524978637695 -12
    vertex -2.8701257705688477 -6.929096698760986 -12
  endloop
endfacet
facet normal 0 0 0
  outer loop
    vertex -1.5607225894927979 -7.846282005310059 -30
    vertex -0.800000011920929 -7.5015339851379395 -30
    vertex -0.800000011920929 -7.959124565124512 -30
  endloop
endfacet
facet normal 0 0 0
  outer loop
    vertex -1.5607225894927979 -7.846282005310059 -30
    vertex -0.800000011920929 -7.959124565124512 -30
    vertex -0.800000011920929 -7.765810489654541 -23.10770606994629
  endloop
endfacet
facet normal 0 0 0
  outer loop
    vertex -1.5607225894927979 -7.846282005310059 -30
    vertex -0.800000011920929 -7.765810489654541 -23.10770606994629
    vertex -1.4631774425506592 -7.355889797210693 -12
  endloop
endfacet
facet normal 0 0 0
  outer loop
    vertex -0.800000011920929 -7.765810489654541 -23.10770606994629
    vertex -0.7652707099914551 -7.769923686981201 -23.07068634033203
    vertex -1.4631774425506592 -7.355889797210693 -12
  endloop
endfacet
facet normal 0 0 0
  outer loop
    vertex -1.5607225894927979 -7.846282005310059 -30
    vertex -1.4631774425506592 -7.355889797210693 -12
    vertex -2.1771349906921387 -7.1770524978637695 -12
  endloop
endfacet
facet normal 0 0 0
  outer loop
    vertex -0.7652707099914551 -7.769923686981201 -23.07068634033203
    vertex 0 -7.800000190734863 -22.799999237060547
    vertex -0.7351285815238953 -7.463885307312012 -12
  endloop
endfacet
facet normal 0 0 0
  outer loop
    vertex -0.7652707099914551 -7.769923686981201 -23.07068634033203
    vertex -0.7351285815238953 -7.463885307312012 -12
    vertex -1.4631774425506592 -7.355889797210693 -12
  endloop
endfacet
facet normal 0 0 0
  outer loop
    vertex -0.7351285815238953 -7.463885307312012 -12
    vertex 0 -7.800000190734863 -22.799999237060547
    vertex 0 -7.5 -12
  endloop
endfacet
facet normal 0 0 0
  outer loop
    vertex -3.535475492477417 -6.614409446716309 -12
    vertex -2.8701257705688477 -6.929096698760986 -12
    vertex -3 -6.315232753753662 -12
  endloop
endfacet
facet normal 0 0 0
  outer loop
    vertex -3.535475492477417 -6.614409446716309 -12
    vertex -3 -6.315232753753662 -12
    vertex -3.333421468734741 -4.9888176918029785 -12
  endloop
endfacet
facet normal 0 0 0
  outer loop
    vertex -2.8701257705688477 -6.929096698760986 -12
    vertex -2.678784132003784 -6.467156887054443 -12
    vertex -3 -6.315232753753662 -12
  endloop
endfacet
facet normal 0 0 0
  outer loop
    vertex -2.1771349906921387 -7.1770524978637695 -12
    vertex -2.678784132003784 -6.467156887054443 -12
    vertex -2.8701257705688477 -6.929096698760986 -12
  endloop
endfacet
facet normal 0 0 0
  outer loop
    vertex -2.1771349906921387 -7.1770524978637695 -12
    vertex -2.0319926738739014 -6.698582172393799 -12
    vertex -2.678784132003784 -6.467156887054443 -12
  endloop
endfacet
facet normal 0 0 0
  outer loop
    vertex -4.166776657104492 -6.236021995544434 -12
    vertex -3.535475492477417 -6.614409446716309 -12
    vertex -3.8063597679138184 -4.638062953948975 -12
  endloop
endfacet
facet normal 0 0 0
  outer loop
    vertex -3.535475492477417 -6.614409446716309 -12
    vertex -3.333421468734741 -4.9888176918029785 -12
    vertex -3.8063597679138184 -4.638062953948975 -12
  endloop
endfacet
facet normal 0 0 0
  outer loop
    vertex -3 -6.315232753753662 -12
    vertex -3 -5.188663005828857 -12
    vertex -3.333421468734741 -4.9888176918029785 -12
  endloop
endfacet
facet normal 0 0 0
  outer loop
    vertex -2.1771349906921387 -7.1770524978637695 -12
    vertex -1.4631774425506592 -7.355889797210693 -12
    vertex -2.0319926738739014 -6.698582172393799 -12
  endloop
endfacet
facet normal 0 0 0
  outer loop
    vertex -1.4631774425506592 -7.355889797210693 -12
    vertex -1.3656322956085205 -6.86549711227417 -12
    vertex -2.0319926738739014 -6.698582172393799 -12
  endloop
endfacet
facet normal 0 0 0
  outer loop
    vertex -1.4631774425506592 -7.355889797210693 -12
    vertex -0.7351285815238953 -7.463885307312012 -12
    vertex -1.3656322956085205 -6.86549711227417 -12
  endloop
endfacet
facet normal 0 0 0
  outer loop
    vertex -0.7351285815238953 -7.463885307312012 -12
    vertex -0.6861199736595154 -6.966292858123779 -12
    vertex -1.3656322956085205 -6.86549711227417 -12
  endloop
endfacet
facet normal 0 0 0
  outer loop
    vertex -0.7351285815238953 -7.463885307312012 -12
    vertex 0 -7.5 -12
    vertex -0.6861199736595154 -6.966292858123779 -12
  endloop
endfacet
facet normal 0 0 0
  outer loop
    vertex 0 -7.5 -12
    vertex 0 -7 -12
    vertex -0.6861199736595154 -6.966292858123779 -12
  endloop
endfacet
facet normal 0 0 0
  outer loop
    vertex -3.7711739540100098 -7.055370330810547 -30
    vertex -3.061467409133911 7.391036033630371 -30
    vertex -3.061467409133911 -7.391036033630371 -30
  endloop
endfacet
facet normal 0 0 0
  outer loop
    vertex -3.061467409133911 -7.391036033630371 -30
    vertex -2.322277307510376 7.65552282333374 -30
    vertex -2.322277307510376 -7.65552282333374 -30
  endloop
endfacet
facet normal 0 0 0
  outer loop
    vertex -2.322277307510376 -7.65552282333374 -30
    vertex -1.5607225894927979 7.846282005310059 -30
    vertex -1.5607225894927979 -7.846282005310059 -30
  endloop
endfacet
facet normal 0 0 0
  outer loop
    vertex -1.5607225894927979 -7.846282005310059 -30
    vertex -0.800000011920929 7.5015339851379395 -30
    vertex -0.800000011920929 -7.5015339851379395 -30
  endloop
endfacet
facet normal 0 0 0
  outer loop
    vertex -7.391036033630371 -3.061467409133911 -30
    vertex -7.5015339851379395 0.800000011920929 -30
    vertex -7.391036033630371 3.061467409133911 -30
  endloop
endfacet
facet normal 0 0 0
  outer loop
    vertex -7.959124565124512 0.800000011920929 -30
    vertex -7.765810489654541 0.800000011920929 -23.10770606994629
    vertex -7.846282005310059 1.5607225894927979 -30
  endloop
endfacet
facet normal 0 0 0
  outer loop
    vertex -7.959124565124512 0.800000011920929 -30
    vertex -7.846282005310059 1.5607225894927979 -30
    vertex -7.65552282333374 2.322277307510376 -30
  endloop
endfacet
facet normal 0 0 0
  outer loop
    vertex -7.959124565124512 0.800000011920929 -30
    vertex -7.391036033630371 3.061467409133911 -30
    vertex -7.5015339851379395 0.800000011920929 -30
  endloop
endfacet
facet normal 0 0 0
  outer loop
    vertex -7.391036033630371 -3.061467409133911 -30
    vertex -7.391036033630371 3.061467409133911 -30
    vertex -7.055370330810547 3.7711739540100098 -30
  endloop
endfacet
facet normal 0 0 0
  outer loop
    vertex -7.055370330810547 -3.7711739540100098 -30
    vertex -7.055370330810547 3.7711739540100098 -30
    vertex -6.651756763458252 4.444561958312988 -30
  endloop
endfacet
facet normal 0 0 0
  outer loop
    vertex -6.651756763458252 -4.444561958312988 -30
    vertex -6.651756763458252 4.444561958312988 -30
    vertex -5.870070934295654 4.738699913024902 -30
  endloop
endfacet
facet normal 0 0 0
  outer loop
    vertex -7.800000190734863 0 -22.799999237060547
    vertex -7.463885307312012 0.7351285815238953 -12
    vertex -7.769923686981201 0.7652707099914551 -23.07068634033203
  endloop
endfacet
facet normal 0 0 0
  outer loop
    vertex -7.800000190734863 0 -22.799999237060547
    vertex -7.5 0 -12
    vertex -7.463885307312012 0.7351285815238953 -12
  endloop
endfacet
facet normal 0 0 0
  outer loop
    vertex -7.769923686981201 0.7652707099914551 -23.07068634033203
    vertex -7.463885307312012 0.7351285815238953 -12
    vertex -7.355889797210693 1.4631774425506592 -12
  endloop
endfacet
facet normal 0 0 0
  outer loop
    vertex -7.765810489654541 0.800000011920929 -23.10770606994629
    vertex -7.355889797210693 1.4631774425506592 -12
    vertex -7.846282005310059 1.5607225894927979 -30
  endloop
endfacet
facet normal 0 0 0
  outer loop
    vertex -7.769923686981201 0.7652707099914551 -23.07068634033203
    vertex -7.355889797210693 1.4631774425506592 -12
    vertex -7.765810489654541 0.800000011920929 -23.10770606994629
  endloop
endfacet
facet normal 0 0 0
  outer loop
    vertex -7.846282005310059 1.5607225894927979 -30
    vertex -7.355889797210693 1.4631774425506592 -12
    vertex -7.1770524978637695 2.1771349906921387 -12
  endloop
endfacet
facet normal 0 0 0
  outer loop
    vertex -7.959124565124512 0.800000011920929 -30
    vertex -7.65552282333374 2.322277307510376 -30
    vertex -7.391036033630371 3.061467409133911 -30
  endloop
endfacet
facet normal 0 0 0
  outer loop
    vertex -7.846282005310059 1.5607225894927979 -30
    vertex -7.1770524978637695 2.1771349906921387 -12
    vertex -7.65552282333374 2.322277307510376 -30
  endloop
endfacet
facet normal 0 0 0
  outer loop
    vertex -7.65552282333374 2.322277307510376 -30
    vertex -6.929096698760986 2.8701257705688477 -12
    vertex -7.391036033630371 3.061467409133911 -30
  endloop
endfacet
facet normal 0 0 0
  outer loop
    vertex -7.391036033630371 3.061467409133911 -30
    vertex -6.614409446716309 3.535475492477417 -12
    vertex -7.055370330810547 3.7711739540100098 -30
  endloop
endfacet
facet normal 0 0 0
  outer loop
    vertex -7.65552282333374 2.322277307510376 -30
    vertex -7.1770524978637695 2.1771349906921387 -12
    vertex -6.929096698760986 2.8701257705688477 -12
  endloop
endfacet
facet normal 0 0 0
  outer loop
    vertex -7.391036033630371 3.061467409133911 -30
    vertex -6.929096698760986 2.8701257705688477 -12
    vertex -6.614409446716309 3.535475492477417 -12
  endloop
endfacet
facet normal 0 0 0
  outer loop
    vertex -7.055370330810547 3.7711739540100098 -30
    vertex -6.614409446716309 3.535475492477417 -12
    vertex -6.236021995544434 4.166776657104492 -12
  endloop
endfacet
facet normal 0 0 0
  outer loop
    vertex -6.193636417388916 -5.062265872955322 -30
    vertex -5.870070934295654 4.738699913024902 -30
    vertex -4.738699913024902 5.870070934295654 -30
  endloop
endfacet
facet normal 0 0 0
  outer loop
    vertex -5.870070934295654 -4.738699913024902 -30
    vertex -4.738699913024902 5.870070934295654 -30
    vertex -4.444561958312988 6.651756763458252 -30
  endloop
endfacet
facet normal 0 0 0
  outer loop
    vertex -4.444561958312988 -6.651756763458252 -30
    vertex -4.444561958312988 6.651756763458252 -30
    vertex -3.7711739540100098 7.055370330810547 -30
  endloop
endfacet
facet normal 0 0 0
  outer loop
    vertex -7.463885307312012 -0.7351285815238953 -12
    vertex -7.463885307312012 0.7351285815238953 -12
    vertex -7.5 0 -12
  endloop
endfacet
facet normal 0 0 0
  outer loop
    vertex -7.463885307312012 -0.7351285815238953 -12
    vertex -7.355889797210693 1.4631774425506592 -12
    vertex -7.463885307312012 0.7351285815238953 -12
  endloop
endfacet
facet normal 0 0 0
  outer loop
    vertex -7.1770524978637695 -2.1771349906921387 -12
    vertex -7 0 -12
    vertex -6.929096698760986 2.8701257705688477 -12
  endloop
endfacet
facet normal 0 0 0
  outer loop
    vertex -7.355889797210693 -1.4631774425506592 -12
    vertex -7.1770524978637695 2.1771349906921387 -12
    vertex -7.355889797210693 1.4631774425506592 -12
  endloop
endfacet
facet normal 0 0 0
  outer loop
    vertex -7.1770524978637695 -2.1771349906921387 -12
    vertex -6.929096698760986 2.8701257705688477 -12
    vertex -7.1770524978637695 2.1771349906921387 -12
  endloop
endfacet
facet normal 0 0 0
  outer loop
    vertex -6.929096698760986 2.8701257705688477 -12
    vertex -7 0 -12
    vertex -6.966292858123779 0.6861199736595154 -12
  endloop
endfacet
facet normal 0 0 0
  outer loop
    vertex -6.929096698760986 2.8701257705688477 -12
    vertex -6.966292858123779 0.6861199736595154 -12
    vertex -6.86549711227417 1.3656322956085205 -12
  endloop
endfacet
facet normal 0 0 0
  outer loop
    vertex -6.929096698760986 2.8701257705688477 -12
    vertex -6.86549711227417 1.3656322956085205 -12
    vertex -6.698582172393799 2.0319926738739014 -12
  endloop
endfacet
facet normal 0 0 0
  outer loop
    vertex -6.929096698760986 2.8701257705688477 -12
    vertex -6.698582172393799 2.0319926738739014 -12
    vertex -6.467156887054443 2.678784132003784 -12
  endloop
endfacet
facet normal 0 0 0
  outer loop
    vertex -6.929096698760986 2.8701257705688477 -12
    vertex -6.467156887054443 2.678784132003784 -12
    vertex -6.614409446716309 3.535475492477417 -12
  endloop
endfacet
facet normal 0 0 0
  outer loop
    vertex -6.614409446716309 3.535475492477417 -12
    vertex -6.467156887054443 2.678784132003784 -12
    vertex -6.315232753753662 3 -12
  endloop
endfacet
facet normal 0 0 0
  outer loop
    vertex -6.614409446716309 3.535475492477417 -12
    vertex -6.315232753753662 3 -12
    vertex -5.188663005828857 3 -12
  endloop
endfacet
facet normal 0 0 0
  outer loop
    vertex -6.614409446716309 3.535475492477417 -12
    vertex -5.188663005828857 3 -12
    vertex -6.236021995544434 4.166776657104492 -12
  endloop
endfacet
facet normal 0 0 0
  outer loop
    vertex -6.236021995544434 4.166776657104492 -12
    vertex -5.188663005828857 3 -12
    vertex -5.79757833480835 4.7579498291015625 -12
  endloop
endfacet
facet normal 0 0 0
  outer loop
    vertex -5.303300857543945 5.303300857543945 -12
    vertex -5.188663005828857 3 -12
    vertex -4.9888176918029785 3.333421468734741 -12
  endloop
endfacet
facet normal 0 0 0
  outer loop
    vertex -6.651756763458252 4.444561958312988 -30
    vertex -6.193636417388916 5.062265872955322 -30
    vertex -5.870070934295654 4.738699913024902 -30
  endloop
endfacet
facet normal 0 0 0
  outer loop
    vertex -6.651756763458252 4.444561958312988 -30
    vertex -6.056942462921143 4.925571918487549 -23.10770606994629
    vertex -6.193636417388916 5.062265872955322 -30
  endloop
endfacet
facet normal 0 0 0
  outer loop
    vertex -7.055370330810547 3.7711739540100098 -30
    vertex -6.236021995544434 4.166776657104492 -12
    vertex -6.651756763458252 4.444561958312988 -30
  endloop
endfacet
facet normal 0 0 0
  outer loop
    vertex -6.651756763458252 4.444561958312988 -30
    vertex -5.79757833480835 4.7579498291015625 -12
    vertex -6.056942462921143 4.925571918487549 -23.10770606994629
  endloop
endfacet
facet normal 0 0 0
  outer loop
    vertex -6.651756763458252 4.444561958312988 -30
    vertex -6.236021995544434 4.166776657104492 -12
    vertex -5.79757833480835 4.7579498291015625 -12
  endloop
endfacet
facet normal 0 0 0
  outer loop
    vertex -6.056942462921143 4.925571918487549 -23.10770606994629
    vertex -5.79757833480835 4.7579498291015625 -12
    vertex -6.035294055938721 4.953037738800049 -23.07068634033203
  endloop
endfacet
facet normal 0 0 0
  outer loop
    vertex -6.035294055938721 4.953037738800049 -23.07068634033203
    vertex -5.303300857543945 5.303300857543945 -12
    vertex -5.515432834625244 5.515432834625244 -22.799999237060547
  endloop
endfacet
facet normal 0 0 0
  outer loop
    vertex -5.515432834625244 5.515432834625244 -22.799999237060547
    vertex -4.7579498291015625 5.79757833480835 -12
    vertex -4.953037738800049 6.035294055938721 -23.07068634033203
  endloop
endfacet
facet normal 0 0 0
  outer loop
    vertex -6.035294055938721 4.953037738800049 -23.07068634033203
    vertex -5.79757833480835 4.7579498291015625 -12
    vertex -5.303300857543945 5.303300857543945 -12
  endloop
endfacet
facet normal 0 0 0
  outer loop
    vertex -5.515432834625244 5.515432834625244 -22.799999237060547
    vertex -5.303300857543945 5.303300857543945 -12
    vertex -4.7579498291015625 5.79757833480835 -12
  endloop
endfacet
facet normal 0 0 0
  outer loop
    vertex -4.738699913024902 5.870070934295654 -30
    vertex -5.062265872955322 6.193636417388916 -30
    vertex -4.444561958312988 6.651756763458252 -30
  endloop
endfacet
facet normal 0 0 0
  outer loop
    vertex -5.062265872955322 6.193636417388916 -30
    vertex -4.925571918487549 6.056942462921143 -23.10770606994629
    vertex -4.444561958312988 6.651756763458252 -30
  endloop
endfacet
facet normal 0 0 0
  outer loop
    vertex -4.444561958312988 6.651756763458252 -30
    vertex -4.925571918487549 6.056942462921143 -23.10770606994629
    vertex -4.166776657104492 6.236021995544434 -12
  endloop
endfacet
facet normal 0 0 0
  outer loop
    vertex -4.953037738800049 6.035294055938721 -23.07068634033203
    vertex -4.166776657104492 6.236021995544434 -12
    vertex -4.925571918487549 6.056942462921143 -23.10770606994629
  endloop
endfacet
facet normal 0 0 0
  outer loop
    vertex -4.953037738800049 6.035294055938721 -23.07068634033203
    vertex -4.7579498291015625 5.79757833480835 -12
    vertex -4.166776657104492 6.236021995544434 -12
  endloop
endfacet
facet normal 0 0 0
  outer loop
    vertex -4.444561958312988 6.651756763458252 -30
    vertex -4.166776657104492 6.236021995544434 -12
    vertex -3.535475492477417 6.614409446716309 -12
  endloop
endfacet
facet normal 0 0 0
  outer loop
    vertex -5.79757833480835 4.7579498291015625 -12
    vertex -5.188663005828857 3 -12
    vertex -5.303300857543945 5.303300857543945 -12
  endloop
endfacet
facet normal 0 0 0
  outer loop
    vertex -5.303300857543945 5.303300857543945 -12
    vertex -4.9888176918029785 3.333421468734741 -12
    vertex -4.638062953948975 3.8063597679138184 -12
  endloop
endfacet
facet normal 0 0 0
  outer loop
    vertex -5.303300857543945 5.303300857543945 -12
    vertex -4.638062953948975 3.8063597679138184 -12
    vertex -4.7579498291015625 5.79757833480835 -12
  endloop
endfacet
facet normal 0 0 0
  outer loop
    vertex -4.7579498291015625 5.79757833480835 -12
    vertex -4.638062953948975 3.8063597679138184 -12
    vertex -4.242640495300293 4.242640495300293 -12
  endloop
endfacet
facet normal 0 0 0
  outer loop
    vertex -4.7579498291015625 5.79757833480835 -12
    vertex -4.242640495300293 4.242640495300293 -12
    vertex -4.166776657104492 6.236021995544434 -12
  endloop
endfacet
facet normal 0 0 0
  outer loop
    vertex -4.166776657104492 6.236021995544434 -12
    vertex -4.242640495300293 4.242640495300293 -12
    vertex -3.8063597679138184 4.638062953948975 -12
  endloop
endfacet
facet normal 0 0 0
  outer loop
    vertex -3.7711739540100098 -7.055370330810547 -30
    vertex -3.7711739540100098 7.055370330810547 -30
    vertex -3.061467409133911 7.391036033630371 -30
  endloop
endfacet
facet normal 0 0 0
  outer loop
    vertex -3.061467409133911 -7.391036033630371 -30
    vertex -3.061467409133911 7.391036033630371 -30
    vertex -2.322277307510376 7.65552282333374 -30
  endloop
endfacet
facet normal 0 0 0
  outer loop
    vertex -2.322277307510376 -7.65552282333374 -30
    vertex -2.322277307510376 7.65552282333374 -30
    vertex -1.5607225894927979 7.846282005310059 -30
  endloop
endfacet
facet normal 0 0 0
  outer loop
    vertex -1.5607225894927979 -7.846282005310059 -30
    vertex -1.5607225894927979 7.846282005310059 -30
    vertex -0.800000011920929 7.5015339851379395 -30
  endloop
endfacet
facet normal 0 0 0
  outer loop
    vertex -0.800000011920929 -7.5015339851379395 -30
    vertex -0.800000011920929 7.5015339851379395 -30
    vertex 0.800000011920929 7.5015339851379395 -30
  endloop
endfacet
facet normal 0 0 0
  outer loop
    vertex -4.444561958312988 6.651756763458252 -30
    vertex -3.535475492477417 6.614409446716309 -12
    vertex -3.7711739540100098 7.055370330810547 -30
  endloop
endfacet
facet normal 0 0 0
  outer loop
    vertex -3.7711739540100098 7.055370330810547 -30
    vertex -2.8701257705688477 6.929096698760986 -12
    vertex -3.061467409133911 7.391036033630371 -30
  endloop
endfacet
facet normal 0 0 0
  outer loop
    vertex -3.061467409133911 7.391036033630371 -30
    vertex -2.1771349906921387 7.1770524978637695 -12
    vertex -2.322277307510376 7.65552282333374 -30
  endloop
endfacet
facet normal 0 0 0
  outer loop
    vertex -3.7711739540100098 7.055370330810547 -30
    vertex -3.535475492477417 6.614409446716309 -12
    vertex -2.8701257705688477 6.929096698760986 -12
  endloop
endfacet
facet normal 0 0 0
  outer loop
    vertex -3.061467409133911 7.391036033630371 -30
    vertex -2.8701257705688477 6.929096698760986 -12
    vertex -2.1771349906921387 7.1770524978637695 -12
  endloop
endfacet
facet normal 0 0 0
  outer loop
    vertex -1.5607225894927979 7.846282005310059 -30
    vertex -0.800000011920929 7.959124565124512 -30
    vertex -0.800000011920929 7.5015339851379395 -30
  endloop
endfacet
facet normal 0 0 0
  outer loop
    vertex -1.5607225894927979 7.846282005310059 -30
    vertex -0.800000011920929 7.765810489654541 -23.10770606994629
    vertex -0.800000011920929 7.959124565124512 -30
  endloop
endfacet
facet normal 0 0 0
  outer loop
    vertex -2.322277307510376 7.65552282333374 -30
    vertex -1.4631774425506592 7.355889797210693 -12
    vertex -1.5607225894927979 7.846282005310059 -30
  endloop
endfacet
facet normal 0 0 0
  outer loop
    vertex -1.5607225894927979 7.846282005310059 -30
    vertex -0.7351285815238953 7.463885307312012 -12
    vertex -0.800000011920929 7.765810489654541 -23.10770606994629
  endloop
endfacet
facet normal 0 0 0
  outer loop
    vertex -2.322277307510376 7.65552282333374 -30
    vertex -2.1771349906921387 7.1770524978637695 -12
    vertex -1.4631774425506592 7.355889797210693 -12
  endloop
endfacet
facet normal 0 0 0
  outer loop
    vertex -1.5607225894927979 7.846282005310059 -30
    vertex -1.4631774425506592 7.355889797210693 -12
    vertex -0.7351285815238953 7.463885307312012 -12
  endloop
endfacet
facet normal 0 0 0
  outer loop
    vertex -0.800000011920929 7.765810489654541 -23.10770606994629
    vertex -0.7351285815238953 7.463885307312012 -12
    vertex -0.7652707099914551 7.769923686981201 -23.07068634033203
  endloop
endfacet
facet normal 0 0 0
  outer loop
    vertex -0.7652707099914551 7.769923686981201 -23.07068634033203
    vertex 0 7.5 -12
    vertex 0 7.800000190734863 -22.799999237060547
  endloop
endfacet
facet normal 0 0 0
  outer loop
    vertex -0.7652707099914551 7.769923686981201 -23.07068634033203
    vertex -0.7351285815238953 7.463885307312012 -12
    vertex 0 7.5 -12
  endloop
endfacet
facet normal 0 0 0
  outer loop
    vertex -4.166776657104492 6.236021995544434 -12
    vertex -3.8063597679138184 4.638062953948975 -12
    vertex -3.333421468734741 4.9888176918029785 -12
  endloop
endfacet
facet normal 0 0 0
  outer loop
    vertex -4.166776657104492 6.236021995544434 -12
    vertex -3.333421468734741 4.9888176918029785 -12
    vertex -3.535475492477417 6.614409446716309 -12
  endloop
endfacet
facet normal 0 0 0
  outer loop
    vertex -3.333421468734741 4.9888176918029785 -12
    vertex -3 5.188663005828857 -12
    vertex -3 6.315232753753662 -12
  endloop
endfacet
facet normal 0 0 0
  outer loop
    vertex -3.535475492477417 6.614409446716309 -12
    vertex -3.333421468734741 4.9888176918029785 -12
    vertex -3 6.315232753753662 -12
  endloop
endfacet
facet normal 0 0 0
  outer loop
    vertex -3.535475492477417 6.614409446716309 -12
    vertex -3 6.315232753753662 -12
    vertex -2.678784132003784 6.467156887054443 -12
  endloop
endfacet
facet normal 0 0 0
  outer loop
    vertex -3.535475492477417 6.614409446716309 -12
    vertex -2.678784132003784 6.467156887054443 -12
    vertex -2.8701257705688477 6.929096698760986 -12
  endloop
endfacet
facet normal 0 0 0
  outer loop
    vertex -2.8701257705688477 6.929096698760986 -12
    vertex -2.678784132003784 6.467156887054443 -12
    vertex -2.0319926738739014 6.698582172393799 -12
  endloop
endfacet
facet normal 0 0 0
  outer loop
    vertex -2.8701257705688477 6.929096698760986 -12
    vertex -2.0319926738739014 6.698582172393799 -12
    vertex -2.1771349906921387 7.1770524978637695 -12
  endloop
endfacet
facet normal 0 0 0
  outer loop
    vertex -2.1771349906921387 7.1770524978637695 -12
    vertex -2.0319926738739014 6.698582172393799 -12
    vertex -1.3656322956085205 6.86549711227417 -12
  endloop
endfacet
facet normal 0 0 0
  outer loop
    vertex -2.1771349906921387 7.1770524978637695 -12
    vertex -1.3656322956085205 6.86549711227417 -12
    vertex -1.4631774425506592 7.355889797210693 -12
  endloop
endfacet
facet normal 0 0 0
  outer loop
    vertex -1.4631774425506592 7.355889797210693 -12
    vertex -1.3656322956085205 6.86549711227417 -12
    vertex -0.6861199736595154 6.966292858123779 -12
  endloop
endfacet
facet normal 0 0 0
  outer loop
    vertex -1.4631774425506592 7.355889797210693 -12
    vertex -0.6861199736595154 6.966292858123779 -12
    vertex -0.7351285815238953 7.463885307312012 -12
  endloop
endfacet
facet normal 0 0 0
  outer loop
    vertex -0.7351285815238953 7.463885307312012 -12
    vertex -0.6861199736595154 6.966292858123779 -12
    vertex 0 7 -12
  endloop
endfacet
facet normal 0 0 0
  outer loop
    vertex -0.7351285815238953 7.463885307312012 -12
    vertex 0 7 -12
    vertex 0 7.5 -12
  endloop
endfacet
facet normal 0 0 0
  outer loop
    vertex 0.800000011920929 -7.959124565124512 -30
    vertex 0.800000011920929 -7.5015339851379395 -30
    vertex 1.5607225894927979 -7.846282005310059 -30
  endloop
endfacet
facet normal 0 0 0
  outer loop
    vertex 0.800000011920929 -7.959124565124512 -30
    vertex 1.5607225894927979 -7.846282005310059 -30
    vertex 0.800000011920929 -7.765810489654541 -23.10770606994629
  endloop
endfacet
facet normal 0 0 0
  outer loop
    vertex 1.5607225894927979 -7.846282005310059 -30
    vertex 2.322277307510376 -7.65552282333374 -30
    vertex 1.4631774425506592 -7.355889797210693 -12
  endloop
endfacet
facet normal 0 0 0
  outer loop
    vertex 0 -7.800000190734863 -22.799999237060547
    vertex 0.7652707099914551 -7.769923686981201 -23.07068634033203
    vertex 0 -7.5 -12
  endloop
endfacet
facet normal 0 0 0
  outer loop
    vertex 0.7652707099914551 -7.769923686981201 -23.07068634033203
    vertex 0.800000011920929 -7.765810489654541 -23.10770606994629
    vertex 0.7351285815238953 -7.463885307312012 -12
  endloop
endfacet
facet normal 0 0 0
  outer loop
    vertex 0.7652707099914551 -7.769923686981201 -23.07068634033203
    vertex 0.7351285815238953 -7.463885307312012 -12
    vertex 0 -7.5 -12
  endloop
endfacet
facet normal 0 0 0
  outer loop
    vertex 0.800000011920929 -7.765810489654541 -23.10770606994629
    vertex 1.5607225894927979 -7.846282005310059 -30
    vertex 0.7351285815238953 -7.463885307312012 -12
  endloop
endfacet
facet normal 0 0 0
  outer loop
    vertex 1.5607225894927979 -7.846282005310059 -30
    vertex 1.4631774425506592 -7.355889797210693 -12
    vertex 0.7351285815238953 -7.463885307312012 -12
  endloop
endfacet
facet normal 0 0 0
  outer loop
    vertex 2.322277307510376 -7.65552282333374 -30
    vertex 2.1771349906921387 -7.1770524978637695 -12
    vertex 1.4631774425506592 -7.355889797210693 -12
  endloop
endfacet
facet normal 0 0 0
  outer loop
    vertex 2.322277307510376 -7.65552282333374 -30
    vertex 3.061467409133911 -7.391036033630371 -30
    vertex 2.1771349906921387 -7.1770524978637695 -12
  endloop
endfacet
facet normal 0 0 0
  outer loop
    vertex 3.061467409133911 -7.391036033630371 -30
    vertex 3.7711739540100098 -7.055370330810547 -30
    vertex 2.8701257705688477 -6.929096698760986 -12
  endloop
endfacet
facet normal 0 0 0
  outer loop
    vertex 3.7711739540100098 -7.055370330810547 -30
    vertex 4.444561958312988 -6.651756763458252 -30
    vertex 3.535475492477417 -6.614409446716309 -12
  endloop
endfacet
facet normal 0 0 0
  outer loop
    vertex 3.061467409133911 -7.391036033630371 -30
    vertex 2.8701257705688477 -6.929096698760986 -12
    vertex 2.1771349906921387 -7.1770524978637695 -12
  endloop
endfacet
facet normal 0 0 0
  outer loop
    vertex 3.7711739540100098 -7.055370330810547 -30
    vertex 3.535475492477417 -6.614409446716309 -12
    vertex 2.8701257705688477 -6.929096698760986 -12
  endloop
endfacet
facet normal 0 0 0
  outer loop
    vertex 0 -7.5 -12
    vertex 0.7351285815238953 -7.463885307312012 -12
    vertex 0 -7 -12
  endloop
endfacet
facet normal 0 0 0
  outer loop
    vertex 0.7351285815238953 -7.463885307312012 -12
    vertex 0.6861199736595154 -6.966292858123779 -12
    vertex 0 -7 -12
  endloop
endfacet
facet normal 0 0 0
  outer loop
    vertex 0.7351285815238953 -7.463885307312012 -12
    vertex 1.4631774425506592 -7.355889797210693 -12
    vertex 0.6861199736595154 -6.966292858123779 -12
  endloop
endfacet
facet normal 0 0 0
  outer loop
    vertex 1.4631774425506592 -7.355889797210693 -12
    vertex 1.3656322956085205 -6.86549711227417 -12
    vertex 0.6861199736595154 -6.966292858123779 -12
  endloop
endfacet
facet normal 0 0 0
  outer loop
    vertex 1.4631774425506592 -7.355889797210693 -12
    vertex 2.1771349906921387 -7.1770524978637695 -12
    vertex 1.3656322956085205 -6.86549711227417 -12
  endloop
endfacet
facet normal 0 0 0
  outer loop
    vertex 2.1771349906921387 -7.1770524978637695 -12
    vertex 2.0319926738739014 -6.698582172393799 -12
    vertex 1.3656322956085205 -6.86549711227417 -12
  endloop
endfacet
facet normal 0 0 0
  outer loop
    vertex 2.1771349906921387 -7.1770524978637695 -12
    vertex 2.8701257705688477 -6.929096698760986 -12
    vertex 2.0319926738739014 -6.698582172393799 -12
  endloop
endfacet
facet normal 0 0 0
  outer loop
    vertex 2.8701257705688477 -6.929096698760986 -12
    vertex 2.678784132003784 -6.467156887054443 -12
    vertex 2.0319926738739014 -6.698582172393799 -12
  endloop
endfacet
facet normal 0 0 0
  outer loop
    vertex 2.8701257705688477 -6.929096698760986 -12
    vertex 3.535475492477417 -6.614409446716309 -12
    vertex 2.678784132003784 -6.467156887054443 -12
  endloop
endfacet
facet normal 0 0 0
  outer loop
    vertex 3.535475492477417 -6.614409446716309 -12
    vertex 3 -6.315232753753662 -12
    vertex 2.678784132003784 -6.467156887054443 -12
  endloop
endfacet
facet normal 0 0 0
  outer loop
    vertex 3.535475492477417 -6.614409446716309 -12
    vertex 3.333421468734741 -4.9888176918029785 -12
    vertex 3 -6.315232753753662 -12
  endloop
endfacet
facet normal 0 0 0
  outer loop
    vertex 3 -6.315232753753662 -12
    vertex 3.333421468734741 -4.9888176918029785 -12
    vertex 3 -5.188663005828857 -12
  endloop
endfacet
facet normal 0 0 0
  outer loop
    vertex 3.535475492477417 -6.614409446716309 -12
    vertex 4.166776657104492 -6.236021995544434 -12
    vertex 3.333421468734741 -4.9888176918029785 -12
  endloop
endfacet
facet normal 0 0 0
  outer loop
    vertex 4.166776657104492 -6.236021995544434 -12
    vertex 3.8063597679138184 -4.638062953948975 -12
    vertex 3.333421468734741 -4.9888176918029785 -12
  endloop
endfacet
facet normal 0 0 0
  outer loop
    vertex -0.800000011920929 -7.5015339851379395 -30
    vertex 0.800000011920929 7.5015339851379395 -30
    vertex 0.800000011920929 -7.5015339851379395 -30
  endloop
endfacet
facet normal 0 0 0
  outer loop
    vertex 0.800000011920929 -7.5015339851379395 -30
    vertex 1.5607225894927979 7.846282005310059 -30
    vertex 1.5607225894927979 -7.846282005310059 -30
  endloop
endfacet
facet normal 0 0 0
  outer loop
    vertex 1.5607225894927979 -7.846282005310059 -30
    vertex 2.322277307510376 7.65552282333374 -30
    vertex 2.322277307510376 -7.65552282333374 -30
  endloop
endfacet
facet normal 0 0 0
  outer loop
    vertex 2.322277307510376 -7.65552282333374 -30
    vertex 3.061467409133911 7.391036033630371 -30
    vertex 3.061467409133911 -7.391036033630371 -30
  endloop
endfacet
facet normal 0 0 0
  outer loop
    vertex 3.061467409133911 -7.391036033630371 -30
    vertex 3.7711739540100098 7.055370330810547 -30
    vertex 3.7711739540100098 -7.055370330810547 -30
  endloop
endfacet
facet normal 0 0 0
  outer loop
    vertex 4.444561958312988 -6.651756763458252 -30
    vertex 4.738699913024902 -5.870070934295654 -30
    vertex 5.062265872955322 -6.193636417388916 -30
  endloop
endfacet
facet normal 0 0 0
  outer loop
    vertex 4.444561958312988 -6.651756763458252 -30
    vertex 5.062265872955322 -6.193636417388916 -30
    vertex 4.925571918487549 -6.056942462921143 -23.10770606994629
  endloop
endfacet
facet normal 0 0 0
  outer loop
    vertex 4.444561958312988 -6.651756763458252 -30
    vertex 4.925571918487549 -6.056942462921143 -23.10770606994629
    vertex 4.166776657104492 -6.236021995544434 -12
  endloop
endfacet
facet normal 0 0 0
  outer loop
    vertex 4.925571918487549 -6.056942462921143 -23.10770606994629
    vertex 4.953037738800049 -6.035294055938721 -23.07068634033203
    vertex 4.166776657104492 -6.236021995544434 -12
  endloop
endfacet
facet normal 0 0 0
  outer loop
    vertex 3.535475492477417 -6.614409446716309 -12
    vertex 4.444561958312988 -6.651756763458252 -30
    vertex 4.166776657104492 -6.236021995544434 -12
  endloop
endfacet
facet normal 0 0 0
  outer loop
    vertex 4.953037738800049 -6.035294055938721 -23.07068634033203
    vertex 4.7579498291015625 -5.79757833480835 -12
    vertex 4.166776657104492 -6.236021995544434 -12
  endloop
endfacet
facet normal 0 0 0
  outer loop
    vertex 4.953037738800049 -6.035294055938721 -23.07068634033203
    vertex 5.515432834625244 -5.515432834625244 -22.799999237060547
    vertex 4.7579498291015625 -5.79757833480835 -12
  endloop
endfacet
facet normal 0 0 0
  outer loop
    vertex 5.515432834625244 -5.515432834625244 -22.799999237060547
    vertex 6.035294055938721 -4.953037738800049 -23.07068634033203
    vertex 5.303300857543945 -5.303300857543945 -12
  endloop
endfacet
facet normal 0 0 0
  outer loop
    vertex 5.515432834625244 -5.515432834625244 -22.799999237060547
    vertex 5.303300857543945 -5.303300857543945 -12
    vertex 4.7579498291015625 -5.79757833480835 -12
  endloop
endfacet
facet normal 0 0 0
  outer loop
    vertex 6.035294055938721 -4.953037738800049 -23.07068634033203
    vertex 5.79757833480835 -4.7579498291015625 -12
    vertex 5.303300857543945 -5.303300857543945 -12
  endloop
endfacet
facet normal 0 0 0
  outer loop
    vertex 6.035294055938721 -4.953037738800049 -23.07068634033203
    vertex 6.056942462921143 -4.925571918487549 -23.10770606994629
    vertex 5.79757833480835 -4.7579498291015625 -12
  endloop
endfacet
facet normal 0 0 0
  outer loop
    vertex 5.870070934295654 -4.738699913024902 -30
    vertex 6.651756763458252 -4.444561958312988 -30
    vertex 6.193636417388916 -5.062265872955322 -30
  endloop
endfacet
facet normal 0 0 0
  outer loop
    vertex 6.193636417388916 -5.062265872955322 -30
    vertex 6.651756763458252 -4.444561958312988 -30
    vertex 6.056942462921143 -4.925571918487549 -23.10770606994629
  endloop
endfacet
facet normal 0 0 0
  outer loop
    vertex 6.651756763458252 -4.444561958312988 -30
    vertex 7.055370330810547 -3.7711739540100098 -30
    vertex 6.236021995544434 -4.166776657104492 -12
  endloop
endfacet
facet normal 0 0 0
  outer loop
    vertex 6.651756763458252 -4.444561958312988 -30
    vertex 5.79757833480835 -4.7579498291015625 -12
    vertex 6.056942462921143 -4.925571918487549 -23.10770606994629
  endloop
endfacet
facet normal 0 0 0
  outer loop
    vertex 6.651756763458252 -4.444561958312988 -30
    vertex 6.236021995544434 -4.166776657104492 -12
    vertex 5.79757833480835 -4.7579498291015625 -12
  endloop
endfacet
facet normal 0 0 0
  outer loop
    vertex 4.166776657104492 -6.236021995544434 -12
    vertex 4.242640495300293 -4.242640495300293 -12
    vertex 3.8063597679138184 -4.638062953948975 -12
  endloop
endfacet
facet normal 0 0 0
  outer loop
    vertex 4.166776657104492 -6.236021995544434 -12
    vertex 4.7579498291015625 -5.79757833480835 -12
    vertex 4.242640495300293 -4.242640495300293 -12
  endloop
endfacet
facet normal 0 0 0
  outer loop
    vertex 4.7579498291015625 -5.79757833480835 -12
    vertex 4.638062953948975 -3.8063597679138184 -12
    vertex 4.242640495300293 -4.242640495300293 -12
  endloop
endfacet
facet normal 0 0 0
  outer loop
    vertex 4.7579498291015625 -5.79757833480835 -12
    vertex 5.303300857543945 -5.303300857543945 -12
    vertex 4.638062953948975 -3.8063597679138184 -12
  endloop
endfacet
facet normal 0 0 0
  outer loop
    vertex 5.303300857543945 -5.303300857543945 -12
    vertex 4.9888176918029785 -3.333421468734741 -12
    vertex 4.638062953948975 -3.8063597679138184 -12
  endloop
endfacet
facet normal 0 0 0
  outer loop
    vertex 5.303300857543945 -5.303300857543945 -12
    vertex 5.79757833480835 -4.7579498291015625 -12
    vertex 5.188663005828857 -3 -12
  endloop
endfacet
facet normal 0 0 0
  outer loop
    vertex 3.7711739540100098 -7.055370330810547 -30
    vertex 4.444561958312988 6.651756763458252 -30
    vertex 4.444561958312988 -6.651756763458252 -30
  endloop
endfacet
facet normal 0 0 0
  outer loop
    vertex 4.444561958312988 -6.651756763458252 -30
    vertex 5.870070934295654 4.738699913024902 -30
    vertex 4.738699913024902 -5.870070934295654 -30
  endloop
endfacet
facet normal 0 0 0
  outer loop
    vertex 4.738699913024902 -5.870070934295654 -30
    vertex 6.193636417388916 5.062265872955322 -30
    vertex 5.870070934295654 -4.738699913024902 -30
  endloop
endfacet
facet normal 0 0 0
  outer loop
    vertex 7.055370330810547 -3.7711739540100098 -30
    vertex 7.391036033630371 -3.061467409133911 -30
    vertex 6.614409446716309 -3.535475492477417 -12
  endloop
endfacet
facet normal 0 0 0
  outer loop
    vertex 7.391036033630371 -3.061467409133911 -30
    vertex 7.959124565124512 -0.800000011920929 -30
    vertex 7.65552282333374 -2.322277307510376 -30
  endloop
endfacet
facet normal 0 0 0
  outer loop
    vertex 7.391036033630371 -3.061467409133911 -30
    vertex 7.65552282333374 -2.322277307510376 -30
    vertex 6.929096698760986 -2.8701257705688477 -12
  endloop
endfacet
facet normal 0 0 0
  outer loop
    vertex 7.65552282333374 -2.322277307510376 -30
    vertex 7.846282005310059 -1.5607225894927979 -30
    vertex 7.1770524978637695 -2.1771349906921387 -12
  endloop
endfacet
facet normal 0 0 0
  outer loop
    vertex 6.236021995544434 -4.166776657104492 -12
    vertex 7.055370330810547 -3.7711739540100098 -30
    vertex 6.614409446716309 -3.535475492477417 -12
  endloop
endfacet
facet normal 0 0 0
  outer loop
    vertex 7.391036033630371 -3.061467409133911 -30
    vertex 6.929096698760986 -2.8701257705688477 -12
    vertex 6.614409446716309 -3.535475492477417 -12
  endloop
endfacet
facet normal 0 0 0
  outer loop
    vertex 7.65552282333374 -2.322277307510376 -30
    vertex 7.1770524978637695 -2.1771349906921387 -12
    vertex 6.929096698760986 -2.8701257705688477 -12
  endloop
endfacet
facet normal 0 0 0
  outer loop
    vertex 5.870070934295654 -4.738699913024902 -30
    vertex 6.651756763458252 4.444561958312988 -30
    vertex 6.651756763458252 -4.444561958312988 -30
  endloop
endfacet
facet normal 0 0 0
  outer loop
    vertex 6.651756763458252 -4.444561958312988 -30
    vertex 7.055370330810547 3.7711739540100098 -30
    vertex 7.055370330810547 -3.7711739540100098 -30
  endloop
endfacet
facet normal 0 0 0
  outer loop
    vertex 7.055370330810547 -3.7711739540100098 -30
    vertex 7.391036033630371 3.061467409133911 -30
    vertex 7.391036033630371 -3.061467409133911 -30
  endloop
endfacet
facet normal 0 0 0
  outer loop
    vertex 7.391036033630371 -3.061467409133911 -30
    vertex 7.5015339851379395 -0.800000011920929 -30
    vertex 7.959124565124512 -0.800000011920929 -30
  endloop
endfacet
facet normal 0 0 0
  outer loop
    vertex 7.65552282333374 -2.322277307510376 -30
    vertex 7.959124565124512 -0.800000011920929 -30
    vertex 7.846282005310059 -1.5607225894927979 -30
  endloop
endfacet
facet normal 0 0 0
  outer loop
    vertex 7.846282005310059 -1.5607225894927979 -30
    vertex 7.959124565124512 -0.800000011920929 -30
    vertex 7.765810489654541 -0.800000011920929 -23.10770606994629
  endloop
endfacet
facet normal 0 0 0
  outer loop
    vertex 7.391036033630371 -3.061467409133911 -30
    vertex 7.391036033630371 3.061467409133911 -30
    vertex 7.5015339851379395 -0.800000011920929 -30
  endloop
endfacet
facet normal 0 0 0
  outer loop
    vertex 7.846282005310059 -1.5607225894927979 -30
    vertex 7.765810489654541 -0.800000011920929 -23.10770606994629
    vertex 7.355889797210693 -1.4631774425506592 -12
  endloop
endfacet
facet normal 0 0 0
  outer loop
    vertex 7.765810489654541 -0.800000011920929 -23.10770606994629
    vertex 7.769923686981201 -0.7652707099914551 -23.07068634033203
    vertex 7.355889797210693 -1.4631774425506592 -12
  endloop
endfacet
facet normal 0 0 0
  outer loop
    vertex 7.846282005310059 -1.5607225894927979 -30
    vertex 7.355889797210693 -1.4631774425506592 -12
    vertex 7.1770524978637695 -2.1771349906921387 -12
  endloop
endfacet
facet normal 0 0 0
  outer loop
    vertex 7.769923686981201 -0.7652707099914551 -23.07068634033203
    vertex 7.800000190734863 0 -22.799999237060547
    vertex 7.463885307312012 -0.7351285815238953 -12
  endloop
endfacet
facet normal 0 0 0
  outer loop
    vertex 7.769923686981201 -0.7652707099914551 -23.07068634033203
    vertex 7.463885307312012 -0.7351285815238953 -12
    vertex 7.355889797210693 -1.4631774425506592 -12
  endloop
endfacet
facet normal 0 0 0
  outer loop
    vertex 7.463885307312012 -0.7351285815238953 -12
    vertex 7.800000190734863 0 -22.799999237060547
    vertex 7.5 0 -12
  endloop
endfacet
facet normal 0 0 0
  outer loop
    vertex 5.303300857543945 -5.303300857543945 -12
    vertex 5.188663005828857 -3 -12
    vertex 4.9888176918029785 -3.333421468734741 -12
  endloop
endfacet
facet normal 0 0 0
  outer loop
    vertex 5.79757833480835 -4.7579498291015625 -12
    vertex 6.236021995544434 -4.166776657104492 -12
    vertex 5.188663005828857 -3 -12
  endloop
endfacet
facet normal 0 0 0
  outer loop
    vertex 6.236021995544434 -4.166776657104492 -12
    vertex 6.614409446716309 -3.535475492477417 -12
    vertex 5.188663005828857 -3 -12
  endloop
endfacet
facet normal 0 0 0
  outer loop
    vertex 6.614409446716309 -3.535475492477417 -12
    vertex 6.315232753753662 -3 -12
    vertex 5.188663005828857 -3 -12
  endloop
endfacet
facet normal 0 0 0
  outer loop
    vertex 6.614409446716309 -3.535475492477417 -12
    vertex 6.467156887054443 -2.678784132003784 -12
    vertex 6.315232753753662 -3 -12
  endloop
endfacet
facet normal 0 0 0
  outer loop
    vertex 6.614409446716309 -3.535475492477417 -12
    vertex 6.929096698760986 -2.8701257705688477 -12
    vertex 6.467156887054443 -2.678784132003784 -12
  endloop
endfacet
facet normal 0 0 0
  outer loop
    vertex 6.929096698760986 -2.8701257705688477 -12
    vertex 6.698582172393799 -2.0319926738739014 -12
    vertex 6.467156887054443 -2.678784132003784 -12
  endloop
endfacet
facet normal 0 0 0
  outer loop
    vertex 6.929096698760986 -2.8701257705688477 -12
    vertex 6.86549711227417 -1.3656322956085205 -12
    vertex 6.698582172393799 -2.0319926738739014 -12
  endloop
endfacet
facet normal 0 0 0
  outer loop
    vertex 6.929096698760986 -2.8701257705688477 -12
    vertex 6.966292858123779 -0.6861199736595154 -12
    vertex 6.86549711227417 -1.3656322956085205 -12
  endloop
endfacet
facet normal 0 0 0
  outer loop
    vertex 6.929096698760986 -2.8701257705688477 -12
    vertex 7 0 -12
    vertex 6.966292858123779 -0.6861199736595154 -12
  endloop
endfacet
facet normal 0 0 0
  outer loop
    vertex 6.929096698760986 -2.8701257705688477 -12
    vertex 7.1770524978637695 -2.1771349906921387 -12
    vertex 7.1770524978637695 2.1771349906921387 -12
  endloop
endfacet
facet normal 0 0 0
  outer loop
    vertex 7.1770524978637695 -2.1771349906921387 -12
    vertex 7.355889797210693 -1.4631774425506592 -12
    vertex 7.355889797210693 1.4631774425506592 -12
  endloop
endfacet
facet normal 0 0 0
  outer loop
    vertex 6.929096698760986 -2.8701257705688477 -12
    vertex 7.1770524978637695 2.1771349906921387 -12
    vertex 7 0 -12
  endloop
endfacet
facet normal 0 0 0
  outer loop
    vertex 7.355889797210693 -1.4631774425506592 -12
    vertex 7.463885307312012 -0.7351285815238953 -12
    vertex 7.463885307312012 0.7351285815238953 -12
  endloop
endfacet
facet normal 0 0 0
  outer loop
    vertex 0.800000011920929 -7.5015339851379395 -30
    vertex 0.800000011920929 7.5015339851379395 -30
    vertex 1.5607225894927979 7.846282005310059 -30
  endloop
endfacet
facet normal 0 0 0
  outer loop
    vertex 1.5607225894927979 -7.846282005310059 -30
    vertex 1.5607225894927979 7.846282005310059 -30
    vertex 2.322277307510376 7.65552282333374 -30
  endloop
endfacet
facet normal 0 0 0
  outer loop
    vertex 2.322277307510376 -7.65552282333374 -30
    vertex 2.322277307510376 7.65552282333374 -30
    vertex 3.061467409133911 7.391036033630371 -30
  endloop
endfacet
facet normal 0 0 0
  outer loop
    vertex 3.061467409133911 -7.391036033630371 -30
    vertex 3.061467409133911 7.391036033630371 -30
    vertex 3.7711739540100098 7.055370330810547 -30
  endloop
endfacet
facet normal 0 0 0
  outer loop
    vertex 0.800000011920929 7.5015339851379395 -30
    vertex 0.800000011920929 7.959124565124512 -30
    vertex 1.5607225894927979 7.846282005310059 -30
  endloop
endfacet
facet normal 0 0 0
  outer loop
    vertex 0.800000011920929 7.959124565124512 -30
    vertex 0.800000011920929 7.765810489654541 -23.10770606994629
    vertex 1.5607225894927979 7.846282005310059 -30
  endloop
endfacet
facet normal 0 0 0
  outer loop
    vertex 0 7.800000190734863 -22.799999237060547
    vertex 0.7351285815238953 7.463885307312012 -12
    vertex 0.7652707099914551 7.769923686981201 -23.07068634033203
  endloop
endfacet
facet normal 0 0 0
  outer loop
    vertex 0 7.800000190734863 -22.799999237060547
    vertex 0 7.5 -12
    vertex 0.7351285815238953 7.463885307312012 -12
  endloop
endfacet
facet normal 0 0 0
  outer loop
    vertex 0.7652707099914551 7.769923686981201 -23.07068634033203
    vertex 0.7351285815238953 7.463885307312012 -12
    vertex 1.4631774425506592 7.355889797210693 -12
  endloop
endfacet
facet normal 0 0 0
  outer loop
    vertex 0.800000011920929 7.765810489654541 -23.10770606994629
    vertex 1.4631774425506592 7.355889797210693 -12
    vertex 1.5607225894927979 7.846282005310059 -30
  endloop
endfacet
facet normal 0 0 0
  outer loop
    vertex 0.7652707099914551 7.769923686981201 -23.07068634033203
    vertex 1.4631774425506592 7.355889797210693 -12
    vertex 0.800000011920929 7.765810489654541 -23.10770606994629
  endloop
endfacet
facet normal 0 0 0
  outer loop
    vertex 1.5607225894927979 7.846282005310059 -30
    vertex 1.4631774425506592 7.355889797210693 -12
    vertex 2.1771349906921387 7.1770524978637695 -12
  endloop
endfacet
facet normal 0 0 0
  outer loop
    vertex 1.5607225894927979 7.846282005310059 -30
    vertex 2.1771349906921387 7.1770524978637695 -12
    vertex 2.322277307510376 7.65552282333374 -30
  endloop
endfacet
facet normal 0 0 0
  outer loop
    vertex 2.322277307510376 7.65552282333374 -30
    vertex 2.8701257705688477 6.929096698760986 -12
    vertex 3.061467409133911 7.391036033630371 -30
  endloop
endfacet
facet normal 0 0 0
  outer loop
    vertex 3.061467409133911 7.391036033630371 -30
    vertex 3.535475492477417 6.614409446716309 -12
    vertex 3.7711739540100098 7.055370330810547 -30
  endloop
endfacet
facet normal 0 0 0
  outer loop
    vertex 2.322277307510376 7.65552282333374 -30
    vertex 2.1771349906921387 7.1770524978637695 -12
    vertex 2.8701257705688477 6.929096698760986 -12
  endloop
endfacet
facet normal 0 0 0
  outer loop
    vertex 3.7711739540100098 7.055370330810547 -30
    vertex 3.535475492477417 6.614409446716309 -12
    vertex 4.166776657104492 6.236021995544434 -12
  endloop
endfacet
facet normal 0 0 0
  outer loop
    vertex 3.061467409133911 7.391036033630371 -30
    vertex 2.8701257705688477 6.929096698760986 -12
    vertex 3.535475492477417 6.614409446716309 -12
  endloop
endfacet
facet normal 0 0 0
  outer loop
    vertex 0 7.5 -12
    vertex 0 7 -12
    vertex 0.6861199736595154 6.966292858123779 -12
  endloop
endfacet
facet normal 0 0 0
  outer loop
    vertex 0 7.5 -12
    vertex 0.6861199736595154 6.966292858123779 -12
    vertex 0.7351285815238953 7.463885307312012 -12
  endloop
endfacet
facet normal 0 0 0
  outer loop
    vertex 0.7351285815238953 7.463885307312012 -12
    vertex 0.6861199736595154 6.966292858123779 -12
    vertex 1.3656322956085205 6.86549711227417 -12
  endloop
endfacet
facet normal 0 0 0
  outer loop
    vertex 0.7351285815238953 7.463885307312012 -12
    vertex 1.3656322956085205 6.86549711227417 -12
    vertex 1.4631774425506592 7.355889797210693 -12
  endloop
endfacet
facet normal 0 0 0
  outer loop
    vertex 1.4631774425506592 7.355889797210693 -12
    vertex 1.3656322956085205 6.86549711227417 -12
    vertex 2.0319926738739014 6.698582172393799 -12
  endloop
endfacet
facet normal 0 0 0
  outer loop
    vertex 1.4631774425506592 7.355889797210693 -12
    vertex 2.0319926738739014 6.698582172393799 -12
    vertex 2.1771349906921387 7.1770524978637695 -12
  endloop
endfacet
facet normal 0 0 0
  outer loop
    vertex 3 5.188663005828857 -12
    vertex 3.333421468734741 4.9888176918029785 -12
    vertex 3 6.315232753753662 -12
  endloop
endfacet
facet normal 0 0 0
  outer loop
    vertex 3.535475492477417 6.614409446716309 -12
    vertex 3.333421468734741 4.9888176918029785 -12
    vertex 3.8063597679138184 4.638062953948975 -12
  endloop
endfacet
facet normal 0 0 0
  outer loop
    vertex 3.535475492477417 6.614409446716309 -12
    vertex 3.8063597679138184 4.638062953948975 -12
    vertex 4.166776657104492 6.236021995544434 -12
  endloop
endfacet
facet normal 0 0 0
  outer loop
    vertex 2.1771349906921387 7.1770524978637695 -12
    vertex 2.0319926738739014 6.698582172393799 -12
    vertex 2.678784132003784 6.467156887054443 -12
  endloop
endfacet
facet normal 0 0 0
  outer loop
    vertex 2.8701257705688477 6.929096698760986 -12
    vertex 2.1771349906921387 7.1770524978637695 -12
    vertex 2.678784132003784 6.467156887054443 -12
  endloop
endfacet
facet normal 0 0 0
  outer loop
    vertex 2.8701257705688477 6.929096698760986 -12
    vertex 2.678784132003784 6.467156887054443 -12
    vertex 3 6.315232753753662 -12
  endloop
endfacet
facet normal 0 0 0
  outer loop
    vertex 3.535475492477417 6.614409446716309 -12
    vertex 3 6.315232753753662 -12
    vertex 3.333421468734741 4.9888176918029785 -12
  endloop
endfacet
facet normal 0 0 0
  outer loop
    vertex 2.8701257705688477 6.929096698760986 -12
    vertex 3 6.315232753753662 -12
    vertex 3.535475492477417 6.614409446716309 -12
  endloop
endfacet
facet normal 0 0 0
  outer loop
    vertex 4.444561958312988 -6.651756763458252 -30
    vertex 4.444561958312988 6.651756763458252 -30
    vertex 4.738699913024902 5.870070934295654 -30
  endloop
endfacet
facet normal 0 0 0
  outer loop
    vertex 4.444561958312988 -6.651756763458252 -30
    vertex 4.738699913024902 5.870070934295654 -30
    vertex 5.870070934295654 4.738699913024902 -30
  endloop
endfacet
facet normal 0 0 0
  outer loop
    vertex 4.738699913024902 -5.870070934295654 -30
    vertex 5.870070934295654 4.738699913024902 -30
    vertex 6.193636417388916 5.062265872955322 -30
  endloop
endfacet
facet normal 0 0 0
  outer loop
    vertex 3.7711739540100098 -7.055370330810547 -30
    vertex 3.7711739540100098 7.055370330810547 -30
    vertex 4.444561958312988 6.651756763458252 -30
  endloop
endfacet
facet normal 0 0 0
  outer loop
    vertex 5.870070934295654 -4.738699913024902 -30
    vertex 6.193636417388916 5.062265872955322 -30
    vertex 6.651756763458252 4.444561958312988 -30
  endloop
endfacet
facet normal 0 0 0
  outer loop
    vertex 6.651756763458252 -4.444561958312988 -30
    vertex 6.651756763458252 4.444561958312988 -30
    vertex 7.055370330810547 3.7711739540100098 -30
  endloop
endfacet
facet normal 0 0 0
  outer loop
    vertex 7.055370330810547 -3.7711739540100098 -30
    vertex 7.055370330810547 3.7711739540100098 -30
    vertex 7.391036033630371 3.061467409133911 -30
  endloop
endfacet
facet normal 0 0 0
  outer loop
    vertex 7.5015339851379395 -0.800000011920929 -30
    vertex 7.391036033630371 3.061467409133911 -30
    vertex 7.5015339851379395 0.800000011920929 -30
  endloop
endfacet
facet normal 0 0 0
  outer loop
    vertex 7.5015339851379395 0.800000011920929 -30
    vertex 7.846282005310059 1.5607225894927979 -30
    vertex 7.959124565124512 0.800000011920929 -30
  endloop
endfacet
facet normal 0 0 0
  outer loop
    vertex 7.959124565124512 0.800000011920929 -30
    vertex 7.846282005310059 1.5607225894927979 -30
    vertex 7.765810489654541 0.800000011920929 -23.10770606994629
  endloop
endfacet
facet normal 0 0 0
  outer loop
    vertex 7.5015339851379395 0.800000011920929 -30
    vertex 7.65552282333374 2.322277307510376 -30
    vertex 7.846282005310059 1.5607225894927979 -30
  endloop
endfacet
facet normal 0 0 0
  outer loop
    vertex 7.846282005310059 1.5607225894927979 -30
    vertex 7.65552282333374 2.322277307510376 -30
    vertex 7.355889797210693 1.4631774425506592 -12
  endloop
endfacet
facet normal 0 0 0
  outer loop
    vertex 7.800000190734863 0 -22.799999237060547
    vertex 7.769923686981201 0.7652707099914551 -23.07068634033203
    vertex 7.5 0 -12
  endloop
endfacet
facet normal 0 0 0
  outer loop
    vertex 7.769923686981201 0.7652707099914551 -23.07068634033203
    vertex 7.765810489654541 0.800000011920929 -23.10770606994629
    vertex 7.463885307312012 0.7351285815238953 -12
  endloop
endfacet
facet normal 0 0 0
  outer loop
    vertex 7.769923686981201 0.7652707099914551 -23.07068634033203
    vertex 7.463885307312012 0.7351285815238953 -12
    vertex 7.5 0 -12
  endloop
endfacet
facet normal 0 0 0
  outer loop
    vertex 7.765810489654541 0.800000011920929 -23.10770606994629
    vertex 7.846282005310059 1.5607225894927979 -30
    vertex 7.463885307312012 0.7351285815238953 -12
  endloop
endfacet
facet normal 0 0 0
  outer loop
    vertex 7.65552282333374 2.322277307510376 -30
    vertex 7.1770524978637695 2.1771349906921387 -12
    vertex 7.355889797210693 1.4631774425506592 -12
  endloop
endfacet
facet normal 0 0 0
  outer loop
    vertex 7.846282005310059 1.5607225894927979 -30
    vertex 7.355889797210693 1.4631774425506592 -12
    vertex 7.463885307312012 0.7351285815238953 -12
  endloop
endfacet
facet normal 0 0 0
  outer loop
    vertex 7.055370330810547 3.7711739540100098 -30
    vertex 6.651756763458252 4.444561958312988 -30
    vertex 6.614409446716309 3.535475492477417 -12
  endloop
endfacet
facet normal 0 0 0
  outer loop
    vertex 7.5015339851379395 0.800000011920929 -30
    vertex 7.391036033630371 3.061467409133911 -30
    vertex 7.65552282333374 2.322277307510376 -30
  endloop
endfacet
facet normal 0 0 0
  outer loop
    vertex 7.65552282333374 2.322277307510376 -30
    vertex 7.391036033630371 3.061467409133911 -30
    vertex 7.1770524978637695 2.1771349906921387 -12
  endloop
endfacet
facet normal 0 0 0
  outer loop
    vertex 7.391036033630371 3.061467409133911 -30
    vertex 7.055370330810547 3.7711739540100098 -30
    vertex 6.929096698760986 2.8701257705688477 -12
  endloop
endfacet
facet normal 0 0 0
  outer loop
    vertex 7.055370330810547 3.7711739540100098 -30
    vertex 6.614409446716309 3.535475492477417 -12
    vertex 6.929096698760986 2.8701257705688477 -12
  endloop
endfacet
facet normal 0 0 0
  outer loop
    vertex 7.391036033630371 3.061467409133911 -30
    vertex 6.929096698760986 2.8701257705688477 -12
    vertex 7.1770524978637695 2.1771349906921387 -12
  endloop
endfacet
facet normal 0 0 0
  outer loop
    vertex 5.303300857543945 5.303300857543945 -12
    vertex 4.9888176918029785 3.333421468734741 -12
    vertex 5.188663005828857 3 -12
  endloop
endfacet
facet normal 0 0 0
  outer loop
    vertex 5.188663005828857 3 -12
    vertex 6.315232753753662 3 -12
    vertex 6.191549301147461 3.261507511138916 -12
  endloop
endfacet
facet normal 0 0 0
  outer loop
    vertex 6.236021995544434 4.166776657104492 -12
    vertex 5.188663005828857 3 -12
    vertex 6.191549301147461 3.261507511138916 -12
  endloop
endfacet
facet normal 0 0 0
  outer loop
    vertex 5.79757833480835 4.7579498291015625 -12
    vertex 5.188663005828857 3 -12
    vertex 6.236021995544434 4.166776657104492 -12
  endloop
endfacet
facet normal 0 0 0
  outer loop
    vertex 6.929096698760986 2.8701257705688477 -12
    vertex 6.86549711227417 1.3656322956085205 -12
    vertex 6.966292858123779 0.6861199736595154 -12
  endloop
endfacet
facet normal 0 0 0
  outer loop
    vertex 7.355889797210693 -1.4631774425506592 -12
    vertex 7.463885307312012 0.7351285815238953 -12
    vertex 7.355889797210693 1.4631774425506592 -12
  endloop
endfacet
facet normal 0 0 0
  outer loop
    vertex 7.1770524978637695 -2.1771349906921387 -12
    vertex 7.355889797210693 1.4631774425506592 -12
    vertex 7.1770524978637695 2.1771349906921387 -12
  endloop
endfacet
facet normal 0 0 0
  outer loop
    vertex 7.1770524978637695 2.1771349906921387 -12
    vertex 6.966292858123779 0.6861199736595154 -12
    vertex 7 0 -12
  endloop
endfacet
facet normal 0 0 0
  outer loop
    vertex 7.463885307312012 -0.7351285815238953 -12
    vertex 7.5 0 -12
    vertex 7.463885307312012 0.7351285815238953 -12
  endloop
endfacet
facet normal 0 0 0
  outer loop
    vertex 6.929096698760986 2.8701257705688477 -12
    vertex 6.966292858123779 0.6861199736595154 -12
    vertex 7.1770524978637695 2.1771349906921387 -12
  endloop
endfacet
facet normal 0 0 0
  outer loop
    vertex 6.929096698760986 2.8701257705688477 -12
    vertex 6.698582172393799 2.0319926738739014 -12
    vertex 6.86549711227417 1.3656322956085205 -12
  endloop
endfacet
facet normal 0 0 0
  outer loop
    vertex 6.614409446716309 3.535475492477417 -12
    vertex 6.467156887054443 2.678784132003784 -12
    vertex 6.698582172393799 2.0319926738739014 -12
  endloop
endfacet
facet normal 0 0 0
  outer loop
    vertex 6.929096698760986 2.8701257705688477 -12
    vertex 6.614409446716309 3.535475492477417 -12
    vertex 6.698582172393799 2.0319926738739014 -12
  endloop
endfacet
facet normal 0 0 0
  outer loop
    vertex 6.236021995544434 4.166776657104492 -12
    vertex 6.191549301147461 3.261507511138916 -12
    vertex 6.467156887054443 2.678784132003784 -12
  endloop
endfacet
facet normal 0 0 0
  outer loop
    vertex 6.614409446716309 3.535475492477417 -12
    vertex 6.236021995544434 4.166776657104492 -12
    vertex 6.467156887054443 2.678784132003784 -12
  endloop
endfacet
facet normal 0 0 0
  outer loop
    vertex 4.925571918487549 6.056942462921143 -23.10770606994629
    vertex 4.7579498291015625 5.79757833480835 -12
    vertex 4.953037738800049 6.035294055938721 -23.07068634033203
  endloop
endfacet
facet normal 0 0 0
  outer loop
    vertex 5.515432834625244 5.515432834625244 -22.799999237060547
    vertex 4.953037738800049 6.035294055938721 -23.07068634033203
    vertex 5.303300857543945 5.303300857543945 -12
  endloop
endfacet
facet normal 0 0 0
  outer loop
    vertex 5.515432834625244 5.515432834625244 -22.799999237060547
    vertex 5.79757833480835 4.7579498291015625 -12
    vertex 6.035294055938721 4.953037738800049 -23.07068634033203
  endloop
endfacet
facet normal 0 0 0
  outer loop
    vertex 4.953037738800049 6.035294055938721 -23.07068634033203
    vertex 4.7579498291015625 5.79757833480835 -12
    vertex 5.303300857543945 5.303300857543945 -12
  endloop
endfacet
facet normal 0 0 0
  outer loop
    vertex 5.515432834625244 5.515432834625244 -22.799999237060547
    vertex 5.303300857543945 5.303300857543945 -12
    vertex 5.79757833480835 4.7579498291015625 -12
  endloop
endfacet
facet normal 0 0 0
  outer loop
    vertex 4.738699913024902 5.870070934295654 -30
    vertex 4.444561958312988 6.651756763458252 -30
    vertex 5.062265872955322 6.193636417388916 -30
  endloop
endfacet
facet normal 0 0 0
  outer loop
    vertex 4.444561958312988 6.651756763458252 -30
    vertex 4.925571918487549 6.056942462921143 -23.10770606994629
    vertex 5.062265872955322 6.193636417388916 -30
  endloop
endfacet
facet normal 0 0 0
  outer loop
    vertex 3.7711739540100098 7.055370330810547 -30
    vertex 4.166776657104492 6.236021995544434 -12
    vertex 4.444561958312988 6.651756763458252 -30
  endloop
endfacet
facet normal 0 0 0
  outer loop
    vertex 4.444561958312988 6.651756763458252 -30
    vertex 4.7579498291015625 5.79757833480835 -12
    vertex 4.925571918487549 6.056942462921143 -23.10770606994629
  endloop
endfacet
facet normal 0 0 0
  outer loop
    vertex 4.444561958312988 6.651756763458252 -30
    vertex 4.166776657104492 6.236021995544434 -12
    vertex 4.7579498291015625 5.79757833480835 -12
  endloop
endfacet
facet normal 0 0 0
  outer loop
    vertex 6.651756763458252 4.444561958312988 -30
    vertex 6.193636417388916 5.062265872955322 -30
    vertex 6.056942462921143 4.925571918487549 -23.10770606994629
  endloop
endfacet
facet normal 0 0 0
  outer loop
    vertex 6.651756763458252 4.444561958312988 -30
    vertex 6.056942462921143 4.925571918487549 -23.10770606994629
    vertex 6.236021995544434 4.166776657104492 -12
  endloop
endfacet
facet normal 0 0 0
  outer loop
    vertex 6.056942462921143 4.925571918487549 -23.10770606994629
    vertex 6.035294055938721 4.953037738800049 -23.07068634033203
    vertex 6.236021995544434 4.166776657104492 -12
  endloop
endfacet
facet normal 0 0 0
  outer loop
    vertex 6.035294055938721 4.953037738800049 -23.07068634033203
    vertex 5.79757833480835 4.7579498291015625 -12
    vertex 6.236021995544434 4.166776657104492 -12
  endloop
endfacet
facet normal 0 0 0
  outer loop
    vertex 6.614409446716309 3.535475492477417 -12
    vertex 6.651756763458252 4.444561958312988 -30
    vertex 6.236021995544434 4.166776657104492 -12
  endloop
endfacet
facet normal 0 0 0
  outer loop
    vertex 4.7579498291015625 5.79757833480835 -12
    vertex 4.638062953948975 3.8063597679138184 -12
    vertex 4.9888176918029785 3.333421468734741 -12
  endloop
endfacet
facet normal 0 0 0
  outer loop
    vertex 4.7579498291015625 5.79757833480835 -12
    vertex 4.242640495300293 4.242640495300293 -12
    vertex 4.638062953948975 3.8063597679138184 -12
  endloop
endfacet
facet normal 0 0 0
  outer loop
    vertex 4.166776657104492 6.236021995544434 -12
    vertex 3.8063597679138184 4.638062953948975 -12
    vertex 4.242640495300293 4.242640495300293 -12
  endloop
endfacet
facet normal 0 0 0
  outer loop
    vertex 4.7579498291015625 5.79757833480835 -12
    vertex 4.166776657104492 6.236021995544434 -12
    vertex 4.242640495300293 4.242640495300293 -12
  endloop
endfacet
facet normal 0 0 0
  outer loop
    vertex 5.79757833480835 4.7579498291015625 -12
    vertex 5.303300857543945 5.303300857543945 -12
    vertex 5.188663005828857 3 -12
  endloop
endfacet
facet normal 0 0 0
  outer loop
    vertex 4.7579498291015625 5.79757833480835 -12
    vertex 4.9888176918029785 3.333421468734741 -12
    vertex 5.303300857543945 5.303300857543945 -12
  endloop
endfacet
facet normal 0 0 0
  outer loop
    vertex 7.0061163902282715 -0.800000011920929 -29.94495391845703
    vertex 7.765810489654541 -0.800000011920929 -23.10770606994629
    vertex 7.5015339851379395 -0.800000011920929 -30
  endloop
endfacet
facet normal 0 0 0
  outer loop
    vertex 7.0061163902282715 -0.800000011920929 -29.94495391845703
    vertex 7.5015339851379395 -0.800000011920929 -30
    vertex 7.0061163902282715 0.800000011920929 -29.94495391845703
  endloop
endfacet
facet normal 0 0 0
  outer loop
    vertex 7.5015339851379395 -0.800000011920929 -30
    vertex 7.765810489654541 -0.800000011920929 -23.10770606994629
    vertex 7.959124565124512 -0.800000011920929 -30
  endloop
endfacet
facet normal 0 0 0
  outer loop
    vertex 7.0061163902282715 -0.800000011920929 -29.94495391845703
    vertex 7.769923686981201 -0.7652707099914551 -23.07068634033203
    vertex 7.765810489654541 -0.800000011920929 -23.10770606994629
  endloop
endfacet
facet normal 0 0 0
  outer loop
    vertex 7.0061163902282715 -0.800000011920929 -29.94495391845703
    vertex 7.800000190734863 0 -22.799999237060547
    vertex 7.769923686981201 -0.7652707099914551 -23.07068634033203
  endloop
endfacet
facet normal 0 0 0
  outer loop
    vertex 7.0061163902282715 -0.800000011920929 -29.94495391845703
    vertex 7.769923686981201 0.7652707099914551 -23.07068634033203
    vertex 7.800000190734863 0 -22.799999237060547
  endloop
endfacet
facet normal 0 0 0
  outer loop
    vertex 7.5015339851379395 -0.800000011920929 -30
    vertex 7.5015339851379395 0.800000011920929 -30
    vertex 7.0061163902282715 0.800000011920929 -29.94495391845703
  endloop
endfacet
facet normal 0 0 0
  outer loop
    vertex 7.0061163902282715 -0.800000011920929 -29.94495391845703
    vertex 7.0061163902282715 0.800000011920929 -29.94495391845703
    vertex 7.765810489654541 0.800000011920929 -23.10770606994629
  endloop
endfacet
facet normal 0 0 0
  outer loop
    vertex 7.0061163902282715 0.800000011920929 -29.94495391845703
    vertex 7.5015339851379395 0.800000011920929 -30
    vertex 7.959124565124512 0.800000011920929 -30
  endloop
endfacet
facet normal 0 0 0
  outer loop
    vertex 7.0061163902282715 0.800000011920929 -29.94495391845703
    vertex 7.959124565124512 0.800000011920929 -30
    vertex 7.765810489654541 0.800000011920929 -23.10770606994629
  endloop
endfacet
facet normal 0 0 0
  outer loop
    vertex 7.0061163902282715 -0.800000011920929 -29.94495391845703
    vertex 7.765810489654541 0.800000011920929 -23.10770606994629
    vertex 7.769923686981201 0.7652707099914551 -23.07068634033203
  endloop
endfacet
facet normal 0 0 0
  outer loop
    vertex 4.3883867263793945 5.5197577476501465 -29.94495391845703
    vertex 4.953037738800049 6.035294055938721 -23.07068634033203
    vertex 5.5197577476501465 4.3883867263793945 -29.94495391845703
  endloop
endfacet
facet normal 0 0 0
  outer loop
    vertex 4.3883867263793945 5.5197577476501465 -29.94495391845703
    vertex 4.738699913024902 5.870070934295654 -30
    vertex 5.062265872955322 6.193636417388916 -30
  endloop
endfacet
facet normal 0 0 0
  outer loop
    vertex 4.3883867263793945 5.5197577476501465 -29.94495391845703
    vertex 5.062265872955322 6.193636417388916 -30
    vertex 4.925571918487549 6.056942462921143 -23.10770606994629
  endloop
endfacet
facet normal 0 0 0
  outer loop
    vertex 4.3883867263793945 5.5197577476501465 -29.94495391845703
    vertex 4.925571918487549 6.056942462921143 -23.10770606994629
    vertex 4.953037738800049 6.035294055938721 -23.07068634033203
  endloop
endfacet
facet normal 0 0 0
  outer loop
    vertex 4.3883867263793945 5.5197577476501465 -29.94495391845703
    vertex 5.5197577476501465 4.3883867263793945 -29.94495391845703
    vertex 5.870070934295654 4.738699913024902 -30
  endloop
endfacet
facet normal 0 0 0
  outer loop
    vertex 5.5197577476501465 4.3883867263793945 -29.94495391845703
    vertex 6.056942462921143 4.925571918487549 -23.10770606994629
    vertex 5.870070934295654 4.738699913024902 -30
  endloop
endfacet
facet normal 0 0 0
  outer loop
    vertex 5.5197577476501465 4.3883867263793945 -29.94495391845703
    vertex 5.515432834625244 5.515432834625244 -22.799999237060547
    vertex 6.035294055938721 4.953037738800049 -23.07068634033203
  endloop
endfacet
facet normal 0 0 0
  outer loop
    vertex 5.5197577476501465 4.3883867263793945 -29.94495391845703
    vertex 6.035294055938721 4.953037738800049 -23.07068634033203
    vertex 6.056942462921143 4.925571918487549 -23.10770606994629
  endloop
endfacet
facet normal 0 0 0
  outer loop
    vertex 4.3883867263793945 5.5197577476501465 -29.94495391845703
    vertex 5.870070934295654 4.738699913024902 -30
    vertex 4.738699913024902 5.870070934295654 -30
  endloop
endfacet
facet normal 0 0 0
  outer loop
    vertex 5.5197577476501465 4.3883867263793945 -29.94495391845703
    vertex 4.953037738800049 6.035294055938721 -23.07068634033203
    vertex 5.515432834625244 5.515432834625244 -22.799999237060547
  endloop
endfacet
facet normal 0 0 0
  outer loop
    vertex 5.870070934295654 4.738699913024902 -30
    vertex 6.056942462921143 4.925571918487549 -23.10770606994629
    vertex 6.193636417388916 5.062265872955322 -30
  endloop
endfacet
facet normal 0 0 0
  outer loop
    vertex -0.800000011920929 7.0061163902282715 -29.94495391845703
    vertex -0.800000011920929 7.5015339851379395 -30
    vertex -0.800000011920929 7.959124565124512 -30
  endloop
endfacet
facet normal 0 0 0
  outer loop
    vertex -0.800000011920929 7.0061163902282715 -29.94495391845703
    vertex -0.800000011920929 7.959124565124512 -30
    vertex -0.800000011920929 7.765810489654541 -23.10770606994629
  endloop
endfacet
facet normal 0 0 0
  outer loop
    vertex -0.800000011920929 7.0061163902282715 -29.94495391845703
    vertex 0.800000011920929 7.5015339851379395 -30
    vertex -0.800000011920929 7.5015339851379395 -30
  endloop
endfacet
facet normal 0 0 0
  outer loop
    vertex -0.800000011920929 7.0061163902282715 -29.94495391845703
    vertex -0.800000011920929 7.765810489654541 -23.10770606994629
    vertex 0.800000011920929 7.0061163902282715 -29.94495391845703
  endloop
endfacet
facet normal 0 0 0
  outer loop
    vertex -0.800000011920929 7.765810489654541 -23.10770606994629
    vertex -0.7652707099914551 7.769923686981201 -23.07068634033203
    vertex 0.800000011920929 7.0061163902282715 -29.94495391845703
  endloop
endfacet
facet normal 0 0 0
  outer loop
    vertex -0.800000011920929 7.0061163902282715 -29.94495391845703
    vertex 0.800000011920929 7.0061163902282715 -29.94495391845703
    vertex 0.800000011920929 7.5015339851379395 -30
  endloop
endfacet
facet normal 0 0 0
  outer loop
    vertex 0.800000011920929 7.0061163902282715 -29.94495391845703
    vertex 0.800000011920929 7.765810489654541 -23.10770606994629
    vertex 0.800000011920929 7.5015339851379395 -30
  endloop
endfacet
facet normal 0 0 0
  outer loop
    vertex 0.800000011920929 7.5015339851379395 -30
    vertex 0.800000011920929 7.765810489654541 -23.10770606994629
    vertex 0.800000011920929 7.959124565124512 -30
  endloop
endfacet
facet normal 0 0 0
  outer loop
    vertex -0.7652707099914551 7.769923686981201 -23.07068634033203
    vertex 0 7.800000190734863 -22.799999237060547
    vertex 0.800000011920929 7.0061163902282715 -29.94495391845703
  endloop
endfacet
facet normal 0 0 0
  outer loop
    vertex 0.800000011920929 7.0061163902282715 -29.94495391845703
    vertex 0 7.800000190734863 -22.799999237060547
    vertex 0.7652707099914551 7.769923686981201 -23.07068634033203
  endloop
endfacet
facet normal 0 0 0
  outer loop
    vertex 0.800000011920929 7.0061163902282715 -29.94495391845703
    vertex 0.7652707099914551 7.769923686981201 -23.07068634033203
    vertex 0.800000011920929 7.765810489654541 -23.10770606994629
  endloop
endfacet
facet normal 0 0 0
  outer loop
    vertex -6.193636417388916 5.062265872955322 -30
    vertex -5.5197577476501465 4.3883867263793945 -29.94495391845703
    vertex -5.870070934295654 4.738699913024902 -30
  endloop
endfacet
facet normal 0 0 0
  outer loop
    vertex -6.056942462921143 4.925571918487549 -23.10770606994629
    vertex -5.5197577476501465 4.3883867263793945 -29.94495391845703
    vertex -6.193636417388916 5.062265872955322 -30
  endloop
endfacet
facet normal 0 0 0
  outer loop
    vertex -6.056942462921143 4.925571918487549 -23.10770606994629
    vertex -4.3883867263793945 5.5197577476501465 -29.94495391845703
    vertex -5.5197577476501465 4.3883867263793945 -29.94495391845703
  endloop
endfacet
facet normal 0 0 0
  outer loop
    vertex -5.5197577476501465 4.3883867263793945 -29.94495391845703
    vertex -4.738699913024902 5.870070934295654 -30
    vertex -5.870070934295654 4.738699913024902 -30
  endloop
endfacet
facet normal 0 0 0
  outer loop
    vertex -6.056942462921143 4.925571918487549 -23.10770606994629
    vertex -6.035294055938721 4.953037738800049 -23.07068634033203
    vertex -4.3883867263793945 5.5197577476501465 -29.94495391845703
  endloop
endfacet
facet normal 0 0 0
  outer loop
    vertex -6.035294055938721 4.953037738800049 -23.07068634033203
    vertex -5.515432834625244 5.515432834625244 -22.799999237060547
    vertex -4.3883867263793945 5.5197577476501465 -29.94495391845703
  endloop
endfacet
facet normal 0 0 0
  outer loop
    vertex -5.5197577476501465 4.3883867263793945 -29.94495391845703
    vertex -4.3883867263793945 5.5197577476501465 -29.94495391845703
    vertex -4.738699913024902 5.870070934295654 -30
  endloop
endfacet
facet normal 0 0 0
  outer loop
    vertex -4.738699913024902 5.870070934295654 -30
    vertex -4.3883867263793945 5.5197577476501465 -29.94495391845703
    vertex -4.925571918487549 6.056942462921143 -23.10770606994629
  endloop
endfacet
facet normal 0 0 0
  outer loop
    vertex -5.515432834625244 5.515432834625244 -22.799999237060547
    vertex -4.953037738800049 6.035294055938721 -23.07068634033203
    vertex -4.3883867263793945 5.5197577476501465 -29.94495391845703
  endloop
endfacet
facet normal 0 0 0
  outer loop
    vertex -4.3883867263793945 5.5197577476501465 -29.94495391845703
    vertex -4.953037738800049 6.035294055938721 -23.07068634033203
    vertex -4.925571918487549 6.056942462921143 -23.10770606994629
  endloop
endfacet
facet normal 0 0 0
  outer loop
    vertex -4.738699913024902 5.870070934295654 -30
    vertex -4.925571918487549 6.056942462921143 -23.10770606994629
    vertex -5.062265872955322 6.193636417388916 -30
  endloop
endfacet
facet normal 0 0 0
  outer loop
    vertex -7.959124565124512 -0.800000011920929 -30
    vertex -7.0061163902282715 -0.800000011920929 -29.94495391845703
    vertex -7.5015339851379395 -0.800000011920929 -30
  endloop
endfacet
facet normal 0 0 0
  outer loop
    vertex -7.959124565124512 -0.800000011920929 -30
    vertex -7.765810489654541 -0.800000011920929 -23.10770606994629
    vertex -7.0061163902282715 -0.800000011920929 -29.94495391845703
  endloop
endfacet
facet normal 0 0 0
  outer loop
    vertex -7.5015339851379395 -0.800000011920929 -30
    vertex -7.0061163902282715 -0.800000011920929 -29.94495391845703
    vertex -7.5015339851379395 0.800000011920929 -30
  endloop
endfacet
facet normal 0 0 0
  outer loop
    vertex -7.0061163902282715 -0.800000011920929 -29.94495391845703
    vertex -7.765810489654541 -0.800000011920929 -23.10770606994629
    vertex -7.0061163902282715 0.800000011920929 -29.94495391845703
  endloop
endfacet
facet normal 0 0 0
  outer loop
    vertex -7.765810489654541 -0.800000011920929 -23.10770606994629
    vertex -7.769923686981201 -0.7652707099914551 -23.07068634033203
    vertex -7.0061163902282715 0.800000011920929 -29.94495391845703
  endloop
endfacet
facet normal 0 0 0
  outer loop
    vertex -7.959124565124512 0.800000011920929 -30
    vertex -7.5015339851379395 0.800000011920929 -30
    vertex -7.765810489654541 0.800000011920929 -23.10770606994629
  endloop
endfacet
facet normal 0 0 0
  outer loop
    vertex -7.0061163902282715 -0.800000011920929 -29.94495391845703
    vertex -7.0061163902282715 0.800000011920929 -29.94495391845703
    vertex -7.5015339851379395 0.800000011920929 -30
  endloop
endfacet
facet normal 0 0 0
  outer loop
    vertex -7.5015339851379395 0.800000011920929 -30
    vertex -7.0061163902282715 0.800000011920929 -29.94495391845703
    vertex -7.765810489654541 0.800000011920929 -23.10770606994629
  endloop
endfacet
facet normal 0 0 0
  outer loop
    vertex -7.769923686981201 -0.7652707099914551 -23.07068634033203
    vertex -7.800000190734863 0 -22.799999237060547
    vertex -7.0061163902282715 0.800000011920929 -29.94495391845703
  endloop
endfacet
facet normal 0 0 0
  outer loop
    vertex -7.0061163902282715 0.800000011920929 -29.94495391845703
    vertex -7.800000190734863 0 -22.799999237060547
    vertex -7.769923686981201 0.7652707099914551 -23.07068634033203
  endloop
endfacet
facet normal 0 0 0
  outer loop
    vertex -7.0061163902282715 0.800000011920929 -29.94495391845703
    vertex -7.769923686981201 0.7652707099914551 -23.07068634033203
    vertex -7.765810489654541 0.800000011920929 -23.10770606994629
  endloop
endfacet
facet normal 0 0 0
  outer loop
    vertex -6.193636417388916 -5.062265872955322 -30
    vertex -5.870070934295654 -4.738699913024902 -30
    vertex -6.056942462921143 -4.925571918487549 -23.10770606994629
  endloop
endfacet
facet normal 0 0 0
  outer loop
    vertex -5.870070934295654 -4.738699913024902 -30
    vertex -4.738699913024902 -5.870070934295654 -30
    vertex -4.3883867263793945 -5.5197577476501465 -29.94495391845703
  endloop
endfacet
facet normal 0 0 0
  outer loop
    vertex -4.953037738800049 -6.035294055938721 -23.07068634033203
    vertex -5.515432834625244 -5.515432834625244 -22.799999237060547
    vertex -5.5197577476501465 -4.3883867263793945 -29.94495391845703
  endloop
endfacet
facet normal 0 0 0
  outer loop
    vertex -6.056942462921143 -4.925571918487549 -23.10770606994629
    vertex -5.870070934295654 -4.738699913024902 -30
    vertex -5.5197577476501465 -4.3883867263793945 -29.94495391845703
  endloop
endfacet
facet normal 0 0 0
  outer loop
    vertex -5.870070934295654 -4.738699913024902 -30
    vertex -4.3883867263793945 -5.5197577476501465 -29.94495391845703
    vertex -5.5197577476501465 -4.3883867263793945 -29.94495391845703
  endloop
endfacet
facet normal 0 0 0
  outer loop
    vertex -6.035294055938721 -4.953037738800049 -23.07068634033203
    vertex -6.056942462921143 -4.925571918487549 -23.10770606994629
    vertex -5.5197577476501465 -4.3883867263793945 -29.94495391845703
  endloop
endfacet
facet normal 0 0 0
  outer loop
    vertex -6.035294055938721 -4.953037738800049 -23.07068634033203
    vertex -5.5197577476501465 -4.3883867263793945 -29.94495391845703
    vertex -5.515432834625244 -5.515432834625244 -22.799999237060547
  endloop
endfacet
facet normal 0 0 0
  outer loop
    vertex -5.062265872955322 -6.193636417388916 -30
    vertex -4.3883867263793945 -5.5197577476501465 -29.94495391845703
    vertex -4.738699913024902 -5.870070934295654 -30
  endloop
endfacet
facet normal 0 0 0
  outer loop
    vertex -5.062265872955322 -6.193636417388916 -30
    vertex -4.925571918487549 -6.056942462921143 -23.10770606994629
    vertex -4.3883867263793945 -5.5197577476501465 -29.94495391845703
  endloop
endfacet
facet normal 0 0 0
  outer loop
    vertex -4.953037738800049 -6.035294055938721 -23.07068634033203
    vertex -5.5197577476501465 -4.3883867263793945 -29.94495391845703
    vertex -4.3883867263793945 -5.5197577476501465 -29.94495391845703
  endloop
endfacet
facet normal 0 0 0
  outer loop
    vertex -4.953037738800049 -6.035294055938721 -23.07068634033203
    vertex -4.3883867263793945 -5.5197577476501465 -29.94495391845703
    vertex -4.925571918487549 -6.056942462921143 -23.10770606994629
  endloop
endfacet
facet normal 0 0 0
  outer loop
    vertex -0.800000011920929 -7.959124565124512 -30
    vertex -0.800000011920929 -7.5015339851379395 -30
    vertex -0.800000011920929 -7.765810489654541 -23.10770606994629
  endloop
endfacet
facet normal 0 0 0
  outer loop
    vertex -0.800000011920929 -7.5015339851379395 -30
    vertex -0.800000011920929 -7.0061163902282715 -29.94495391845703
    vertex -0.800000011920929 -7.765810489654541 -23.10770606994629
  endloop
endfacet
facet normal 0 0 0
  outer loop
    vertex -0.800000011920929 -7.5015339851379395 -30
    vertex 0.800000011920929 -7.0061163902282715 -29.94495391845703
    vertex -0.800000011920929 -7.0061163902282715 -29.94495391845703
  endloop
endfacet
facet normal 0 0 0
  outer loop
    vertex -0.800000011920929 -7.0061163902282715 -29.94495391845703
    vertex -0.7652707099914551 -7.769923686981201 -23.07068634033203
    vertex -0.800000011920929 -7.765810489654541 -23.10770606994629
  endloop
endfacet
facet normal 0 0 0
  outer loop
    vertex -0.800000011920929 -7.0061163902282715 -29.94495391845703
    vertex 0 -7.800000190734863 -22.799999237060547
    vertex -0.7652707099914551 -7.769923686981201 -23.07068634033203
  endloop
endfacet
facet normal 0 0 0
  outer loop
    vertex -0.800000011920929 -7.0061163902282715 -29.94495391845703
    vertex 0.7652707099914551 -7.769923686981201 -23.07068634033203
    vertex 0 -7.800000190734863 -22.799999237060547
  endloop
endfacet
facet normal 0 0 0
  outer loop
    vertex -0.800000011920929 -7.5015339851379395 -30
    vertex 0.800000011920929 -7.5015339851379395 -30
    vertex 0.800000011920929 -7.0061163902282715 -29.94495391845703
  endloop
endfacet
facet normal 0 0 0
  outer loop
    vertex -0.800000011920929 -7.0061163902282715 -29.94495391845703
    vertex 0.800000011920929 -7.0061163902282715 -29.94495391845703
    vertex 0.800000011920929 -7.765810489654541 -23.10770606994629
  endloop
endfacet
facet normal 0 0 0
  outer loop
    vertex 0.800000011920929 -7.959124565124512 -30
    vertex 0.800000011920929 -7.0061163902282715 -29.94495391845703
    vertex 0.800000011920929 -7.5015339851379395 -30
  endloop
endfacet
facet normal 0 0 0
  outer loop
    vertex 0.800000011920929 -7.959124565124512 -30
    vertex 0.800000011920929 -7.765810489654541 -23.10770606994629
    vertex 0.800000011920929 -7.0061163902282715 -29.94495391845703
  endloop
endfacet
facet normal 0 0 0
  outer loop
    vertex -0.800000011920929 -7.0061163902282715 -29.94495391845703
    vertex 0.800000011920929 -7.765810489654541 -23.10770606994629
    vertex 0.7652707099914551 -7.769923686981201 -23.07068634033203
  endloop
endfacet
facet normal 0 0 0
  outer loop
    vertex 4.925571918487549 -6.056942462921143 -23.10770606994629
    vertex 5.062265872955322 -6.193636417388916 -30
    vertex 4.738699913024902 -5.870070934295654 -30
  endloop
endfacet
facet normal 0 0 0
  outer loop
    vertex 4.925571918487549 -6.056942462921143 -23.10770606994629
    vertex 4.738699913024902 -5.870070934295654 -30
    vertex 4.3883867263793945 -5.5197577476501465 -29.94495391845703
  endloop
endfacet
facet normal 0 0 0
  outer loop
    vertex 4.3883867263793945 -5.5197577476501465 -29.94495391845703
    vertex 4.738699913024902 -5.870070934295654 -30
    vertex 5.5197577476501465 -4.3883867263793945 -29.94495391845703
  endloop
endfacet
facet normal 0 0 0
  outer loop
    vertex 4.925571918487549 -6.056942462921143 -23.10770606994629
    vertex 4.3883867263793945 -5.5197577476501465 -29.94495391845703
    vertex 4.953037738800049 -6.035294055938721 -23.07068634033203
  endloop
endfacet
facet normal 0 0 0
  outer loop
    vertex 4.953037738800049 -6.035294055938721 -23.07068634033203
    vertex 4.3883867263793945 -5.5197577476501465 -29.94495391845703
    vertex 5.515432834625244 -5.515432834625244 -22.799999237060547
  endloop
endfacet
facet normal 0 0 0
  outer loop
    vertex 4.738699913024902 -5.870070934295654 -30
    vertex 5.870070934295654 -4.738699913024902 -30
    vertex 5.5197577476501465 -4.3883867263793945 -29.94495391845703
  endloop
endfacet
facet normal 0 0 0
  outer loop
    vertex 4.3883867263793945 -5.5197577476501465 -29.94495391845703
    vertex 6.035294055938721 -4.953037738800049 -23.07068634033203
    vertex 5.515432834625244 -5.515432834625244 -22.799999237060547
  endloop
endfacet
facet normal 0 0 0
  outer loop
    vertex 4.3883867263793945 -5.5197577476501465 -29.94495391845703
    vertex 6.056942462921143 -4.925571918487549 -23.10770606994629
    vertex 6.035294055938721 -4.953037738800049 -23.07068634033203
  endloop
endfacet
facet normal 0 0 0
  outer loop
    vertex 4.3883867263793945 -5.5197577476501465 -29.94495391845703
    vertex 5.5197577476501465 -4.3883867263793945 -29.94495391845703
    vertex 6.056942462921143 -4.925571918487549 -23.10770606994629
  endloop
endfacet
facet normal 0 0 0
  outer loop
    vertex 5.870070934295654 -4.738699913024902 -30
    vertex 6.193636417388916 -5.062265872955322 -30
    vertex 5.5197577476501465 -4.3883867263793945 -29.94495391845703
  endloop
endfacet
facet normal 0 0 0
  outer loop
    vertex 5.5197577476501465 -4.3883867263793945 -29.94495391845703
    vertex 6.193636417388916 -5.062265872955322 -30
    vertex 6.056942462921143 -4.925571918487549 -23.10770606994629
  endloop
endfacet
endsolid Baxter_PD_Cable_Reference