solid Baxter_PD_SocketWrench
facet normal 0 0 0
  outer loop
    vertex -0.22147318720817566 -10.96287727355957 -2
    vertex 0.980736255645752 -9.957582473754883 -2
    vertex 2.220446049250313e-16 -11.25 -2
  endloop
endfacet
facet normal 0 0 0
  outer loop
    vertex -0.22147318720817566 -10.96287727355957 -2
    vertex -2.761519193649292 -7.669900417327881 -2
    vertex 0.980736255645752 -9.957582473754883 -2
  endloop
endfacet
facet normal 0 0 0
  outer loop
    vertex 0.980736255645752 -9.957582473754883 -2
    vertex -2.761519193649292 -7.669900417327881 -2
    vertex 3.908017635345459 -6.099999904632568 -2
  endloop
endfacet
facet normal 0 0 0
  outer loop
    vertex -2.761519193649292 -7.669900417327881 -2
    vertex -2.529310703277588 -6.099999904632568 -2
    vertex 3.908017635345459 -6.099999904632568 -2
  endloop
endfacet
facet normal 0 0 0
  outer loop
    vertex 0.9920749068260193 -10.072705268859863 -2
    vertex 0.980736255645752 -9.957582473754883 -2
    vertex 3.908017635345459 -6.099999904632568 -2
  endloop
endfacet
facet normal 0 0 0
  outer loop
    vertex 0.9920749068260193 -10.072705268859863 -2
    vertex 3.908017635345459 -6.099999904632568 -2
    vertex 4.027884006500244 -6.0281548500061035 -2
  endloop
endfacet
facet normal 0 0 0
  outer loop
    vertex 0.9920749068260193 -10.072705268859863 -2
    vertex 4.027884006500244 -6.0281548500061035 -2
    vertex 4.599351406097412 -5.604325771331787 -2
  endloop
endfacet
facet normal 0 0 0
  outer loop
    vertex 0.9920749068260193 -10.072705268859863 -2
    vertex 4.599351406097412 -5.604325771331787 -2
    vertex 5.126523971557617 -5.126523971557617 -2
  endloop
endfacet
facet normal 0 0 0
  outer loop
    vertex 0.9920749068260193 -10.072705268859863 -2
    vertex 5.126523971557617 -5.126523971557617 -2
    vertex 5.604325771331787 -4.599351406097412 -2
  endloop
endfacet
facet normal 0 0 0
  outer loop
    vertex 9.388261795043945 -5.553423881530762 -2
    vertex 5.604325771331787 -4.599351406097412 -2
    vertex 6.0281548500061035 -4.027884006500244 -2
  endloop
endfacet
facet normal 0 0 0
  outer loop
    vertex 9.388261795043945 -5.553423881530762 -2
    vertex 6.0281548500061035 -4.027884006500244 -2
    vertex 6.3939290046691895 -3.41762638092041 -2
  endloop
endfacet
facet normal 0 0 0
  outer loop
    vertex 9.388261795043945 -5.553423881530762 -2
    vertex 6.3939290046691895 -3.41762638092041 -2
    vertex 6.698126792907715 -2.7744548320770264 -2
  endloop
endfacet
facet normal 0 0 0
  outer loop
    vertex 9.388261795043945 -5.553423881530762 -2
    vertex 6.698126792907715 -2.7744548320770264 -2
    vertex 6.937817573547363 -2.1045639514923096 -2
  endloop
endfacet
facet normal 0 0 0
  outer loop
    vertex 9.388261795043945 -5.553423881530762 -2
    vertex 6.937817573547363 -2.1045639514923096 -2
    vertex 7.110693454742432 -1.4144048690795898 -2
  endloop
endfacet
facet normal 0 0 0
  outer loop
    vertex 9.388261795043945 -5.553423881530762 -2
    vertex 7.110693454742432 -1.4144048690795898 -2
    vertex 7.215089321136475 -0.7106242775917053 -2
  endloop
endfacet
facet normal 0 0 0
  outer loop
    vertex 9.388261795043945 -5.553423881530762 -2
    vertex 7.215089321136475 -0.7106242775917053 -2
    vertex 7.532492160797119 -0.6444029808044434 -2
  endloop
endfacet
facet normal 0 0 0
  outer loop
    vertex 9.388261795043945 -5.553423881530762 -2
    vertex 7.532492160797119 -0.6444029808044434 -2
    vertex 7.648453235626221 1.7160401344299316 -2
  endloop
endfacet
facet normal 0 0 0
  outer loop
    vertex 7.532492160797119 -0.6444029808044434 -2
    vertex 7.215089321136475 -0.7106242775917053 -2
    vertex 7.25 0 -2
  endloop
endfacet
facet normal 0 0 0
  outer loop
    vertex -9.721311569213867 -5.6373982429504395 2
    vertex -9.721311569213867 -5.6373982429504395 10
    vertex -9.742785453796387 -5.6015706062316895 2
  endloop
endfacet
facet normal 0 0 0
  outer loop
    vertex 9.721311569213867 -5.6373982429504395 2
    vertex 9.742785453796387 -5.6015706062316895 2
    vertex 9.742785453796387 -5.6015706062316895 10
  endloop
endfacet
facet normal 0 0 0
  outer loop
    vertex -9.742785453796387 -5.6015706062316895 2
    vertex -9.721311569213867 -5.6373982429504395 10
    vertex -9.742785453796387 -5.6015706062316895 10
  endloop
endfacet
facet normal 0 0 0
  outer loop
    vertex -9.721311569213867 -5.6373982429504395 10
    vertex -9.721311569213867 5.6373982429504395 10
    vertex -9.742785453796387 -5.6015706062316895 10
  endloop
endfacet
facet normal 0 0 0
  outer loop
    vertex 9.721311569213867 -5.6373982429504395 2
    vertex 9.742785453796387 -5.6015706062316895 10
    vertex 9.721311569213867 -5.6373982429504395 10
  endloop
endfacet
facet normal 0 0 0
  outer loop
    vertex 1.5543122344752192e-15 -11.25 10
    vertex -3.908017635345459 -6.099999904632568 10
    vertex -9.721311569213867 -5.6373982429504395 10
  endloop
endfacet
facet normal 0 0 0
  outer loop
    vertex -9.721311569213867 -5.6373982429504395 10
    vertex -5.126523971557617 -5.126523971557617 10
    vertex -5.604325771331787 -4.599351406097412 10
  endloop
endfacet
facet normal 0 0 0
  outer loop
    vertex -9.721311569213867 -5.6373982429504395 10
    vertex -4.027884006500244 -6.0281548500061035 10
    vertex -4.599351406097412 -5.604325771331787 10
  endloop
endfacet
facet normal 0 0 0
  outer loop
    vertex -9.721311569213867 -5.6373982429504395 10
    vertex -3.908017635345459 -6.099999904632568 10
    vertex -4.027884006500244 -6.0281548500061035 10
  endloop
endfacet
facet normal 0 0 0
  outer loop
    vertex -9.721311569213867 -5.6373982429504395 10
    vertex -4.599351406097412 -5.604325771331787 10
    vertex -5.126523971557617 -5.126523971557617 10
  endloop
endfacet
facet normal 0 0 0
  outer loop
    vertex 1.5543122344752192e-15 -11.25 10
    vertex 8.696367263793945 -6.22914981842041 10
    vertex -3.908017635345459 -6.099999904632568 10
  endloop
endfacet
facet normal 0 0 0
  outer loop
    vertex 8.696367263793945 -6.22914981842041 10
    vertex 3.908017635345459 -6.099999904632568 10
    vertex -3.908017635345459 -6.099999904632568 10
  endloop
endfacet
facet normal 0 0 0
  outer loop
    vertex 8.696367263793945 -6.22914981842041 10
    vertex 4.027884006500244 -6.0281548500061035 10
    vertex 3.908017635345459 -6.099999904632568 10
  endloop
endfacet
facet normal 0 0 0
  outer loop
    vertex 8.696367263793945 -6.22914981842041 10
    vertex 4.599351406097412 -5.604325771331787 10
    vertex 4.027884006500244 -6.0281548500061035 10
  endloop
endfacet
facet normal 0 0 0
  outer loop
    vertex 8.696367263793945 -6.22914981842041 10
    vertex 5.126523971557617 -5.126523971557617 10
    vertex 4.599351406097412 -5.604325771331787 10
  endloop
endfacet
facet normal 0 0 0
  outer loop
    vertex 8.696367263793945 -6.22914981842041 10
    vertex 5.604325771331787 -4.599351406097412 10
    vertex 5.126523971557617 -5.126523971557617 10
  endloop
endfacet
facet normal 0 0 0
  outer loop
    vertex -9.721311569213867 -5.6373982429504395 10
    vertex -5.604325771331787 -4.599351406097412 10
    vertex -6.0281548500061035 -4.027884006500244 10
  endloop
endfacet
facet normal 0 0 0
  outer loop
    vertex -9.721311569213867 -5.6373982429504395 10
    vertex -6.0281548500061035 -4.027884006500244 10
    vertex -6.3939290046691895 -3.41762638092041 10
  endloop
endfacet
facet normal 0 0 0
  outer loop
    vertex -9.721311569213867 -5.6373982429504395 10
    vertex -6.3939290046691895 -3.41762638092041 10
    vertex -6.698126792907715 -2.7744548320770264 10
  endloop
endfacet
facet normal 0 0 0
  outer loop
    vertex -9.721311569213867 -5.6373982429504395 10
    vertex -6.698126792907715 -2.7744548320770264 10
    vertex -6.937817573547363 -2.1045639514923096 10
  endloop
endfacet
facet normal 0 0 0
  outer loop
    vertex -9.721311569213867 -5.6373982429504395 10
    vertex -6.937817573547363 -2.1045639514923096 10
    vertex -7.110693454742432 -1.4144048690795898 10
  endloop
endfacet
facet normal 0 0 0
  outer loop
    vertex -9.721311569213867 -5.6373982429504395 10
    vertex -7.110693454742432 -1.4144048690795898 10
    vertex -7.215089321136475 -0.7106242775917053 10
  endloop
endfacet
facet normal 0 0 0
  outer loop
    vertex -9.721311569213867 -5.6373982429504395 10
    vertex -7.215089321136475 -0.7106242775917053 10
    vertex -7.25 0 10
  endloop
endfacet
facet normal 0 0 0
  outer loop
    vertex -9.721311569213867 -5.6373982429504395 10
    vertex -7.25 0 10
    vertex -7.215089321136475 0.7106242775917053 10
  endloop
endfacet
facet normal 0 0 0
  outer loop
    vertex 8.696367263793945 -6.22914981842041 10
    vertex 6.0281548500061035 -4.027884006500244 10
    vertex 5.604325771331787 -4.599351406097412 10
  endloop
endfacet
facet normal 0 0 0
  outer loop
    vertex 8.696367263793945 -6.22914981842041 10
    vertex 6.3939290046691895 -3.41762638092041 10
    vertex 6.0281548500061035 -4.027884006500244 10
  endloop
endfacet
facet normal 0 0 0
  outer loop
    vertex 8.696367263793945 -6.22914981842041 10
    vertex 6.698126792907715 -2.7744548320770264 10
    vertex 6.3939290046691895 -3.41762638092041 10
  endloop
endfacet
facet normal 0 0 0
  outer loop
    vertex 8.696367263793945 -6.22914981842041 10
    vertex 6.937817573547363 -2.1045639514923096 10
    vertex 6.698126792907715 -2.7744548320770264 10
  endloop
endfacet
facet normal 0 0 0
  outer loop
    vertex 8.696367263793945 -6.22914981842041 10
    vertex 7.110693454742432 -1.4144048690795898 10
    vertex 6.937817573547363 -2.1045639514923096 10
  endloop
endfacet
facet normal 0 0 0
  outer loop
    vertex 8.696367263793945 -6.22914981842041 10
    vertex 7.215089321136475 -0.7106242775917053 10
    vertex 7.110693454742432 -1.4144048690795898 10
  endloop
endfacet
facet normal 0 0 0
  outer loop
    vertex 8.696367263793945 -6.22914981842041 10
    vertex 9.721311569213867 -5.6373982429504395 10
    vertex 9.721311569213867 5.6373982429504395 10
  endloop
endfacet
facet normal 0 0 0
  outer loop
    vertex 9.721311569213867 -5.6373982429504395 10
    vertex 9.742785453796387 -5.6015706062316895 10
    vertex 9.742785453796387 5.6015706062316895 10
  endloop
endfacet
facet normal 0 0 0
  outer loop
    vertex 8.696367263793945 -6.22914981842041 10
    vertex 9.721311569213867 5.6373982429504395 10
    vertex 7.215089321136475 -0.7106242775917053 10
  endloop
endfacet
facet normal 0 0 0
  outer loop
    vertex 7.648453235626221 1.7160401344299316 -2
    vertex 7.25 0 -2
    vertex 7.215089321136475 0.7106242775917053 -2
  endloop
endfacet
facet normal 0 0 0
  outer loop
    vertex 9.388261795043945 -5.553423881530762 -2
    vertex 7.648453235626221 1.7160401344299316 -2
    vertex 8.639803886413574 5.985543727874756 -2
  endloop
endfacet
facet normal 0 0 0
  outer loop
    vertex 9.388261795043945 -5.553423881530762 -2
    vertex 8.696367263793945 6.22914981842041 -2
    vertex 9.721311569213867 1.2259577512741089 -2
  endloop
endfacet
facet normal 0 0 0
  outer loop
    vertex 9.388261795043945 -5.553423881530762 -2
    vertex 8.639803886413574 5.985543727874756 -2
    vertex 8.696367263793945 6.22914981842041 -2
  endloop
endfacet
facet normal 0 0 0
  outer loop
    vertex 8.65300178527832 6.254187107086182 -2
    vertex 7.215089321136475 0.7106242775917053 -2
    vertex 7.110693454742432 1.4144048690795898 -2
  endloop
endfacet
facet normal 0 0 0
  outer loop
    vertex 7.648453235626221 1.7160401344299316 -2
    vertex 7.215089321136475 0.7106242775917053 -2
    vertex 8.65300178527832 6.254187107086182 -2
  endloop
endfacet
facet normal 0 0 0
  outer loop
    vertex 8.65300178527832 6.254187107086182 -2
    vertex 6.937817573547363 2.1045639514923096 -2
    vertex 6.698126792907715 2.7744548320770264 -2
  endloop
endfacet
facet normal 0 0 0
  outer loop
    vertex 8.65300178527832 6.254187107086182 -2
    vertex 7.110693454742432 1.4144048690795898 -2
    vertex 6.937817573547363 2.1045639514923096 -2
  endloop
endfacet
facet normal 0 0 0
  outer loop
    vertex 8.65300178527832 6.254187107086182 -2
    vertex 6.698126792907715 2.7744548320770264 -2
    vertex 6.3939290046691895 3.41762638092041 -2
  endloop
endfacet
facet normal 0 0 0
  outer loop
    vertex 8.65300178527832 6.254187107086182 -2
    vertex 6.3939290046691895 3.41762638092041 -2
    vertex 6.0281548500061035 4.027884006500244 -2
  endloop
endfacet
facet normal 0 0 0
  outer loop
    vertex 8.65300178527832 6.254187107086182 -2
    vertex 6.0281548500061035 4.027884006500244 -2
    vertex 5.604325771331787 4.599351406097412 -2
  endloop
endfacet
facet normal 0 0 0
  outer loop
    vertex 7.648453235626221 1.7160401344299316 -2
    vertex 8.65300178527832 6.254187107086182 -2
    vertex 8.639803886413574 5.985543727874756 -2
  endloop
endfacet
facet normal 0 0 0
  outer loop
    vertex 9.721311569213867 1.2259577512741089 -2
    vertex 8.696367263793945 6.22914981842041 -2
    vertex 9.354033470153809 5.8494462966918945 -2
  endloop
endfacet
facet normal 0 0 0
  outer loop
    vertex -0.7199414372444153 6.13266658782959 -2
    vertex -0.22207333147525787 10.957350730895996 -2
    vertex 0 11.25 -2
  endloop
endfacet
facet normal 0 0 0
  outer loop
    vertex -0.19929130375385284 6.138000965118408 -2
    vertex 3.908017635345459 6.099999904632568 -2
    vertex -0.20610183477401733 6.099999904632568 -2
  endloop
endfacet
facet normal 0 0 0
  outer loop
    vertex -0.7199414372444153 6.13266658782959 -2
    vertex 8.65300178527832 6.254187107086182 -2
    vertex -0.19929130375385284 6.138000965118408 -2
  endloop
endfacet
facet normal 0 0 0
  outer loop
    vertex -0.19929130375385284 6.138000965118408 -2
    vertex 8.65300178527832 6.254187107086182 -2
    vertex 3.908017635345459 6.099999904632568 -2
  endloop
endfacet
facet normal 0 0 0
  outer loop
    vertex 8.65300178527832 6.254187107086182 -2
    vertex 5.126523971557617 5.126523971557617 -2
    vertex 4.599351406097412 5.604325771331787 -2
  endloop
endfacet
facet normal 0 0 0
  outer loop
    vertex 4.032661437988281 6.103362083435059 -2
    vertex 3.908017635345459 6.099999904632568 -2
    vertex 8.65300178527832 6.254187107086182 -2
  endloop
endfacet
facet normal 0 0 0
  outer loop
    vertex 8.65300178527832 6.254187107086182 -2
    vertex 4.599351406097412 5.604325771331787 -2
    vertex 4.027884006500244 6.0281548500061035 -2
  endloop
endfacet
facet normal 0 0 0
  outer loop
    vertex 4.032661437988281 6.103362083435059 -2
    vertex 8.65300178527832 6.254187107086182 -2
    vertex 4.027884006500244 6.0281548500061035 -2
  endloop
endfacet
facet normal 0 0 0
  outer loop
    vertex 8.65300178527832 6.254187107086182 -2
    vertex 5.604325771331787 4.599351406097412 -2
    vertex 5.126523971557617 5.126523971557617 -2
  endloop
endfacet
facet normal 0 0 0
  outer loop
    vertex -0.7199414372444153 6.13266658782959 -2
    vertex 0 11.25 -2
    vertex 8.65300178527832 6.254187107086182 -2
  endloop
endfacet
facet normal 0 0 0
  outer loop
    vertex -0.6488436460494995 10.87539005279541 -2
    vertex -0.45345133543014526 10.988200187683105 -2
    vertex -0.22207333147525787 10.957350730895996 -2
  endloop
endfacet
facet normal 0 0 0
  outer loop
    vertex -0.45345133543014526 10.988200187683105 -2
    vertex 0 11.25 -2
    vertex -0.22207333147525787 10.957350730895996 -2
  endloop
endfacet
facet normal 0 0 0
  outer loop
    vertex -9.742785453796387 5.6015706062316895 2
    vertex -9.742785453796387 5.6015706062316895 10
    vertex -9.721311569213867 5.6373982429504395 2
  endloop
endfacet
facet normal 0 0 0
  outer loop
    vertex 9.742785453796387 5.6015706062316895 2
    vertex 9.721311569213867 5.6373982429504395 2
    vertex 9.721311569213867 5.6373982429504395 10
  endloop
endfacet
facet normal 0 0 0
  outer loop
    vertex -9.742785453796387 -5.6015706062316895 10
    vertex -9.721311569213867 5.6373982429504395 10
    vertex -9.742785453796387 5.6015706062316895 10
  endloop
endfacet
facet normal 0 0 0
  outer loop
    vertex -9.721311569213867 5.6373982429504395 2
    vertex -9.742785453796387 5.6015706062316895 10
    vertex -9.721311569213867 5.6373982429504395 10
  endloop
endfacet
facet normal 0 0 0
  outer loop
    vertex -9.721311569213867 -5.6373982429504395 10
    vertex -7.215089321136475 0.7106242775917053 10
    vertex -9.721311569213867 5.6373982429504395 10
  endloop
endfacet
facet normal 0 0 0
  outer loop
    vertex -9.721311569213867 5.6373982429504395 10
    vertex -7.215089321136475 0.7106242775917053 10
    vertex -7.110693454742432 1.4144048690795898 10
  endloop
endfacet
facet normal 0 0 0
  outer loop
    vertex -9.721311569213867 5.6373982429504395 10
    vertex -7.110693454742432 1.4144048690795898 10
    vertex -6.937817573547363 2.1045639514923096 10
  endloop
endfacet
facet normal 0 0 0
  outer loop
    vertex -9.721311569213867 5.6373982429504395 10
    vertex -6.937817573547363 2.1045639514923096 10
    vertex -6.698126792907715 2.7744548320770264 10
  endloop
endfacet
facet normal 0 0 0
  outer loop
    vertex -9.721311569213867 5.6373982429504395 10
    vertex -6.698126792907715 2.7744548320770264 10
    vertex -6.3939290046691895 3.41762638092041 10
  endloop
endfacet
facet normal 0 0 0
  outer loop
    vertex -9.721311569213867 5.6373982429504395 10
    vertex -6.3939290046691895 3.41762638092041 10
    vertex -6.0281548500061035 4.027884006500244 10
  endloop
endfacet
facet normal 0 0 0
  outer loop
    vertex -9.721311569213867 5.6373982429504395 10
    vertex -6.0281548500061035 4.027884006500244 10
    vertex -5.604325771331787 4.599351406097412 10
  endloop
endfacet
facet normal 0 0 0
  outer loop
    vertex 9.721311569213867 5.6373982429504395 10
    vertex 7.25 0 10
    vertex 7.215089321136475 -0.7106242775917053 10
  endloop
endfacet
facet normal 0 0 0
  outer loop
    vertex 9.721311569213867 5.6373982429504395 10
    vertex 7.215089321136475 0.7106242775917053 10
    vertex 7.25 0 10
  endloop
endfacet
facet normal 0 0 0
  outer loop
    vertex 9.721311569213867 -5.6373982429504395 10
    vertex 9.742785453796387 5.6015706062316895 10
    vertex 9.721311569213867 5.6373982429504395 10
  endloop
endfacet
facet normal 0 0 0
  outer loop
    vertex 9.721311569213867 5.6373982429504395 10
    vertex 7.110693454742432 1.4144048690795898 10
    vertex 7.215089321136475 0.7106242775917053 10
  endloop
endfacet
facet normal 0 0 0
  outer loop
    vertex 9.721311569213867 5.6373982429504395 10
    vertex 6.937817573547363 2.1045639514923096 10
    vertex 7.110693454742432 1.4144048690795898 10
  endloop
endfacet
facet normal 0 0 0
  outer loop
    vertex 9.721311569213867 5.6373982429504395 10
    vertex 6.698126792907715 2.7744548320770264 10
    vertex 6.937817573547363 2.1045639514923096 10
  endloop
endfacet
facet normal 0 0 0
  outer loop
    vertex 9.721311569213867 5.6373982429504395 10
    vertex 6.0281548500061035 4.027884006500244 10
    vertex 6.3939290046691895 3.41762638092041 10
  endloop
endfacet
facet normal 0 0 0
  outer loop
    vertex 9.721311569213867 5.6373982429504395 10
    vertex 6.3939290046691895 3.41762638092041 10
    vertex 6.698126792907715 2.7744548320770264 10
  endloop
endfacet
facet normal 0 0 0
  outer loop
    vertex 9.721311569213867 5.6373982429504395 10
    vertex 5.604325771331787 4.599351406097412 10
    vertex 6.0281548500061035 4.027884006500244 10
  endloop
endfacet
facet normal 0 0 0
  outer loop
    vertex 9.742785453796387 5.6015706062316895 2
    vertex 9.721311569213867 5.6373982429504395 10
    vertex 9.742785453796387 5.6015706062316895 10
  endloop
endfacet
facet normal 0 0 0
  outer loop
    vertex -9.721311569213867 5.6373982429504395 10
    vertex -5.604325771331787 4.599351406097412 10
    vertex -5.126523971557617 5.126523971557617 10
  endloop
endfacet
facet normal 0 0 0
  outer loop
    vertex -9.721311569213867 5.6373982429504395 10
    vertex -5.126523971557617 5.126523971557617 10
    vertex -4.599351406097412 5.604325771331787 10
  endloop
endfacet
facet normal 0 0 0
  outer loop
    vertex -9.721311569213867 5.6373982429504395 10
    vertex -4.599351406097412 5.604325771331787 10
    vertex -4.027884006500244 6.0281548500061035 10
  endloop
endfacet
facet normal 0 0 0
  outer loop
    vertex -9.721311569213867 5.6373982429504395 10
    vertex -4.027884006500244 6.0281548500061035 10
    vertex 0 11.25 10
  endloop
endfacet
facet normal 0 0 0
  outer loop
    vertex 0 11.25 10
    vertex -4.027884006500244 6.0281548500061035 10
    vertex -3.908017635345459 6.099999904632568 10
  endloop
endfacet
facet normal 0 0 0
  outer loop
    vertex 0 11.25 10
    vertex -3.908017635345459 6.099999904632568 10
    vertex 3.908017635345459 6.099999904632568 10
  endloop
endfacet
facet normal 0 0 0
  outer loop
    vertex 0 11.25 10
    vertex 5.126523971557617 5.126523971557617 10
    vertex 5.604325771331787 4.599351406097412 10
  endloop
endfacet
facet normal 0 0 0
  outer loop
    vertex 0 11.25 10
    vertex 4.599351406097412 5.604325771331787 10
    vertex 5.126523971557617 5.126523971557617 10
  endloop
endfacet
facet normal 0 0 0
  outer loop
    vertex 9.721311569213867 5.6373982429504395 10
    vertex 0 11.25 10
    vertex 5.604325771331787 4.599351406097412 10
  endloop
endfacet
facet normal 0 0 0
  outer loop
    vertex 0 11.25 10
    vertex 4.027884006500244 6.0281548500061035 10
    vertex 4.599351406097412 5.604325771331787 10
  endloop
endfacet
facet normal 0 0 0
  outer loop
    vertex 0 11.25 10
    vertex 3.908017635345459 6.099999904632568 10
    vertex 4.027884006500244 6.0281548500061035 10
  endloop
endfacet
facet normal 0 0 0
  outer loop
    vertex 9.742785453796387 -5.6015706062316895 2
    vertex 9.742785453796387 5.6015706062316895 10
    vertex 9.742785453796387 -5.6015706062316895 10
  endloop
endfacet
facet normal 0 0 0
  outer loop
    vertex 9.742785453796387 -5.6015706062316895 2
    vertex 9.742785453796387 5.6015706062316895 2
    vertex 9.742785453796387 5.6015706062316895 10
  endloop
endfacet
facet normal 0 0 0
  outer loop
    vertex 9.721311569213867 5.6373982429504395 2
    vertex 0 11.25 2
    vertex 0 11.25 10
  endloop
endfacet
facet normal 0 0 0
  outer loop
    vertex 9.721311569213867 5.6373982429504395 2
    vertex 0 11.25 10
    vertex 9.721311569213867 5.6373982429504395 10
  endloop
endfacet
facet normal 0 0 0
  outer loop
    vertex -9.721311569213867 5.6373982429504395 2
    vertex -9.721311569213867 5.6373982429504395 10
    vertex -0.4330126941204071 11 2
  endloop
endfacet
facet normal 0 0 0
  outer loop
    vertex -0.4330126941204071 11 2
    vertex -9.721311569213867 5.6373982429504395 10
    vertex 0 11.25 10
  endloop
endfacet
facet normal 0 0 0
  outer loop
    vertex -0.4330126941204071 11 2
    vertex 0 11.25 10
    vertex 0 11.25 2
  endloop
endfacet
facet normal 0 0 0
  outer loop
    vertex -9.742785453796387 -5.6015706062316895 2
    vertex -9.742785453796387 -5.6015706062316895 10
    vertex -9.742785453796387 5.6015706062316895 2
  endloop
endfacet
facet normal 0 0 0
  outer loop
    vertex -9.742785453796387 -5.6015706062316895 10
    vertex -9.742785453796387 5.6015706062316895 10
    vertex -9.742785453796387 5.6015706062316895 2
  endloop
endfacet
facet normal 0 0 0
  outer loop
    vertex -0.44380128383636475 -10.99377155303955 2
    vertex 0 -11.25 2
    vertex 1.5543122344752192e-15 -11.25 10
  endloop
endfacet
facet normal 0 0 0
  outer loop
    vertex -0.44380128383636475 -10.99377155303955 2
    vertex 1.5543122344752192e-15 -11.25 10
    vertex -9.721311569213867 -5.6373982429504395 2
  endloop
endfacet
facet normal 0 0 0
  outer loop
    vertex -9.721311569213867 -5.6373982429504395 2
    vertex 1.5543122344752192e-15 -11.25 10
    vertex -9.721311569213867 -5.6373982429504395 10
  endloop
endfacet
facet normal 0 0 0
  outer loop
    vertex 0 -11.25 2
    vertex 9.721311569213867 -5.6373982429504395 2
    vertex 9.721311569213867 -5.6373982429504395 10
  endloop
endfacet
facet normal 0 0 0
  outer loop
    vertex 0 -11.25 2
    vertex 8.696367263793945 -6.22914981842041 10
    vertex 1.5543122344752192e-15 -11.25 10
  endloop
endfacet
facet normal 0 0 0
  outer loop
    vertex 0 -11.25 2
    vertex 9.721311569213867 -5.6373982429504395 10
    vertex 8.696367263793945 -6.22914981842041 10
  endloop
endfacet
facet normal 0 0 0
  outer loop
    vertex -7.25 0 2
    vertex -7.215089321136475 0.7106242775917053 2
    vertex -7.215089321136475 0.7106242775917053 10
  endloop
endfacet
facet normal 0 0 0
  outer loop
    vertex -7.215089321136475 0.7106242775917053 2
    vertex -7.110693454742432 1.4144048690795898 2
    vertex -7.110693454742432 1.4144048690795898 10
  endloop
endfacet
facet normal 0 0 0
  outer loop
    vertex -7.110693454742432 1.4144048690795898 2
    vertex -6.937817573547363 2.1045639514923096 2
    vertex -6.937817573547363 2.1045639514923096 10
  endloop
endfacet
facet normal 0 0 0
  outer loop
    vertex -6.937817573547363 2.1045639514923096 2
    vertex -6.698126792907715 2.7744548320770264 2
    vertex -6.698126792907715 2.7744548320770264 10
  endloop
endfacet
facet normal 0 0 0
  outer loop
    vertex -6.698126792907715 2.7744548320770264 2
    vertex -6.3939290046691895 3.41762638092041 2
    vertex -6.3939290046691895 3.41762638092041 10
  endloop
endfacet
facet normal 0 0 0
  outer loop
    vertex -6.0281548500061035 4.027884006500244 2
    vertex -5.604325771331787 4.599351406097412 2
    vertex -5.604325771331787 4.599351406097412 10
  endloop
endfacet
facet normal 0 0 0
  outer loop
    vertex -5.604325771331787 4.599351406097412 2
    vertex -5.126523971557617 5.126523971557617 2
    vertex -5.126523971557617 5.126523971557617 10
  endloop
endfacet
facet normal 0 0 0
  outer loop
    vertex -5.126523971557617 5.126523971557617 2
    vertex -4.599351406097412 5.604325771331787 2
    vertex -4.599351406097412 5.604325771331787 10
  endloop
endfacet
facet normal 0 0 0
  outer loop
    vertex -4.599351406097412 5.604325771331787 2
    vertex -4.027884006500244 6.0281548500061035 2
    vertex -4.027884006500244 6.0281548500061035 10
  endloop
endfacet
facet normal 0 0 0
  outer loop
    vertex -114.5538330078125 -11 -2
    vertex -2.329840660095215 -11 2
    vertex -114.5538330078125 -11 2
  endloop
endfacet
facet normal 0 0 0
  outer loop
    vertex -114.5538330078125 -11 2
    vertex -73.2009048461914 -9.807852745056152 2
    vertex -74.15284729003906 -9.569403648376465 2
  endloop
endfacet
facet normal 0 0 0
  outer loop
    vertex -114.5538330078125 -11 2
    vertex -72.23017120361328 -9.951847076416016 2
    vertex -73.2009048461914 -9.807852745056152 2
  endloop
endfacet
facet normal 0 0 0
  outer loop
    vertex -114.5538330078125 -11 2
    vertex -71.25 -10 2
    vertex -72.23017120361328 -9.951847076416016 2
  endloop
endfacet
facet normal 0 0 0
  outer loop
    vertex -114.5538330078125 -11 2
    vertex -75.9639663696289 -8.819212913513184 2
    vertex -97.94999694824219 -3 2
  endloop
endfacet
facet normal 0 0 0
  outer loop
    vertex -114.5538330078125 -11 2
    vertex -97.94999694824219 -3 2
    vertex -99.44999694824219 2 2
  endloop
endfacet
facet normal 0 0 0
  outer loop
    vertex -114.5538330078125 -11 2
    vertex -99.44999694824219 2 2
    vertex -99.44999694824219 3 2
  endloop
endfacet
facet normal 0 0 0
  outer loop
    vertex -96.94999694824219 -3 2
    vertex -94.25 -3 2
    vertex -96.94999694824219 2 2
  endloop
endfacet
facet normal 0 0 0
  outer loop
    vertex -93.25 -2 2
    vertex -91.25 -2 2
    vertex -91.25 2 2
  endloop
endfacet
facet normal 0 0 0
  outer loop
    vertex -114.5538330078125 -11 2
    vertex -74.15284729003906 -9.569403648376465 2
    vertex -75.07683563232422 -9.238795280456543 2
  endloop
endfacet
facet normal 0 0 0
  outer loop
    vertex -114.5538330078125 -11 2
    vertex -75.07683563232422 -9.238795280456543 2
    vertex -75.9639663696289 -8.819212913513184 2
  endloop
endfacet
facet normal 0 0 0
  outer loop
    vertex -96.94999694824219 -3 2
    vertex -75.9639663696289 -8.819212913513184 2
    vertex -76.80570220947266 -8.314696311950684 2
  endloop
endfacet
facet normal 0 0 0
  outer loop
    vertex -93.25 -3 2
    vertex -76.80570220947266 -8.314696311950684 2
    vertex -77.59393310546875 -7.730104446411133 2
  endloop
endfacet
facet normal 0 0 0
  outer loop
    vertex -77.59393310546875 -7.730104446411133 2
    vertex -78.3210678100586 -7.071067810058594 2
    vertex -89.05000305175781 -3 2
  endloop
endfacet
facet normal 0 0 0
  outer loop
    vertex -78.3210678100586 -7.071067810058594 2
    vertex -78.9801025390625 -6.343932628631592 2
    vertex -88.05000305175781 -3 2
  endloop
endfacet
facet normal 0 0 0
  outer loop
    vertex -97.94999694824219 -3 2
    vertex -75.9639663696289 -8.819212913513184 2
    vertex -96.94999694824219 -3 2
  endloop
endfacet
facet normal 0 0 0
  outer loop
    vertex -96.94999694824219 -3 2
    vertex -76.80570220947266 -8.314696311950684 2
    vertex -94.25 -3 2
  endloop
endfacet
facet normal 0 0 0
  outer loop
    vertex -94.25 -3 2
    vertex -76.80570220947266 -8.314696311950684 2
    vertex -93.25 -3 2
  endloop
endfacet
facet normal 0 0 0
  outer loop
    vertex -93.25 -3 2
    vertex -77.59393310546875 -7.730104446411133 2
    vertex -91.25 -3 2
  endloop
endfacet
facet normal 0 0 0
  outer loop
    vertex -91.25 -3 2
    vertex -77.59393310546875 -7.730104446411133 2
    vertex -90.25 -3 2
  endloop
endfacet
facet normal 0 0 0
  outer loop
    vertex -77.59393310546875 -7.730104446411133 2
    vertex -89.05000305175781 -3 2
    vertex -90.25 -3 2
  endloop
endfacet
facet normal 0 0 0
  outer loop
    vertex -78.3210678100586 -7.071067810058594 2
    vertex -88.05000305175781 -3 2
    vertex -89.05000305175781 -3 2
  endloop
endfacet
facet normal 0 0 0
  outer loop
    vertex -88.05000305175781 -3 2
    vertex -80.0692138671875 -4.713967323303223 2
    vertex -80.4887924194336 -3.8268344402313232 2
  endloop
endfacet
facet normal 0 0 0
  outer loop
    vertex -78.9801025390625 -6.343932628631592 2
    vertex -79.564697265625 -5.555702209472656 2
    vertex -88.05000305175781 -3 2
  endloop
endfacet
facet normal 0 0 0
  outer loop
    vertex -79.564697265625 -5.555702209472656 2
    vertex -80.0692138671875 -4.713967323303223 2
    vertex -88.05000305175781 -3 2
  endloop
endfacet
facet normal 0 0 0
  outer loop
    vertex -88.05000305175781 -3 2
    vertex -80.4887924194336 -3.8268344402313232 2
    vertex -80.81940460205078 -2.9028468132019043 2
  endloop
endfacet
facet normal 0 0 0
  outer loop
    vertex -90.25 -3 2
    vertex -89.05000305175781 -3 2
    vertex -89.05000305175781 0 2
  endloop
endfacet
facet normal 0 0 0
  outer loop
    vertex -90.25 -3 2
    vertex -89.05000305175781 0 2
    vertex -90.25 -2 2
  endloop
endfacet
facet normal 0 0 0
  outer loop
    vertex -90.25 -2 2
    vertex -89.05000305175781 0 2
    vertex -89.05000305175781 1 2
  endloop
endfacet
facet normal 0 0 0
  outer loop
    vertex -88.05000305175781 -3 2
    vertex -85.05000305175781 0 2
    vertex -88.05000305175781 0 2
  endloop
endfacet
facet normal 0 0 0
  outer loop
    vertex -88.05000305175781 -3 2
    vertex -80.81940460205078 -2.9028468132019043 2
    vertex -85.05000305175781 0 2
  endloop
endfacet
facet normal 0 0 0
  outer loop
    vertex -80.81940460205078 -2.9028468132019043 2
    vertex -81.05785369873047 -1.9509031772613525 2
    vertex -85.05000305175781 0 2
  endloop
endfacet
facet normal 0 0 0
  outer loop
    vertex -81.05785369873047 -1.9509031772613525 2
    vertex -81.20185089111328 -0.9801713824272156 2
    vertex -85.05000305175781 0 2
  endloop
endfacet
facet normal 0 0 0
  outer loop
    vertex -81.20185089111328 -0.9801713824272156 2
    vertex -81.25 0 2
    vertex -85.05000305175781 0 2
  endloop
endfacet
facet normal 0 0 0
  outer loop
    vertex -114.62060546875 8.212596893310547 2
    vertex -114.5538330078125 11 2
    vertex -114.62060546875 11 2
  endloop
endfacet
facet normal 0 0 0
  outer loop
    vertex -114.5538330078125 -11 -2
    vertex -113.611572265625 8.043463706970215 -2
    vertex -2.2069685459136963 10.942567825317383 -2
  endloop
endfacet
facet normal 0 0 0
  outer loop
    vertex -113.611572265625 8.043463706970215 -2
    vertex -113.67903137207031 8.054771423339844 -2
    vertex -2.5986201763153076 10.932674407958984 -2
  endloop
endfacet
facet normal 0 0 0
  outer loop
    vertex -114.5538330078125 -11 2
    vertex -99.44999694824219 3 2
    vertex -113.67903137207031 8.054771423339844 2
  endloop
endfacet
facet normal 0 0 0
  outer loop
    vertex -113.67903137207031 8.054771423339844 2
    vertex -99.44999694824219 3 2
    vertex -95.44999694824219 3 2
  endloop
endfacet
facet normal 0 0 0
  outer loop
    vertex -113.67903137207031 8.054771423339844 2
    vertex -95.44999694824219 3 2
    vertex -94.25 3 2
  endloop
endfacet
facet normal 0 0 0
  outer loop
    vertex -97.94999694824219 -3 2
    vertex -97.94999694824219 2 2
    vertex -99.44999694824219 2 2
  endloop
endfacet
facet normal 0 0 0
  outer loop
    vertex -94.25 -3 2
    vertex -95.44999694824219 2 2
    vertex -96.94999694824219 2 2
  endloop
endfacet
facet normal 0 0 0
  outer loop
    vertex -94.25 -3 2
    vertex -94.25 3 2
    vertex -95.44999694824219 2 2
  endloop
endfacet
facet normal 0 0 0
  outer loop
    vertex -93.25 -2 2
    vertex -91.25 2 2
    vertex -93.25 2 2
  endloop
endfacet
facet normal 0 0 0
  outer loop
    vertex -113.67903137207031 8.054771423339844 2
    vertex -94.25 3 2
    vertex -93.25 3 2
  endloop
endfacet
facet normal 0 0 0
  outer loop
    vertex -113.67903137207031 8.054771423339844 2
    vertex -93.25 3 2
    vertex -91.25 3 2
  endloop
endfacet
facet normal 0 0 0
  outer loop
    vertex -113.67903137207031 8.054771423339844 2
    vertex -91.25 3 2
    vertex -90.25 3 2
  endloop
endfacet
facet normal 0 0 0
  outer loop
    vertex -113.67903137207031 8.054771423339844 2
    vertex -90.25 3 2
    vertex -89.05000305175781 3 2
  endloop
endfacet
facet normal 0 0 0
  outer loop
    vertex -113.67903137207031 8.054771423339844 2
    vertex -89.05000305175781 3 2
    vertex -85.05000305175781 3 2
  endloop
endfacet
facet normal 0 0 0
  outer loop
    vertex -95.44999694824219 2 2
    vertex -94.25 3 2
    vertex -95.44999694824219 3 2
  endloop
endfacet
facet normal 0 0 0
  outer loop
    vertex -113.67903137207031 8.054771423339844 2
    vertex -85.05000305175781 3 2
    vertex -80.81940460205078 2.9028468132019043 2
  endloop
endfacet
facet normal 0 0 0
  outer loop
    vertex -113.67903137207031 8.054771423339844 2
    vertex -80.81940460205078 2.9028468132019043 2
    vertex -80.4887924194336 3.8268344402313232 2
  endloop
endfacet
facet normal 0 0 0
  outer loop
    vertex -113.67903137207031 8.054771423339844 2
    vertex -75.07683563232422 9.238795280456543 2
    vertex -114.62060546875 8.212596893310547 2
  endloop
endfacet
facet normal 0 0 0
  outer loop
    vertex -114.62060546875 8.212596893310547 2
    vertex -75.07683563232422 9.238795280456543 2
    vertex -114.5538330078125 11 2
  endloop
endfacet
facet normal 0 0 0
  outer loop
    vertex -113.67903137207031 8.054771423339844 2
    vertex -80.4887924194336 3.8268344402313232 2
    vertex -80.0692138671875 4.713967323303223 2
  endloop
endfacet
facet normal 0 0 0
  outer loop
    vertex -113.67903137207031 8.054771423339844 2
    vertex -80.0692138671875 4.713967323303223 2
    vertex -79.564697265625 5.555702209472656 2
  endloop
endfacet
facet normal 0 0 0
  outer loop
    vertex -113.67903137207031 8.054771423339844 2
    vertex -79.564697265625 5.555702209472656 2
    vertex -78.9801025390625 6.343932628631592 2
  endloop
endfacet
facet normal 0 0 0
  outer loop
    vertex -113.67903137207031 8.054771423339844 2
    vertex -78.9801025390625 6.343932628631592 2
    vertex -78.3210678100586 7.071067810058594 2
  endloop
endfacet
facet normal 0 0 0
  outer loop
    vertex -90.25 -2 2
    vertex -89.05000305175781 1 2
    vertex -89.05000305175781 2 2
  endloop
endfacet
facet normal 0 0 0
  outer loop
    vertex -90.25 -2 2
    vertex -89.05000305175781 2 2
    vertex -89.05000305175781 3 2
  endloop
endfacet
facet normal 0 0 0
  outer loop
    vertex -90.25 -2 2
    vertex -89.05000305175781 3 2
    vertex -90.25 3 2
  endloop
endfacet
facet normal 0 0 0
  outer loop
    vertex -88.05000305175781 1 2
    vertex -86.05000305175781 1 2
    vertex -88.05000305175781 2 2
  endloop
endfacet
facet normal 0 0 0
  outer loop
    vertex -86.05000305175781 1 2
    vertex -86.05000305175781 2 2
    vertex -88.05000305175781 2 2
  endloop
endfacet
facet normal 0 0 0
  outer loop
    vertex -85.05000305175781 0 2
    vertex -81.25 0 2
    vertex -81.20185089111328 0.9801713824272156 2
  endloop
endfacet
facet normal 0 0 0
  outer loop
    vertex -85.05000305175781 0 2
    vertex -81.20185089111328 0.9801713824272156 2
    vertex -85.05000305175781 3 2
  endloop
endfacet
facet normal 0 0 0
  outer loop
    vertex -81.20185089111328 0.9801713824272156 2
    vertex -81.05785369873047 1.9509031772613525 2
    vertex -85.05000305175781 3 2
  endloop
endfacet
facet normal 0 0 0
  outer loop
    vertex -81.05785369873047 1.9509031772613525 2
    vertex -80.81940460205078 2.9028468132019043 2
    vertex -85.05000305175781 3 2
  endloop
endfacet
facet normal 0 0 0
  outer loop
    vertex -113.67903137207031 8.054771423339844 2
    vertex -78.3210678100586 7.071067810058594 2
    vertex -77.59393310546875 7.730104446411133 2
  endloop
endfacet
facet normal 0 0 0
  outer loop
    vertex -113.67903137207031 8.054771423339844 2
    vertex -77.59393310546875 7.730104446411133 2
    vertex -76.80570220947266 8.314696311950684 2
  endloop
endfacet
facet normal 0 0 0
  outer loop
    vertex -113.67903137207031 8.054771423339844 2
    vertex -76.80570220947266 8.314696311950684 2
    vertex -75.9639663696289 8.819212913513184 2
  endloop
endfacet
facet normal 0 0 0
  outer loop
    vertex -113.67903137207031 8.054771423339844 2
    vertex -75.9639663696289 8.819212913513184 2
    vertex -75.07683563232422 9.238795280456543 2
  endloop
endfacet
facet normal 0 0 0
  outer loop
    vertex -114.5538330078125 11 2
    vertex -75.07683563232422 9.238795280456543 2
    vertex -74.15284729003906 9.569403648376465 2
  endloop
endfacet
facet normal 0 0 0
  outer loop
    vertex -113.67903137207031 8.054771423339844 -2
    vertex -114.5538330078125 11 -2
    vertex -2.329840660095215 11 -2
  endloop
endfacet
facet normal 0 0 0
  outer loop
    vertex -114.5538330078125 11 -2
    vertex -114.5538330078125 11 2
    vertex -2.329840660095215 11 -2
  endloop
endfacet
facet normal 0 0 0
  outer loop
    vertex -114.5538330078125 11 2
    vertex -74.15284729003906 9.569403648376465 2
    vertex -73.2009048461914 9.807852745056152 2
  endloop
endfacet
facet normal 0 0 0
  outer loop
    vertex -114.5538330078125 11 2
    vertex -73.2009048461914 9.807852745056152 2
    vertex -72.23017120361328 9.951847076416016 2
  endloop
endfacet
facet normal 0 0 0
  outer loop
    vertex -114.5538330078125 11 2
    vertex -72.23017120361328 9.951847076416016 2
    vertex -71.25 10 2
  endloop
endfacet
facet normal 0 0 0
  outer loop
    vertex -114.5538330078125 -11 -2
    vertex -3.1753571033477783 -10.46774959564209 -2
    vertex -2.329840660095215 -11 -2
  endloop
endfacet
facet normal 0 0 0
  outer loop
    vertex -114.5538330078125 -11 -2
    vertex -2.329840660095215 -11 -2
    vertex -2.329840660095215 -11 2
  endloop
endfacet
facet normal 0 0 0
  outer loop
    vertex -114.5538330078125 -11 2
    vertex -2.329840660095215 -11 2
    vertex -71.25 -10 2
  endloop
endfacet
facet normal 0 0 0
  outer loop
    vertex -71.25 -10 2
    vertex -2.2034244537353516 -10.969075202941895 2
    vertex -70.26982879638672 -9.951847076416016 2
  endloop
endfacet
facet normal 0 0 0
  outer loop
    vertex -114.5538330078125 -11 -2
    vertex -2.761519193649292 -7.669900417327881 -2
    vertex -3.1753571033477783 -10.46774959564209 -2
  endloop
endfacet
facet normal 0 0 0
  outer loop
    vertex -114.5538330078125 -11 -2
    vertex -2.529310703277588 -6.099999904632568 -2
    vertex -2.761519193649292 -7.669900417327881 -2
  endloop
endfacet
facet normal 0 0 0
  outer loop
    vertex -114.5538330078125 -11 -2
    vertex -4.027884006500244 -6.0281548500061035 -2
    vertex -3.908017635345459 -6.099999904632568 -2
  endloop
endfacet
facet normal 0 0 0
  outer loop
    vertex -114.5538330078125 -11 -2
    vertex -4.599351406097412 -5.604325771331787 -2
    vertex -4.027884006500244 -6.0281548500061035 -2
  endloop
endfacet
facet normal 0 0 0
  outer loop
    vertex -114.5538330078125 -11 -2
    vertex -3.908017635345459 -6.099999904632568 -2
    vertex -2.529310703277588 -6.099999904632568 -2
  endloop
endfacet
facet normal 0 0 0
  outer loop
    vertex -114.5538330078125 -11 -2
    vertex -5.126523971557617 -5.126523971557617 -2
    vertex -4.599351406097412 -5.604325771331787 -2
  endloop
endfacet
facet normal 0 0 0
  outer loop
    vertex -114.5538330078125 -11 -2
    vertex -5.604325771331787 -4.599351406097412 -2
    vertex -5.126523971557617 -5.126523971557617 -2
  endloop
endfacet
facet normal 0 0 0
  outer loop
    vertex -114.5538330078125 -11 -2
    vertex -6.0281548500061035 -4.027884006500244 -2
    vertex -5.604325771331787 -4.599351406097412 -2
  endloop
endfacet
facet normal 0 0 0
  outer loop
    vertex -114.5538330078125 -11 -2
    vertex -6.3939290046691895 -3.41762638092041 -2
    vertex -6.0281548500061035 -4.027884006500244 -2
  endloop
endfacet
facet normal 0 0 0
  outer loop
    vertex -114.5538330078125 -11 -2
    vertex -6.698126792907715 -2.7744548320770264 -2
    vertex -6.3939290046691895 -3.41762638092041 -2
  endloop
endfacet
facet normal 0 0 0
  outer loop
    vertex -114.5538330078125 -11 -2
    vertex -6.937817573547363 -2.1045639514923096 -2
    vertex -6.698126792907715 -2.7744548320770264 -2
  endloop
endfacet
facet normal 0 0 0
  outer loop
    vertex -114.5538330078125 -11 -2
    vertex -7.110693454742432 -1.4144048690795898 -2
    vertex -6.937817573547363 -2.1045639514923096 -2
  endloop
endfacet
facet normal 0 0 0
  outer loop
    vertex -114.5538330078125 -11 -2
    vertex -7.215089321136475 -0.7106242775917053 -2
    vertex -7.110693454742432 -1.4144048690795898 -2
  endloop
endfacet
facet normal 0 0 0
  outer loop
    vertex -114.5538330078125 -11 -2
    vertex -7.25 0 -2
    vertex -7.215089321136475 -0.7106242775917053 -2
  endloop
endfacet
facet normal 0 0 0
  outer loop
    vertex -114.5538330078125 -11 -2
    vertex -7.215089321136475 0.7106242775917053 -2
    vertex -7.25 0 -2
  endloop
endfacet
facet normal 0 0 0
  outer loop
    vertex -114.5538330078125 -11 -2
    vertex -7.110693454742432 1.4144048690795898 -2
    vertex -7.215089321136475 0.7106242775917053 -2
  endloop
endfacet
facet normal 0 0 0
  outer loop
    vertex -114.5538330078125 -11 -2
    vertex -6.937817573547363 2.1045639514923096 -2
    vertex -7.110693454742432 1.4144048690795898 -2
  endloop
endfacet
facet normal 0 0 0
  outer loop
    vertex -114.5538330078125 -11 -2
    vertex -6.698126792907715 2.7744548320770264 -2
    vertex -6.937817573547363 2.1045639514923096 -2
  endloop
endfacet
facet normal 0 0 0
  outer loop
    vertex -114.5538330078125 -11 -2
    vertex -6.3939290046691895 3.41762638092041 -2
    vertex -6.698126792907715 2.7744548320770264 -2
  endloop
endfacet
facet normal 0 0 0
  outer loop
    vertex -114.5538330078125 -11 -2
    vertex -6.0281548500061035 4.027884006500244 -2
    vertex -6.3939290046691895 3.41762638092041 -2
  endloop
endfacet
facet normal 0 0 0
  outer loop
    vertex -114.5538330078125 -11 -2
    vertex -5.604325771331787 4.599351406097412 -2
    vertex -6.0281548500061035 4.027884006500244 -2
  endloop
endfacet
facet normal 0 0 0
  outer loop
    vertex -114.5538330078125 -11 -2
    vertex -5.126523971557617 5.126523971557617 -2
    vertex -5.604325771331787 4.599351406097412 -2
  endloop
endfacet
facet normal 0 0 0
  outer loop
    vertex -114.5538330078125 -11 -2
    vertex -4.599351406097412 5.604325771331787 -2
    vertex -5.126523971557617 5.126523971557617 -2
  endloop
endfacet
facet normal 0 0 0
  outer loop
    vertex -65.69429779052734 -8.314696311950684 2
    vertex -51.25 -3 2
    vertex -64.90606689453125 -7.730104446411133 2
  endloop
endfacet
facet normal 0 0 0
  outer loop
    vertex -64.90606689453125 -7.730104446411133 2
    vertex -52.25 -3 2
    vertex -64.1789321899414 -7.071067810058594 2
  endloop
endfacet
facet normal 0 0 0
  outer loop
    vertex -64.1789321899414 -7.071067810058594 2
    vertex -55.95000076293945 -3 2
    vertex -63.519893646240234 -6.343932628631592 2
  endloop
endfacet
facet normal 0 0 0
  outer loop
    vertex -70.26982879638672 -9.951847076416016 2
    vertex -9.721311569213867 -5.6373982429504395 2
    vertex -69.2990951538086 -9.807852745056152 2
  endloop
endfacet
facet normal 0 0 0
  outer loop
    vertex -63.519893646240234 -6.343932628631592 2
    vertex -55.95000076293945 -3 2
    vertex -62.935302734375 -5.555702209472656 2
  endloop
endfacet
facet normal 0 0 0
  outer loop
    vertex -62.935302734375 -5.555702209472656 2
    vertex -55.95000076293945 -3 2
    vertex -62.4307861328125 -4.713967323303223 2
  endloop
endfacet
facet normal 0 0 0
  outer loop
    vertex -62.4307861328125 -4.713967323303223 2
    vertex -55.95000076293945 -3 2
    vertex -62.01120376586914 -3.8268344402313232 2
  endloop
endfacet
facet normal 0 0 0
  outer loop
    vertex -62.01120376586914 -3.8268344402313232 2
    vertex -55.95000076293945 -3 2
    vertex -61.68059539794922 -2.9028468132019043 2
  endloop
endfacet
facet normal 0 0 0
  outer loop
    vertex -64.1789321899414 -7.071067810058594 2
    vertex -54.95000076293945 -3 2
    vertex -55.95000076293945 -3 2
  endloop
endfacet
facet normal 0 0 0
  outer loop
    vertex -64.90606689453125 -7.730104446411133 2
    vertex -51.25 -3 2
    vertex -52.25 -3 2
  endloop
endfacet
facet normal 0 0 0
  outer loop
    vertex -65.69429779052734 -8.314696311950684 2
    vertex -49.25 -3 2
    vertex -51.25 -3 2
  endloop
endfacet
facet normal 0 0 0
  outer loop
    vertex -64.1789321899414 -7.071067810058594 2
    vertex -52.25 -3 2
    vertex -54.95000076293945 -3 2
  endloop
endfacet
facet normal 0 0 0
  outer loop
    vertex -61.68059539794922 -2.9028468132019043 2
    vertex -55.95000076293945 -3 2
    vertex -61.44214630126953 -1.9509031772613525 2
  endloop
endfacet
facet normal 0 0 0
  outer loop
    vertex -65.69429779052734 -8.314696311950684 2
    vertex -48.25 -3 2
    vertex -49.25 -3 2
  endloop
endfacet
facet normal 0 0 0
  outer loop
    vertex -61.44214630126953 -1.9509031772613525 2
    vertex -55.95000076293945 -3 2
    vertex -55.95000076293945 2 2
  endloop
endfacet
facet normal 0 0 0
  outer loop
    vertex -61.44214630126953 -1.9509031772613525 2
    vertex -55.95000076293945 2 2
    vertex -61.298152923583984 -0.9801713824272156 2
  endloop
endfacet
facet normal 0 0 0
  outer loop
    vertex -54.95000076293945 -3 2
    vertex -52.25 -3 2
    vertex -54.95000076293945 2 2
  endloop
endfacet
facet normal 0 0 0
  outer loop
    vertex -51.25 -2 2
    vertex -49.25 -2 2
    vertex -49.25 2 2
  endloop
endfacet
facet normal 0 0 0
  outer loop
    vertex -69.2990951538086 -9.807852745056152 2
    vertex -9.721311569213867 -5.6373982429504395 2
    vertex -68.34715270996094 -9.569403648376465 2
  endloop
endfacet
facet normal 0 0 0
  outer loop
    vertex -68.34715270996094 -9.569403648376465 2
    vertex -9.721311569213867 -5.6373982429504395 2
    vertex -67.42316436767578 -9.238795280456543 2
  endloop
endfacet
facet normal 0 0 0
  outer loop
    vertex -67.42316436767578 -9.238795280456543 2
    vertex -9.721311569213867 -5.6373982429504395 2
    vertex -66.5360336303711 -8.819212913513184 2
  endloop
endfacet
facet normal 0 0 0
  outer loop
    vertex -66.5360336303711 -8.819212913513184 2
    vertex -9.721311569213867 -5.6373982429504395 2
    vertex -65.69429779052734 -8.314696311950684 2
  endloop
endfacet
facet normal 0 0 0
  outer loop
    vertex -65.69429779052734 -8.314696311950684 2
    vertex -9.721311569213867 -5.6373982429504395 2
    vertex -48.25 -3 2
  endloop
endfacet
facet normal 0 0 0
  outer loop
    vertex -48.25 -3 2
    vertex -47.04999923706055 -3 2
    vertex -47.04999923706055 0 2
  endloop
endfacet
facet normal 0 0 0
  outer loop
    vertex -48.25 -3 2
    vertex -47.04999923706055 0 2
    vertex -48.25 -2 2
  endloop
endfacet
facet normal 0 0 0
  outer loop
    vertex -48.25 -2 2
    vertex -47.04999923706055 0 2
    vertex -47.04999923706055 1 2
  endloop
endfacet
facet normal 0 0 0
  outer loop
    vertex -46.04999923706055 -3 2
    vertex -43.04999923706055 0 2
    vertex -46.04999923706055 0 2
  endloop
endfacet
facet normal 0 0 0
  outer loop
    vertex -48.25 -3 2
    vertex -9.721311569213867 -5.6373982429504395 2
    vertex -47.04999923706055 -3 2
  endloop
endfacet
facet normal 0 0 0
  outer loop
    vertex -47.04999923706055 -3 2
    vertex -9.721311569213867 -5.6373982429504395 2
    vertex -46.04999923706055 -3 2
  endloop
endfacet
facet normal 0 0 0
  outer loop
    vertex -46.04999923706055 -3 2
    vertex -9.721311569213867 -5.6373982429504395 2
    vertex -43.04999923706055 0 2
  endloop
endfacet
facet normal 0 0 0
  outer loop
    vertex -9.721311569213867 -5.6373982429504395 2
    vertex -43.04999923706055 3 2
    vertex -43.04999923706055 0 2
  endloop
endfacet
facet normal 0 0 0
  outer loop
    vertex -71.25 -10 2
    vertex -2.329840660095215 -11 2
    vertex -2.1992897987365723 -11 2
  endloop
endfacet
facet normal 0 0 0
  outer loop
    vertex -71.25 -10 2
    vertex -2.1992897987365723 -11 2
    vertex -2.2034244537353516 -10.969075202941895 2
  endloop
endfacet
facet normal 0 0 0
  outer loop
    vertex -3.1753571033477783 -10.46774959564209 -2
    vertex -2.761519193649292 -7.669900417327881 -2
    vertex -0.22147318720817566 -10.96287727355957 -2
  endloop
endfacet
facet normal 0 0 0
  outer loop
    vertex -70.26982879638672 -9.951847076416016 2
    vertex -2.2034244537353516 -10.969075202941895 2
    vertex -9.721311569213867 -5.6373982429504395 2
  endloop
endfacet
facet normal 0 0 0
  outer loop
    vertex -9.721311569213867 -5.6373982429504395 2
    vertex -9.742785453796387 -5.6015706062316895 2
    vertex -43.04999923706055 3 2
  endloop
endfacet
facet normal 0 0 0
  outer loop
    vertex -2.2034244537353516 -10.969075202941895 2
    vertex -0.44380128383636475 -10.99377155303955 2
    vertex -9.721311569213867 -5.6373982429504395 2
  endloop
endfacet
facet normal 0 0 0
  outer loop
    vertex -114.5538330078125 -11 -2
    vertex -4.027884006500244 6.0281548500061035 -2
    vertex -4.599351406097412 5.604325771331787 -2
  endloop
endfacet
facet normal 0 0 0
  outer loop
    vertex -114.5538330078125 -11 -2
    vertex -3.908017635345459 6.099999904632568 -2
    vertex -4.027884006500244 6.0281548500061035 -2
  endloop
endfacet
facet normal 0 0 0
  outer loop
    vertex -114.5538330078125 -11 -2
    vertex -0.6488436460494995 10.87539005279541 -2
    vertex -3.908017635345459 6.099999904632568 -2
  endloop
endfacet
facet normal 0 0 0
  outer loop
    vertex -114.5538330078125 -11 -2
    vertex -2.2069685459136963 10.942567825317383 -2
    vertex -0.6488436460494995 10.87539005279541 -2
  endloop
endfacet
facet normal 0 0 0
  outer loop
    vertex -113.67903137207031 8.054771423339844 -2
    vertex -2.329840660095215 11 -2
    vertex -2.5986201763153076 10.932674407958984 -2
  endloop
endfacet
facet normal 0 0 0
  outer loop
    vertex -113.611572265625 8.043463706970215 -2
    vertex -2.5986201763153076 10.932674407958984 -2
    vertex -2.2069344520568848 10.942822456359863 -2
  endloop
endfacet
facet normal 0 0 0
  outer loop
    vertex -113.611572265625 8.043463706970215 -2
    vertex -2.2069344520568848 10.942822456359863 -2
    vertex -2.2069685459136963 10.942567825317383 -2
  endloop
endfacet
facet normal 0 0 0
  outer loop
    vertex -61.25 0 2
    vertex -57.45000076293945 2 2
    vertex -61.298152923583984 0.9801713824272156 2
  endloop
endfacet
facet normal 0 0 0
  outer loop
    vertex -61.298152923583984 0.9801713824272156 2
    vertex -57.45000076293945 2 2
    vertex -61.44214630126953 1.9509031772613525 2
  endloop
endfacet
facet normal 0 0 0
  outer loop
    vertex -61.44214630126953 1.9509031772613525 2
    vertex -57.45000076293945 3 2
    vertex -61.68059539794922 2.9028468132019043 2
  endloop
endfacet
facet normal 0 0 0
  outer loop
    vertex -61.68059539794922 2.9028468132019043 2
    vertex -57.45000076293945 3 2
    vertex -62.01120376586914 3.8268344402313232 2
  endloop
endfacet
facet normal 0 0 0
  outer loop
    vertex -62.4307861328125 4.713967323303223 2
    vertex -62.01120376586914 3.8268344402313232 2
    vertex -57.45000076293945 3 2
  endloop
endfacet
facet normal 0 0 0
  outer loop
    vertex -62.4307861328125 4.713967323303223 2
    vertex -57.45000076293945 3 2
    vertex -62.935302734375 5.555702209472656 2
  endloop
endfacet
facet normal 0 0 0
  outer loop
    vertex -61.298152923583984 -0.9801713824272156 2
    vertex -55.95000076293945 2 2
    vertex -61.25 0 2
  endloop
endfacet
facet normal 0 0 0
  outer loop
    vertex -61.25 0 2
    vertex -55.95000076293945 2 2
    vertex -57.45000076293945 2 2
  endloop
endfacet
facet normal 0 0 0
  outer loop
    vertex -61.44214630126953 1.9509031772613525 2
    vertex -57.45000076293945 2 2
    vertex -57.45000076293945 3 2
  endloop
endfacet
facet normal 0 0 0
  outer loop
    vertex -52.25 -3 2
    vertex -53.45000076293945 2 2
    vertex -54.95000076293945 2 2
  endloop
endfacet
facet normal 0 0 0
  outer loop
    vertex -52.25 -3 2
    vertex -52.25 3 2
    vertex -53.45000076293945 2 2
  endloop
endfacet
facet normal 0 0 0
  outer loop
    vertex -51.25 -2 2
    vertex -49.25 2 2
    vertex -51.25 2 2
  endloop
endfacet
facet normal 0 0 0
  outer loop
    vertex -53.45000076293945 2 2
    vertex -52.25 3 2
    vertex -53.45000076293945 3 2
  endloop
endfacet
facet normal 0 0 0
  outer loop
    vertex -48.25 -2 2
    vertex -47.04999923706055 1 2
    vertex -47.04999923706055 2 2
  endloop
endfacet
facet normal 0 0 0
  outer loop
    vertex -48.25 -2 2
    vertex -47.04999923706055 2 2
    vertex -48.25 3 2
  endloop
endfacet
facet normal 0 0 0
  outer loop
    vertex -46.04999923706055 1 2
    vertex -44.04999923706055 1 2
    vertex -46.04999923706055 2 2
  endloop
endfacet
facet normal 0 0 0
  outer loop
    vertex -46.04999923706055 2 2
    vertex -44.04999923706055 1 2
    vertex -44.04999923706055 2 2
  endloop
endfacet
facet normal 0 0 0
  outer loop
    vertex -47.04999923706055 2 2
    vertex -47.04999923706055 3 2
    vertex -48.25 3 2
  endloop
endfacet
facet normal 0 0 0
  outer loop
    vertex -57.45000076293945 3 2
    vertex -0.4330126941204071 11 2
    vertex -62.935302734375 5.555702209472656 2
  endloop
endfacet
facet normal 0 0 0
  outer loop
    vertex -66.5360336303711 8.819212913513184 2
    vertex -0.4330126941204071 11 2
    vertex -67.42316436767578 9.238795280456543 2
  endloop
endfacet
facet normal 0 0 0
  outer loop
    vertex -68.34715270996094 9.569403648376465 2
    vertex -67.42316436767578 9.238795280456543 2
    vertex -0.4330126941204071 11 2
  endloop
endfacet
facet normal 0 0 0
  outer loop
    vertex -62.935302734375 5.555702209472656 2
    vertex -0.4330126941204071 11 2
    vertex -63.519893646240234 6.343932628631592 2
  endloop
endfacet
facet normal 0 0 0
  outer loop
    vertex -63.519893646240234 6.343932628631592 2
    vertex -0.4330126941204071 11 2
    vertex -64.1789321899414 7.071067810058594 2
  endloop
endfacet
facet normal 0 0 0
  outer loop
    vertex -64.1789321899414 7.071067810058594 2
    vertex -0.4330126941204071 11 2
    vertex -64.90606689453125 7.730104446411133 2
  endloop
endfacet
facet normal 0 0 0
  outer loop
    vertex -65.69429779052734 8.314696311950684 2
    vertex -64.90606689453125 7.730104446411133 2
    vertex -0.4330126941204071 11 2
  endloop
endfacet
facet normal 0 0 0
  outer loop
    vertex -65.69429779052734 8.314696311950684 2
    vertex -0.4330126941204071 11 2
    vertex -66.5360336303711 8.819212913513184 2
  endloop
endfacet
facet normal 0 0 0
  outer loop
    vertex -57.45000076293945 3 2
    vertex -53.45000076293945 3 2
    vertex -0.4330126941204071 11 2
  endloop
endfacet
facet normal 0 0 0
  outer loop
    vertex -53.45000076293945 3 2
    vertex -52.25 3 2
    vertex -0.4330126941204071 11 2
  endloop
endfacet
facet normal 0 0 0
  outer loop
    vertex -52.25 3 2
    vertex -51.25 3 2
    vertex -0.4330126941204071 11 2
  endloop
endfacet
facet normal 0 0 0
  outer loop
    vertex -51.25 3 2
    vertex -49.25 3 2
    vertex -0.4330126941204071 11 2
  endloop
endfacet
facet normal 0 0 0
  outer loop
    vertex -49.25 3 2
    vertex -48.25 3 2
    vertex -0.4330126941204071 11 2
  endloop
endfacet
facet normal 0 0 0
  outer loop
    vertex -48.25 3 2
    vertex -47.04999923706055 3 2
    vertex -0.4330126941204071 11 2
  endloop
endfacet
facet normal 0 0 0
  outer loop
    vertex -47.04999923706055 3 2
    vertex -43.04999923706055 3 2
    vertex -0.4330126941204071 11 2
  endloop
endfacet
facet normal 0 0 0
  outer loop
    vertex -114.5538330078125 11 2
    vertex -2.329840660095215 11 2
    vertex -2.329840660095215 11 -2
  endloop
endfacet
facet normal 0 0 0
  outer loop
    vertex -114.5538330078125 11 2
    vertex -71.25 10 2
    vertex -2.329840660095215 11 2
  endloop
endfacet
facet normal 0 0 0
  outer loop
    vertex -70.26982879638672 9.951847076416016 2
    vertex -0.4330126941204071 11 2
    vertex -71.25 10 2
  endloop
endfacet
facet normal 0 0 0
  outer loop
    vertex -70.26982879638672 9.951847076416016 2
    vertex -69.2990951538086 9.807852745056152 2
    vertex -0.4330126941204071 11 2
  endloop
endfacet
facet normal 0 0 0
  outer loop
    vertex -69.2990951538086 9.807852745056152 2
    vertex -68.34715270996094 9.569403648376465 2
    vertex -0.4330126941204071 11 2
  endloop
endfacet
facet normal 0 0 0
  outer loop
    vertex -0.7199414372444153 6.13266658782959 -2
    vertex -0.20610183477401733 6.099999904632568 -2
    vertex -3.908017635345459 6.099999904632568 -2
  endloop
endfacet
facet normal 0 0 0
  outer loop
    vertex -0.7199414372444153 6.13266658782959 -2
    vertex -0.19929130375385284 6.138000965118408 -2
    vertex -0.20610183477401733 6.099999904632568 -2
  endloop
endfacet
facet normal 0 0 0
  outer loop
    vertex -0.7199414372444153 6.13266658782959 -2
    vertex -3.908017635345459 6.099999904632568 -2
    vertex -0.6488436460494995 10.87539005279541 -2
  endloop
endfacet
facet normal 0 0 0
  outer loop
    vertex -0.7199414372444153 6.13266658782959 -2
    vertex -0.6488436460494995 10.87539005279541 -2
    vertex -0.22207333147525787 10.957350730895996 -2
  endloop
endfacet
facet normal 0 0 0
  outer loop
    vertex -9.742785453796387 -5.6015706062316895 2
    vertex -9.742785453796387 5.6015706062316895 2
    vertex -43.04999923706055 3 2
  endloop
endfacet
facet normal 0 0 0
  outer loop
    vertex -43.04999923706055 3 2
    vertex -9.742785453796387 5.6015706062316895 2
    vertex -9.721311569213867 5.6373982429504395 2
  endloop
endfacet
facet normal 0 0 0
  outer loop
    vertex -43.04999923706055 3 2
    vertex -9.721311569213867 5.6373982429504395 2
    vertex -0.4330126941204071 11 2
  endloop
endfacet
facet normal 0 0 0
  outer loop
    vertex -2.2069685459136963 10.942567825317383 -2
    vertex -0.45345133543014526 10.988200187683105 -2
    vertex -0.6488436460494995 10.87539005279541 -2
  endloop
endfacet
facet normal 0 0 0
  outer loop
    vertex -71.25 10 2
    vertex -0.4330126941204071 11 2
    vertex -2.329840660095215 11 2
  endloop
endfacet
facet normal 0 0 0
  outer loop
    vertex -142.3614044189453 -16.629392623901367 -2
    vertex -140.6779327392578 -17.638425827026367 -2
    vertex -142.3614044189453 -16.629392623901367 2
  endloop
endfacet
facet normal 0 0 0
  outer loop
    vertex -142.3614044189453 -16.629392623901367 -2
    vertex -143.9378662109375 -15.460208892822266 2
    vertex -143.9378662109375 -15.460208892822266 -2
  endloop
endfacet
facet normal 0 0 0
  outer loop
    vertex -135.1518096923828 -19.615705490112305 -2
    vertex -132.7202606201172 -14.927770614624023 -2
    vertex -133.21034240722656 -19.90369415283203 -2
  endloop
endfacet
facet normal 0 0 0
  outer loop
    vertex -137.05569458007812 -19.13880729675293 -2
    vertex -134.17636108398438 -14.711779594421387 -2
    vertex -135.1518096923828 -19.615705490112305 -2
  endloop
endfacet
facet normal 0 0 0
  outer loop
    vertex -133.21034240722656 -19.90369415283203 -2
    vertex -131.25 -15 -2
    vertex -131.25 -20 -2
  endloop
endfacet
facet normal 0 0 0
  outer loop
    vertex -137.05569458007812 -19.13880729675293 -2
    vertex -135.1518096923828 -19.615705490112305 -2
    vertex -137.05569458007812 -19.13880729675293 2
  endloop
endfacet
facet normal 0 0 0
  outer loop
    vertex -138.90367126464844 -18.477590560913086 -2
    vertex -140.6779327392578 -17.638425827026367 2
    vertex -140.6779327392578 -17.638425827026367 -2
  endloop
endfacet
facet normal 0 0 0
  outer loop
    vertex -137.05569458007812 -19.13880729675293 -2
    vertex -138.90367126464844 -18.477590560913086 2
    vertex -138.90367126464844 -18.477590560913086 -2
  endloop
endfacet
facet normal 0 0 0
  outer loop
    vertex -135.1518096923828 -19.615705490112305 -2
    vertex -133.21034240722656 -19.90369415283203 -2
    vertex -135.1518096923828 -19.615705490112305 2
  endloop
endfacet
facet normal 0 0 0
  outer loop
    vertex -133.21034240722656 -19.90369415283203 -2
    vertex -131.25 -20 -2
    vertex -133.21034240722656 -19.90369415283203 2
  endloop
endfacet
facet normal 0 0 0
  outer loop
    vertex -138.90367126464844 -18.477590560913086 -2
    vertex -140.6779327392578 -17.638425827026367 -2
    vertex -138.32095336914062 -13.228818893432617 -2
  endloop
endfacet
facet normal 0 0 0
  outer loop
    vertex -137.05569458007812 -19.13880729675293 -2
    vertex -138.90367126464844 -18.477590560913086 -2
    vertex -136.99024963378906 -13.858193397521973 -2
  endloop
endfacet
facet normal 0 0 0
  outer loop
    vertex -142.3614044189453 -16.629392623901367 -2
    vertex -139.58355712890625 -12.472043991088867 -2
    vertex -140.6779327392578 -17.638425827026367 -2
  endloop
endfacet
facet normal 0 0 0
  outer loop
    vertex -137.05569458007812 -19.13880729675293 -2
    vertex -136.99024963378906 -13.858193397521973 -2
    vertex -135.60426330566406 -14.354104995727539 -2
  endloop
endfacet
facet normal 0 0 0
  outer loop
    vertex -138.90367126464844 -18.477590560913086 -2
    vertex -138.32095336914062 -13.228818893432617 -2
    vertex -136.99024963378906 -13.858193397521973 -2
  endloop
endfacet
facet normal 0 0 0
  outer loop
    vertex -135.1518096923828 -19.615705490112305 -2
    vertex -134.17636108398438 -14.711779594421387 -2
    vertex -132.7202606201172 -14.927770614624023 -2
  endloop
endfacet
facet normal 0 0 0
  outer loop
    vertex -133.21034240722656 -19.90369415283203 -2
    vertex -132.7202606201172 -14.927770614624023 -2
    vertex -131.25 -15 -2
  endloop
endfacet
facet normal 0 0 0
  outer loop
    vertex -137.05569458007812 -19.13880729675293 -2
    vertex -135.60426330566406 -14.354104995727539 -2
    vertex -134.17636108398438 -14.711779594421387 -2
  endloop
endfacet
facet normal 0 0 0
  outer loop
    vertex -140.6779327392578 -17.638425827026367 -2
    vertex -140.6779327392578 -17.638425827026367 2
    vertex -142.3614044189453 -16.629392623901367 2
  endloop
endfacet
facet normal 0 0 0
  outer loop
    vertex -143.9378662109375 -15.460208892822266 -2
    vertex -143.9378662109375 -15.460208892822266 2
    vertex -145.3921356201172 -14.142135620117188 2
  endloop
endfacet
facet normal 0 0 0
  outer loop
    vertex -142.3614044189453 -16.629392623901367 -2
    vertex -142.3614044189453 -16.629392623901367 2
    vertex -143.9378662109375 -15.460208892822266 2
  endloop
endfacet
facet normal 0 0 0
  outer loop
    vertex -137.05569458007812 -19.13880729675293 -2
    vertex -137.05569458007812 -19.13880729675293 2
    vertex -138.90367126464844 -18.477590560913086 2
  endloop
endfacet
facet normal 0 0 0
  outer loop
    vertex -138.90367126464844 -18.477590560913086 -2
    vertex -138.90367126464844 -18.477590560913086 2
    vertex -140.6779327392578 -17.638425827026367 2
  endloop
endfacet
facet normal 0 0 0
  outer loop
    vertex -135.1518096923828 -19.615705490112305 -2
    vertex -135.1518096923828 -19.615705490112305 2
    vertex -137.05569458007812 -19.13880729675293 2
  endloop
endfacet
facet normal 0 0 0
  outer loop
    vertex -133.21034240722656 -19.90369415283203 -2
    vertex -133.21034240722656 -19.90369415283203 2
    vertex -135.1518096923828 -19.615705490112305 2
  endloop
endfacet
facet normal 0 0 0
  outer loop
    vertex -131.25 -20 -2
    vertex -131.25 -20 2
    vertex -133.21034240722656 -19.90369415283203 2
  endloop
endfacet
facet normal 0 0 0
  outer loop
    vertex -142.3614044189453 -16.629392623901367 -2
    vertex -143.9378662109375 -15.460208892822266 -2
    vertex -141.85659790039062 -10.60660171508789 -2
  endloop
endfacet
facet normal 0 0 0
  outer loop
    vertex -143.9378662109375 -15.460208892822266 -2
    vertex -145.3921356201172 -14.142135620117188 -2
    vertex -143.7220458984375 -8.333553314208984 -2
  endloop
endfacet
facet normal 0 0 0
  outer loop
    vertex -142.3614044189453 -16.629392623901367 -2
    vertex -141.85659790039062 -10.60660171508789 -2
    vertex -140.76589965820312 -11.5951566696167 -2
  endloop
endfacet
facet normal 0 0 0
  outer loop
    vertex -146.710205078125 -12.687865257263184 -2
    vertex -145.3921356201172 -14.142135620117188 -2
    vertex -146.710205078125 -12.687865257263184 2
  endloop
endfacet
facet normal 0 0 0
  outer loop
    vertex -143.9378662109375 -15.460208892822266 -2
    vertex -145.3921356201172 -14.142135620117188 2
    vertex -145.3921356201172 -14.142135620117188 -2
  endloop
endfacet
facet normal 0 0 0
  outer loop
    vertex -143.9378662109375 -15.460208892822266 -2
    vertex -142.84515380859375 -9.515899658203125 -2
    vertex -141.85659790039062 -10.60660171508789 -2
  endloop
endfacet
facet normal 0 0 0
  outer loop
    vertex -146.710205078125 -12.687865257263184 -2
    vertex -145.1082000732422 -5.740251541137695 -2
    vertex -145.3921356201172 -14.142135620117188 -2
  endloop
endfacet
facet normal 0 0 0
  outer loop
    vertex -143.9378662109375 -15.460208892822266 -2
    vertex -143.7220458984375 -8.333553314208984 -2
    vertex -142.84515380859375 -9.515899658203125 -2
  endloop
endfacet
facet normal 0 0 0
  outer loop
    vertex -146.710205078125 -12.687865257263184 -2
    vertex -147.87939453125 -11.111404418945312 2
    vertex -147.87939453125 -11.111404418945312 -2
  endloop
endfacet
facet normal 0 0 0
  outer loop
    vertex -140.6779327392578 -17.638425827026367 -2
    vertex -139.58355712890625 -12.472043991088867 -2
    vertex -138.32095336914062 -13.228818893432617 -2
  endloop
endfacet
facet normal 0 0 0
  outer loop
    vertex -142.3614044189453 -16.629392623901367 -2
    vertex -140.76589965820312 -11.5951566696167 -2
    vertex -139.58355712890625 -12.472043991088867 -2
  endloop
endfacet
facet normal 0 0 0
  outer loop
    vertex -145.3921356201172 -14.142135620117188 -2
    vertex -145.3921356201172 -14.142135620117188 2
    vertex -146.710205078125 -12.687865257263184 2
  endloop
endfacet
facet normal 0 0 0
  outer loop
    vertex -146.710205078125 -12.687865257263184 -2
    vertex -146.710205078125 -12.687865257263184 2
    vertex -147.87939453125 -11.111404418945312 2
  endloop
endfacet
facet normal 0 0 0
  outer loop
    vertex -147.87939453125 -11.111404418945312 -2
    vertex -147.87939453125 -11.111404418945312 2
    vertex -148.888427734375 -9.427934646606445 2
  endloop
endfacet
facet normal 0 0 0
  outer loop
    vertex -131.25 -20 -2
    vertex -129.7797393798828 -14.927770614624023 -2
    vertex -129.28965759277344 -19.90369415283203 -2
  endloop
endfacet
facet normal 0 0 0
  outer loop
    vertex -129.28965759277344 -19.90369415283203 -2
    vertex -128.32363891601562 -14.711779594421387 -2
    vertex -127.34819030761719 -19.615705490112305 -2
  endloop
endfacet
facet normal 0 0 0
  outer loop
    vertex -127.34819030761719 -19.615705490112305 -2
    vertex -126.8957290649414 -14.354104995727539 -2
    vertex -125.44430541992188 -19.13880729675293 -2
  endloop
endfacet
facet normal 0 0 0
  outer loop
    vertex -131.25 -20 -2
    vertex -129.28965759277344 -19.90369415283203 -2
    vertex -131.25 -20 2
  endloop
endfacet
facet normal 0 0 0
  outer loop
    vertex -129.28965759277344 -19.90369415283203 -2
    vertex -127.34819030761719 -19.615705490112305 -2
    vertex -129.28965759277344 -19.90369415283203 2
  endloop
endfacet
facet normal 0 0 0
  outer loop
    vertex -127.34819030761719 -19.615705490112305 -2
    vertex -125.44430541992188 -19.13880729675293 -2
    vertex -127.34819030761719 -19.615705490112305 2
  endloop
endfacet
facet normal 0 0 0
  outer loop
    vertex -125.44430541992188 -19.13880729675293 -2
    vertex -123.59632873535156 -18.477590560913086 -2
    vertex -125.44430541992188 -19.13880729675293 2
  endloop
endfacet
facet normal 0 0 0
  outer loop
    vertex -123.59632873535156 -18.477590560913086 -2
    vertex -121.82206726074219 -17.638425827026367 -2
    vertex -123.59632873535156 -18.477590560913086 2
  endloop
endfacet
facet normal 0 0 0
  outer loop
    vertex -131.25 -20 -2
    vertex -131.25 -15 -2
    vertex -129.7797393798828 -14.927770614624023 -2
  endloop
endfacet
facet normal 0 0 0
  outer loop
    vertex -129.28965759277344 -19.90369415283203 -2
    vertex -129.7797393798828 -14.927770614624023 -2
    vertex -128.32363891601562 -14.711779594421387 -2
  endloop
endfacet
facet normal 0 0 0
  outer loop
    vertex -127.34819030761719 -19.615705490112305 -2
    vertex -128.32363891601562 -14.711779594421387 -2
    vertex -126.8957290649414 -14.354104995727539 -2
  endloop
endfacet
facet normal 0 0 0
  outer loop
    vertex -125.44430541992188 -19.13880729675293 -2
    vertex -126.8957290649414 -14.354104995727539 -2
    vertex -125.50975036621094 -13.858193397521973 -2
  endloop
endfacet
facet normal 0 0 0
  outer loop
    vertex -125.44430541992188 -19.13880729675293 -2
    vertex -124.17904663085938 -13.228818893432617 -2
    vertex -123.59632873535156 -18.477590560913086 -2
  endloop
endfacet
facet normal 0 0 0
  outer loop
    vertex -125.44430541992188 -19.13880729675293 -2
    vertex -125.50975036621094 -13.858193397521973 -2
    vertex -124.17904663085938 -13.228818893432617 -2
  endloop
endfacet
facet normal 0 0 0
  outer loop
    vertex -123.59632873535156 -18.477590560913086 -2
    vertex -122.91644287109375 -12.472043991088867 -2
    vertex -121.82206726074219 -17.638425827026367 -2
  endloop
endfacet
facet normal 0 0 0
  outer loop
    vertex -121.82206726074219 -17.638425827026367 -2
    vertex -120.13859558105469 -16.629392623901367 -2
    vertex -121.82206726074219 -17.638425827026367 2
  endloop
endfacet
facet normal 0 0 0
  outer loop
    vertex -120.13859558105469 -16.629392623901367 -2
    vertex -118.5621337890625 -15.460208892822266 -2
    vertex -120.13859558105469 -16.629392623901367 2
  endloop
endfacet
facet normal 0 0 0
  outer loop
    vertex -118.5621337890625 -15.460208892822266 -2
    vertex -117.10786437988281 -14.142135620117188 -2
    vertex -118.5621337890625 -15.460208892822266 2
  endloop
endfacet
facet normal 0 0 0
  outer loop
    vertex -129.28965759277344 -19.90369415283203 -2
    vertex -129.28965759277344 -19.90369415283203 2
    vertex -131.25 -20 2
  endloop
endfacet
facet normal 0 0 0
  outer loop
    vertex -127.34819030761719 -19.615705490112305 -2
    vertex -127.34819030761719 -19.615705490112305 2
    vertex -129.28965759277344 -19.90369415283203 2
  endloop
endfacet
facet normal 0 0 0
  outer loop
    vertex -125.44430541992188 -19.13880729675293 -2
    vertex -125.44430541992188 -19.13880729675293 2
    vertex -127.34819030761719 -19.615705490112305 2
  endloop
endfacet
facet normal 0 0 0
  outer loop
    vertex -123.59632873535156 -18.477590560913086 -2
    vertex -123.59632873535156 -18.477590560913086 2
    vertex -125.44430541992188 -19.13880729675293 2
  endloop
endfacet
facet normal 0 0 0
  outer loop
    vertex -121.82206726074219 -17.638425827026367 -2
    vertex -121.82206726074219 -17.638425827026367 2
    vertex -123.59632873535156 -18.477590560913086 2
  endloop
endfacet
facet normal 0 0 0
  outer loop
    vertex -120.13859558105469 -16.629392623901367 -2
    vertex -120.13859558105469 -16.629392623901367 2
    vertex -121.82206726074219 -17.638425827026367 2
  endloop
endfacet
facet normal 0 0 0
  outer loop
    vertex -118.5621337890625 -15.460208892822266 -2
    vertex -118.5621337890625 -15.460208892822266 2
    vertex -120.13859558105469 -16.629392623901367 2
  endloop
endfacet
facet normal 0 0 0
  outer loop
    vertex -123.59632873535156 -18.477590560913086 -2
    vertex -124.17904663085938 -13.228818893432617 -2
    vertex -122.91644287109375 -12.472043991088867 -2
  endloop
endfacet
facet normal 0 0 0
  outer loop
    vertex -121.82206726074219 -17.638425827026367 -2
    vertex -120.64339447021484 -10.60660171508789 -2
    vertex -120.13859558105469 -16.629392623901367 -2
  endloop
endfacet
facet normal 0 0 0
  outer loop
    vertex -121.82206726074219 -17.638425827026367 -2
    vertex -122.91644287109375 -12.472043991088867 -2
    vertex -121.73410034179688 -11.5951566696167 -2
  endloop
endfacet
facet normal 0 0 0
  outer loop
    vertex -121.82206726074219 -17.638425827026367 -2
    vertex -121.73410034179688 -11.5951566696167 -2
    vertex -120.64339447021484 -10.60660171508789 -2
  endloop
endfacet
facet normal 0 0 0
  outer loop
    vertex -120.13859558105469 -16.629392623901367 -2
    vertex -119.65484619140625 -9.515899658203125 -2
    vertex -118.5621337890625 -15.460208892822266 -2
  endloop
endfacet
facet normal 0 0 0
  outer loop
    vertex -117.10786437988281 -14.142135620117188 -2
    vertex -115.78978729248047 -12.687865257263184 -2
    vertex -117.10786437988281 -14.142135620117188 2
  endloop
endfacet
facet normal 0 0 0
  outer loop
    vertex -120.13859558105469 -16.629392623901367 -2
    vertex -120.64339447021484 -10.60660171508789 -2
    vertex -119.65484619140625 -9.515899658203125 -2
  endloop
endfacet
facet normal 0 0 0
  outer loop
    vertex -118.5621337890625 -15.460208892822266 -2
    vertex -118.02117919921875 -7.070950984954834 -2
    vertex -117.10786437988281 -14.142135620117188 -2
  endloop
endfacet
facet normal 0 0 0
  outer loop
    vertex -118.5621337890625 -15.460208892822266 -2
    vertex -119.65484619140625 -9.515899658203125 -2
    vertex -118.7779541015625 -8.333553314208984 -2
  endloop
endfacet
facet normal 0 0 0
  outer loop
    vertex -118.5621337890625 -15.460208892822266 -2
    vertex -118.7779541015625 -8.333553314208984 -2
    vertex -118.02117919921875 -7.070950984954834 -2
  endloop
endfacet
facet normal 0 0 0
  outer loop
    vertex -115.78978729248047 -12.687865257263184 -2
    vertex -114.62060546875 -11.111404418945312 -2
    vertex -115.78978729248047 -12.687865257263184 2
  endloop
endfacet
facet normal 0 0 0
  outer loop
    vertex -114.62060546875 -11.111404418945312 -2
    vertex -114.5538330078125 -11 -2
    vertex -114.62060546875 -11.111404418945312 2
  endloop
endfacet
facet normal 0 0 0
  outer loop
    vertex -117.10786437988281 -14.142135620117188 -2
    vertex -117.10786437988281 -14.142135620117188 2
    vertex -118.5621337890625 -15.460208892822266 2
  endloop
endfacet
facet normal 0 0 0
  outer loop
    vertex -115.78978729248047 -12.687865257263184 -2
    vertex -115.78978729248047 -12.687865257263184 2
    vertex -117.10786437988281 -14.142135620117188 2
  endloop
endfacet
facet normal 0 0 0
  outer loop
    vertex -114.62060546875 -11.111404418945312 -2
    vertex -114.62060546875 -11.111404418945312 2
    vertex -115.78978729248047 -12.687865257263184 2
  endloop
endfacet
facet normal 0 0 0
  outer loop
    vertex -114.5538330078125 -11 -2
    vertex -114.5538330078125 -11 2
    vertex -114.62060546875 -11.111404418945312 2
  endloop
endfacet
facet normal 0 0 0
  outer loop
    vertex -142.3614044189453 -16.629392623901367 2
    vertex -140.6779327392578 -17.638425827026367 2
    vertex -140.76589965820312 -11.5951566696167 2
  endloop
endfacet
facet normal 0 0 0
  outer loop
    vertex -137.05569458007812 -19.13880729675293 2
    vertex -135.1518096923828 -19.615705490112305 2
    vertex -135.60426330566406 -14.354104995727539 2
  endloop
endfacet
facet normal 0 0 0
  outer loop
    vertex -135.1518096923828 -19.615705490112305 2
    vertex -133.21034240722656 -19.90369415283203 2
    vertex -134.17636108398438 -14.711779594421387 2
  endloop
endfacet
facet normal 0 0 0
  outer loop
    vertex -133.21034240722656 -19.90369415283203 2
    vertex -131.25 -20 2
    vertex -131.25 -15 2
  endloop
endfacet
facet normal 0 0 0
  outer loop
    vertex -137.05569458007812 -19.13880729675293 2
    vertex -138.32095336914062 -13.228818893432617 2
    vertex -138.90367126464844 -18.477590560913086 2
  endloop
endfacet
facet normal 0 0 0
  outer loop
    vertex -138.90367126464844 -18.477590560913086 2
    vertex -139.58355712890625 -12.472043991088867 2
    vertex -140.6779327392578 -17.638425827026367 2
  endloop
endfacet
facet normal 0 0 0
  outer loop
    vertex -137.05569458007812 -19.13880729675293 2
    vertex -135.60426330566406 -14.354104995727539 2
    vertex -136.99024963378906 -13.858193397521973 2
  endloop
endfacet
facet normal 0 0 0
  outer loop
    vertex -137.05569458007812 -19.13880729675293 2
    vertex -136.99024963378906 -13.858193397521973 2
    vertex -138.32095336914062 -13.228818893432617 2
  endloop
endfacet
facet normal 0 0 0
  outer loop
    vertex -133.21034240722656 -19.90369415283203 2
    vertex -131.25 -15 2
    vertex -132.7202606201172 -14.927770614624023 2
  endloop
endfacet
facet normal 0 0 0
  outer loop
    vertex -133.21034240722656 -19.90369415283203 2
    vertex -132.7202606201172 -14.927770614624023 2
    vertex -134.17636108398438 -14.711779594421387 2
  endloop
endfacet
facet normal 0 0 0
  outer loop
    vertex -135.1518096923828 -19.615705490112305 2
    vertex -134.17636108398438 -14.711779594421387 2
    vertex -135.60426330566406 -14.354104995727539 2
  endloop
endfacet
facet normal 0 0 0
  outer loop
    vertex -142.3614044189453 -16.629392623901367 2
    vertex -142.84515380859375 -9.515899658203125 2
    vertex -143.9378662109375 -15.460208892822266 2
  endloop
endfacet
facet normal 0 0 0
  outer loop
    vertex -142.3614044189453 -16.629392623901367 2
    vertex -140.76589965820312 -11.5951566696167 2
    vertex -141.85659790039062 -10.60660171508789 2
  endloop
endfacet
facet normal 0 0 0
  outer loop
    vertex -143.9378662109375 -15.460208892822266 2
    vertex -144.47882080078125 -7.070950984954834 2
    vertex -145.3921356201172 -14.142135620117188 2
  endloop
endfacet
facet normal 0 0 0
  outer loop
    vertex -142.3614044189453 -16.629392623901367 2
    vertex -141.85659790039062 -10.60660171508789 2
    vertex -142.84515380859375 -9.515899658203125 2
  endloop
endfacet
facet normal 0 0 0
  outer loop
    vertex -146.710205078125 -12.687865257263184 2
    vertex -145.3921356201172 -14.142135620117188 2
    vertex -145.60411071777344 -4.354269981384277 2
  endloop
endfacet
facet normal 0 0 0
  outer loop
    vertex -143.9378662109375 -15.460208892822266 2
    vertex -143.7220458984375 -8.333553314208984 2
    vertex -144.47882080078125 -7.070950984954834 2
  endloop
endfacet
facet normal 0 0 0
  outer loop
    vertex -143.9378662109375 -15.460208892822266 2
    vertex -142.84515380859375 -9.515899658203125 2
    vertex -143.7220458984375 -8.333553314208984 2
  endloop
endfacet
facet normal 0 0 0
  outer loop
    vertex -138.90367126464844 -18.477590560913086 2
    vertex -138.32095336914062 -13.228818893432617 2
    vertex -139.58355712890625 -12.472043991088867 2
  endloop
endfacet
facet normal 0 0 0
  outer loop
    vertex -140.6779327392578 -17.638425827026367 2
    vertex -139.58355712890625 -12.472043991088867 2
    vertex -140.76589965820312 -11.5951566696167 2
  endloop
endfacet
facet normal 0 0 0
  outer loop
    vertex -131.25 -20 2
    vertex -129.28965759277344 -19.90369415283203 2
    vertex -128.32363891601562 -14.711779594421387 2
  endloop
endfacet
facet normal 0 0 0
  outer loop
    vertex -129.28965759277344 -19.90369415283203 2
    vertex -127.34819030761719 -19.615705490112305 2
    vertex -126.8957290649414 -14.354104995727539 2
  endloop
endfacet
facet normal 0 0 0
  outer loop
    vertex -127.34819030761719 -19.615705490112305 2
    vertex -125.44430541992188 -19.13880729675293 2
    vertex -125.50975036621094 -13.858193397521973 2
  endloop
endfacet
facet normal 0 0 0
  outer loop
    vertex -131.25 -20 2
    vertex -129.7797393798828 -14.927770614624023 2
    vertex -131.25 -15 2
  endloop
endfacet
facet normal 0 0 0
  outer loop
    vertex -131.25 -20 2
    vertex -128.32363891601562 -14.711779594421387 2
    vertex -129.7797393798828 -14.927770614624023 2
  endloop
endfacet
facet normal 0 0 0
  outer loop
    vertex -129.28965759277344 -19.90369415283203 2
    vertex -126.8957290649414 -14.354104995727539 2
    vertex -128.32363891601562 -14.711779594421387 2
  endloop
endfacet
facet normal 0 0 0
  outer loop
    vertex -127.34819030761719 -19.615705490112305 2
    vertex -125.50975036621094 -13.858193397521973 2
    vertex -126.8957290649414 -14.354104995727539 2
  endloop
endfacet
facet normal 0 0 0
  outer loop
    vertex -125.44430541992188 -19.13880729675293 2
    vertex -123.59632873535156 -18.477590560913086 2
    vertex -122.91644287109375 -12.472043991088867 2
  endloop
endfacet
facet normal 0 0 0
  outer loop
    vertex -125.44430541992188 -19.13880729675293 2
    vertex -124.17904663085938 -13.228818893432617 2
    vertex -125.50975036621094 -13.858193397521973 2
  endloop
endfacet
facet normal 0 0 0
  outer loop
    vertex -123.59632873535156 -18.477590560913086 2
    vertex -121.82206726074219 -17.638425827026367 2
    vertex -121.73410034179688 -11.5951566696167 2
  endloop
endfacet
facet normal 0 0 0
  outer loop
    vertex -125.44430541992188 -19.13880729675293 2
    vertex -122.91644287109375 -12.472043991088867 2
    vertex -124.17904663085938 -13.228818893432617 2
  endloop
endfacet
facet normal 0 0 0
  outer loop
    vertex -123.59632873535156 -18.477590560913086 2
    vertex -121.73410034179688 -11.5951566696167 2
    vertex -122.91644287109375 -12.472043991088867 2
  endloop
endfacet
facet normal 0 0 0
  outer loop
    vertex -121.82206726074219 -17.638425827026367 2
    vertex -120.64339447021484 -10.60660171508789 2
    vertex -121.73410034179688 -11.5951566696167 2
  endloop
endfacet
facet normal 0 0 0
  outer loop
    vertex -121.82206726074219 -17.638425827026367 2
    vertex -120.13859558105469 -16.629392623901367 2
    vertex -119.65484619140625 -9.515899658203125 2
  endloop
endfacet
facet normal 0 0 0
  outer loop
    vertex -121.82206726074219 -17.638425827026367 2
    vertex -119.65484619140625 -9.515899658203125 2
    vertex -120.64339447021484 -10.60660171508789 2
  endloop
endfacet
facet normal 0 0 0
  outer loop
    vertex -120.13859558105469 -16.629392623901367 2
    vertex -118.5621337890625 -15.460208892822266 2
    vertex -117.39180755615234 -5.740251541137695 2
  endloop
endfacet
facet normal 0 0 0
  outer loop
    vertex -120.13859558105469 -16.629392623901367 2
    vertex -118.7779541015625 -8.333553314208984 2
    vertex -119.65484619140625 -9.515899658203125 2
  endloop
endfacet
facet normal 0 0 0
  outer loop
    vertex -120.13859558105469 -16.629392623901367 2
    vertex -118.02117919921875 -7.070950984954834 2
    vertex -118.7779541015625 -8.333553314208984 2
  endloop
endfacet
facet normal 0 0 0
  outer loop
    vertex -145.3921356201172 -14.142135620117188 -2
    vertex -144.47882080078125 -7.070950984954834 -2
    vertex -143.7220458984375 -8.333553314208984 -2
  endloop
endfacet
facet normal 0 0 0
  outer loop
    vertex -145.3921356201172 -14.142135620117188 -2
    vertex -145.1082000732422 -5.740251541137695 -2
    vertex -144.47882080078125 -7.070950984954834 -2
  endloop
endfacet
facet normal 0 0 0
  outer loop
    vertex -146.710205078125 -12.687865257263184 -2
    vertex -145.60411071777344 -4.354269981384277 -2
    vertex -145.1082000732422 -5.740251541137695 -2
  endloop
endfacet
facet normal 0 0 0
  outer loop
    vertex -147.87939453125 -11.111404418945312 -2
    vertex -148.888427734375 -9.427934646606445 2
    vertex -148.888427734375 -9.427934646606445 -2
  endloop
endfacet
facet normal 0 0 0
  outer loop
    vertex -148.888427734375 -9.427934646606445 -2
    vertex -149.7275848388672 -7.6536688804626465 2
    vertex -149.7275848388672 -7.6536688804626465 -2
  endloop
endfacet
facet normal 0 0 0
  outer loop
    vertex -146.710205078125 -12.687865257263184 -2
    vertex -146.17776489257812 -1.4702571630477905 -2
    vertex -145.96177673339844 -2.9263548851013184 -2
  endloop
endfacet
facet normal 0 0 0
  outer loop
    vertex -146.710205078125 -12.687865257263184 -2
    vertex -145.96177673339844 -2.9263548851013184 -2
    vertex -145.60411071777344 -4.354269981384277 -2
  endloop
endfacet
facet normal 0 0 0
  outer loop
    vertex -149.7275848388672 -7.6536688804626465 -2
    vertex -150.38880920410156 -5.805693626403809 2
    vertex -150.38880920410156 -5.805693626403809 -2
  endloop
endfacet
facet normal 0 0 0
  outer loop
    vertex -148.888427734375 -9.427934646606445 -2
    vertex -148.888427734375 -9.427934646606445 2
    vertex -149.7275848388672 -7.6536688804626465 2
  endloop
endfacet
facet normal 0 0 0
  outer loop
    vertex -149.7275848388672 -7.6536688804626465 -2
    vertex -149.7275848388672 -7.6536688804626465 2
    vertex -150.38880920410156 -5.805693626403809 2
  endloop
endfacet
facet normal 0 0 0
  outer loop
    vertex -150.38880920410156 -5.805693626403809 -2
    vertex -150.38880920410156 -5.805693626403809 2
    vertex -150.86570739746094 -3.901806354522705 2
  endloop
endfacet
facet normal 0 0 0
  outer loop
    vertex -146.710205078125 -12.687865257263184 -2
    vertex -146.25 0 -2
    vertex -146.17776489257812 -1.4702571630477905 -2
  endloop
endfacet
facet normal 0 0 0
  outer loop
    vertex -148.888427734375 -9.427934646606445 -2
    vertex -149.7275848388672 -7.6536688804626465 -2
    vertex -148.888427734375 9.427934646606445 -2
  endloop
endfacet
facet normal 0 0 0
  outer loop
    vertex -147.87939453125 -11.111404418945312 -2
    vertex -148.888427734375 -9.427934646606445 -2
    vertex -147.87939453125 11.111404418945312 -2
  endloop
endfacet
facet normal 0 0 0
  outer loop
    vertex -146.710205078125 -12.687865257263184 -2
    vertex -147.87939453125 -11.111404418945312 -2
    vertex -146.710205078125 12.687865257263184 -2
  endloop
endfacet
facet normal 0 0 0
  outer loop
    vertex -150.38880920410156 -5.805693626403809 -2
    vertex -150.86570739746094 -3.901806354522705 2
    vertex -150.86570739746094 -3.901806354522705 -2
  endloop
endfacet
facet normal 0 0 0
  outer loop
    vertex -150.86570739746094 -3.901806354522705 -2
    vertex -151.15370178222656 -1.9603427648544312 2
    vertex -151.15370178222656 -1.9603427648544312 -2
  endloop
endfacet
facet normal 0 0 0
  outer loop
    vertex -149.7275848388672 -7.6536688804626465 -2
    vertex -150.38880920410156 -5.805693626403809 -2
    vertex -149.7275848388672 7.6536688804626465 -2
  endloop
endfacet
facet normal 0 0 0
  outer loop
    vertex -150.38880920410156 -5.805693626403809 -2
    vertex -150.86570739746094 -3.901806354522705 -2
    vertex -150.38880920410156 5.805693626403809 -2
  endloop
endfacet
facet normal 0 0 0
  outer loop
    vertex -150.86570739746094 -3.901806354522705 -2
    vertex -151.15370178222656 -1.9603427648544312 -2
    vertex -150.86570739746094 3.901806354522705 -2
  endloop
endfacet
facet normal 0 0 0
  outer loop
    vertex -151.15370178222656 -1.9603427648544312 -2
    vertex -151.25 0 2
    vertex -151.25 0 -2
  endloop
endfacet
facet normal 0 0 0
  outer loop
    vertex -150.86570739746094 -3.901806354522705 -2
    vertex -150.86570739746094 -3.901806354522705 2
    vertex -151.15370178222656 -1.9603427648544312 2
  endloop
endfacet
facet normal 0 0 0
  outer loop
    vertex -151.15370178222656 -1.9603427648544312 -2
    vertex -151.15370178222656 -1.9603427648544312 2
    vertex -151.25 0 2
  endloop
endfacet
facet normal 0 0 0
  outer loop
    vertex -117.10786437988281 -14.142135620117188 -2
    vertex -116.53822326660156 -2.9263548851013184 -2
    vertex -115.78978729248047 -12.687865257263184 -2
  endloop
endfacet
facet normal 0 0 0
  outer loop
    vertex -117.10786437988281 -14.142135620117188 -2
    vertex -118.02117919921875 -7.070950984954834 -2
    vertex -117.39180755615234 -5.740251541137695 -2
  endloop
endfacet
facet normal 0 0 0
  outer loop
    vertex -117.10786437988281 -14.142135620117188 -2
    vertex -117.39180755615234 -5.740251541137695 -2
    vertex -116.8958969116211 -4.354269981384277 -2
  endloop
endfacet
facet normal 0 0 0
  outer loop
    vertex -117.10786437988281 -14.142135620117188 -2
    vertex -116.8958969116211 -4.354269981384277 -2
    vertex -116.53822326660156 -2.9263548851013184 -2
  endloop
endfacet
facet normal 0 0 0
  outer loop
    vertex -115.78978729248047 -12.687865257263184 -2
    vertex -116.53822326660156 -2.9263548851013184 -2
    vertex -116.32222747802734 -1.4702571630477905 -2
  endloop
endfacet
facet normal 0 0 0
  outer loop
    vertex -115.78978729248047 -12.687865257263184 -2
    vertex -116.32222747802734 -1.4702571630477905 -2
    vertex -116.25 0 -2
  endloop
endfacet
facet normal 0 0 0
  outer loop
    vertex -114.62060546875 -11.111404418945312 -2
    vertex -113.67903137207031 8.054771423339844 -2
    vertex -114.5538330078125 -11 -2
  endloop
endfacet
facet normal 0 0 0
  outer loop
    vertex -115.78978729248047 -12.687865257263184 -2
    vertex -114.62060546875 11.111404418945312 -2
    vertex -114.62060546875 -11.111404418945312 -2
  endloop
endfacet
facet normal 0 0 0
  outer loop
    vertex -145.3921356201172 -14.142135620117188 2
    vertex -144.47882080078125 -7.070950984954834 2
    vertex -145.1082000732422 -5.740251541137695 2
  endloop
endfacet
facet normal 0 0 0
  outer loop
    vertex -145.3921356201172 -14.142135620117188 2
    vertex -145.1082000732422 -5.740251541137695 2
    vertex -145.60411071777344 -4.354269981384277 2
  endloop
endfacet
facet normal 0 0 0
  outer loop
    vertex -146.710205078125 -12.687865257263184 2
    vertex -145.96177673339844 -2.9263548851013184 2
    vertex -146.17776489257812 -1.4702571630477905 2
  endloop
endfacet
facet normal 0 0 0
  outer loop
    vertex -146.710205078125 -12.687865257263184 2
    vertex -145.60411071777344 -4.354269981384277 2
    vertex -145.96177673339844 -2.9263548851013184 2
  endloop
endfacet
facet normal 0 0 0
  outer loop
    vertex -146.710205078125 -12.687865257263184 2
    vertex -146.17776489257812 -1.4702571630477905 2
    vertex -146.25 0 2
  endloop
endfacet
facet normal 0 0 0
  outer loop
    vertex -148.888427734375 -9.427934646606445 2
    vertex -148.888427734375 9.427934646606445 2
    vertex -149.7275848388672 -7.6536688804626465 2
  endloop
endfacet
facet normal 0 0 0
  outer loop
    vertex -147.87939453125 -11.111404418945312 2
    vertex -147.87939453125 11.111404418945312 2
    vertex -148.888427734375 -9.427934646606445 2
  endloop
endfacet
facet normal 0 0 0
  outer loop
    vertex -146.710205078125 -12.687865257263184 2
    vertex -146.710205078125 12.687865257263184 2
    vertex -147.87939453125 -11.111404418945312 2
  endloop
endfacet
facet normal 0 0 0
  outer loop
    vertex -149.7275848388672 -7.6536688804626465 2
    vertex -149.7275848388672 7.6536688804626465 2
    vertex -150.38880920410156 -5.805693626403809 2
  endloop
endfacet
facet normal 0 0 0
  outer loop
    vertex -150.38880920410156 -5.805693626403809 2
    vertex -150.38880920410156 5.805693626403809 2
    vertex -150.86570739746094 -3.901806354522705 2
  endloop
endfacet
facet normal 0 0 0
  outer loop
    vertex -150.86570739746094 -3.901806354522705 2
    vertex -150.86570739746094 3.901806354522705 2
    vertex -151.15370178222656 -1.9603427648544312 2
  endloop
endfacet
facet normal 0 0 0
  outer loop
    vertex -120.13859558105469 -16.629392623901367 2
    vertex -117.39180755615234 -5.740251541137695 2
    vertex -118.02117919921875 -7.070950984954834 2
  endloop
endfacet
facet normal 0 0 0
  outer loop
    vertex -118.5621337890625 -15.460208892822266 2
    vertex -116.8958969116211 -4.354269981384277 2
    vertex -117.39180755615234 -5.740251541137695 2
  endloop
endfacet
facet normal 0 0 0
  outer loop
    vertex -118.5621337890625 -15.460208892822266 2
    vertex -117.10786437988281 -14.142135620117188 2
    vertex -113.67903137207031 8.054771423339844 2
  endloop
endfacet
facet normal 0 0 0
  outer loop
    vertex -117.10786437988281 -14.142135620117188 2
    vertex -115.78978729248047 -12.687865257263184 2
    vertex -113.67903137207031 8.054771423339844 2
  endloop
endfacet
facet normal 0 0 0
  outer loop
    vertex -115.78978729248047 -12.687865257263184 2
    vertex -114.62060546875 -11.111404418945312 2
    vertex -113.67903137207031 8.054771423339844 2
  endloop
endfacet
facet normal 0 0 0
  outer loop
    vertex -118.5621337890625 -15.460208892822266 2
    vertex -113.67903137207031 8.054771423339844 2
    vertex -116.8958969116211 -4.354269981384277 2
  endloop
endfacet
facet normal 0 0 0
  outer loop
    vertex -114.62060546875 -11.111404418945312 2
    vertex -114.5538330078125 -11 2
    vertex -113.67903137207031 8.054771423339844 2
  endloop
endfacet
facet normal 0 0 0
  outer loop
    vertex -151.15370178222656 -1.9603427648544312 -2
    vertex -151.25 0 -2
    vertex -151.15370178222656 1.9603427648544312 -2
  endloop
endfacet
facet normal 0 0 0
  outer loop
    vertex -146.710205078125 -12.687865257263184 -2
    vertex -146.710205078125 12.687865257263184 -2
    vertex -146.25 0 -2
  endloop
endfacet
facet normal 0 0 0
  outer loop
    vertex -151.15370178222656 -1.9603427648544312 -2
    vertex -151.15370178222656 1.9603427648544312 -2
    vertex -150.86570739746094 3.901806354522705 -2
  endloop
endfacet
facet normal 0 0 0
  outer loop
    vertex -150.86570739746094 -3.901806354522705 -2
    vertex -150.86570739746094 3.901806354522705 -2
    vertex -150.38880920410156 5.805693626403809 -2
  endloop
endfacet
facet normal 0 0 0
  outer loop
    vertex -151.25 0 -2
    vertex -151.15370178222656 1.9603427648544312 2
    vertex -151.15370178222656 1.9603427648544312 -2
  endloop
endfacet
facet normal 0 0 0
  outer loop
    vertex -150.38880920410156 -5.805693626403809 -2
    vertex -150.38880920410156 5.805693626403809 -2
    vertex -149.7275848388672 7.6536688804626465 -2
  endloop
endfacet
facet normal 0 0 0
  outer loop
    vertex -149.7275848388672 -7.6536688804626465 -2
    vertex -149.7275848388672 7.6536688804626465 -2
    vertex -148.888427734375 9.427934646606445 -2
  endloop
endfacet
facet normal 0 0 0
  outer loop
    vertex -148.888427734375 -9.427934646606445 -2
    vertex -148.888427734375 9.427934646606445 -2
    vertex -147.87939453125 11.111404418945312 -2
  endloop
endfacet
facet normal 0 0 0
  outer loop
    vertex -147.87939453125 -11.111404418945312 -2
    vertex -147.87939453125 11.111404418945312 -2
    vertex -146.710205078125 12.687865257263184 -2
  endloop
endfacet
facet normal 0 0 0
  outer loop
    vertex -146.25 0 -2
    vertex -146.710205078125 12.687865257263184 -2
    vertex -146.17776489257812 1.4702571630477905 -2
  endloop
endfacet
facet normal 0 0 0
  outer loop
    vertex -151.15370178222656 1.9603427648544312 -2
    vertex -150.86570739746094 3.901806354522705 2
    vertex -150.86570739746094 3.901806354522705 -2
  endloop
endfacet
facet normal 0 0 0
  outer loop
    vertex -151.25 0 -2
    vertex -151.25 0 2
    vertex -151.15370178222656 1.9603427648544312 2
  endloop
endfacet
facet normal 0 0 0
  outer loop
    vertex -151.15370178222656 1.9603427648544312 -2
    vertex -151.15370178222656 1.9603427648544312 2
    vertex -150.86570739746094 3.901806354522705 2
  endloop
endfacet
facet normal 0 0 0
  outer loop
    vertex -150.86570739746094 3.901806354522705 -2
    vertex -150.86570739746094 3.901806354522705 2
    vertex -150.38880920410156 5.805693626403809 2
  endloop
endfacet
facet normal 0 0 0
  outer loop
    vertex -146.17776489257812 1.4702571630477905 -2
    vertex -146.710205078125 12.687865257263184 -2
    vertex -145.96177673339844 2.9263548851013184 -2
  endloop
endfacet
facet normal 0 0 0
  outer loop
    vertex -145.96177673339844 2.9263548851013184 -2
    vertex -145.3921356201172 14.142135620117188 -2
    vertex -145.60411071777344 4.354269981384277 -2
  endloop
endfacet
facet normal 0 0 0
  outer loop
    vertex -150.86570739746094 3.901806354522705 -2
    vertex -150.38880920410156 5.805693626403809 2
    vertex -150.38880920410156 5.805693626403809 -2
  endloop
endfacet
facet normal 0 0 0
  outer loop
    vertex -150.38880920410156 5.805693626403809 -2
    vertex -149.7275848388672 7.6536688804626465 2
    vertex -149.7275848388672 7.6536688804626465 -2
  endloop
endfacet
facet normal 0 0 0
  outer loop
    vertex -145.60411071777344 4.354269981384277 -2
    vertex -145.3921356201172 14.142135620117188 -2
    vertex -145.1082000732422 5.740251541137695 -2
  endloop
endfacet
facet normal 0 0 0
  outer loop
    vertex -145.1082000732422 5.740251541137695 -2
    vertex -145.3921356201172 14.142135620117188 -2
    vertex -144.47882080078125 7.070950984954834 -2
  endloop
endfacet
facet normal 0 0 0
  outer loop
    vertex -145.96177673339844 2.9263548851013184 -2
    vertex -146.710205078125 12.687865257263184 -2
    vertex -145.3921356201172 14.142135620117188 -2
  endloop
endfacet
facet normal 0 0 0
  outer loop
    vertex -149.7275848388672 7.6536688804626465 -2
    vertex -148.888427734375 9.427934646606445 2
    vertex -148.888427734375 9.427934646606445 -2
  endloop
endfacet
facet normal 0 0 0
  outer loop
    vertex -150.38880920410156 5.805693626403809 -2
    vertex -150.38880920410156 5.805693626403809 2
    vertex -149.7275848388672 7.6536688804626465 2
  endloop
endfacet
facet normal 0 0 0
  outer loop
    vertex -149.7275848388672 7.6536688804626465 -2
    vertex -149.7275848388672 7.6536688804626465 2
    vertex -148.888427734375 9.427934646606445 2
  endloop
endfacet
facet normal 0 0 0
  outer loop
    vertex -148.888427734375 9.427934646606445 -2
    vertex -148.888427734375 9.427934646606445 2
    vertex -147.87939453125 11.111404418945312 2
  endloop
endfacet
facet normal 0 0 0
  outer loop
    vertex -115.78978729248047 -12.687865257263184 -2
    vertex -116.25 0 -2
    vertex -115.78978729248047 12.687865257263184 -2
  endloop
endfacet
facet normal 0 0 0
  outer loop
    vertex -114.5538330078125 -11 -2
    vertex -113.67903137207031 8.054771423339844 -2
    vertex -113.611572265625 8.043463706970215 -2
  endloop
endfacet
facet normal 0 0 0
  outer loop
    vertex -116.25 0 -2
    vertex -116.32222747802734 1.4702571630477905 -2
    vertex -115.78978729248047 12.687865257263184 -2
  endloop
endfacet
facet normal 0 0 0
  outer loop
    vertex -114.62060546875 -11.111404418945312 -2
    vertex -114.62060546875 11.111404418945312 -2
    vertex -113.67903137207031 8.054771423339844 -2
  endloop
endfacet
facet normal 0 0 0
  outer loop
    vertex -115.78978729248047 -12.687865257263184 -2
    vertex -115.78978729248047 12.687865257263184 -2
    vertex -114.62060546875 11.111404418945312 -2
  endloop
endfacet
facet normal 0 0 0
  outer loop
    vertex -116.32222747802734 1.4702571630477905 -2
    vertex -116.53822326660156 2.9263548851013184 -2
    vertex -115.78978729248047 12.687865257263184 -2
  endloop
endfacet
facet normal 0 0 0
  outer loop
    vertex -116.53822326660156 2.9263548851013184 -2
    vertex -116.8958969116211 4.354269981384277 -2
    vertex -115.78978729248047 12.687865257263184 -2
  endloop
endfacet
facet normal 0 0 0
  outer loop
    vertex -116.8958969116211 4.354269981384277 -2
    vertex -117.39180755615234 5.740251541137695 -2
    vertex -115.78978729248047 12.687865257263184 -2
  endloop
endfacet
facet normal 0 0 0
  outer loop
    vertex -117.39180755615234 5.740251541137695 -2
    vertex -118.02117919921875 7.070950984954834 -2
    vertex -117.10786437988281 14.142135620117188 -2
  endloop
endfacet
facet normal 0 0 0
  outer loop
    vertex -118.02117919921875 7.070950984954834 -2
    vertex -118.7779541015625 8.333553314208984 -2
    vertex -117.10786437988281 14.142135620117188 -2
  endloop
endfacet
facet normal 0 0 0
  outer loop
    vertex -151.15370178222656 -1.9603427648544312 2
    vertex -151.15370178222656 1.9603427648544312 2
    vertex -151.25 0 2
  endloop
endfacet
facet normal 0 0 0
  outer loop
    vertex -146.710205078125 -12.687865257263184 2
    vertex -146.25 0 2
    vertex -146.710205078125 12.687865257263184 2
  endloop
endfacet
facet normal 0 0 0
  outer loop
    vertex -151.15370178222656 -1.9603427648544312 2
    vertex -150.86570739746094 3.901806354522705 2
    vertex -151.15370178222656 1.9603427648544312 2
  endloop
endfacet
facet normal 0 0 0
  outer loop
    vertex -150.86570739746094 -3.901806354522705 2
    vertex -150.38880920410156 5.805693626403809 2
    vertex -150.86570739746094 3.901806354522705 2
  endloop
endfacet
facet normal 0 0 0
  outer loop
    vertex -150.38880920410156 -5.805693626403809 2
    vertex -149.7275848388672 7.6536688804626465 2
    vertex -150.38880920410156 5.805693626403809 2
  endloop
endfacet
facet normal 0 0 0
  outer loop
    vertex -149.7275848388672 -7.6536688804626465 2
    vertex -148.888427734375 9.427934646606445 2
    vertex -149.7275848388672 7.6536688804626465 2
  endloop
endfacet
facet normal 0 0 0
  outer loop
    vertex -148.888427734375 -9.427934646606445 2
    vertex -147.87939453125 11.111404418945312 2
    vertex -148.888427734375 9.427934646606445 2
  endloop
endfacet
facet normal 0 0 0
  outer loop
    vertex -147.87939453125 -11.111404418945312 2
    vertex -146.710205078125 12.687865257263184 2
    vertex -147.87939453125 11.111404418945312 2
  endloop
endfacet
facet normal 0 0 0
  outer loop
    vertex -146.25 0 2
    vertex -146.17776489257812 1.4702571630477905 2
    vertex -146.710205078125 12.687865257263184 2
  endloop
endfacet
facet normal 0 0 0
  outer loop
    vertex -146.17776489257812 1.4702571630477905 2
    vertex -145.96177673339844 2.9263548851013184 2
    vertex -146.710205078125 12.687865257263184 2
  endloop
endfacet
facet normal 0 0 0
  outer loop
    vertex -145.96177673339844 2.9263548851013184 2
    vertex -145.60411071777344 4.354269981384277 2
    vertex -146.710205078125 12.687865257263184 2
  endloop
endfacet
facet normal 0 0 0
  outer loop
    vertex -145.60411071777344 4.354269981384277 2
    vertex -145.1082000732422 5.740251541137695 2
    vertex -145.3921356201172 14.142135620117188 2
  endloop
endfacet
facet normal 0 0 0
  outer loop
    vertex -145.1082000732422 5.740251541137695 2
    vertex -144.47882080078125 7.070950984954834 2
    vertex -145.3921356201172 14.142135620117188 2
  endloop
endfacet
facet normal 0 0 0
  outer loop
    vertex -144.47882080078125 7.070950984954834 2
    vertex -143.7220458984375 8.333553314208984 2
    vertex -145.3921356201172 14.142135620117188 2
  endloop
endfacet
facet normal 0 0 0
  outer loop
    vertex -116.8958969116211 -4.354269981384277 2
    vertex -113.67903137207031 8.054771423339844 2
    vertex -116.53822326660156 -2.9263548851013184 2
  endloop
endfacet
facet normal 0 0 0
  outer loop
    vertex -116.53822326660156 -2.9263548851013184 2
    vertex -113.67903137207031 8.054771423339844 2
    vertex -116.32222747802734 -1.4702571630477905 2
  endloop
endfacet
facet normal 0 0 0
  outer loop
    vertex -116.32222747802734 -1.4702571630477905 2
    vertex -113.67903137207031 8.054771423339844 2
    vertex -116.25 0 2
  endloop
endfacet
facet normal 0 0 0
  outer loop
    vertex -116.25 0 2
    vertex -113.67903137207031 8.054771423339844 2
    vertex -116.32222747802734 1.4702571630477905 2
  endloop
endfacet
facet normal 0 0 0
  outer loop
    vertex -116.32222747802734 1.4702571630477905 2
    vertex -113.67903137207031 8.054771423339844 2
    vertex -116.53822326660156 2.9263548851013184 2
  endloop
endfacet
facet normal 0 0 0
  outer loop
    vertex -116.53822326660156 2.9263548851013184 2
    vertex -114.62060546875 8.212596893310547 2
    vertex -116.8958969116211 4.354269981384277 2
  endloop
endfacet
facet normal 0 0 0
  outer loop
    vertex -116.8958969116211 4.354269981384277 2
    vertex -114.62060546875 8.212596893310547 2
    vertex -117.39180755615234 5.740251541137695 2
  endloop
endfacet
facet normal 0 0 0
  outer loop
    vertex -117.39180755615234 5.740251541137695 2
    vertex -114.62060546875 8.212596893310547 2
    vertex -118.02117919921875 7.070950984954834 2
  endloop
endfacet
facet normal 0 0 0
  outer loop
    vertex -116.53822326660156 2.9263548851013184 2
    vertex -113.67903137207031 8.054771423339844 2
    vertex -114.62060546875 8.212596893310547 2
  endloop
endfacet
facet normal 0 0 0
  outer loop
    vertex -118.02117919921875 7.070950984954834 2
    vertex -114.62060546875 8.212596893310547 2
    vertex -118.7779541015625 8.333553314208984 2
  endloop
endfacet
facet normal 0 0 0
  outer loop
    vertex -118.7779541015625 8.333553314208984 2
    vertex -114.62060546875 8.212596893310547 2
    vertex -119.65484619140625 9.515899658203125 2
  endloop
endfacet
facet normal 0 0 0
  outer loop
    vertex -119.65484619140625 9.515899658203125 2
    vertex -114.62060546875 8.212596893310547 2
    vertex -120.64339447021484 10.60660171508789 2
  endloop
endfacet
facet normal 0 0 0
  outer loop
    vertex -144.47882080078125 7.070950984954834 -2
    vertex -143.9378662109375 15.460208892822266 -2
    vertex -143.7220458984375 8.333553314208984 -2
  endloop
endfacet
facet normal 0 0 0
  outer loop
    vertex -143.7220458984375 8.333553314208984 -2
    vertex -143.9378662109375 15.460208892822266 -2
    vertex -142.84515380859375 9.515899658203125 -2
  endloop
endfacet
facet normal 0 0 0
  outer loop
    vertex -144.47882080078125 7.070950984954834 -2
    vertex -145.3921356201172 14.142135620117188 -2
    vertex -143.9378662109375 15.460208892822266 -2
  endloop
endfacet
facet normal 0 0 0
  outer loop
    vertex -142.84515380859375 9.515899658203125 -2
    vertex -142.3614044189453 16.629392623901367 -2
    vertex -141.85659790039062 10.60660171508789 -2
  endloop
endfacet
facet normal 0 0 0
  outer loop
    vertex -148.888427734375 9.427934646606445 -2
    vertex -147.87939453125 11.111404418945312 2
    vertex -147.87939453125 11.111404418945312 -2
  endloop
endfacet
facet normal 0 0 0
  outer loop
    vertex -147.87939453125 11.111404418945312 -2
    vertex -146.710205078125 12.687865257263184 2
    vertex -146.710205078125 12.687865257263184 -2
  endloop
endfacet
facet normal 0 0 0
  outer loop
    vertex -141.85659790039062 10.60660171508789 -2
    vertex -140.6779327392578 17.638425827026367 -2
    vertex -140.76589965820312 11.5951566696167 -2
  endloop
endfacet
facet normal 0 0 0
  outer loop
    vertex -142.84515380859375 9.515899658203125 -2
    vertex -143.9378662109375 15.460208892822266 -2
    vertex -142.3614044189453 16.629392623901367 -2
  endloop
endfacet
facet normal 0 0 0
  outer loop
    vertex -141.85659790039062 10.60660171508789 -2
    vertex -142.3614044189453 16.629392623901367 -2
    vertex -140.6779327392578 17.638425827026367 -2
  endloop
endfacet
facet normal 0 0 0
  outer loop
    vertex -146.710205078125 12.687865257263184 -2
    vertex -145.3921356201172 14.142135620117188 2
    vertex -145.3921356201172 14.142135620117188 -2
  endloop
endfacet
facet normal 0 0 0
  outer loop
    vertex -140.76589965820312 11.5951566696167 -2
    vertex -140.6779327392578 17.638425827026367 -2
    vertex -139.58355712890625 12.472043991088867 -2
  endloop
endfacet
facet normal 0 0 0
  outer loop
    vertex -139.58355712890625 12.472043991088867 -2
    vertex -138.90367126464844 18.477590560913086 -2
    vertex -138.32095336914062 13.228818893432617 -2
  endloop
endfacet
facet normal 0 0 0
  outer loop
    vertex -147.87939453125 11.111404418945312 -2
    vertex -147.87939453125 11.111404418945312 2
    vertex -146.710205078125 12.687865257263184 2
  endloop
endfacet
facet normal 0 0 0
  outer loop
    vertex -146.710205078125 12.687865257263184 -2
    vertex -146.710205078125 12.687865257263184 2
    vertex -145.3921356201172 14.142135620117188 2
  endloop
endfacet
facet normal 0 0 0
  outer loop
    vertex -145.3921356201172 14.142135620117188 -2
    vertex -145.3921356201172 14.142135620117188 2
    vertex -143.9378662109375 15.460208892822266 2
  endloop
endfacet
facet normal 0 0 0
  outer loop
    vertex -145.3921356201172 14.142135620117188 -2
    vertex -143.9378662109375 15.460208892822266 2
    vertex -143.9378662109375 15.460208892822266 -2
  endloop
endfacet
facet normal 0 0 0
  outer loop
    vertex -143.9378662109375 15.460208892822266 -2
    vertex -142.3614044189453 16.629392623901367 2
    vertex -142.3614044189453 16.629392623901367 -2
  endloop
endfacet
facet normal 0 0 0
  outer loop
    vertex -142.3614044189453 16.629392623901367 -2
    vertex -140.6779327392578 17.638425827026367 2
    vertex -140.6779327392578 17.638425827026367 -2
  endloop
endfacet
facet normal 0 0 0
  outer loop
    vertex -139.58355712890625 12.472043991088867 -2
    vertex -140.6779327392578 17.638425827026367 -2
    vertex -138.90367126464844 18.477590560913086 -2
  endloop
endfacet
facet normal 0 0 0
  outer loop
    vertex -138.32095336914062 13.228818893432617 -2
    vertex -137.05569458007812 19.13880729675293 -2
    vertex -136.99024963378906 13.858193397521973 -2
  endloop
endfacet
facet normal 0 0 0
  outer loop
    vertex -136.99024963378906 13.858193397521973 -2
    vertex -137.05569458007812 19.13880729675293 -2
    vertex -135.60426330566406 14.354104995727539 -2
  endloop
endfacet
facet normal 0 0 0
  outer loop
    vertex -138.32095336914062 13.228818893432617 -2
    vertex -138.90367126464844 18.477590560913086 -2
    vertex -137.05569458007812 19.13880729675293 -2
  endloop
endfacet
facet normal 0 0 0
  outer loop
    vertex -135.60426330566406 14.354104995727539 -2
    vertex -135.1518096923828 19.615705490112305 -2
    vertex -134.17636108398438 14.711779594421387 -2
  endloop
endfacet
facet normal 0 0 0
  outer loop
    vertex -134.17636108398438 14.711779594421387 -2
    vertex -133.21034240722656 19.90369415283203 -2
    vertex -132.7202606201172 14.927770614624023 -2
  endloop
endfacet
facet normal 0 0 0
  outer loop
    vertex -132.7202606201172 14.927770614624023 -2
    vertex -131.25 20 -2
    vertex -131.25 15 -2
  endloop
endfacet
facet normal 0 0 0
  outer loop
    vertex -135.60426330566406 14.354104995727539 -2
    vertex -137.05569458007812 19.13880729675293 -2
    vertex -135.1518096923828 19.615705490112305 -2
  endloop
endfacet
facet normal 0 0 0
  outer loop
    vertex -134.17636108398438 14.711779594421387 -2
    vertex -135.1518096923828 19.615705490112305 -2
    vertex -133.21034240722656 19.90369415283203 -2
  endloop
endfacet
facet normal 0 0 0
  outer loop
    vertex -132.7202606201172 14.927770614624023 -2
    vertex -133.21034240722656 19.90369415283203 -2
    vertex -131.25 20 -2
  endloop
endfacet
facet normal 0 0 0
  outer loop
    vertex -140.6779327392578 17.638425827026367 -2
    vertex -138.90367126464844 18.477590560913086 2
    vertex -138.90367126464844 18.477590560913086 -2
  endloop
endfacet
facet normal 0 0 0
  outer loop
    vertex -138.90367126464844 18.477590560913086 -2
    vertex -137.05569458007812 19.13880729675293 2
    vertex -137.05569458007812 19.13880729675293 -2
  endloop
endfacet
facet normal 0 0 0
  outer loop
    vertex -137.05569458007812 19.13880729675293 -2
    vertex -135.1518096923828 19.615705490112305 2
    vertex -135.1518096923828 19.615705490112305 -2
  endloop
endfacet
facet normal 0 0 0
  outer loop
    vertex -135.1518096923828 19.615705490112305 -2
    vertex -133.21034240722656 19.90369415283203 2
    vertex -133.21034240722656 19.90369415283203 -2
  endloop
endfacet
facet normal 0 0 0
  outer loop
    vertex -133.21034240722656 19.90369415283203 -2
    vertex -131.25 20 2
    vertex -131.25 20 -2
  endloop
endfacet
facet normal 0 0 0
  outer loop
    vertex -143.9378662109375 15.460208892822266 -2
    vertex -143.9378662109375 15.460208892822266 2
    vertex -142.3614044189453 16.629392623901367 2
  endloop
endfacet
facet normal 0 0 0
  outer loop
    vertex -142.3614044189453 16.629392623901367 -2
    vertex -142.3614044189453 16.629392623901367 2
    vertex -140.6779327392578 17.638425827026367 2
  endloop
endfacet
facet normal 0 0 0
  outer loop
    vertex -140.6779327392578 17.638425827026367 -2
    vertex -140.6779327392578 17.638425827026367 2
    vertex -138.90367126464844 18.477590560913086 2
  endloop
endfacet
facet normal 0 0 0
  outer loop
    vertex -138.90367126464844 18.477590560913086 -2
    vertex -138.90367126464844 18.477590560913086 2
    vertex -137.05569458007812 19.13880729675293 2
  endloop
endfacet
facet normal 0 0 0
  outer loop
    vertex -137.05569458007812 19.13880729675293 -2
    vertex -137.05569458007812 19.13880729675293 2
    vertex -135.1518096923828 19.615705490112305 2
  endloop
endfacet
facet normal 0 0 0
  outer loop
    vertex -135.1518096923828 19.615705490112305 -2
    vertex -135.1518096923828 19.615705490112305 2
    vertex -133.21034240722656 19.90369415283203 2
  endloop
endfacet
facet normal 0 0 0
  outer loop
    vertex -133.21034240722656 19.90369415283203 -2
    vertex -133.21034240722656 19.90369415283203 2
    vertex -131.25 20 2
  endloop
endfacet
facet normal 0 0 0
  outer loop
    vertex -121.73410034179688 11.5951566696167 -2
    vertex -120.13859558105469 16.629392623901367 -2
    vertex -120.64339447021484 10.60660171508789 -2
  endloop
endfacet
facet normal 0 0 0
  outer loop
    vertex -121.73410034179688 11.5951566696167 -2
    vertex -122.91644287109375 12.472043991088867 -2
    vertex -120.13859558105469 16.629392623901367 -2
  endloop
endfacet
facet normal 0 0 0
  outer loop
    vertex -122.91644287109375 12.472043991088867 -2
    vertex -124.17904663085938 13.228818893432617 -2
    vertex -121.82206726074219 17.638425827026367 -2
  endloop
endfacet
facet normal 0 0 0
  outer loop
    vertex -118.7779541015625 8.333553314208984 -2
    vertex -119.65484619140625 9.515899658203125 -2
    vertex -118.5621337890625 15.460208892822266 -2
  endloop
endfacet
facet normal 0 0 0
  outer loop
    vertex -117.39180755615234 5.740251541137695 -2
    vertex -117.10786437988281 14.142135620117188 -2
    vertex -115.78978729248047 12.687865257263184 -2
  endloop
endfacet
facet normal 0 0 0
  outer loop
    vertex -119.65484619140625 9.515899658203125 -2
    vertex -120.64339447021484 10.60660171508789 -2
    vertex -118.5621337890625 15.460208892822266 -2
  endloop
endfacet
facet normal 0 0 0
  outer loop
    vertex -113.67903137207031 8.054771423339844 -2
    vertex -114.62060546875 11.111404418945312 -2
    vertex -114.5538330078125 11 -2
  endloop
endfacet
facet normal 0 0 0
  outer loop
    vertex -114.5538330078125 11 -2
    vertex -114.62060546875 11.111404418945312 -2
    vertex -114.5538330078125 11 2
  endloop
endfacet
facet normal 0 0 0
  outer loop
    vertex -114.62060546875 11.111404418945312 -2
    vertex -115.78978729248047 12.687865257263184 -2
    vertex -114.62060546875 11.111404418945312 2
  endloop
endfacet
facet normal 0 0 0
  outer loop
    vertex -118.7779541015625 8.333553314208984 -2
    vertex -118.5621337890625 15.460208892822266 -2
    vertex -117.10786437988281 14.142135620117188 -2
  endloop
endfacet
facet normal 0 0 0
  outer loop
    vertex -120.64339447021484 10.60660171508789 -2
    vertex -120.13859558105469 16.629392623901367 -2
    vertex -118.5621337890625 15.460208892822266 -2
  endloop
endfacet
facet normal 0 0 0
  outer loop
    vertex -115.78978729248047 12.687865257263184 -2
    vertex -117.10786437988281 14.142135620117188 -2
    vertex -115.78978729248047 12.687865257263184 2
  endloop
endfacet
facet normal 0 0 0
  outer loop
    vertex -117.10786437988281 14.142135620117188 -2
    vertex -118.5621337890625 15.460208892822266 -2
    vertex -117.10786437988281 14.142135620117188 2
  endloop
endfacet
facet normal 0 0 0
  outer loop
    vertex -114.62060546875 11.111404418945312 -2
    vertex -114.62060546875 11.111404418945312 2
    vertex -114.5538330078125 11 2
  endloop
endfacet
facet normal 0 0 0
  outer loop
    vertex -115.78978729248047 12.687865257263184 -2
    vertex -115.78978729248047 12.687865257263184 2
    vertex -114.62060546875 11.111404418945312 2
  endloop
endfacet
facet normal 0 0 0
  outer loop
    vertex -117.10786437988281 14.142135620117188 -2
    vertex -117.10786437988281 14.142135620117188 2
    vertex -115.78978729248047 12.687865257263184 2
  endloop
endfacet
facet normal 0 0 0
  outer loop
    vertex -126.8957290649414 14.354104995727539 -2
    vertex -125.44430541992188 19.13880729675293 -2
    vertex -125.50975036621094 13.858193397521973 -2
  endloop
endfacet
facet normal 0 0 0
  outer loop
    vertex -126.8957290649414 14.354104995727539 -2
    vertex -128.32363891601562 14.711779594421387 -2
    vertex -125.44430541992188 19.13880729675293 -2
  endloop
endfacet
facet normal 0 0 0
  outer loop
    vertex -131.25 15 -2
    vertex -129.28965759277344 19.90369415283203 -2
    vertex -129.7797393798828 14.927770614624023 -2
  endloop
endfacet
facet normal 0 0 0
  outer loop
    vertex -129.7797393798828 14.927770614624023 -2
    vertex -127.34819030761719 19.615705490112305 -2
    vertex -128.32363891601562 14.711779594421387 -2
  endloop
endfacet
facet normal 0 0 0
  outer loop
    vertex -124.17904663085938 13.228818893432617 -2
    vertex -125.50975036621094 13.858193397521973 -2
    vertex -123.59632873535156 18.477590560913086 -2
  endloop
endfacet
facet normal 0 0 0
  outer loop
    vertex -122.91644287109375 12.472043991088867 -2
    vertex -121.82206726074219 17.638425827026367 -2
    vertex -120.13859558105469 16.629392623901367 -2
  endloop
endfacet
facet normal 0 0 0
  outer loop
    vertex -125.50975036621094 13.858193397521973 -2
    vertex -125.44430541992188 19.13880729675293 -2
    vertex -123.59632873535156 18.477590560913086 -2
  endloop
endfacet
facet normal 0 0 0
  outer loop
    vertex -124.17904663085938 13.228818893432617 -2
    vertex -123.59632873535156 18.477590560913086 -2
    vertex -121.82206726074219 17.638425827026367 -2
  endloop
endfacet
facet normal 0 0 0
  outer loop
    vertex -131.25 15 -2
    vertex -131.25 20 -2
    vertex -129.28965759277344 19.90369415283203 -2
  endloop
endfacet
facet normal 0 0 0
  outer loop
    vertex -129.7797393798828 14.927770614624023 -2
    vertex -129.28965759277344 19.90369415283203 -2
    vertex -127.34819030761719 19.615705490112305 -2
  endloop
endfacet
facet normal 0 0 0
  outer loop
    vertex -128.32363891601562 14.711779594421387 -2
    vertex -127.34819030761719 19.615705490112305 -2
    vertex -125.44430541992188 19.13880729675293 -2
  endloop
endfacet
facet normal 0 0 0
  outer loop
    vertex -131.25 20 -2
    vertex -129.28965759277344 19.90369415283203 2
    vertex -129.28965759277344 19.90369415283203 -2
  endloop
endfacet
facet normal 0 0 0
  outer loop
    vertex -127.34819030761719 19.615705490112305 -2
    vertex -125.44430541992188 19.13880729675293 2
    vertex -125.44430541992188 19.13880729675293 -2
  endloop
endfacet
facet normal 0 0 0
  outer loop
    vertex -129.28965759277344 19.90369415283203 -2
    vertex -127.34819030761719 19.615705490112305 2
    vertex -127.34819030761719 19.615705490112305 -2
  endloop
endfacet
facet normal 0 0 0
  outer loop
    vertex -123.59632873535156 18.477590560913086 -2
    vertex -125.44430541992188 19.13880729675293 -2
    vertex -123.59632873535156 18.477590560913086 2
  endloop
endfacet
facet normal 0 0 0
  outer loop
    vertex -123.59632873535156 18.477590560913086 -2
    vertex -121.82206726074219 17.638425827026367 2
    vertex -121.82206726074219 17.638425827026367 -2
  endloop
endfacet
facet normal 0 0 0
  outer loop
    vertex -118.5621337890625 15.460208892822266 -2
    vertex -120.13859558105469 16.629392623901367 -2
    vertex -118.5621337890625 15.460208892822266 2
  endloop
endfacet
facet normal 0 0 0
  outer loop
    vertex -121.82206726074219 17.638425827026367 -2
    vertex -120.13859558105469 16.629392623901367 2
    vertex -120.13859558105469 16.629392623901367 -2
  endloop
endfacet
facet normal 0 0 0
  outer loop
    vertex -121.82206726074219 17.638425827026367 -2
    vertex -121.82206726074219 17.638425827026367 2
    vertex -120.13859558105469 16.629392623901367 2
  endloop
endfacet
facet normal 0 0 0
  outer loop
    vertex -131.25 20 -2
    vertex -131.25 20 2
    vertex -129.28965759277344 19.90369415283203 2
  endloop
endfacet
facet normal 0 0 0
  outer loop
    vertex -129.28965759277344 19.90369415283203 -2
    vertex -129.28965759277344 19.90369415283203 2
    vertex -127.34819030761719 19.615705490112305 2
  endloop
endfacet
facet normal 0 0 0
  outer loop
    vertex -127.34819030761719 19.615705490112305 -2
    vertex -127.34819030761719 19.615705490112305 2
    vertex -125.44430541992188 19.13880729675293 2
  endloop
endfacet
facet normal 0 0 0
  outer loop
    vertex -123.59632873535156 18.477590560913086 -2
    vertex -123.59632873535156 18.477590560913086 2
    vertex -121.82206726074219 17.638425827026367 2
  endloop
endfacet
facet normal 0 0 0
  outer loop
    vertex -125.44430541992188 19.13880729675293 -2
    vertex -125.44430541992188 19.13880729675293 2
    vertex -123.59632873535156 18.477590560913086 2
  endloop
endfacet
facet normal 0 0 0
  outer loop
    vertex -120.13859558105469 16.629392623901367 -2
    vertex -120.13859558105469 16.629392623901367 2
    vertex -118.5621337890625 15.460208892822266 2
  endloop
endfacet
facet normal 0 0 0
  outer loop
    vertex -118.5621337890625 15.460208892822266 -2
    vertex -118.5621337890625 15.460208892822266 2
    vertex -117.10786437988281 14.142135620117188 2
  endloop
endfacet
facet normal 0 0 0
  outer loop
    vertex -145.60411071777344 4.354269981384277 2
    vertex -145.3921356201172 14.142135620117188 2
    vertex -146.710205078125 12.687865257263184 2
  endloop
endfacet
facet normal 0 0 0
  outer loop
    vertex -143.7220458984375 8.333553314208984 2
    vertex -142.84515380859375 9.515899658203125 2
    vertex -143.9378662109375 15.460208892822266 2
  endloop
endfacet
facet normal 0 0 0
  outer loop
    vertex -142.84515380859375 9.515899658203125 2
    vertex -141.85659790039062 10.60660171508789 2
    vertex -143.9378662109375 15.460208892822266 2
  endloop
endfacet
facet normal 0 0 0
  outer loop
    vertex -143.7220458984375 8.333553314208984 2
    vertex -143.9378662109375 15.460208892822266 2
    vertex -145.3921356201172 14.142135620117188 2
  endloop
endfacet
facet normal 0 0 0
  outer loop
    vertex -141.85659790039062 10.60660171508789 2
    vertex -140.76589965820312 11.5951566696167 2
    vertex -142.3614044189453 16.629392623901367 2
  endloop
endfacet
facet normal 0 0 0
  outer loop
    vertex -141.85659790039062 10.60660171508789 2
    vertex -142.3614044189453 16.629392623901367 2
    vertex -143.9378662109375 15.460208892822266 2
  endloop
endfacet
facet normal 0 0 0
  outer loop
    vertex -140.76589965820312 11.5951566696167 2
    vertex -139.58355712890625 12.472043991088867 2
    vertex -140.6779327392578 17.638425827026367 2
  endloop
endfacet
facet normal 0 0 0
  outer loop
    vertex -139.58355712890625 12.472043991088867 2
    vertex -138.32095336914062 13.228818893432617 2
    vertex -140.6779327392578 17.638425827026367 2
  endloop
endfacet
facet normal 0 0 0
  outer loop
    vertex -140.76589965820312 11.5951566696167 2
    vertex -140.6779327392578 17.638425827026367 2
    vertex -142.3614044189453 16.629392623901367 2
  endloop
endfacet
facet normal 0 0 0
  outer loop
    vertex -138.32095336914062 13.228818893432617 2
    vertex -136.99024963378906 13.858193397521973 2
    vertex -138.90367126464844 18.477590560913086 2
  endloop
endfacet
facet normal 0 0 0
  outer loop
    vertex -136.99024963378906 13.858193397521973 2
    vertex -135.60426330566406 14.354104995727539 2
    vertex -137.05569458007812 19.13880729675293 2
  endloop
endfacet
facet normal 0 0 0
  outer loop
    vertex -138.32095336914062 13.228818893432617 2
    vertex -138.90367126464844 18.477590560913086 2
    vertex -140.6779327392578 17.638425827026367 2
  endloop
endfacet
facet normal 0 0 0
  outer loop
    vertex -136.99024963378906 13.858193397521973 2
    vertex -137.05569458007812 19.13880729675293 2
    vertex -138.90367126464844 18.477590560913086 2
  endloop
endfacet
facet normal 0 0 0
  outer loop
    vertex -135.60426330566406 14.354104995727539 2
    vertex -134.17636108398438 14.711779594421387 2
    vertex -137.05569458007812 19.13880729675293 2
  endloop
endfacet
facet normal 0 0 0
  outer loop
    vertex -134.17636108398438 14.711779594421387 2
    vertex -132.7202606201172 14.927770614624023 2
    vertex -135.1518096923828 19.615705490112305 2
  endloop
endfacet
facet normal 0 0 0
  outer loop
    vertex -132.7202606201172 14.927770614624023 2
    vertex -131.25 15 2
    vertex -133.21034240722656 19.90369415283203 2
  endloop
endfacet
facet normal 0 0 0
  outer loop
    vertex -134.17636108398438 14.711779594421387 2
    vertex -135.1518096923828 19.615705490112305 2
    vertex -137.05569458007812 19.13880729675293 2
  endloop
endfacet
facet normal 0 0 0
  outer loop
    vertex -132.7202606201172 14.927770614624023 2
    vertex -133.21034240722656 19.90369415283203 2
    vertex -135.1518096923828 19.615705490112305 2
  endloop
endfacet
facet normal 0 0 0
  outer loop
    vertex -131.25 15 2
    vertex -131.25 20 2
    vertex -133.21034240722656 19.90369415283203 2
  endloop
endfacet
facet normal 0 0 0
  outer loop
    vertex -114.62060546875 8.212596893310547 2
    vertex -131.25 20 2
    vertex -121.73410034179688 11.5951566696167 2
  endloop
endfacet
facet normal 0 0 0
  outer loop
    vertex -131.25 20 2
    vertex -122.91644287109375 12.472043991088867 2
    vertex -121.73410034179688 11.5951566696167 2
  endloop
endfacet
facet normal 0 0 0
  outer loop
    vertex -114.62060546875 8.212596893310547 2
    vertex -121.73410034179688 11.5951566696167 2
    vertex -120.64339447021484 10.60660171508789 2
  endloop
endfacet
facet normal 0 0 0
  outer loop
    vertex -114.62060546875 8.212596893310547 2
    vertex -115.78978729248047 12.687865257263184 2
    vertex -117.10786437988281 14.142135620117188 2
  endloop
endfacet
facet normal 0 0 0
  outer loop
    vertex -114.62060546875 8.212596893310547 2
    vertex -114.62060546875 11 2
    vertex -115.78978729248047 12.687865257263184 2
  endloop
endfacet
facet normal 0 0 0
  outer loop
    vertex -114.62060546875 11 2
    vertex -114.5538330078125 11 2
    vertex -114.62060546875 11.111404418945312 2
  endloop
endfacet
facet normal 0 0 0
  outer loop
    vertex -114.62060546875 11 2
    vertex -114.62060546875 11.111404418945312 2
    vertex -115.78978729248047 12.687865257263184 2
  endloop
endfacet
facet normal 0 0 0
  outer loop
    vertex -114.62060546875 8.212596893310547 2
    vertex -117.10786437988281 14.142135620117188 2
    vertex -118.5621337890625 15.460208892822266 2
  endloop
endfacet
facet normal 0 0 0
  outer loop
    vertex -114.62060546875 8.212596893310547 2
    vertex -118.5621337890625 15.460208892822266 2
    vertex -120.13859558105469 16.629392623901367 2
  endloop
endfacet
facet normal 0 0 0
  outer loop
    vertex -114.62060546875 8.212596893310547 2
    vertex -120.13859558105469 16.629392623901367 2
    vertex -121.82206726074219 17.638425827026367 2
  endloop
endfacet
facet normal 0 0 0
  outer loop
    vertex -114.62060546875 8.212596893310547 2
    vertex -121.82206726074219 17.638425827026367 2
    vertex -123.59632873535156 18.477590560913086 2
  endloop
endfacet
facet normal 0 0 0
  outer loop
    vertex -131.25 20 2
    vertex -124.17904663085938 13.228818893432617 2
    vertex -122.91644287109375 12.472043991088867 2
  endloop
endfacet
facet normal 0 0 0
  outer loop
    vertex -131.25 20 2
    vertex -126.8957290649414 14.354104995727539 2
    vertex -125.50975036621094 13.858193397521973 2
  endloop
endfacet
facet normal 0 0 0
  outer loop
    vertex -131.25 20 2
    vertex -125.50975036621094 13.858193397521973 2
    vertex -124.17904663085938 13.228818893432617 2
  endloop
endfacet
facet normal 0 0 0
  outer loop
    vertex -131.25 20 2
    vertex -129.7797393798828 14.927770614624023 2
    vertex -128.32363891601562 14.711779594421387 2
  endloop
endfacet
facet normal 0 0 0
  outer loop
    vertex -131.25 15 2
    vertex -129.7797393798828 14.927770614624023 2
    vertex -131.25 20 2
  endloop
endfacet
facet normal 0 0 0
  outer loop
    vertex -131.25 20 2
    vertex -128.32363891601562 14.711779594421387 2
    vertex -126.8957290649414 14.354104995727539 2
  endloop
endfacet
facet normal 0 0 0
  outer loop
    vertex -114.62060546875 8.212596893310547 2
    vertex -129.28965759277344 19.90369415283203 2
    vertex -131.25 20 2
  endloop
endfacet
facet normal 0 0 0
  outer loop
    vertex -114.62060546875 8.212596893310547 2
    vertex -127.34819030761719 19.615705490112305 2
    vertex -129.28965759277344 19.90369415283203 2
  endloop
endfacet
facet normal 0 0 0
  outer loop
    vertex -114.62060546875 8.212596893310547 2
    vertex -123.59632873535156 18.477590560913086 2
    vertex -125.44430541992188 19.13880729675293 2
  endloop
endfacet
facet normal 0 0 0
  outer loop
    vertex -114.62060546875 8.212596893310547 2
    vertex -125.44430541992188 19.13880729675293 2
    vertex -127.34819030761719 19.615705490112305 2
  endloop
endfacet
facet normal 0 0 0
  outer loop
    vertex -141.85659790039062 -10.60660171508789 -2
    vertex -141.85659790039062 -10.60660171508789 2
    vertex -140.76589965820312 -11.5951566696167 -2
  endloop
endfacet
facet normal 0 0 0
  outer loop
    vertex -136.99024963378906 -13.858193397521973 -2
    vertex -136.99024963378906 -13.858193397521973 2
    vertex -135.60426330566406 -14.354104995727539 -2
  endloop
endfacet
facet normal 0 0 0
  outer loop
    vertex -138.32095336914062 -13.228818893432617 -2
    vertex -139.58355712890625 -12.472043991088867 -2
    vertex -139.58355712890625 -12.472043991088867 2
  endloop
endfacet
facet normal 0 0 0
  outer loop
    vertex -136.99024963378906 -13.858193397521973 -2
    vertex -138.32095336914062 -13.228818893432617 -2
    vertex -138.32095336914062 -13.228818893432617 2
  endloop
endfacet
facet normal 0 0 0
  outer loop
    vertex -134.17636108398438 -14.711779594421387 -2
    vertex -135.60426330566406 -14.354104995727539 -2
    vertex -135.60426330566406 -14.354104995727539 2
  endloop
endfacet
facet normal 0 0 0
  outer loop
    vertex -134.17636108398438 -14.711779594421387 -2
    vertex -134.17636108398438 -14.711779594421387 2
    vertex -132.7202606201172 -14.927770614624023 -2
  endloop
endfacet
facet normal 0 0 0
  outer loop
    vertex -132.7202606201172 -14.927770614624023 -2
    vertex -132.7202606201172 -14.927770614624023 2
    vertex -131.25 -15 -2
  endloop
endfacet
facet normal 0 0 0
  outer loop
    vertex -139.58355712890625 -12.472043991088867 -2
    vertex -140.76589965820312 -11.5951566696167 -2
    vertex -140.76589965820312 -11.5951566696167 2
  endloop
endfacet
facet normal 0 0 0
  outer loop
    vertex -140.76589965820312 -11.5951566696167 -2
    vertex -141.85659790039062 -10.60660171508789 2
    vertex -140.76589965820312 -11.5951566696167 2
  endloop
endfacet
facet normal 0 0 0
  outer loop
    vertex -141.85659790039062 -10.60660171508789 -2
    vertex -142.84515380859375 -9.515899658203125 2
    vertex -141.85659790039062 -10.60660171508789 2
  endloop
endfacet
facet normal 0 0 0
  outer loop
    vertex -135.60426330566406 -14.354104995727539 -2
    vertex -136.99024963378906 -13.858193397521973 2
    vertex -135.60426330566406 -14.354104995727539 2
  endloop
endfacet
facet normal 0 0 0
  outer loop
    vertex -138.32095336914062 -13.228818893432617 -2
    vertex -139.58355712890625 -12.472043991088867 2
    vertex -138.32095336914062 -13.228818893432617 2
  endloop
endfacet
facet normal 0 0 0
  outer loop
    vertex -136.99024963378906 -13.858193397521973 -2
    vertex -138.32095336914062 -13.228818893432617 2
    vertex -136.99024963378906 -13.858193397521973 2
  endloop
endfacet
facet normal 0 0 0
  outer loop
    vertex -134.17636108398438 -14.711779594421387 -2
    vertex -135.60426330566406 -14.354104995727539 2
    vertex -134.17636108398438 -14.711779594421387 2
  endloop
endfacet
facet normal 0 0 0
  outer loop
    vertex -132.7202606201172 -14.927770614624023 -2
    vertex -134.17636108398438 -14.711779594421387 2
    vertex -132.7202606201172 -14.927770614624023 2
  endloop
endfacet
facet normal 0 0 0
  outer loop
    vertex -131.25 -15 -2
    vertex -132.7202606201172 -14.927770614624023 2
    vertex -131.25 -15 2
  endloop
endfacet
facet normal 0 0 0
  outer loop
    vertex -139.58355712890625 -12.472043991088867 -2
    vertex -140.76589965820312 -11.5951566696167 2
    vertex -139.58355712890625 -12.472043991088867 2
  endloop
endfacet
facet normal 0 0 0
  outer loop
    vertex -131.25 -15 -2
    vertex -131.25 -15 2
    vertex -129.7797393798828 -14.927770614624023 -2
  endloop
endfacet
facet normal 0 0 0
  outer loop
    vertex -129.7797393798828 -14.927770614624023 -2
    vertex -129.7797393798828 -14.927770614624023 2
    vertex -128.32363891601562 -14.711779594421387 -2
  endloop
endfacet
facet normal 0 0 0
  outer loop
    vertex -128.32363891601562 -14.711779594421387 -2
    vertex -128.32363891601562 -14.711779594421387 2
    vertex -126.8957290649414 -14.354104995727539 -2
  endloop
endfacet
facet normal 0 0 0
  outer loop
    vertex -126.8957290649414 -14.354104995727539 -2
    vertex -126.8957290649414 -14.354104995727539 2
    vertex -125.50975036621094 -13.858193397521973 -2
  endloop
endfacet
facet normal 0 0 0
  outer loop
    vertex -125.50975036621094 -13.858193397521973 -2
    vertex -125.50975036621094 -13.858193397521973 2
    vertex -124.17904663085938 -13.228818893432617 -2
  endloop
endfacet
facet normal 0 0 0
  outer loop
    vertex -124.17904663085938 -13.228818893432617 -2
    vertex -124.17904663085938 -13.228818893432617 2
    vertex -122.91644287109375 -12.472043991088867 -2
  endloop
endfacet
facet normal 0 0 0
  outer loop
    vertex -122.91644287109375 -12.472043991088867 -2
    vertex -122.91644287109375 -12.472043991088867 2
    vertex -121.73410034179688 -11.5951566696167 -2
  endloop
endfacet
facet normal 0 0 0
  outer loop
    vertex -121.73410034179688 -11.5951566696167 -2
    vertex -121.73410034179688 -11.5951566696167 2
    vertex -120.64339447021484 -10.60660171508789 -2
  endloop
endfacet
facet normal 0 0 0
  outer loop
    vertex -120.64339447021484 -10.60660171508789 -2
    vertex -120.64339447021484 -10.60660171508789 2
    vertex -119.65484619140625 -9.515899658203125 -2
  endloop
endfacet
facet normal 0 0 0
  outer loop
    vertex -129.7797393798828 -14.927770614624023 -2
    vertex -131.25 -15 2
    vertex -129.7797393798828 -14.927770614624023 2
  endloop
endfacet
facet normal 0 0 0
  outer loop
    vertex -128.32363891601562 -14.711779594421387 -2
    vertex -129.7797393798828 -14.927770614624023 2
    vertex -128.32363891601562 -14.711779594421387 2
  endloop
endfacet
facet normal 0 0 0
  outer loop
    vertex -126.8957290649414 -14.354104995727539 -2
    vertex -128.32363891601562 -14.711779594421387 2
    vertex -126.8957290649414 -14.354104995727539 2
  endloop
endfacet
facet normal 0 0 0
  outer loop
    vertex -125.50975036621094 -13.858193397521973 -2
    vertex -126.8957290649414 -14.354104995727539 2
    vertex -125.50975036621094 -13.858193397521973 2
  endloop
endfacet
facet normal 0 0 0
  outer loop
    vertex -124.17904663085938 -13.228818893432617 -2
    vertex -125.50975036621094 -13.858193397521973 2
    vertex -124.17904663085938 -13.228818893432617 2
  endloop
endfacet
facet normal 0 0 0
  outer loop
    vertex -122.91644287109375 -12.472043991088867 -2
    vertex -124.17904663085938 -13.228818893432617 2
    vertex -122.91644287109375 -12.472043991088867 2
  endloop
endfacet
facet normal 0 0 0
  outer loop
    vertex -121.73410034179688 -11.5951566696167 -2
    vertex -122.91644287109375 -12.472043991088867 2
    vertex -121.73410034179688 -11.5951566696167 2
  endloop
endfacet
facet normal 0 0 0
  outer loop
    vertex -120.64339447021484 -10.60660171508789 -2
    vertex -121.73410034179688 -11.5951566696167 2
    vertex -120.64339447021484 -10.60660171508789 2
  endloop
endfacet
facet normal 0 0 0
  outer loop
    vertex -141.85659790039062 -10.60660171508789 -2
    vertex -142.84515380859375 -9.515899658203125 -2
    vertex -142.84515380859375 -9.515899658203125 2
  endloop
endfacet
facet normal 0 0 0
  outer loop
    vertex -142.84515380859375 -9.515899658203125 -2
    vertex -143.7220458984375 -8.333553314208984 -2
    vertex -143.7220458984375 -8.333553314208984 2
  endloop
endfacet
facet normal 0 0 0
  outer loop
    vertex -143.7220458984375 -8.333553314208984 -2
    vertex -144.47882080078125 -7.070950984954834 -2
    vertex -144.47882080078125 -7.070950984954834 2
  endloop
endfacet
facet normal 0 0 0
  outer loop
    vertex -144.47882080078125 -7.070950984954834 -2
    vertex -145.1082000732422 -5.740251541137695 -2
    vertex -145.1082000732422 -5.740251541137695 2
  endloop
endfacet
facet normal 0 0 0
  outer loop
    vertex -142.84515380859375 -9.515899658203125 -2
    vertex -143.7220458984375 -8.333553314208984 2
    vertex -142.84515380859375 -9.515899658203125 2
  endloop
endfacet
facet normal 0 0 0
  outer loop
    vertex -143.7220458984375 -8.333553314208984 -2
    vertex -144.47882080078125 -7.070950984954834 2
    vertex -143.7220458984375 -8.333553314208984 2
  endloop
endfacet
facet normal 0 0 0
  outer loop
    vertex -144.47882080078125 -7.070950984954834 -2
    vertex -145.1082000732422 -5.740251541137695 2
    vertex -144.47882080078125 -7.070950984954834 2
  endloop
endfacet
facet normal 0 0 0
  outer loop
    vertex -145.1082000732422 -5.740251541137695 -2
    vertex -145.60411071777344 -4.354269981384277 2
    vertex -145.1082000732422 -5.740251541137695 2
  endloop
endfacet
facet normal 0 0 0
  outer loop
    vertex -145.1082000732422 -5.740251541137695 -2
    vertex -145.60411071777344 -4.354269981384277 -2
    vertex -145.60411071777344 -4.354269981384277 2
  endloop
endfacet
facet normal 0 0 0
  outer loop
    vertex -145.60411071777344 -4.354269981384277 -2
    vertex -145.96177673339844 -2.9263548851013184 -2
    vertex -145.96177673339844 -2.9263548851013184 2
  endloop
endfacet
facet normal 0 0 0
  outer loop
    vertex -146.17776489257812 -1.4702571630477905 -2
    vertex -146.25 0 -2
    vertex -146.25 0 2
  endloop
endfacet
facet normal 0 0 0
  outer loop
    vertex -145.96177673339844 -2.9263548851013184 -2
    vertex -146.17776489257812 -1.4702571630477905 -2
    vertex -146.17776489257812 -1.4702571630477905 2
  endloop
endfacet
facet normal 0 0 0
  outer loop
    vertex -145.60411071777344 -4.354269981384277 -2
    vertex -145.96177673339844 -2.9263548851013184 2
    vertex -145.60411071777344 -4.354269981384277 2
  endloop
endfacet
facet normal 0 0 0
  outer loop
    vertex -146.17776489257812 -1.4702571630477905 -2
    vertex -146.25 0 2
    vertex -146.17776489257812 -1.4702571630477905 2
  endloop
endfacet
facet normal 0 0 0
  outer loop
    vertex -145.96177673339844 -2.9263548851013184 -2
    vertex -146.17776489257812 -1.4702571630477905 2
    vertex -145.96177673339844 -2.9263548851013184 2
  endloop
endfacet
facet normal 0 0 0
  outer loop
    vertex -119.65484619140625 -9.515899658203125 -2
    vertex -119.65484619140625 -9.515899658203125 2
    vertex -118.7779541015625 -8.333553314208984 -2
  endloop
endfacet
facet normal 0 0 0
  outer loop
    vertex -118.7779541015625 -8.333553314208984 -2
    vertex -118.7779541015625 -8.333553314208984 2
    vertex -118.02117919921875 -7.070950984954834 -2
  endloop
endfacet
facet normal 0 0 0
  outer loop
    vertex -118.02117919921875 -7.070950984954834 -2
    vertex -118.02117919921875 -7.070950984954834 2
    vertex -117.39180755615234 -5.740251541137695 -2
  endloop
endfacet
facet normal 0 0 0
  outer loop
    vertex -117.39180755615234 -5.740251541137695 -2
    vertex -117.39180755615234 -5.740251541137695 2
    vertex -116.8958969116211 -4.354269981384277 -2
  endloop
endfacet
facet normal 0 0 0
  outer loop
    vertex -120.64339447021484 -10.60660171508789 2
    vertex -119.65484619140625 -9.515899658203125 2
    vertex -119.65484619140625 -9.515899658203125 -2
  endloop
endfacet
facet normal 0 0 0
  outer loop
    vertex -118.7779541015625 -8.333553314208984 -2
    vertex -119.65484619140625 -9.515899658203125 2
    vertex -118.7779541015625 -8.333553314208984 2
  endloop
endfacet
facet normal 0 0 0
  outer loop
    vertex -118.02117919921875 -7.070950984954834 -2
    vertex -118.7779541015625 -8.333553314208984 2
    vertex -118.02117919921875 -7.070950984954834 2
  endloop
endfacet
facet normal 0 0 0
  outer loop
    vertex -117.39180755615234 -5.740251541137695 -2
    vertex -118.02117919921875 -7.070950984954834 2
    vertex -117.39180755615234 -5.740251541137695 2
  endloop
endfacet
facet normal 0 0 0
  outer loop
    vertex -116.8958969116211 -4.354269981384277 -2
    vertex -116.8958969116211 -4.354269981384277 2
    vertex -116.53822326660156 -2.9263548851013184 -2
  endloop
endfacet
facet normal 0 0 0
  outer loop
    vertex -116.53822326660156 -2.9263548851013184 -2
    vertex -116.53822326660156 -2.9263548851013184 2
    vertex -116.32222747802734 -1.4702571630477905 -2
  endloop
endfacet
facet normal 0 0 0
  outer loop
    vertex -116.32222747802734 -1.4702571630477905 -2
    vertex -116.32222747802734 -1.4702571630477905 2
    vertex -116.25 0 -2
  endloop
endfacet
facet normal 0 0 0
  outer loop
    vertex -116.8958969116211 -4.354269981384277 -2
    vertex -117.39180755615234 -5.740251541137695 2
    vertex -116.8958969116211 -4.354269981384277 2
  endloop
endfacet
facet normal 0 0 0
  outer loop
    vertex -116.53822326660156 -2.9263548851013184 -2
    vertex -116.8958969116211 -4.354269981384277 2
    vertex -116.53822326660156 -2.9263548851013184 2
  endloop
endfacet
facet normal 0 0 0
  outer loop
    vertex -116.32222747802734 -1.4702571630477905 -2
    vertex -116.53822326660156 -2.9263548851013184 2
    vertex -116.32222747802734 -1.4702571630477905 2
  endloop
endfacet
facet normal 0 0 0
  outer loop
    vertex -116.32222747802734 -1.4702571630477905 2
    vertex -116.25 0 2
    vertex -116.25 0 -2
  endloop
endfacet
facet normal 0 0 0
  outer loop
    vertex -146.25 0 -2
    vertex -146.17776489257812 1.4702571630477905 -2
    vertex -146.17776489257812 1.4702571630477905 2
  endloop
endfacet
facet normal 0 0 0
  outer loop
    vertex -146.17776489257812 1.4702571630477905 -2
    vertex -145.96177673339844 2.9263548851013184 -2
    vertex -145.96177673339844 2.9263548851013184 2
  endloop
endfacet
facet normal 0 0 0
  outer loop
    vertex -145.96177673339844 2.9263548851013184 -2
    vertex -145.60411071777344 4.354269981384277 -2
    vertex -145.60411071777344 4.354269981384277 2
  endloop
endfacet
facet normal 0 0 0
  outer loop
    vertex -146.25 0 -2
    vertex -146.17776489257812 1.4702571630477905 2
    vertex -146.25 0 2
  endloop
endfacet
facet normal 0 0 0
  outer loop
    vertex -146.17776489257812 1.4702571630477905 -2
    vertex -145.96177673339844 2.9263548851013184 2
    vertex -146.17776489257812 1.4702571630477905 2
  endloop
endfacet
facet normal 0 0 0
  outer loop
    vertex -145.96177673339844 2.9263548851013184 -2
    vertex -145.60411071777344 4.354269981384277 2
    vertex -145.96177673339844 2.9263548851013184 2
  endloop
endfacet
facet normal 0 0 0
  outer loop
    vertex -145.60411071777344 4.354269981384277 -2
    vertex -145.1082000732422 5.740251541137695 2
    vertex -145.60411071777344 4.354269981384277 2
  endloop
endfacet
facet normal 0 0 0
  outer loop
    vertex -145.60411071777344 4.354269981384277 -2
    vertex -145.1082000732422 5.740251541137695 -2
    vertex -145.1082000732422 5.740251541137695 2
  endloop
endfacet
facet normal 0 0 0
  outer loop
    vertex -145.1082000732422 5.740251541137695 -2
    vertex -144.47882080078125 7.070950984954834 -2
    vertex -144.47882080078125 7.070950984954834 2
  endloop
endfacet
facet normal 0 0 0
  outer loop
    vertex -144.47882080078125 7.070950984954834 -2
    vertex -143.7220458984375 8.333553314208984 -2
    vertex -143.7220458984375 8.333553314208984 2
  endloop
endfacet
facet normal 0 0 0
  outer loop
    vertex -143.7220458984375 8.333553314208984 -2
    vertex -142.84515380859375 9.515899658203125 -2
    vertex -142.84515380859375 9.515899658203125 2
  endloop
endfacet
facet normal 0 0 0
  outer loop
    vertex -145.1082000732422 5.740251541137695 -2
    vertex -144.47882080078125 7.070950984954834 2
    vertex -145.1082000732422 5.740251541137695 2
  endloop
endfacet
facet normal 0 0 0
  outer loop
    vertex -144.47882080078125 7.070950984954834 -2
    vertex -143.7220458984375 8.333553314208984 2
    vertex -144.47882080078125 7.070950984954834 2
  endloop
endfacet
facet normal 0 0 0
  outer loop
    vertex -143.7220458984375 8.333553314208984 -2
    vertex -142.84515380859375 9.515899658203125 2
    vertex -143.7220458984375 8.333553314208984 2
  endloop
endfacet
facet normal 0 0 0
  outer loop
    vertex -142.84515380859375 9.515899658203125 -2
    vertex -141.85659790039062 10.60660171508789 2
    vertex -142.84515380859375 9.515899658203125 2
  endloop
endfacet
facet normal 0 0 0
  outer loop
    vertex -116.25 0 -2
    vertex -116.25 0 2
    vertex -116.32222747802734 1.4702571630477905 -2
  endloop
endfacet
facet normal 0 0 0
  outer loop
    vertex -116.32222747802734 1.4702571630477905 -2
    vertex -116.32222747802734 1.4702571630477905 2
    vertex -116.53822326660156 2.9263548851013184 -2
  endloop
endfacet
facet normal 0 0 0
  outer loop
    vertex -116.53822326660156 2.9263548851013184 -2
    vertex -116.53822326660156 2.9263548851013184 2
    vertex -116.8958969116211 4.354269981384277 -2
  endloop
endfacet
facet normal 0 0 0
  outer loop
    vertex -116.8958969116211 4.354269981384277 -2
    vertex -116.8958969116211 4.354269981384277 2
    vertex -117.39180755615234 5.740251541137695 -2
  endloop
endfacet
facet normal 0 0 0
  outer loop
    vertex -116.32222747802734 1.4702571630477905 -2
    vertex -116.25 0 2
    vertex -116.32222747802734 1.4702571630477905 2
  endloop
endfacet
facet normal 0 0 0
  outer loop
    vertex -116.53822326660156 2.9263548851013184 -2
    vertex -116.32222747802734 1.4702571630477905 2
    vertex -116.53822326660156 2.9263548851013184 2
  endloop
endfacet
facet normal 0 0 0
  outer loop
    vertex -116.8958969116211 4.354269981384277 -2
    vertex -116.53822326660156 2.9263548851013184 2
    vertex -116.8958969116211 4.354269981384277 2
  endloop
endfacet
facet normal 0 0 0
  outer loop
    vertex -117.39180755615234 5.740251541137695 -2
    vertex -117.39180755615234 5.740251541137695 2
    vertex -118.02117919921875 7.070950984954834 -2
  endloop
endfacet
facet normal 0 0 0
  outer loop
    vertex -118.02117919921875 7.070950984954834 -2
    vertex -118.02117919921875 7.070950984954834 2
    vertex -118.7779541015625 8.333553314208984 -2
  endloop
endfacet
facet normal 0 0 0
  outer loop
    vertex -118.7779541015625 8.333553314208984 -2
    vertex -118.7779541015625 8.333553314208984 2
    vertex -119.65484619140625 9.515899658203125 -2
  endloop
endfacet
facet normal 0 0 0
  outer loop
    vertex -119.65484619140625 9.515899658203125 -2
    vertex -119.65484619140625 9.515899658203125 2
    vertex -120.64339447021484 10.60660171508789 -2
  endloop
endfacet
facet normal 0 0 0
  outer loop
    vertex -117.39180755615234 5.740251541137695 -2
    vertex -116.8958969116211 4.354269981384277 2
    vertex -117.39180755615234 5.740251541137695 2
  endloop
endfacet
facet normal 0 0 0
  outer loop
    vertex -118.02117919921875 7.070950984954834 -2
    vertex -117.39180755615234 5.740251541137695 2
    vertex -118.02117919921875 7.070950984954834 2
  endloop
endfacet
facet normal 0 0 0
  outer loop
    vertex -118.7779541015625 8.333553314208984 -2
    vertex -118.02117919921875 7.070950984954834 2
    vertex -118.7779541015625 8.333553314208984 2
  endloop
endfacet
facet normal 0 0 0
  outer loop
    vertex -119.65484619140625 9.515899658203125 -2
    vertex -118.7779541015625 8.333553314208984 2
    vertex -119.65484619140625 9.515899658203125 2
  endloop
endfacet
facet normal 0 0 0
  outer loop
    vertex -142.84515380859375 9.515899658203125 -2
    vertex -141.85659790039062 10.60660171508789 -2
    vertex -141.85659790039062 10.60660171508789 2
  endloop
endfacet
facet normal 0 0 0
  outer loop
    vertex -141.85659790039062 10.60660171508789 -2
    vertex -140.76589965820312 11.5951566696167 -2
    vertex -140.76589965820312 11.5951566696167 2
  endloop
endfacet
facet normal 0 0 0
  outer loop
    vertex -140.76589965820312 11.5951566696167 -2
    vertex -139.58355712890625 12.472043991088867 -2
    vertex -139.58355712890625 12.472043991088867 2
  endloop
endfacet
facet normal 0 0 0
  outer loop
    vertex -139.58355712890625 12.472043991088867 -2
    vertex -138.32095336914062 13.228818893432617 -2
    vertex -138.32095336914062 13.228818893432617 2
  endloop
endfacet
facet normal 0 0 0
  outer loop
    vertex -138.32095336914062 13.228818893432617 -2
    vertex -136.99024963378906 13.858193397521973 -2
    vertex -136.99024963378906 13.858193397521973 2
  endloop
endfacet
facet normal 0 0 0
  outer loop
    vertex -136.99024963378906 13.858193397521973 -2
    vertex -135.60426330566406 14.354104995727539 -2
    vertex -135.60426330566406 14.354104995727539 2
  endloop
endfacet
facet normal 0 0 0
  outer loop
    vertex -135.60426330566406 14.354104995727539 -2
    vertex -134.17636108398438 14.711779594421387 -2
    vertex -134.17636108398438 14.711779594421387 2
  endloop
endfacet
facet normal 0 0 0
  outer loop
    vertex -134.17636108398438 14.711779594421387 -2
    vertex -132.7202606201172 14.927770614624023 -2
    vertex -132.7202606201172 14.927770614624023 2
  endloop
endfacet
facet normal 0 0 0
  outer loop
    vertex -132.7202606201172 14.927770614624023 -2
    vertex -131.25 15 -2
    vertex -131.25 15 2
  endloop
endfacet
facet normal 0 0 0
  outer loop
    vertex -141.85659790039062 10.60660171508789 -2
    vertex -140.76589965820312 11.5951566696167 2
    vertex -141.85659790039062 10.60660171508789 2
  endloop
endfacet
facet normal 0 0 0
  outer loop
    vertex -140.76589965820312 11.5951566696167 -2
    vertex -139.58355712890625 12.472043991088867 2
    vertex -140.76589965820312 11.5951566696167 2
  endloop
endfacet
facet normal 0 0 0
  outer loop
    vertex -139.58355712890625 12.472043991088867 -2
    vertex -138.32095336914062 13.228818893432617 2
    vertex -139.58355712890625 12.472043991088867 2
  endloop
endfacet
facet normal 0 0 0
  outer loop
    vertex -138.32095336914062 13.228818893432617 -2
    vertex -136.99024963378906 13.858193397521973 2
    vertex -138.32095336914062 13.228818893432617 2
  endloop
endfacet
facet normal 0 0 0
  outer loop
    vertex -136.99024963378906 13.858193397521973 -2
    vertex -135.60426330566406 14.354104995727539 2
    vertex -136.99024963378906 13.858193397521973 2
  endloop
endfacet
facet normal 0 0 0
  outer loop
    vertex -135.60426330566406 14.354104995727539 -2
    vertex -134.17636108398438 14.711779594421387 2
    vertex -135.60426330566406 14.354104995727539 2
  endloop
endfacet
facet normal 0 0 0
  outer loop
    vertex -134.17636108398438 14.711779594421387 -2
    vertex -132.7202606201172 14.927770614624023 2
    vertex -134.17636108398438 14.711779594421387 2
  endloop
endfacet
facet normal 0 0 0
  outer loop
    vertex -132.7202606201172 14.927770614624023 -2
    vertex -131.25 15 2
    vertex -132.7202606201172 14.927770614624023 2
  endloop
endfacet
facet normal 0 0 0
  outer loop
    vertex -121.73410034179688 11.5951566696167 -2
    vertex -120.64339447021484 10.60660171508789 -2
    vertex -120.64339447021484 10.60660171508789 2
  endloop
endfacet
facet normal 0 0 0
  outer loop
    vertex -121.73410034179688 11.5951566696167 -2
    vertex -121.73410034179688 11.5951566696167 2
    vertex -122.91644287109375 12.472043991088867 -2
  endloop
endfacet
facet normal 0 0 0
  outer loop
    vertex -131.25 15 -2
    vertex -129.7797393798828 14.927770614624023 -2
    vertex -129.7797393798828 14.927770614624023 2
  endloop
endfacet
facet normal 0 0 0
  outer loop
    vertex -129.7797393798828 14.927770614624023 -2
    vertex -128.32363891601562 14.711779594421387 -2
    vertex -128.32363891601562 14.711779594421387 2
  endloop
endfacet
facet normal 0 0 0
  outer loop
    vertex -126.8957290649414 14.354104995727539 -2
    vertex -125.50975036621094 13.858193397521973 -2
    vertex -125.50975036621094 13.858193397521973 2
  endloop
endfacet
facet normal 0 0 0
  outer loop
    vertex -126.8957290649414 14.354104995727539 -2
    vertex -126.8957290649414 14.354104995727539 2
    vertex -128.32363891601562 14.711779594421387 -2
  endloop
endfacet
facet normal 0 0 0
  outer loop
    vertex -122.91644287109375 12.472043991088867 -2
    vertex -122.91644287109375 12.472043991088867 2
    vertex -124.17904663085938 13.228818893432617 -2
  endloop
endfacet
facet normal 0 0 0
  outer loop
    vertex -124.17904663085938 13.228818893432617 -2
    vertex -124.17904663085938 13.228818893432617 2
    vertex -125.50975036621094 13.858193397521973 -2
  endloop
endfacet
facet normal 0 0 0
  outer loop
    vertex -121.73410034179688 11.5951566696167 -2
    vertex -120.64339447021484 10.60660171508789 2
    vertex -121.73410034179688 11.5951566696167 2
  endloop
endfacet
facet normal 0 0 0
  outer loop
    vertex -122.91644287109375 12.472043991088867 -2
    vertex -121.73410034179688 11.5951566696167 2
    vertex -122.91644287109375 12.472043991088867 2
  endloop
endfacet
facet normal 0 0 0
  outer loop
    vertex -131.25 15 -2
    vertex -129.7797393798828 14.927770614624023 2
    vertex -131.25 15 2
  endloop
endfacet
facet normal 0 0 0
  outer loop
    vertex -129.7797393798828 14.927770614624023 -2
    vertex -128.32363891601562 14.711779594421387 2
    vertex -129.7797393798828 14.927770614624023 2
  endloop
endfacet
facet normal 0 0 0
  outer loop
    vertex -126.8957290649414 14.354104995727539 -2
    vertex -125.50975036621094 13.858193397521973 2
    vertex -126.8957290649414 14.354104995727539 2
  endloop
endfacet
facet normal 0 0 0
  outer loop
    vertex -128.32363891601562 14.711779594421387 -2
    vertex -126.8957290649414 14.354104995727539 2
    vertex -128.32363891601562 14.711779594421387 2
  endloop
endfacet
facet normal 0 0 0
  outer loop
    vertex -124.17904663085938 13.228818893432617 -2
    vertex -122.91644287109375 12.472043991088867 2
    vertex -124.17904663085938 13.228818893432617 2
  endloop
endfacet
facet normal 0 0 0
  outer loop
    vertex -125.50975036621094 13.858193397521973 -2
    vertex -124.17904663085938 13.228818893432617 2
    vertex -125.50975036621094 13.858193397521973 2
  endloop
endfacet
facet normal 0 0 0
  outer loop
    vertex -119.65484619140625 9.515899658203125 2
    vertex -120.64339447021484 10.60660171508789 2
    vertex -120.64339447021484 10.60660171508789 -2
  endloop
endfacet
facet normal 0 0 0
  outer loop
    vertex -75.9639663696289 -8.819212913513184 1
    vertex -75.9639663696289 -8.819212913513184 2
    vertex -75.07683563232422 -9.238795280456543 1
  endloop
endfacet
facet normal 0 0 0
  outer loop
    vertex -75.07683563232422 -9.238795280456543 1
    vertex -75.9639663696289 -8.819212913513184 2
    vertex -75.07683563232422 -9.238795280456543 2
  endloop
endfacet
facet normal 0 0 0
  outer loop
    vertex -75.9639663696289 -8.819212913513184 1
    vertex -76.80570220947266 -8.314696311950684 1
    vertex -76.80570220947266 -8.314696311950684 2
  endloop
endfacet
facet normal 0 0 0
  outer loop
    vertex -76.80570220947266 -8.314696311950684 1
    vertex -77.59393310546875 -7.730104446411133 1
    vertex -77.59393310546875 -7.730104446411133 2
  endloop
endfacet
facet normal 0 0 0
  outer loop
    vertex -77.59393310546875 -7.730104446411133 1
    vertex -78.3210678100586 -7.071067810058594 2
    vertex -77.59393310546875 -7.730104446411133 2
  endloop
endfacet
facet normal 0 0 0
  outer loop
    vertex -75.9639663696289 -8.819212913513184 1
    vertex -76.80570220947266 -8.314696311950684 2
    vertex -75.9639663696289 -8.819212913513184 2
  endloop
endfacet
facet normal 0 0 0
  outer loop
    vertex -76.80570220947266 -8.314696311950684 1
    vertex -77.59393310546875 -7.730104446411133 2
    vertex -76.80570220947266 -8.314696311950684 2
  endloop
endfacet
facet normal 0 0 0
  outer loop
    vertex -74.15284729003906 -9.569403648376465 1
    vertex -74.15284729003906 -9.569403648376465 2
    vertex -73.2009048461914 -9.807852745056152 1
  endloop
endfacet
facet normal 0 0 0
  outer loop
    vertex -73.2009048461914 -9.807852745056152 1
    vertex -73.2009048461914 -9.807852745056152 2
    vertex -72.23017120361328 -9.951847076416016 1
  endloop
endfacet
facet normal 0 0 0
  outer loop
    vertex -74.15284729003906 -9.569403648376465 1
    vertex -75.07683563232422 -9.238795280456543 1
    vertex -75.07683563232422 -9.238795280456543 2
  endloop
endfacet
facet normal 0 0 0
  outer loop
    vertex -72.23017120361328 -9.951847076416016 1
    vertex -72.23017120361328 -9.951847076416016 2
    vertex -71.25 -10 1
  endloop
endfacet
facet normal 0 0 0
  outer loop
    vertex -71.25 -10 1
    vertex -71.25 -10 2
    vertex -70.26982879638672 -9.951847076416016 1
  endloop
endfacet
facet normal 0 0 0
  outer loop
    vertex -74.15284729003906 -9.569403648376465 1
    vertex -75.07683563232422 -9.238795280456543 2
    vertex -74.15284729003906 -9.569403648376465 2
  endloop
endfacet
facet normal 0 0 0
  outer loop
    vertex -73.2009048461914 -9.807852745056152 1
    vertex -74.15284729003906 -9.569403648376465 2
    vertex -73.2009048461914 -9.807852745056152 2
  endloop
endfacet
facet normal 0 0 0
  outer loop
    vertex -72.23017120361328 -9.951847076416016 1
    vertex -73.2009048461914 -9.807852745056152 2
    vertex -72.23017120361328 -9.951847076416016 2
  endloop
endfacet
facet normal 0 0 0
  outer loop
    vertex -71.25 -10 1
    vertex -72.23017120361328 -9.951847076416016 2
    vertex -71.25 -10 2
  endloop
endfacet
facet normal 0 0 0
  outer loop
    vertex -70.26982879638672 -9.951847076416016 1
    vertex -71.25 -10 2
    vertex -70.26982879638672 -9.951847076416016 2
  endloop
endfacet
facet normal 0 0 0
  outer loop
    vertex -77.59393310546875 -7.730104446411133 1
    vertex -78.3210678100586 -7.071067810058594 1
    vertex -78.3210678100586 -7.071067810058594 2
  endloop
endfacet
facet normal 0 0 0
  outer loop
    vertex -78.3210678100586 -7.071067810058594 1
    vertex -78.9801025390625 -6.343932628631592 1
    vertex -78.9801025390625 -6.343932628631592 2
  endloop
endfacet
facet normal 0 0 0
  outer loop
    vertex -78.3210678100586 -7.071067810058594 1
    vertex -78.9801025390625 -6.343932628631592 2
    vertex -78.3210678100586 -7.071067810058594 2
  endloop
endfacet
facet normal 0 0 0
  outer loop
    vertex -78.9801025390625 -6.343932628631592 1
    vertex -79.564697265625 -5.555702209472656 1
    vertex -79.564697265625 -5.555702209472656 2
  endloop
endfacet
facet normal 0 0 0
  outer loop
    vertex -78.9801025390625 -6.343932628631592 1
    vertex -79.564697265625 -5.555702209472656 2
    vertex -78.9801025390625 -6.343932628631592 2
  endloop
endfacet
facet normal 0 0 0
  outer loop
    vertex -79.564697265625 -5.555702209472656 1
    vertex -80.0692138671875 -4.713967323303223 2
    vertex -79.564697265625 -5.555702209472656 2
  endloop
endfacet
facet normal 0 0 0
  outer loop
    vertex -80.4887924194336 -3.8268344402313232 1
    vertex -80.4887924194336 -3.8268344402313232 2
    vertex -80.0692138671875 -4.713967323303223 1
  endloop
endfacet
facet normal 0 0 0
  outer loop
    vertex -80.4887924194336 -3.8268344402313232 2
    vertex -80.0692138671875 -4.713967323303223 2
    vertex -80.0692138671875 -4.713967323303223 1
  endloop
endfacet
facet normal 0 0 0
  outer loop
    vertex -80.4887924194336 -3.8268344402313232 1
    vertex -80.81940460205078 -2.9028468132019043 1
    vertex -80.81940460205078 -2.9028468132019043 2
  endloop
endfacet
facet normal 0 0 0
  outer loop
    vertex -80.4887924194336 -3.8268344402313232 1
    vertex -80.81940460205078 -2.9028468132019043 2
    vertex -80.4887924194336 -3.8268344402313232 2
  endloop
endfacet
facet normal 0 0 0
  outer loop
    vertex -80.81940460205078 -2.9028468132019043 1
    vertex -81.05785369873047 -1.9509031772613525 2
    vertex -80.81940460205078 -2.9028468132019043 2
  endloop
endfacet
facet normal 0 0 0
  outer loop
    vertex -80.81940460205078 -2.9028468132019043 1
    vertex -81.05785369873047 -1.9509031772613525 1
    vertex -81.05785369873047 -1.9509031772613525 2
  endloop
endfacet
facet normal 0 0 0
  outer loop
    vertex -80.4887924194336 -3.8268344402313232 1
    vertex -80.0692138671875 -4.713967323303223 1
    vertex -80.0692138671875 4.713967323303223 1
  endloop
endfacet
facet normal 0 0 0
  outer loop
    vertex -81.05785369873047 -1.9509031772613525 1
    vertex -81.20185089111328 -0.9801713824272156 1
    vertex -81.20185089111328 -0.9801713824272156 2
  endloop
endfacet
facet normal 0 0 0
  outer loop
    vertex -81.05785369873047 -1.9509031772613525 1
    vertex -81.20185089111328 -0.9801713824272156 2
    vertex -81.05785369873047 -1.9509031772613525 2
  endloop
endfacet
facet normal 0 0 0
  outer loop
    vertex -80.4887924194336 -3.8268344402313232 1
    vertex -80.4887924194336 3.8268344402313232 1
    vertex -80.81940460205078 -2.9028468132019043 1
  endloop
endfacet
facet normal 0 0 0
  outer loop
    vertex -80.81940460205078 -2.9028468132019043 1
    vertex -80.81940460205078 2.9028468132019043 1
    vertex -81.05785369873047 -1.9509031772613525 1
  endloop
endfacet
facet normal 0 0 0
  outer loop
    vertex -81.05785369873047 -1.9509031772613525 1
    vertex -81.05785369873047 1.9509031772613525 1
    vertex -81.20185089111328 -0.9801713824272156 1
  endloop
endfacet
facet normal 0 0 0
  outer loop
    vertex -81.20185089111328 -0.9801713824272156 1
    vertex -81.25 0 1
    vertex -81.25 0 2
  endloop
endfacet
facet normal 0 0 0
  outer loop
    vertex -81.20185089111328 -0.9801713824272156 1
    vertex -81.25 0 2
    vertex -81.20185089111328 -0.9801713824272156 2
  endloop
endfacet
facet normal 0 0 0
  outer loop
    vertex -79.564697265625 -5.555702209472656 1
    vertex -80.0692138671875 -4.713967323303223 1
    vertex -80.0692138671875 -4.713967323303223 2
  endloop
endfacet
facet normal 0 0 0
  outer loop
    vertex -76.80570220947266 -8.314696311950684 1
    vertex -76.80570220947266 8.314696311950684 1
    vertex -77.59393310546875 -7.730104446411133 1
  endloop
endfacet
facet normal 0 0 0
  outer loop
    vertex -75.9639663696289 -8.819212913513184 1
    vertex -75.07683563232422 -9.238795280456543 1
    vertex -75.07683563232422 9.238795280456543 1
  endloop
endfacet
facet normal 0 0 0
  outer loop
    vertex -75.9639663696289 -8.819212913513184 1
    vertex -75.9639663696289 8.819212913513184 1
    vertex -76.80570220947266 -8.314696311950684 1
  endloop
endfacet
facet normal 0 0 0
  outer loop
    vertex -74.15284729003906 -9.569403648376465 1
    vertex -73.2009048461914 -9.807852745056152 1
    vertex -73.2009048461914 9.807852745056152 1
  endloop
endfacet
facet normal 0 0 0
  outer loop
    vertex -73.2009048461914 -9.807852745056152 1
    vertex -72.23017120361328 -9.951847076416016 1
    vertex -72.23017120361328 9.951847076416016 1
  endloop
endfacet
facet normal 0 0 0
  outer loop
    vertex -74.15284729003906 -9.569403648376465 1
    vertex -74.15284729003906 9.569403648376465 1
    vertex -75.07683563232422 -9.238795280456543 1
  endloop
endfacet
facet normal 0 0 0
  outer loop
    vertex -72.23017120361328 -9.951847076416016 1
    vertex -71.25 -10 1
    vertex -71.25 10 1
  endloop
endfacet
facet normal 0 0 0
  outer loop
    vertex -71.25 -10 1
    vertex -70.26982879638672 -9.951847076416016 1
    vertex -70.26982879638672 9.951847076416016 1
  endloop
endfacet
facet normal 0 0 0
  outer loop
    vertex -77.59393310546875 -7.730104446411133 1
    vertex -77.59393310546875 7.730104446411133 1
    vertex -78.3210678100586 -7.071067810058594 1
  endloop
endfacet
facet normal 0 0 0
  outer loop
    vertex -78.3210678100586 -7.071067810058594 1
    vertex -78.3210678100586 7.071067810058594 1
    vertex -78.9801025390625 -6.343932628631592 1
  endloop
endfacet
facet normal 0 0 0
  outer loop
    vertex -79.564697265625 -5.555702209472656 1
    vertex -79.564697265625 5.555702209472656 1
    vertex -80.0692138671875 -4.713967323303223 1
  endloop
endfacet
facet normal 0 0 0
  outer loop
    vertex -78.9801025390625 -6.343932628631592 1
    vertex -78.9801025390625 6.343932628631592 1
    vertex -79.564697265625 -5.555702209472656 1
  endloop
endfacet
facet normal 0 0 0
  outer loop
    vertex -81.20185089111328 -0.9801713824272156 1
    vertex -81.20185089111328 0.9801713824272156 1
    vertex -81.25 0 1
  endloop
endfacet
facet normal 0 0 0
  outer loop
    vertex -81.20185089111328 -0.9801713824272156 1
    vertex -81.05785369873047 1.9509031772613525 1
    vertex -81.20185089111328 0.9801713824272156 1
  endloop
endfacet
facet normal 0 0 0
  outer loop
    vertex -81.05785369873047 -1.9509031772613525 1
    vertex -80.81940460205078 2.9028468132019043 1
    vertex -81.05785369873047 1.9509031772613525 1
  endloop
endfacet
facet normal 0 0 0
  outer loop
    vertex -81.25 0 1
    vertex -81.20185089111328 0.9801713824272156 1
    vertex -81.20185089111328 0.9801713824272156 2
  endloop
endfacet
facet normal 0 0 0
  outer loop
    vertex -81.25 0 1
    vertex -81.20185089111328 0.9801713824272156 2
    vertex -81.25 0 2
  endloop
endfacet
facet normal 0 0 0
  outer loop
    vertex -80.81940460205078 -2.9028468132019043 1
    vertex -80.4887924194336 3.8268344402313232 1
    vertex -80.81940460205078 2.9028468132019043 1
  endloop
endfacet
facet normal 0 0 0
  outer loop
    vertex -80.4887924194336 -3.8268344402313232 1
    vertex -80.0692138671875 4.713967323303223 1
    vertex -80.4887924194336 3.8268344402313232 1
  endloop
endfacet
facet normal 0 0 0
  outer loop
    vertex -81.20185089111328 0.9801713824272156 1
    vertex -81.05785369873047 1.9509031772613525 1
    vertex -81.05785369873047 1.9509031772613525 2
  endloop
endfacet
facet normal 0 0 0
  outer loop
    vertex -81.20185089111328 0.9801713824272156 1
    vertex -81.05785369873047 1.9509031772613525 2
    vertex -81.20185089111328 0.9801713824272156 2
  endloop
endfacet
facet normal 0 0 0
  outer loop
    vertex -81.05785369873047 1.9509031772613525 1
    vertex -80.81940460205078 2.9028468132019043 2
    vertex -81.05785369873047 1.9509031772613525 2
  endloop
endfacet
facet normal 0 0 0
  outer loop
    vertex -81.05785369873047 1.9509031772613525 1
    vertex -80.81940460205078 2.9028468132019043 1
    vertex -80.81940460205078 2.9028468132019043 2
  endloop
endfacet
facet normal 0 0 0
  outer loop
    vertex -80.81940460205078 2.9028468132019043 1
    vertex -80.4887924194336 3.8268344402313232 1
    vertex -80.4887924194336 3.8268344402313232 2
  endloop
endfacet
facet normal 0 0 0
  outer loop
    vertex -80.81940460205078 2.9028468132019043 1
    vertex -80.4887924194336 3.8268344402313232 2
    vertex -80.81940460205078 2.9028468132019043 2
  endloop
endfacet
facet normal 0 0 0
  outer loop
    vertex -80.4887924194336 3.8268344402313232 1
    vertex -80.0692138671875 4.713967323303223 1
    vertex -80.0692138671875 4.713967323303223 2
  endloop
endfacet
facet normal 0 0 0
  outer loop
    vertex -80.4887924194336 3.8268344402313232 1
    vertex -80.0692138671875 4.713967323303223 2
    vertex -80.4887924194336 3.8268344402313232 2
  endloop
endfacet
facet normal 0 0 0
  outer loop
    vertex -80.0692138671875 -4.713967323303223 1
    vertex -79.564697265625 5.555702209472656 1
    vertex -80.0692138671875 4.713967323303223 1
  endloop
endfacet
facet normal 0 0 0
  outer loop
    vertex -79.564697265625 -5.555702209472656 1
    vertex -78.9801025390625 6.343932628631592 1
    vertex -79.564697265625 5.555702209472656 1
  endloop
endfacet
facet normal 0 0 0
  outer loop
    vertex -78.9801025390625 -6.343932628631592 1
    vertex -78.3210678100586 7.071067810058594 1
    vertex -78.9801025390625 6.343932628631592 1
  endloop
endfacet
facet normal 0 0 0
  outer loop
    vertex -78.3210678100586 -7.071067810058594 1
    vertex -77.59393310546875 7.730104446411133 1
    vertex -78.3210678100586 7.071067810058594 1
  endloop
endfacet
facet normal 0 0 0
  outer loop
    vertex -77.59393310546875 -7.730104446411133 1
    vertex -76.80570220947266 8.314696311950684 1
    vertex -77.59393310546875 7.730104446411133 1
  endloop
endfacet
facet normal 0 0 0
  outer loop
    vertex -76.80570220947266 -8.314696311950684 1
    vertex -75.9639663696289 8.819212913513184 1
    vertex -76.80570220947266 8.314696311950684 1
  endloop
endfacet
facet normal 0 0 0
  outer loop
    vertex -75.9639663696289 -8.819212913513184 1
    vertex -75.07683563232422 9.238795280456543 1
    vertex -75.9639663696289 8.819212913513184 1
  endloop
endfacet
facet normal 0 0 0
  outer loop
    vertex -80.0692138671875 4.713967323303223 1
    vertex -79.564697265625 5.555702209472656 2
    vertex -80.0692138671875 4.713967323303223 2
  endloop
endfacet
facet normal 0 0 0
  outer loop
    vertex -75.07683563232422 -9.238795280456543 1
    vertex -74.15284729003906 9.569403648376465 1
    vertex -75.07683563232422 9.238795280456543 1
  endloop
endfacet
facet normal 0 0 0
  outer loop
    vertex -74.15284729003906 -9.569403648376465 1
    vertex -73.2009048461914 9.807852745056152 1
    vertex -74.15284729003906 9.569403648376465 1
  endloop
endfacet
facet normal 0 0 0
  outer loop
    vertex -73.2009048461914 -9.807852745056152 1
    vertex -72.23017120361328 9.951847076416016 1
    vertex -73.2009048461914 9.807852745056152 1
  endloop
endfacet
facet normal 0 0 0
  outer loop
    vertex -72.23017120361328 -9.951847076416016 1
    vertex -71.25 10 1
    vertex -72.23017120361328 9.951847076416016 1
  endloop
endfacet
facet normal 0 0 0
  outer loop
    vertex -71.25 -10 1
    vertex -70.26982879638672 9.951847076416016 1
    vertex -71.25 10 1
  endloop
endfacet
facet normal 0 0 0
  outer loop
    vertex -80.0692138671875 4.713967323303223 1
    vertex -79.564697265625 5.555702209472656 1
    vertex -79.564697265625 5.555702209472656 2
  endloop
endfacet
facet normal 0 0 0
  outer loop
    vertex -79.564697265625 5.555702209472656 1
    vertex -78.9801025390625 6.343932628631592 1
    vertex -78.9801025390625 6.343932628631592 2
  endloop
endfacet
facet normal 0 0 0
  outer loop
    vertex -79.564697265625 5.555702209472656 1
    vertex -78.9801025390625 6.343932628631592 2
    vertex -79.564697265625 5.555702209472656 2
  endloop
endfacet
facet normal 0 0 0
  outer loop
    vertex -78.9801025390625 6.343932628631592 1
    vertex -78.3210678100586 7.071067810058594 1
    vertex -78.3210678100586 7.071067810058594 2
  endloop
endfacet
facet normal 0 0 0
  outer loop
    vertex -78.9801025390625 6.343932628631592 1
    vertex -78.3210678100586 7.071067810058594 2
    vertex -78.9801025390625 6.343932628631592 2
  endloop
endfacet
facet normal 0 0 0
  outer loop
    vertex -78.3210678100586 7.071067810058594 1
    vertex -77.59393310546875 7.730104446411133 2
    vertex -78.3210678100586 7.071067810058594 2
  endloop
endfacet
facet normal 0 0 0
  outer loop
    vertex -78.3210678100586 7.071067810058594 1
    vertex -77.59393310546875 7.730104446411133 1
    vertex -77.59393310546875 7.730104446411133 2
  endloop
endfacet
facet normal 0 0 0
  outer loop
    vertex -77.59393310546875 7.730104446411133 1
    vertex -76.80570220947266 8.314696311950684 1
    vertex -76.80570220947266 8.314696311950684 2
  endloop
endfacet
facet normal 0 0 0
  outer loop
    vertex -76.80570220947266 8.314696311950684 1
    vertex -75.9639663696289 8.819212913513184 1
    vertex -75.9639663696289 8.819212913513184 2
  endloop
endfacet
facet normal 0 0 0
  outer loop
    vertex -77.59393310546875 7.730104446411133 1
    vertex -76.80570220947266 8.314696311950684 2
    vertex -77.59393310546875 7.730104446411133 2
  endloop
endfacet
facet normal 0 0 0
  outer loop
    vertex -76.80570220947266 8.314696311950684 1
    vertex -75.9639663696289 8.819212913513184 2
    vertex -76.80570220947266 8.314696311950684 2
  endloop
endfacet
facet normal 0 0 0
  outer loop
    vertex -75.9639663696289 8.819212913513184 1
    vertex -75.07683563232422 9.238795280456543 1
    vertex -75.07683563232422 9.238795280456543 2
  endloop
endfacet
facet normal 0 0 0
  outer loop
    vertex -75.9639663696289 8.819212913513184 1
    vertex -75.07683563232422 9.238795280456543 2
    vertex -75.9639663696289 8.819212913513184 2
  endloop
endfacet
facet normal 0 0 0
  outer loop
    vertex -75.07683563232422 9.238795280456543 1
    vertex -74.15284729003906 9.569403648376465 1
    vertex -74.15284729003906 9.569403648376465 2
  endloop
endfacet
facet normal 0 0 0
  outer loop
    vertex -74.15284729003906 9.569403648376465 1
    vertex -73.2009048461914 9.807852745056152 1
    vertex -73.2009048461914 9.807852745056152 2
  endloop
endfacet
facet normal 0 0 0
  outer loop
    vertex -73.2009048461914 9.807852745056152 1
    vertex -72.23017120361328 9.951847076416016 1
    vertex -72.23017120361328 9.951847076416016 2
  endloop
endfacet
facet normal 0 0 0
  outer loop
    vertex -72.23017120361328 9.951847076416016 1
    vertex -71.25 10 1
    vertex -71.25 10 2
  endloop
endfacet
facet normal 0 0 0
  outer loop
    vertex -70.26982879638672 9.951847076416016 1
    vertex -70.26982879638672 9.951847076416016 2
    vertex -71.25 10 1
  endloop
endfacet
facet normal 0 0 0
  outer loop
    vertex -75.07683563232422 9.238795280456543 1
    vertex -74.15284729003906 9.569403648376465 2
    vertex -75.07683563232422 9.238795280456543 2
  endloop
endfacet
facet normal 0 0 0
  outer loop
    vertex -74.15284729003906 9.569403648376465 1
    vertex -73.2009048461914 9.807852745056152 2
    vertex -74.15284729003906 9.569403648376465 2
  endloop
endfacet
facet normal 0 0 0
  outer loop
    vertex -73.2009048461914 9.807852745056152 1
    vertex -72.23017120361328 9.951847076416016 2
    vertex -73.2009048461914 9.807852745056152 2
  endloop
endfacet
facet normal 0 0 0
  outer loop
    vertex -72.23017120361328 9.951847076416016 1
    vertex -71.25 10 2
    vertex -72.23017120361328 9.951847076416016 2
  endloop
endfacet
facet normal 0 0 0
  outer loop
    vertex -70.26982879638672 9.951847076416016 2
    vertex -71.25 10 2
    vertex -71.25 10 1
  endloop
endfacet
facet normal 0 0 0
  outer loop
    vertex -70.26982879638672 -9.951847076416016 1
    vertex -70.26982879638672 -9.951847076416016 2
    vertex -69.2990951538086 -9.807852745056152 1
  endloop
endfacet
facet normal 0 0 0
  outer loop
    vertex -69.2990951538086 -9.807852745056152 1
    vertex -69.2990951538086 -9.807852745056152 2
    vertex -68.34715270996094 -9.569403648376465 1
  endloop
endfacet
facet normal 0 0 0
  outer loop
    vertex -68.34715270996094 -9.569403648376465 1
    vertex -68.34715270996094 -9.569403648376465 2
    vertex -67.42316436767578 -9.238795280456543 1
  endloop
endfacet
facet normal 0 0 0
  outer loop
    vertex -67.42316436767578 -9.238795280456543 1
    vertex -67.42316436767578 -9.238795280456543 2
    vertex -66.5360336303711 -8.819212913513184 1
  endloop
endfacet
facet normal 0 0 0
  outer loop
    vertex -70.26982879638672 -9.951847076416016 2
    vertex -69.2990951538086 -9.807852745056152 2
    vertex -69.2990951538086 -9.807852745056152 1
  endloop
endfacet
facet normal 0 0 0
  outer loop
    vertex -68.34715270996094 -9.569403648376465 1
    vertex -69.2990951538086 -9.807852745056152 2
    vertex -68.34715270996094 -9.569403648376465 2
  endloop
endfacet
facet normal 0 0 0
  outer loop
    vertex -67.42316436767578 -9.238795280456543 1
    vertex -68.34715270996094 -9.569403648376465 2
    vertex -67.42316436767578 -9.238795280456543 2
  endloop
endfacet
facet normal 0 0 0
  outer loop
    vertex -66.5360336303711 -8.819212913513184 1
    vertex -67.42316436767578 -9.238795280456543 2
    vertex -66.5360336303711 -8.819212913513184 2
  endloop
endfacet
facet normal 0 0 0
  outer loop
    vertex -66.5360336303711 -8.819212913513184 1
    vertex -66.5360336303711 -8.819212913513184 2
    vertex -65.69429779052734 -8.314696311950684 1
  endloop
endfacet
facet normal 0 0 0
  outer loop
    vertex -65.69429779052734 -8.314696311950684 1
    vertex -65.69429779052734 -8.314696311950684 2
    vertex -64.90606689453125 -7.730104446411133 1
  endloop
endfacet
facet normal 0 0 0
  outer loop
    vertex -65.69429779052734 -8.314696311950684 1
    vertex -66.5360336303711 -8.819212913513184 2
    vertex -65.69429779052734 -8.314696311950684 2
  endloop
endfacet
facet normal 0 0 0
  outer loop
    vertex -64.90606689453125 -7.730104446411133 1
    vertex -65.69429779052734 -8.314696311950684 2
    vertex -64.90606689453125 -7.730104446411133 2
  endloop
endfacet
facet normal 0 0 0
  outer loop
    vertex -64.90606689453125 -7.730104446411133 1
    vertex -64.90606689453125 -7.730104446411133 2
    vertex -64.1789321899414 -7.071067810058594 1
  endloop
endfacet
facet normal 0 0 0
  outer loop
    vertex -64.1789321899414 -7.071067810058594 1
    vertex -64.1789321899414 -7.071067810058594 2
    vertex -63.519893646240234 -6.343932628631592 1
  endloop
endfacet
facet normal 0 0 0
  outer loop
    vertex -64.90606689453125 -7.730104446411133 2
    vertex -64.1789321899414 -7.071067810058594 2
    vertex -64.1789321899414 -7.071067810058594 1
  endloop
endfacet
facet normal 0 0 0
  outer loop
    vertex -63.519893646240234 -6.343932628631592 1
    vertex -64.1789321899414 -7.071067810058594 2
    vertex -63.519893646240234 -6.343932628631592 2
  endloop
endfacet
facet normal 0 0 0
  outer loop
    vertex -63.519893646240234 -6.343932628631592 1
    vertex -63.519893646240234 -6.343932628631592 2
    vertex -62.935302734375 -5.555702209472656 1
  endloop
endfacet
facet normal 0 0 0
  outer loop
    vertex -62.935302734375 -5.555702209472656 1
    vertex -62.935302734375 -5.555702209472656 2
    vertex -62.4307861328125 -4.713967323303223 1
  endloop
endfacet
facet normal 0 0 0
  outer loop
    vertex -62.935302734375 -5.555702209472656 1
    vertex -63.519893646240234 -6.343932628631592 2
    vertex -62.935302734375 -5.555702209472656 2
  endloop
endfacet
facet normal 0 0 0
  outer loop
    vertex -70.26982879638672 -9.951847076416016 1
    vertex -69.2990951538086 -9.807852745056152 1
    vertex -69.2990951538086 9.807852745056152 1
  endloop
endfacet
facet normal 0 0 0
  outer loop
    vertex -69.2990951538086 -9.807852745056152 1
    vertex -68.34715270996094 -9.569403648376465 1
    vertex -68.34715270996094 9.569403648376465 1
  endloop
endfacet
facet normal 0 0 0
  outer loop
    vertex -68.34715270996094 -9.569403648376465 1
    vertex -67.42316436767578 -9.238795280456543 1
    vertex -67.42316436767578 9.238795280456543 1
  endloop
endfacet
facet normal 0 0 0
  outer loop
    vertex -67.42316436767578 -9.238795280456543 1
    vertex -66.5360336303711 -8.819212913513184 1
    vertex -66.5360336303711 8.819212913513184 1
  endloop
endfacet
facet normal 0 0 0
  outer loop
    vertex -66.5360336303711 -8.819212913513184 1
    vertex -65.69429779052734 -8.314696311950684 1
    vertex -65.69429779052734 8.314696311950684 1
  endloop
endfacet
facet normal 0 0 0
  outer loop
    vertex -65.69429779052734 -8.314696311950684 1
    vertex -64.90606689453125 -7.730104446411133 1
    vertex -64.90606689453125 7.730104446411133 1
  endloop
endfacet
facet normal 0 0 0
  outer loop
    vertex -62.4307861328125 -4.713967323303223 1
    vertex -62.4307861328125 -4.713967323303223 2
    vertex -62.01120376586914 -3.8268344402313232 1
  endloop
endfacet
facet normal 0 0 0
  outer loop
    vertex -62.935302734375 -5.555702209472656 2
    vertex -62.4307861328125 -4.713967323303223 2
    vertex -62.4307861328125 -4.713967323303223 1
  endloop
endfacet
facet normal 0 0 0
  outer loop
    vertex -62.01120376586914 -3.8268344402313232 1
    vertex -62.4307861328125 -4.713967323303223 2
    vertex -62.01120376586914 -3.8268344402313232 2
  endloop
endfacet
facet normal 0 0 0
  outer loop
    vertex -64.90606689453125 -7.730104446411133 1
    vertex -64.1789321899414 -7.071067810058594 1
    vertex -64.1789321899414 7.071067810058594 1
  endloop
endfacet
facet normal 0 0 0
  outer loop
    vertex -62.01120376586914 -3.8268344402313232 1
    vertex -62.01120376586914 -3.8268344402313232 2
    vertex -61.68059539794922 -2.9028468132019043 1
  endloop
endfacet
facet normal 0 0 0
  outer loop
    vertex -61.68059539794922 -2.9028468132019043 1
    vertex -61.68059539794922 -2.9028468132019043 2
    vertex -61.44214630126953 -1.9509031772613525 1
  endloop
endfacet
facet normal 0 0 0
  outer loop
    vertex -61.68059539794922 -2.9028468132019043 1
    vertex -62.01120376586914 -3.8268344402313232 2
    vertex -61.68059539794922 -2.9028468132019043 2
  endloop
endfacet
facet normal 0 0 0
  outer loop
    vertex -64.1789321899414 -7.071067810058594 1
    vertex -63.519893646240234 -6.343932628631592 1
    vertex -63.519893646240234 6.343932628631592 1
  endloop
endfacet
facet normal 0 0 0
  outer loop
    vertex -63.519893646240234 -6.343932628631592 1
    vertex -62.935302734375 -5.555702209472656 1
    vertex -62.935302734375 5.555702209472656 1
  endloop
endfacet
facet normal 0 0 0
  outer loop
    vertex -62.935302734375 -5.555702209472656 1
    vertex -62.4307861328125 -4.713967323303223 1
    vertex -62.4307861328125 4.713967323303223 1
  endloop
endfacet
facet normal 0 0 0
  outer loop
    vertex -62.4307861328125 -4.713967323303223 1
    vertex -62.01120376586914 -3.8268344402313232 1
    vertex -62.01120376586914 3.8268344402313232 1
  endloop
endfacet
facet normal 0 0 0
  outer loop
    vertex -62.01120376586914 -3.8268344402313232 1
    vertex -61.68059539794922 -2.9028468132019043 1
    vertex -61.68059539794922 2.9028468132019043 1
  endloop
endfacet
facet normal 0 0 0
  outer loop
    vertex -61.44214630126953 -1.9509031772613525 1
    vertex -61.44214630126953 -1.9509031772613525 2
    vertex -61.298152923583984 -0.9801713824272156 1
  endloop
endfacet
facet normal 0 0 0
  outer loop
    vertex -61.68059539794922 -2.9028468132019043 2
    vertex -61.44214630126953 -1.9509031772613525 2
    vertex -61.44214630126953 -1.9509031772613525 1
  endloop
endfacet
facet normal 0 0 0
  outer loop
    vertex -61.298152923583984 -0.9801713824272156 1
    vertex -61.44214630126953 -1.9509031772613525 2
    vertex -61.298152923583984 -0.9801713824272156 2
  endloop
endfacet
facet normal 0 0 0
  outer loop
    vertex -61.68059539794922 -2.9028468132019043 1
    vertex -61.44214630126953 -1.9509031772613525 1
    vertex -61.44214630126953 1.9509031772613525 1
  endloop
endfacet
facet normal 0 0 0
  outer loop
    vertex -61.44214630126953 -1.9509031772613525 1
    vertex -61.298152923583984 -0.9801713824272156 1
    vertex -61.298152923583984 0.9801713824272156 1
  endloop
endfacet
facet normal 0 0 0
  outer loop
    vertex -61.298152923583984 -0.9801713824272156 1
    vertex -61.298152923583984 -0.9801713824272156 2
    vertex -61.25 0 1
  endloop
endfacet
facet normal 0 0 0
  outer loop
    vertex -61.298152923583984 -0.9801713824272156 2
    vertex -61.25 0 2
    vertex -61.25 0 1
  endloop
endfacet
facet normal 0 0 0
  outer loop
    vertex -61.298152923583984 -0.9801713824272156 1
    vertex -61.25 0 1
    vertex -61.298152923583984 0.9801713824272156 1
  endloop
endfacet
facet normal 0 0 0
  outer loop
    vertex -61.44214630126953 -1.9509031772613525 1
    vertex -61.298152923583984 0.9801713824272156 1
    vertex -61.44214630126953 1.9509031772613525 1
  endloop
endfacet
facet normal 0 0 0
  outer loop
    vertex -61.25 0 1
    vertex -61.25 0 2
    vertex -61.298152923583984 0.9801713824272156 1
  endloop
endfacet
facet normal 0 0 0
  outer loop
    vertex -61.68059539794922 -2.9028468132019043 1
    vertex -61.44214630126953 1.9509031772613525 1
    vertex -61.68059539794922 2.9028468132019043 1
  endloop
endfacet
facet normal 0 0 0
  outer loop
    vertex -62.01120376586914 -3.8268344402313232 1
    vertex -61.68059539794922 2.9028468132019043 1
    vertex -62.01120376586914 3.8268344402313232 1
  endloop
endfacet
facet normal 0 0 0
  outer loop
    vertex -61.298152923583984 0.9801713824272156 1
    vertex -61.25 0 2
    vertex -61.298152923583984 0.9801713824272156 2
  endloop
endfacet
facet normal 0 0 0
  outer loop
    vertex -63.519893646240234 -6.343932628631592 1
    vertex -62.935302734375 5.555702209472656 1
    vertex -63.519893646240234 6.343932628631592 1
  endloop
endfacet
facet normal 0 0 0
  outer loop
    vertex -62.935302734375 -5.555702209472656 1
    vertex -62.4307861328125 4.713967323303223 1
    vertex -62.935302734375 5.555702209472656 1
  endloop
endfacet
facet normal 0 0 0
  outer loop
    vertex -64.1789321899414 -7.071067810058594 1
    vertex -63.519893646240234 6.343932628631592 1
    vertex -64.1789321899414 7.071067810058594 1
  endloop
endfacet
facet normal 0 0 0
  outer loop
    vertex -64.90606689453125 -7.730104446411133 1
    vertex -64.1789321899414 7.071067810058594 1
    vertex -64.90606689453125 7.730104446411133 1
  endloop
endfacet
facet normal 0 0 0
  outer loop
    vertex -62.4307861328125 -4.713967323303223 1
    vertex -62.01120376586914 3.8268344402313232 1
    vertex -62.4307861328125 4.713967323303223 1
  endloop
endfacet
facet normal 0 0 0
  outer loop
    vertex -61.298152923583984 0.9801713824272156 1
    vertex -61.298152923583984 0.9801713824272156 2
    vertex -61.44214630126953 1.9509031772613525 1
  endloop
endfacet
facet normal 0 0 0
  outer loop
    vertex -61.44214630126953 1.9509031772613525 1
    vertex -61.44214630126953 1.9509031772613525 2
    vertex -61.68059539794922 2.9028468132019043 1
  endloop
endfacet
facet normal 0 0 0
  outer loop
    vertex -61.44214630126953 1.9509031772613525 1
    vertex -61.298152923583984 0.9801713824272156 2
    vertex -61.44214630126953 1.9509031772613525 2
  endloop
endfacet
facet normal 0 0 0
  outer loop
    vertex -68.34715270996094 -9.569403648376465 1
    vertex -67.42316436767578 9.238795280456543 1
    vertex -68.34715270996094 9.569403648376465 1
  endloop
endfacet
facet normal 0 0 0
  outer loop
    vertex -70.26982879638672 -9.951847076416016 1
    vertex -69.2990951538086 9.807852745056152 1
    vertex -70.26982879638672 9.951847076416016 1
  endloop
endfacet
facet normal 0 0 0
  outer loop
    vertex -69.2990951538086 -9.807852745056152 1
    vertex -68.34715270996094 9.569403648376465 1
    vertex -69.2990951538086 9.807852745056152 1
  endloop
endfacet
facet normal 0 0 0
  outer loop
    vertex -66.5360336303711 -8.819212913513184 1
    vertex -65.69429779052734 8.314696311950684 1
    vertex -66.5360336303711 8.819212913513184 1
  endloop
endfacet
facet normal 0 0 0
  outer loop
    vertex -67.42316436767578 -9.238795280456543 1
    vertex -66.5360336303711 8.819212913513184 1
    vertex -67.42316436767578 9.238795280456543 1
  endloop
endfacet
facet normal 0 0 0
  outer loop
    vertex -65.69429779052734 -8.314696311950684 1
    vertex -64.90606689453125 7.730104446411133 1
    vertex -65.69429779052734 8.314696311950684 1
  endloop
endfacet
facet normal 0 0 0
  outer loop
    vertex -61.68059539794922 2.9028468132019043 1
    vertex -61.68059539794922 2.9028468132019043 2
    vertex -62.01120376586914 3.8268344402313232 1
  endloop
endfacet
facet normal 0 0 0
  outer loop
    vertex -61.44214630126953 1.9509031772613525 2
    vertex -61.68059539794922 2.9028468132019043 2
    vertex -61.68059539794922 2.9028468132019043 1
  endloop
endfacet
facet normal 0 0 0
  outer loop
    vertex -62.01120376586914 3.8268344402313232 1
    vertex -61.68059539794922 2.9028468132019043 2
    vertex -62.01120376586914 3.8268344402313232 2
  endloop
endfacet
facet normal 0 0 0
  outer loop
    vertex -62.4307861328125 4.713967323303223 1
    vertex -62.4307861328125 4.713967323303223 2
    vertex -62.935302734375 5.555702209472656 1
  endloop
endfacet
facet normal 0 0 0
  outer loop
    vertex -62.4307861328125 4.713967323303223 1
    vertex -62.01120376586914 3.8268344402313232 1
    vertex -62.01120376586914 3.8268344402313232 2
  endloop
endfacet
facet normal 0 0 0
  outer loop
    vertex -62.4307861328125 4.713967323303223 1
    vertex -62.01120376586914 3.8268344402313232 2
    vertex -62.4307861328125 4.713967323303223 2
  endloop
endfacet
facet normal 0 0 0
  outer loop
    vertex -62.935302734375 5.555702209472656 1
    vertex -62.935302734375 5.555702209472656 2
    vertex -63.519893646240234 6.343932628631592 1
  endloop
endfacet
facet normal 0 0 0
  outer loop
    vertex -62.4307861328125 4.713967323303223 2
    vertex -62.935302734375 5.555702209472656 2
    vertex -62.935302734375 5.555702209472656 1
  endloop
endfacet
facet normal 0 0 0
  outer loop
    vertex -63.519893646240234 6.343932628631592 1
    vertex -62.935302734375 5.555702209472656 2
    vertex -63.519893646240234 6.343932628631592 2
  endloop
endfacet
facet normal 0 0 0
  outer loop
    vertex -63.519893646240234 6.343932628631592 1
    vertex -63.519893646240234 6.343932628631592 2
    vertex -64.1789321899414 7.071067810058594 1
  endloop
endfacet
facet normal 0 0 0
  outer loop
    vertex -64.1789321899414 7.071067810058594 1
    vertex -64.1789321899414 7.071067810058594 2
    vertex -64.90606689453125 7.730104446411133 1
  endloop
endfacet
facet normal 0 0 0
  outer loop
    vertex -64.1789321899414 7.071067810058594 1
    vertex -63.519893646240234 6.343932628631592 2
    vertex -64.1789321899414 7.071067810058594 2
  endloop
endfacet
facet normal 0 0 0
  outer loop
    vertex -65.69429779052734 8.314696311950684 1
    vertex -64.90606689453125 7.730104446411133 1
    vertex -64.90606689453125 7.730104446411133 2
  endloop
endfacet
facet normal 0 0 0
  outer loop
    vertex -65.69429779052734 8.314696311950684 1
    vertex -65.69429779052734 8.314696311950684 2
    vertex -66.5360336303711 8.819212913513184 1
  endloop
endfacet
facet normal 0 0 0
  outer loop
    vertex -65.69429779052734 8.314696311950684 1
    vertex -64.90606689453125 7.730104446411133 2
    vertex -65.69429779052734 8.314696311950684 2
  endloop
endfacet
facet normal 0 0 0
  outer loop
    vertex -66.5360336303711 8.819212913513184 1
    vertex -65.69429779052734 8.314696311950684 2
    vertex -66.5360336303711 8.819212913513184 2
  endloop
endfacet
facet normal 0 0 0
  outer loop
    vertex -68.34715270996094 9.569403648376465 1
    vertex -67.42316436767578 9.238795280456543 1
    vertex -67.42316436767578 9.238795280456543 2
  endloop
endfacet
facet normal 0 0 0
  outer loop
    vertex -70.26982879638672 9.951847076416016 1
    vertex -69.2990951538086 9.807852745056152 1
    vertex -69.2990951538086 9.807852745056152 2
  endloop
endfacet
facet normal 0 0 0
  outer loop
    vertex -69.2990951538086 9.807852745056152 1
    vertex -68.34715270996094 9.569403648376465 1
    vertex -68.34715270996094 9.569403648376465 2
  endloop
endfacet
facet normal 0 0 0
  outer loop
    vertex -66.5360336303711 8.819212913513184 1
    vertex -66.5360336303711 8.819212913513184 2
    vertex -67.42316436767578 9.238795280456543 1
  endloop
endfacet
facet normal 0 0 0
  outer loop
    vertex -70.26982879638672 9.951847076416016 1
    vertex -69.2990951538086 9.807852745056152 2
    vertex -70.26982879638672 9.951847076416016 2
  endloop
endfacet
facet normal 0 0 0
  outer loop
    vertex -69.2990951538086 9.807852745056152 1
    vertex -68.34715270996094 9.569403648376465 2
    vertex -69.2990951538086 9.807852745056152 2
  endloop
endfacet
facet normal 0 0 0
  outer loop
    vertex -68.34715270996094 9.569403648376465 1
    vertex -67.42316436767578 9.238795280456543 2
    vertex -68.34715270996094 9.569403648376465 2
  endloop
endfacet
facet normal 0 0 0
  outer loop
    vertex -67.42316436767578 9.238795280456543 1
    vertex -66.5360336303711 8.819212913513184 2
    vertex -67.42316436767578 9.238795280456543 2
  endloop
endfacet
facet normal 0 0 0
  outer loop
    vertex -64.1789321899414 7.071067810058594 2
    vertex -64.90606689453125 7.730104446411133 2
    vertex -64.90606689453125 7.730104446411133 1
  endloop
endfacet
facet normal 0 0 0
  outer loop
    vertex -99.44999694824219 2 0.8999999761581421
    vertex -97.94999694824219 2 0.8999999761581421
    vertex -97.94999694824219 2.625 0.8999999761581421
  endloop
endfacet
facet normal 0 0 0
  outer loop
    vertex -96.94999694824219 2 0.8999999761581421
    vertex -95.44999694824219 2 0.8999999761581421
    vertex -97.88478088378906 2.6086957454681396 0.8999999761581421
  endloop
endfacet
facet normal 0 0 0
  outer loop
    vertex -99.44999694824219 2 0.8999999761581421
    vertex -97.94999694824219 2.625 0.8999999761581421
    vertex -99.44999694824219 3 0.8999999761581421
  endloop
endfacet
facet normal 0 0 0
  outer loop
    vertex -97.94999694824219 2.625 0.8999999761581421
    vertex -97.88478088378906 2.6086957454681396 0.8999999761581421
    vertex -95.44999694824219 3 0.8999999761581421
  endloop
endfacet
facet normal 0 0 0
  outer loop
    vertex -99.44999694824219 3 0.8999999761581421
    vertex -97.94999694824219 2.625 0.8999999761581421
    vertex -95.44999694824219 3 0.8999999761581421
  endloop
endfacet
facet normal 0 0 0
  outer loop
    vertex -95.44999694824219 2 0.8999999761581421
    vertex -95.44999694824219 3 0.8999999761581421
    vertex -97.88478088378906 2.6086957454681396 0.8999999761581421
  endloop
endfacet
facet normal 0 0 0
  outer loop
    vertex -99.44999694824219 2 0.8999999761581421
    vertex -99.44999694824219 2 2
    vertex -97.94999694824219 2 0.8999999761581421
  endloop
endfacet
facet normal 0 0 0
  outer loop
    vertex -96.94999694824219 2 0.8999999761581421
    vertex -96.94999694824219 2 2
    vertex -95.44999694824219 2 0.8999999761581421
  endloop
endfacet
facet normal 0 0 0
  outer loop
    vertex -95.44999694824219 2 0.8999999761581421
    vertex -95.44999694824219 2 2
    vertex -95.44999694824219 3 0.8999999761581421
  endloop
endfacet
facet normal 0 0 0
  outer loop
    vertex -99.44999694824219 2 0.8999999761581421
    vertex -99.44999694824219 3 2
    vertex -99.44999694824219 2 2
  endloop
endfacet
facet normal 0 0 0
  outer loop
    vertex -97.94999694824219 2 0.8999999761581421
    vertex -99.44999694824219 2 2
    vertex -97.94999694824219 2 2
  endloop
endfacet
facet normal 0 0 0
  outer loop
    vertex -95.44999694824219 2 0.8999999761581421
    vertex -96.94999694824219 2 2
    vertex -95.44999694824219 2 2
  endloop
endfacet
facet normal 0 0 0
  outer loop
    vertex -99.44999694824219 2 0.8999999761581421
    vertex -99.44999694824219 3 0.8999999761581421
    vertex -99.44999694824219 3 2
  endloop
endfacet
facet normal 0 0 0
  outer loop
    vertex -99.44999694824219 3 0.8999999761581421
    vertex -95.44999694824219 3 0.8999999761581421
    vertex -95.44999694824219 3 2
  endloop
endfacet
facet normal 0 0 0
  outer loop
    vertex -99.44999694824219 3 0.8999999761581421
    vertex -95.44999694824219 3 2
    vertex -99.44999694824219 3 2
  endloop
endfacet
facet normal 0 0 0
  outer loop
    vertex -95.44999694824219 3 0.8999999761581421
    vertex -95.44999694824219 2 2
    vertex -95.44999694824219 3 2
  endloop
endfacet
facet normal 0 0 0
  outer loop
    vertex -97.94999694824219 -3 0.8999999761581421
    vertex -96.94999694824219 -3 0.8999999761581421
    vertex -97.94999694824219 2 0.8999999761581421
  endloop
endfacet
facet normal 0 0 0
  outer loop
    vertex -97.94999694824219 -3 0.8999999761581421
    vertex -97.94999694824219 -3 2
    vertex -96.94999694824219 -3 0.8999999761581421
  endloop
endfacet
facet normal 0 0 0
  outer loop
    vertex -96.94999694824219 -3 0.8999999761581421
    vertex -97.94999694824219 -3 2
    vertex -96.94999694824219 -3 2
  endloop
endfacet
facet normal 0 0 0
  outer loop
    vertex -96.94999694824219 -3 0.8999999761581421
    vertex -96.94999694824219 -3 2
    vertex -96.94999694824219 2 0.8999999761581421
  endloop
endfacet
facet normal 0 0 0
  outer loop
    vertex -97.94999694824219 -3 0.8999999761581421
    vertex -97.94999694824219 2 2
    vertex -97.94999694824219 -3 2
  endloop
endfacet
facet normal 0 0 0
  outer loop
    vertex -96.94999694824219 -3 0.8999999761581421
    vertex -97.88478088378906 2.6086957454681396 0.8999999761581421
    vertex -97.94999694824219 2 0.8999999761581421
  endloop
endfacet
facet normal 0 0 0
  outer loop
    vertex -96.94999694824219 -3 0.8999999761581421
    vertex -96.94999694824219 2 0.8999999761581421
    vertex -97.88478088378906 2.6086957454681396 0.8999999761581421
  endloop
endfacet
facet normal 0 0 0
  outer loop
    vertex -97.94999694824219 2 0.8999999761581421
    vertex -97.88478088378906 2.6086957454681396 0.8999999761581421
    vertex -97.94999694824219 2.625 0.8999999761581421
  endloop
endfacet
facet normal 0 0 0
  outer loop
    vertex -97.94999694824219 -3 0.8999999761581421
    vertex -97.94999694824219 2 0.8999999761581421
    vertex -97.94999694824219 2 2
  endloop
endfacet
facet normal 0 0 0
  outer loop
    vertex -96.94999694824219 -3 2
    vertex -96.94999694824219 2 2
    vertex -96.94999694824219 2 0.8999999761581421
  endloop
endfacet
facet normal 0 0 0
  outer loop
    vertex -94.25 -3 0.8999999761581421
    vertex -93.38043212890625 -2.2173912525177 0.8999999761581421
    vertex -94.25 3 0.8999999761581421
  endloop
endfacet
facet normal 0 0 0
  outer loop
    vertex -93.38043212890625 -2.2173912525177 0.8999999761581421
    vertex -93.25 -2 0.8999999761581421
    vertex -93.25 2 0.8999999761581421
  endloop
endfacet
facet normal 0 0 0
  outer loop
    vertex -94.25 -3 0.8999999761581421
    vertex -94.25 -3 2
    vertex -93.25 -3 0.8999999761581421
  endloop
endfacet
facet normal 0 0 0
  outer loop
    vertex -93.25 -3 0.8999999761581421
    vertex -94.25 -3 2
    vertex -93.25 -3 2
  endloop
endfacet
facet normal 0 0 0
  outer loop
    vertex -93.25 -2 0.8999999761581421
    vertex -93.25 -2 2
    vertex -93.25 2 0.8999999761581421
  endloop
endfacet
facet normal 0 0 0
  outer loop
    vertex -94.25 -3 0.8999999761581421
    vertex -94.25 3 2
    vertex -94.25 -3 2
  endloop
endfacet
facet normal 0 0 0
  outer loop
    vertex -93.38043212890625 -2.2173912525177 0.8999999761581421
    vertex -93.25 2 0.8999999761581421
    vertex -94.25 3 0.8999999761581421
  endloop
endfacet
facet normal 0 0 0
  outer loop
    vertex -93.25 2 0.8999999761581421
    vertex -93.25 3 0.8999999761581421
    vertex -94.25 3 0.8999999761581421
  endloop
endfacet
facet normal 0 0 0
  outer loop
    vertex -94.25 -3 0.8999999761581421
    vertex -94.25 3 0.8999999761581421
    vertex -94.25 3 2
  endloop
endfacet
facet normal 0 0 0
  outer loop
    vertex -93.25 -2 2
    vertex -93.25 2 2
    vertex -93.25 2 0.8999999761581421
  endloop
endfacet
facet normal 0 0 0
  outer loop
    vertex -94.25 3 0.8999999761581421
    vertex -93.25 3 0.8999999761581421
    vertex -93.25 3 2
  endloop
endfacet
facet normal 0 0 0
  outer loop
    vertex -94.25 3 0.8999999761581421
    vertex -93.25 3 2
    vertex -94.25 3 2
  endloop
endfacet
facet normal 0 0 0
  outer loop
    vertex -91.25 -3 0.8999999761581421
    vertex -90.25 -3 0.8999999761581421
    vertex -91.25 -2 0.8999999761581421
  endloop
endfacet
facet normal 0 0 0
  outer loop
    vertex -91.25 -2 0.8999999761581421
    vertex -90.25 -3 0.8999999761581421
    vertex -91.25 2 0.8999999761581421
  endloop
endfacet
facet normal 0 0 0
  outer loop
    vertex -90.25 -3 0.8999999761581421
    vertex -90.25 -2 0.8999999761581421
    vertex -91.25 2.25 0.8999999761581421
  endloop
endfacet
facet normal 0 0 0
  outer loop
    vertex -91.25 -3 0.8999999761581421
    vertex -91.25 -3 2
    vertex -90.25 -3 0.8999999761581421
  endloop
endfacet
facet normal 0 0 0
  outer loop
    vertex -90.25 -3 0.8999999761581421
    vertex -91.25 -3 2
    vertex -90.25 -3 2
  endloop
endfacet
facet normal 0 0 0
  outer loop
    vertex -91.25 -2 0.8999999761581421
    vertex -91.25 2 2
    vertex -91.25 -2 2
  endloop
endfacet
facet normal 0 0 0
  outer loop
    vertex -90.25 -2 0.8999999761581421
    vertex -90.25 -2 2
    vertex -90.25 2 1.100000023841858
  endloop
endfacet
facet normal 0 0 0
  outer loop
    vertex -90.25 -3 0.8999999761581421
    vertex -91.25 2.25 0.8999999761581421
    vertex -91.25 2 0.8999999761581421
  endloop
endfacet
facet normal 0 0 0
  outer loop
    vertex -90.25 -2 0.8999999761581421
    vertex -90.25 2 0.8999999761581421
    vertex -91.25 2.25 0.8999999761581421
  endloop
endfacet
facet normal 0 0 0
  outer loop
    vertex -90.25 -2 0.8999999761581421
    vertex -90.25 2 1.100000023841858
    vertex -90.25 2 0.8999999761581421
  endloop
endfacet
facet normal 0 0 0
  outer loop
    vertex -91.25 -2 0.8999999761581421
    vertex -91.25 2 0.8999999761581421
    vertex -91.25 2 2
  endloop
endfacet
facet normal 0 0 0
  outer loop
    vertex -90.82142639160156 3 1.414285659790039
    vertex -90.25 3 1.5
    vertex -90.25 3 2
  endloop
endfacet
facet normal 0 0 0
  outer loop
    vertex -90.82142639160156 3 1.414285659790039
    vertex -90.25 3 2
    vertex -91.25 3 1.7999999523162842
  endloop
endfacet
facet normal 0 0 0
  outer loop
    vertex -91.25 3 1.7999999523162842
    vertex -90.25 3 2
    vertex -91.25 3 2
  endloop
endfacet
facet normal 0 0 0
  outer loop
    vertex -90.25 -2 2
    vertex -90.25 2.454545497894287 1.5545454025268555
    vertex -90.25 2 1.100000023841858
  endloop
endfacet
facet normal 0 0 0
  outer loop
    vertex -90.25 -2 2
    vertex -90.25 3 2
    vertex -90.25 2.454545497894287 1.5545454025268555
  endloop
endfacet
facet normal 0 0 0
  outer loop
    vertex -90.25 2.454545497894287 1.5545454025268555
    vertex -90.25 3 2
    vertex -90.25 3 1.5
  endloop
endfacet
facet normal 0 0 0
  outer loop
    vertex -94.25 -3 0.8999999761581421
    vertex -93.25 -3 0.8999999761581421
    vertex -93.38043212890625 -2.2173912525177 0.8999999761581421
  endloop
endfacet
facet normal 0 0 0
  outer loop
    vertex -93.25 -3 0.8999999761581421
    vertex -91.25 -3 0.8999999761581421
    vertex -93.38043212890625 -2.2173912525177 0.8999999761581421
  endloop
endfacet
facet normal 0 0 0
  outer loop
    vertex -91.25 -3 0.8999999761581421
    vertex -93.25 -2 0.8999999761581421
    vertex -93.38043212890625 -2.2173912525177 0.8999999761581421
  endloop
endfacet
facet normal 0 0 0
  outer loop
    vertex -91.25 -3 0.8999999761581421
    vertex -91.25 -2 0.8999999761581421
    vertex -93.25 -2 0.8999999761581421
  endloop
endfacet
facet normal 0 0 0
  outer loop
    vertex -93.25 -3 0.8999999761581421
    vertex -93.25 -3 2
    vertex -91.25 -3 0.8999999761581421
  endloop
endfacet
facet normal 0 0 0
  outer loop
    vertex -91.25 -3 0.8999999761581421
    vertex -93.25 -3 2
    vertex -91.25 -3 2
  endloop
endfacet
facet normal 0 0 0
  outer loop
    vertex -93.25 -2 0.8999999761581421
    vertex -91.25 -2 0.8999999761581421
    vertex -91.25 -2 2
  endloop
endfacet
facet normal 0 0 0
  outer loop
    vertex -93.25 -2 0.8999999761581421
    vertex -91.25 -2 2
    vertex -93.25 -2 2
  endloop
endfacet
facet normal 0 0 0
  outer loop
    vertex -90.25 -3 0.8999999761581421
    vertex -90.25 -3 2
    vertex -90.25 -2 0.8999999761581421
  endloop
endfacet
facet normal 0 0 0
  outer loop
    vertex -90.25 -2 0.8999999761581421
    vertex -90.25 -3 2
    vertex -90.25 -2 2
  endloop
endfacet
facet normal 0 0 0
  outer loop
    vertex -93.25 2 0.8999999761581421
    vertex -91.25 2 0.8999999761581421
    vertex -91.25 2.25 0.8999999761581421
  endloop
endfacet
facet normal 0 0 0
  outer loop
    vertex -93.25 2 0.8999999761581421
    vertex -91.25 2.25 0.8999999761581421
    vertex -93.25 3 0.8999999761581421
  endloop
endfacet
facet normal 0 0 0
  outer loop
    vertex -91.25 2.25 0.8999999761581421
    vertex -90.25 2 0.8999999761581421
    vertex -90.25 3 0.8999999761581421
  endloop
endfacet
facet normal 0 0 0
  outer loop
    vertex -91.25 2.25 0.8999999761581421
    vertex -90.25 3 0.8999999761581421
    vertex -93.25 3 0.8999999761581421
  endloop
endfacet
facet normal 0 0 0
  outer loop
    vertex -93.25 2 0.8999999761581421
    vertex -93.25 2 2
    vertex -91.25 2 0.8999999761581421
  endloop
endfacet
facet normal 0 0 0
  outer loop
    vertex -91.25 2 0.8999999761581421
    vertex -93.25 2 2
    vertex -91.25 2 2
  endloop
endfacet
facet normal 0 0 0
  outer loop
    vertex -93.25 3 0.8999999761581421
    vertex -90.25 3 0.8999999761581421
    vertex -90.82142639160156 3 1.414285659790039
  endloop
endfacet
facet normal 0 0 0
  outer loop
    vertex -93.25 3 0.8999999761581421
    vertex -90.82142639160156 3 1.414285659790039
    vertex -91.25 3 1.7999999523162842
  endloop
endfacet
facet normal 0 0 0
  outer loop
    vertex -90.25 3 0.8999999761581421
    vertex -90.25 3 1.5
    vertex -90.82142639160156 3 1.414285659790039
  endloop
endfacet
facet normal 0 0 0
  outer loop
    vertex -93.25 3 0.8999999761581421
    vertex -91.25 3 2
    vertex -93.25 3 2
  endloop
endfacet
facet normal 0 0 0
  outer loop
    vertex -93.25 3 0.8999999761581421
    vertex -91.25 3 1.7999999523162842
    vertex -91.25 3 2
  endloop
endfacet
facet normal 0 0 0
  outer loop
    vertex -90.25 2 0.8999999761581421
    vertex -90.25 2 1.100000023841858
    vertex -90.25 2.454545497894287 1.5545454025268555
  endloop
endfacet
facet normal 0 0 0
  outer loop
    vertex -90.25 2 0.8999999761581421
    vertex -90.25 2.454545497894287 1.5545454025268555
    vertex -90.25 3 0.8999999761581421
  endloop
endfacet
facet normal 0 0 0
  outer loop
    vertex -90.25 3 0.8999999761581421
    vertex -90.25 2.454545497894287 1.5545454025268555
    vertex -90.25 3 1.5
  endloop
endfacet
facet normal 0 0 0
  outer loop
    vertex -89.05000305175781 -3 0.8999999761581421
    vertex -88.05000305175781 -3 0.8999999761581421
    vertex -88.55000305175781 0 0.8999999761581421
  endloop
endfacet
facet normal 0 0 0
  outer loop
    vertex -89.05000305175781 -3 0.8999999761581421
    vertex -88.55000305175781 0 0.8999999761581421
    vertex -89.05000305175781 0 0.8999999761581421
  endloop
endfacet
facet normal 0 0 0
  outer loop
    vertex -88.05000305175781 -3 0.8999999761581421
    vertex -88.05000305175781 0 0.8999999761581421
    vertex -88.55000305175781 0 0.8999999761581421
  endloop
endfacet
facet normal 0 0 0
  outer loop
    vertex -89.05000305175781 -3 0.8999999761581421
    vertex -89.05000305175781 -3 2
    vertex -88.05000305175781 -3 0.8999999761581421
  endloop
endfacet
facet normal 0 0 0
  outer loop
    vertex -88.05000305175781 -3 0.8999999761581421
    vertex -89.05000305175781 -3 2
    vertex -88.05000305175781 -3 2
  endloop
endfacet
facet normal 0 0 0
  outer loop
    vertex -88.05000305175781 -3 0.8999999761581421
    vertex -88.05000305175781 -3 2
    vertex -88.05000305175781 0 0.8999999761581421
  endloop
endfacet
facet normal 0 0 0
  outer loop
    vertex -89.05000305175781 -3 0.8999999761581421
    vertex -89.05000305175781 0 2
    vertex -89.05000305175781 -3 2
  endloop
endfacet
facet normal 0 0 0
  outer loop
    vertex -89.05000305175781 -3 0.8999999761581421
    vertex -89.05000305175781 0 0.8999999761581421
    vertex -89.05000305175781 0 2
  endloop
endfacet
facet normal 0 0 0
  outer loop
    vertex -88.05000305175781 -3 2
    vertex -88.05000305175781 0 2
    vertex -88.05000305175781 0 0.8999999761581421
  endloop
endfacet
facet normal 0 0 0
  outer loop
    vertex -89.05000305175781 0.4285714328289032 0.8999999761581421
    vertex -88.7021713256836 0.9130434989929199 0.8999999761581421
    vertex -89.05000305175781 1 0.8999999761581421
  endloop
endfacet
facet normal 0 0 0
  outer loop
    vertex -89.05000305175781 1 0.8999999761581421
    vertex -88.7021713256836 0.9130434989929199 0.8999999761581421
    vertex -89.05000305175781 2 0.8999999761581421
  endloop
endfacet
facet normal 0 0 0
  outer loop
    vertex -88.7021713256836 0.9130434989929199 0.8999999761581421
    vertex -88.71666717529297 1 0.8999999761581421
    vertex -89.05000305175781 2 0.8999999761581421
  endloop
endfacet
facet normal 0 0 0
  outer loop
    vertex -88.71666717529297 1 0.8999999761581421
    vertex -88.05000305175781 1 0.8999999761581421
    vertex -88.05000305175781 2 0.8999999761581421
  endloop
endfacet
facet normal 0 0 0
  outer loop
    vertex -88.71666717529297 1 0.8999999761581421
    vertex -88.88333129882812 2 0.8999999761581421
    vertex -89.05000305175781 2 0.8999999761581421
  endloop
endfacet
facet normal 0 0 0
  outer loop
    vertex -88.71666717529297 1 0.8999999761581421
    vertex -88.05000305175781 2 0.8999999761581421
    vertex -88.88333129882812 2 0.8999999761581421
  endloop
endfacet
facet normal 0 0 0
  outer loop
    vertex -89.05000305175781 1 0.8999999761581421
    vertex -89.05000305175781 2 0.8999999761581421
    vertex -89.05000305175781 2 2
  endloop
endfacet
facet normal 0 0 0
  outer loop
    vertex -88.05000305175781 1 0.8999999761581421
    vertex -88.05000305175781 1 2
    vertex -88.05000305175781 2 0.8999999761581421
  endloop
endfacet
facet normal 0 0 0
  outer loop
    vertex -89.05000305175781 1 0.8999999761581421
    vertex -89.05000305175781 2 2
    vertex -89.05000305175781 1 2
  endloop
endfacet
facet normal 0 0 0
  outer loop
    vertex -88.05000305175781 2 0.8999999761581421
    vertex -88.05000305175781 1 2
    vertex -88.05000305175781 2 2
  endloop
endfacet
facet normal 0 0 0
  outer loop
    vertex -89.05000305175781 2 0.8999999761581421
    vertex -88.88333129882812 2 0.8999999761581421
    vertex -89.05000305175781 3 0.8999999761581421
  endloop
endfacet
facet normal 0 0 0
  outer loop
    vertex -88.88333129882812 2 0.8999999761581421
    vertex -88.05000305175781 2 0.8999999761581421
    vertex -89.05000305175781 3 0.8999999761581421
  endloop
endfacet
facet normal 0 0 0
  outer loop
    vertex -88.05000305175781 2 0.8999999761581421
    vertex -86.05000305175781 2 0.8999999761581421
    vertex -89.05000305175781 3 0.8999999761581421
  endloop
endfacet
facet normal 0 0 0
  outer loop
    vertex -86.05000305175781 2 0.8999999761581421
    vertex -85.77727508544922 2.1818182468414307 0.8999999761581421
    vertex -89.05000305175781 3 0.8999999761581421
  endloop
endfacet
facet normal 0 0 0
  outer loop
    vertex -86.05000305175781 2 0.8999999761581421
    vertex -85.71666717529297 2 0.8999999761581421
    vertex -85.77727508544922 2.1818182468414307 0.8999999761581421
  endloop
endfacet
facet normal 0 0 0
  outer loop
    vertex -85.77727508544922 2.1818182468414307 0.8999999761581421
    vertex -85.05000305175781 3 0.8999999761581421
    vertex -89.05000305175781 3 0.8999999761581421
  endloop
endfacet
facet normal 0 0 0
  outer loop
    vertex -88.05000305175781 2 0.8999999761581421
    vertex -88.05000305175781 2 2
    vertex -86.05000305175781 2 0.8999999761581421
  endloop
endfacet
facet normal 0 0 0
  outer loop
    vertex -89.05000305175781 2 0.8999999761581421
    vertex -89.05000305175781 3 2
    vertex -89.05000305175781 2 2
  endloop
endfacet
facet normal 0 0 0
  outer loop
    vertex -86.05000305175781 2 0.8999999761581421
    vertex -88.05000305175781 2 2
    vertex -86.05000305175781 2 2
  endloop
endfacet
facet normal 0 0 0
  outer loop
    vertex -89.05000305175781 2 0.8999999761581421
    vertex -89.05000305175781 3 0.8999999761581421
    vertex -89.05000305175781 3 2
  endloop
endfacet
facet normal 0 0 0
  outer loop
    vertex -89.05000305175781 3 0.8999999761581421
    vertex -85.05000305175781 3 0.8999999761581421
    vertex -85.05000305175781 3 2
  endloop
endfacet
facet normal 0 0 0
  outer loop
    vertex -89.05000305175781 3 0.8999999761581421
    vertex -85.05000305175781 3 2
    vertex -89.05000305175781 3 2
  endloop
endfacet
facet normal 0 0 0
  outer loop
    vertex -89.05000305175781 0 0.8999999761581421
    vertex -88.55000305175781 0 0.8999999761581421
    vertex -89.05000305175781 0.4285714328289032 0.8999999761581421
  endloop
endfacet
facet normal 0 0 0
  outer loop
    vertex -88.55000305175781 0 0.8999999761581421
    vertex -88.05000305175781 0 0.8999999761581421
    vertex -88.7021713256836 0.9130434989929199 0.8999999761581421
  endloop
endfacet
facet normal 0 0 0
  outer loop
    vertex -89.05000305175781 0.4285714328289032 0.8999999761581421
    vertex -88.55000305175781 0 0.8999999761581421
    vertex -88.7021713256836 0.9130434989929199 0.8999999761581421
  endloop
endfacet
facet normal 0 0 0
  outer loop
    vertex -88.7021713256836 0.9130434989929199 0.8999999761581421
    vertex -88.05000305175781 1 0.8999999761581421
    vertex -88.71666717529297 1 0.8999999761581421
  endloop
endfacet
facet normal 0 0 0
  outer loop
    vertex -88.05000305175781 0 0.8999999761581421
    vertex -85.05000305175781 0 0.8999999761581421
    vertex -88.7021713256836 0.9130434989929199 0.8999999761581421
  endloop
endfacet
facet normal 0 0 0
  outer loop
    vertex -88.7021713256836 0.9130434989929199 0.8999999761581421
    vertex -85.05000305175781 0 0.8999999761581421
    vertex -86.05000305175781 1 0.8999999761581421
  endloop
endfacet
facet normal 0 0 0
  outer loop
    vertex -88.7021713256836 0.9130434989929199 0.8999999761581421
    vertex -86.05000305175781 1 0.8999999761581421
    vertex -88.05000305175781 1 0.8999999761581421
  endloop
endfacet
facet normal 0 0 0
  outer loop
    vertex -86.05000305175781 1 0.8999999761581421
    vertex -85.05000305175781 0 0.8999999761581421
    vertex -85.38333129882812 1 0.8999999761581421
  endloop
endfacet
facet normal 0 0 0
  outer loop
    vertex -89.05000305175781 0 0.8999999761581421
    vertex -89.05000305175781 0.4285714328289032 0.8999999761581421
    vertex -89.05000305175781 1 2
  endloop
endfacet
facet normal 0 0 0
  outer loop
    vertex -89.05000305175781 0.4285714328289032 0.8999999761581421
    vertex -89.05000305175781 1 0.8999999761581421
    vertex -89.05000305175781 1 2
  endloop
endfacet
facet normal 0 0 0
  outer loop
    vertex -88.05000305175781 0 0.8999999761581421
    vertex -88.05000305175781 0 2
    vertex -85.05000305175781 0 0.8999999761581421
  endloop
endfacet
facet normal 0 0 0
  outer loop
    vertex -88.05000305175781 1 0.8999999761581421
    vertex -86.05000305175781 1 0.8999999761581421
    vertex -86.05000305175781 1 2
  endloop
endfacet
facet normal 0 0 0
  outer loop
    vertex -89.05000305175781 0 0.8999999761581421
    vertex -89.05000305175781 1 2
    vertex -89.05000305175781 0 2
  endloop
endfacet
facet normal 0 0 0
  outer loop
    vertex -85.05000305175781 0 0.8999999761581421
    vertex -88.05000305175781 0 2
    vertex -85.05000305175781 0 2
  endloop
endfacet
facet normal 0 0 0
  outer loop
    vertex -88.05000305175781 1 0.8999999761581421
    vertex -86.05000305175781 1 2
    vertex -88.05000305175781 1 2
  endloop
endfacet
facet normal 0 0 0
  outer loop
    vertex -86.05000305175781 1 0.8999999761581421
    vertex -85.38333129882812 1 0.8999999761581421
    vertex -85.71666717529297 2 0.8999999761581421
  endloop
endfacet
facet normal 0 0 0
  outer loop
    vertex -86.05000305175781 1 0.8999999761581421
    vertex -85.71666717529297 2 0.8999999761581421
    vertex -86.05000305175781 2 0.8999999761581421
  endloop
endfacet
facet normal 0 0 0
  outer loop
    vertex -85.38333129882812 1 0.8999999761581421
    vertex -85.05000305175781 3 0.8999999761581421
    vertex -85.71666717529297 2 0.8999999761581421
  endloop
endfacet
facet normal 0 0 0
  outer loop
    vertex -85.71666717529297 2 0.8999999761581421
    vertex -85.05000305175781 3 0.8999999761581421
    vertex -85.77727508544922 2.1818182468414307 0.8999999761581421
  endloop
endfacet
facet normal 0 0 0
  outer loop
    vertex -85.38333129882812 1 0.8999999761581421
    vertex -85.05000305175781 0 0.8999999761581421
    vertex -85.05000305175781 3 0.8999999761581421
  endloop
endfacet
facet normal 0 0 0
  outer loop
    vertex -86.05000305175781 1 0.8999999761581421
    vertex -86.05000305175781 2 0.8999999761581421
    vertex -86.05000305175781 2 2
  endloop
endfacet
facet normal 0 0 0
  outer loop
    vertex -86.05000305175781 1 0.8999999761581421
    vertex -86.05000305175781 2 2
    vertex -86.05000305175781 1 2
  endloop
endfacet
facet normal 0 0 0
  outer loop
    vertex -85.05000305175781 0 0.8999999761581421
    vertex -85.05000305175781 0 2
    vertex -85.05000305175781 3 0.8999999761581421
  endloop
endfacet
facet normal 0 0 0
  outer loop
    vertex -85.05000305175781 3 0.8999999761581421
    vertex -85.05000305175781 0 2
    vertex -85.05000305175781 3 2
  endloop
endfacet
facet normal 0 0 0
  outer loop
    vertex -57.45000076293945 2 0.8999999761581421
    vertex -55.95000076293945 2 0.8999999761581421
    vertex -55.95000076293945 2.625 0.8999999761581421
  endloop
endfacet
facet normal 0 0 0
  outer loop
    vertex -54.95000076293945 2 0.8999999761581421
    vertex -53.45000076293945 2 0.8999999761581421
    vertex -55.88478088378906 2.6086957454681396 0.8999999761581421
  endloop
endfacet
facet normal 0 0 0
  outer loop
    vertex -57.45000076293945 2 0.8999999761581421
    vertex -55.95000076293945 2.625 0.8999999761581421
    vertex -57.45000076293945 3 0.8999999761581421
  endloop
endfacet
facet normal 0 0 0
  outer loop
    vertex -55.88478088378906 2.6086957454681396 0.8999999761581421
    vertex -53.45000076293945 3 0.8999999761581421
    vertex -55.95000076293945 2.625 0.8999999761581421
  endloop
endfacet
facet normal 0 0 0
  outer loop
    vertex -57.45000076293945 3 0.8999999761581421
    vertex -55.95000076293945 2.625 0.8999999761581421
    vertex -53.45000076293945 3 0.8999999761581421
  endloop
endfacet
facet normal 0 0 0
  outer loop
    vertex -53.45000076293945 2 0.8999999761581421
    vertex -53.45000076293945 3 0.8999999761581421
    vertex -55.88478088378906 2.6086957454681396 0.8999999761581421
  endloop
endfacet
facet normal 0 0 0
  outer loop
    vertex -57.45000076293945 2 0.8999999761581421
    vertex -57.45000076293945 2 2
    vertex -55.95000076293945 2 0.8999999761581421
  endloop
endfacet
facet normal 0 0 0
  outer loop
    vertex -57.45000076293945 2 0.8999999761581421
    vertex -57.45000076293945 3 2
    vertex -57.45000076293945 2 2
  endloop
endfacet
facet normal 0 0 0
  outer loop
    vertex -55.95000076293945 2 0.8999999761581421
    vertex -57.45000076293945 2 2
    vertex -55.95000076293945 2 2
  endloop
endfacet
facet normal 0 0 0
  outer loop
    vertex -54.95000076293945 2 0.8999999761581421
    vertex -54.95000076293945 2 2
    vertex -53.45000076293945 2 0.8999999761581421
  endloop
endfacet
facet normal 0 0 0
  outer loop
    vertex -53.45000076293945 2 0.8999999761581421
    vertex -53.45000076293945 2 2
    vertex -53.45000076293945 3 0.8999999761581421
  endloop
endfacet
facet normal 0 0 0
  outer loop
    vertex -53.45000076293945 2 0.8999999761581421
    vertex -54.95000076293945 2 2
    vertex -53.45000076293945 2 2
  endloop
endfacet
facet normal 0 0 0
  outer loop
    vertex -57.45000076293945 2 0.8999999761581421
    vertex -57.45000076293945 3 0.8999999761581421
    vertex -57.45000076293945 3 2
  endloop
endfacet
facet normal 0 0 0
  outer loop
    vertex -57.45000076293945 3 0.8999999761581421
    vertex -53.45000076293945 3 0.8999999761581421
    vertex -53.45000076293945 3 2
  endloop
endfacet
facet normal 0 0 0
  outer loop
    vertex -57.45000076293945 3 0.8999999761581421
    vertex -53.45000076293945 3 2
    vertex -57.45000076293945 3 2
  endloop
endfacet
facet normal 0 0 0
  outer loop
    vertex -53.45000076293945 3 0.8999999761581421
    vertex -53.45000076293945 2 2
    vertex -53.45000076293945 3 2
  endloop
endfacet
facet normal 0 0 0
  outer loop
    vertex -55.95000076293945 -3 0.8999999761581421
    vertex -54.95000076293945 -3 0.8999999761581421
    vertex -55.95000076293945 2 0.8999999761581421
  endloop
endfacet
facet normal 0 0 0
  outer loop
    vertex -55.95000076293945 -3 0.8999999761581421
    vertex -55.95000076293945 -3 2
    vertex -54.95000076293945 -3 0.8999999761581421
  endloop
endfacet
facet normal 0 0 0
  outer loop
    vertex -54.95000076293945 -3 0.8999999761581421
    vertex -55.95000076293945 -3 2
    vertex -54.95000076293945 -3 2
  endloop
endfacet
facet normal 0 0 0
  outer loop
    vertex -54.95000076293945 -3 0.8999999761581421
    vertex -54.95000076293945 -3 2
    vertex -54.95000076293945 2 0.8999999761581421
  endloop
endfacet
facet normal 0 0 0
  outer loop
    vertex -55.95000076293945 -3 0.8999999761581421
    vertex -55.95000076293945 2 2
    vertex -55.95000076293945 -3 2
  endloop
endfacet
facet normal 0 0 0
  outer loop
    vertex -54.95000076293945 -3 0.8999999761581421
    vertex -55.88478088378906 2.6086957454681396 0.8999999761581421
    vertex -55.95000076293945 2 0.8999999761581421
  endloop
endfacet
facet normal 0 0 0
  outer loop
    vertex -54.95000076293945 -3 0.8999999761581421
    vertex -54.95000076293945 2 0.8999999761581421
    vertex -55.88478088378906 2.6086957454681396 0.8999999761581421
  endloop
endfacet
facet normal 0 0 0
  outer loop
    vertex -55.95000076293945 2 0.8999999761581421
    vertex -55.88478088378906 2.6086957454681396 0.8999999761581421
    vertex -55.95000076293945 2.625 0.8999999761581421
  endloop
endfacet
facet normal 0 0 0
  outer loop
    vertex -55.95000076293945 -3 0.8999999761581421
    vertex -55.95000076293945 2 0.8999999761581421
    vertex -55.95000076293945 2 2
  endloop
endfacet
facet normal 0 0 0
  outer loop
    vertex -54.95000076293945 -3 2
    vertex -54.95000076293945 2 2
    vertex -54.95000076293945 2 0.8999999761581421
  endloop
endfacet
facet normal 0 0 0
  outer loop
    vertex -52.25 -3 0.8999999761581421
    vertex -51.380435943603516 -2.2173912525177 0.8999999761581421
    vertex -52.25 3 0.8999999761581421
  endloop
endfacet
facet normal 0 0 0
  outer loop
    vertex -51.380435943603516 -2.2173912525177 0.8999999761581421
    vertex -51.25 -2 0.8999999761581421
    vertex -51.25 2 0.8999999761581421
  endloop
endfacet
facet normal 0 0 0
  outer loop
    vertex -52.25 -3 0.8999999761581421
    vertex -52.25 -3 2
    vertex -51.25 -3 0.8999999761581421
  endloop
endfacet
facet normal 0 0 0
  outer loop
    vertex -51.25 -3 0.8999999761581421
    vertex -52.25 -3 2
    vertex -51.25 -3 2
  endloop
endfacet
facet normal 0 0 0
  outer loop
    vertex -51.25 -2 0.8999999761581421
    vertex -51.25 -2 2
    vertex -51.25 2 0.8999999761581421
  endloop
endfacet
facet normal 0 0 0
  outer loop
    vertex -52.25 -3 0.8999999761581421
    vertex -52.25 3 2
    vertex -52.25 -3 2
  endloop
endfacet
facet normal 0 0 0
  outer loop
    vertex -51.380435943603516 -2.2173912525177 0.8999999761581421
    vertex -51.25 2 0.8999999761581421
    vertex -52.25 3 0.8999999761581421
  endloop
endfacet
facet normal 0 0 0
  outer loop
    vertex -51.25 2 0.8999999761581421
    vertex -51.25 3 0.8999999761581421
    vertex -52.25 3 0.8999999761581421
  endloop
endfacet
facet normal 0 0 0
  outer loop
    vertex -52.25 -3 0.8999999761581421
    vertex -52.25 3 0.8999999761581421
    vertex -52.25 3 2
  endloop
endfacet
facet normal 0 0 0
  outer loop
    vertex -51.25 -2 2
    vertex -51.25 2 2
    vertex -51.25 2 0.8999999761581421
  endloop
endfacet
facet normal 0 0 0
  outer loop
    vertex -52.25 3 0.8999999761581421
    vertex -51.25 3 0.8999999761581421
    vertex -51.25 3 2
  endloop
endfacet
facet normal 0 0 0
  outer loop
    vertex -52.25 3 0.8999999761581421
    vertex -51.25 3 2
    vertex -52.25 3 2
  endloop
endfacet
facet normal 0 0 0
  outer loop
    vertex -49.25 -3 0.8999999761581421
    vertex -48.25 -3 0.8999999761581421
    vertex -49.25 -2 0.8999999761581421
  endloop
endfacet
facet normal 0 0 0
  outer loop
    vertex -48.25 -3 0.8999999761581421
    vertex -49.25 2 0.8999999761581421
    vertex -49.25 -2 0.8999999761581421
  endloop
endfacet
facet normal 0 0 0
  outer loop
    vertex -48.25 -3 0.8999999761581421
    vertex -48.25 -2 0.8999999761581421
    vertex -49.25 2.25 0.8999999761581421
  endloop
endfacet
facet normal 0 0 0
  outer loop
    vertex -49.25 -3 0.8999999761581421
    vertex -49.25 -3 2
    vertex -48.25 -3 0.8999999761581421
  endloop
endfacet
facet normal 0 0 0
  outer loop
    vertex -48.25 -3 0.8999999761581421
    vertex -49.25 -3 2
    vertex -48.25 -3 2
  endloop
endfacet
facet normal 0 0 0
  outer loop
    vertex -48.25 -2 0.8999999761581421
    vertex -48.25 -2 2
    vertex -48.25 2 1.100000023841858
  endloop
endfacet
facet normal 0 0 0
  outer loop
    vertex -49.25 -2 0.8999999761581421
    vertex -49.25 2 2
    vertex -49.25 -2 2
  endloop
endfacet
facet normal 0 0 0
  outer loop
    vertex -48.25 -3 0.8999999761581421
    vertex -49.25 2.25 0.8999999761581421
    vertex -49.25 2 0.8999999761581421
  endloop
endfacet
facet normal 0 0 0
  outer loop
    vertex -48.25 -2 0.8999999761581421
    vertex -48.25 2 0.8999999761581421
    vertex -49.25 2.25 0.8999999761581421
  endloop
endfacet
facet normal 0 0 0
  outer loop
    vertex -48.25 -2 0.8999999761581421
    vertex -48.25 2 1.100000023841858
    vertex -48.25 2 0.8999999761581421
  endloop
endfacet
facet normal 0 0 0
  outer loop
    vertex -49.25 -2 0.8999999761581421
    vertex -49.25 2 0.8999999761581421
    vertex -49.25 2 2
  endloop
endfacet
facet normal 0 0 0
  outer loop
    vertex -48.25 -2 2
    vertex -48.25 2.454545497894287 1.5545454025268555
    vertex -48.25 2 1.100000023841858
  endloop
endfacet
facet normal 0 0 0
  outer loop
    vertex -48.25 -2 2
    vertex -48.25 3 2
    vertex -48.25 2.454545497894287 1.5545454025268555
  endloop
endfacet
facet normal 0 0 0
  outer loop
    vertex -48.82143020629883 3 1.414285659790039
    vertex -48.25 3 1.5
    vertex -48.25 3 2
  endloop
endfacet
facet normal 0 0 0
  outer loop
    vertex -48.82143020629883 3 1.414285659790039
    vertex -48.25 3 2
    vertex -49.25 3 1.7999999523162842
  endloop
endfacet
facet normal 0 0 0
  outer loop
    vertex -48.25 2.454545497894287 1.5545454025268555
    vertex -48.25 3 2
    vertex -48.25 3 1.5
  endloop
endfacet
facet normal 0 0 0
  outer loop
    vertex -49.25 3 1.7999999523162842
    vertex -48.25 3 2
    vertex -49.25 3 2
  endloop
endfacet
facet normal 0 0 0
  outer loop
    vertex -52.25 -3 0.8999999761581421
    vertex -51.25 -3 0.8999999761581421
    vertex -51.380435943603516 -2.2173912525177 0.8999999761581421
  endloop
endfacet
facet normal 0 0 0
  outer loop
    vertex -51.25 -3 0.8999999761581421
    vertex -49.25 -3 0.8999999761581421
    vertex -51.380435943603516 -2.2173912525177 0.8999999761581421
  endloop
endfacet
facet normal 0 0 0
  outer loop
    vertex -51.380435943603516 -2.2173912525177 0.8999999761581421
    vertex -49.25 -3 0.8999999761581421
    vertex -51.25 -2 0.8999999761581421
  endloop
endfacet
facet normal 0 0 0
  outer loop
    vertex -51.25 -2 0.8999999761581421
    vertex -49.25 -3 0.8999999761581421
    vertex -49.25 -2 0.8999999761581421
  endloop
endfacet
facet normal 0 0 0
  outer loop
    vertex -51.25 -3 0.8999999761581421
    vertex -51.25 -3 2
    vertex -49.25 -3 0.8999999761581421
  endloop
endfacet
facet normal 0 0 0
  outer loop
    vertex -49.25 -3 0.8999999761581421
    vertex -51.25 -3 2
    vertex -49.25 -3 2
  endloop
endfacet
facet normal 0 0 0
  outer loop
    vertex -51.25 -2 0.8999999761581421
    vertex -49.25 -2 0.8999999761581421
    vertex -49.25 -2 2
  endloop
endfacet
facet normal 0 0 0
  outer loop
    vertex -51.25 -2 0.8999999761581421
    vertex -49.25 -2 2
    vertex -51.25 -2 2
  endloop
endfacet
facet normal 0 0 0
  outer loop
    vertex -48.25 -3 0.8999999761581421
    vertex -48.25 -3 2
    vertex -48.25 -2 0.8999999761581421
  endloop
endfacet
facet normal 0 0 0
  outer loop
    vertex -48.25 -2 0.8999999761581421
    vertex -48.25 -3 2
    vertex -48.25 -2 2
  endloop
endfacet
facet normal 0 0 0
  outer loop
    vertex -51.25 2 0.8999999761581421
    vertex -49.25 2 0.8999999761581421
    vertex -49.25 2.25 0.8999999761581421
  endloop
endfacet
facet normal 0 0 0
  outer loop
    vertex -51.25 2 0.8999999761581421
    vertex -49.25 2.25 0.8999999761581421
    vertex -51.25 3 0.8999999761581421
  endloop
endfacet
facet normal 0 0 0
  outer loop
    vertex -49.25 2.25 0.8999999761581421
    vertex -48.25 2 0.8999999761581421
    vertex -48.25 3 0.8999999761581421
  endloop
endfacet
facet normal 0 0 0
  outer loop
    vertex -51.25 3 0.8999999761581421
    vertex -49.25 2.25 0.8999999761581421
    vertex -48.25 3 0.8999999761581421
  endloop
endfacet
facet normal 0 0 0
  outer loop
    vertex -51.25 2 0.8999999761581421
    vertex -51.25 2 2
    vertex -49.25 2 0.8999999761581421
  endloop
endfacet
facet normal 0 0 0
  outer loop
    vertex -49.25 2 0.8999999761581421
    vertex -51.25 2 2
    vertex -49.25 2 2
  endloop
endfacet
facet normal 0 0 0
  outer loop
    vertex -51.25 3 0.8999999761581421
    vertex -48.82143020629883 3 1.414285659790039
    vertex -49.25 3 1.7999999523162842
  endloop
endfacet
facet normal 0 0 0
  outer loop
    vertex -51.25 3 0.8999999761581421
    vertex -49.25 3 2
    vertex -51.25 3 2
  endloop
endfacet
facet normal 0 0 0
  outer loop
    vertex -51.25 3 0.8999999761581421
    vertex -49.25 3 1.7999999523162842
    vertex -49.25 3 2
  endloop
endfacet
facet normal 0 0 0
  outer loop
    vertex -48.25 2 0.8999999761581421
    vertex -48.25 2 1.100000023841858
    vertex -48.25 2.454545497894287 1.5545454025268555
  endloop
endfacet
facet normal 0 0 0
  outer loop
    vertex -48.25 2 0.8999999761581421
    vertex -48.25 2.454545497894287 1.5545454025268555
    vertex -48.25 3 0.8999999761581421
  endloop
endfacet
facet normal 0 0 0
  outer loop
    vertex -51.25 3 0.8999999761581421
    vertex -48.25 3 0.8999999761581421
    vertex -48.82143020629883 3 1.414285659790039
  endloop
endfacet
facet normal 0 0 0
  outer loop
    vertex -48.25 3 0.8999999761581421
    vertex -48.25 3 1.5
    vertex -48.82143020629883 3 1.414285659790039
  endloop
endfacet
facet normal 0 0 0
  outer loop
    vertex -48.25 3 0.8999999761581421
    vertex -48.25 2.454545497894287 1.5545454025268555
    vertex -48.25 3 1.5
  endloop
endfacet
facet normal 0 0 0
  outer loop
    vertex -47.04999923706055 -3 0.8999999761581421
    vertex -46.04999923706055 -3 0.8999999761581421
    vertex -46.54999923706055 0 0.8999999761581421
  endloop
endfacet
facet normal 0 0 0
  outer loop
    vertex -47.04999923706055 -3 0.8999999761581421
    vertex -46.54999923706055 0 0.8999999761581421
    vertex -47.04999923706055 0 0.8999999761581421
  endloop
endfacet
facet normal 0 0 0
  outer loop
    vertex -46.04999923706055 -3 0.8999999761581421
    vertex -46.04999923706055 0 0.8999999761581421
    vertex -46.54999923706055 0 0.8999999761581421
  endloop
endfacet
facet normal 0 0 0
  outer loop
    vertex -47.04999923706055 -3 0.8999999761581421
    vertex -47.04999923706055 -3 2
    vertex -46.04999923706055 -3 0.8999999761581421
  endloop
endfacet
facet normal 0 0 0
  outer loop
    vertex -46.04999923706055 -3 0.8999999761581421
    vertex -47.04999923706055 -3 2
    vertex -46.04999923706055 -3 2
  endloop
endfacet
facet normal 0 0 0
  outer loop
    vertex -46.04999923706055 -3 0.8999999761581421
    vertex -46.04999923706055 -3 2
    vertex -46.04999923706055 0 0.8999999761581421
  endloop
endfacet
facet normal 0 0 0
  outer loop
    vertex -47.04999923706055 -3 0.8999999761581421
    vertex -47.04999923706055 0 2
    vertex -47.04999923706055 -3 2
  endloop
endfacet
facet normal 0 0 0
  outer loop
    vertex -47.04999923706055 -3 0.8999999761581421
    vertex -47.04999923706055 0 0.8999999761581421
    vertex -47.04999923706055 0 2
  endloop
endfacet
facet normal 0 0 0
  outer loop
    vertex -46.04999923706055 -3 2
    vertex -46.04999923706055 0 2
    vertex -46.04999923706055 0 0.8999999761581421
  endloop
endfacet
facet normal 0 0 0
  outer loop
    vertex -47.04999923706055 0.4285714328289032 0.8999999761581421
    vertex -46.70217514038086 0.9130434989929199 0.8999999761581421
    vertex -47.04999923706055 1 0.8999999761581421
  endloop
endfacet
facet normal 0 0 0
  outer loop
    vertex -46.70217514038086 0.9130434989929199 0.8999999761581421
    vertex -47.04999923706055 2 0.8999999761581421
    vertex -47.04999923706055 1 0.8999999761581421
  endloop
endfacet
facet normal 0 0 0
  outer loop
    vertex -46.70217514038086 0.9130434989929199 0.8999999761581421
    vertex -46.71666717529297 1 0.8999999761581421
    vertex -47.04999923706055 2 0.8999999761581421
  endloop
endfacet
facet normal 0 0 0
  outer loop
    vertex -46.71666717529297 1 0.8999999761581421
    vertex -46.04999923706055 1 0.8999999761581421
    vertex -46.04999923706055 2 0.8999999761581421
  endloop
endfacet
facet normal 0 0 0
  outer loop
    vertex -46.71666717529297 1 0.8999999761581421
    vertex -46.88333511352539 2 0.8999999761581421
    vertex -47.04999923706055 2 0.8999999761581421
  endloop
endfacet
facet normal 0 0 0
  outer loop
    vertex -46.71666717529297 1 0.8999999761581421
    vertex -46.04999923706055 2 0.8999999761581421
    vertex -46.88333511352539 2 0.8999999761581421
  endloop
endfacet
facet normal 0 0 0
  outer loop
    vertex -46.04999923706055 1 0.8999999761581421
    vertex -46.04999923706055 1 2
    vertex -46.04999923706055 2 0.8999999761581421
  endloop
endfacet
facet normal 0 0 0
  outer loop
    vertex -47.04999923706055 1 0.8999999761581421
    vertex -47.04999923706055 2 0.8999999761581421
    vertex -47.04999923706055 2 2
  endloop
endfacet
facet normal 0 0 0
  outer loop
    vertex -47.04999923706055 1 0.8999999761581421
    vertex -47.04999923706055 2 2
    vertex -47.04999923706055 1 2
  endloop
endfacet
facet normal 0 0 0
  outer loop
    vertex -46.04999923706055 2 0.8999999761581421
    vertex -46.04999923706055 1 2
    vertex -46.04999923706055 2 2
  endloop
endfacet
facet normal 0 0 0
  outer loop
    vertex -47.04999923706055 2 0.8999999761581421
    vertex -46.88333511352539 2 0.8999999761581421
    vertex -47.04999923706055 3 0.8999999761581421
  endloop
endfacet
facet normal 0 0 0
  outer loop
    vertex -46.88333511352539 2 0.8999999761581421
    vertex -46.04999923706055 2 0.8999999761581421
    vertex -47.04999923706055 3 0.8999999761581421
  endloop
endfacet
facet normal 0 0 0
  outer loop
    vertex -46.04999923706055 2 0.8999999761581421
    vertex -44.04999923706055 2 0.8999999761581421
    vertex -47.04999923706055 3 0.8999999761581421
  endloop
endfacet
facet normal 0 0 0
  outer loop
    vertex -44.04999923706055 2 0.8999999761581421
    vertex -43.77727127075195 2.1818182468414307 0.8999999761581421
    vertex -47.04999923706055 3 0.8999999761581421
  endloop
endfacet
facet normal 0 0 0
  outer loop
    vertex -44.04999923706055 2 0.8999999761581421
    vertex -43.71666717529297 2 0.8999999761581421
    vertex -43.77727127075195 2.1818182468414307 0.8999999761581421
  endloop
endfacet
facet normal 0 0 0
  outer loop
    vertex -43.77727127075195 2.1818182468414307 0.8999999761581421
    vertex -43.04999923706055 3 0.8999999761581421
    vertex -47.04999923706055 3 0.8999999761581421
  endloop
endfacet
facet normal 0 0 0
  outer loop
    vertex -46.04999923706055 2 0.8999999761581421
    vertex -46.04999923706055 2 2
    vertex -44.04999923706055 2 0.8999999761581421
  endloop
endfacet
facet normal 0 0 0
  outer loop
    vertex -47.04999923706055 2 0.8999999761581421
    vertex -47.04999923706055 3 2
    vertex -47.04999923706055 2 2
  endloop
endfacet
facet normal 0 0 0
  outer loop
    vertex -44.04999923706055 2 0.8999999761581421
    vertex -46.04999923706055 2 2
    vertex -44.04999923706055 2 2
  endloop
endfacet
facet normal 0 0 0
  outer loop
    vertex -47.04999923706055 2 0.8999999761581421
    vertex -47.04999923706055 3 0.8999999761581421
    vertex -47.04999923706055 3 2
  endloop
endfacet
facet normal 0 0 0
  outer loop
    vertex -47.04999923706055 3 0.8999999761581421
    vertex -43.04999923706055 3 2
    vertex -47.04999923706055 3 2
  endloop
endfacet
facet normal 0 0 0
  outer loop
    vertex -47.04999923706055 3 0.8999999761581421
    vertex -43.04999923706055 3 0.8999999761581421
    vertex -43.04999923706055 3 2
  endloop
endfacet
facet normal 0 0 0
  outer loop
    vertex -47.04999923706055 0 0.8999999761581421
    vertex -46.54999923706055 0 0.8999999761581421
    vertex -47.04999923706055 0.4285714328289032 0.8999999761581421
  endloop
endfacet
facet normal 0 0 0
  outer loop
    vertex -46.54999923706055 0 0.8999999761581421
    vertex -46.04999923706055 0 0.8999999761581421
    vertex -46.70217514038086 0.9130434989929199 0.8999999761581421
  endloop
endfacet
facet normal 0 0 0
  outer loop
    vertex -46.54999923706055 0 0.8999999761581421
    vertex -46.70217514038086 0.9130434989929199 0.8999999761581421
    vertex -47.04999923706055 0.4285714328289032 0.8999999761581421
  endloop
endfacet
facet normal 0 0 0
  outer loop
    vertex -46.04999923706055 0 0.8999999761581421
    vertex -43.04999923706055 0 0.8999999761581421
    vertex -46.70217514038086 0.9130434989929199 0.8999999761581421
  endloop
endfacet
facet normal 0 0 0
  outer loop
    vertex -46.70217514038086 0.9130434989929199 0.8999999761581421
    vertex -46.04999923706055 1 0.8999999761581421
    vertex -46.71666717529297 1 0.8999999761581421
  endloop
endfacet
facet normal 0 0 0
  outer loop
    vertex -46.70217514038086 0.9130434989929199 0.8999999761581421
    vertex -44.04999923706055 1 0.8999999761581421
    vertex -46.04999923706055 1 0.8999999761581421
  endloop
endfacet
facet normal 0 0 0
  outer loop
    vertex -46.70217514038086 0.9130434989929199 0.8999999761581421
    vertex -43.04999923706055 0 0.8999999761581421
    vertex -44.04999923706055 1 0.8999999761581421
  endloop
endfacet
facet normal 0 0 0
  outer loop
    vertex -43.04999923706055 0 0.8999999761581421
    vertex -43.38333511352539 1 0.8999999761581421
    vertex -44.04999923706055 1 0.8999999761581421
  endloop
endfacet
facet normal 0 0 0
  outer loop
    vertex -47.04999923706055 0 0.8999999761581421
    vertex -47.04999923706055 0.4285714328289032 0.8999999761581421
    vertex -47.04999923706055 1 2
  endloop
endfacet
facet normal 0 0 0
  outer loop
    vertex -46.04999923706055 0 0.8999999761581421
    vertex -46.04999923706055 0 2
    vertex -43.04999923706055 0 0.8999999761581421
  endloop
endfacet
facet normal 0 0 0
  outer loop
    vertex -47.04999923706055 0.4285714328289032 0.8999999761581421
    vertex -47.04999923706055 1 0.8999999761581421
    vertex -47.04999923706055 1 2
  endloop
endfacet
facet normal 0 0 0
  outer loop
    vertex -46.04999923706055 1 0.8999999761581421
    vertex -44.04999923706055 1 0.8999999761581421
    vertex -44.04999923706055 1 2
  endloop
endfacet
facet normal 0 0 0
  outer loop
    vertex -47.04999923706055 0 0.8999999761581421
    vertex -47.04999923706055 1 2
    vertex -47.04999923706055 0 2
  endloop
endfacet
facet normal 0 0 0
  outer loop
    vertex -46.04999923706055 1 0.8999999761581421
    vertex -44.04999923706055 1 2
    vertex -46.04999923706055 1 2
  endloop
endfacet
facet normal 0 0 0
  outer loop
    vertex -43.04999923706055 0 0.8999999761581421
    vertex -46.04999923706055 0 2
    vertex -43.04999923706055 0 2
  endloop
endfacet
facet normal 0 0 0
  outer loop
    vertex -44.04999923706055 1 0.8999999761581421
    vertex -43.38333511352539 1 0.8999999761581421
    vertex -43.71666717529297 2 0.8999999761581421
  endloop
endfacet
facet normal 0 0 0
  outer loop
    vertex -44.04999923706055 1 0.8999999761581421
    vertex -43.71666717529297 2 0.8999999761581421
    vertex -44.04999923706055 2 0.8999999761581421
  endloop
endfacet
facet normal 0 0 0
  outer loop
    vertex -43.04999923706055 0 0.8999999761581421
    vertex -43.04999923706055 3 0.8999999761581421
    vertex -43.38333511352539 1 0.8999999761581421
  endloop
endfacet
facet normal 0 0 0
  outer loop
    vertex -43.38333511352539 1 0.8999999761581421
    vertex -43.04999923706055 3 0.8999999761581421
    vertex -43.71666717529297 2 0.8999999761581421
  endloop
endfacet
facet normal 0 0 0
  outer loop
    vertex -43.71666717529297 2 0.8999999761581421
    vertex -43.04999923706055 3 0.8999999761581421
    vertex -43.77727127075195 2.1818182468414307 0.8999999761581421
  endloop
endfacet
facet normal 0 0 0
  outer loop
    vertex -43.04999923706055 0 0.8999999761581421
    vertex -43.04999923706055 0 2
    vertex -43.04999923706055 3 0.8999999761581421
  endloop
endfacet
facet normal 0 0 0
  outer loop
    vertex -44.04999923706055 1 0.8999999761581421
    vertex -44.04999923706055 2 0.8999999761581421
    vertex -44.04999923706055 2 2
  endloop
endfacet
facet normal 0 0 0
  outer loop
    vertex -44.04999923706055 1 0.8999999761581421
    vertex -44.04999923706055 2 2
    vertex -44.04999923706055 1 2
  endloop
endfacet
facet normal 0 0 0
  outer loop
    vertex -43.04999923706055 3 0.8999999761581421
    vertex -43.04999923706055 0 2
    vertex -43.04999923706055 3 2
  endloop
endfacet
facet normal 0 0 0
  outer loop
    vertex -2.194766044616699 -11.033834457397461 -2
    vertex -2.329840660095215 -11 -2
    vertex -3.1753571033477783 -10.46774959564209 -2
  endloop
endfacet
facet normal 0 0 0
  outer loop
    vertex -2.194766044616699 -11.033834457397461 -2
    vertex -3.1753571033477783 -10.46774959564209 -2
    vertex -1.1026928424835205 -11.195828437805176 -2
  endloop
endfacet
facet normal 0 0 0
  outer loop
    vertex -3.1753571033477783 -10.46774959564209 -2
    vertex 2.220446049250313e-16 -11.25 -2
    vertex -1.1026928424835205 -11.195828437805176 -2
  endloop
endfacet
facet normal 0 0 0
  outer loop
    vertex -3.1753571033477783 -10.46774959564209 -2
    vertex -0.22147318720817566 -10.96287727355957 -2
    vertex 2.220446049250313e-16 -11.25 -2
  endloop
endfacet
facet normal 0 0 0
  outer loop
    vertex 2.220446049250313e-16 -11.25 -2
    vertex 0.9920749068260193 -10.072705268859863 -2
    vertex 1.1026928424835205 -11.195828437805176 -2
  endloop
endfacet
facet normal 0 0 0
  outer loop
    vertex 2.220446049250313e-16 -11.25 -2
    vertex 0.980736255645752 -9.957582473754883 -2
    vertex 0.9920749068260193 -10.072705268859863 -2
  endloop
endfacet
facet normal 0 0 0
  outer loop
    vertex -2.194766044616699 -11.033834457397461 -2
    vertex -2.329840660095215 -11 2
    vertex -2.329840660095215 -11 -2
  endloop
endfacet
facet normal 0 0 0
  outer loop
    vertex -2.194766044616699 -11.033834457397461 -2
    vertex -1.1026928424835205 -11.195828437805176 -2
    vertex -2.194766044616699 -11.033834457397461 2
  endloop
endfacet
facet normal 0 0 0
  outer loop
    vertex -1.1026928424835205 -11.195828437805176 -2
    vertex 2.220446049250313e-16 -11.25 -2
    vertex -1.1026928424835205 -11.195828437805176 2
  endloop
endfacet
facet normal 0 0 0
  outer loop
    vertex 2.220446049250313e-16 -11.25 -2
    vertex 1.1026928424835205 -11.195828437805176 -2
    vertex 0 -11.25 2
  endloop
endfacet
facet normal 0 0 0
  outer loop
    vertex 1.1026928424835205 -11.195828437805176 -2
    vertex 2.194766044616699 -11.033834457397461 -2
    vertex 1.1026928424835205 -11.195828437805176 2
  endloop
endfacet
facet normal 0 0 0
  outer loop
    vertex 2.194766044616699 -11.033834457397461 -2
    vertex 3.265702724456787 -10.765579223632812 -2
    vertex 2.194766044616699 -11.033834457397461 2
  endloop
endfacet
facet normal 0 0 0
  outer loop
    vertex 3.265702724456787 -10.765579223632812 -2
    vertex 4.3051886558532715 -10.393644332885742 -2
    vertex 3.265702724456787 -10.765579223632812 2
  endloop
endfacet
facet normal 0 0 0
  outer loop
    vertex 4.3051886558532715 -10.393644332885742 -2
    vertex 5.303213119506836 -9.921614646911621 -2
    vertex 4.3051886558532715 -10.393644332885742 2
  endloop
endfacet
facet normal 0 0 0
  outer loop
    vertex -2.194766044616699 -11.033834457397461 -2
    vertex -2.194766044616699 -11.033834457397461 2
    vertex -2.329840660095215 -11 2
  endloop
endfacet
facet normal 0 0 0
  outer loop
    vertex -1.1026928424835205 -11.195828437805176 -2
    vertex -1.1026928424835205 -11.195828437805176 2
    vertex -2.194766044616699 -11.033834457397461 2
  endloop
endfacet
facet normal 0 0 0
  outer loop
    vertex 2.220446049250313e-16 -11.25 -2
    vertex 0 -11.25 2
    vertex -1.1026928424835205 -11.195828437805176 2
  endloop
endfacet
facet normal 0 0 0
  outer loop
    vertex 1.1026928424835205 -11.195828437805176 -2
    vertex 1.1026928424835205 -11.195828437805176 2
    vertex 0 -11.25 2
  endloop
endfacet
facet normal 0 0 0
  outer loop
    vertex 2.194766044616699 -11.033834457397461 -2
    vertex 2.194766044616699 -11.033834457397461 2
    vertex 1.1026928424835205 -11.195828437805176 2
  endloop
endfacet
facet normal 0 0 0
  outer loop
    vertex 3.265702724456787 -10.765579223632812 -2
    vertex 3.265702724456787 -10.765579223632812 2
    vertex 2.194766044616699 -11.033834457397461 2
  endloop
endfacet
facet normal 0 0 0
  outer loop
    vertex 4.3051886558532715 -10.393644332885742 -2
    vertex 4.3051886558532715 -10.393644332885742 2
    vertex 3.265702724456787 -10.765579223632812 2
  endloop
endfacet
facet normal 0 0 0
  outer loop
    vertex 4.3051886558532715 -10.393644332885742 2
    vertex 5.303213119506836 -9.921614646911621 -2
    vertex 5.303213119506836 -9.921614646911621 2
  endloop
endfacet
facet normal 0 0 0
  outer loop
    vertex -2.194766044616699 -11.033834457397461 2
    vertex -2.1992897987365723 -11 2
    vertex -2.329840660095215 -11 2
  endloop
endfacet
facet normal 0 0 0
  outer loop
    vertex -2.1992897987365723 -11 2
    vertex -0.44380128383636475 -10.99377155303955 2
    vertex -2.2034244537353516 -10.969075202941895 2
  endloop
endfacet
facet normal 0 0 0
  outer loop
    vertex -2.194766044616699 -11.033834457397461 2
    vertex -0.44380128383636475 -10.99377155303955 2
    vertex -2.1992897987365723 -11 2
  endloop
endfacet
facet normal 0 0 0
  outer loop
    vertex -2.194766044616699 -11.033834457397461 2
    vertex -1.1026928424835205 -11.195828437805176 2
    vertex -0.44380128383636475 -10.99377155303955 2
  endloop
endfacet
facet normal 0 0 0
  outer loop
    vertex -1.1026928424835205 -11.195828437805176 2
    vertex 0 -11.25 2
    vertex -0.44380128383636475 -10.99377155303955 2
  endloop
endfacet
facet normal 0 0 0
  outer loop
    vertex 0 -11.25 2
    vertex 1.1026928424835205 -11.195828437805176 2
    vertex 2.194766044616699 -11.033834457397461 2
  endloop
endfacet
facet normal 0 0 0
  outer loop
    vertex 0 -11.25 2
    vertex 2.194766044616699 -11.033834457397461 2
    vertex 3.265702724456787 -10.765579223632812 2
  endloop
endfacet
facet normal 0 0 0
  outer loop
    vertex 0 -11.25 2
    vertex 3.265702724456787 -10.765579223632812 2
    vertex 4.3051886558532715 -10.393644332885742 2
  endloop
endfacet
facet normal 0 0 0
  outer loop
    vertex 0 -11.25 2
    vertex 4.3051886558532715 -10.393644332885742 2
    vertex 5.303213119506836 -9.921614646911621 2
  endloop
endfacet
facet normal 0 0 0
  outer loop
    vertex 0 -11.25 2
    vertex 5.303213119506836 -9.921614646911621 2
    vertex 6.250164985656738 -9.354033470153809 2
  endloop
endfacet
facet normal 0 0 0
  outer loop
    vertex 1.1026928424835205 -11.195828437805176 -2
    vertex 5.604325771331787 -4.599351406097412 -2
    vertex 2.194766044616699 -11.033834457397461 -2
  endloop
endfacet
facet normal 0 0 0
  outer loop
    vertex 2.194766044616699 -11.033834457397461 -2
    vertex 5.604325771331787 -4.599351406097412 -2
    vertex 3.265702724456787 -10.765579223632812 -2
  endloop
endfacet
facet normal 0 0 0
  outer loop
    vertex 0.9920749068260193 -10.072705268859863 -2
    vertex 5.604325771331787 -4.599351406097412 -2
    vertex 1.1026928424835205 -11.195828437805176 -2
  endloop
endfacet
facet normal 0 0 0
  outer loop
    vertex 3.265702724456787 -10.765579223632812 -2
    vertex 5.604325771331787 -4.599351406097412 -2
    vertex 4.3051886558532715 -10.393644332885742 -2
  endloop
endfacet
facet normal 0 0 0
  outer loop
    vertex 4.3051886558532715 -10.393644332885742 -2
    vertex 5.604325771331787 -4.599351406097412 -2
    vertex 5.303213119506836 -9.921614646911621 -2
  endloop
endfacet
facet normal 0 0 0
  outer loop
    vertex 5.303213119506836 -9.921614646911621 -2
    vertex 5.604325771331787 -4.599351406097412 -2
    vertex 6.250164985656738 -9.354033470153809 -2
  endloop
endfacet
facet normal 0 0 0
  outer loop
    vertex 6.250164985656738 -9.354033470153809 -2
    vertex 9.388261795043945 -5.553423881530762 -2
    vertex 7.1369242668151855 -8.696367263793945 -2
  endloop
endfacet
facet normal 0 0 0
  outer loop
    vertex 5.303213119506836 -9.921614646911621 -2
    vertex 6.250164985656738 -9.354033470153809 -2
    vertex 5.303213119506836 -9.921614646911621 2
  endloop
endfacet
facet normal 0 0 0
  outer loop
    vertex 6.250164985656738 -9.354033470153809 -2
    vertex 7.1369242668151855 -8.696367263793945 -2
    vertex 6.250164985656738 -9.354033470153809 2
  endloop
endfacet
facet normal 0 0 0
  outer loop
    vertex 7.1369242668151855 -8.696367263793945 -2
    vertex 7.954951286315918 -7.954951286315918 -2
    vertex 7.1369242668151855 -8.696367263793945 2
  endloop
endfacet
facet normal 0 0 0
  outer loop
    vertex 7.954951286315918 -7.954951286315918 -2
    vertex 8.696367263793945 -7.1369242668151855 -2
    vertex 7.954951286315918 -7.954951286315918 2
  endloop
endfacet
facet normal 0 0 0
  outer loop
    vertex 7.1369242668151855 -8.696367263793945 -2
    vertex 9.388261795043945 -5.553423881530762 -2
    vertex 7.954951286315918 -7.954951286315918 -2
  endloop
endfacet
facet normal 0 0 0
  outer loop
    vertex 7.954951286315918 -7.954951286315918 -2
    vertex 9.388261795043945 -5.553423881530762 -2
    vertex 8.696367263793945 -7.1369242668151855 -2
  endloop
endfacet
facet normal 0 0 0
  outer loop
    vertex 6.250164985656738 -9.354033470153809 -2
    vertex 5.604325771331787 -4.599351406097412 -2
    vertex 9.388261795043945 -5.553423881530762 -2
  endloop
endfacet
facet normal 0 0 0
  outer loop
    vertex 8.696367263793945 -7.1369242668151855 -2
    vertex 9.388261795043945 -5.553423881530762 -2
    vertex 9.354033470153809 -6.250164985656738 -2
  endloop
endfacet
facet normal 0 0 0
  outer loop
    vertex 9.354033470153809 -6.250164985656738 -2
    vertex 9.388261795043945 -5.553423881530762 -2
    vertex 9.921614646911621 -5.303213119506836 -2
  endloop
endfacet
facet normal 0 0 0
  outer loop
    vertex 8.696367263793945 -7.1369242668151855 -2
    vertex 9.354033470153809 -6.250164985656738 -2
    vertex 8.696367263793945 -7.1369242668151855 2
  endloop
endfacet
facet normal 0 0 0
  outer loop
    vertex 9.354033470153809 -6.250164985656738 -2
    vertex 9.921614646911621 -5.303213119506836 -2
    vertex 9.354033470153809 -6.250164985656738 2
  endloop
endfacet
facet normal 0 0 0
  outer loop
    vertex 6.250164985656738 -9.354033470153809 -2
    vertex 6.250164985656738 -9.354033470153809 2
    vertex 5.303213119506836 -9.921614646911621 2
  endloop
endfacet
facet normal 0 0 0
  outer loop
    vertex 7.1369242668151855 -8.696367263793945 -2
    vertex 7.1369242668151855 -8.696367263793945 2
    vertex 6.250164985656738 -9.354033470153809 2
  endloop
endfacet
facet normal 0 0 0
  outer loop
    vertex 7.954951286315918 -7.954951286315918 -2
    vertex 7.954951286315918 -7.954951286315918 2
    vertex 7.1369242668151855 -8.696367263793945 2
  endloop
endfacet
facet normal 0 0 0
  outer loop
    vertex 8.696367263793945 -7.1369242668151855 -2
    vertex 8.696367263793945 -7.1369242668151855 2
    vertex 7.954951286315918 -7.954951286315918 2
  endloop
endfacet
facet normal 0 0 0
  outer loop
    vertex 9.354033470153809 -6.250164985656738 -2
    vertex 9.354033470153809 -6.250164985656738 2
    vertex 8.696367263793945 -7.1369242668151855 2
  endloop
endfacet
facet normal 0 0 0
  outer loop
    vertex 9.921614646911621 -5.303213119506836 -2
    vertex 9.721311569213867 -5.6373982429504395 2
    vertex 9.354033470153809 -6.250164985656738 2
  endloop
endfacet
facet normal 0 0 0
  outer loop
    vertex 9.921614646911621 -5.303213119506836 -2
    vertex 9.742785453796387 -5.6015706062316895 2
    vertex 9.721311569213867 -5.6373982429504395 2
  endloop
endfacet
facet normal 0 0 0
  outer loop
    vertex 9.921614646911621 -5.303213119506836 -2
    vertex 9.921614646911621 -5.303213119506836 2
    vertex 9.742785453796387 -5.6015706062316895 2
  endloop
endfacet
facet normal 0 0 0
  outer loop
    vertex 9.388261795043945 -5.553423881530762 -2
    vertex 9.721311569213867 1.2259577512741089 -2
    vertex 9.921614646911621 -5.303213119506836 -2
  endloop
endfacet
facet normal 0 0 0
  outer loop
    vertex 9.921614646911621 -5.303213119506836 -2
    vertex 10.393644332885742 -4.3051886558532715 -2
    vertex 9.921614646911621 -5.303213119506836 2
  endloop
endfacet
facet normal 0 0 0
  outer loop
    vertex 10.393644332885742 -4.3051886558532715 -2
    vertex 10.765579223632812 -3.265702724456787 -2
    vertex 10.393644332885742 -4.3051886558532715 2
  endloop
endfacet
facet normal 0 0 0
  outer loop
    vertex 10.765579223632812 -3.265702724456787 -2
    vertex 11.033834457397461 -2.194766044616699 -2
    vertex 10.765579223632812 -3.265702724456787 2
  endloop
endfacet
facet normal 0 0 0
  outer loop
    vertex 9.921614646911621 -5.303213119506836 -2
    vertex 10.393644332885742 4.3051886558532715 -2
    vertex 10.393644332885742 -4.3051886558532715 -2
  endloop
endfacet
facet normal 0 0 0
  outer loop
    vertex 10.393644332885742 -4.3051886558532715 -2
    vertex 10.765579223632812 3.265702724456787 -2
    vertex 10.765579223632812 -3.265702724456787 -2
  endloop
endfacet
facet normal 0 0 0
  outer loop
    vertex 10.765579223632812 -3.265702724456787 -2
    vertex 11.033834457397461 2.194766044616699 -2
    vertex 11.033834457397461 -2.194766044616699 -2
  endloop
endfacet
facet normal 0 0 0
  outer loop
    vertex 11.033834457397461 -2.194766044616699 -2
    vertex 11.195828437805176 1.1026928424835205 -2
    vertex 11.195828437805176 -1.1026928424835205 -2
  endloop
endfacet
facet normal 0 0 0
  outer loop
    vertex 11.033834457397461 -2.194766044616699 -2
    vertex 11.195828437805176 -1.1026928424835205 -2
    vertex 11.033834457397461 -2.194766044616699 2
  endloop
endfacet
facet normal 0 0 0
  outer loop
    vertex 11.195828437805176 -1.1026928424835205 -2
    vertex 11.25 0 -2
    vertex 11.195828437805176 -1.1026928424835205 2
  endloop
endfacet
facet normal 0 0 0
  outer loop
    vertex 10.393644332885742 -4.3051886558532715 -2
    vertex 10.393644332885742 -4.3051886558532715 2
    vertex 9.921614646911621 -5.303213119506836 2
  endloop
endfacet
facet normal 0 0 0
  outer loop
    vertex 10.765579223632812 -3.265702724456787 -2
    vertex 10.765579223632812 -3.265702724456787 2
    vertex 10.393644332885742 -4.3051886558532715 2
  endloop
endfacet
facet normal 0 0 0
  outer loop
    vertex 11.033834457397461 -2.194766044616699 -2
    vertex 11.033834457397461 -2.194766044616699 2
    vertex 10.765579223632812 -3.265702724456787 2
  endloop
endfacet
facet normal 0 0 0
  outer loop
    vertex 11.195828437805176 -1.1026928424835205 -2
    vertex 11.195828437805176 -1.1026928424835205 2
    vertex 11.033834457397461 -2.194766044616699 2
  endloop
endfacet
facet normal 0 0 0
  outer loop
    vertex 11.195828437805176 -1.1026928424835205 2
    vertex 11.25 0 -2
    vertex 11.25 0 2
  endloop
endfacet
facet normal 0 0 0
  outer loop
    vertex 0 -11.25 2
    vertex 6.250164985656738 -9.354033470153809 2
    vertex 7.1369242668151855 -8.696367263793945 2
  endloop
endfacet
facet normal 0 0 0
  outer loop
    vertex 0 -11.25 2
    vertex 7.1369242668151855 -8.696367263793945 2
    vertex 7.954951286315918 -7.954951286315918 2
  endloop
endfacet
facet normal 0 0 0
  outer loop
    vertex 0 -11.25 2
    vertex 7.954951286315918 -7.954951286315918 2
    vertex 8.696367263793945 -7.1369242668151855 2
  endloop
endfacet
facet normal 0 0 0
  outer loop
    vertex 0 -11.25 2
    vertex 8.696367263793945 -7.1369242668151855 2
    vertex 9.354033470153809 -6.250164985656738 2
  endloop
endfacet
facet normal 0 0 0
  outer loop
    vertex 0 -11.25 2
    vertex 9.354033470153809 -6.250164985656738 2
    vertex 9.721311569213867 -5.6373982429504395 2
  endloop
endfacet
facet normal 0 0 0
  outer loop
    vertex 9.742785453796387 -5.6015706062316895 2
    vertex 9.921614646911621 -5.303213119506836 2
    vertex 9.921614646911621 5.303213119506836 2
  endloop
endfacet
facet normal 0 0 0
  outer loop
    vertex 9.921614646911621 -5.303213119506836 2
    vertex 10.393644332885742 -4.3051886558532715 2
    vertex 10.393644332885742 4.3051886558532715 2
  endloop
endfacet
facet normal 0 0 0
  outer loop
    vertex 10.393644332885742 -4.3051886558532715 2
    vertex 10.765579223632812 -3.265702724456787 2
    vertex 10.765579223632812 3.265702724456787 2
  endloop
endfacet
facet normal 0 0 0
  outer loop
    vertex 10.765579223632812 -3.265702724456787 2
    vertex 11.033834457397461 -2.194766044616699 2
    vertex 11.033834457397461 2.194766044616699 2
  endloop
endfacet
facet normal 0 0 0
  outer loop
    vertex 11.033834457397461 -2.194766044616699 2
    vertex 11.195828437805176 -1.1026928424835205 2
    vertex 11.195828437805176 1.1026928424835205 2
  endloop
endfacet
facet normal 0 0 0
  outer loop
    vertex 7.532492160797119 -0.6444029808044434 -2
    vertex 7.25 0 -2
    vertex 7.648453235626221 1.7160401344299316 -2
  endloop
endfacet
facet normal 0 0 0
  outer loop
    vertex 9.921614646911621 -5.303213119506836 -2
    vertex 9.721311569213867 1.2259577512741089 -2
    vertex 9.921614646911621 5.303213119506836 -2
  endloop
endfacet
facet normal 0 0 0
  outer loop
    vertex 11.195828437805176 -1.1026928424835205 -2
    vertex 11.195828437805176 1.1026928424835205 -2
    vertex 11.25 0 -2
  endloop
endfacet
facet normal 0 0 0
  outer loop
    vertex 11.033834457397461 -2.194766044616699 -2
    vertex 11.033834457397461 2.194766044616699 -2
    vertex 11.195828437805176 1.1026928424835205 -2
  endloop
endfacet
facet normal 0 0 0
  outer loop
    vertex 10.765579223632812 -3.265702724456787 -2
    vertex 10.765579223632812 3.265702724456787 -2
    vertex 11.033834457397461 2.194766044616699 -2
  endloop
endfacet
facet normal 0 0 0
  outer loop
    vertex 10.393644332885742 -4.3051886558532715 -2
    vertex 10.393644332885742 4.3051886558532715 -2
    vertex 10.765579223632812 3.265702724456787 -2
  endloop
endfacet
facet normal 0 0 0
  outer loop
    vertex 9.921614646911621 -5.303213119506836 -2
    vertex 9.921614646911621 5.303213119506836 -2
    vertex 10.393644332885742 4.3051886558532715 -2
  endloop
endfacet
facet normal 0 0 0
  outer loop
    vertex 11.25 0 -2
    vertex 11.195828437805176 1.1026928424835205 -2
    vertex 11.25 0 2
  endloop
endfacet
facet normal 0 0 0
  outer loop
    vertex 11.195828437805176 1.1026928424835205 -2
    vertex 11.033834457397461 2.194766044616699 -2
    vertex 11.195828437805176 1.1026928424835205 2
  endloop
endfacet
facet normal 0 0 0
  outer loop
    vertex 9.721311569213867 1.2259577512741089 -2
    vertex 9.354033470153809 5.8494462966918945 -2
    vertex 9.921614646911621 5.303213119506836 -2
  endloop
endfacet
facet normal 0 0 0
  outer loop
    vertex 11.033834457397461 2.194766044616699 -2
    vertex 10.765579223632812 3.265702724456787 -2
    vertex 11.033834457397461 2.194766044616699 2
  endloop
endfacet
facet normal 0 0 0
  outer loop
    vertex 10.765579223632812 3.265702724456787 -2
    vertex 10.393644332885742 4.3051886558532715 -2
    vertex 10.765579223632812 3.265702724456787 2
  endloop
endfacet
facet normal 0 0 0
  outer loop
    vertex 10.393644332885742 4.3051886558532715 -2
    vertex 9.921614646911621 5.303213119506836 -2
    vertex 10.393644332885742 4.3051886558532715 2
  endloop
endfacet
facet normal 0 0 0
  outer loop
    vertex 11.195828437805176 1.1026928424835205 -2
    vertex 11.195828437805176 1.1026928424835205 2
    vertex 11.25 0 2
  endloop
endfacet
facet normal 0 0 0
  outer loop
    vertex 11.033834457397461 2.194766044616699 -2
    vertex 11.033834457397461 2.194766044616699 2
    vertex 11.195828437805176 1.1026928424835205 2
  endloop
endfacet
facet normal 0 0 0
  outer loop
    vertex 10.765579223632812 3.265702724456787 -2
    vertex 10.765579223632812 3.265702724456787 2
    vertex 11.033834457397461 2.194766044616699 2
  endloop
endfacet
facet normal 0 0 0
  outer loop
    vertex 10.393644332885742 4.3051886558532715 -2
    vertex 10.393644332885742 4.3051886558532715 2
    vertex 10.765579223632812 3.265702724456787 2
  endloop
endfacet
facet normal 0 0 0
  outer loop
    vertex 9.921614646911621 5.303213119506836 -2
    vertex 9.921614646911621 5.303213119506836 2
    vertex 10.393644332885742 4.3051886558532715 2
  endloop
endfacet
facet normal 0 0 0
  outer loop
    vertex 4.032661437988281 6.103362083435059 -2
    vertex 4.027884006500244 6.0281548500061035 -2
    vertex 3.908017635345459 6.099999904632568 -2
  endloop
endfacet
facet normal 0 0 0
  outer loop
    vertex 8.639803886413574 5.985543727874756 -2
    vertex 8.65300178527832 6.254187107086182 -2
    vertex 8.696367263793945 6.22914981842041 -2
  endloop
endfacet
facet normal 0 0 0
  outer loop
    vertex 9.921614646911621 5.303213119506836 -2
    vertex 9.354033470153809 5.8494462966918945 -2
    vertex 9.354033470153809 6.250164985656738 -2
  endloop
endfacet
facet normal 0 0 0
  outer loop
    vertex 8.696367263793945 6.22914981842041 -2
    vertex 9.354033470153809 6.250164985656738 -2
    vertex 9.354033470153809 5.8494462966918945 -2
  endloop
endfacet
facet normal 0 0 0
  outer loop
    vertex 8.696367263793945 6.22914981842041 -2
    vertex 8.65300178527832 6.254187107086182 -2
    vertex 8.696367263793945 7.1369242668151855 -2
  endloop
endfacet
facet normal 0 0 0
  outer loop
    vertex 8.696367263793945 6.22914981842041 -2
    vertex 8.696367263793945 7.1369242668151855 -2
    vertex 9.354033470153809 6.250164985656738 -2
  endloop
endfacet
facet normal 0 0 0
  outer loop
    vertex 9.921614646911621 5.303213119506836 -2
    vertex 9.354033470153809 6.250164985656738 -2
    vertex 9.921614646911621 5.303213119506836 2
  endloop
endfacet
facet normal 0 0 0
  outer loop
    vertex 8.696367263793945 7.1369242668151855 -2
    vertex 7.954951286315918 7.954951286315918 -2
    vertex 8.696367263793945 7.1369242668151855 2
  endloop
endfacet
facet normal 0 0 0
  outer loop
    vertex 8.696367263793945 7.1369242668151855 -2
    vertex 9.354033470153809 6.250164985656738 2
    vertex 9.354033470153809 6.250164985656738 -2
  endloop
endfacet
facet normal 0 0 0
  outer loop
    vertex 8.65300178527832 6.254187107086182 -2
    vertex 0 11.25 -2
    vertex 8.696367263793945 7.1369242668151855 -2
  endloop
endfacet
facet normal 0 0 0
  outer loop
    vertex 8.696367263793945 7.1369242668151855 -2
    vertex 0 11.25 -2
    vertex 7.954951286315918 7.954951286315918 -2
  endloop
endfacet
facet normal 0 0 0
  outer loop
    vertex 7.954951286315918 7.954951286315918 -2
    vertex 0 11.25 -2
    vertex 7.1369242668151855 8.696367263793945 -2
  endloop
endfacet
facet normal 0 0 0
  outer loop
    vertex 7.1369242668151855 8.696367263793945 -2
    vertex 0 11.25 -2
    vertex 6.250164985656738 9.354033470153809 -2
  endloop
endfacet
facet normal 0 0 0
  outer loop
    vertex 5.303213119506836 9.921614646911621 -2
    vertex 6.250164985656738 9.354033470153809 2
    vertex 6.250164985656738 9.354033470153809 -2
  endloop
endfacet
facet normal 0 0 0
  outer loop
    vertex 7.954951286315918 7.954951286315918 -2
    vertex 7.1369242668151855 8.696367263793945 -2
    vertex 7.954951286315918 7.954951286315918 2
  endloop
endfacet
facet normal 0 0 0
  outer loop
    vertex 7.1369242668151855 8.696367263793945 -2
    vertex 6.250164985656738 9.354033470153809 -2
    vertex 7.1369242668151855 8.696367263793945 2
  endloop
endfacet
facet normal 0 0 0
  outer loop
    vertex 9.354033470153809 6.250164985656738 -2
    vertex 9.742785453796387 5.6015706062316895 2
    vertex 9.921614646911621 5.303213119506836 2
  endloop
endfacet
facet normal 0 0 0
  outer loop
    vertex 9.354033470153809 6.250164985656738 -2
    vertex 9.721311569213867 5.6373982429504395 2
    vertex 9.742785453796387 5.6015706062316895 2
  endloop
endfacet
facet normal 0 0 0
  outer loop
    vertex 9.354033470153809 6.250164985656738 -2
    vertex 9.354033470153809 6.250164985656738 2
    vertex 9.721311569213867 5.6373982429504395 2
  endloop
endfacet
facet normal 0 0 0
  outer loop
    vertex 8.696367263793945 7.1369242668151855 -2
    vertex 8.696367263793945 7.1369242668151855 2
    vertex 9.354033470153809 6.250164985656738 2
  endloop
endfacet
facet normal 0 0 0
  outer loop
    vertex 5.303213119506836 9.921614646911621 -2
    vertex 5.303213119506836 9.921614646911621 2
    vertex 6.250164985656738 9.354033470153809 2
  endloop
endfacet
facet normal 0 0 0
  outer loop
    vertex 7.954951286315918 7.954951286315918 -2
    vertex 7.954951286315918 7.954951286315918 2
    vertex 8.696367263793945 7.1369242668151855 2
  endloop
endfacet
facet normal 0 0 0
  outer loop
    vertex 7.1369242668151855 8.696367263793945 -2
    vertex 7.1369242668151855 8.696367263793945 2
    vertex 7.954951286315918 7.954951286315918 2
  endloop
endfacet
facet normal 0 0 0
  outer loop
    vertex 6.250164985656738 9.354033470153809 -2
    vertex 6.250164985656738 9.354033470153809 2
    vertex 7.1369242668151855 8.696367263793945 2
  endloop
endfacet
facet normal 0 0 0
  outer loop
    vertex 11.195828437805176 -1.1026928424835205 2
    vertex 11.25 0 2
    vertex 11.195828437805176 1.1026928424835205 2
  endloop
endfacet
facet normal 0 0 0
  outer loop
    vertex 11.033834457397461 -2.194766044616699 2
    vertex 11.195828437805176 1.1026928424835205 2
    vertex 11.033834457397461 2.194766044616699 2
  endloop
endfacet
facet normal 0 0 0
  outer loop
    vertex 10.765579223632812 -3.265702724456787 2
    vertex 11.033834457397461 2.194766044616699 2
    vertex 10.765579223632812 3.265702724456787 2
  endloop
endfacet
facet normal 0 0 0
  outer loop
    vertex 10.393644332885742 -4.3051886558532715 2
    vertex 10.765579223632812 3.265702724456787 2
    vertex 10.393644332885742 4.3051886558532715 2
  endloop
endfacet
facet normal 0 0 0
  outer loop
    vertex 9.742785453796387 -5.6015706062316895 2
    vertex 9.921614646911621 5.303213119506836 2
    vertex 9.742785453796387 5.6015706062316895 2
  endloop
endfacet
facet normal 0 0 0
  outer loop
    vertex 9.921614646911621 -5.303213119506836 2
    vertex 10.393644332885742 4.3051886558532715 2
    vertex 9.921614646911621 5.303213119506836 2
  endloop
endfacet
facet normal 0 0 0
  outer loop
    vertex 9.721311569213867 5.6373982429504395 2
    vertex 7.954951286315918 7.954951286315918 2
    vertex 7.1369242668151855 8.696367263793945 2
  endloop
endfacet
facet normal 0 0 0
  outer loop
    vertex 9.721311569213867 5.6373982429504395 2
    vertex 9.354033470153809 6.250164985656738 2
    vertex 8.696367263793945 7.1369242668151855 2
  endloop
endfacet
facet normal 0 0 0
  outer loop
    vertex 9.721311569213867 5.6373982429504395 2
    vertex 8.696367263793945 7.1369242668151855 2
    vertex 7.954951286315918 7.954951286315918 2
  endloop
endfacet
facet normal 0 0 0
  outer loop
    vertex 9.721311569213867 5.6373982429504395 2
    vertex 1.1026928424835205 11.195828437805176 2
    vertex 0 11.25 2
  endloop
endfacet
facet normal 0 0 0
  outer loop
    vertex 9.721311569213867 5.6373982429504395 2
    vertex 2.194766044616699 11.033834457397461 2
    vertex 1.1026928424835205 11.195828437805176 2
  endloop
endfacet
facet normal 0 0 0
  outer loop
    vertex 9.721311569213867 5.6373982429504395 2
    vertex 4.3051886558532715 10.393644332885742 2
    vertex 3.265702724456787 10.765579223632812 2
  endloop
endfacet
facet normal 0 0 0
  outer loop
    vertex 9.721311569213867 5.6373982429504395 2
    vertex 3.265702724456787 10.765579223632812 2
    vertex 2.194766044616699 11.033834457397461 2
  endloop
endfacet
facet normal 0 0 0
  outer loop
    vertex 9.721311569213867 5.6373982429504395 2
    vertex 7.1369242668151855 8.696367263793945 2
    vertex 6.250164985656738 9.354033470153809 2
  endloop
endfacet
facet normal 0 0 0
  outer loop
    vertex 9.721311569213867 5.6373982429504395 2
    vertex 6.250164985656738 9.354033470153809 2
    vertex 5.303213119506836 9.921614646911621 2
  endloop
endfacet
facet normal 0 0 0
  outer loop
    vertex 9.721311569213867 5.6373982429504395 2
    vertex 5.303213119506836 9.921614646911621 2
    vertex 4.3051886558532715 10.393644332885742 2
  endloop
endfacet
facet normal 0 0 0
  outer loop
    vertex -2.5986201763153076 10.932674407958984 -2
    vertex -2.329840660095215 11 -2
    vertex -2.2069344520568848 10.942822456359863 -2
  endloop
endfacet
facet normal 0 0 0
  outer loop
    vertex -2.329840660095215 11 -2
    vertex -2.194766044616699 11.033834457397461 -2
    vertex -2.2069344520568848 10.942822456359863 -2
  endloop
endfacet
facet normal 0 0 0
  outer loop
    vertex -2.2069344520568848 10.942822456359863 -2
    vertex -0.45345133543014526 10.988200187683105 -2
    vertex -2.2069685459136963 10.942567825317383 -2
  endloop
endfacet
facet normal 0 0 0
  outer loop
    vertex -2.2069344520568848 10.942822456359863 -2
    vertex -2.194766044616699 11.033834457397461 -2
    vertex -0.45345133543014526 10.988200187683105 -2
  endloop
endfacet
facet normal 0 0 0
  outer loop
    vertex -2.194766044616699 11.033834457397461 -2
    vertex -1.1026928424835205 11.195828437805176 -2
    vertex -0.45345133543014526 10.988200187683105 -2
  endloop
endfacet
facet normal 0 0 0
  outer loop
    vertex -1.1026928424835205 11.195828437805176 -2
    vertex 0 11.25 -2
    vertex -0.45345133543014526 10.988200187683105 -2
  endloop
endfacet
facet normal 0 0 0
  outer loop
    vertex -2.329840660095215 11 -2
    vertex -2.194766044616699 11.033834457397461 2
    vertex -2.194766044616699 11.033834457397461 -2
  endloop
endfacet
facet normal 0 0 0
  outer loop
    vertex -2.194766044616699 11.033834457397461 -2
    vertex -1.1026928424835205 11.195828437805176 2
    vertex -1.1026928424835205 11.195828437805176 -2
  endloop
endfacet
facet normal 0 0 0
  outer loop
    vertex -1.1026928424835205 11.195828437805176 -2
    vertex 0 11.25 2
    vertex 0 11.25 -2
  endloop
endfacet
facet normal 0 0 0
  outer loop
    vertex 0 11.25 -2
    vertex 1.1026928424835205 11.195828437805176 2
    vertex 1.1026928424835205 11.195828437805176 -2
  endloop
endfacet
facet normal 0 0 0
  outer loop
    vertex 5.303213119506836 9.921614646911621 -2
    vertex 0 11.25 -2
    vertex 4.3051886558532715 10.393644332885742 -2
  endloop
endfacet
facet normal 0 0 0
  outer loop
    vertex 0 11.25 -2
    vertex 1.1026928424835205 11.195828437805176 -2
    vertex 2.194766044616699 11.033834457397461 -2
  endloop
endfacet
facet normal 0 0 0
  outer loop
    vertex 0 11.25 -2
    vertex 2.194766044616699 11.033834457397461 -2
    vertex 3.265702724456787 10.765579223632812 -2
  endloop
endfacet
facet normal 0 0 0
  outer loop
    vertex 0 11.25 -2
    vertex 3.265702724456787 10.765579223632812 -2
    vertex 4.3051886558532715 10.393644332885742 -2
  endloop
endfacet
facet normal 0 0 0
  outer loop
    vertex 5.303213119506836 9.921614646911621 -2
    vertex 6.250164985656738 9.354033470153809 -2
    vertex 0 11.25 -2
  endloop
endfacet
facet normal 0 0 0
  outer loop
    vertex 1.1026928424835205 11.195828437805176 -2
    vertex 2.194766044616699 11.033834457397461 2
    vertex 2.194766044616699 11.033834457397461 -2
  endloop
endfacet
facet normal 0 0 0
  outer loop
    vertex 2.194766044616699 11.033834457397461 -2
    vertex 3.265702724456787 10.765579223632812 2
    vertex 3.265702724456787 10.765579223632812 -2
  endloop
endfacet
facet normal 0 0 0
  outer loop
    vertex 3.265702724456787 10.765579223632812 -2
    vertex 4.3051886558532715 10.393644332885742 2
    vertex 4.3051886558532715 10.393644332885742 -2
  endloop
endfacet
facet normal 0 0 0
  outer loop
    vertex 5.303213119506836 9.921614646911621 -2
    vertex 4.3051886558532715 10.393644332885742 -2
    vertex 5.303213119506836 9.921614646911621 2
  endloop
endfacet
facet normal 0 0 0
  outer loop
    vertex -2.329840660095215 11 -2
    vertex -2.329840660095215 11 2
    vertex -2.194766044616699 11.033834457397461 2
  endloop
endfacet
facet normal 0 0 0
  outer loop
    vertex -2.194766044616699 11.033834457397461 -2
    vertex -2.194766044616699 11.033834457397461 2
    vertex -1.1026928424835205 11.195828437805176 2
  endloop
endfacet
facet normal 0 0 0
  outer loop
    vertex -1.1026928424835205 11.195828437805176 -2
    vertex -1.1026928424835205 11.195828437805176 2
    vertex 0 11.25 2
  endloop
endfacet
facet normal 0 0 0
  outer loop
    vertex 0 11.25 -2
    vertex 0 11.25 2
    vertex 1.1026928424835205 11.195828437805176 2
  endloop
endfacet
facet normal 0 0 0
  outer loop
    vertex 1.1026928424835205 11.195828437805176 -2
    vertex 1.1026928424835205 11.195828437805176 2
    vertex 2.194766044616699 11.033834457397461 2
  endloop
endfacet
facet normal 0 0 0
  outer loop
    vertex 3.265702724456787 10.765579223632812 -2
    vertex 3.265702724456787 10.765579223632812 2
    vertex 4.3051886558532715 10.393644332885742 2
  endloop
endfacet
facet normal 0 0 0
  outer loop
    vertex 2.194766044616699 11.033834457397461 -2
    vertex 2.194766044616699 11.033834457397461 2
    vertex 3.265702724456787 10.765579223632812 2
  endloop
endfacet
facet normal 0 0 0
  outer loop
    vertex 5.303213119506836 9.921614646911621 2
    vertex 4.3051886558532715 10.393644332885742 -2
    vertex 4.3051886558532715 10.393644332885742 2
  endloop
endfacet
facet normal 0 0 0
  outer loop
    vertex -2.329840660095215 11 2
    vertex -1.1026928424835205 11.195828437805176 2
    vertex -2.194766044616699 11.033834457397461 2
  endloop
endfacet
facet normal 0 0 0
  outer loop
    vertex -2.329840660095215 11 2
    vertex -0.4330126941204071 11 2
    vertex 0 11.25 2
  endloop
endfacet
facet normal 0 0 0
  outer loop
    vertex -2.329840660095215 11 2
    vertex 0 11.25 2
    vertex -1.1026928424835205 11.195828437805176 2
  endloop
endfacet
facet normal 0 0 0
  outer loop
    vertex -7.215089321136475 -0.7106242775917053 -2
    vertex -7.25 0 -2
    vertex -7.25 0 2
  endloop
endfacet
facet normal 0 0 0
  outer loop
    vertex -4.027884006500244 -6.0281548500061035 -2
    vertex -4.027884006500244 -6.0281548500061035 10
    vertex -3.908017635345459 -6.099999904632568 -2
  endloop
endfacet
facet normal 0 0 0
  outer loop
    vertex -4.027884006500244 -6.0281548500061035 -2
    vertex -4.599351406097412 -5.604325771331787 -2
    vertex -4.599351406097412 -5.604325771331787 10
  endloop
endfacet
facet normal 0 0 0
  outer loop
    vertex -5.126523971557617 -5.126523971557617 10
    vertex -4.599351406097412 -5.604325771331787 -2
    vertex -5.126523971557617 -5.126523971557617 -2
  endloop
endfacet
facet normal 0 0 0
  outer loop
    vertex 3.908017635345459 -6.099999904632568 -2
    vertex 3.908017635345459 -6.099999904632568 10
    vertex 4.027884006500244 -6.0281548500061035 -2
  endloop
endfacet
facet normal 0 0 0
  outer loop
    vertex 4.027884006500244 -6.0281548500061035 -2
    vertex 4.027884006500244 -6.0281548500061035 10
    vertex 4.599351406097412 -5.604325771331787 -2
  endloop
endfacet
facet normal 0 0 0
  outer loop
    vertex 4.599351406097412 -5.604325771331787 -2
    vertex 4.599351406097412 -5.604325771331787 10
    vertex 5.126523971557617 -5.126523971557617 -2
  endloop
endfacet
facet normal 0 0 0
  outer loop
    vertex -5.126523971557617 -5.126523971557617 -2
    vertex -5.604325771331787 -4.599351406097412 -2
    vertex -5.604325771331787 -4.599351406097412 10
  endloop
endfacet
facet normal 0 0 0
  outer loop
    vertex -6.0281548500061035 -4.027884006500244 10
    vertex -5.604325771331787 -4.599351406097412 -2
    vertex -6.0281548500061035 -4.027884006500244 -2
  endloop
endfacet
facet normal 0 0 0
  outer loop
    vertex -6.698126792907715 -2.7744548320770264 10
    vertex -6.3939290046691895 -3.41762638092041 -2
    vertex -6.698126792907715 -2.7744548320770264 -2
  endloop
endfacet
facet normal 0 0 0
  outer loop
    vertex -6.3939290046691895 -3.41762638092041 10
    vertex -6.0281548500061035 -4.027884006500244 -2
    vertex -6.3939290046691895 -3.41762638092041 -2
  endloop
endfacet
facet normal 0 0 0
  outer loop
    vertex -6.698126792907715 -2.7744548320770264 -2
    vertex -6.937817573547363 -2.1045639514923096 -2
    vertex -6.937817573547363 -2.1045639514923096 10
  endloop
endfacet
facet normal 0 0 0
  outer loop
    vertex -7.110693454742432 -1.4144048690795898 10
    vertex -6.937817573547363 -2.1045639514923096 -2
    vertex -7.110693454742432 -1.4144048690795898 -2
  endloop
endfacet
facet normal 0 0 0
  outer loop
    vertex -7.215089321136475 -0.7106242775917053 10
    vertex -7.110693454742432 -1.4144048690795898 -2
    vertex -7.215089321136475 -0.7106242775917053 -2
  endloop
endfacet
facet normal 0 0 0
  outer loop
    vertex 5.126523971557617 -5.126523971557617 -2
    vertex 5.126523971557617 -5.126523971557617 10
    vertex 5.604325771331787 -4.599351406097412 -2
  endloop
endfacet
facet normal 0 0 0
  outer loop
    vertex 5.604325771331787 -4.599351406097412 -2
    vertex 5.604325771331787 -4.599351406097412 10
    vertex 6.0281548500061035 -4.027884006500244 -2
  endloop
endfacet
facet normal 0 0 0
  outer loop
    vertex 6.0281548500061035 -4.027884006500244 -2
    vertex 6.0281548500061035 -4.027884006500244 10
    vertex 6.3939290046691895 -3.41762638092041 -2
  endloop
endfacet
facet normal 0 0 0
  outer loop
    vertex 6.3939290046691895 -3.41762638092041 -2
    vertex 6.3939290046691895 -3.41762638092041 10
    vertex 6.698126792907715 -2.7744548320770264 -2
  endloop
endfacet
facet normal 0 0 0
  outer loop
    vertex 6.698126792907715 -2.7744548320770264 -2
    vertex 6.698126792907715 -2.7744548320770264 10
    vertex 6.937817573547363 -2.1045639514923096 -2
  endloop
endfacet
facet normal 0 0 0
  outer loop
    vertex 6.937817573547363 -2.1045639514923096 -2
    vertex 6.937817573547363 -2.1045639514923096 10
    vertex 7.110693454742432 -1.4144048690795898 -2
  endloop
endfacet
facet normal 0 0 0
  outer loop
    vertex 7.110693454742432 -1.4144048690795898 -2
    vertex 7.110693454742432 -1.4144048690795898 10
    vertex 7.215089321136475 -0.7106242775917053 -2
  endloop
endfacet
facet normal 0 0 0
  outer loop
    vertex 7.215089321136475 -0.7106242775917053 -2
    vertex 7.215089321136475 -0.7106242775917053 10
    vertex 7.25 0 -2
  endloop
endfacet
facet normal 0 0 0
  outer loop
    vertex -7.215089321136475 -0.7106242775917053 -2
    vertex -7.25 0 2
    vertex -7.25 0 10
  endloop
endfacet
facet normal 0 0 0
  outer loop
    vertex -4.027884006500244 -6.0281548500061035 10
    vertex -4.027884006500244 -6.0281548500061035 -2
    vertex -4.599351406097412 -5.604325771331787 10
  endloop
endfacet
facet normal 0 0 0
  outer loop
    vertex -4.599351406097412 -5.604325771331787 -2
    vertex -5.126523971557617 -5.126523971557617 10
    vertex -4.599351406097412 -5.604325771331787 10
  endloop
endfacet
facet normal 0 0 0
  outer loop
    vertex -3.908017635345459 -6.099999904632568 10
    vertex -3.908017635345459 -6.099999904632568 -2
    vertex -4.027884006500244 -6.0281548500061035 10
  endloop
endfacet
facet normal 0 0 0
  outer loop
    vertex 4.027884006500244 -6.0281548500061035 -2
    vertex 3.908017635345459 -6.099999904632568 10
    vertex 4.027884006500244 -6.0281548500061035 10
  endloop
endfacet
facet normal 0 0 0
  outer loop
    vertex 4.599351406097412 -5.604325771331787 10
    vertex 4.599351406097412 -5.604325771331787 -2
    vertex 4.027884006500244 -6.0281548500061035 10
  endloop
endfacet
facet normal 0 0 0
  outer loop
    vertex 5.126523971557617 -5.126523971557617 10
    vertex 5.126523971557617 -5.126523971557617 -2
    vertex 4.599351406097412 -5.604325771331787 10
  endloop
endfacet
facet normal 0 0 0
  outer loop
    vertex -5.126523971557617 -5.126523971557617 -2
    vertex -5.604325771331787 -4.599351406097412 10
    vertex -5.126523971557617 -5.126523971557617 10
  endloop
endfacet
facet normal 0 0 0
  outer loop
    vertex -5.604325771331787 -4.599351406097412 -2
    vertex -6.0281548500061035 -4.027884006500244 10
    vertex -5.604325771331787 -4.599351406097412 10
  endloop
endfacet
facet normal 0 0 0
  outer loop
    vertex -6.0281548500061035 -4.027884006500244 -2
    vertex -6.3939290046691895 -3.41762638092041 10
    vertex -6.0281548500061035 -4.027884006500244 10
  endloop
endfacet
facet normal 0 0 0
  outer loop
    vertex -6.698126792907715 -2.7744548320770264 -2
    vertex -6.937817573547363 -2.1045639514923096 10
    vertex -6.698126792907715 -2.7744548320770264 10
  endloop
endfacet
facet normal 0 0 0
  outer loop
    vertex -6.3939290046691895 -3.41762638092041 -2
    vertex -6.698126792907715 -2.7744548320770264 10
    vertex -6.3939290046691895 -3.41762638092041 10
  endloop
endfacet
facet normal 0 0 0
  outer loop
    vertex -6.937817573547363 -2.1045639514923096 -2
    vertex -7.110693454742432 -1.4144048690795898 10
    vertex -6.937817573547363 -2.1045639514923096 10
  endloop
endfacet
facet normal 0 0 0
  outer loop
    vertex -7.110693454742432 -1.4144048690795898 -2
    vertex -7.215089321136475 -0.7106242775917053 10
    vertex -7.110693454742432 -1.4144048690795898 10
  endloop
endfacet
facet normal 0 0 0
  outer loop
    vertex -7.215089321136475 -0.7106242775917053 -2
    vertex -7.25 0 10
    vertex -7.215089321136475 -0.7106242775917053 10
  endloop
endfacet
facet normal 0 0 0
  outer loop
    vertex 5.604325771331787 -4.599351406097412 10
    vertex 5.604325771331787 -4.599351406097412 -2
    vertex 5.126523971557617 -5.126523971557617 10
  endloop
endfacet
facet normal 0 0 0
  outer loop
    vertex 6.0281548500061035 -4.027884006500244 10
    vertex 6.0281548500061035 -4.027884006500244 -2
    vertex 5.604325771331787 -4.599351406097412 10
  endloop
endfacet
facet normal 0 0 0
  outer loop
    vertex 6.3939290046691895 -3.41762638092041 10
    vertex 6.3939290046691895 -3.41762638092041 -2
    vertex 6.0281548500061035 -4.027884006500244 10
  endloop
endfacet
facet normal 0 0 0
  outer loop
    vertex 6.698126792907715 -2.7744548320770264 10
    vertex 6.698126792907715 -2.7744548320770264 -2
    vertex 6.3939290046691895 -3.41762638092041 10
  endloop
endfacet
facet normal 0 0 0
  outer loop
    vertex 6.937817573547363 -2.1045639514923096 10
    vertex 6.937817573547363 -2.1045639514923096 -2
    vertex 6.698126792907715 -2.7744548320770264 10
  endloop
endfacet
facet normal 0 0 0
  outer loop
    vertex 7.110693454742432 -1.4144048690795898 10
    vertex 7.110693454742432 -1.4144048690795898 -2
    vertex 6.937817573547363 -2.1045639514923096 10
  endloop
endfacet
facet normal 0 0 0
  outer loop
    vertex 7.215089321136475 -0.7106242775917053 10
    vertex 7.215089321136475 -0.7106242775917053 -2
    vertex 7.110693454742432 -1.4144048690795898 10
  endloop
endfacet
facet normal 0 0 0
  outer loop
    vertex 7.25 0 -2
    vertex 7.215089321136475 -0.7106242775917053 10
    vertex 7.25 0 10
  endloop
endfacet
facet normal 0 0 0
  outer loop
    vertex -7.25 0 -2
    vertex -7.215089321136475 0.7106242775917053 -2
    vertex -7.215089321136475 0.7106242775917053 2
  endloop
endfacet
facet normal 0 0 0
  outer loop
    vertex -7.215089321136475 0.7106242775917053 -2
    vertex -7.110693454742432 1.4144048690795898 -2
    vertex -7.110693454742432 1.4144048690795898 2
  endloop
endfacet
facet normal 0 0 0
  outer loop
    vertex -7.110693454742432 1.4144048690795898 -2
    vertex -6.937817573547363 2.1045639514923096 -2
    vertex -6.937817573547363 2.1045639514923096 2
  endloop
endfacet
facet normal 0 0 0
  outer loop
    vertex -6.937817573547363 2.1045639514923096 -2
    vertex -6.698126792907715 2.7744548320770264 -2
    vertex -6.698126792907715 2.7744548320770264 2
  endloop
endfacet
facet normal 0 0 0
  outer loop
    vertex -6.698126792907715 2.7744548320770264 -2
    vertex -6.3939290046691895 3.41762638092041 -2
    vertex -6.3939290046691895 3.41762638092041 2
  endloop
endfacet
facet normal 0 0 0
  outer loop
    vertex -6.0281548500061035 4.027884006500244 2
    vertex -6.3939290046691895 3.41762638092041 -2
    vertex -6.0281548500061035 4.027884006500244 -2
  endloop
endfacet
facet normal 0 0 0
  outer loop
    vertex -6.0281548500061035 4.027884006500244 -2
    vertex -5.604325771331787 4.599351406097412 -2
    vertex -5.604325771331787 4.599351406097412 2
  endloop
endfacet
facet normal 0 0 0
  outer loop
    vertex -5.604325771331787 4.599351406097412 -2
    vertex -5.126523971557617 5.126523971557617 -2
    vertex -5.126523971557617 5.126523971557617 2
  endloop
endfacet
facet normal 0 0 0
  outer loop
    vertex -7.25 0 -2
    vertex -7.215089321136475 0.7106242775917053 2
    vertex -7.25 0 2
  endloop
endfacet
facet normal 0 0 0
  outer loop
    vertex -7.215089321136475 0.7106242775917053 -2
    vertex -7.110693454742432 1.4144048690795898 2
    vertex -7.215089321136475 0.7106242775917053 2
  endloop
endfacet
facet normal 0 0 0
  outer loop
    vertex -7.110693454742432 1.4144048690795898 -2
    vertex -6.937817573547363 2.1045639514923096 2
    vertex -7.110693454742432 1.4144048690795898 2
  endloop
endfacet
facet normal 0 0 0
  outer loop
    vertex -6.937817573547363 2.1045639514923096 -2
    vertex -6.698126792907715 2.7744548320770264 2
    vertex -6.937817573547363 2.1045639514923096 2
  endloop
endfacet
facet normal 0 0 0
  outer loop
    vertex -6.698126792907715 2.7744548320770264 -2
    vertex -6.3939290046691895 3.41762638092041 2
    vertex -6.698126792907715 2.7744548320770264 2
  endloop
endfacet
facet normal 0 0 0
  outer loop
    vertex -6.0281548500061035 4.027884006500244 -2
    vertex -5.604325771331787 4.599351406097412 2
    vertex -6.0281548500061035 4.027884006500244 2
  endloop
endfacet
facet normal 0 0 0
  outer loop
    vertex -5.604325771331787 4.599351406097412 -2
    vertex -5.126523971557617 5.126523971557617 2
    vertex -5.604325771331787 4.599351406097412 2
  endloop
endfacet
facet normal 0 0 0
  outer loop
    vertex -5.126523971557617 5.126523971557617 -2
    vertex -4.599351406097412 5.604325771331787 -2
    vertex -4.599351406097412 5.604325771331787 2
  endloop
endfacet
facet normal 0 0 0
  outer loop
    vertex -4.599351406097412 5.604325771331787 -2
    vertex -4.027884006500244 6.0281548500061035 -2
    vertex -4.027884006500244 6.0281548500061035 2
  endloop
endfacet
facet normal 0 0 0
  outer loop
    vertex -5.126523971557617 5.126523971557617 -2
    vertex -4.599351406097412 5.604325771331787 2
    vertex -5.126523971557617 5.126523971557617 2
  endloop
endfacet
facet normal 0 0 0
  outer loop
    vertex -4.599351406097412 5.604325771331787 -2
    vertex -4.027884006500244 6.0281548500061035 2
    vertex -4.599351406097412 5.604325771331787 2
  endloop
endfacet
facet normal 0 0 0
  outer loop
    vertex 7.25 0 -2
    vertex 7.25 0 10
    vertex 7.215089321136475 0.7106242775917053 -2
  endloop
endfacet
facet normal 0 0 0
  outer loop
    vertex 7.215089321136475 0.7106242775917053 -2
    vertex 7.215089321136475 0.7106242775917053 10
    vertex 7.110693454742432 1.4144048690795898 -2
  endloop
endfacet
facet normal 0 0 0
  outer loop
    vertex 7.110693454742432 1.4144048690795898 -2
    vertex 7.110693454742432 1.4144048690795898 10
    vertex 6.937817573547363 2.1045639514923096 -2
  endloop
endfacet
facet normal 0 0 0
  outer loop
    vertex 6.937817573547363 2.1045639514923096 -2
    vertex 6.937817573547363 2.1045639514923096 10
    vertex 6.698126792907715 2.7744548320770264 -2
  endloop
endfacet
facet normal 0 0 0
  outer loop
    vertex 6.0281548500061035 4.027884006500244 -2
    vertex 6.0281548500061035 4.027884006500244 10
    vertex 5.604325771331787 4.599351406097412 -2
  endloop
endfacet
facet normal 0 0 0
  outer loop
    vertex 5.604325771331787 4.599351406097412 -2
    vertex 5.604325771331787 4.599351406097412 10
    vertex 5.126523971557617 5.126523971557617 -2
  endloop
endfacet
facet normal 0 0 0
  outer loop
    vertex 6.698126792907715 2.7744548320770264 -2
    vertex 6.698126792907715 2.7744548320770264 10
    vertex 6.3939290046691895 3.41762638092041 -2
  endloop
endfacet
facet normal 0 0 0
  outer loop
    vertex 6.3939290046691895 3.41762638092041 -2
    vertex 6.3939290046691895 3.41762638092041 10
    vertex 6.0281548500061035 4.027884006500244 -2
  endloop
endfacet
facet normal 0 0 0
  outer loop
    vertex -6.3939290046691895 3.41762638092041 -2
    vertex -6.0281548500061035 4.027884006500244 10
    vertex -6.3939290046691895 3.41762638092041 2
  endloop
endfacet
facet normal 0 0 0
  outer loop
    vertex -6.0281548500061035 4.027884006500244 2
    vertex -6.0281548500061035 4.027884006500244 10
    vertex -6.3939290046691895 3.41762638092041 -2
  endloop
endfacet
facet normal 0 0 0
  outer loop
    vertex -3.908017635345459 6.099999904632568 10
    vertex -4.027884006500244 6.0281548500061035 -2
    vertex -3.908017635345459 6.099999904632568 -2
  endloop
endfacet
facet normal 0 0 0
  outer loop
    vertex 5.126523971557617 5.126523971557617 -2
    vertex 5.126523971557617 5.126523971557617 10
    vertex 4.599351406097412 5.604325771331787 -2
  endloop
endfacet
facet normal 0 0 0
  outer loop
    vertex 4.599351406097412 5.604325771331787 -2
    vertex 4.599351406097412 5.604325771331787 10
    vertex 4.027884006500244 6.0281548500061035 -2
  endloop
endfacet
facet normal 0 0 0
  outer loop
    vertex 4.027884006500244 6.0281548500061035 -2
    vertex 4.027884006500244 6.0281548500061035 10
    vertex 3.908017635345459 6.099999904632568 -2
  endloop
endfacet
facet normal 0 0 0
  outer loop
    vertex -4.027884006500244 6.0281548500061035 2
    vertex -4.027884006500244 6.0281548500061035 -2
    vertex -3.908017635345459 6.099999904632568 10
  endloop
endfacet
facet normal 0 0 0
  outer loop
    vertex 7.215089321136475 0.7106242775917053 10
    vertex 7.215089321136475 0.7106242775917053 -2
    vertex 7.25 0 10
  endloop
endfacet
facet normal 0 0 0
  outer loop
    vertex 7.110693454742432 1.4144048690795898 10
    vertex 7.110693454742432 1.4144048690795898 -2
    vertex 7.215089321136475 0.7106242775917053 10
  endloop
endfacet
facet normal 0 0 0
  outer loop
    vertex 6.937817573547363 2.1045639514923096 10
    vertex 6.937817573547363 2.1045639514923096 -2
    vertex 7.110693454742432 1.4144048690795898 10
  endloop
endfacet
facet normal 0 0 0
  outer loop
    vertex 6.0281548500061035 4.027884006500244 10
    vertex 6.0281548500061035 4.027884006500244 -2
    vertex 6.3939290046691895 3.41762638092041 10
  endloop
endfacet
facet normal 0 0 0
  outer loop
    vertex 5.604325771331787 4.599351406097412 10
    vertex 5.604325771331787 4.599351406097412 -2
    vertex 6.0281548500061035 4.027884006500244 10
  endloop
endfacet
facet normal 0 0 0
  outer loop
    vertex 5.126523971557617 5.126523971557617 10
    vertex 5.126523971557617 5.126523971557617 -2
    vertex 5.604325771331787 4.599351406097412 10
  endloop
endfacet
facet normal 0 0 0
  outer loop
    vertex 6.698126792907715 2.7744548320770264 10
    vertex 6.698126792907715 2.7744548320770264 -2
    vertex 6.937817573547363 2.1045639514923096 10
  endloop
endfacet
facet normal 0 0 0
  outer loop
    vertex 6.3939290046691895 3.41762638092041 10
    vertex 6.3939290046691895 3.41762638092041 -2
    vertex 6.698126792907715 2.7744548320770264 10
  endloop
endfacet
facet normal 0 0 0
  outer loop
    vertex 4.599351406097412 5.604325771331787 10
    vertex 4.599351406097412 5.604325771331787 -2
    vertex 5.126523971557617 5.126523971557617 10
  endloop
endfacet
facet normal 0 0 0
  outer loop
    vertex 4.027884006500244 6.0281548500061035 10
    vertex 4.027884006500244 6.0281548500061035 -2
    vertex 4.599351406097412 5.604325771331787 10
  endloop
endfacet
facet normal 0 0 0
  outer loop
    vertex 3.908017635345459 6.099999904632568 -2
    vertex 4.027884006500244 6.0281548500061035 10
    vertex 3.908017635345459 6.099999904632568 10
  endloop
endfacet
facet normal 0 0 0
  outer loop
    vertex -7.215089321136475 0.7106242775917053 10
    vertex -7.25 0 10
    vertex -7.25 0 2
  endloop
endfacet
facet normal 0 0 0
  outer loop
    vertex -7.215089321136475 0.7106242775917053 10
    vertex -7.215089321136475 0.7106242775917053 2
    vertex -7.110693454742432 1.4144048690795898 10
  endloop
endfacet
facet normal 0 0 0
  outer loop
    vertex -7.110693454742432 1.4144048690795898 10
    vertex -7.110693454742432 1.4144048690795898 2
    vertex -6.937817573547363 2.1045639514923096 10
  endloop
endfacet
facet normal 0 0 0
  outer loop
    vertex -6.937817573547363 2.1045639514923096 10
    vertex -6.937817573547363 2.1045639514923096 2
    vertex -6.698126792907715 2.7744548320770264 10
  endloop
endfacet
facet normal 0 0 0
  outer loop
    vertex -6.698126792907715 2.7744548320770264 10
    vertex -6.698126792907715 2.7744548320770264 2
    vertex -6.3939290046691895 3.41762638092041 10
  endloop
endfacet
facet normal 0 0 0
  outer loop
    vertex -6.3939290046691895 3.41762638092041 10
    vertex -6.3939290046691895 3.41762638092041 2
    vertex -6.0281548500061035 4.027884006500244 10
  endloop
endfacet
facet normal 0 0 0
  outer loop
    vertex -6.0281548500061035 4.027884006500244 10
    vertex -6.0281548500061035 4.027884006500244 2
    vertex -5.604325771331787 4.599351406097412 10
  endloop
endfacet
facet normal 0 0 0
  outer loop
    vertex -5.604325771331787 4.599351406097412 10
    vertex -5.604325771331787 4.599351406097412 2
    vertex -5.126523971557617 5.126523971557617 10
  endloop
endfacet
facet normal 0 0 0
  outer loop
    vertex -5.126523971557617 5.126523971557617 10
    vertex -5.126523971557617 5.126523971557617 2
    vertex -4.599351406097412 5.604325771331787 10
  endloop
endfacet
facet normal 0 0 0
  outer loop
    vertex -4.599351406097412 5.604325771331787 10
    vertex -4.599351406097412 5.604325771331787 2
    vertex -4.027884006500244 6.0281548500061035 10
  endloop
endfacet
facet normal 0 0 0
  outer loop
    vertex -4.027884006500244 6.0281548500061035 10
    vertex -4.027884006500244 6.0281548500061035 2
    vertex -3.908017635345459 6.099999904632568 10
  endloop
endfacet
facet normal 0 0 0
  outer loop
    vertex -2.529310703277588 -6.099999904632568 -2
    vertex -3.908017635345459 -6.099999904632568 -2
    vertex -3.908017635345459 -6.099999904632568 10
  endloop
endfacet
facet normal 0 0 0
  outer loop
    vertex -2.529310703277588 -6.099999904632568 -2
    vertex -3.908017635345459 -6.099999904632568 10
    vertex 3.908017635345459 -6.099999904632568 -2
  endloop
endfacet
facet normal 0 0 0
  outer loop
    vertex 3.908017635345459 -6.099999904632568 10
    vertex 3.908017635345459 -6.099999904632568 -2
    vertex -3.908017635345459 -6.099999904632568 10
  endloop
endfacet
facet normal 0 0 0
  outer loop
    vertex -3.908017635345459 6.099999904632568 -2
    vertex -0.20610183477401733 6.099999904632568 -2
    vertex 3.908017635345459 6.099999904632568 10
  endloop
endfacet
facet normal 0 0 0
  outer loop
    vertex -0.20610183477401733 6.099999904632568 -2
    vertex 3.908017635345459 6.099999904632568 -2
    vertex 3.908017635345459 6.099999904632568 10
  endloop
endfacet
facet normal 0 0 0
  outer loop
    vertex -3.908017635345459 6.099999904632568 10
    vertex -3.908017635345459 6.099999904632568 -2
    vertex 3.908017635345459 6.099999904632568 10
  endloop
endfacet
endsolid Baxter_PD_SocketWrench