solid Baxter_PD_Assembly
facet normal 0 0 0
  outer loop
    vertex -5.79757833480835 -4.7579498291015625 -12
    vertex -5.79757833480835 -4.7579498291015625 -7
    vertex -6.236021995544434 -4.166776657104492 -12
  endloop
endfacet
facet normal 0 0 0
  outer loop
    vertex -4.7579498291015625 -5.79757833480835 -12
    vertex -4.7579498291015625 -5.79757833480835 -7
    vertex -5.303300857543945 -5.303300857543945 -12
  endloop
endfacet
facet normal 0 0 0
  outer loop
    vertex -5.303300857543945 -5.303300857543945 -12
    vertex -5.303300857543945 -5.303300857543945 -7
    vertex -5.79757833480835 -4.7579498291015625 -12
  endloop
endfacet
facet normal 0 0 0
  outer loop
    vertex -5.79757833480835 -4.7579498291015625 -7
    vertex -5.79757833480835 -4.7579498291015625 -12
    vertex -5.303300857543945 -5.303300857543945 -7
  endloop
endfacet
facet normal 0 0 0
  outer loop
    vertex -4.7579498291015625 -5.79757833480835 -7
    vertex -4.7579498291015625 -5.79757833480835 -12
    vertex -4.166776657104492 -6.236021995544434 -7
  endloop
endfacet
facet normal 0 0 0
  outer loop
    vertex -5.303300857543945 -5.303300857543945 -7
    vertex -5.303300857543945 -5.303300857543945 -12
    vertex -4.7579498291015625 -5.79757833480835 -7
  endloop
endfacet
facet normal 0 0 0
  outer loop
    vertex -6.929096698760986 -2.8701257705688477 -12
    vertex -6.929096698760986 -2.8701257705688477 -7
    vertex -7.1770524978637695 -2.1771349906921387 -12
  endloop
endfacet
facet normal 0 0 0
  outer loop
    vertex -6.929096698760986 -2.8701257705688477 -7
    vertex -6.929096698760986 -2.8701257705688477 -12
    vertex -6.614409446716309 -3.535475492477417 -7
  endloop
endfacet
facet normal 0 0 0
  outer loop
    vertex -7.1770524978637695 -2.1771349906921387 -7
    vertex -7.1770524978637695 -2.1771349906921387 -12
    vertex -6.929096698760986 -2.8701257705688477 -7
  endloop
endfacet
facet normal 0 0 0
  outer loop
    vertex -7.463885307312012 -0.7351285815238953 -12
    vertex -7.355889797210693 -1.4631774425506592 -12
    vertex -7.355889797210693 -1.4631774425506592 -7
  endloop
endfacet
facet normal 0 0 0
  outer loop
    vertex -7.355889797210693 -1.4631774425506592 -12
    vertex -7.1770524978637695 -2.1771349906921387 -12
    vertex -7.1770524978637695 -2.1771349906921387 -7
  endloop
endfacet
facet normal 0 0 0
  outer loop
    vertex -7.5 0 -12
    vertex -7.463885307312012 -0.7351285815238953 -12
    vertex -7.463885307312012 -0.7351285815238953 -7
  endloop
endfacet
facet normal 0 0 0
  outer loop
    vertex -7.355889797210693 -1.4631774425506592 -7
    vertex -7.355889797210693 -1.4631774425506592 -12
    vertex -7.1770524978637695 -2.1771349906921387 -7
  endloop
endfacet
facet normal 0 0 0
  outer loop
    vertex -7.463885307312012 -0.7351285815238953 -7
    vertex -7.463885307312012 -0.7351285815238953 -12
    vertex -7.355889797210693 -1.4631774425506592 -7
  endloop
endfacet
facet normal 0 0 0
  outer loop
    vertex -7.5 0 -12
    vertex -7.463885307312012 -0.7351285815238953 -7
    vertex -7.5 0 -7
  endloop
endfacet
facet normal 0 0 0
  outer loop
    vertex -6.236021995544434 -4.166776657104492 -12
    vertex -6.236021995544434 -4.166776657104492 -7
    vertex -6.614409446716309 -3.535475492477417 -12
  endloop
endfacet
facet normal 0 0 0
  outer loop
    vertex -6.614409446716309 -3.535475492477417 -12
    vertex -6.614409446716309 -3.535475492477417 -7
    vertex -6.929096698760986 -2.8701257705688477 -12
  endloop
endfacet
facet normal 0 0 0
  outer loop
    vertex -6.614409446716309 -3.535475492477417 -7
    vertex -6.614409446716309 -3.535475492477417 -12
    vertex -6.236021995544434 -4.166776657104492 -7
  endloop
endfacet
facet normal 0 0 0
  outer loop
    vertex -5.79757833480835 -4.7579498291015625 -7
    vertex -6.236021995544434 -4.166776657104492 -7
    vertex -6.236021995544434 -4.166776657104492 -12
  endloop
endfacet
facet normal 0 0 0
  outer loop
    vertex -2.8701257705688477 -6.929096698760986 -12
    vertex -2.8701257705688477 -6.929096698760986 -8
    vertex -3.535475492477417 -6.614409446716309 -8
  endloop
endfacet
facet normal 0 0 0
  outer loop
    vertex -2.8701257705688477 -6.929096698760986 -8
    vertex -2.8701257705688477 -6.929096698760986 -12
    vertex -2.1771349906921387 -7.1770524978637695 -12
  endloop
endfacet
facet normal 0 0 0
  outer loop
    vertex -2.1771349906921387 -7.1770524978637695 -8
    vertex -2.8701257705688477 -6.929096698760986 -8
    vertex -2.1771349906921387 -7.1770524978637695 -12
  endloop
endfacet
facet normal 0 0 0
  outer loop
    vertex -4.166776657104492 -6.236021995544434 -7
    vertex -4.166776657104492 -6.236021995544434 -12
    vertex -3.726356267929077 -6.5 -8
  endloop
endfacet
facet normal 0 0 0
  outer loop
    vertex -4.166776657104492 -6.236021995544434 -12
    vertex -4.166776657104492 -6.236021995544434 -7
    vertex -4.7579498291015625 -5.79757833480835 -12
  endloop
endfacet
facet normal 0 0 0
  outer loop
    vertex -3.535475492477417 -6.614409446716309 -12
    vertex -3.726356267929077 -6.5 -8
    vertex -4.166776657104492 -6.236021995544434 -12
  endloop
endfacet
facet normal 0 0 0
  outer loop
    vertex -3.535475492477417 -6.614409446716309 -12
    vertex -2.8701257705688477 -6.929096698760986 -12
    vertex -3.535475492477417 -6.614409446716309 -8
  endloop
endfacet
facet normal 0 0 0
  outer loop
    vertex -3.7557175159454346 -6.482401371002197 -7
    vertex -4.166776657104492 -6.236021995544434 -7
    vertex -3.726356267929077 -6.5 -8
  endloop
endfacet
facet normal 0 0 0
  outer loop
    vertex -2.1771349906921387 -7.1770524978637695 -12
    vertex -1.4631774425506592 -7.355889797210693 -12
    vertex -2.1771349906921387 -7.1770524978637695 -8
  endloop
endfacet
facet normal 0 0 0
  outer loop
    vertex -2.1771349906921387 -7.1770524978637695 -8
    vertex -1.4631774425506592 -7.355889797210693 -12
    vertex -1.4631774425506592 -7.355889797210693 -8
  endloop
endfacet
facet normal 0 0 0
  outer loop
    vertex -1.4631774425506592 -7.355889797210693 -12
    vertex -0.7351285815238953 -7.463885307312012 -12
    vertex -1.4631774425506592 -7.355889797210693 -8
  endloop
endfacet
facet normal 0 0 0
  outer loop
    vertex -1.4631774425506592 -7.355889797210693 -8
    vertex -0.7351285815238953 -7.463885307312012 -12
    vertex -0.7351285815238953 -7.463885307312012 -8
  endloop
endfacet
facet normal 0 0 0
  outer loop
    vertex -0.7351285815238953 -7.463885307312012 -12
    vertex 0 -7.5 -12
    vertex -0.7351285815238953 -7.463885307312012 -8
  endloop
endfacet
facet normal 0 0 0
  outer loop
    vertex -0.7351285815238953 -7.463885307312012 -8
    vertex 0 -7.5 -12
    vertex 0 -7.5 -8
  endloop
endfacet
facet normal 0 0 0
  outer loop
    vertex -5.79757833480835 -4.7579498291015625 7
    vertex -6.236021995544434 -4.166776657104492 -4
    vertex -5.79757833480835 -4.7579498291015625 -4
  endloop
endfacet
facet normal 0 0 0
  outer loop
    vertex -5.303300857543945 -5.303300857543945 7
    vertex -5.79757833480835 -4.7579498291015625 7
    vertex -5.79757833480835 -4.7579498291015625 -4
  endloop
endfacet
facet normal 0 0 0
  outer loop
    vertex -4.7579498291015625 -5.79757833480835 7
    vertex -5.303300857543945 -5.303300857543945 -4
    vertex -4.7579498291015625 -5.79757833480835 -4
  endloop
endfacet
facet normal 0 0 0
  outer loop
    vertex -4.166776657104492 -6.236021995544434 7
    vertex -4.7579498291015625 -5.79757833480835 7
    vertex -4.7579498291015625 -5.79757833480835 -4
  endloop
endfacet
facet normal 0 0 0
  outer loop
    vertex -5.303300857543945 -5.303300857543945 7
    vertex -5.79757833480835 -4.7579498291015625 -4
    vertex -5.303300857543945 -5.303300857543945 -4
  endloop
endfacet
facet normal 0 0 0
  outer loop
    vertex -5.303300857543945 -5.303300857543945 7
    vertex -5.303300857543945 -5.303300857543945 -4
    vertex -4.7579498291015625 -5.79757833480835 7
  endloop
endfacet
facet normal 0 0 0
  outer loop
    vertex -6.236021995544434 -4.166776657104492 10
    vertex -5.79757833480835 -4.7579498291015625 10
    vertex -5.79757833480835 -4.7579498291015625 12
  endloop
endfacet
facet normal 0 0 0
  outer loop
    vertex -5.303300857543945 -5.303300857543945 12
    vertex -5.79757833480835 -4.7579498291015625 12
    vertex -5.79757833480835 -4.7579498291015625 10
  endloop
endfacet
facet normal 0 0 0
  outer loop
    vertex -6.236021995544434 -4.166776657104492 12
    vertex -5.79757833480835 -4.7579498291015625 12
    vertex -5.604325771331787 -4.599351406097412 12
  endloop
endfacet
facet normal 0 0 0
  outer loop
    vertex -5.303300857543945 -5.303300857543945 10
    vertex -4.7579498291015625 -5.79757833480835 10
    vertex -4.7579498291015625 -5.79757833480835 12
  endloop
endfacet
facet normal 0 0 0
  outer loop
    vertex -4.166776657104492 -6.236021995544434 12
    vertex -4.7579498291015625 -5.79757833480835 12
    vertex -4.7579498291015625 -5.79757833480835 10
  endloop
endfacet
facet normal 0 0 0
  outer loop
    vertex -5.303300857543945 -5.303300857543945 10
    vertex -5.303300857543945 -5.303300857543945 12
    vertex -5.79757833480835 -4.7579498291015625 10
  endloop
endfacet
facet normal 0 0 0
  outer loop
    vertex -5.303300857543945 -5.303300857543945 12
    vertex -5.126523971557617 -5.126523971557617 12
    vertex -5.79757833480835 -4.7579498291015625 12
  endloop
endfacet
facet normal 0 0 0
  outer loop
    vertex -5.303300857543945 -5.303300857543945 10
    vertex -4.7579498291015625 -5.79757833480835 12
    vertex -5.303300857543945 -5.303300857543945 12
  endloop
endfacet
facet normal 0 0 0
  outer loop
    vertex -5.126523971557617 -5.126523971557617 12
    vertex -5.604325771331787 -4.599351406097412 12
    vertex -5.79757833480835 -4.7579498291015625 12
  endloop
endfacet
facet normal 0 0 0
  outer loop
    vertex -5.303300857543945 -5.303300857543945 12
    vertex -4.599351406097412 -5.604325771331787 12
    vertex -5.126523971557617 -5.126523971557617 12
  endloop
endfacet
facet normal 0 0 0
  outer loop
    vertex -5.303300857543945 -5.303300857543945 12
    vertex -4.7579498291015625 -5.79757833480835 12
    vertex -4.599351406097412 -5.604325771331787 12
  endloop
endfacet
facet normal 0 0 0
  outer loop
    vertex -6.929096698760986 -2.8701257705688477 7
    vertex -7.1770524978637695 -2.1771349906921387 -4
    vertex -6.929096698760986 -2.8701257705688477 -4
  endloop
endfacet
facet normal 0 0 0
  outer loop
    vertex -6.614409446716309 -3.535475492477417 7
    vertex -6.929096698760986 -2.8701257705688477 7
    vertex -6.929096698760986 -2.8701257705688477 -4
  endloop
endfacet
facet normal 0 0 0
  outer loop
    vertex -7.1770524978637695 -2.1771349906921387 7
    vertex -7.1770524978637695 -2.1771349906921387 -4
    vertex -6.929096698760986 -2.8701257705688477 7
  endloop
endfacet
facet normal 0 0 0
  outer loop
    vertex -6.614409446716309 -3.535475492477417 12
    vertex -6.929096698760986 -2.8701257705688477 12
    vertex -6.929096698760986 -2.8701257705688477 10
  endloop
endfacet
facet normal 0 0 0
  outer loop
    vertex -7.1770524978637695 -2.1771349906921387 10
    vertex -6.929096698760986 -2.8701257705688477 12
    vertex -7.1770524978637695 -2.1771349906921387 12
  endloop
endfacet
facet normal 0 0 0
  outer loop
    vertex -7.1770524978637695 -2.1771349906921387 10
    vertex -6.929096698760986 -2.8701257705688477 10
    vertex -6.929096698760986 -2.8701257705688477 12
  endloop
endfacet
facet normal 0 0 0
  outer loop
    vertex -7.1770524978637695 -2.1771349906921387 12
    vertex -6.929096698760986 -2.8701257705688477 12
    vertex -6.698126792907715 -2.7744548320770264 12
  endloop
endfacet
facet normal 0 0 0
  outer loop
    vertex -7.1770524978637695 -2.1771349906921387 12
    vertex -6.698126792907715 -2.7744548320770264 12
    vertex -6.937817573547363 -2.1045639514923096 12
  endloop
endfacet
facet normal 0 0 0
  outer loop
    vertex -7.355889797210693 -1.4631774425506592 7
    vertex -7.463885307312012 -0.7351285815238953 -4
    vertex -7.355889797210693 -1.4631774425506592 -4
  endloop
endfacet
facet normal 0 0 0
  outer loop
    vertex -7.1770524978637695 -2.1771349906921387 7
    vertex -7.355889797210693 -1.4631774425506592 -4
    vertex -7.1770524978637695 -2.1771349906921387 -4
  endloop
endfacet
facet normal 0 0 0
  outer loop
    vertex -7.1770524978637695 -2.1771349906921387 7
    vertex -7.355889797210693 -1.4631774425506592 7
    vertex -7.355889797210693 -1.4631774425506592 -4
  endloop
endfacet
facet normal 0 0 0
  outer loop
    vertex -7.463885307312012 -0.7351285815238953 7
    vertex -7.5 0 -4
    vertex -7.463885307312012 -0.7351285815238953 -4
  endloop
endfacet
facet normal 0 0 0
  outer loop
    vertex -7.355889797210693 -1.4631774425506592 7
    vertex -7.463885307312012 -0.7351285815238953 7
    vertex -7.463885307312012 -0.7351285815238953 -4
  endloop
endfacet
facet normal 0 0 0
  outer loop
    vertex -7.463885307312012 -0.7351285815238953 7
    vertex -7.5 0 7
    vertex -7.5 0 -4
  endloop
endfacet
facet normal 0 0 0
  outer loop
    vertex -7.355889797210693 -1.4631774425506592 10
    vertex -7.355889797210693 -1.4631774425506592 12
    vertex -7.463885307312012 -0.7351285815238953 10
  endloop
endfacet
facet normal 0 0 0
  outer loop
    vertex -7.1770524978637695 -2.1771349906921387 10
    vertex -7.1770524978637695 -2.1771349906921387 12
    vertex -7.355889797210693 -1.4631774425506592 10
  endloop
endfacet
facet normal 0 0 0
  outer loop
    vertex -7.1770524978637695 -2.1771349906921387 12
    vertex -7.355889797210693 -1.4631774425506592 12
    vertex -7.355889797210693 -1.4631774425506592 10
  endloop
endfacet
facet normal 0 0 0
  outer loop
    vertex -7.1770524978637695 -2.1771349906921387 12
    vertex -6.937817573547363 -2.1045639514923096 12
    vertex -7.110693454742432 -1.4144048690795898 12
  endloop
endfacet
facet normal 0 0 0
  outer loop
    vertex -7.1770524978637695 -2.1771349906921387 12
    vertex -7.110693454742432 -1.4144048690795898 12
    vertex -7.355889797210693 -1.4631774425506592 12
  endloop
endfacet
facet normal 0 0 0
  outer loop
    vertex -7.355889797210693 -1.4631774425506592 12
    vertex -7.110693454742432 -1.4144048690795898 12
    vertex -7.215089321136475 -0.7106242775917053 12
  endloop
endfacet
facet normal 0 0 0
  outer loop
    vertex -7.355889797210693 -1.4631774425506592 12
    vertex -7.463885307312012 -0.7351285815238953 12
    vertex -7.463885307312012 -0.7351285815238953 10
  endloop
endfacet
facet normal 0 0 0
  outer loop
    vertex -7.463885307312012 -0.7351285815238953 10
    vertex -7.463885307312012 -0.7351285815238953 12
    vertex -7.5 0 10
  endloop
endfacet
facet normal 0 0 0
  outer loop
    vertex -7.463885307312012 -0.7351285815238953 12
    vertex -7.5 0 12
    vertex -7.5 0 10
  endloop
endfacet
facet normal 0 0 0
  outer loop
    vertex -7.355889797210693 -1.4631774425506592 12
    vertex -7.355889797210693 1.4631774425506592 12
    vertex -7.463885307312012 -0.7351285815238953 12
  endloop
endfacet
facet normal 0 0 0
  outer loop
    vertex -7.355889797210693 -1.4631774425506592 12
    vertex -7.215089321136475 -0.7106242775917053 12
    vertex -7.25 0 12
  endloop
endfacet
facet normal 0 0 0
  outer loop
    vertex -7.355889797210693 -1.4631774425506592 12
    vertex -7.25 0 12
    vertex -7.215089321136475 0.7106242775917053 12
  endloop
endfacet
facet normal 0 0 0
  outer loop
    vertex -6.236021995544434 -4.166776657104492 7
    vertex -6.614409446716309 -3.535475492477417 -4
    vertex -6.236021995544434 -4.166776657104492 -4
  endloop
endfacet
facet normal 0 0 0
  outer loop
    vertex -6.236021995544434 -4.166776657104492 7
    vertex -6.614409446716309 -3.535475492477417 7
    vertex -6.614409446716309 -3.535475492477417 -4
  endloop
endfacet
facet normal 0 0 0
  outer loop
    vertex -6.236021995544434 -4.166776657104492 7
    vertex -6.236021995544434 -4.166776657104492 -4
    vertex -5.79757833480835 -4.7579498291015625 7
  endloop
endfacet
facet normal 0 0 0
  outer loop
    vertex -6.614409446716309 -3.535475492477417 7
    vertex -6.929096698760986 -2.8701257705688477 -4
    vertex -6.614409446716309 -3.535475492477417 -4
  endloop
endfacet
facet normal 0 0 0
  outer loop
    vertex -6.236021995544434 -4.166776657104492 10
    vertex -6.236021995544434 -4.166776657104492 12
    vertex -6.614409446716309 -3.535475492477417 10
  endloop
endfacet
facet normal 0 0 0
  outer loop
    vertex -6.236021995544434 -4.166776657104492 12
    vertex -6.614409446716309 -3.535475492477417 12
    vertex -6.614409446716309 -3.535475492477417 10
  endloop
endfacet
facet normal 0 0 0
  outer loop
    vertex -6.0281548500061035 -4.027884006500244 12
    vertex -6.3939290046691895 -3.41762638092041 12
    vertex -6.614409446716309 -3.535475492477417 12
  endloop
endfacet
facet normal 0 0 0
  outer loop
    vertex -6.236021995544434 -4.166776657104492 12
    vertex -6.0281548500061035 -4.027884006500244 12
    vertex -6.614409446716309 -3.535475492477417 12
  endloop
endfacet
facet normal 0 0 0
  outer loop
    vertex -6.236021995544434 -4.166776657104492 10
    vertex -5.79757833480835 -4.7579498291015625 12
    vertex -6.236021995544434 -4.166776657104492 12
  endloop
endfacet
facet normal 0 0 0
  outer loop
    vertex -6.236021995544434 -4.166776657104492 12
    vertex -5.604325771331787 -4.599351406097412 12
    vertex -6.0281548500061035 -4.027884006500244 12
  endloop
endfacet
facet normal 0 0 0
  outer loop
    vertex -6.614409446716309 -3.535475492477417 10
    vertex -6.614409446716309 -3.535475492477417 12
    vertex -6.929096698760986 -2.8701257705688477 10
  endloop
endfacet
facet normal 0 0 0
  outer loop
    vertex -6.614409446716309 -3.535475492477417 12
    vertex -6.3939290046691895 -3.41762638092041 12
    vertex -6.929096698760986 -2.8701257705688477 12
  endloop
endfacet
facet normal 0 0 0
  outer loop
    vertex -6.3939290046691895 -3.41762638092041 12
    vertex -6.698126792907715 -2.7744548320770264 12
    vertex -6.929096698760986 -2.8701257705688477 12
  endloop
endfacet
facet normal 0 0 0
  outer loop
    vertex -3.535475492477417 -6.614409446716309 10
    vertex -2.8701257705688477 -6.929096698760986 10
    vertex -2.8701257705688477 -6.929096698760986 12
  endloop
endfacet
facet normal 0 0 0
  outer loop
    vertex -2.1771349906921387 -7.1770524978637695 12
    vertex -2.8701257705688477 -6.929096698760986 12
    vertex -2.8701257705688477 -6.929096698760986 10
  endloop
endfacet
facet normal 0 0 0
  outer loop
    vertex -2.8701257705688477 -6.929096698760986 12
    vertex -2.1045639514923096 -6.937817573547363 12
    vertex -2.7744548320770264 -6.698126792907715 12
  endloop
endfacet
facet normal 0 0 0
  outer loop
    vertex -2.1771349906921387 -7.1770524978637695 10
    vertex -2.1771349906921387 -7.1770524978637695 12
    vertex -2.8701257705688477 -6.929096698760986 10
  endloop
endfacet
facet normal 0 0 0
  outer loop
    vertex -2.1771349906921387 -7.1770524978637695 12
    vertex -2.1045639514923096 -6.937817573547363 12
    vertex -2.8701257705688477 -6.929096698760986 12
  endloop
endfacet
facet normal 0 0 0
  outer loop
    vertex -4.166776657104492 -6.236021995544434 7
    vertex -4.7579498291015625 -5.79757833480835 -4
    vertex -4.166776657104492 -6.236021995544434 -4
  endloop
endfacet
facet normal 0 0 0
  outer loop
    vertex -3.726356267929077 -6.5 7
    vertex -4.166776657104492 -6.236021995544434 -4
    vertex -3.726356267929077 -6.5 -4
  endloop
endfacet
facet normal 0 0 0
  outer loop
    vertex -4.166776657104492 -6.236021995544434 7
    vertex -4.166776657104492 -6.236021995544434 -4
    vertex -3.726356267929077 -6.5 7
  endloop
endfacet
facet normal 0 0 0
  outer loop
    vertex -4.166776657104492 -6.236021995544434 10
    vertex -3.535475492477417 -6.614409446716309 12
    vertex -4.166776657104492 -6.236021995544434 12
  endloop
endfacet
facet normal 0 0 0
  outer loop
    vertex -4.166776657104492 -6.236021995544434 10
    vertex -4.166776657104492 -6.236021995544434 12
    vertex -4.7579498291015625 -5.79757833480835 10
  endloop
endfacet
facet normal 0 0 0
  outer loop
    vertex -4.166776657104492 -6.236021995544434 12
    vertex -4.027884006500244 -6.0281548500061035 12
    vertex -4.7579498291015625 -5.79757833480835 12
  endloop
endfacet
facet normal 0 0 0
  outer loop
    vertex -4.7579498291015625 -5.79757833480835 12
    vertex -4.027884006500244 -6.0281548500061035 12
    vertex -4.599351406097412 -5.604325771331787 12
  endloop
endfacet
facet normal 0 0 0
  outer loop
    vertex -4.166776657104492 -6.236021995544434 10
    vertex -3.535475492477417 -6.614409446716309 10
    vertex -3.535475492477417 -6.614409446716309 12
  endloop
endfacet
facet normal 0 0 0
  outer loop
    vertex -4.166776657104492 -6.236021995544434 12
    vertex -3.41762638092041 -6.3939290046691895 12
    vertex -4.027884006500244 -6.0281548500061035 12
  endloop
endfacet
facet normal 0 0 0
  outer loop
    vertex -4.166776657104492 -6.236021995544434 12
    vertex -3.535475492477417 -6.614409446716309 12
    vertex -3.41762638092041 -6.3939290046691895 12
  endloop
endfacet
facet normal 0 0 0
  outer loop
    vertex -3.535475492477417 -6.614409446716309 10
    vertex -2.8701257705688477 -6.929096698760986 12
    vertex -3.535475492477417 -6.614409446716309 12
  endloop
endfacet
facet normal 0 0 0
  outer loop
    vertex -3.535475492477417 -6.614409446716309 12
    vertex -2.7744548320770264 -6.698126792907715 12
    vertex -3.41762638092041 -6.3939290046691895 12
  endloop
endfacet
facet normal 0 0 0
  outer loop
    vertex -3.535475492477417 -6.614409446716309 12
    vertex -2.8701257705688477 -6.929096698760986 12
    vertex -2.7744548320770264 -6.698126792907715 12
  endloop
endfacet
facet normal 0 0 0
  outer loop
    vertex -2.1771349906921387 -7.1770524978637695 10
    vertex -1.4631774425506592 -7.355889797210693 10
    vertex -1.4631774425506592 -7.355889797210693 12
  endloop
endfacet
facet normal 0 0 0
  outer loop
    vertex -2.1771349906921387 -7.1770524978637695 10
    vertex -1.4631774425506592 -7.355889797210693 12
    vertex -2.1771349906921387 -7.1770524978637695 12
  endloop
endfacet
facet normal 0 0 0
  outer loop
    vertex -2.1771349906921387 -7.1770524978637695 12
    vertex -1.4144048690795898 -7.110693454742432 12
    vertex -2.1045639514923096 -6.937817573547363 12
  endloop
endfacet
facet normal 0 0 0
  outer loop
    vertex -1.4631774425506592 -7.355889797210693 10
    vertex -0.7351285815238953 -7.463885307312012 12
    vertex -1.4631774425506592 -7.355889797210693 12
  endloop
endfacet
facet normal 0 0 0
  outer loop
    vertex -2.1771349906921387 -7.1770524978637695 12
    vertex -1.4631774425506592 -7.355889797210693 12
    vertex -1.4144048690795898 -7.110693454742432 12
  endloop
endfacet
facet normal 0 0 0
  outer loop
    vertex -1.4631774425506592 -7.355889797210693 12
    vertex -0.7106242775917053 -7.215089321136475 12
    vertex -1.4144048690795898 -7.110693454742432 12
  endloop
endfacet
facet normal 0 0 0
  outer loop
    vertex -1.4631774425506592 -7.355889797210693 10
    vertex -0.7351285815238953 -7.463885307312012 10
    vertex -0.7351285815238953 -7.463885307312012 12
  endloop
endfacet
facet normal 0 0 0
  outer loop
    vertex -1.4631774425506592 -7.355889797210693 12
    vertex -0.7351285815238953 -7.463885307312012 12
    vertex -0.7106242775917053 -7.215089321136475 12
  endloop
endfacet
facet normal 0 0 0
  outer loop
    vertex -0.7351285815238953 -7.463885307312012 10
    vertex 0 -7.5 12
    vertex -0.7351285815238953 -7.463885307312012 12
  endloop
endfacet
facet normal 0 0 0
  outer loop
    vertex -0.7351285815238953 -7.463885307312012 10
    vertex 0 -7.5 10
    vertex 0 -7.5 12
  endloop
endfacet
facet normal 0 0 0
  outer loop
    vertex -0.7351285815238953 -7.463885307312012 12
    vertex 0 -7.5 12
    vertex 0 -7.25 12
  endloop
endfacet
facet normal 0 0 0
  outer loop
    vertex -0.7351285815238953 -7.463885307312012 12
    vertex 0 -7.25 12
    vertex -0.7106242775917053 -7.215089321136475 12
  endloop
endfacet
facet normal 0 0 0
  outer loop
    vertex -7.355889797210693 1.4631774425506592 -7
    vertex -7.355889797210693 1.4631774425506592 -12
    vertex -7.463885307312012 0.7351285815238953 -12
  endloop
endfacet
facet normal 0 0 0
  outer loop
    vertex -7.224114894866943 1.9892514944076538 -7
    vertex -7.212820053100586 2.0343434810638428 -12
    vertex -7.355889797210693 1.4631774425506592 -12
  endloop
endfacet
facet normal 0 0 0
  outer loop
    vertex -7.355889797210693 1.4631774425506592 -7
    vertex -7.463885307312012 0.7351285815238953 -12
    vertex -7.463885307312012 0.7351285815238953 -7
  endloop
endfacet
facet normal 0 0 0
  outer loop
    vertex -7.224114894866943 1.9892514944076538 -7
    vertex -7.355889797210693 1.4631774425506592 -12
    vertex -7.355889797210693 1.4631774425506592 -7
  endloop
endfacet
facet normal 0 0 0
  outer loop
    vertex -7.1770524978637695 2.1771349906921387 -12
    vertex -7.224114894866943 1.9892514944076538 -7
    vertex -7.1770524978637695 2.1771349906921387 -7
  endloop
endfacet
facet normal 0 0 0
  outer loop
    vertex -6.994348049163818 2.6877598762512207 -7
    vertex -6.978687763214111 2.73152756690979 -12
    vertex -7.1770524978637695 2.1771349906921387 -12
  endloop
endfacet
facet normal 0 0 0
  outer loop
    vertex -6.697221755981445 3.3603835105895996 -7
    vertex -6.677346706390381 3.4024055004119873 -12
    vertex -6.929096698760986 2.8701257705688477 -12
  endloop
endfacet
facet normal 0 0 0
  outer loop
    vertex -6.994348049163818 2.6877598762512207 -7
    vertex -7.1770524978637695 2.1771349906921387 -12
    vertex -7.1770524978637695 2.1771349906921387 -7
  endloop
endfacet
facet normal 0 0 0
  outer loop
    vertex -6.929096698760986 2.8701257705688477 -12
    vertex -6.994348049163818 2.6877598762512207 -7
    vertex -6.929096698760986 2.8701257705688477 -7
  endloop
endfacet
facet normal 0 0 0
  outer loop
    vertex -6.697221755981445 3.3603835105895996 -7
    vertex -6.929096698760986 2.8701257705688477 -12
    vertex -6.929096698760986 2.8701257705688477 -7
  endloop
endfacet
facet normal 0 0 0
  outer loop
    vertex -6.335597515106201 4.000644683837891 -7
    vertex -6.311699390411377 4.040516376495361 -12
    vertex -6.614409446716309 3.535475492477417 -12
  endloop
endfacet
facet normal 0 0 0
  outer loop
    vertex -5.912958145141602 4.602377891540527 -7
    vertex -5.88526725769043 4.639715194702148 -12
    vertex -6.236021995544434 4.166776657104492 -12
  endloop
endfacet
facet normal 0 0 0
  outer loop
    vertex -6.614409446716309 3.535475492477417 -12
    vertex -6.697221755981445 3.3603835105895996 -7
    vertex -6.614409446716309 3.535475492477417 -7
  endloop
endfacet
facet normal 0 0 0
  outer loop
    vertex -6.335597515106201 4.000644683837891 -7
    vertex -6.614409446716309 3.535475492477417 -12
    vertex -6.614409446716309 3.535475492477417 -7
  endloop
endfacet
facet normal 0 0 0
  outer loop
    vertex -6.236021995544434 4.166776657104492 -12
    vertex -6.335597515106201 4.000644683837891 -7
    vertex -6.236021995544434 4.166776657104492 -7
  endloop
endfacet
facet normal 0 0 0
  outer loop
    vertex -5.912958145141602 4.602377891540527 -7
    vertex -6.236021995544434 4.166776657104492 -12
    vertex -6.236021995544434 4.166776657104492 -7
  endloop
endfacet
facet normal 0 0 0
  outer loop
    vertex -5.79757833480835 4.7579498291015625 -7
    vertex -5.79757833480835 4.7579498291015625 -12
    vertex -5.88526725769043 4.639715194702148 -12
  endloop
endfacet
facet normal 0 0 0
  outer loop
    vertex -5.79757833480835 4.7579498291015625 -7
    vertex -5.384315013885498 5.2139153480529785 -8.885818481445312
    vertex -5.79757833480835 4.7579498291015625 -12
  endloop
endfacet
facet normal 0 0 0
  outer loop
    vertex -5.79757833480835 4.7579498291015625 -12
    vertex -5.384315013885498 5.2139153480529785 -8.885818481445312
    vertex -5.518099308013916 5.066307067871094 -12
  endloop
endfacet
facet normal 0 0 0
  outer loop
    vertex -5.303300857543945 5.303300857543945 -12
    vertex -5.384315013885498 5.2139153480529785 -8.885818481445312
    vertex -5.303300857543945 5.303300857543945 -7
  endloop
endfacet
facet normal 0 0 0
  outer loop
    vertex -5.005836486816406 5.572906970977783 -12
    vertex -5.303300857543945 5.303300857543945 -12
    vertex -5.303300857543945 5.303300857543945 -7
  endloop
endfacet
facet normal 0 0 0
  outer loop
    vertex -4.423683166503906 6.045487403869629 -12
    vertex -4.7579498291015625 5.79757833480835 -12
    vertex -4.7579498291015625 5.79757833480835 -7
  endloop
endfacet
facet normal 0 0 0
  outer loop
    vertex -5.303300857543945 5.303300857543945 -7
    vertex -5.384315013885498 5.2139153480529785 -8.885818481445312
    vertex -5.79757833480835 4.7579498291015625 -7
  endloop
endfacet
facet normal 0 0 0
  outer loop
    vertex -4.901463031768799 5.667505264282227 -7
    vertex -5.005836486816406 5.572906970977783 -12
    vertex -5.303300857543945 5.303300857543945 -7
  endloop
endfacet
facet normal 0 0 0
  outer loop
    vertex -4.7579498291015625 5.79757833480835 -12
    vertex -4.901463031768799 5.667505264282227 -7
    vertex -4.7579498291015625 5.79757833480835 -7
  endloop
endfacet
facet normal 0 0 0
  outer loop
    vertex -4.322348594665527 6.120642185211182 -7
    vertex -4.423683166503906 6.045487403869629 -12
    vertex -4.7579498291015625 5.79757833480835 -7
  endloop
endfacet
facet normal 0 0 0
  outer loop
    vertex -4.166776657104492 6.236021995544434 -12
    vertex -4.423683166503906 6.045487403869629 -12
    vertex -4.263672351837158 6.164159297943115 -8.885818481445312
  endloop
endfacet
facet normal 0 0 0
  outer loop
    vertex -4.263672351837158 6.164159297943115 -8.885818481445312
    vertex -4.166776657104492 6.236021995544434 -7
    vertex -4.166776657104492 6.236021995544434 -12
  endloop
endfacet
facet normal 0 0 0
  outer loop
    vertex -3.747328519821167 6.487429618835449 -8.190476417541504
    vertex -4.166776657104492 6.236021995544434 -12
    vertex -4.166776657104492 6.236021995544434 -7
  endloop
endfacet
facet normal 0 0 0
  outer loop
    vertex -3.661735773086548 6.538732051849365 -12
    vertex -4.166776657104492 6.236021995544434 -12
    vertex -3.747328519821167 6.487429618835449 -8.190476417541504
  endloop
endfacet
facet normal 0 0 0
  outer loop
    vertex -3.535475492477417 6.614409446716309 -12
    vertex -3.535475492477417 6.614409446716309 -8
    vertex -2.901808977127075 6.914111614227295 -8.190476417541504
  endloop
endfacet
facet normal 0 0 0
  outer loop
    vertex -4.263672351837158 6.164159297943115 -8.885818481445312
    vertex -4.322348594665527 6.120642185211182 -7
    vertex -4.166776657104492 6.236021995544434 -7
  endloop
endfacet
facet normal 0 0 0
  outer loop
    vertex -3.7557175159454346 6.482401371002197 -7
    vertex -3.747328519821167 6.487429618835449 -8.190476417541504
    vertex -4.166776657104492 6.236021995544434 -7
  endloop
endfacet
facet normal 0 0 0
  outer loop
    vertex -3.0031957626342773 6.866158962249756 -12
    vertex -3.535475492477417 6.614409446716309 -12
    vertex -2.901808977127075 6.914111614227295 -8.190476417541504
  endloop
endfacet
facet normal 0 0 0
  outer loop
    vertex -2.8701257705688477 6.929096698760986 -8
    vertex -2.204854726791382 7.1671342849731445 -8
    vertex -2.8701257705688477 6.929096698760986 -12
  endloop
endfacet
facet normal 0 0 0
  outer loop
    vertex -2.3157331943511963 7.1274614334106445 -12
    vertex -2.8701257705688477 6.929096698760986 -12
    vertex -2.204854726791382 7.1671342849731445 -8
  endloop
endfacet
facet normal 0 0 0
  outer loop
    vertex -2.901808977127075 6.914111614227295 -8.190476417541504
    vertex -3.535475492477417 6.614409446716309 -8
    vertex -2.8701257705688477 6.929096698760986 -8
  endloop
endfacet
facet normal 0 0 0
  outer loop
    vertex -1.605968952178955 7.320122241973877 -12
    vertex -2.1771349906921387 7.1770524978637695 -12
    vertex -1.4917356967926025 7.34873628616333 -8
  endloop
endfacet
facet normal 0 0 0
  outer loop
    vertex -2.1771349906921387 7.1770524978637695 -12
    vertex -2.1771349906921387 7.1770524978637695 -8
    vertex -1.4917356967926025 7.34873628616333 -8
  endloop
endfacet
facet normal 0 0 0
  outer loop
    vertex -1.4631774425506592 7.355889797210693 -8
    vertex -0.7351285815238953 7.463885307312012 -8
    vertex -1.4631774425506592 7.355889797210693 -12
  endloop
endfacet
facet normal 0 0 0
  outer loop
    vertex -0.7351285815238953 7.463885307312012 -12
    vertex -1.4631774425506592 7.355889797210693 -12
    vertex -0.7351285815238953 7.463885307312012 -8
  endloop
endfacet
facet normal 0 0 0
  outer loop
    vertex -0.7351285815238953 7.463885307312012 -12
    vertex -0.7351285815238953 7.463885307312012 -8
    vertex 0 7.5 -8
  endloop
endfacet
facet normal 0 0 0
  outer loop
    vertex 0 7.5 -12
    vertex -0.7351285815238953 7.463885307312012 -12
    vertex 0 7.5 -8
  endloop
endfacet
facet normal 0 0 0
  outer loop
    vertex -7.5 0 7
    vertex -7.463885307312012 0.7351285815238953 -4
    vertex -7.5 0 -4
  endloop
endfacet
facet normal 0 0 0
  outer loop
    vertex -7.463885307312012 0.7351285815238953 7
    vertex -7.355889797210693 1.4631774425506592 -4
    vertex -7.463885307312012 0.7351285815238953 -4
  endloop
endfacet
facet normal 0 0 0
  outer loop
    vertex -7.5 0 7
    vertex -7.463885307312012 0.7351285815238953 7
    vertex -7.463885307312012 0.7351285815238953 -4
  endloop
endfacet
facet normal 0 0 0
  outer loop
    vertex -7.355889797210693 1.4631774425506592 7
    vertex -7.1770524978637695 2.1771349906921387 -4
    vertex -7.355889797210693 1.4631774425506592 -4
  endloop
endfacet
facet normal 0 0 0
  outer loop
    vertex -7.463885307312012 0.7351285815238953 7
    vertex -7.355889797210693 1.4631774425506592 7
    vertex -7.355889797210693 1.4631774425506592 -4
  endloop
endfacet
facet normal 0 0 0
  outer loop
    vertex -7.355889797210693 1.4631774425506592 7
    vertex -7.1770524978637695 2.1771349906921387 7
    vertex -7.1770524978637695 2.1771349906921387 -4
  endloop
endfacet
facet normal 0 0 0
  outer loop
    vertex -7.5 0 10
    vertex -7.5 0 12
    vertex -7.463885307312012 0.7351285815238953 10
  endloop
endfacet
facet normal 0 0 0
  outer loop
    vertex -7.463885307312012 -0.7351285815238953 12
    vertex -7.463885307312012 0.7351285815238953 12
    vertex -7.5 0 12
  endloop
endfacet
facet normal 0 0 0
  outer loop
    vertex -7.463885307312012 0.7351285815238953 10
    vertex -7.5 0 12
    vertex -7.463885307312012 0.7351285815238953 12
  endloop
endfacet
facet normal 0 0 0
  outer loop
    vertex -7.463885307312012 -0.7351285815238953 12
    vertex -7.355889797210693 1.4631774425506592 12
    vertex -7.463885307312012 0.7351285815238953 12
  endloop
endfacet
facet normal 0 0 0
  outer loop
    vertex -7.463885307312012 0.7351285815238953 10
    vertex -7.463885307312012 0.7351285815238953 12
    vertex -7.355889797210693 1.4631774425506592 10
  endloop
endfacet
facet normal 0 0 0
  outer loop
    vertex -7.355889797210693 -1.4631774425506592 12
    vertex -7.215089321136475 0.7106242775917053 12
    vertex -7.1770524978637695 2.1771349906921387 12
  endloop
endfacet
facet normal 0 0 0
  outer loop
    vertex -7.355889797210693 -1.4631774425506592 12
    vertex -7.1770524978637695 2.1771349906921387 12
    vertex -7.355889797210693 1.4631774425506592 12
  endloop
endfacet
facet normal 0 0 0
  outer loop
    vertex -7.463885307312012 0.7351285815238953 12
    vertex -7.355889797210693 1.4631774425506592 12
    vertex -7.355889797210693 1.4631774425506592 10
  endloop
endfacet
facet normal 0 0 0
  outer loop
    vertex -7.215089321136475 0.7106242775917053 12
    vertex -7.110693454742432 1.4144048690795898 12
    vertex -7.1770524978637695 2.1771349906921387 12
  endloop
endfacet
facet normal 0 0 0
  outer loop
    vertex -7.355889797210693 1.4631774425506592 10
    vertex -7.355889797210693 1.4631774425506592 12
    vertex -7.1770524978637695 2.1771349906921387 10
  endloop
endfacet
facet normal 0 0 0
  outer loop
    vertex -7.355889797210693 1.4631774425506592 12
    vertex -7.1770524978637695 2.1771349906921387 12
    vertex -7.1770524978637695 2.1771349906921387 10
  endloop
endfacet
facet normal 0 0 0
  outer loop
    vertex -7.110693454742432 1.4144048690795898 12
    vertex -6.929096698760986 2.8701257705688477 12
    vertex -7.1770524978637695 2.1771349906921387 12
  endloop
endfacet
facet normal 0 0 0
  outer loop
    vertex -7.110693454742432 1.4144048690795898 12
    vertex -6.937817573547363 2.1045639514923096 12
    vertex -6.929096698760986 2.8701257705688477 12
  endloop
endfacet
facet normal 0 0 0
  outer loop
    vertex -7.1770524978637695 2.1771349906921387 7
    vertex -6.929096698760986 2.8701257705688477 -4
    vertex -7.1770524978637695 2.1771349906921387 -4
  endloop
endfacet
facet normal 0 0 0
  outer loop
    vertex -6.929096698760986 2.8701257705688477 7
    vertex -6.614409446716309 3.535475492477417 -4
    vertex -6.929096698760986 2.8701257705688477 -4
  endloop
endfacet
facet normal 0 0 0
  outer loop
    vertex -7.1770524978637695 2.1771349906921387 7
    vertex -6.929096698760986 2.8701257705688477 7
    vertex -6.929096698760986 2.8701257705688477 -4
  endloop
endfacet
facet normal 0 0 0
  outer loop
    vertex -7.1770524978637695 2.1771349906921387 10
    vertex -7.1770524978637695 2.1771349906921387 12
    vertex -6.929096698760986 2.8701257705688477 10
  endloop
endfacet
facet normal 0 0 0
  outer loop
    vertex -7.1770524978637695 2.1771349906921387 12
    vertex -6.929096698760986 2.8701257705688477 12
    vertex -6.929096698760986 2.8701257705688477 10
  endloop
endfacet
facet normal 0 0 0
  outer loop
    vertex -6.937817573547363 2.1045639514923096 12
    vertex -6.698126792907715 2.7744548320770264 12
    vertex -6.929096698760986 2.8701257705688477 12
  endloop
endfacet
facet normal 0 0 0
  outer loop
    vertex -6.929096698760986 2.8701257705688477 10
    vertex -6.929096698760986 2.8701257705688477 12
    vertex -6.614409446716309 3.535475492477417 10
  endloop
endfacet
facet normal 0 0 0
  outer loop
    vertex -6.929096698760986 2.8701257705688477 7
    vertex -6.614409446716309 3.535475492477417 7
    vertex -6.614409446716309 3.535475492477417 -4
  endloop
endfacet
facet normal 0 0 0
  outer loop
    vertex -6.614409446716309 3.535475492477417 7
    vertex -6.236021995544434 4.166776657104492 -4
    vertex -6.614409446716309 3.535475492477417 -4
  endloop
endfacet
facet normal 0 0 0
  outer loop
    vertex -6.236021995544434 4.166776657104492 7
    vertex -5.79757833480835 4.7579498291015625 -4
    vertex -6.236021995544434 4.166776657104492 -4
  endloop
endfacet
facet normal 0 0 0
  outer loop
    vertex -6.614409446716309 3.535475492477417 7
    vertex -6.236021995544434 4.166776657104492 7
    vertex -6.236021995544434 4.166776657104492 -4
  endloop
endfacet
facet normal 0 0 0
  outer loop
    vertex -6.929096698760986 2.8701257705688477 12
    vertex -6.698126792907715 2.7744548320770264 12
    vertex -6.614409446716309 3.535475492477417 12
  endloop
endfacet
facet normal 0 0 0
  outer loop
    vertex -6.929096698760986 2.8701257705688477 12
    vertex -6.614409446716309 3.535475492477417 12
    vertex -6.614409446716309 3.535475492477417 10
  endloop
endfacet
facet normal 0 0 0
  outer loop
    vertex -6.698126792907715 2.7744548320770264 12
    vertex -6.3939290046691895 3.41762638092041 12
    vertex -6.614409446716309 3.535475492477417 12
  endloop
endfacet
facet normal 0 0 0
  outer loop
    vertex -6.614409446716309 3.535475492477417 10
    vertex -6.614409446716309 3.535475492477417 12
    vertex -6.236021995544434 4.166776657104492 10
  endloop
endfacet
facet normal 0 0 0
  outer loop
    vertex -6.614409446716309 3.535475492477417 12
    vertex -6.3939290046691895 3.41762638092041 12
    vertex -6.236021995544434 4.166776657104492 12
  endloop
endfacet
facet normal 0 0 0
  outer loop
    vertex -6.3939290046691895 3.41762638092041 12
    vertex -6.0281548500061035 4.027884006500244 12
    vertex -6.236021995544434 4.166776657104492 12
  endloop
endfacet
facet normal 0 0 0
  outer loop
    vertex -6.614409446716309 3.535475492477417 12
    vertex -6.236021995544434 4.166776657104492 12
    vertex -6.236021995544434 4.166776657104492 10
  endloop
endfacet
facet normal 0 0 0
  outer loop
    vertex -6.236021995544434 4.166776657104492 10
    vertex -6.236021995544434 4.166776657104492 12
    vertex -5.79757833480835 4.7579498291015625 10
  endloop
endfacet
facet normal 0 0 0
  outer loop
    vertex -6.236021995544434 4.166776657104492 12
    vertex -6.0281548500061035 4.027884006500244 12
    vertex -5.79757833480835 4.7579498291015625 12
  endloop
endfacet
facet normal 0 0 0
  outer loop
    vertex -6.0281548500061035 4.027884006500244 12
    vertex -5.604325771331787 4.599351406097412 12
    vertex -5.79757833480835 4.7579498291015625 12
  endloop
endfacet
facet normal 0 0 0
  outer loop
    vertex -5.79757833480835 4.7579498291015625 7
    vertex -5.303300857543945 5.303300857543945 -4
    vertex -5.79757833480835 4.7579498291015625 -4
  endloop
endfacet
facet normal 0 0 0
  outer loop
    vertex -6.236021995544434 4.166776657104492 7
    vertex -5.79757833480835 4.7579498291015625 7
    vertex -5.79757833480835 4.7579498291015625 -4
  endloop
endfacet
facet normal 0 0 0
  outer loop
    vertex -5.303300857543945 5.303300857543945 7
    vertex -4.7579498291015625 5.79757833480835 -4
    vertex -5.303300857543945 5.303300857543945 -4
  endloop
endfacet
facet normal 0 0 0
  outer loop
    vertex -5.79757833480835 4.7579498291015625 7
    vertex -5.303300857543945 5.303300857543945 7
    vertex -5.303300857543945 5.303300857543945 -4
  endloop
endfacet
facet normal 0 0 0
  outer loop
    vertex -4.7579498291015625 5.79757833480835 7
    vertex -4.166776657104492 6.236021995544434 -4
    vertex -4.7579498291015625 5.79757833480835 -4
  endloop
endfacet
facet normal 0 0 0
  outer loop
    vertex -5.303300857543945 5.303300857543945 7
    vertex -4.7579498291015625 5.79757833480835 7
    vertex -4.7579498291015625 5.79757833480835 -4
  endloop
endfacet
facet normal 0 0 0
  outer loop
    vertex -6.236021995544434 4.166776657104492 12
    vertex -5.79757833480835 4.7579498291015625 12
    vertex -5.79757833480835 4.7579498291015625 10
  endloop
endfacet
facet normal 0 0 0
  outer loop
    vertex -5.79757833480835 4.7579498291015625 10
    vertex -5.79757833480835 4.7579498291015625 12
    vertex -5.303300857543945 5.303300857543945 10
  endloop
endfacet
facet normal 0 0 0
  outer loop
    vertex -5.79757833480835 4.7579498291015625 12
    vertex -5.604325771331787 4.599351406097412 12
    vertex -5.303300857543945 5.303300857543945 12
  endloop
endfacet
facet normal 0 0 0
  outer loop
    vertex -5.604325771331787 4.599351406097412 12
    vertex -5.126523971557617 5.126523971557617 12
    vertex -5.303300857543945 5.303300857543945 12
  endloop
endfacet
facet normal 0 0 0
  outer loop
    vertex -5.79757833480835 4.7579498291015625 12
    vertex -5.303300857543945 5.303300857543945 12
    vertex -5.303300857543945 5.303300857543945 10
  endloop
endfacet
facet normal 0 0 0
  outer loop
    vertex -5.303300857543945 5.303300857543945 10
    vertex -5.303300857543945 5.303300857543945 12
    vertex -4.7579498291015625 5.79757833480835 10
  endloop
endfacet
facet normal 0 0 0
  outer loop
    vertex -5.303300857543945 5.303300857543945 12
    vertex -5.126523971557617 5.126523971557617 12
    vertex -4.7579498291015625 5.79757833480835 12
  endloop
endfacet
facet normal 0 0 0
  outer loop
    vertex -5.126523971557617 5.126523971557617 12
    vertex -4.599351406097412 5.604325771331787 12
    vertex -4.7579498291015625 5.79757833480835 12
  endloop
endfacet
facet normal 0 0 0
  outer loop
    vertex -5.303300857543945 5.303300857543945 12
    vertex -4.7579498291015625 5.79757833480835 12
    vertex -4.7579498291015625 5.79757833480835 10
  endloop
endfacet
facet normal 0 0 0
  outer loop
    vertex -4.599351406097412 5.604325771331787 12
    vertex -4.166776657104492 6.236021995544434 12
    vertex -4.7579498291015625 5.79757833480835 12
  endloop
endfacet
facet normal 0 0 0
  outer loop
    vertex -4.7579498291015625 5.79757833480835 10
    vertex -4.7579498291015625 5.79757833480835 12
    vertex -4.166776657104492 6.236021995544434 10
  endloop
endfacet
facet normal 0 0 0
  outer loop
    vertex -4.166776657104492 6.236021995544434 7
    vertex -3.726356267929077 6.5 -4
    vertex -4.166776657104492 6.236021995544434 -4
  endloop
endfacet
facet normal 0 0 0
  outer loop
    vertex -4.7579498291015625 5.79757833480835 7
    vertex -4.166776657104492 6.236021995544434 7
    vertex -4.166776657104492 6.236021995544434 -4
  endloop
endfacet
facet normal 0 0 0
  outer loop
    vertex -4.166776657104492 6.236021995544434 7
    vertex -3.726356267929077 6.5 7
    vertex -3.726356267929077 6.5 -4
  endloop
endfacet
facet normal 0 0 0
  outer loop
    vertex -4.7579498291015625 5.79757833480835 12
    vertex -4.166776657104492 6.236021995544434 12
    vertex -4.166776657104492 6.236021995544434 10
  endloop
endfacet
facet normal 0 0 0
  outer loop
    vertex -4.599351406097412 5.604325771331787 12
    vertex -4.027884006500244 6.0281548500061035 12
    vertex -4.166776657104492 6.236021995544434 12
  endloop
endfacet
facet normal 0 0 0
  outer loop
    vertex -4.166776657104492 6.236021995544434 10
    vertex -4.166776657104492 6.236021995544434 12
    vertex -3.535475492477417 6.614409446716309 10
  endloop
endfacet
facet normal 0 0 0
  outer loop
    vertex -4.027884006500244 6.0281548500061035 12
    vertex -3.535475492477417 6.614409446716309 12
    vertex -4.166776657104492 6.236021995544434 12
  endloop
endfacet
facet normal 0 0 0
  outer loop
    vertex -4.027884006500244 6.0281548500061035 12
    vertex -3.41762638092041 6.3939290046691895 12
    vertex -3.535475492477417 6.614409446716309 12
  endloop
endfacet
facet normal 0 0 0
  outer loop
    vertex -4.166776657104492 6.236021995544434 12
    vertex -3.535475492477417 6.614409446716309 12
    vertex -3.535475492477417 6.614409446716309 10
  endloop
endfacet
facet normal 0 0 0
  outer loop
    vertex -3.535475492477417 6.614409446716309 10
    vertex -3.535475492477417 6.614409446716309 12
    vertex -2.8701257705688477 6.929096698760986 10
  endloop
endfacet
facet normal 0 0 0
  outer loop
    vertex -3.535475492477417 6.614409446716309 12
    vertex -3.41762638092041 6.3939290046691895 12
    vertex -2.8701257705688477 6.929096698760986 12
  endloop
endfacet
facet normal 0 0 0
  outer loop
    vertex -3.41762638092041 6.3939290046691895 12
    vertex -2.7744548320770264 6.698126792907715 12
    vertex -2.8701257705688477 6.929096698760986 12
  endloop
endfacet
facet normal 0 0 0
  outer loop
    vertex -3.535475492477417 6.614409446716309 12
    vertex -2.8701257705688477 6.929096698760986 12
    vertex -2.8701257705688477 6.929096698760986 10
  endloop
endfacet
facet normal 0 0 0
  outer loop
    vertex -2.8701257705688477 6.929096698760986 10
    vertex -2.8701257705688477 6.929096698760986 12
    vertex -2.1771349906921387 7.1770524978637695 10
  endloop
endfacet
facet normal 0 0 0
  outer loop
    vertex -2.7744548320770264 6.698126792907715 12
    vertex -2.1771349906921387 7.1770524978637695 12
    vertex -2.8701257705688477 6.929096698760986 12
  endloop
endfacet
facet normal 0 0 0
  outer loop
    vertex -2.7744548320770264 6.698126792907715 12
    vertex -2.1045639514923096 6.937817573547363 12
    vertex -2.1771349906921387 7.1770524978637695 12
  endloop
endfacet
facet normal 0 0 0
  outer loop
    vertex -2.8701257705688477 6.929096698760986 12
    vertex -2.1771349906921387 7.1770524978637695 12
    vertex -2.1771349906921387 7.1770524978637695 10
  endloop
endfacet
facet normal 0 0 0
  outer loop
    vertex -2.1771349906921387 7.1770524978637695 10
    vertex -2.1771349906921387 7.1770524978637695 12
    vertex -1.4631774425506592 7.355889797210693 10
  endloop
endfacet
facet normal 0 0 0
  outer loop
    vertex -2.1045639514923096 6.937817573547363 12
    vertex -1.4631774425506592 7.355889797210693 12
    vertex -2.1771349906921387 7.1770524978637695 12
  endloop
endfacet
facet normal 0 0 0
  outer loop
    vertex -2.1771349906921387 7.1770524978637695 12
    vertex -1.4631774425506592 7.355889797210693 12
    vertex -1.4631774425506592 7.355889797210693 10
  endloop
endfacet
facet normal 0 0 0
  outer loop
    vertex -2.1045639514923096 6.937817573547363 12
    vertex -1.4144048690795898 7.110693454742432 12
    vertex -1.4631774425506592 7.355889797210693 12
  endloop
endfacet
facet normal 0 0 0
  outer loop
    vertex -1.4144048690795898 7.110693454742432 12
    vertex -0.7351285815238953 7.463885307312012 12
    vertex -1.4631774425506592 7.355889797210693 12
  endloop
endfacet
facet normal 0 0 0
  outer loop
    vertex -1.4631774425506592 7.355889797210693 10
    vertex -1.4631774425506592 7.355889797210693 12
    vertex -0.7351285815238953 7.463885307312012 10
  endloop
endfacet
facet normal 0 0 0
  outer loop
    vertex -1.4144048690795898 7.110693454742432 12
    vertex -0.7106242775917053 7.215089321136475 12
    vertex -0.7351285815238953 7.463885307312012 12
  endloop
endfacet
facet normal 0 0 0
  outer loop
    vertex -1.4631774425506592 7.355889797210693 12
    vertex -0.7351285815238953 7.463885307312012 12
    vertex -0.7351285815238953 7.463885307312012 10
  endloop
endfacet
facet normal 0 0 0
  outer loop
    vertex -0.7351285815238953 7.463885307312012 10
    vertex -0.7351285815238953 7.463885307312012 12
    vertex 0 7.5 10
  endloop
endfacet
facet normal 0 0 0
  outer loop
    vertex -0.7106242775917053 7.215089321136475 12
    vertex 0 7.5 12
    vertex -0.7351285815238953 7.463885307312012 12
  endloop
endfacet
facet normal 0 0 0
  outer loop
    vertex -0.7106242775917053 7.215089321136475 12
    vertex 0 7.25 12
    vertex 0 7.5 12
  endloop
endfacet
facet normal 0 0 0
  outer loop
    vertex -0.7351285815238953 7.463885307312012 12
    vertex 0 7.5 12
    vertex 0 7.5 10
  endloop
endfacet
facet normal 0 0 0
  outer loop
    vertex 0 -7.5 -12
    vertex 0.7351285815238953 -7.463885307312012 -12
    vertex 0 -7.5 -8
  endloop
endfacet
facet normal 0 0 0
  outer loop
    vertex 0 -7.5 -8
    vertex 0.7351285815238953 -7.463885307312012 -12
    vertex 0.7351285815238953 -7.463885307312012 -8
  endloop
endfacet
facet normal 0 0 0
  outer loop
    vertex 0.7351285815238953 -7.463885307312012 -12
    vertex 1.4631774425506592 -7.355889797210693 -12
    vertex 0.7351285815238953 -7.463885307312012 -8
  endloop
endfacet
facet normal 0 0 0
  outer loop
    vertex 1.4631774425506592 -7.355889797210693 -8
    vertex 0.7351285815238953 -7.463885307312012 -8
    vertex 1.4631774425506592 -7.355889797210693 -12
  endloop
endfacet
facet normal 0 0 0
  outer loop
    vertex 1.605968952178955 -7.320122241973877 -12
    vertex 2.1771349906921387 -7.1770524978637695 -12
    vertex 1.4917356967926025 -7.34873628616333 -8
  endloop
endfacet
facet normal 0 0 0
  outer loop
    vertex 2.1771349906921387 -7.1770524978637695 -8
    vertex 1.4917356967926025 -7.34873628616333 -8
    vertex 2.1771349906921387 -7.1770524978637695 -12
  endloop
endfacet
facet normal 0 0 0
  outer loop
    vertex 2.3157331943511963 -7.1274614334106445 -12
    vertex 2.8701257705688477 -6.929096698760986 -12
    vertex 2.204854726791382 -7.1671342849731445 -8
  endloop
endfacet
facet normal 0 0 0
  outer loop
    vertex 2.8701257705688477 -6.929096698760986 -8
    vertex 2.204854726791382 -7.1671342849731445 -8
    vertex 2.8701257705688477 -6.929096698760986 -12
  endloop
endfacet
facet normal 0 0 0
  outer loop
    vertex 3.0031957626342773 -6.866158962249756 -12
    vertex 3.535475492477417 -6.614409446716309 -12
    vertex 2.901808977127075 -6.914111614227295 -8.190476417541504
  endloop
endfacet
facet normal 0 0 0
  outer loop
    vertex 2.8701257705688477 -6.929096698760986 -8
    vertex 2.901808977127075 -6.914111614227295 -8.190476417541504
    vertex 3.535475492477417 -6.614409446716309 -8
  endloop
endfacet
facet normal 0 0 0
  outer loop
    vertex 3.535475492477417 -6.614409446716309 -8
    vertex 2.901808977127075 -6.914111614227295 -8.190476417541504
    vertex 3.535475492477417 -6.614409446716309 -12
  endloop
endfacet
facet normal 0 0 0
  outer loop
    vertex 3.661735773086548 -6.538732051849365 -12
    vertex 4.166776657104492 -6.236021995544434 -12
    vertex 3.747328519821167 -6.487429618835449 -8.190476417541504
  endloop
endfacet
facet normal 0 0 0
  outer loop
    vertex 3.747328519821167 -6.487429618835449 -8.190476417541504
    vertex 4.166776657104492 -6.236021995544434 -12
    vertex 4.166776657104492 -6.236021995544434 -7
  endloop
endfacet
facet normal 0 0 0
  outer loop
    vertex 4.263672351837158 -6.164159297943115 -8.885818481445312
    vertex 4.166776657104492 -6.236021995544434 -7
    vertex 4.166776657104492 -6.236021995544434 -12
  endloop
endfacet
facet normal 0 0 0
  outer loop
    vertex 4.166776657104492 -6.236021995544434 -12
    vertex 4.423683166503906 -6.045487403869629 -12
    vertex 4.263672351837158 -6.164159297943115 -8.885818481445312
  endloop
endfacet
facet normal 0 0 0
  outer loop
    vertex 3.7557175159454346 -6.482401371002197 -7
    vertex 3.747328519821167 -6.487429618835449 -8.190476417541504
    vertex 4.166776657104492 -6.236021995544434 -7
  endloop
endfacet
facet normal 0 0 0
  outer loop
    vertex 4.263672351837158 -6.164159297943115 -8.885818481445312
    vertex 4.322348594665527 -6.120642185211182 -7
    vertex 4.166776657104492 -6.236021995544434 -7
  endloop
endfacet
facet normal 0 0 0
  outer loop
    vertex 4.423683166503906 -6.045487403869629 -12
    vertex 4.7579498291015625 -5.79757833480835 -12
    vertex 4.7579498291015625 -5.79757833480835 -7
  endloop
endfacet
facet normal 0 0 0
  outer loop
    vertex 5.005836486816406 -5.572906970977783 -12
    vertex 5.303300857543945 -5.303300857543945 -12
    vertex 5.303300857543945 -5.303300857543945 -7
  endloop
endfacet
facet normal 0 0 0
  outer loop
    vertex 5.303300857543945 -5.303300857543945 -12
    vertex 5.384315013885498 -5.2139153480529785 -8.885818481445312
    vertex 5.303300857543945 -5.303300857543945 -7
  endloop
endfacet
facet normal 0 0 0
  outer loop
    vertex 5.79757833480835 -4.7579498291015625 -12
    vertex 5.384315013885498 -5.2139153480529785 -8.885818481445312
    vertex 5.518099308013916 -5.066307067871094 -12
  endloop
endfacet
facet normal 0 0 0
  outer loop
    vertex 5.79757833480835 -4.7579498291015625 -7
    vertex 5.384315013885498 -5.2139153480529785 -8.885818481445312
    vertex 5.79757833480835 -4.7579498291015625 -12
  endloop
endfacet
facet normal 0 0 0
  outer loop
    vertex 5.79757833480835 -4.7579498291015625 -7
    vertex 5.79757833480835 -4.7579498291015625 -12
    vertex 5.88526725769043 -4.639715194702148 -12
  endloop
endfacet
facet normal 0 0 0
  outer loop
    vertex 4.322348594665527 -6.120642185211182 -7
    vertex 4.423683166503906 -6.045487403869629 -12
    vertex 4.7579498291015625 -5.79757833480835 -7
  endloop
endfacet
facet normal 0 0 0
  outer loop
    vertex 4.7579498291015625 -5.79757833480835 -12
    vertex 4.901463031768799 -5.667505264282227 -7
    vertex 4.7579498291015625 -5.79757833480835 -7
  endloop
endfacet
facet normal 0 0 0
  outer loop
    vertex 4.901463031768799 -5.667505264282227 -7
    vertex 5.005836486816406 -5.572906970977783 -12
    vertex 5.303300857543945 -5.303300857543945 -7
  endloop
endfacet
facet normal 0 0 0
  outer loop
    vertex 5.303300857543945 -5.303300857543945 -7
    vertex 5.384315013885498 -5.2139153480529785 -8.885818481445312
    vertex 5.79757833480835 -4.7579498291015625 -7
  endloop
endfacet
facet normal 0 0 0
  outer loop
    vertex 5.912958145141602 -4.602377891540527 -7
    vertex 5.88526725769043 -4.639715194702148 -12
    vertex 6.236021995544434 -4.166776657104492 -12
  endloop
endfacet
facet normal 0 0 0
  outer loop
    vertex 6.335597515106201 -4.000644683837891 -7
    vertex 6.311699390411377 -4.040516376495361 -12
    vertex 6.614409446716309 -3.535475492477417 -12
  endloop
endfacet
facet normal 0 0 0
  outer loop
    vertex 5.912958145141602 -4.602377891540527 -7
    vertex 6.236021995544434 -4.166776657104492 -12
    vertex 6.236021995544434 -4.166776657104492 -7
  endloop
endfacet
facet normal 0 0 0
  outer loop
    vertex 6.236021995544434 -4.166776657104492 -12
    vertex 6.335597515106201 -4.000644683837891 -7
    vertex 6.236021995544434 -4.166776657104492 -7
  endloop
endfacet
facet normal 0 0 0
  outer loop
    vertex 6.335597515106201 -4.000644683837891 -7
    vertex 6.614409446716309 -3.535475492477417 -12
    vertex 6.614409446716309 -3.535475492477417 -7
  endloop
endfacet
facet normal 0 0 0
  outer loop
    vertex 6.614409446716309 -3.535475492477417 -12
    vertex 6.697221755981445 -3.3603835105895996 -7
    vertex 6.614409446716309 -3.535475492477417 -7
  endloop
endfacet
facet normal 0 0 0
  outer loop
    vertex 6.697221755981445 -3.3603835105895996 -7
    vertex 6.677346706390381 -3.4024055004119873 -12
    vertex 6.929096698760986 -2.8701257705688477 -12
  endloop
endfacet
facet normal 0 0 0
  outer loop
    vertex 6.994348049163818 -2.6877598762512207 -7
    vertex 6.978687763214111 -2.73152756690979 -12
    vertex 7.1770524978637695 -2.1771349906921387 -12
  endloop
endfacet
facet normal 0 0 0
  outer loop
    vertex 6.697221755981445 -3.3603835105895996 -7
    vertex 6.929096698760986 -2.8701257705688477 -12
    vertex 6.929096698760986 -2.8701257705688477 -7
  endloop
endfacet
facet normal 0 0 0
  outer loop
    vertex 6.929096698760986 -2.8701257705688477 -12
    vertex 6.994348049163818 -2.6877598762512207 -7
    vertex 6.929096698760986 -2.8701257705688477 -7
  endloop
endfacet
facet normal 0 0 0
  outer loop
    vertex 6.994348049163818 -2.6877598762512207 -7
    vertex 7.1770524978637695 -2.1771349906921387 -12
    vertex 7.1770524978637695 -2.1771349906921387 -7
  endloop
endfacet
facet normal 0 0 0
  outer loop
    vertex 7.224114894866943 -1.9892514944076538 -7
    vertex 7.212820053100586 -2.0343434810638428 -12
    vertex 7.355889797210693 -1.4631774425506592 -12
  endloop
endfacet
facet normal 0 0 0
  outer loop
    vertex 7.355889797210693 -1.4631774425506592 -7
    vertex 7.355889797210693 -1.4631774425506592 -12
    vertex 7.463885307312012 -0.7351285815238953 -12
  endloop
endfacet
facet normal 0 0 0
  outer loop
    vertex 7.5 0 -12
    vertex 7.5 0 -7
    vertex 7.480301380157471 -0.400979220867157 -12
  endloop
endfacet
facet normal 0 0 0
  outer loop
    vertex 7.1770524978637695 -2.1771349906921387 -12
    vertex 7.224114894866943 -1.9892514944076538 -7
    vertex 7.1770524978637695 -2.1771349906921387 -7
  endloop
endfacet
facet normal 0 0 0
  outer loop
    vertex 7.224114894866943 -1.9892514944076538 -7
    vertex 7.355889797210693 -1.4631774425506592 -12
    vertex 7.355889797210693 -1.4631774425506592 -7
  endloop
endfacet
facet normal 0 0 0
  outer loop
    vertex 7.355889797210693 -1.4631774425506592 -7
    vertex 7.463885307312012 -0.7351285815238953 -12
    vertex 7.463885307312012 -0.7351285815238953 -7
  endloop
endfacet
facet normal 0 0 0
  outer loop
    vertex 7.473389148712158 -0.5416736602783203 -7
    vertex 7.480301380157471 -0.400979220867157 -12
    vertex 7.5 0 -7
  endloop
endfacet
facet normal 0 0 0
  outer loop
    vertex 0 -7.5 10
    vertex 0.7351285815238953 -7.463885307312012 12
    vertex 0 -7.5 12
  endloop
endfacet
facet normal 0 0 0
  outer loop
    vertex 0 -7.5 12
    vertex 0.7106242775917053 -7.215089321136475 12
    vertex 0 -7.25 12
  endloop
endfacet
facet normal 0 0 0
  outer loop
    vertex 0 -7.5 10
    vertex 0.7351285815238953 -7.463885307312012 10
    vertex 0.7351285815238953 -7.463885307312012 12
  endloop
endfacet
facet normal 0 0 0
  outer loop
    vertex 0 -7.5 12
    vertex 0.7351285815238953 -7.463885307312012 12
    vertex 0.7106242775917053 -7.215089321136475 12
  endloop
endfacet
facet normal 0 0 0
  outer loop
    vertex 0.7351285815238953 -7.463885307312012 10
    vertex 1.4631774425506592 -7.355889797210693 12
    vertex 0.7351285815238953 -7.463885307312012 12
  endloop
endfacet
facet normal 0 0 0
  outer loop
    vertex 0.7351285815238953 -7.463885307312012 12
    vertex 1.4144048690795898 -7.110693454742432 12
    vertex 0.7106242775917053 -7.215089321136475 12
  endloop
endfacet
facet normal 0 0 0
  outer loop
    vertex 0.7351285815238953 -7.463885307312012 10
    vertex 1.4631774425506592 -7.355889797210693 10
    vertex 1.4631774425506592 -7.355889797210693 12
  endloop
endfacet
facet normal 0 0 0
  outer loop
    vertex 0.7351285815238953 -7.463885307312012 12
    vertex 1.4631774425506592 -7.355889797210693 12
    vertex 1.4144048690795898 -7.110693454742432 12
  endloop
endfacet
facet normal 0 0 0
  outer loop
    vertex 1.4631774425506592 -7.355889797210693 12
    vertex 2.1045639514923096 -6.937817573547363 12
    vertex 1.4144048690795898 -7.110693454742432 12
  endloop
endfacet
facet normal 0 0 0
  outer loop
    vertex 1.4631774425506592 -7.355889797210693 10
    vertex 2.1771349906921387 -7.1770524978637695 10
    vertex 2.1771349906921387 -7.1770524978637695 12
  endloop
endfacet
facet normal 0 0 0
  outer loop
    vertex 1.4631774425506592 -7.355889797210693 10
    vertex 2.1771349906921387 -7.1770524978637695 12
    vertex 1.4631774425506592 -7.355889797210693 12
  endloop
endfacet
facet normal 0 0 0
  outer loop
    vertex 1.4631774425506592 -7.355889797210693 12
    vertex 2.1771349906921387 -7.1770524978637695 12
    vertex 2.1045639514923096 -6.937817573547363 12
  endloop
endfacet
facet normal 0 0 0
  outer loop
    vertex 2.1771349906921387 -7.1770524978637695 10
    vertex 2.8701257705688477 -6.929096698760986 12
    vertex 2.1771349906921387 -7.1770524978637695 12
  endloop
endfacet
facet normal 0 0 0
  outer loop
    vertex 2.1771349906921387 -7.1770524978637695 12
    vertex 2.7744548320770264 -6.698126792907715 12
    vertex 2.1045639514923096 -6.937817573547363 12
  endloop
endfacet
facet normal 0 0 0
  outer loop
    vertex 2.1771349906921387 -7.1770524978637695 10
    vertex 2.8701257705688477 -6.929096698760986 10
    vertex 2.8701257705688477 -6.929096698760986 12
  endloop
endfacet
facet normal 0 0 0
  outer loop
    vertex 2.1771349906921387 -7.1770524978637695 12
    vertex 2.8701257705688477 -6.929096698760986 12
    vertex 2.7744548320770264 -6.698126792907715 12
  endloop
endfacet
facet normal 0 0 0
  outer loop
    vertex 2.8701257705688477 -6.929096698760986 10
    vertex 3.535475492477417 -6.614409446716309 12
    vertex 2.8701257705688477 -6.929096698760986 12
  endloop
endfacet
facet normal 0 0 0
  outer loop
    vertex 4.166776657104492 -6.236021995544434 7
    vertex 3.726356267929077 -6.5 -4
    vertex 4.166776657104492 -6.236021995544434 -4
  endloop
endfacet
facet normal 0 0 0
  outer loop
    vertex 3.726356267929077 -6.5 7
    vertex 3.726356267929077 -6.5 -4
    vertex 4.166776657104492 -6.236021995544434 7
  endloop
endfacet
facet normal 0 0 0
  outer loop
    vertex 4.166776657104492 -6.236021995544434 7
    vertex 4.166776657104492 -6.236021995544434 -4
    vertex 4.7579498291015625 -5.79757833480835 7
  endloop
endfacet
facet normal 0 0 0
  outer loop
    vertex 2.8701257705688477 -6.929096698760986 12
    vertex 3.41762638092041 -6.3939290046691895 12
    vertex 2.7744548320770264 -6.698126792907715 12
  endloop
endfacet
facet normal 0 0 0
  outer loop
    vertex 2.8701257705688477 -6.929096698760986 10
    vertex 3.535475492477417 -6.614409446716309 10
    vertex 3.535475492477417 -6.614409446716309 12
  endloop
endfacet
facet normal 0 0 0
  outer loop
    vertex 2.8701257705688477 -6.929096698760986 12
    vertex 3.535475492477417 -6.614409446716309 12
    vertex 3.41762638092041 -6.3939290046691895 12
  endloop
endfacet
facet normal 0 0 0
  outer loop
    vertex 3.535475492477417 -6.614409446716309 10
    vertex 4.166776657104492 -6.236021995544434 12
    vertex 3.535475492477417 -6.614409446716309 12
  endloop
endfacet
facet normal 0 0 0
  outer loop
    vertex 3.41762638092041 -6.3939290046691895 12
    vertex 3.535475492477417 -6.614409446716309 12
    vertex 4.027884006500244 -6.0281548500061035 12
  endloop
endfacet
facet normal 0 0 0
  outer loop
    vertex 3.535475492477417 -6.614409446716309 12
    vertex 4.166776657104492 -6.236021995544434 12
    vertex 4.027884006500244 -6.0281548500061035 12
  endloop
endfacet
facet normal 0 0 0
  outer loop
    vertex 3.535475492477417 -6.614409446716309 10
    vertex 4.166776657104492 -6.236021995544434 10
    vertex 4.166776657104492 -6.236021995544434 12
  endloop
endfacet
facet normal 0 0 0
  outer loop
    vertex 4.166776657104492 -6.236021995544434 12
    vertex 4.599351406097412 -5.604325771331787 12
    vertex 4.027884006500244 -6.0281548500061035 12
  endloop
endfacet
facet normal 0 0 0
  outer loop
    vertex 4.166776657104492 -6.236021995544434 10
    vertex 4.7579498291015625 -5.79757833480835 12
    vertex 4.166776657104492 -6.236021995544434 12
  endloop
endfacet
facet normal 0 0 0
  outer loop
    vertex 4.7579498291015625 -5.79757833480835 7
    vertex 4.166776657104492 -6.236021995544434 -4
    vertex 4.7579498291015625 -5.79757833480835 -4
  endloop
endfacet
facet normal 0 0 0
  outer loop
    vertex 4.7579498291015625 -5.79757833480835 7
    vertex 4.7579498291015625 -5.79757833480835 -4
    vertex 5.303300857543945 -5.303300857543945 7
  endloop
endfacet
facet normal 0 0 0
  outer loop
    vertex 5.303300857543945 -5.303300857543945 7
    vertex 4.7579498291015625 -5.79757833480835 -4
    vertex 5.303300857543945 -5.303300857543945 -4
  endloop
endfacet
facet normal 0 0 0
  outer loop
    vertex 5.303300857543945 -5.303300857543945 7
    vertex 5.303300857543945 -5.303300857543945 -4
    vertex 5.79757833480835 -4.7579498291015625 7
  endloop
endfacet
facet normal 0 0 0
  outer loop
    vertex 5.79757833480835 -4.7579498291015625 7
    vertex 5.303300857543945 -5.303300857543945 -4
    vertex 5.79757833480835 -4.7579498291015625 -4
  endloop
endfacet
facet normal 0 0 0
  outer loop
    vertex 5.79757833480835 -4.7579498291015625 7
    vertex 5.79757833480835 -4.7579498291015625 -4
    vertex 6.236021995544434 -4.166776657104492 7
  endloop
endfacet
facet normal 0 0 0
  outer loop
    vertex 4.166776657104492 -6.236021995544434 10
    vertex 4.7579498291015625 -5.79757833480835 10
    vertex 4.7579498291015625 -5.79757833480835 12
  endloop
endfacet
facet normal 0 0 0
  outer loop
    vertex 4.166776657104492 -6.236021995544434 12
    vertex 4.7579498291015625 -5.79757833480835 12
    vertex 4.599351406097412 -5.604325771331787 12
  endloop
endfacet
facet normal 0 0 0
  outer loop
    vertex 4.7579498291015625 -5.79757833480835 10
    vertex 5.303300857543945 -5.303300857543945 12
    vertex 4.7579498291015625 -5.79757833480835 12
  endloop
endfacet
facet normal 0 0 0
  outer loop
    vertex 4.7579498291015625 -5.79757833480835 12
    vertex 5.126523971557617 -5.126523971557617 12
    vertex 4.599351406097412 -5.604325771331787 12
  endloop
endfacet
facet normal 0 0 0
  outer loop
    vertex 4.7579498291015625 -5.79757833480835 10
    vertex 5.303300857543945 -5.303300857543945 10
    vertex 5.303300857543945 -5.303300857543945 12
  endloop
endfacet
facet normal 0 0 0
  outer loop
    vertex 4.7579498291015625 -5.79757833480835 12
    vertex 5.303300857543945 -5.303300857543945 12
    vertex 5.126523971557617 -5.126523971557617 12
  endloop
endfacet
facet normal 0 0 0
  outer loop
    vertex 5.303300857543945 -5.303300857543945 10
    vertex 5.79757833480835 -4.7579498291015625 12
    vertex 5.303300857543945 -5.303300857543945 12
  endloop
endfacet
facet normal 0 0 0
  outer loop
    vertex 5.126523971557617 -5.126523971557617 12
    vertex 5.303300857543945 -5.303300857543945 12
    vertex 5.604325771331787 -4.599351406097412 12
  endloop
endfacet
facet normal 0 0 0
  outer loop
    vertex 5.303300857543945 -5.303300857543945 12
    vertex 5.79757833480835 -4.7579498291015625 12
    vertex 5.604325771331787 -4.599351406097412 12
  endloop
endfacet
facet normal 0 0 0
  outer loop
    vertex 5.303300857543945 -5.303300857543945 10
    vertex 5.79757833480835 -4.7579498291015625 10
    vertex 5.79757833480835 -4.7579498291015625 12
  endloop
endfacet
facet normal 0 0 0
  outer loop
    vertex 5.79757833480835 -4.7579498291015625 10
    vertex 6.236021995544434 -4.166776657104492 12
    vertex 5.79757833480835 -4.7579498291015625 12
  endloop
endfacet
facet normal 0 0 0
  outer loop
    vertex 6.236021995544434 -4.166776657104492 7
    vertex 5.79757833480835 -4.7579498291015625 -4
    vertex 6.236021995544434 -4.166776657104492 -4
  endloop
endfacet
facet normal 0 0 0
  outer loop
    vertex 6.614409446716309 -3.535475492477417 7
    vertex 6.236021995544434 -4.166776657104492 -4
    vertex 6.614409446716309 -3.535475492477417 -4
  endloop
endfacet
facet normal 0 0 0
  outer loop
    vertex 6.236021995544434 -4.166776657104492 7
    vertex 6.236021995544434 -4.166776657104492 -4
    vertex 6.614409446716309 -3.535475492477417 7
  endloop
endfacet
facet normal 0 0 0
  outer loop
    vertex 6.614409446716309 -3.535475492477417 7
    vertex 6.614409446716309 -3.535475492477417 -4
    vertex 6.929096698760986 -2.8701257705688477 7
  endloop
endfacet
facet normal 0 0 0
  outer loop
    vertex 5.604325771331787 -4.599351406097412 12
    vertex 5.79757833480835 -4.7579498291015625 12
    vertex 6.0281548500061035 -4.027884006500244 12
  endloop
endfacet
facet normal 0 0 0
  outer loop
    vertex 5.79757833480835 -4.7579498291015625 10
    vertex 6.236021995544434 -4.166776657104492 10
    vertex 6.236021995544434 -4.166776657104492 12
  endloop
endfacet
facet normal 0 0 0
  outer loop
    vertex 5.79757833480835 -4.7579498291015625 12
    vertex 6.236021995544434 -4.166776657104492 12
    vertex 6.0281548500061035 -4.027884006500244 12
  endloop
endfacet
facet normal 0 0 0
  outer loop
    vertex 6.236021995544434 -4.166776657104492 10
    vertex 6.614409446716309 -3.535475492477417 12
    vertex 6.236021995544434 -4.166776657104492 12
  endloop
endfacet
facet normal 0 0 0
  outer loop
    vertex 6.0281548500061035 -4.027884006500244 12
    vertex 6.236021995544434 -4.166776657104492 12
    vertex 6.3939290046691895 -3.41762638092041 12
  endloop
endfacet
facet normal 0 0 0
  outer loop
    vertex 6.236021995544434 -4.166776657104492 12
    vertex 6.614409446716309 -3.535475492477417 12
    vertex 6.3939290046691895 -3.41762638092041 12
  endloop
endfacet
facet normal 0 0 0
  outer loop
    vertex 6.236021995544434 -4.166776657104492 10
    vertex 6.614409446716309 -3.535475492477417 10
    vertex 6.614409446716309 -3.535475492477417 12
  endloop
endfacet
facet normal 0 0 0
  outer loop
    vertex 6.3939290046691895 -3.41762638092041 12
    vertex 6.614409446716309 -3.535475492477417 12
    vertex 6.698126792907715 -2.7744548320770264 12
  endloop
endfacet
facet normal 0 0 0
  outer loop
    vertex 6.614409446716309 -3.535475492477417 10
    vertex 6.929096698760986 -2.8701257705688477 12
    vertex 6.614409446716309 -3.535475492477417 12
  endloop
endfacet
facet normal 0 0 0
  outer loop
    vertex 6.614409446716309 -3.535475492477417 12
    vertex 6.929096698760986 -2.8701257705688477 12
    vertex 6.698126792907715 -2.7744548320770264 12
  endloop
endfacet
facet normal 0 0 0
  outer loop
    vertex 6.929096698760986 -2.8701257705688477 7
    vertex 6.614409446716309 -3.535475492477417 -4
    vertex 6.929096698760986 -2.8701257705688477 -4
  endloop
endfacet
facet normal 0 0 0
  outer loop
    vertex 7.1770524978637695 -2.1771349906921387 7
    vertex 6.929096698760986 -2.8701257705688477 -4
    vertex 7.1770524978637695 -2.1771349906921387 -4
  endloop
endfacet
facet normal 0 0 0
  outer loop
    vertex 6.929096698760986 -2.8701257705688477 7
    vertex 6.929096698760986 -2.8701257705688477 -4
    vertex 7.1770524978637695 -2.1771349906921387 7
  endloop
endfacet
facet normal 0 0 0
  outer loop
    vertex 6.614409446716309 -3.535475492477417 10
    vertex 6.929096698760986 -2.8701257705688477 10
    vertex 6.929096698760986 -2.8701257705688477 12
  endloop
endfacet
facet normal 0 0 0
  outer loop
    vertex 6.698126792907715 -2.7744548320770264 12
    vertex 6.929096698760986 -2.8701257705688477 12
    vertex 6.937817573547363 -2.1045639514923096 12
  endloop
endfacet
facet normal 0 0 0
  outer loop
    vertex 6.929096698760986 -2.8701257705688477 10
    vertex 7.1770524978637695 -2.1771349906921387 12
    vertex 6.929096698760986 -2.8701257705688477 12
  endloop
endfacet
facet normal 0 0 0
  outer loop
    vertex 6.929096698760986 -2.8701257705688477 10
    vertex 7.1770524978637695 -2.1771349906921387 10
    vertex 7.1770524978637695 -2.1771349906921387 12
  endloop
endfacet
facet normal 0 0 0
  outer loop
    vertex 7.355889797210693 -1.4631774425506592 7
    vertex 7.1770524978637695 -2.1771349906921387 -4
    vertex 7.355889797210693 -1.4631774425506592 -4
  endloop
endfacet
facet normal 0 0 0
  outer loop
    vertex 7.1770524978637695 -2.1771349906921387 7
    vertex 7.1770524978637695 -2.1771349906921387 -4
    vertex 7.355889797210693 -1.4631774425506592 7
  endloop
endfacet
facet normal 0 0 0
  outer loop
    vertex 7.355889797210693 -1.4631774425506592 7
    vertex 7.355889797210693 -1.4631774425506592 -4
    vertex 7.463885307312012 -0.7351285815238953 7
  endloop
endfacet
facet normal 0 0 0
  outer loop
    vertex 7.463885307312012 -0.7351285815238953 7
    vertex 7.355889797210693 -1.4631774425506592 -4
    vertex 7.463885307312012 -0.7351285815238953 -4
  endloop
endfacet
facet normal 0 0 0
  outer loop
    vertex 7.5 0 7
    vertex 7.463885307312012 -0.7351285815238953 -4
    vertex 7.5 0 -4
  endloop
endfacet
facet normal 0 0 0
  outer loop
    vertex 7.463885307312012 -0.7351285815238953 7
    vertex 7.463885307312012 -0.7351285815238953 -4
    vertex 7.5 0 7
  endloop
endfacet
facet normal 0 0 0
  outer loop
    vertex 6.929096698760986 -2.8701257705688477 12
    vertex 7.110693454742432 -1.4144048690795898 12
    vertex 6.937817573547363 -2.1045639514923096 12
  endloop
endfacet
facet normal 0 0 0
  outer loop
    vertex 6.929096698760986 -2.8701257705688477 12
    vertex 7.1770524978637695 -2.1771349906921387 12
    vertex 7.110693454742432 -1.4144048690795898 12
  endloop
endfacet
facet normal 0 0 0
  outer loop
    vertex 7.1770524978637695 -2.1771349906921387 10
    vertex 7.355889797210693 -1.4631774425506592 10
    vertex 7.355889797210693 -1.4631774425506592 12
  endloop
endfacet
facet normal 0 0 0
  outer loop
    vertex 7.1770524978637695 -2.1771349906921387 10
    vertex 7.355889797210693 -1.4631774425506592 12
    vertex 7.1770524978637695 -2.1771349906921387 12
  endloop
endfacet
facet normal 0 0 0
  outer loop
    vertex 7.1770524978637695 -2.1771349906921387 12
    vertex 7.215089321136475 -0.7106242775917053 12
    vertex 7.110693454742432 -1.4144048690795898 12
  endloop
endfacet
facet normal 0 0 0
  outer loop
    vertex 7.355889797210693 -1.4631774425506592 10
    vertex 7.463885307312012 -0.7351285815238953 12
    vertex 7.355889797210693 -1.4631774425506592 12
  endloop
endfacet
facet normal 0 0 0
  outer loop
    vertex 7.1770524978637695 -2.1771349906921387 12
    vertex 7.355889797210693 -1.4631774425506592 12
    vertex 7.355889797210693 1.4631774425506592 12
  endloop
endfacet
facet normal 0 0 0
  outer loop
    vertex 7.1770524978637695 -2.1771349906921387 12
    vertex 7.355889797210693 1.4631774425506592 12
    vertex 7.215089321136475 -0.7106242775917053 12
  endloop
endfacet
facet normal 0 0 0
  outer loop
    vertex 7.355889797210693 -1.4631774425506592 10
    vertex 7.463885307312012 -0.7351285815238953 10
    vertex 7.463885307312012 -0.7351285815238953 12
  endloop
endfacet
facet normal 0 0 0
  outer loop
    vertex 7.355889797210693 -1.4631774425506592 12
    vertex 7.463885307312012 -0.7351285815238953 12
    vertex 7.463885307312012 0.7351285815238953 12
  endloop
endfacet
facet normal 0 0 0
  outer loop
    vertex 7.463885307312012 -0.7351285815238953 10
    vertex 7.5 0 12
    vertex 7.463885307312012 -0.7351285815238953 12
  endloop
endfacet
facet normal 0 0 0
  outer loop
    vertex 7.463885307312012 -0.7351285815238953 10
    vertex 7.5 0 10
    vertex 7.5 0 12
  endloop
endfacet
facet normal 0 0 0
  outer loop
    vertex 0 7.5 -12
    vertex 0 7.5 -8
    vertex 0.7351285815238953 7.463885307312012 -8
  endloop
endfacet
facet normal 0 0 0
  outer loop
    vertex 0.7351285815238953 7.463885307312012 -12
    vertex 0 7.5 -12
    vertex 0.7351285815238953 7.463885307312012 -8
  endloop
endfacet
facet normal 0 0 0
  outer loop
    vertex 0.7351285815238953 7.463885307312012 -8
    vertex 1.4631774425506592 7.355889797210693 -8
    vertex 0.7351285815238953 7.463885307312012 -12
  endloop
endfacet
facet normal 0 0 0
  outer loop
    vertex 1.4631774425506592 7.355889797210693 -12
    vertex 0.7351285815238953 7.463885307312012 -12
    vertex 1.4631774425506592 7.355889797210693 -8
  endloop
endfacet
facet normal 0 0 0
  outer loop
    vertex 2.1771349906921387 7.1770524978637695 -12
    vertex 1.4631774425506592 7.355889797210693 -12
    vertex 2.1771349906921387 7.1770524978637695 -8
  endloop
endfacet
facet normal 0 0 0
  outer loop
    vertex 1.4631774425506592 7.355889797210693 -12
    vertex 1.4631774425506592 7.355889797210693 -8
    vertex 2.1771349906921387 7.1770524978637695 -8
  endloop
endfacet
facet normal 0 0 0
  outer loop
    vertex 3.535475492477417 6.614409446716309 -12
    vertex 2.8701257705688477 6.929096698760986 -12
    vertex 3.535475492477417 6.614409446716309 -8
  endloop
endfacet
facet normal 0 0 0
  outer loop
    vertex 3.535475492477417 6.614409446716309 -12
    vertex 3.726356267929077 6.5 -8
    vertex 4.166776657104492 6.236021995544434 -12
  endloop
endfacet
facet normal 0 0 0
  outer loop
    vertex 4.166776657104492 6.236021995544434 -12
    vertex 4.166776657104492 6.236021995544434 -7
    vertex 4.7579498291015625 5.79757833480835 -12
  endloop
endfacet
facet normal 0 0 0
  outer loop
    vertex 3.726356267929077 6.5 -8
    vertex 4.166776657104492 6.236021995544434 -7
    vertex 4.166776657104492 6.236021995544434 -12
  endloop
endfacet
facet normal 0 0 0
  outer loop
    vertex 3.7557175159454346 6.482401371002197 -7
    vertex 4.166776657104492 6.236021995544434 -7
    vertex 3.726356267929077 6.5 -8
  endloop
endfacet
facet normal 0 0 0
  outer loop
    vertex 2.1771349906921387 7.1770524978637695 -8
    vertex 2.8701257705688477 6.929096698760986 -8
    vertex 2.1771349906921387 7.1770524978637695 -12
  endloop
endfacet
facet normal 0 0 0
  outer loop
    vertex 2.8701257705688477 6.929096698760986 -12
    vertex 2.1771349906921387 7.1770524978637695 -12
    vertex 2.8701257705688477 6.929096698760986 -8
  endloop
endfacet
facet normal 0 0 0
  outer loop
    vertex 3.535475492477417 6.614409446716309 -8
    vertex 2.8701257705688477 6.929096698760986 -12
    vertex 2.8701257705688477 6.929096698760986 -8
  endloop
endfacet
facet normal 0 0 0
  outer loop
    vertex 6.929096698760986 2.8701257705688477 -12
    vertex 6.614409446716309 3.535475492477417 -12
    vertex 6.614409446716309 3.535475492477417 -7
  endloop
endfacet
facet normal 0 0 0
  outer loop
    vertex 6.614409446716309 3.535475492477417 -12
    vertex 6.236021995544434 4.166776657104492 -12
    vertex 6.236021995544434 4.166776657104492 -7
  endloop
endfacet
facet normal 0 0 0
  outer loop
    vertex 6.236021995544434 4.166776657104492 -7
    vertex 6.236021995544434 4.166776657104492 -12
    vertex 5.79757833480835 4.7579498291015625 -7
  endloop
endfacet
facet normal 0 0 0
  outer loop
    vertex 6.614409446716309 3.535475492477417 -7
    vertex 6.614409446716309 3.535475492477417 -12
    vertex 6.236021995544434 4.166776657104492 -7
  endloop
endfacet
facet normal 0 0 0
  outer loop
    vertex 7.5 0 -12
    vertex 7.463885307312012 0.7351285815238953 -12
    vertex 7.463885307312012 0.7351285815238953 -7
  endloop
endfacet
facet normal 0 0 0
  outer loop
    vertex 7.355889797210693 1.4631774425506592 -12
    vertex 7.1770524978637695 2.1771349906921387 -12
    vertex 7.1770524978637695 2.1771349906921387 -7
  endloop
endfacet
facet normal 0 0 0
  outer loop
    vertex 7.463885307312012 0.7351285815238953 -12
    vertex 7.355889797210693 1.4631774425506592 -12
    vertex 7.355889797210693 1.4631774425506592 -7
  endloop
endfacet
facet normal 0 0 0
  outer loop
    vertex 7.5 0 -12
    vertex 7.463885307312012 0.7351285815238953 -7
    vertex 7.5 0 -7
  endloop
endfacet
facet normal 0 0 0
  outer loop
    vertex 7.463885307312012 0.7351285815238953 -7
    vertex 7.463885307312012 0.7351285815238953 -12
    vertex 7.355889797210693 1.4631774425506592 -7
  endloop
endfacet
facet normal 0 0 0
  outer loop
    vertex 7.355889797210693 1.4631774425506592 -7
    vertex 7.355889797210693 1.4631774425506592 -12
    vertex 7.1770524978637695 2.1771349906921387 -7
  endloop
endfacet
facet normal 0 0 0
  outer loop
    vertex 7.1770524978637695 2.1771349906921387 -12
    vertex 6.929096698760986 2.8701257705688477 -12
    vertex 6.929096698760986 2.8701257705688477 -7
  endloop
endfacet
facet normal 0 0 0
  outer loop
    vertex 7.1770524978637695 2.1771349906921387 -7
    vertex 7.1770524978637695 2.1771349906921387 -12
    vertex 6.929096698760986 2.8701257705688477 -7
  endloop
endfacet
facet normal 0 0 0
  outer loop
    vertex 6.929096698760986 2.8701257705688477 -7
    vertex 6.929096698760986 2.8701257705688477 -12
    vertex 6.614409446716309 3.535475492477417 -7
  endloop
endfacet
facet normal 0 0 0
  outer loop
    vertex 5.303300857543945 5.303300857543945 -12
    vertex 5.303300857543945 5.303300857543945 -7
    vertex 5.79757833480835 4.7579498291015625 -12
  endloop
endfacet
facet normal 0 0 0
  outer loop
    vertex 5.303300857543945 5.303300857543945 -12
    vertex 4.7579498291015625 5.79757833480835 -12
    vertex 4.7579498291015625 5.79757833480835 -7
  endloop
endfacet
facet normal 0 0 0
  outer loop
    vertex 6.236021995544434 4.166776657104492 -12
    vertex 5.79757833480835 4.7579498291015625 -12
    vertex 5.79757833480835 4.7579498291015625 -7
  endloop
endfacet
facet normal 0 0 0
  outer loop
    vertex 5.303300857543945 5.303300857543945 -7
    vertex 5.303300857543945 5.303300857543945 -12
    vertex 4.7579498291015625 5.79757833480835 -7
  endloop
endfacet
facet normal 0 0 0
  outer loop
    vertex 4.7579498291015625 5.79757833480835 -7
    vertex 4.7579498291015625 5.79757833480835 -12
    vertex 4.166776657104492 6.236021995544434 -7
  endloop
endfacet
facet normal 0 0 0
  outer loop
    vertex 5.79757833480835 4.7579498291015625 -7
    vertex 5.79757833480835 4.7579498291015625 -12
    vertex 5.303300857543945 5.303300857543945 -7
  endloop
endfacet
facet normal 0 0 0
  outer loop
    vertex 0 7.25 12
    vertex 0.7106242775917053 7.215089321136475 12
    vertex 0.7351285815238953 7.463885307312012 12
  endloop
endfacet
facet normal 0 0 0
  outer loop
    vertex 0 7.5 10
    vertex 0 7.5 12
    vertex 0.7351285815238953 7.463885307312012 10
  endloop
endfacet
facet normal 0 0 0
  outer loop
    vertex 0 7.25 12
    vertex 0.7351285815238953 7.463885307312012 12
    vertex 0 7.5 12
  endloop
endfacet
facet normal 0 0 0
  outer loop
    vertex 0.7351285815238953 7.463885307312012 10
    vertex 0 7.5 12
    vertex 0.7351285815238953 7.463885307312012 12
  endloop
endfacet
facet normal 0 0 0
  outer loop
    vertex 0.7351285815238953 7.463885307312012 10
    vertex 0.7351285815238953 7.463885307312012 12
    vertex 1.4631774425506592 7.355889797210693 10
  endloop
endfacet
facet normal 0 0 0
  outer loop
    vertex 0.7106242775917053 7.215089321136475 12
    vertex 1.4631774425506592 7.355889797210693 12
    vertex 0.7351285815238953 7.463885307312012 12
  endloop
endfacet
facet normal 0 0 0
  outer loop
    vertex 0.7106242775917053 7.215089321136475 12
    vertex 1.4144048690795898 7.110693454742432 12
    vertex 1.4631774425506592 7.355889797210693 12
  endloop
endfacet
facet normal 0 0 0
  outer loop
    vertex 1.4144048690795898 7.110693454742432 12
    vertex 2.1771349906921387 7.1770524978637695 12
    vertex 1.4631774425506592 7.355889797210693 12
  endloop
endfacet
facet normal 0 0 0
  outer loop
    vertex 0.7351285815238953 7.463885307312012 12
    vertex 1.4631774425506592 7.355889797210693 12
    vertex 1.4631774425506592 7.355889797210693 10
  endloop
endfacet
facet normal 0 0 0
  outer loop
    vertex 1.4631774425506592 7.355889797210693 10
    vertex 1.4631774425506592 7.355889797210693 12
    vertex 2.1771349906921387 7.1770524978637695 10
  endloop
endfacet
facet normal 0 0 0
  outer loop
    vertex 1.4144048690795898 7.110693454742432 12
    vertex 2.1045639514923096 6.937817573547363 12
    vertex 2.1771349906921387 7.1770524978637695 12
  endloop
endfacet
facet normal 0 0 0
  outer loop
    vertex 1.4631774425506592 7.355889797210693 12
    vertex 2.1771349906921387 7.1770524978637695 12
    vertex 2.1771349906921387 7.1770524978637695 10
  endloop
endfacet
facet normal 0 0 0
  outer loop
    vertex 3.726356267929077 6.5 7
    vertex 4.166776657104492 6.236021995544434 -4
    vertex 3.726356267929077 6.5 -4
  endloop
endfacet
facet normal 0 0 0
  outer loop
    vertex 4.166776657104492 6.236021995544434 7
    vertex 4.7579498291015625 5.79757833480835 -4
    vertex 4.166776657104492 6.236021995544434 -4
  endloop
endfacet
facet normal 0 0 0
  outer loop
    vertex 3.726356267929077 6.5 7
    vertex 4.166776657104492 6.236021995544434 7
    vertex 4.166776657104492 6.236021995544434 -4
  endloop
endfacet
facet normal 0 0 0
  outer loop
    vertex 2.7744548320770264 6.698126792907715 12
    vertex 3.535475492477417 6.614409446716309 12
    vertex 2.8701257705688477 6.929096698760986 12
  endloop
endfacet
facet normal 0 0 0
  outer loop
    vertex 2.7744548320770264 6.698126792907715 12
    vertex 3.41762638092041 6.3939290046691895 12
    vertex 3.535475492477417 6.614409446716309 12
  endloop
endfacet
facet normal 0 0 0
  outer loop
    vertex 2.8701257705688477 6.929096698760986 12
    vertex 3.535475492477417 6.614409446716309 12
    vertex 3.535475492477417 6.614409446716309 10
  endloop
endfacet
facet normal 0 0 0
  outer loop
    vertex 3.41762638092041 6.3939290046691895 12
    vertex 4.166776657104492 6.236021995544434 12
    vertex 3.535475492477417 6.614409446716309 12
  endloop
endfacet
facet normal 0 0 0
  outer loop
    vertex 3.41762638092041 6.3939290046691895 12
    vertex 4.027884006500244 6.0281548500061035 12
    vertex 4.166776657104492 6.236021995544434 12
  endloop
endfacet
facet normal 0 0 0
  outer loop
    vertex 3.535475492477417 6.614409446716309 10
    vertex 3.535475492477417 6.614409446716309 12
    vertex 4.166776657104492 6.236021995544434 10
  endloop
endfacet
facet normal 0 0 0
  outer loop
    vertex 4.027884006500244 6.0281548500061035 12
    vertex 4.599351406097412 5.604325771331787 12
    vertex 4.7579498291015625 5.79757833480835 12
  endloop
endfacet
facet normal 0 0 0
  outer loop
    vertex 4.7579498291015625 5.79757833480835 10
    vertex 4.166776657104492 6.236021995544434 10
    vertex 4.166776657104492 6.236021995544434 12
  endloop
endfacet
facet normal 0 0 0
  outer loop
    vertex 4.027884006500244 6.0281548500061035 12
    vertex 4.7579498291015625 5.79757833480835 12
    vertex 4.166776657104492 6.236021995544434 12
  endloop
endfacet
facet normal 0 0 0
  outer loop
    vertex 3.535475492477417 6.614409446716309 12
    vertex 4.166776657104492 6.236021995544434 12
    vertex 4.166776657104492 6.236021995544434 10
  endloop
endfacet
facet normal 0 0 0
  outer loop
    vertex 2.1045639514923096 6.937817573547363 12
    vertex 2.8701257705688477 6.929096698760986 12
    vertex 2.1771349906921387 7.1770524978637695 12
  endloop
endfacet
facet normal 0 0 0
  outer loop
    vertex 2.8701257705688477 6.929096698760986 10
    vertex 2.1771349906921387 7.1770524978637695 10
    vertex 2.1771349906921387 7.1770524978637695 12
  endloop
endfacet
facet normal 0 0 0
  outer loop
    vertex 2.1045639514923096 6.937817573547363 12
    vertex 2.7744548320770264 6.698126792907715 12
    vertex 2.8701257705688477 6.929096698760986 12
  endloop
endfacet
facet normal 0 0 0
  outer loop
    vertex 2.8701257705688477 6.929096698760986 10
    vertex 2.1771349906921387 7.1770524978637695 12
    vertex 2.8701257705688477 6.929096698760986 12
  endloop
endfacet
facet normal 0 0 0
  outer loop
    vertex 2.8701257705688477 6.929096698760986 10
    vertex 2.8701257705688477 6.929096698760986 12
    vertex 3.535475492477417 6.614409446716309 10
  endloop
endfacet
facet normal 0 0 0
  outer loop
    vertex 6.614409446716309 3.535475492477417 7
    vertex 6.929096698760986 2.8701257705688477 -4
    vertex 6.614409446716309 3.535475492477417 -4
  endloop
endfacet
facet normal 0 0 0
  outer loop
    vertex 6.236021995544434 4.166776657104492 7
    vertex 6.614409446716309 3.535475492477417 -4
    vertex 6.236021995544434 4.166776657104492 -4
  endloop
endfacet
facet normal 0 0 0
  outer loop
    vertex 5.79757833480835 4.7579498291015625 7
    vertex 6.236021995544434 4.166776657104492 7
    vertex 6.236021995544434 4.166776657104492 -4
  endloop
endfacet
facet normal 0 0 0
  outer loop
    vertex 6.614409446716309 3.535475492477417 7
    vertex 6.614409446716309 3.535475492477417 -4
    vertex 6.236021995544434 4.166776657104492 7
  endloop
endfacet
facet normal 0 0 0
  outer loop
    vertex 6.698126792907715 2.7744548320770264 12
    vertex 6.929096698760986 2.8701257705688477 12
    vertex 6.3939290046691895 3.41762638092041 12
  endloop
endfacet
facet normal 0 0 0
  outer loop
    vertex 6.929096698760986 2.8701257705688477 10
    vertex 6.614409446716309 3.535475492477417 10
    vertex 6.614409446716309 3.535475492477417 12
  endloop
endfacet
facet normal 0 0 0
  outer loop
    vertex 6.929096698760986 2.8701257705688477 12
    vertex 6.614409446716309 3.535475492477417 12
    vertex 6.3939290046691895 3.41762638092041 12
  endloop
endfacet
facet normal 0 0 0
  outer loop
    vertex 6.0281548500061035 4.027884006500244 12
    vertex 6.236021995544434 4.166776657104492 12
    vertex 5.604325771331787 4.599351406097412 12
  endloop
endfacet
facet normal 0 0 0
  outer loop
    vertex 5.79757833480835 4.7579498291015625 12
    vertex 6.236021995544434 4.166776657104492 12
    vertex 6.236021995544434 4.166776657104492 10
  endloop
endfacet
facet normal 0 0 0
  outer loop
    vertex 6.614409446716309 3.535475492477417 12
    vertex 6.236021995544434 4.166776657104492 12
    vertex 6.0281548500061035 4.027884006500244 12
  endloop
endfacet
facet normal 0 0 0
  outer loop
    vertex 6.3939290046691895 3.41762638092041 12
    vertex 6.614409446716309 3.535475492477417 12
    vertex 6.0281548500061035 4.027884006500244 12
  endloop
endfacet
facet normal 0 0 0
  outer loop
    vertex 6.614409446716309 3.535475492477417 10
    vertex 6.236021995544434 4.166776657104492 12
    vertex 6.614409446716309 3.535475492477417 12
  endloop
endfacet
facet normal 0 0 0
  outer loop
    vertex 6.614409446716309 3.535475492477417 10
    vertex 6.236021995544434 4.166776657104492 10
    vertex 6.236021995544434 4.166776657104492 12
  endloop
endfacet
facet normal 0 0 0
  outer loop
    vertex 7.463885307312012 0.7351285815238953 7
    vertex 7.5 0 -4
    vertex 7.463885307312012 0.7351285815238953 -4
  endloop
endfacet
facet normal 0 0 0
  outer loop
    vertex 7.5 0 7
    vertex 7.5 0 -4
    vertex 7.463885307312012 0.7351285815238953 7
  endloop
endfacet
facet normal 0 0 0
  outer loop
    vertex 7.463885307312012 0.7351285815238953 7
    vertex 7.463885307312012 0.7351285815238953 -4
    vertex 7.355889797210693 1.4631774425506592 7
  endloop
endfacet
facet normal 0 0 0
  outer loop
    vertex 7.1770524978637695 2.1771349906921387 7
    vertex 7.355889797210693 1.4631774425506592 -4
    vertex 7.1770524978637695 2.1771349906921387 -4
  endloop
endfacet
facet normal 0 0 0
  outer loop
    vertex 7.355889797210693 1.4631774425506592 7
    vertex 7.463885307312012 0.7351285815238953 -4
    vertex 7.355889797210693 1.4631774425506592 -4
  endloop
endfacet
facet normal 0 0 0
  outer loop
    vertex 7.355889797210693 1.4631774425506592 7
    vertex 7.355889797210693 1.4631774425506592 -4
    vertex 7.1770524978637695 2.1771349906921387 7
  endloop
endfacet
facet normal 0 0 0
  outer loop
    vertex 7.215089321136475 -0.7106242775917053 12
    vertex 7.355889797210693 1.4631774425506592 12
    vertex 7.25 0 12
  endloop
endfacet
facet normal 0 0 0
  outer loop
    vertex 7.25 0 12
    vertex 7.355889797210693 1.4631774425506592 12
    vertex 7.215089321136475 0.7106242775917053 12
  endloop
endfacet
facet normal 0 0 0
  outer loop
    vertex 7.355889797210693 -1.4631774425506592 12
    vertex 7.463885307312012 0.7351285815238953 12
    vertex 7.355889797210693 1.4631774425506592 12
  endloop
endfacet
facet normal 0 0 0
  outer loop
    vertex 7.463885307312012 -0.7351285815238953 12
    vertex 7.5 0 12
    vertex 7.463885307312012 0.7351285815238953 12
  endloop
endfacet
facet normal 0 0 0
  outer loop
    vertex 7.5 0 10
    vertex 7.463885307312012 0.7351285815238953 12
    vertex 7.5 0 12
  endloop
endfacet
facet normal 0 0 0
  outer loop
    vertex 7.5 0 10
    vertex 7.463885307312012 0.7351285815238953 10
    vertex 7.463885307312012 0.7351285815238953 12
  endloop
endfacet
facet normal 0 0 0
  outer loop
    vertex 7.463885307312012 0.7351285815238953 10
    vertex 7.355889797210693 1.4631774425506592 12
    vertex 7.463885307312012 0.7351285815238953 12
  endloop
endfacet
facet normal 0 0 0
  outer loop
    vertex 7.215089321136475 0.7106242775917053 12
    vertex 7.355889797210693 1.4631774425506592 12
    vertex 7.110693454742432 1.4144048690795898 12
  endloop
endfacet
facet normal 0 0 0
  outer loop
    vertex 7.110693454742432 1.4144048690795898 12
    vertex 7.355889797210693 1.4631774425506592 12
    vertex 7.1770524978637695 2.1771349906921387 12
  endloop
endfacet
facet normal 0 0 0
  outer loop
    vertex 7.355889797210693 1.4631774425506592 10
    vertex 7.1770524978637695 2.1771349906921387 10
    vertex 7.1770524978637695 2.1771349906921387 12
  endloop
endfacet
facet normal 0 0 0
  outer loop
    vertex 7.110693454742432 1.4144048690795898 12
    vertex 7.1770524978637695 2.1771349906921387 12
    vertex 6.937817573547363 2.1045639514923096 12
  endloop
endfacet
facet normal 0 0 0
  outer loop
    vertex 7.355889797210693 1.4631774425506592 10
    vertex 7.1770524978637695 2.1771349906921387 12
    vertex 7.355889797210693 1.4631774425506592 12
  endloop
endfacet
facet normal 0 0 0
  outer loop
    vertex 7.463885307312012 0.7351285815238953 10
    vertex 7.355889797210693 1.4631774425506592 10
    vertex 7.355889797210693 1.4631774425506592 12
  endloop
endfacet
facet normal 0 0 0
  outer loop
    vertex 6.929096698760986 2.8701257705688477 7
    vertex 7.1770524978637695 2.1771349906921387 -4
    vertex 6.929096698760986 2.8701257705688477 -4
  endloop
endfacet
facet normal 0 0 0
  outer loop
    vertex 6.929096698760986 2.8701257705688477 7
    vertex 7.1770524978637695 2.1771349906921387 7
    vertex 7.1770524978637695 2.1771349906921387 -4
  endloop
endfacet
facet normal 0 0 0
  outer loop
    vertex 6.929096698760986 2.8701257705688477 7
    vertex 6.929096698760986 2.8701257705688477 -4
    vertex 6.614409446716309 3.535475492477417 7
  endloop
endfacet
facet normal 0 0 0
  outer loop
    vertex 6.937817573547363 2.1045639514923096 12
    vertex 7.1770524978637695 2.1771349906921387 12
    vertex 6.698126792907715 2.7744548320770264 12
  endloop
endfacet
facet normal 0 0 0
  outer loop
    vertex 6.929096698760986 2.8701257705688477 10
    vertex 6.929096698760986 2.8701257705688477 12
    vertex 7.1770524978637695 2.1771349906921387 10
  endloop
endfacet
facet normal 0 0 0
  outer loop
    vertex 6.698126792907715 2.7744548320770264 12
    vertex 7.1770524978637695 2.1771349906921387 12
    vertex 6.929096698760986 2.8701257705688477 12
  endloop
endfacet
facet normal 0 0 0
  outer loop
    vertex 6.929096698760986 2.8701257705688477 12
    vertex 7.1770524978637695 2.1771349906921387 12
    vertex 7.1770524978637695 2.1771349906921387 10
  endloop
endfacet
facet normal 0 0 0
  outer loop
    vertex 6.929096698760986 2.8701257705688477 10
    vertex 6.614409446716309 3.535475492477417 12
    vertex 6.929096698760986 2.8701257705688477 12
  endloop
endfacet
facet normal 0 0 0
  outer loop
    vertex 5.303300857543945 5.303300857543945 7
    vertex 5.79757833480835 4.7579498291015625 -4
    vertex 5.303300857543945 5.303300857543945 -4
  endloop
endfacet
facet normal 0 0 0
  outer loop
    vertex 4.7579498291015625 5.79757833480835 7
    vertex 5.303300857543945 5.303300857543945 7
    vertex 5.303300857543945 5.303300857543945 -4
  endloop
endfacet
facet normal 0 0 0
  outer loop
    vertex 4.7579498291015625 5.79757833480835 7
    vertex 5.303300857543945 5.303300857543945 -4
    vertex 4.7579498291015625 5.79757833480835 -4
  endloop
endfacet
facet normal 0 0 0
  outer loop
    vertex 4.7579498291015625 5.79757833480835 7
    vertex 4.7579498291015625 5.79757833480835 -4
    vertex 4.166776657104492 6.236021995544434 7
  endloop
endfacet
facet normal 0 0 0
  outer loop
    vertex 5.79757833480835 4.7579498291015625 7
    vertex 6.236021995544434 4.166776657104492 -4
    vertex 5.79757833480835 4.7579498291015625 -4
  endloop
endfacet
facet normal 0 0 0
  outer loop
    vertex 5.79757833480835 4.7579498291015625 7
    vertex 5.79757833480835 4.7579498291015625 -4
    vertex 5.303300857543945 5.303300857543945 7
  endloop
endfacet
facet normal 0 0 0
  outer loop
    vertex 4.599351406097412 5.604325771331787 12
    vertex 5.303300857543945 5.303300857543945 12
    vertex 4.7579498291015625 5.79757833480835 12
  endloop
endfacet
facet normal 0 0 0
  outer loop
    vertex 4.599351406097412 5.604325771331787 12
    vertex 5.126523971557617 5.126523971557617 12
    vertex 5.303300857543945 5.303300857543945 12
  endloop
endfacet
facet normal 0 0 0
  outer loop
    vertex 5.604325771331787 4.599351406097412 12
    vertex 5.79757833480835 4.7579498291015625 12
    vertex 5.126523971557617 5.126523971557617 12
  endloop
endfacet
facet normal 0 0 0
  outer loop
    vertex 4.7579498291015625 5.79757833480835 12
    vertex 5.303300857543945 5.303300857543945 12
    vertex 5.303300857543945 5.303300857543945 10
  endloop
endfacet
facet normal 0 0 0
  outer loop
    vertex 5.79757833480835 4.7579498291015625 10
    vertex 5.303300857543945 5.303300857543945 10
    vertex 5.303300857543945 5.303300857543945 12
  endloop
endfacet
facet normal 0 0 0
  outer loop
    vertex 5.79757833480835 4.7579498291015625 12
    vertex 5.303300857543945 5.303300857543945 12
    vertex 5.126523971557617 5.126523971557617 12
  endloop
endfacet
facet normal 0 0 0
  outer loop
    vertex 4.7579498291015625 5.79757833480835 10
    vertex 4.166776657104492 6.236021995544434 12
    vertex 4.7579498291015625 5.79757833480835 12
  endloop
endfacet
facet normal 0 0 0
  outer loop
    vertex 4.7579498291015625 5.79757833480835 10
    vertex 4.7579498291015625 5.79757833480835 12
    vertex 5.303300857543945 5.303300857543945 10
  endloop
endfacet
facet normal 0 0 0
  outer loop
    vertex 5.604325771331787 4.599351406097412 12
    vertex 6.236021995544434 4.166776657104492 12
    vertex 5.79757833480835 4.7579498291015625 12
  endloop
endfacet
facet normal 0 0 0
  outer loop
    vertex 5.79757833480835 4.7579498291015625 10
    vertex 5.303300857543945 5.303300857543945 12
    vertex 5.79757833480835 4.7579498291015625 12
  endloop
endfacet
facet normal 0 0 0
  outer loop
    vertex 5.79757833480835 4.7579498291015625 10
    vertex 5.79757833480835 4.7579498291015625 12
    vertex 6.236021995544434 4.166776657104492 10
  endloop
endfacet
facet normal 0 0 0
  outer loop
    vertex -3.726356267929077 6.5 7
    vertex 3.726356267929077 6.5 -4
    vertex -3.726356267929077 6.5 -4
  endloop
endfacet
facet normal 0 0 0
  outer loop
    vertex -3.726356267929077 6.5 7
    vertex -3.1266448497772217 6.5 7
    vertex 3.726356267929077 6.5 -4
  endloop
endfacet
facet normal 0 0 0
  outer loop
    vertex -3.1266448497772217 6.5 7
    vertex -3.080601692199707 6.5 7
    vertex 3.726356267929077 6.5 -4
  endloop
endfacet
facet normal 0 0 0
  outer loop
    vertex -3.080601692199707 6.5 7
    vertex -2.395909309387207 6.5 7
    vertex 3.726356267929077 6.5 -4
  endloop
endfacet
facet normal 0 0 0
  outer loop
    vertex -2.395909309387207 6.5 7
    vertex -2.336791753768921 6.5 7
    vertex 3.726356267929077 6.5 -4
  endloop
endfacet
facet normal 0 0 0
  outer loop
    vertex -2.336791753768921 6.5 7
    vertex -1.6390248537063599 6.5 7
    vertex 3.726356267929077 6.5 -4
  endloop
endfacet
facet normal 0 0 0
  outer loop
    vertex -1.6390248537063599 6.5 7
    vertex -1.5704771280288696 6.5 7
    vertex 3.726356267929077 6.5 -4
  endloop
endfacet
facet normal 0 0 0
  outer loop
    vertex -1.5704771280288696 6.5 7
    vertex -0.8632802963256836 6.5 7
    vertex 3.726356267929077 6.5 -4
  endloop
endfacet
facet normal 0 0 0
  outer loop
    vertex -0.8632802963256836 6.5 7
    vertex -0.7890380024909973 6.5 7
    vertex 3.726356267929077 6.5 -4
  endloop
endfacet
facet normal 0 0 0
  outer loop
    vertex -0.7890380024909973 6.5 7
    vertex 0.7147956490516663 6.5 7
    vertex 3.726356267929077 6.5 -4
  endloop
endfacet
facet normal 0 0 0
  outer loop
    vertex 0.7147956490516663 6.5 7
    vertex 0.7890380024909973 6.5 7
    vertex 3.726356267929077 6.5 -4
  endloop
endfacet
facet normal 0 0 0
  outer loop
    vertex 0.7890380024909973 6.5 7
    vertex 1.5019292831420898 6.5 7
    vertex 3.726356267929077 6.5 -4
  endloop
endfacet
facet normal 0 0 0
  outer loop
    vertex 1.5019292831420898 6.5 7
    vertex 1.5704771280288696 6.5 7
    vertex 3.726356267929077 6.5 -4
  endloop
endfacet
facet normal 0 0 0
  outer loop
    vertex 1.5704771280288696 6.5 7
    vertex 2.2776739597320557 6.5 7
    vertex 3.726356267929077 6.5 -4
  endloop
endfacet
facet normal 0 0 0
  outer loop
    vertex 2.2776739597320557 6.5 7
    vertex 2.336791753768921 6.5 7
    vertex 3.726356267929077 6.5 -4
  endloop
endfacet
facet normal 0 0 0
  outer loop
    vertex 2.336791753768921 6.5 7
    vertex 3.0345585346221924 6.5 7
    vertex 3.726356267929077 6.5 -4
  endloop
endfacet
facet normal 0 0 0
  outer loop
    vertex 3.0345585346221924 6.5 7
    vertex 3.080601692199707 6.5 7
    vertex 3.726356267929077 6.5 -4
  endloop
endfacet
facet normal 0 0 0
  outer loop
    vertex 3.080601692199707 6.5 7
    vertex 3.726356267929077 6.5 7
    vertex 3.726356267929077 6.5 -4
  endloop
endfacet
facet normal 0 0 0
  outer loop
    vertex 0.8113492727279663 -6.5 7
    vertex -3.726356267929077 -6.5 -4
    vertex -1.7558128833770752 -6.5 -4
  endloop
endfacet
facet normal 0 0 0
  outer loop
    vertex -3.726356267929077 -6.5 7
    vertex -3.726356267929077 -6.5 -4
    vertex 0.8113492727279663 -6.5 7
  endloop
endfacet
facet normal 0 0 0
  outer loop
    vertex 0.8113492727279663 -6.5 7
    vertex -1.7558128833770752 -6.5 -4
    vertex -1.7039090394973755 -6.5 -4
  endloop
endfacet
facet normal 0 0 0
  outer loop
    vertex 0.8113492727279663 -6.5 7
    vertex -1.7039090394973755 -6.5 -4
    vertex -0.8821542859077454 -6.5 -4
  endloop
endfacet
facet normal 0 0 0
  outer loop
    vertex 0.8113492727279663 -6.5 7
    vertex -0.8821542859077454 -6.5 -4
    vertex -0.7884522676467896 -6.5 -4
  endloop
endfacet
facet normal 0 0 0
  outer loop
    vertex 0.8113492727279663 -6.5 7
    vertex -0.7884522676467896 -6.5 -4
    vertex 2.6125621795654297 -6.5 -4
  endloop
endfacet
facet normal 0 0 0
  outer loop
    vertex 0.8113492727279663 -6.5 7
    vertex 2.6125621795654297 -6.5 -4
    vertex 2.6493282318115234 -6.5 -4
  endloop
endfacet
facet normal 0 0 0
  outer loop
    vertex 0.8113492727279663 -6.5 7
    vertex 2.6493282318115234 -6.5 -4
    vertex 0.8632802963256836 -6.5 7
  endloop
endfacet
facet normal 0 0 0
  outer loop
    vertex 0.8632802963256836 -6.5 7
    vertex 2.6493282318115234 -6.5 -4
    vertex 1.6040946245193481 -6.5 7
  endloop
endfacet
facet normal 0 0 0
  outer loop
    vertex 1.6040946245193481 -6.5 7
    vertex 2.6493282318115234 -6.5 -4
    vertex 1.6390248537063599 -6.5 7
  endloop
endfacet
facet normal 0 0 0
  outer loop
    vertex 1.6390248537063599 -6.5 7
    vertex 2.6493282318115234 -6.5 -4
    vertex 2.3761160373687744 -6.5 7
  endloop
endfacet
facet normal 0 0 0
  outer loop
    vertex 3.726356267929077 -6.5 7
    vertex 2.6493282318115234 -6.5 -4
    vertex 3.444150924682617 -6.5 -4
  endloop
endfacet
facet normal 0 0 0
  outer loop
    vertex 2.3761160373687744 -6.5 7
    vertex 2.6493282318115234 -6.5 -4
    vertex 2.395909309387207 -6.5 7
  endloop
endfacet
facet normal 0 0 0
  outer loop
    vertex 2.395909309387207 -6.5 7
    vertex 2.6493282318115234 -6.5 -4
    vertex 3.726356267929077 -6.5 7
  endloop
endfacet
facet normal 0 0 0
  outer loop
    vertex 3.726356267929077 -6.5 7
    vertex 3.444150924682617 -6.5 -4
    vertex 3.5155296325683594 -6.5 -4
  endloop
endfacet
facet normal 0 0 0
  outer loop
    vertex 3.726356267929077 -6.5 7
    vertex 3.5155296325683594 -6.5 -4
    vertex 3.726356267929077 -6.5 -4
  endloop
endfacet
facet normal 0 0 0
  outer loop
    vertex -5.126523971557617 -5.126523971557617 12
    vertex -5.604325771331787 -4.599351406097412 29
    vertex -5.604325771331787 -4.599351406097412 12
  endloop
endfacet
facet normal 0 0 0
  outer loop
    vertex -5.126523971557617 -5.126523971557617 12
    vertex -4.599351406097412 -5.604325771331787 12
    vertex -5.126523971557617 -5.126523971557617 29
  endloop
endfacet
facet normal 0 0 0
  outer loop
    vertex -5.126523971557617 -5.126523971557617 12
    vertex -5.126523971557617 -5.126523971557617 29
    vertex -5.604325771331787 -4.599351406097412 29
  endloop
endfacet
facet normal 0 0 0
  outer loop
    vertex -4.599351406097412 -5.604325771331787 12
    vertex -4.599351406097412 -5.604325771331787 29
    vertex -5.126523971557617 -5.126523971557617 29
  endloop
endfacet
facet normal 0 0 0
  outer loop
    vertex -6.698126792907715 -2.7744548320770264 12
    vertex -6.937817573547363 -2.1045639514923096 29
    vertex -6.937817573547363 -2.1045639514923096 12
  endloop
endfacet
facet normal 0 0 0
  outer loop
    vertex -6.698126792907715 -2.7744548320770264 12
    vertex -6.698126792907715 -2.7744548320770264 29
    vertex -6.937817573547363 -2.1045639514923096 29
  endloop
endfacet
facet normal 0 0 0
  outer loop
    vertex -6.937817573547363 -2.1045639514923096 12
    vertex -7.110693454742432 -1.4144048690795898 29
    vertex -7.110693454742432 -1.4144048690795898 12
  endloop
endfacet
facet normal 0 0 0
  outer loop
    vertex -7.110693454742432 -1.4144048690795898 12
    vertex -7.215089321136475 -0.7106242775917053 29
    vertex -7.215089321136475 -0.7106242775917053 12
  endloop
endfacet
facet normal 0 0 0
  outer loop
    vertex -7.215089321136475 -0.7106242775917053 12
    vertex -7.25 0 29
    vertex -7.25 0 12
  endloop
endfacet
facet normal 0 0 0
  outer loop
    vertex -6.937817573547363 -2.1045639514923096 12
    vertex -6.937817573547363 -2.1045639514923096 29
    vertex -7.110693454742432 -1.4144048690795898 29
  endloop
endfacet
facet normal 0 0 0
  outer loop
    vertex -7.110693454742432 -1.4144048690795898 12
    vertex -7.110693454742432 -1.4144048690795898 29
    vertex -7.215089321136475 -0.7106242775917053 29
  endloop
endfacet
facet normal 0 0 0
  outer loop
    vertex -7.215089321136475 -0.7106242775917053 12
    vertex -7.215089321136475 -0.7106242775917053 29
    vertex -7.25 0 29
  endloop
endfacet
facet normal 0 0 0
  outer loop
    vertex -6.698126792907715 -2.7744548320770264 29
    vertex -6.698126792907715 2.7744548320770264 29
    vertex -6.937817573547363 -2.1045639514923096 29
  endloop
endfacet
facet normal 0 0 0
  outer loop
    vertex -7.110693454742432 -1.4144048690795898 29
    vertex -7.110693454742432 1.4144048690795898 29
    vertex -7.215089321136475 -0.7106242775917053 29
  endloop
endfacet
facet normal 0 0 0
  outer loop
    vertex -6.937817573547363 -2.1045639514923096 29
    vertex -6.937817573547363 2.1045639514923096 29
    vertex -7.110693454742432 -1.4144048690795898 29
  endloop
endfacet
facet normal 0 0 0
  outer loop
    vertex -6.0281548500061035 -4.027884006500244 12
    vertex -6.3939290046691895 -3.41762638092041 29
    vertex -6.3939290046691895 -3.41762638092041 12
  endloop
endfacet
facet normal 0 0 0
  outer loop
    vertex -5.604325771331787 -4.599351406097412 12
    vertex -6.0281548500061035 -4.027884006500244 29
    vertex -6.0281548500061035 -4.027884006500244 12
  endloop
endfacet
facet normal 0 0 0
  outer loop
    vertex -6.3939290046691895 -3.41762638092041 12
    vertex -6.698126792907715 -2.7744548320770264 29
    vertex -6.698126792907715 -2.7744548320770264 12
  endloop
endfacet
facet normal 0 0 0
  outer loop
    vertex -5.604325771331787 -4.599351406097412 12
    vertex -5.604325771331787 -4.599351406097412 29
    vertex -6.0281548500061035 -4.027884006500244 29
  endloop
endfacet
facet normal 0 0 0
  outer loop
    vertex -6.0281548500061035 -4.027884006500244 12
    vertex -6.0281548500061035 -4.027884006500244 29
    vertex -6.3939290046691895 -3.41762638092041 29
  endloop
endfacet
facet normal 0 0 0
  outer loop
    vertex -6.3939290046691895 -3.41762638092041 12
    vertex -6.3939290046691895 -3.41762638092041 29
    vertex -6.698126792907715 -2.7744548320770264 29
  endloop
endfacet
facet normal 0 0 0
  outer loop
    vertex -5.126523971557617 -5.126523971557617 29
    vertex -4.599351406097412 -5.604325771331787 29
    vertex -4.47575044631958 -2.392338514328003 29
  endloop
endfacet
facet normal 0 0 0
  outer loop
    vertex -5.126523971557617 -5.126523971557617 29
    vertex -4.6886887550354 -1.9421184062957764 29
    vertex -4.856472015380859 -1.4731947183609009 29
  endloop
endfacet
facet normal 0 0 0
  outer loop
    vertex -5.126523971557617 -5.126523971557617 29
    vertex -4.47575044631958 -2.392338514328003 29
    vertex -4.6886887550354 -1.9421184062957764 29
  endloop
endfacet
facet normal 0 0 0
  outer loop
    vertex -5.126523971557617 -5.126523971557617 29
    vertex -4.856472015380859 -1.4731947183609009 29
    vertex -4.977485179901123 -0.9900833964347839 29
  endloop
endfacet
facet normal 0 0 0
  outer loop
    vertex -6.0281548500061035 -4.027884006500244 29
    vertex -6.0281548500061035 4.027884006500244 29
    vertex -6.3939290046691895 -3.41762638092041 29
  endloop
endfacet
facet normal 0 0 0
  outer loop
    vertex -5.604325771331787 -4.599351406097412 29
    vertex -5.604325771331787 4.599351406097412 29
    vertex -6.0281548500061035 -4.027884006500244 29
  endloop
endfacet
facet normal 0 0 0
  outer loop
    vertex -6.3939290046691895 -3.41762638092041 29
    vertex -6.3939290046691895 3.41762638092041 29
    vertex -6.698126792907715 -2.7744548320770264 29
  endloop
endfacet
facet normal 0 0 0
  outer loop
    vertex -5.126523971557617 -5.126523971557617 29
    vertex -5.050562381744385 -0.4974370002746582 29
    vertex -5.074999809265137 0 29
  endloop
endfacet
facet normal 0 0 0
  outer loop
    vertex -5.126523971557617 -5.126523971557617 29
    vertex -5.126523971557617 5.126523971557617 29
    vertex -5.604325771331787 -4.599351406097412 29
  endloop
endfacet
facet normal 0 0 0
  outer loop
    vertex -5.126523971557617 -5.126523971557617 29
    vertex -4.977485179901123 -0.9900833964347839 29
    vertex -5.050562381744385 -0.4974370002746582 29
  endloop
endfacet
facet normal 0 0 0
  outer loop
    vertex -2.7744548320770264 -6.698126792907715 12
    vertex -2.1045639514923096 -6.937817573547363 12
    vertex -2.7744548320770264 -6.698126792907715 29
  endloop
endfacet
facet normal 0 0 0
  outer loop
    vertex -2.1045639514923096 -6.937817573547363 12
    vertex -2.1045639514923096 -6.937817573547363 29
    vertex -2.7744548320770264 -6.698126792907715 29
  endloop
endfacet
facet normal 0 0 0
  outer loop
    vertex -4.599351406097412 -5.604325771331787 12
    vertex -4.027884006500244 -6.0281548500061035 12
    vertex -4.599351406097412 -5.604325771331787 29
  endloop
endfacet
facet normal 0 0 0
  outer loop
    vertex -4.027884006500244 -6.0281548500061035 12
    vertex -3.41762638092041 -6.3939290046691895 12
    vertex -4.027884006500244 -6.0281548500061035 29
  endloop
endfacet
facet normal 0 0 0
  outer loop
    vertex -3.41762638092041 -6.3939290046691895 12
    vertex -2.7744548320770264 -6.698126792907715 12
    vertex -3.41762638092041 -6.3939290046691895 29
  endloop
endfacet
facet normal 0 0 0
  outer loop
    vertex -4.027884006500244 -6.0281548500061035 12
    vertex -4.027884006500244 -6.0281548500061035 29
    vertex -4.599351406097412 -5.604325771331787 29
  endloop
endfacet
facet normal 0 0 0
  outer loop
    vertex -4.027884006500244 -6.0281548500061035 29
    vertex -3.41762638092041 -6.3939290046691895 12
    vertex -3.41762638092041 -6.3939290046691895 29
  endloop
endfacet
facet normal 0 0 0
  outer loop
    vertex -4.599351406097412 -5.604325771331787 29
    vertex -4.027884006500244 -6.0281548500061035 29
    vertex -3.923027992248535 -3.219545841217041 29
  endloop
endfacet
facet normal 0 0 0
  outer loop
    vertex -4.027884006500244 -6.0281548500061035 29
    vertex -3.41762638092041 -6.3939290046691895 29
    vertex -3.219545841217041 -3.923027992248535 29
  endloop
endfacet
facet normal 0 0 0
  outer loop
    vertex -4.027884006500244 -6.0281548500061035 29
    vertex -3.219545841217041 -3.923027992248535 29
    vertex -3.588567018508911 -3.588567018508911 29
  endloop
endfacet
facet normal 0 0 0
  outer loop
    vertex -2.7744548320770264 -6.698126792907715 12
    vertex -2.7744548320770264 -6.698126792907715 29
    vertex -3.41762638092041 -6.3939290046691895 29
  endloop
endfacet
facet normal 0 0 0
  outer loop
    vertex -3.41762638092041 -6.3939290046691895 29
    vertex -2.7744548320770264 -6.698126792907715 29
    vertex -2.392338514328003 -4.47575044631958 29
  endloop
endfacet
facet normal 0 0 0
  outer loop
    vertex -2.7744548320770264 -6.698126792907715 29
    vertex -2.1045639514923096 -6.937817573547363 29
    vertex -1.9421184062957764 -4.6886887550354 29
  endloop
endfacet
facet normal 0 0 0
  outer loop
    vertex -3.41762638092041 -6.3939290046691895 29
    vertex -2.81951904296875 -4.219708442687988 29
    vertex -3.219545841217041 -3.923027992248535 29
  endloop
endfacet
facet normal 0 0 0
  outer loop
    vertex -3.41762638092041 -6.3939290046691895 29
    vertex -2.392338514328003 -4.47575044631958 29
    vertex -2.81951904296875 -4.219708442687988 29
  endloop
endfacet
facet normal 0 0 0
  outer loop
    vertex -2.7744548320770264 -6.698126792907715 29
    vertex -1.9421184062957764 -4.6886887550354 29
    vertex -2.392338514328003 -4.47575044631958 29
  endloop
endfacet
facet normal 0 0 0
  outer loop
    vertex -2.1045639514923096 -6.937817573547363 12
    vertex -1.4144048690795898 -7.110693454742432 12
    vertex -2.1045639514923096 -6.937817573547363 29
  endloop
endfacet
facet normal 0 0 0
  outer loop
    vertex -1.4144048690795898 -7.110693454742432 12
    vertex -0.7106242775917053 -7.215089321136475 12
    vertex -1.4144048690795898 -7.110693454742432 29
  endloop
endfacet
facet normal 0 0 0
  outer loop
    vertex -0.7106242775917053 -7.215089321136475 12
    vertex 0 -7.25 12
    vertex -0.7106242775917053 -7.215089321136475 29
  endloop
endfacet
facet normal 0 0 0
  outer loop
    vertex -1.4144048690795898 -7.110693454742432 12
    vertex -1.4144048690795898 -7.110693454742432 29
    vertex -2.1045639514923096 -6.937817573547363 29
  endloop
endfacet
facet normal 0 0 0
  outer loop
    vertex -0.7106242775917053 -7.215089321136475 12
    vertex -0.7106242775917053 -7.215089321136475 29
    vertex -1.4144048690795898 -7.110693454742432 29
  endloop
endfacet
facet normal 0 0 0
  outer loop
    vertex -0.7106242775917053 -7.215089321136475 29
    vertex 0 -7.25 12
    vertex 0 -7.25 29
  endloop
endfacet
facet normal 0 0 0
  outer loop
    vertex -2.1045639514923096 -6.937817573547363 29
    vertex -1.4144048690795898 -7.110693454742432 29
    vertex -0.9900833964347839 -4.977485179901123 29
  endloop
endfacet
facet normal 0 0 0
  outer loop
    vertex -2.1045639514923096 -6.937817573547363 29
    vertex -1.4731947183609009 -4.856472015380859 29
    vertex -1.9421184062957764 -4.6886887550354 29
  endloop
endfacet
facet normal 0 0 0
  outer loop
    vertex -2.1045639514923096 -6.937817573547363 29
    vertex -0.9900833964347839 -4.977485179901123 29
    vertex -1.4731947183609009 -4.856472015380859 29
  endloop
endfacet
facet normal 0 0 0
  outer loop
    vertex -1.4144048690795898 -7.110693454742432 29
    vertex -0.7106242775917053 -7.215089321136475 29
    vertex -0.4974370002746582 -5.050562381744385 29
  endloop
endfacet
facet normal 0 0 0
  outer loop
    vertex -1.4144048690795898 -7.110693454742432 29
    vertex -0.4974370002746582 -5.050562381744385 29
    vertex -0.9900833964347839 -4.977485179901123 29
  endloop
endfacet
facet normal 0 0 0
  outer loop
    vertex -0.7106242775917053 -7.215089321136475 29
    vertex 0 -7.25 29
    vertex -0.4974370002746582 -5.050562381744385 29
  endloop
endfacet
facet normal 0 0 0
  outer loop
    vertex -0.4974370002746582 -5.050562381744385 29
    vertex 0 -7.25 29
    vertex 0 -5.074999809265137 29
  endloop
endfacet
facet normal 0 0 0
  outer loop
    vertex -4.599351406097412 -5.604325771331787 29
    vertex -3.923027992248535 -3.219545841217041 29
    vertex -4.219708442687988 -2.81951904296875 29
  endloop
endfacet
facet normal 0 0 0
  outer loop
    vertex -4.599351406097412 -5.604325771331787 29
    vertex -4.219708442687988 -2.81951904296875 29
    vertex -4.47575044631958 -2.392338514328003 29
  endloop
endfacet
facet normal 0 0 0
  outer loop
    vertex -4.027884006500244 -6.0281548500061035 29
    vertex -3.588567018508911 -3.588567018508911 29
    vertex -3.923027992248535 -3.219545841217041 29
  endloop
endfacet
facet normal 0 0 0
  outer loop
    vertex -7.25 0 12
    vertex -7.215089321136475 0.7106242775917053 29
    vertex -7.215089321136475 0.7106242775917053 12
  endloop
endfacet
facet normal 0 0 0
  outer loop
    vertex -7.215089321136475 0.7106242775917053 12
    vertex -7.110693454742432 1.4144048690795898 29
    vertex -7.110693454742432 1.4144048690795898 12
  endloop
endfacet
facet normal 0 0 0
  outer loop
    vertex -7.110693454742432 1.4144048690795898 12
    vertex -6.937817573547363 2.1045639514923096 29
    vertex -6.937817573547363 2.1045639514923096 12
  endloop
endfacet
facet normal 0 0 0
  outer loop
    vertex -7.25 0 12
    vertex -7.25 0 29
    vertex -7.215089321136475 0.7106242775917053 29
  endloop
endfacet
facet normal 0 0 0
  outer loop
    vertex -7.215089321136475 0.7106242775917053 12
    vertex -7.215089321136475 0.7106242775917053 29
    vertex -7.110693454742432 1.4144048690795898 29
  endloop
endfacet
facet normal 0 0 0
  outer loop
    vertex -7.215089321136475 -0.7106242775917053 29
    vertex -7.215089321136475 0.7106242775917053 29
    vertex -7.25 0 29
  endloop
endfacet
facet normal 0 0 0
  outer loop
    vertex -7.215089321136475 -0.7106242775917053 29
    vertex -7.110693454742432 1.4144048690795898 29
    vertex -7.215089321136475 0.7106242775917053 29
  endloop
endfacet
facet normal 0 0 0
  outer loop
    vertex -7.110693454742432 -1.4144048690795898 29
    vertex -6.937817573547363 2.1045639514923096 29
    vertex -7.110693454742432 1.4144048690795898 29
  endloop
endfacet
facet normal 0 0 0
  outer loop
    vertex -6.937817573547363 -2.1045639514923096 29
    vertex -6.698126792907715 2.7744548320770264 29
    vertex -6.937817573547363 2.1045639514923096 29
  endloop
endfacet
facet normal 0 0 0
  outer loop
    vertex -7.110693454742432 1.4144048690795898 12
    vertex -7.110693454742432 1.4144048690795898 29
    vertex -6.937817573547363 2.1045639514923096 29
  endloop
endfacet
facet normal 0 0 0
  outer loop
    vertex -6.937817573547363 2.1045639514923096 12
    vertex -6.698126792907715 2.7744548320770264 29
    vertex -6.698126792907715 2.7744548320770264 12
  endloop
endfacet
facet normal 0 0 0
  outer loop
    vertex -6.937817573547363 2.1045639514923096 12
    vertex -6.937817573547363 2.1045639514923096 29
    vertex -6.698126792907715 2.7744548320770264 29
  endloop
endfacet
facet normal 0 0 0
  outer loop
    vertex -6.698126792907715 -2.7744548320770264 29
    vertex -6.3939290046691895 3.41762638092041 29
    vertex -6.698126792907715 2.7744548320770264 29
  endloop
endfacet
facet normal 0 0 0
  outer loop
    vertex -6.3939290046691895 -3.41762638092041 29
    vertex -6.0281548500061035 4.027884006500244 29
    vertex -6.3939290046691895 3.41762638092041 29
  endloop
endfacet
facet normal 0 0 0
  outer loop
    vertex -6.0281548500061035 -4.027884006500244 29
    vertex -5.604325771331787 4.599351406097412 29
    vertex -6.0281548500061035 4.027884006500244 29
  endloop
endfacet
facet normal 0 0 0
  outer loop
    vertex -5.126523971557617 -5.126523971557617 29
    vertex -5.074999809265137 0 29
    vertex -5.126523971557617 5.126523971557617 29
  endloop
endfacet
facet normal 0 0 0
  outer loop
    vertex -5.604325771331787 -4.599351406097412 29
    vertex -5.126523971557617 5.126523971557617 29
    vertex -5.604325771331787 4.599351406097412 29
  endloop
endfacet
facet normal 0 0 0
  outer loop
    vertex -5.074999809265137 0 29
    vertex -5.050562381744385 0.4974370002746582 29
    vertex -5.126523971557617 5.126523971557617 29
  endloop
endfacet
facet normal 0 0 0
  outer loop
    vertex -5.050562381744385 0.4974370002746582 29
    vertex -4.977485179901123 0.9900833964347839 29
    vertex -5.126523971557617 5.126523971557617 29
  endloop
endfacet
facet normal 0 0 0
  outer loop
    vertex -6.698126792907715 2.7744548320770264 12
    vertex -6.3939290046691895 3.41762638092041 29
    vertex -6.3939290046691895 3.41762638092041 12
  endloop
endfacet
facet normal 0 0 0
  outer loop
    vertex -6.3939290046691895 3.41762638092041 12
    vertex -6.0281548500061035 4.027884006500244 29
    vertex -6.0281548500061035 4.027884006500244 12
  endloop
endfacet
facet normal 0 0 0
  outer loop
    vertex -6.0281548500061035 4.027884006500244 12
    vertex -5.604325771331787 4.599351406097412 29
    vertex -5.604325771331787 4.599351406097412 12
  endloop
endfacet
facet normal 0 0 0
  outer loop
    vertex -6.698126792907715 2.7744548320770264 12
    vertex -6.698126792907715 2.7744548320770264 29
    vertex -6.3939290046691895 3.41762638092041 29
  endloop
endfacet
facet normal 0 0 0
  outer loop
    vertex -6.3939290046691895 3.41762638092041 12
    vertex -6.3939290046691895 3.41762638092041 29
    vertex -6.0281548500061035 4.027884006500244 29
  endloop
endfacet
facet normal 0 0 0
  outer loop
    vertex -6.0281548500061035 4.027884006500244 12
    vertex -6.0281548500061035 4.027884006500244 29
    vertex -5.604325771331787 4.599351406097412 29
  endloop
endfacet
facet normal 0 0 0
  outer loop
    vertex -4.977485179901123 0.9900833964347839 29
    vertex -4.856472015380859 1.4731947183609009 29
    vertex -5.126523971557617 5.126523971557617 29
  endloop
endfacet
facet normal 0 0 0
  outer loop
    vertex -4.856472015380859 1.4731947183609009 29
    vertex -4.6886887550354 1.9421184062957764 29
    vertex -4.599351406097412 5.604325771331787 29
  endloop
endfacet
facet normal 0 0 0
  outer loop
    vertex -4.6886887550354 1.9421184062957764 29
    vertex -4.47575044631958 2.392338514328003 29
    vertex -4.599351406097412 5.604325771331787 29
  endloop
endfacet
facet normal 0 0 0
  outer loop
    vertex -4.856472015380859 1.4731947183609009 29
    vertex -4.599351406097412 5.604325771331787 29
    vertex -5.126523971557617 5.126523971557617 29
  endloop
endfacet
facet normal 0 0 0
  outer loop
    vertex -5.604325771331787 4.599351406097412 12
    vertex -5.126523971557617 5.126523971557617 29
    vertex -5.126523971557617 5.126523971557617 12
  endloop
endfacet
facet normal 0 0 0
  outer loop
    vertex -5.126523971557617 5.126523971557617 12
    vertex -4.599351406097412 5.604325771331787 29
    vertex -4.599351406097412 5.604325771331787 12
  endloop
endfacet
facet normal 0 0 0
  outer loop
    vertex -5.604325771331787 4.599351406097412 12
    vertex -5.604325771331787 4.599351406097412 29
    vertex -5.126523971557617 5.126523971557617 29
  endloop
endfacet
facet normal 0 0 0
  outer loop
    vertex -5.126523971557617 5.126523971557617 12
    vertex -5.126523971557617 5.126523971557617 29
    vertex -4.599351406097412 5.604325771331787 29
  endloop
endfacet
facet normal 0 0 0
  outer loop
    vertex -4.47575044631958 2.392338514328003 29
    vertex -4.219708442687988 2.81951904296875 29
    vertex -4.599351406097412 5.604325771331787 29
  endloop
endfacet
facet normal 0 0 0
  outer loop
    vertex -4.219708442687988 2.81951904296875 29
    vertex -3.923027992248535 3.219545841217041 29
    vertex -4.027884006500244 6.0281548500061035 29
  endloop
endfacet
facet normal 0 0 0
  outer loop
    vertex -4.027884006500244 6.0281548500061035 29
    vertex -3.923027992248535 3.219545841217041 29
    vertex -3.588567018508911 3.588567018508911 29
  endloop
endfacet
facet normal 0 0 0
  outer loop
    vertex -3.1266448497772217 6.5 7
    vertex -3.080601692199707 6.553329944610596 7
    vertex -3.080601692199707 6.5 7
  endloop
endfacet
facet normal 0 0 0
  outer loop
    vertex -3.1266448497772217 6.5 7
    vertex -3.1250579357147217 6.532303810119629 7
    vertex -3.080601692199707 6.553329944610596 7
  endloop
endfacet
facet normal 0 0 0
  outer loop
    vertex -2.395909309387207 6.5 7
    vertex -2.3792288303375244 6.839540958404541 7
    vertex -2.336791753768921 6.5 7
  endloop
endfacet
facet normal 0 0 0
  outer loop
    vertex -2.336791753768921 6.5 7
    vertex -2.3792288303375244 6.839540958404541 7
    vertex -2.336791753768921 6.854724884033203 7
  endloop
endfacet
facet normal 0 0 0
  outer loop
    vertex -1.6390248537063599 6.5 7
    vertex -1.6114481687545776 7.061336517333984 7
    vertex -1.5704771280288696 6.5 7
  endloop
endfacet
facet normal 0 0 0
  outer loop
    vertex -0.8632802963256836 6.5 7
    vertex -0.829012930393219 7.197527885437012 7
    vertex -0.7890380024909973 6.5 7
  endloop
endfacet
facet normal 0 0 0
  outer loop
    vertex -1.5704771280288696 6.5 7
    vertex -1.6114481687545776 7.061336517333984 7
    vertex -1.5704771280288696 7.071599006652832 7
  endloop
endfacet
facet normal 0 0 0
  outer loop
    vertex -0.7890380024909973 6.5 7
    vertex -0.829012930393219 7.197527885437012 7
    vertex -0.7890380024909973 7.203457832336426 7
  endloop
endfacet
facet normal 0 0 0
  outer loop
    vertex -4.599351406097412 5.604325771331787 12
    vertex -4.027884006500244 6.0281548500061035 29
    vertex -4.027884006500244 6.0281548500061035 12
  endloop
endfacet
facet normal 0 0 0
  outer loop
    vertex -4.027884006500244 6.0281548500061035 12
    vertex -3.41762638092041 6.3939290046691895 29
    vertex -3.41762638092041 6.3939290046691895 12
  endloop
endfacet
facet normal 0 0 0
  outer loop
    vertex -3.41762638092041 6.3939290046691895 12
    vertex -2.7744548320770264 6.698126792907715 29
    vertex -2.7744548320770264 6.698126792907715 12
  endloop
endfacet
facet normal 0 0 0
  outer loop
    vertex -4.219708442687988 2.81951904296875 29
    vertex -4.027884006500244 6.0281548500061035 29
    vertex -4.599351406097412 5.604325771331787 29
  endloop
endfacet
facet normal 0 0 0
  outer loop
    vertex -3.588567018508911 3.588567018508911 29
    vertex -3.219545841217041 3.923027992248535 29
    vertex -3.41762638092041 6.3939290046691895 29
  endloop
endfacet
facet normal 0 0 0
  outer loop
    vertex -4.027884006500244 6.0281548500061035 29
    vertex -3.588567018508911 3.588567018508911 29
    vertex -3.41762638092041 6.3939290046691895 29
  endloop
endfacet
facet normal 0 0 0
  outer loop
    vertex -4.599351406097412 5.604325771331787 12
    vertex -4.599351406097412 5.604325771331787 29
    vertex -4.027884006500244 6.0281548500061035 29
  endloop
endfacet
facet normal 0 0 0
  outer loop
    vertex -4.027884006500244 6.0281548500061035 12
    vertex -4.027884006500244 6.0281548500061035 29
    vertex -3.41762638092041 6.3939290046691895 29
  endloop
endfacet
facet normal 0 0 0
  outer loop
    vertex -3.219545841217041 3.923027992248535 29
    vertex -2.81951904296875 4.219708442687988 29
    vertex -2.7744548320770264 6.698126792907715 29
  endloop
endfacet
facet normal 0 0 0
  outer loop
    vertex -2.81951904296875 4.219708442687988 29
    vertex -2.392338514328003 4.47575044631958 29
    vertex -2.7744548320770264 6.698126792907715 29
  endloop
endfacet
facet normal 0 0 0
  outer loop
    vertex -3.41762638092041 6.3939290046691895 12
    vertex -3.41762638092041 6.3939290046691895 29
    vertex -2.7744548320770264 6.698126792907715 29
  endloop
endfacet
facet normal 0 0 0
  outer loop
    vertex -3.219545841217041 3.923027992248535 29
    vertex -2.7744548320770264 6.698126792907715 29
    vertex -3.41762638092041 6.3939290046691895 29
  endloop
endfacet
facet normal 0 0 0
  outer loop
    vertex -2.392338514328003 4.47575044631958 29
    vertex -2.1045639514923096 6.937817573547363 29
    vertex -2.7744548320770264 6.698126792907715 29
  endloop
endfacet
facet normal 0 0 0
  outer loop
    vertex -2.7744548320770264 6.698126792907715 12
    vertex -2.1045639514923096 6.937817573547363 29
    vertex -2.1045639514923096 6.937817573547363 12
  endloop
endfacet
facet normal 0 0 0
  outer loop
    vertex -2.7744548320770264 6.698126792907715 12
    vertex -2.7744548320770264 6.698126792907715 29
    vertex -2.1045639514923096 6.937817573547363 29
  endloop
endfacet
facet normal 0 0 0
  outer loop
    vertex -2.392338514328003 4.47575044631958 29
    vertex -1.9421184062957764 4.6886887550354 29
    vertex -2.1045639514923096 6.937817573547363 29
  endloop
endfacet
facet normal 0 0 0
  outer loop
    vertex -1.9421184062957764 4.6886887550354 29
    vertex -1.4731947183609009 4.856472015380859 29
    vertex -1.4144048690795898 7.110693454742432 29
  endloop
endfacet
facet normal 0 0 0
  outer loop
    vertex -2.1045639514923096 6.937817573547363 29
    vertex -1.9421184062957764 4.6886887550354 29
    vertex -1.4144048690795898 7.110693454742432 29
  endloop
endfacet
facet normal 0 0 0
  outer loop
    vertex -1.4731947183609009 4.856472015380859 29
    vertex -0.9900833964347839 4.977485179901123 29
    vertex -1.4144048690795898 7.110693454742432 29
  endloop
endfacet
facet normal 0 0 0
  outer loop
    vertex -0.9900833964347839 4.977485179901123 29
    vertex -0.4974370002746582 5.050562381744385 29
    vertex -0.7106242775917053 7.215089321136475 29
  endloop
endfacet
facet normal 0 0 0
  outer loop
    vertex -0.9900833964347839 4.977485179901123 29
    vertex -0.7106242775917053 7.215089321136475 29
    vertex -1.4144048690795898 7.110693454742432 29
  endloop
endfacet
facet normal 0 0 0
  outer loop
    vertex -0.4974370002746582 5.050562381744385 29
    vertex 0 5.074999809265137 29
    vertex 0 7.25 29
  endloop
endfacet
facet normal 0 0 0
  outer loop
    vertex -0.4974370002746582 5.050562381744385 29
    vertex 0 7.25 29
    vertex -0.7106242775917053 7.215089321136475 29
  endloop
endfacet
facet normal 0 0 0
  outer loop
    vertex -2.1045639514923096 6.937817573547363 12
    vertex -1.4144048690795898 7.110693454742432 29
    vertex -1.4144048690795898 7.110693454742432 12
  endloop
endfacet
facet normal 0 0 0
  outer loop
    vertex -1.4144048690795898 7.110693454742432 12
    vertex -0.7106242775917053 7.215089321136475 29
    vertex -0.7106242775917053 7.215089321136475 12
  endloop
endfacet
facet normal 0 0 0
  outer loop
    vertex -0.7106242775917053 7.215089321136475 12
    vertex 0 7.25 29
    vertex 0 7.25 12
  endloop
endfacet
facet normal 0 0 0
  outer loop
    vertex -2.1045639514923096 6.937817573547363 12
    vertex -2.1045639514923096 6.937817573547363 29
    vertex -1.4144048690795898 7.110693454742432 29
  endloop
endfacet
facet normal 0 0 0
  outer loop
    vertex -1.4144048690795898 7.110693454742432 12
    vertex -1.4144048690795898 7.110693454742432 29
    vertex -0.7106242775917053 7.215089321136475 29
  endloop
endfacet
facet normal 0 0 0
  outer loop
    vertex -0.7106242775917053 7.215089321136475 12
    vertex -0.7106242775917053 7.215089321136475 29
    vertex 0 7.25 29
  endloop
endfacet
facet normal 0 0 0
  outer loop
    vertex 0.829012930393219 -7.197527885437012 7
    vertex 0.8113492727279663 -6.5 7
    vertex 0.8632802963256836 -6.5 7
  endloop
endfacet
facet normal 0 0 0
  outer loop
    vertex 1.6114481687545776 -7.061336517333984 7
    vertex 1.6040946245193481 -6.5 7
    vertex 1.6390248537063599 -6.5 7
  endloop
endfacet
facet normal 0 0 0
  outer loop
    vertex 2.3792288303375244 -6.839540958404541 7
    vertex 2.3761160373687744 -6.5 7
    vertex 2.395909309387207 -6.5 7
  endloop
endfacet
facet normal 0 0 0
  outer loop
    vertex 0 -7.25 12
    vertex 0.7106242775917053 -7.215089321136475 12
    vertex 0 -7.25 29
  endloop
endfacet
facet normal 0 0 0
  outer loop
    vertex 0.7106242775917053 -7.215089321136475 12
    vertex 1.4144048690795898 -7.110693454742432 12
    vertex 0.7106242775917053 -7.215089321136475 29
  endloop
endfacet
facet normal 0 0 0
  outer loop
    vertex 1.4144048690795898 -7.110693454742432 12
    vertex 2.1045639514923096 -6.937817573547363 12
    vertex 1.4144048690795898 -7.110693454742432 29
  endloop
endfacet
facet normal 0 0 0
  outer loop
    vertex 0.7106242775917053 -7.215089321136475 12
    vertex 0.7106242775917053 -7.215089321136475 29
    vertex 0 -7.25 29
  endloop
endfacet
facet normal 0 0 0
  outer loop
    vertex 1.4144048690795898 -7.110693454742432 12
    vertex 1.4144048690795898 -7.110693454742432 29
    vertex 0.7106242775917053 -7.215089321136475 29
  endloop
endfacet
facet normal 0 0 0
  outer loop
    vertex 2.1045639514923096 -6.937817573547363 12
    vertex 2.1045639514923096 -6.937817573547363 29
    vertex 1.4144048690795898 -7.110693454742432 29
  endloop
endfacet
facet normal 0 0 0
  outer loop
    vertex 0 -7.25 29
    vertex 0.7106242775917053 -7.215089321136475 29
    vertex 0.4974370002746582 -5.050562381744385 29
  endloop
endfacet
facet normal 0 0 0
  outer loop
    vertex 0 -7.25 29
    vertex 0.4974370002746582 -5.050562381744385 29
    vertex 0 -5.074999809265137 29
  endloop
endfacet
facet normal 0 0 0
  outer loop
    vertex 0.7106242775917053 -7.215089321136475 29
    vertex 1.4144048690795898 -7.110693454742432 29
    vertex 0.9900833964347839 -4.977485179901123 29
  endloop
endfacet
facet normal 0 0 0
  outer loop
    vertex 0.7106242775917053 -7.215089321136475 29
    vertex 0.9900833964347839 -4.977485179901123 29
    vertex 0.4974370002746582 -5.050562381744385 29
  endloop
endfacet
facet normal 0 0 0
  outer loop
    vertex 1.4144048690795898 -7.110693454742432 29
    vertex 1.4731947183609009 -4.856472015380859 29
    vertex 0.9900833964347839 -4.977485179901123 29
  endloop
endfacet
facet normal 0 0 0
  outer loop
    vertex 1.4144048690795898 -7.110693454742432 29
    vertex 2.1045639514923096 -6.937817573547363 29
    vertex 1.9421184062957764 -4.6886887550354 29
  endloop
endfacet
facet normal 0 0 0
  outer loop
    vertex 1.4144048690795898 -7.110693454742432 29
    vertex 1.9421184062957764 -4.6886887550354 29
    vertex 1.4731947183609009 -4.856472015380859 29
  endloop
endfacet
facet normal 0 0 0
  outer loop
    vertex 1.9421184062957764 -4.6886887550354 29
    vertex 2.1045639514923096 -6.937817573547363 29
    vertex 2.392338514328003 -4.47575044631958 29
  endloop
endfacet
facet normal 0 0 0
  outer loop
    vertex 2.1045639514923096 -6.937817573547363 12
    vertex 2.7744548320770264 -6.698126792907715 12
    vertex 2.1045639514923096 -6.937817573547363 29
  endloop
endfacet
facet normal 0 0 0
  outer loop
    vertex 2.7744548320770264 -6.698126792907715 12
    vertex 2.7744548320770264 -6.698126792907715 29
    vertex 2.1045639514923096 -6.937817573547363 29
  endloop
endfacet
facet normal 0 0 0
  outer loop
    vertex 2.7744548320770264 -6.698126792907715 12
    vertex 3.41762638092041 -6.3939290046691895 12
    vertex 2.7744548320770264 -6.698126792907715 29
  endloop
endfacet
facet normal 0 0 0
  outer loop
    vertex 3.41762638092041 -6.3939290046691895 12
    vertex 4.027884006500244 -6.0281548500061035 12
    vertex 3.41762638092041 -6.3939290046691895 29
  endloop
endfacet
facet normal 0 0 0
  outer loop
    vertex 4.027884006500244 -6.0281548500061035 12
    vertex 4.599351406097412 -5.604325771331787 12
    vertex 4.027884006500244 -6.0281548500061035 29
  endloop
endfacet
facet normal 0 0 0
  outer loop
    vertex 3.41762638092041 -6.3939290046691895 12
    vertex 3.41762638092041 -6.3939290046691895 29
    vertex 2.7744548320770264 -6.698126792907715 29
  endloop
endfacet
facet normal 0 0 0
  outer loop
    vertex 2.1045639514923096 -6.937817573547363 29
    vertex 2.7744548320770264 -6.698126792907715 29
    vertex 2.392338514328003 -4.47575044631958 29
  endloop
endfacet
facet normal 0 0 0
  outer loop
    vertex 2.7744548320770264 -6.698126792907715 29
    vertex 3.41762638092041 -6.3939290046691895 29
    vertex 3.219545841217041 -3.923027992248535 29
  endloop
endfacet
facet normal 0 0 0
  outer loop
    vertex 2.7744548320770264 -6.698126792907715 29
    vertex 2.81951904296875 -4.219708442687988 29
    vertex 2.392338514328003 -4.47575044631958 29
  endloop
endfacet
facet normal 0 0 0
  outer loop
    vertex 2.7744548320770264 -6.698126792907715 29
    vertex 3.219545841217041 -3.923027992248535 29
    vertex 2.81951904296875 -4.219708442687988 29
  endloop
endfacet
facet normal 0 0 0
  outer loop
    vertex 3.41762638092041 -6.3939290046691895 29
    vertex 4.027884006500244 -6.0281548500061035 12
    vertex 4.027884006500244 -6.0281548500061035 29
  endloop
endfacet
facet normal 0 0 0
  outer loop
    vertex 4.599351406097412 -5.604325771331787 12
    vertex 4.599351406097412 -5.604325771331787 29
    vertex 4.027884006500244 -6.0281548500061035 29
  endloop
endfacet
facet normal 0 0 0
  outer loop
    vertex 3.41762638092041 -6.3939290046691895 29
    vertex 4.027884006500244 -6.0281548500061035 29
    vertex 3.588567018508911 -3.588567018508911 29
  endloop
endfacet
facet normal 0 0 0
  outer loop
    vertex 3.41762638092041 -6.3939290046691895 29
    vertex 3.588567018508911 -3.588567018508911 29
    vertex 3.219545841217041 -3.923027992248535 29
  endloop
endfacet
facet normal 0 0 0
  outer loop
    vertex 4.027884006500244 -6.0281548500061035 29
    vertex 4.599351406097412 -5.604325771331787 29
    vertex 4.219708442687988 -2.81951904296875 29
  endloop
endfacet
facet normal 0 0 0
  outer loop
    vertex 3.588567018508911 -3.588567018508911 29
    vertex 4.027884006500244 -6.0281548500061035 29
    vertex 3.923027992248535 -3.219545841217041 29
  endloop
endfacet
facet normal 0 0 0
  outer loop
    vertex 3.923027992248535 -3.219545841217041 29
    vertex 4.027884006500244 -6.0281548500061035 29
    vertex 4.219708442687988 -2.81951904296875 29
  endloop
endfacet
facet normal 0 0 0
  outer loop
    vertex 4.599351406097412 -5.604325771331787 29
    vertex 4.47575044631958 -2.392338514328003 29
    vertex 4.219708442687988 -2.81951904296875 29
  endloop
endfacet
facet normal 0 0 0
  outer loop
    vertex 4.599351406097412 -5.604325771331787 12
    vertex 5.126523971557617 -5.126523971557617 12
    vertex 4.599351406097412 -5.604325771331787 29
  endloop
endfacet
facet normal 0 0 0
  outer loop
    vertex 5.126523971557617 -5.126523971557617 12
    vertex 5.604325771331787 -4.599351406097412 12
    vertex 5.126523971557617 -5.126523971557617 29
  endloop
endfacet
facet normal 0 0 0
  outer loop
    vertex 5.126523971557617 -5.126523971557617 12
    vertex 5.126523971557617 -5.126523971557617 29
    vertex 4.599351406097412 -5.604325771331787 29
  endloop
endfacet
facet normal 0 0 0
  outer loop
    vertex 5.604325771331787 -4.599351406097412 12
    vertex 5.604325771331787 -4.599351406097412 29
    vertex 5.126523971557617 -5.126523971557617 29
  endloop
endfacet
facet normal 0 0 0
  outer loop
    vertex 5.604325771331787 -4.599351406097412 12
    vertex 6.0281548500061035 -4.027884006500244 12
    vertex 5.604325771331787 -4.599351406097412 29
  endloop
endfacet
facet normal 0 0 0
  outer loop
    vertex 6.0281548500061035 -4.027884006500244 12
    vertex 6.3939290046691895 -3.41762638092041 12
    vertex 6.0281548500061035 -4.027884006500244 29
  endloop
endfacet
facet normal 0 0 0
  outer loop
    vertex 6.3939290046691895 -3.41762638092041 12
    vertex 6.698126792907715 -2.7744548320770264 12
    vertex 6.3939290046691895 -3.41762638092041 29
  endloop
endfacet
facet normal 0 0 0
  outer loop
    vertex 4.599351406097412 -5.604325771331787 29
    vertex 5.126523971557617 -5.126523971557617 29
    vertex 4.856472015380859 -1.4731947183609009 29
  endloop
endfacet
facet normal 0 0 0
  outer loop
    vertex 4.599351406097412 -5.604325771331787 29
    vertex 4.6886887550354 -1.9421184062957764 29
    vertex 4.47575044631958 -2.392338514328003 29
  endloop
endfacet
facet normal 0 0 0
  outer loop
    vertex 4.599351406097412 -5.604325771331787 29
    vertex 4.856472015380859 -1.4731947183609009 29
    vertex 4.6886887550354 -1.9421184062957764 29
  endloop
endfacet
facet normal 0 0 0
  outer loop
    vertex 5.126523971557617 -5.126523971557617 29
    vertex 4.977485179901123 -0.9900833964347839 29
    vertex 4.856472015380859 -1.4731947183609009 29
  endloop
endfacet
facet normal 0 0 0
  outer loop
    vertex 6.0281548500061035 -4.027884006500244 12
    vertex 6.0281548500061035 -4.027884006500244 29
    vertex 5.604325771331787 -4.599351406097412 29
  endloop
endfacet
facet normal 0 0 0
  outer loop
    vertex 6.0281548500061035 -4.027884006500244 29
    vertex 6.3939290046691895 -3.41762638092041 12
    vertex 6.3939290046691895 -3.41762638092041 29
  endloop
endfacet
facet normal 0 0 0
  outer loop
    vertex 6.698126792907715 -2.7744548320770264 12
    vertex 6.698126792907715 -2.7744548320770264 29
    vertex 6.3939290046691895 -3.41762638092041 29
  endloop
endfacet
facet normal 0 0 0
  outer loop
    vertex 5.126523971557617 -5.126523971557617 29
    vertex 5.050562381744385 -0.4974370002746582 29
    vertex 4.977485179901123 -0.9900833964347839 29
  endloop
endfacet
facet normal 0 0 0
  outer loop
    vertex 5.126523971557617 -5.126523971557617 29
    vertex 5.074999809265137 0 29
    vertex 5.050562381744385 -0.4974370002746582 29
  endloop
endfacet
facet normal 0 0 0
  outer loop
    vertex 5.126523971557617 -5.126523971557617 29
    vertex 5.604325771331787 -4.599351406097412 29
    vertex 5.604325771331787 4.599351406097412 29
  endloop
endfacet
facet normal 0 0 0
  outer loop
    vertex 5.604325771331787 -4.599351406097412 29
    vertex 6.0281548500061035 -4.027884006500244 29
    vertex 6.0281548500061035 4.027884006500244 29
  endloop
endfacet
facet normal 0 0 0
  outer loop
    vertex 6.0281548500061035 -4.027884006500244 29
    vertex 6.3939290046691895 -3.41762638092041 29
    vertex 6.3939290046691895 3.41762638092041 29
  endloop
endfacet
facet normal 0 0 0
  outer loop
    vertex 6.3939290046691895 -3.41762638092041 29
    vertex 6.698126792907715 -2.7744548320770264 29
    vertex 6.698126792907715 2.7744548320770264 29
  endloop
endfacet
facet normal 0 0 0
  outer loop
    vertex 6.698126792907715 -2.7744548320770264 12
    vertex 6.937817573547363 -2.1045639514923096 12
    vertex 6.698126792907715 -2.7744548320770264 29
  endloop
endfacet
facet normal 0 0 0
  outer loop
    vertex 6.937817573547363 -2.1045639514923096 12
    vertex 6.937817573547363 -2.1045639514923096 29
    vertex 6.698126792907715 -2.7744548320770264 29
  endloop
endfacet
facet normal 0 0 0
  outer loop
    vertex 6.937817573547363 -2.1045639514923096 12
    vertex 7.110693454742432 -1.4144048690795898 12
    vertex 6.937817573547363 -2.1045639514923096 29
  endloop
endfacet
facet normal 0 0 0
  outer loop
    vertex 7.110693454742432 -1.4144048690795898 12
    vertex 7.215089321136475 -0.7106242775917053 12
    vertex 7.110693454742432 -1.4144048690795898 29
  endloop
endfacet
facet normal 0 0 0
  outer loop
    vertex 7.215089321136475 -0.7106242775917053 12
    vertex 7.25 0 12
    vertex 7.215089321136475 -0.7106242775917053 29
  endloop
endfacet
facet normal 0 0 0
  outer loop
    vertex 7.110693454742432 -1.4144048690795898 12
    vertex 7.110693454742432 -1.4144048690795898 29
    vertex 6.937817573547363 -2.1045639514923096 29
  endloop
endfacet
facet normal 0 0 0
  outer loop
    vertex 7.215089321136475 -0.7106242775917053 12
    vertex 7.215089321136475 -0.7106242775917053 29
    vertex 7.110693454742432 -1.4144048690795898 29
  endloop
endfacet
facet normal 0 0 0
  outer loop
    vertex 7.215089321136475 -0.7106242775917053 29
    vertex 7.25 0 12
    vertex 7.25 0 29
  endloop
endfacet
facet normal 0 0 0
  outer loop
    vertex 6.698126792907715 -2.7744548320770264 29
    vertex 6.937817573547363 -2.1045639514923096 29
    vertex 6.937817573547363 2.1045639514923096 29
  endloop
endfacet
facet normal 0 0 0
  outer loop
    vertex 6.937817573547363 -2.1045639514923096 29
    vertex 7.110693454742432 -1.4144048690795898 29
    vertex 7.110693454742432 1.4144048690795898 29
  endloop
endfacet
facet normal 0 0 0
  outer loop
    vertex 7.110693454742432 -1.4144048690795898 29
    vertex 7.215089321136475 -0.7106242775917053 29
    vertex 7.215089321136475 0.7106242775917053 29
  endloop
endfacet
facet normal 0 0 0
  outer loop
    vertex 3.923027992248535 3.219545841217041 29
    vertex 4.027884006500244 6.0281548500061035 29
    vertex 3.588567018508911 3.588567018508911 29
  endloop
endfacet
facet normal 0 0 0
  outer loop
    vertex 4.47575044631958 2.392338514328003 29
    vertex 4.599351406097412 5.604325771331787 29
    vertex 4.219708442687988 2.81951904296875 29
  endloop
endfacet
facet normal 0 0 0
  outer loop
    vertex 3.923027992248535 3.219545841217041 29
    vertex 4.219708442687988 2.81951904296875 29
    vertex 4.599351406097412 5.604325771331787 29
  endloop
endfacet
facet normal 0 0 0
  outer loop
    vertex 0.7147956490516663 6.5 7
    vertex 0.7890380024909973 7.203457832336426 7
    vertex 0.7890380024909973 6.5 7
  endloop
endfacet
facet normal 0 0 0
  outer loop
    vertex 1.5019292831420898 6.5 7
    vertex 1.5704771280288696 7.071599006652832 7
    vertex 1.5704771280288696 6.5 7
  endloop
endfacet
facet normal 0 0 0
  outer loop
    vertex 0.7147956490516663 6.5 7
    vertex 0.7496414184570312 7.209301471710205 7
    vertex 0.7890380024909973 7.203457832336426 7
  endloop
endfacet
facet normal 0 0 0
  outer loop
    vertex 1.5019292831420898 6.5 7
    vertex 1.5305020809173584 7.081612586975098 7
    vertex 1.5704771280288696 7.071599006652832 7
  endloop
endfacet
facet normal 0 0 0
  outer loop
    vertex 2.2776739597320557 6.5 7
    vertex 2.336791753768921 6.854724884033203 7
    vertex 2.336791753768921 6.5 7
  endloop
endfacet
facet normal 0 0 0
  outer loop
    vertex 2.2776739597320557 6.5 7
    vertex 2.295820713043213 6.869384765625 7
    vertex 2.336791753768921 6.854724884033203 7
  endloop
endfacet
facet normal 0 0 0
  outer loop
    vertex 3.0345585346221924 6.5 7
    vertex 3.080601692199707 6.553329944610596 7
    vertex 3.080601692199707 6.5 7
  endloop
endfacet
facet normal 0 0 0
  outer loop
    vertex 3.0345585346221924 6.5 7
    vertex 3.0381643772125244 6.57340145111084 7
    vertex 3.080601692199707 6.553329944610596 7
  endloop
endfacet
facet normal 0 0 0
  outer loop
    vertex 0 5.074999809265137 29
    vertex 0.4974370002746582 5.050562381744385 29
    vertex 0 7.25 29
  endloop
endfacet
facet normal 0 0 0
  outer loop
    vertex 0.4974370002746582 5.050562381744385 29
    vertex 0.7106242775917053 7.215089321136475 29
    vertex 0 7.25 29
  endloop
endfacet
facet normal 0 0 0
  outer loop
    vertex 0.9900833964347839 4.977485179901123 29
    vertex 1.4144048690795898 7.110693454742432 29
    vertex 0.4974370002746582 5.050562381744385 29
  endloop
endfacet
facet normal 0 0 0
  outer loop
    vertex 0.4974370002746582 5.050562381744385 29
    vertex 1.4144048690795898 7.110693454742432 29
    vertex 0.7106242775917053 7.215089321136475 29
  endloop
endfacet
facet normal 0 0 0
  outer loop
    vertex 0.9900833964347839 4.977485179901123 29
    vertex 1.4731947183609009 4.856472015380859 29
    vertex 2.1045639514923096 6.937817573547363 29
  endloop
endfacet
facet normal 0 0 0
  outer loop
    vertex 1.4731947183609009 4.856472015380859 29
    vertex 1.9421184062957764 4.6886887550354 29
    vertex 2.1045639514923096 6.937817573547363 29
  endloop
endfacet
facet normal 0 0 0
  outer loop
    vertex 0.9900833964347839 4.977485179901123 29
    vertex 2.1045639514923096 6.937817573547363 29
    vertex 1.4144048690795898 7.110693454742432 29
  endloop
endfacet
facet normal 0 0 0
  outer loop
    vertex 0 7.25 12
    vertex 0.7106242775917053 7.215089321136475 29
    vertex 0.7106242775917053 7.215089321136475 12
  endloop
endfacet
facet normal 0 0 0
  outer loop
    vertex 0.7106242775917053 7.215089321136475 12
    vertex 1.4144048690795898 7.110693454742432 29
    vertex 1.4144048690795898 7.110693454742432 12
  endloop
endfacet
facet normal 0 0 0
  outer loop
    vertex 1.4144048690795898 7.110693454742432 12
    vertex 2.1045639514923096 6.937817573547363 29
    vertex 2.1045639514923096 6.937817573547363 12
  endloop
endfacet
facet normal 0 0 0
  outer loop
    vertex 0 7.25 12
    vertex 0 7.25 29
    vertex 0.7106242775917053 7.215089321136475 29
  endloop
endfacet
facet normal 0 0 0
  outer loop
    vertex 0.7106242775917053 7.215089321136475 12
    vertex 0.7106242775917053 7.215089321136475 29
    vertex 1.4144048690795898 7.110693454742432 29
  endloop
endfacet
facet normal 0 0 0
  outer loop
    vertex 1.4144048690795898 7.110693454742432 12
    vertex 1.4144048690795898 7.110693454742432 29
    vertex 2.1045639514923096 6.937817573547363 29
  endloop
endfacet
facet normal 0 0 0
  outer loop
    vertex 2.7744548320770264 6.698126792907715 12
    vertex 3.41762638092041 6.3939290046691895 29
    vertex 3.41762638092041 6.3939290046691895 12
  endloop
endfacet
facet normal 0 0 0
  outer loop
    vertex 3.41762638092041 6.3939290046691895 12
    vertex 4.027884006500244 6.0281548500061035 29
    vertex 4.027884006500244 6.0281548500061035 12
  endloop
endfacet
facet normal 0 0 0
  outer loop
    vertex 4.027884006500244 6.0281548500061035 12
    vertex 4.599351406097412 5.604325771331787 29
    vertex 4.599351406097412 5.604325771331787 12
  endloop
endfacet
facet normal 0 0 0
  outer loop
    vertex 1.9421184062957764 4.6886887550354 29
    vertex 2.392338514328003 4.47575044631958 29
    vertex 2.7744548320770264 6.698126792907715 29
  endloop
endfacet
facet normal 0 0 0
  outer loop
    vertex 2.392338514328003 4.47575044631958 29
    vertex 2.81951904296875 4.219708442687988 29
    vertex 3.41762638092041 6.3939290046691895 29
  endloop
endfacet
facet normal 0 0 0
  outer loop
    vertex 3.219545841217041 3.923027992248535 29
    vertex 3.41762638092041 6.3939290046691895 29
    vertex 2.81951904296875 4.219708442687988 29
  endloop
endfacet
facet normal 0 0 0
  outer loop
    vertex 2.7744548320770264 6.698126792907715 12
    vertex 2.7744548320770264 6.698126792907715 29
    vertex 3.41762638092041 6.3939290046691895 29
  endloop
endfacet
facet normal 0 0 0
  outer loop
    vertex 1.9421184062957764 4.6886887550354 29
    vertex 2.7744548320770264 6.698126792907715 29
    vertex 2.1045639514923096 6.937817573547363 29
  endloop
endfacet
facet normal 0 0 0
  outer loop
    vertex 2.392338514328003 4.47575044631958 29
    vertex 3.41762638092041 6.3939290046691895 29
    vertex 2.7744548320770264 6.698126792907715 29
  endloop
endfacet
facet normal 0 0 0
  outer loop
    vertex 3.219545841217041 3.923027992248535 29
    vertex 3.588567018508911 3.588567018508911 29
    vertex 4.027884006500244 6.0281548500061035 29
  endloop
endfacet
facet normal 0 0 0
  outer loop
    vertex 3.219545841217041 3.923027992248535 29
    vertex 4.027884006500244 6.0281548500061035 29
    vertex 3.41762638092041 6.3939290046691895 29
  endloop
endfacet
facet normal 0 0 0
  outer loop
    vertex 3.923027992248535 3.219545841217041 29
    vertex 4.599351406097412 5.604325771331787 29
    vertex 4.027884006500244 6.0281548500061035 29
  endloop
endfacet
facet normal 0 0 0
  outer loop
    vertex 3.41762638092041 6.3939290046691895 12
    vertex 3.41762638092041 6.3939290046691895 29
    vertex 4.027884006500244 6.0281548500061035 29
  endloop
endfacet
facet normal 0 0 0
  outer loop
    vertex 4.027884006500244 6.0281548500061035 12
    vertex 4.027884006500244 6.0281548500061035 29
    vertex 4.599351406097412 5.604325771331787 29
  endloop
endfacet
facet normal 0 0 0
  outer loop
    vertex 2.1045639514923096 6.937817573547363 12
    vertex 2.7744548320770264 6.698126792907715 29
    vertex 2.7744548320770264 6.698126792907715 12
  endloop
endfacet
facet normal 0 0 0
  outer loop
    vertex 2.1045639514923096 6.937817573547363 12
    vertex 2.1045639514923096 6.937817573547363 29
    vertex 2.7744548320770264 6.698126792907715 29
  endloop
endfacet
facet normal 0 0 0
  outer loop
    vertex 5.126523971557617 -5.126523971557617 29
    vertex 5.126523971557617 5.126523971557617 29
    vertex 5.074999809265137 0 29
  endloop
endfacet
facet normal 0 0 0
  outer loop
    vertex 4.977485179901123 0.9900833964347839 29
    vertex 5.050562381744385 0.4974370002746582 29
    vertex 5.126523971557617 5.126523971557617 29
  endloop
endfacet
facet normal 0 0 0
  outer loop
    vertex 5.126523971557617 -5.126523971557617 29
    vertex 5.604325771331787 4.599351406097412 29
    vertex 5.126523971557617 5.126523971557617 29
  endloop
endfacet
facet normal 0 0 0
  outer loop
    vertex 5.074999809265137 0 29
    vertex 5.126523971557617 5.126523971557617 29
    vertex 5.050562381744385 0.4974370002746582 29
  endloop
endfacet
facet normal 0 0 0
  outer loop
    vertex 6.3939290046691895 -3.41762638092041 29
    vertex 6.698126792907715 2.7744548320770264 29
    vertex 6.3939290046691895 3.41762638092041 29
  endloop
endfacet
facet normal 0 0 0
  outer loop
    vertex 5.604325771331787 -4.599351406097412 29
    vertex 6.0281548500061035 4.027884006500244 29
    vertex 5.604325771331787 4.599351406097412 29
  endloop
endfacet
facet normal 0 0 0
  outer loop
    vertex 6.0281548500061035 -4.027884006500244 29
    vertex 6.3939290046691895 3.41762638092041 29
    vertex 6.0281548500061035 4.027884006500244 29
  endloop
endfacet
facet normal 0 0 0
  outer loop
    vertex 6.698126792907715 2.7744548320770264 12
    vertex 6.3939290046691895 3.41762638092041 12
    vertex 6.698126792907715 2.7744548320770264 29
  endloop
endfacet
facet normal 0 0 0
  outer loop
    vertex 6.0281548500061035 4.027884006500244 12
    vertex 5.604325771331787 4.599351406097412 12
    vertex 6.0281548500061035 4.027884006500244 29
  endloop
endfacet
facet normal 0 0 0
  outer loop
    vertex 6.3939290046691895 3.41762638092041 12
    vertex 6.0281548500061035 4.027884006500244 12
    vertex 6.3939290046691895 3.41762638092041 29
  endloop
endfacet
facet normal 0 0 0
  outer loop
    vertex 4.977485179901123 0.9900833964347839 29
    vertex 5.126523971557617 5.126523971557617 29
    vertex 4.856472015380859 1.4731947183609009 29
  endloop
endfacet
facet normal 0 0 0
  outer loop
    vertex 4.6886887550354 1.9421184062957764 29
    vertex 5.126523971557617 5.126523971557617 29
    vertex 4.47575044631958 2.392338514328003 29
  endloop
endfacet
facet normal 0 0 0
  outer loop
    vertex 4.856472015380859 1.4731947183609009 29
    vertex 5.126523971557617 5.126523971557617 29
    vertex 4.6886887550354 1.9421184062957764 29
  endloop
endfacet
facet normal 0 0 0
  outer loop
    vertex 4.47575044631958 2.392338514328003 29
    vertex 5.126523971557617 5.126523971557617 29
    vertex 4.599351406097412 5.604325771331787 29
  endloop
endfacet
facet normal 0 0 0
  outer loop
    vertex 6.3939290046691895 3.41762638092041 12
    vertex 6.3939290046691895 3.41762638092041 29
    vertex 6.698126792907715 2.7744548320770264 29
  endloop
endfacet
facet normal 0 0 0
  outer loop
    vertex 6.3939290046691895 3.41762638092041 29
    vertex 6.0281548500061035 4.027884006500244 12
    vertex 6.0281548500061035 4.027884006500244 29
  endloop
endfacet
facet normal 0 0 0
  outer loop
    vertex 5.604325771331787 4.599351406097412 12
    vertex 5.604325771331787 4.599351406097412 29
    vertex 6.0281548500061035 4.027884006500244 29
  endloop
endfacet
facet normal 0 0 0
  outer loop
    vertex 7.25 0 12
    vertex 7.215089321136475 0.7106242775917053 12
    vertex 7.25 0 29
  endloop
endfacet
facet normal 0 0 0
  outer loop
    vertex 7.215089321136475 0.7106242775917053 12
    vertex 7.110693454742432 1.4144048690795898 12
    vertex 7.215089321136475 0.7106242775917053 29
  endloop
endfacet
facet normal 0 0 0
  outer loop
    vertex 7.110693454742432 1.4144048690795898 12
    vertex 6.937817573547363 2.1045639514923096 12
    vertex 7.110693454742432 1.4144048690795898 29
  endloop
endfacet
facet normal 0 0 0
  outer loop
    vertex 7.215089321136475 0.7106242775917053 12
    vertex 7.215089321136475 0.7106242775917053 29
    vertex 7.25 0 29
  endloop
endfacet
facet normal 0 0 0
  outer loop
    vertex 6.937817573547363 -2.1045639514923096 29
    vertex 7.110693454742432 1.4144048690795898 29
    vertex 6.937817573547363 2.1045639514923096 29
  endloop
endfacet
facet normal 0 0 0
  outer loop
    vertex 7.110693454742432 -1.4144048690795898 29
    vertex 7.215089321136475 0.7106242775917053 29
    vertex 7.110693454742432 1.4144048690795898 29
  endloop
endfacet
facet normal 0 0 0
  outer loop
    vertex 7.215089321136475 -0.7106242775917053 29
    vertex 7.25 0 29
    vertex 7.215089321136475 0.7106242775917053 29
  endloop
endfacet
facet normal 0 0 0
  outer loop
    vertex 6.698126792907715 -2.7744548320770264 29
    vertex 6.937817573547363 2.1045639514923096 29
    vertex 6.698126792907715 2.7744548320770264 29
  endloop
endfacet
facet normal 0 0 0
  outer loop
    vertex 7.110693454742432 1.4144048690795898 12
    vertex 7.110693454742432 1.4144048690795898 29
    vertex 7.215089321136475 0.7106242775917053 29
  endloop
endfacet
facet normal 0 0 0
  outer loop
    vertex 6.937817573547363 2.1045639514923096 12
    vertex 6.937817573547363 2.1045639514923096 29
    vertex 7.110693454742432 1.4144048690795898 29
  endloop
endfacet
facet normal 0 0 0
  outer loop
    vertex 6.937817573547363 2.1045639514923096 12
    vertex 6.698126792907715 2.7744548320770264 12
    vertex 6.937817573547363 2.1045639514923096 29
  endloop
endfacet
facet normal 0 0 0
  outer loop
    vertex 6.698126792907715 2.7744548320770264 12
    vertex 6.698126792907715 2.7744548320770264 29
    vertex 6.937817573547363 2.1045639514923096 29
  endloop
endfacet
facet normal 0 0 0
  outer loop
    vertex 4.599351406097412 5.604325771331787 12
    vertex 5.126523971557617 5.126523971557617 29
    vertex 5.126523971557617 5.126523971557617 12
  endloop
endfacet
facet normal 0 0 0
  outer loop
    vertex 5.604325771331787 4.599351406097412 12
    vertex 5.126523971557617 5.126523971557617 12
    vertex 5.604325771331787 4.599351406097412 29
  endloop
endfacet
facet normal 0 0 0
  outer loop
    vertex 4.599351406097412 5.604325771331787 12
    vertex 4.599351406097412 5.604325771331787 29
    vertex 5.126523971557617 5.126523971557617 29
  endloop
endfacet
facet normal 0 0 0
  outer loop
    vertex 5.126523971557617 5.126523971557617 12
    vertex 5.126523971557617 5.126523971557617 29
    vertex 5.604325771331787 4.599351406097412 29
  endloop
endfacet
facet normal 0 0 0
  outer loop
    vertex -6.222733974456787 -5.106865882873535 7
    vertex -6.69333028793335 -4.4723405838012695 10
    vertex -6.69333028793335 -4.4723405838012695 7
  endloop
endfacet
facet normal 0 0 0
  outer loop
    vertex -6.222733974456787 -5.106865882873535 7
    vertex -6.69333028793335 -4.4723405838012695 7
    vertex -6.236021995544434 -4.166776657104492 7
  endloop
endfacet
facet normal 0 0 0
  outer loop
    vertex -6.222733974456787 -5.106865882873535 7
    vertex -6.222733974456787 -5.106865882873535 10
    vertex -6.69333028793335 -4.4723405838012695 10
  endloop
endfacet
facet normal 0 0 0
  outer loop
    vertex -6.222733974456787 -5.106865882873535 7
    vertex -5.692209720611572 -5.692209720611572 7
    vertex -6.222733974456787 -5.106865882873535 10
  endloop
endfacet
facet normal 0 0 0
  outer loop
    vertex -6.222733974456787 -5.106865882873535 7
    vertex -5.303300857543945 -5.303300857543945 7
    vertex -5.692209720611572 -5.692209720611572 7
  endloop
endfacet
facet normal 0 0 0
  outer loop
    vertex -5.692209720611572 -5.692209720611572 7
    vertex -5.692209720611572 -5.692209720611572 10
    vertex -6.222733974456787 -5.106865882873535 10
  endloop
endfacet
facet normal 0 0 0
  outer loop
    vertex -6.222733974456787 -5.106865882873535 7
    vertex -6.236021995544434 -4.166776657104492 7
    vertex -5.79757833480835 -4.7579498291015625 7
  endloop
endfacet
facet normal 0 0 0
  outer loop
    vertex -6.222733974456787 -5.106865882873535 7
    vertex -5.79757833480835 -4.7579498291015625 7
    vertex -5.303300857543945 -5.303300857543945 7
  endloop
endfacet
facet normal 0 0 0
  outer loop
    vertex -6.222733974456787 -5.106865882873535 10
    vertex -5.692209720611572 -5.692209720611572 10
    vertex -6.236021995544434 -4.166776657104492 10
  endloop
endfacet
facet normal 0 0 0
  outer loop
    vertex -6.236021995544434 -4.166776657104492 10
    vertex -5.692209720611572 -5.692209720611572 10
    vertex -5.79757833480835 -4.7579498291015625 10
  endloop
endfacet
facet normal 0 0 0
  outer loop
    vertex -5.106865882873535 -6.222733974456787 7
    vertex -5.692209720611572 -5.692209720611572 10
    vertex -5.692209720611572 -5.692209720611572 7
  endloop
endfacet
facet normal 0 0 0
  outer loop
    vertex -5.106865882873535 -6.222733974456787 7
    vertex -5.692209720611572 -5.692209720611572 7
    vertex -4.7579498291015625 -5.79757833480835 7
  endloop
endfacet
facet normal 0 0 0
  outer loop
    vertex -5.106865882873535 -6.222733974456787 10
    vertex -5.303300857543945 -5.303300857543945 10
    vertex -5.692209720611572 -5.692209720611572 10
  endloop
endfacet
facet normal 0 0 0
  outer loop
    vertex -5.106865882873535 -6.222733974456787 7
    vertex -5.106865882873535 -6.222733974456787 10
    vertex -5.692209720611572 -5.692209720611572 10
  endloop
endfacet
facet normal 0 0 0
  outer loop
    vertex -5.106865882873535 -6.222733974456787 7
    vertex -4.4723405838012695 -6.69333028793335 7
    vertex -5.106865882873535 -6.222733974456787 10
  endloop
endfacet
facet normal 0 0 0
  outer loop
    vertex -5.106865882873535 -6.222733974456787 7
    vertex -4.7579498291015625 -5.79757833480835 7
    vertex -4.4723405838012695 -6.69333028793335 7
  endloop
endfacet
facet normal 0 0 0
  outer loop
    vertex -4.4723405838012695 -6.69333028793335 7
    vertex -4.4723405838012695 -6.69333028793335 10
    vertex -5.106865882873535 -6.222733974456787 10
  endloop
endfacet
facet normal 0 0 0
  outer loop
    vertex -5.106865882873535 -6.222733974456787 10
    vertex -4.4723405838012695 -6.69333028793335 10
    vertex -4.7579498291015625 -5.79757833480835 10
  endloop
endfacet
facet normal 0 0 0
  outer loop
    vertex -5.106865882873535 -6.222733974456787 10
    vertex -4.7579498291015625 -5.79757833480835 10
    vertex -5.303300857543945 -5.303300857543945 10
  endloop
endfacet
facet normal 0 0 0
  outer loop
    vertex -5.692209720611572 -5.692209720611572 7
    vertex -5.303300857543945 -5.303300857543945 7
    vertex -4.7579498291015625 -5.79757833480835 7
  endloop
endfacet
facet normal 0 0 0
  outer loop
    vertex -5.692209720611572 -5.692209720611572 10
    vertex -5.303300857543945 -5.303300857543945 10
    vertex -5.79757833480835 -4.7579498291015625 10
  endloop
endfacet
facet normal 0 0 0
  outer loop
    vertex -6.69333028793335 -4.4723405838012695 7
    vertex -7.099466323852539 -3.794743776321411 10
    vertex -7.099466323852539 -3.794743776321411 7
  endloop
endfacet
facet normal 0 0 0
  outer loop
    vertex -6.69333028793335 -4.4723405838012695 7
    vertex -6.69333028793335 -4.4723405838012695 10
    vertex -7.099466323852539 -3.794743776321411 10
  endloop
endfacet
facet normal 0 0 0
  outer loop
    vertex -6.69333028793335 -4.4723405838012695 7
    vertex -7.099466323852539 -3.794743776321411 7
    vertex -6.614409446716309 -3.535475492477417 7
  endloop
endfacet
facet normal 0 0 0
  outer loop
    vertex -7.099466323852539 -3.794743776321411 7
    vertex -6.929096698760986 -2.8701257705688477 7
    vertex -6.614409446716309 -3.535475492477417 7
  endloop
endfacet
facet normal 0 0 0
  outer loop
    vertex -7.099466323852539 -3.794743776321411 7
    vertex -7.099466323852539 -3.794743776321411 10
    vertex -7.437230110168457 -3.080601692199707 10
  endloop
endfacet
facet normal 0 0 0
  outer loop
    vertex -6.69333028793335 -4.4723405838012695 10
    vertex -6.929096698760986 -2.8701257705688477 10
    vertex -7.099466323852539 -3.794743776321411 10
  endloop
endfacet
facet normal 0 0 0
  outer loop
    vertex -7.099466323852539 -3.794743776321411 7
    vertex -7.437230110168457 -3.080601692199707 10
    vertex -7.437230110168457 -3.080601692199707 7
  endloop
endfacet
facet normal 0 0 0
  outer loop
    vertex -7.437230110168457 -3.080601692199707 7
    vertex -7.437230110168457 -3.080601692199707 10
    vertex -7.703369617462158 -2.336791753768921 10
  endloop
endfacet
facet normal 0 0 0
  outer loop
    vertex -7.437230110168457 -3.080601692199707 7
    vertex -7.703369617462158 -2.336791753768921 10
    vertex -7.703369617462158 -2.336791753768921 7
  endloop
endfacet
facet normal 0 0 0
  outer loop
    vertex -7.437230110168457 -3.080601692199707 7
    vertex -7.703369617462158 -2.336791753768921 7
    vertex -7.355889797210693 -1.4631774425506592 7
  endloop
endfacet
facet normal 0 0 0
  outer loop
    vertex -7.099466323852539 -3.794743776321411 7
    vertex -7.437230110168457 -3.080601692199707 7
    vertex -6.929096698760986 -2.8701257705688477 7
  endloop
endfacet
facet normal 0 0 0
  outer loop
    vertex -7.099466323852539 -3.794743776321411 10
    vertex -7.1770524978637695 -2.1771349906921387 10
    vertex -7.437230110168457 -3.080601692199707 10
  endloop
endfacet
facet normal 0 0 0
  outer loop
    vertex -7.099466323852539 -3.794743776321411 10
    vertex -6.929096698760986 -2.8701257705688477 10
    vertex -7.1770524978637695 -2.1771349906921387 10
  endloop
endfacet
facet normal 0 0 0
  outer loop
    vertex -7.437230110168457 -3.080601692199707 7
    vertex -7.1770524978637695 -2.1771349906921387 7
    vertex -6.929096698760986 -2.8701257705688477 7
  endloop
endfacet
facet normal 0 0 0
  outer loop
    vertex -7.895321369171143 -1.5704771280288696 7
    vertex -7.895321369171143 -1.5704771280288696 10
    vertex -8.011237144470215 -0.7890380024909973 10
  endloop
endfacet
facet normal 0 0 0
  outer loop
    vertex -7.895321369171143 -1.5704771280288696 7
    vertex -8.011237144470215 -0.7890380024909973 10
    vertex -8.011237144470215 -0.7890380024909973 7
  endloop
endfacet
facet normal 0 0 0
  outer loop
    vertex -7.895321369171143 -1.5704771280288696 7
    vertex -8.011237144470215 -0.7890380024909973 7
    vertex -7.895321369171143 1.5704771280288696 7
  endloop
endfacet
facet normal 0 0 0
  outer loop
    vertex -8.011237144470215 -0.7890380024909973 7
    vertex -8.050000190734863 0 10
    vertex -8.050000190734863 0 7
  endloop
endfacet
facet normal 0 0 0
  outer loop
    vertex -8.011237144470215 -0.7890380024909973 7
    vertex -8.011237144470215 -0.7890380024909973 10
    vertex -8.050000190734863 0 10
  endloop
endfacet
facet normal 0 0 0
  outer loop
    vertex -7.895321369171143 -1.5704771280288696 10
    vertex -7.895321369171143 1.5704771280288696 10
    vertex -8.011237144470215 -0.7890380024909973 10
  endloop
endfacet
facet normal 0 0 0
  outer loop
    vertex -7.703369617462158 -2.336791753768921 7
    vertex -7.895321369171143 -1.5704771280288696 10
    vertex -7.895321369171143 -1.5704771280288696 7
  endloop
endfacet
facet normal 0 0 0
  outer loop
    vertex -7.437230110168457 -3.080601692199707 7
    vertex -7.355889797210693 -1.4631774425506592 7
    vertex -7.1770524978637695 -2.1771349906921387 7
  endloop
endfacet
facet normal 0 0 0
  outer loop
    vertex -7.703369617462158 -2.336791753768921 7
    vertex -7.703369617462158 -2.336791753768921 10
    vertex -7.895321369171143 -1.5704771280288696 10
  endloop
endfacet
facet normal 0 0 0
  outer loop
    vertex -7.437230110168457 -3.080601692199707 10
    vertex -7.463885307312012 -0.7351285815238953 10
    vertex -7.703369617462158 -2.336791753768921 10
  endloop
endfacet
facet normal 0 0 0
  outer loop
    vertex -7.437230110168457 -3.080601692199707 10
    vertex -7.1770524978637695 -2.1771349906921387 10
    vertex -7.355889797210693 -1.4631774425506592 10
  endloop
endfacet
facet normal 0 0 0
  outer loop
    vertex -7.437230110168457 -3.080601692199707 10
    vertex -7.355889797210693 -1.4631774425506592 10
    vertex -7.463885307312012 -0.7351285815238953 10
  endloop
endfacet
facet normal 0 0 0
  outer loop
    vertex -7.703369617462158 -2.336791753768921 7
    vertex -7.463885307312012 -0.7351285815238953 7
    vertex -7.355889797210693 -1.4631774425506592 7
  endloop
endfacet
facet normal 0 0 0
  outer loop
    vertex -7.703369617462158 -2.336791753768921 7
    vertex -7.5 0 7
    vertex -7.463885307312012 -0.7351285815238953 7
  endloop
endfacet
facet normal 0 0 0
  outer loop
    vertex -7.703369617462158 -2.336791753768921 10
    vertex -7.463885307312012 -0.7351285815238953 10
    vertex -7.5 0 10
  endloop
endfacet
facet normal 0 0 0
  outer loop
    vertex -7.703369617462158 -2.336791753768921 7
    vertex -7.895321369171143 -1.5704771280288696 7
    vertex -7.703369617462158 2.336791753768921 7
  endloop
endfacet
facet normal 0 0 0
  outer loop
    vertex -7.703369617462158 -2.336791753768921 7
    vertex -7.463885307312012 0.7351285815238953 7
    vertex -7.5 0 7
  endloop
endfacet
facet normal 0 0 0
  outer loop
    vertex -7.703369617462158 -2.336791753768921 10
    vertex -7.703369617462158 2.336791753768921 10
    vertex -7.895321369171143 -1.5704771280288696 10
  endloop
endfacet
facet normal 0 0 0
  outer loop
    vertex -7.703369617462158 -2.336791753768921 10
    vertex -7.5 0 10
    vertex -7.463885307312012 0.7351285815238953 10
  endloop
endfacet
facet normal 0 0 0
  outer loop
    vertex -6.69333028793335 -4.4723405838012695 7
    vertex -6.614409446716309 -3.535475492477417 7
    vertex -6.236021995544434 -4.166776657104492 7
  endloop
endfacet
facet normal 0 0 0
  outer loop
    vertex -6.222733974456787 -5.106865882873535 10
    vertex -6.614409446716309 -3.535475492477417 10
    vertex -6.69333028793335 -4.4723405838012695 10
  endloop
endfacet
facet normal 0 0 0
  outer loop
    vertex -6.222733974456787 -5.106865882873535 10
    vertex -6.236021995544434 -4.166776657104492 10
    vertex -6.614409446716309 -3.535475492477417 10
  endloop
endfacet
facet normal 0 0 0
  outer loop
    vertex -6.69333028793335 -4.4723405838012695 10
    vertex -6.614409446716309 -3.535475492477417 10
    vertex -6.929096698760986 -2.8701257705688477 10
  endloop
endfacet
facet normal 0 0 0
  outer loop
    vertex -4.4723405838012695 -6.69333028793335 7
    vertex -3.794743776321411 -7.099466323852539 7
    vertex -4.4723405838012695 -6.69333028793335 10
  endloop
endfacet
facet normal 0 0 0
  outer loop
    vertex -3.794743776321411 -7.099466323852539 7
    vertex -3.794743776321411 -7.099466323852539 10
    vertex -4.4723405838012695 -6.69333028793335 10
  endloop
endfacet
facet normal 0 0 0
  outer loop
    vertex -3.794743776321411 -7.099466323852539 7
    vertex -3.080601692199707 -7.437230110168457 7
    vertex -3.794743776321411 -7.099466323852539 10
  endloop
endfacet
facet normal 0 0 0
  outer loop
    vertex -3.794743776321411 -7.099466323852539 10
    vertex -3.080601692199707 -7.437230110168457 10
    vertex -3.535475492477417 -6.614409446716309 10
  endloop
endfacet
facet normal 0 0 0
  outer loop
    vertex -3.080601692199707 -7.437230110168457 7
    vertex -2.336791753768921 -7.703369617462158 7
    vertex -3.080601692199707 -7.437230110168457 10
  endloop
endfacet
facet normal 0 0 0
  outer loop
    vertex -3.080601692199707 -7.437230110168457 7
    vertex -3.080601692199707 -7.437230110168457 10
    vertex -3.794743776321411 -7.099466323852539 10
  endloop
endfacet
facet normal 0 0 0
  outer loop
    vertex -3.080601692199707 -7.437230110168457 10
    vertex -2.8701257705688477 -6.929096698760986 10
    vertex -3.535475492477417 -6.614409446716309 10
  endloop
endfacet
facet normal 0 0 0
  outer loop
    vertex -2.336791753768921 -7.703369617462158 7
    vertex -2.336791753768921 -7.703369617462158 10
    vertex -3.080601692199707 -7.437230110168457 10
  endloop
endfacet
facet normal 0 0 0
  outer loop
    vertex -3.080601692199707 -7.437230110168457 10
    vertex -2.336791753768921 -7.703369617462158 10
    vertex -2.8701257705688477 -6.929096698760986 10
  endloop
endfacet
facet normal 0 0 0
  outer loop
    vertex -2.336791753768921 -7.703369617462158 10
    vertex -2.1771349906921387 -7.1770524978637695 10
    vertex -2.8701257705688477 -6.929096698760986 10
  endloop
endfacet
facet normal 0 0 0
  outer loop
    vertex -4.4723405838012695 -6.69333028793335 7
    vertex -4.7579498291015625 -5.79757833480835 7
    vertex -4.166776657104492 -6.236021995544434 7
  endloop
endfacet
facet normal 0 0 0
  outer loop
    vertex -4.4723405838012695 -6.69333028793335 7
    vertex -4.166776657104492 -6.236021995544434 7
    vertex -3.794743776321411 -7.099466323852539 7
  endloop
endfacet
facet normal 0 0 0
  outer loop
    vertex -4.4723405838012695 -6.69333028793335 10
    vertex -4.166776657104492 -6.236021995544434 10
    vertex -4.7579498291015625 -5.79757833480835 10
  endloop
endfacet
facet normal 0 0 0
  outer loop
    vertex -4.4723405838012695 -6.69333028793335 10
    vertex -3.794743776321411 -7.099466323852539 10
    vertex -4.166776657104492 -6.236021995544434 10
  endloop
endfacet
facet normal 0 0 0
  outer loop
    vertex -4.166776657104492 -6.236021995544434 7
    vertex -3.726356267929077 -6.5 7
    vertex -3.794743776321411 -7.099466323852539 7
  endloop
endfacet
facet normal 0 0 0
  outer loop
    vertex -4.166776657104492 -6.236021995544434 10
    vertex -3.794743776321411 -7.099466323852539 10
    vertex -3.535475492477417 -6.614409446716309 10
  endloop
endfacet
facet normal 0 0 0
  outer loop
    vertex -1.5704771280288696 -7.895321369171143 7
    vertex -0.7890380024909973 -8.011237144470215 7
    vertex -1.5704771280288696 -7.895321369171143 10
  endloop
endfacet
facet normal 0 0 0
  outer loop
    vertex -2.336791753768921 -7.703369617462158 7
    vertex -1.5704771280288696 -7.895321369171143 7
    vertex -2.336791753768921 -7.703369617462158 10
  endloop
endfacet
facet normal 0 0 0
  outer loop
    vertex -2.336791753768921 -7.703369617462158 10
    vertex -1.5704771280288696 -7.895321369171143 10
    vertex -2.1771349906921387 -7.1770524978637695 10
  endloop
endfacet
facet normal 0 0 0
  outer loop
    vertex -1.5704771280288696 -7.895321369171143 7
    vertex -1.5704771280288696 -7.895321369171143 10
    vertex -2.336791753768921 -7.703369617462158 10
  endloop
endfacet
facet normal 0 0 0
  outer loop
    vertex -2.1771349906921387 -7.1770524978637695 10
    vertex -1.5704771280288696 -7.895321369171143 10
    vertex -1.4631774425506592 -7.355889797210693 10
  endloop
endfacet
facet normal 0 0 0
  outer loop
    vertex -3.794743776321411 -7.099466323852539 7
    vertex 0.8113492727279663 -6.5 7
    vertex -3.080601692199707 -7.437230110168457 7
  endloop
endfacet
facet normal 0 0 0
  outer loop
    vertex -1.5704771280288696 -7.895321369171143 10
    vertex -0.7890380024909973 -8.011237144470215 10
    vertex -1.4631774425506592 -7.355889797210693 10
  endloop
endfacet
facet normal 0 0 0
  outer loop
    vertex -3.080601692199707 -7.437230110168457 7
    vertex 0.8113492727279663 -6.5 7
    vertex -2.336791753768921 -7.703369617462158 7
  endloop
endfacet
facet normal 0 0 0
  outer loop
    vertex -0.7890380024909973 -8.011237144470215 7
    vertex -0.7890380024909973 -8.011237144470215 10
    vertex -1.5704771280288696 -7.895321369171143 10
  endloop
endfacet
facet normal 0 0 0
  outer loop
    vertex -0.7890380024909973 -8.011237144470215 7
    vertex 0 -8.050000190734863 7
    vertex -0.7890380024909973 -8.011237144470215 10
  endloop
endfacet
facet normal 0 0 0
  outer loop
    vertex -0.7890380024909973 -8.011237144470215 10
    vertex 0 -8.050000190734863 7
    vertex 0 -8.050000190734863 10
  endloop
endfacet
facet normal 0 0 0
  outer loop
    vertex -2.336791753768921 -7.703369617462158 7
    vertex 0.8113492727279663 -6.5 7
    vertex -1.5704771280288696 -7.895321369171143 7
  endloop
endfacet
facet normal 0 0 0
  outer loop
    vertex -1.4631774425506592 -7.355889797210693 10
    vertex -0.7890380024909973 -8.011237144470215 10
    vertex -0.7351285815238953 -7.463885307312012 10
  endloop
endfacet
facet normal 0 0 0
  outer loop
    vertex -1.5704771280288696 -7.895321369171143 7
    vertex 0.8113492727279663 -6.5 7
    vertex -0.7890380024909973 -8.011237144470215 7
  endloop
endfacet
facet normal 0 0 0
  outer loop
    vertex -0.7890380024909973 -8.011237144470215 10
    vertex 0 -8.050000190734863 10
    vertex -0.7351285815238953 -7.463885307312012 10
  endloop
endfacet
facet normal 0 0 0
  outer loop
    vertex -0.7351285815238953 -7.463885307312012 10
    vertex 0 -8.050000190734863 10
    vertex 0 -7.5 10
  endloop
endfacet
facet normal 0 0 0
  outer loop
    vertex -3.794743776321411 -7.099466323852539 7
    vertex -3.726356267929077 -6.5 7
    vertex 0.8113492727279663 -6.5 7
  endloop
endfacet
facet normal 0 0 0
  outer loop
    vertex -8.011237144470215 -0.7890380024909973 7
    vertex -8.050000190734863 0 7
    vertex -8.011237144470215 0.7890380024909973 7
  endloop
endfacet
facet normal 0 0 0
  outer loop
    vertex -8.011237144470215 -0.7890380024909973 7
    vertex -8.011237144470215 0.7890380024909973 7
    vertex -7.895321369171143 1.5704771280288696 7
  endloop
endfacet
facet normal 0 0 0
  outer loop
    vertex -8.050000190734863 0 7
    vertex -8.011237144470215 0.7890380024909973 10
    vertex -8.011237144470215 0.7890380024909973 7
  endloop
endfacet
facet normal 0 0 0
  outer loop
    vertex -8.050000190734863 0 7
    vertex -8.050000190734863 0 10
    vertex -8.011237144470215 0.7890380024909973 10
  endloop
endfacet
facet normal 0 0 0
  outer loop
    vertex -8.011237144470215 -0.7890380024909973 10
    vertex -8.011237144470215 0.7890380024909973 10
    vertex -8.050000190734863 0 10
  endloop
endfacet
facet normal 0 0 0
  outer loop
    vertex -8.011237144470215 -0.7890380024909973 10
    vertex -7.895321369171143 1.5704771280288696 10
    vertex -8.011237144470215 0.7890380024909973 10
  endloop
endfacet
facet normal 0 0 0
  outer loop
    vertex -8.011237144470215 0.7890380024909973 7
    vertex -8.011237144470215 0.7890380024909973 10
    vertex -7.895321369171143 1.5704771280288696 10
  endloop
endfacet
facet normal 0 0 0
  outer loop
    vertex -8.011237144470215 0.7890380024909973 7
    vertex -7.895321369171143 1.5704771280288696 10
    vertex -7.895321369171143 1.5704771280288696 7
  endloop
endfacet
facet normal 0 0 0
  outer loop
    vertex -7.703369617462158 -2.336791753768921 7
    vertex -7.437230110168457 3.080601692199707 7
    vertex -7.463885307312012 0.7351285815238953 7
  endloop
endfacet
facet normal 0 0 0
  outer loop
    vertex -7.703369617462158 -2.336791753768921 10
    vertex -7.463885307312012 0.7351285815238953 10
    vertex -7.437230110168457 3.080601692199707 10
  endloop
endfacet
facet normal 0 0 0
  outer loop
    vertex -7.895321369171143 -1.5704771280288696 7
    vertex -7.895321369171143 1.5704771280288696 7
    vertex -7.703369617462158 2.336791753768921 7
  endloop
endfacet
facet normal 0 0 0
  outer loop
    vertex -7.703369617462158 -2.336791753768921 7
    vertex -7.703369617462158 2.336791753768921 7
    vertex -7.437230110168457 3.080601692199707 7
  endloop
endfacet
facet normal 0 0 0
  outer loop
    vertex -7.895321369171143 -1.5704771280288696 10
    vertex -7.703369617462158 2.336791753768921 10
    vertex -7.895321369171143 1.5704771280288696 10
  endloop
endfacet
facet normal 0 0 0
  outer loop
    vertex -7.703369617462158 -2.336791753768921 10
    vertex -7.437230110168457 3.080601692199707 10
    vertex -7.703369617462158 2.336791753768921 10
  endloop
endfacet
facet normal 0 0 0
  outer loop
    vertex -7.895321369171143 1.5704771280288696 7
    vertex -7.703369617462158 2.336791753768921 10
    vertex -7.703369617462158 2.336791753768921 7
  endloop
endfacet
facet normal 0 0 0
  outer loop
    vertex -7.463885307312012 0.7351285815238953 7
    vertex -7.437230110168457 3.080601692199707 7
    vertex -7.355889797210693 1.4631774425506592 7
  endloop
endfacet
facet normal 0 0 0
  outer loop
    vertex -7.895321369171143 1.5704771280288696 7
    vertex -7.895321369171143 1.5704771280288696 10
    vertex -7.703369617462158 2.336791753768921 10
  endloop
endfacet
facet normal 0 0 0
  outer loop
    vertex -7.463885307312012 0.7351285815238953 10
    vertex -7.355889797210693 1.4631774425506592 10
    vertex -7.437230110168457 3.080601692199707 10
  endloop
endfacet
facet normal 0 0 0
  outer loop
    vertex -7.355889797210693 1.4631774425506592 10
    vertex -7.1770524978637695 2.1771349906921387 10
    vertex -7.437230110168457 3.080601692199707 10
  endloop
endfacet
facet normal 0 0 0
  outer loop
    vertex -7.703369617462158 2.336791753768921 7
    vertex -7.703369617462158 2.336791753768921 10
    vertex -7.437230110168457 3.080601692199707 10
  endloop
endfacet
facet normal 0 0 0
  outer loop
    vertex -7.703369617462158 2.336791753768921 7
    vertex -7.437230110168457 3.080601692199707 10
    vertex -7.437230110168457 3.080601692199707 7
  endloop
endfacet
facet normal 0 0 0
  outer loop
    vertex -7.437230110168457 3.080601692199707 7
    vertex -7.437230110168457 3.080601692199707 10
    vertex -7.099466323852539 3.794743776321411 10
  endloop
endfacet
facet normal 0 0 0
  outer loop
    vertex -7.355889797210693 1.4631774425506592 7
    vertex -7.099466323852539 3.794743776321411 7
    vertex -7.1770524978637695 2.1771349906921387 7
  endloop
endfacet
facet normal 0 0 0
  outer loop
    vertex -7.355889797210693 1.4631774425506592 7
    vertex -7.437230110168457 3.080601692199707 7
    vertex -7.099466323852539 3.794743776321411 7
  endloop
endfacet
facet normal 0 0 0
  outer loop
    vertex -7.1770524978637695 2.1771349906921387 7
    vertex -7.099466323852539 3.794743776321411 7
    vertex -6.929096698760986 2.8701257705688477 7
  endloop
endfacet
facet normal 0 0 0
  outer loop
    vertex -7.1770524978637695 2.1771349906921387 10
    vertex -7.099466323852539 3.794743776321411 10
    vertex -7.437230110168457 3.080601692199707 10
  endloop
endfacet
facet normal 0 0 0
  outer loop
    vertex -7.1770524978637695 2.1771349906921387 10
    vertex -6.929096698760986 2.8701257705688477 10
    vertex -7.099466323852539 3.794743776321411 10
  endloop
endfacet
facet normal 0 0 0
  outer loop
    vertex -7.437230110168457 3.080601692199707 7
    vertex -7.099466323852539 3.794743776321411 10
    vertex -7.099466323852539 3.794743776321411 7
  endloop
endfacet
facet normal 0 0 0
  outer loop
    vertex -7.099466323852539 3.794743776321411 7
    vertex -6.69333028793335 4.4723405838012695 7
    vertex -6.929096698760986 2.8701257705688477 7
  endloop
endfacet
facet normal 0 0 0
  outer loop
    vertex -7.099466323852539 3.794743776321411 10
    vertex -6.929096698760986 2.8701257705688477 10
    vertex -6.614409446716309 3.535475492477417 10
  endloop
endfacet
facet normal 0 0 0
  outer loop
    vertex -7.099466323852539 3.794743776321411 10
    vertex -6.614409446716309 3.535475492477417 10
    vertex -6.69333028793335 4.4723405838012695 10
  endloop
endfacet
facet normal 0 0 0
  outer loop
    vertex -7.099466323852539 3.794743776321411 7
    vertex -6.69333028793335 4.4723405838012695 10
    vertex -6.69333028793335 4.4723405838012695 7
  endloop
endfacet
facet normal 0 0 0
  outer loop
    vertex -7.099466323852539 3.794743776321411 7
    vertex -7.099466323852539 3.794743776321411 10
    vertex -6.69333028793335 4.4723405838012695 10
  endloop
endfacet
facet normal 0 0 0
  outer loop
    vertex -6.929096698760986 2.8701257705688477 7
    vertex -6.69333028793335 4.4723405838012695 7
    vertex -6.614409446716309 3.535475492477417 7
  endloop
endfacet
facet normal 0 0 0
  outer loop
    vertex -6.614409446716309 3.535475492477417 7
    vertex -6.69333028793335 4.4723405838012695 7
    vertex -6.222733974456787 5.106865882873535 7
  endloop
endfacet
facet normal 0 0 0
  outer loop
    vertex -6.614409446716309 3.535475492477417 7
    vertex -6.222733974456787 5.106865882873535 7
    vertex -6.236021995544434 4.166776657104492 7
  endloop
endfacet
facet normal 0 0 0
  outer loop
    vertex -6.614409446716309 3.535475492477417 10
    vertex -6.236021995544434 4.166776657104492 10
    vertex -6.69333028793335 4.4723405838012695 10
  endloop
endfacet
facet normal 0 0 0
  outer loop
    vertex -6.69333028793335 4.4723405838012695 10
    vertex -6.236021995544434 4.166776657104492 10
    vertex -5.79757833480835 4.7579498291015625 10
  endloop
endfacet
facet normal 0 0 0
  outer loop
    vertex -6.69333028793335 4.4723405838012695 7
    vertex -6.222733974456787 5.106865882873535 10
    vertex -6.222733974456787 5.106865882873535 7
  endloop
endfacet
facet normal 0 0 0
  outer loop
    vertex -6.69333028793335 4.4723405838012695 7
    vertex -6.69333028793335 4.4723405838012695 10
    vertex -6.222733974456787 5.106865882873535 10
  endloop
endfacet
facet normal 0 0 0
  outer loop
    vertex -6.69333028793335 4.4723405838012695 10
    vertex -5.79757833480835 4.7579498291015625 10
    vertex -6.222733974456787 5.106865882873535 10
  endloop
endfacet
facet normal 0 0 0
  outer loop
    vertex -6.236021995544434 4.166776657104492 7
    vertex -6.222733974456787 5.106865882873535 7
    vertex -5.79757833480835 4.7579498291015625 7
  endloop
endfacet
facet normal 0 0 0
  outer loop
    vertex -6.222733974456787 5.106865882873535 10
    vertex -5.79757833480835 4.7579498291015625 10
    vertex -5.303300857543945 5.303300857543945 10
  endloop
endfacet
facet normal 0 0 0
  outer loop
    vertex -6.222733974456787 5.106865882873535 7
    vertex -5.692209720611572 5.692209720611572 7
    vertex -5.79757833480835 4.7579498291015625 7
  endloop
endfacet
facet normal 0 0 0
  outer loop
    vertex -6.222733974456787 5.106865882873535 7
    vertex -5.692209720611572 5.692209720611572 10
    vertex -5.692209720611572 5.692209720611572 7
  endloop
endfacet
facet normal 0 0 0
  outer loop
    vertex -6.222733974456787 5.106865882873535 7
    vertex -6.222733974456787 5.106865882873535 10
    vertex -5.692209720611572 5.692209720611572 10
  endloop
endfacet
facet normal 0 0 0
  outer loop
    vertex -6.222733974456787 5.106865882873535 10
    vertex -5.303300857543945 5.303300857543945 10
    vertex -5.692209720611572 5.692209720611572 10
  endloop
endfacet
facet normal 0 0 0
  outer loop
    vertex -5.79757833480835 4.7579498291015625 7
    vertex -5.692209720611572 5.692209720611572 7
    vertex -5.303300857543945 5.303300857543945 7
  endloop
endfacet
facet normal 0 0 0
  outer loop
    vertex -5.692209720611572 5.692209720611572 10
    vertex -5.303300857543945 5.303300857543945 10
    vertex -4.7579498291015625 5.79757833480835 10
  endloop
endfacet
facet normal 0 0 0
  outer loop
    vertex -5.692209720611572 5.692209720611572 7
    vertex -5.106865882873535 6.222733974456787 7
    vertex -5.303300857543945 5.303300857543945 7
  endloop
endfacet
facet normal 0 0 0
  outer loop
    vertex -5.692209720611572 5.692209720611572 7
    vertex -5.106865882873535 6.222733974456787 10
    vertex -5.106865882873535 6.222733974456787 7
  endloop
endfacet
facet normal 0 0 0
  outer loop
    vertex -5.692209720611572 5.692209720611572 7
    vertex -5.692209720611572 5.692209720611572 10
    vertex -5.106865882873535 6.222733974456787 10
  endloop
endfacet
facet normal 0 0 0
  outer loop
    vertex -5.692209720611572 5.692209720611572 10
    vertex -4.7579498291015625 5.79757833480835 10
    vertex -5.106865882873535 6.222733974456787 10
  endloop
endfacet
facet normal 0 0 0
  outer loop
    vertex -5.303300857543945 5.303300857543945 7
    vertex -5.106865882873535 6.222733974456787 7
    vertex -4.7579498291015625 5.79757833480835 7
  endloop
endfacet
facet normal 0 0 0
  outer loop
    vertex -4.7579498291015625 5.79757833480835 10
    vertex -4.166776657104492 6.236021995544434 10
    vertex -5.106865882873535 6.222733974456787 10
  endloop
endfacet
facet normal 0 0 0
  outer loop
    vertex -4.7579498291015625 5.79757833480835 7
    vertex -5.106865882873535 6.222733974456787 7
    vertex -4.4723405838012695 6.69333028793335 7
  endloop
endfacet
facet normal 0 0 0
  outer loop
    vertex -5.106865882873535 6.222733974456787 7
    vertex -4.4723405838012695 6.69333028793335 10
    vertex -4.4723405838012695 6.69333028793335 7
  endloop
endfacet
facet normal 0 0 0
  outer loop
    vertex -5.106865882873535 6.222733974456787 7
    vertex -5.106865882873535 6.222733974456787 10
    vertex -4.4723405838012695 6.69333028793335 10
  endloop
endfacet
facet normal 0 0 0
  outer loop
    vertex -5.106865882873535 6.222733974456787 10
    vertex -4.166776657104492 6.236021995544434 10
    vertex -4.4723405838012695 6.69333028793335 10
  endloop
endfacet
facet normal 0 0 0
  outer loop
    vertex -4.7579498291015625 5.79757833480835 7
    vertex -4.4723405838012695 6.69333028793335 7
    vertex -4.166776657104492 6.236021995544434 7
  endloop
endfacet
facet normal 0 0 0
  outer loop
    vertex -4.166776657104492 6.236021995544434 7
    vertex -4.4723405838012695 6.69333028793335 7
    vertex -3.794743776321411 7.099466323852539 7
  endloop
endfacet
facet normal 0 0 0
  outer loop
    vertex -4.166776657104492 6.236021995544434 10
    vertex -3.535475492477417 6.614409446716309 10
    vertex -4.4723405838012695 6.69333028793335 10
  endloop
endfacet
facet normal 0 0 0
  outer loop
    vertex -4.166776657104492 6.236021995544434 7
    vertex -3.794743776321411 7.099466323852539 7
    vertex -3.726356267929077 6.5 7
  endloop
endfacet
facet normal 0 0 0
  outer loop
    vertex -3.726356267929077 6.5 7
    vertex -3.794743776321411 7.099466323852539 7
    vertex -3.1250579357147217 6.532303810119629 7
  endloop
endfacet
facet normal 0 0 0
  outer loop
    vertex -3.726356267929077 6.5 7
    vertex -3.1250579357147217 6.532303810119629 7
    vertex -3.1266448497772217 6.5 7
  endloop
endfacet
facet normal 0 0 0
  outer loop
    vertex -3.080601692199707 6.5 7
    vertex -3.080601692199707 6.553329944610596 7
    vertex -2.3792288303375244 6.839540958404541 7
  endloop
endfacet
facet normal 0 0 0
  outer loop
    vertex -3.080601692199707 6.5 7
    vertex -2.3792288303375244 6.839540958404541 7
    vertex -2.395909309387207 6.5 7
  endloop
endfacet
facet normal 0 0 0
  outer loop
    vertex -4.4723405838012695 6.69333028793335 7
    vertex -3.794743776321411 7.099466323852539 10
    vertex -3.794743776321411 7.099466323852539 7
  endloop
endfacet
facet normal 0 0 0
  outer loop
    vertex -4.4723405838012695 6.69333028793335 7
    vertex -4.4723405838012695 6.69333028793335 10
    vertex -3.794743776321411 7.099466323852539 10
  endloop
endfacet
facet normal 0 0 0
  outer loop
    vertex -4.4723405838012695 6.69333028793335 10
    vertex -3.535475492477417 6.614409446716309 10
    vertex -3.794743776321411 7.099466323852539 10
  endloop
endfacet
facet normal 0 0 0
  outer loop
    vertex -3.535475492477417 6.614409446716309 10
    vertex -2.8701257705688477 6.929096698760986 10
    vertex -3.794743776321411 7.099466323852539 10
  endloop
endfacet
facet normal 0 0 0
  outer loop
    vertex -3.794743776321411 7.099466323852539 7
    vertex -3.794743776321411 7.099466323852539 10
    vertex -3.080601692199707 7.437230110168457 10
  endloop
endfacet
facet normal 0 0 0
  outer loop
    vertex -3.1250579357147217 6.532303810119629 7
    vertex -3.794743776321411 7.099466323852539 7
    vertex -3.080601692199707 7.437230110168457 7
  endloop
endfacet
facet normal 0 0 0
  outer loop
    vertex -3.1250579357147217 6.532303810119629 7
    vertex -3.080601692199707 7.437230110168457 7
    vertex -3.080601692199707 6.553329944610596 7
  endloop
endfacet
facet normal 0 0 0
  outer loop
    vertex -3.080601692199707 6.553329944610596 7
    vertex -3.080601692199707 7.437230110168457 7
    vertex -2.3792288303375244 6.839540958404541 7
  endloop
endfacet
facet normal 0 0 0
  outer loop
    vertex -3.794743776321411 7.099466323852539 10
    vertex -2.8701257705688477 6.929096698760986 10
    vertex -3.080601692199707 7.437230110168457 10
  endloop
endfacet
facet normal 0 0 0
  outer loop
    vertex -3.794743776321411 7.099466323852539 7
    vertex -3.080601692199707 7.437230110168457 10
    vertex -3.080601692199707 7.437230110168457 7
  endloop
endfacet
facet normal 0 0 0
  outer loop
    vertex -3.080601692199707 7.437230110168457 7
    vertex -3.080601692199707 7.437230110168457 10
    vertex -2.336791753768921 7.703369617462158 10
  endloop
endfacet
facet normal 0 0 0
  outer loop
    vertex -2.3792288303375244 6.839540958404541 7
    vertex -2.336791753768921 7.703369617462158 7
    vertex -2.336791753768921 6.854724884033203 7
  endloop
endfacet
facet normal 0 0 0
  outer loop
    vertex -3.080601692199707 7.437230110168457 10
    vertex -2.8701257705688477 6.929096698760986 10
    vertex -2.1771349906921387 7.1770524978637695 10
  endloop
endfacet
facet normal 0 0 0
  outer loop
    vertex -3.080601692199707 7.437230110168457 7
    vertex -2.336791753768921 7.703369617462158 7
    vertex -2.3792288303375244 6.839540958404541 7
  endloop
endfacet
facet normal 0 0 0
  outer loop
    vertex -3.080601692199707 7.437230110168457 7
    vertex -2.336791753768921 7.703369617462158 10
    vertex -2.336791753768921 7.703369617462158 7
  endloop
endfacet
facet normal 0 0 0
  outer loop
    vertex -3.080601692199707 7.437230110168457 10
    vertex -2.1771349906921387 7.1770524978637695 10
    vertex -2.336791753768921 7.703369617462158 10
  endloop
endfacet
facet normal 0 0 0
  outer loop
    vertex -2.336791753768921 6.5 7
    vertex -1.6114481687545776 7.061336517333984 7
    vertex -1.6390248537063599 6.5 7
  endloop
endfacet
facet normal 0 0 0
  outer loop
    vertex -1.5704771280288696 6.5 7
    vertex -0.829012930393219 7.197527885437012 7
    vertex -0.8632802963256836 6.5 7
  endloop
endfacet
facet normal 0 0 0
  outer loop
    vertex -2.336791753768921 6.5 7
    vertex -2.336791753768921 6.854724884033203 7
    vertex -1.6114481687545776 7.061336517333984 7
  endloop
endfacet
facet normal 0 0 0
  outer loop
    vertex -2.336791753768921 6.854724884033203 7
    vertex -2.336791753768921 7.703369617462158 7
    vertex -1.6114481687545776 7.061336517333984 7
  endloop
endfacet
facet normal 0 0 0
  outer loop
    vertex -2.336791753768921 7.703369617462158 7
    vertex -1.5704771280288696 7.895321369171143 7
    vertex -1.6114481687545776 7.061336517333984 7
  endloop
endfacet
facet normal 0 0 0
  outer loop
    vertex -2.336791753768921 7.703369617462158 7
    vertex -1.5704771280288696 7.895321369171143 10
    vertex -1.5704771280288696 7.895321369171143 7
  endloop
endfacet
facet normal 0 0 0
  outer loop
    vertex -2.1771349906921387 7.1770524978637695 10
    vertex -1.4631774425506592 7.355889797210693 10
    vertex -2.336791753768921 7.703369617462158 10
  endloop
endfacet
facet normal 0 0 0
  outer loop
    vertex -2.336791753768921 7.703369617462158 7
    vertex -2.336791753768921 7.703369617462158 10
    vertex -1.5704771280288696 7.895321369171143 10
  endloop
endfacet
facet normal 0 0 0
  outer loop
    vertex -2.336791753768921 7.703369617462158 10
    vertex -1.4631774425506592 7.355889797210693 10
    vertex -1.5704771280288696 7.895321369171143 10
  endloop
endfacet
facet normal 0 0 0
  outer loop
    vertex -1.5704771280288696 6.5 7
    vertex -1.5704771280288696 7.071599006652832 7
    vertex -0.829012930393219 7.197527885437012 7
  endloop
endfacet
facet normal 0 0 0
  outer loop
    vertex -1.6114481687545776 7.061336517333984 7
    vertex -1.5704771280288696 7.895321369171143 7
    vertex -1.5704771280288696 7.071599006652832 7
  endloop
endfacet
facet normal 0 0 0
  outer loop
    vertex -1.5704771280288696 7.071599006652832 7
    vertex -1.5704771280288696 7.895321369171143 7
    vertex -0.829012930393219 7.197527885437012 7
  endloop
endfacet
facet normal 0 0 0
  outer loop
    vertex -1.5704771280288696 7.895321369171143 10
    vertex -1.4631774425506592 7.355889797210693 10
    vertex -0.7351285815238953 7.463885307312012 10
  endloop
endfacet
facet normal 0 0 0
  outer loop
    vertex -1.5704771280288696 7.895321369171143 7
    vertex -1.5704771280288696 7.895321369171143 10
    vertex -0.7890380024909973 8.011237144470215 10
  endloop
endfacet
facet normal 0 0 0
  outer loop
    vertex -1.5704771280288696 7.895321369171143 7
    vertex -0.7890380024909973 8.011237144470215 7
    vertex -0.829012930393219 7.197527885437012 7
  endloop
endfacet
facet normal 0 0 0
  outer loop
    vertex -0.829012930393219 7.197527885437012 7
    vertex -0.7890380024909973 8.011237144470215 7
    vertex -0.7890380024909973 7.203457832336426 7
  endloop
endfacet
facet normal 0 0 0
  outer loop
    vertex -1.5704771280288696 7.895321369171143 10
    vertex -0.7351285815238953 7.463885307312012 10
    vertex -0.7890380024909973 8.011237144470215 10
  endloop
endfacet
facet normal 0 0 0
  outer loop
    vertex -0.7890380024909973 6.5 7
    vertex -0.7890380024909973 7.203457832336426 7
    vertex 0.7496414184570312 7.209301471710205 7
  endloop
endfacet
facet normal 0 0 0
  outer loop
    vertex -0.7890380024909973 7.203457832336426 7
    vertex -0.7890380024909973 8.011237144470215 7
    vertex 0.7496414184570312 7.209301471710205 7
  endloop
endfacet
facet normal 0 0 0
  outer loop
    vertex -0.7351285815238953 7.463885307312012 10
    vertex 0 7.5 10
    vertex -0.7890380024909973 8.011237144470215 10
  endloop
endfacet
facet normal 0 0 0
  outer loop
    vertex -0.7890380024909973 8.011237144470215 10
    vertex 0 7.5 10
    vertex 0 8.050000190734863 10
  endloop
endfacet
facet normal 0 0 0
  outer loop
    vertex -1.5704771280288696 7.895321369171143 7
    vertex -0.7890380024909973 8.011237144470215 10
    vertex -0.7890380024909973 8.011237144470215 7
  endloop
endfacet
facet normal 0 0 0
  outer loop
    vertex -0.7890380024909973 8.011237144470215 7
    vertex 0 8.050000190734863 10
    vertex 0 8.050000190734863 7
  endloop
endfacet
facet normal 0 0 0
  outer loop
    vertex -0.7890380024909973 8.011237144470215 7
    vertex -0.7890380024909973 8.011237144470215 10
    vertex 0 8.050000190734863 10
  endloop
endfacet
facet normal 0 0 0
  outer loop
    vertex 0 -8.050000190734863 7
    vertex 0.7890380024909973 -8.011237144470215 7
    vertex 0 -8.050000190734863 10
  endloop
endfacet
facet normal 0 0 0
  outer loop
    vertex 0.7890380024909973 -8.011237144470215 7
    vertex 0.7890380024909973 -8.011237144470215 10
    vertex 0 -8.050000190734863 10
  endloop
endfacet
facet normal 0 0 0
  outer loop
    vertex 0.7890380024909973 -8.011237144470215 7
    vertex 1.5704771280288696 -7.895321369171143 7
    vertex 0.7890380024909973 -8.011237144470215 10
  endloop
endfacet
facet normal 0 0 0
  outer loop
    vertex -0.7890380024909973 -8.011237144470215 7
    vertex 0.8113492727279663 -6.5 7
    vertex 0 -8.050000190734863 7
  endloop
endfacet
facet normal 0 0 0
  outer loop
    vertex 0 -8.050000190734863 7
    vertex 0.8113492727279663 -6.5 7
    vertex 0.7890380024909973 -8.011237144470215 7
  endloop
endfacet
facet normal 0 0 0
  outer loop
    vertex 0 -8.050000190734863 10
    vertex 0.7890380024909973 -8.011237144470215 10
    vertex 0 -7.5 10
  endloop
endfacet
facet normal 0 0 0
  outer loop
    vertex 0 -7.5 10
    vertex 0.7890380024909973 -8.011237144470215 10
    vertex 0.7351285815238953 -7.463885307312012 10
  endloop
endfacet
facet normal 0 0 0
  outer loop
    vertex 0.7890380024909973 -8.011237144470215 7
    vertex 0.829012930393219 -7.197527885437012 7
    vertex 1.5704771280288696 -7.895321369171143 7
  endloop
endfacet
facet normal 0 0 0
  outer loop
    vertex 0.7890380024909973 -8.011237144470215 10
    vertex 1.5704771280288696 -7.895321369171143 10
    vertex 0.7351285815238953 -7.463885307312012 10
  endloop
endfacet
facet normal 0 0 0
  outer loop
    vertex 0.7890380024909973 -8.011237144470215 7
    vertex 0.8113492727279663 -6.5 7
    vertex 0.829012930393219 -7.197527885437012 7
  endloop
endfacet
facet normal 0 0 0
  outer loop
    vertex 1.5704771280288696 -7.895321369171143 7
    vertex 1.5704771280288696 -7.895321369171143 10
    vertex 0.7890380024909973 -8.011237144470215 10
  endloop
endfacet
facet normal 0 0 0
  outer loop
    vertex 0.7351285815238953 -7.463885307312012 10
    vertex 1.5704771280288696 -7.895321369171143 10
    vertex 1.4631774425506592 -7.355889797210693 10
  endloop
endfacet
facet normal 0 0 0
  outer loop
    vertex 0.829012930393219 -7.197527885437012 7
    vertex 1.6040946245193481 -6.5 7
    vertex 1.5704771280288696 -7.895321369171143 7
  endloop
endfacet
facet normal 0 0 0
  outer loop
    vertex 1.5704771280288696 -7.895321369171143 7
    vertex 1.6040946245193481 -6.5 7
    vertex 1.6114481687545776 -7.061336517333984 7
  endloop
endfacet
facet normal 0 0 0
  outer loop
    vertex 1.5704771280288696 -7.895321369171143 7
    vertex 2.336791753768921 -7.703369617462158 7
    vertex 1.5704771280288696 -7.895321369171143 10
  endloop
endfacet
facet normal 0 0 0
  outer loop
    vertex 1.5704771280288696 -7.895321369171143 7
    vertex 1.6114481687545776 -7.061336517333984 7
    vertex 2.336791753768921 -7.703369617462158 7
  endloop
endfacet
facet normal 0 0 0
  outer loop
    vertex 1.4631774425506592 -7.355889797210693 10
    vertex 1.5704771280288696 -7.895321369171143 10
    vertex 2.336791753768921 -7.703369617462158 10
  endloop
endfacet
facet normal 0 0 0
  outer loop
    vertex 2.336791753768921 -7.703369617462158 7
    vertex 2.336791753768921 -7.703369617462158 10
    vertex 1.5704771280288696 -7.895321369171143 10
  endloop
endfacet
facet normal 0 0 0
  outer loop
    vertex 1.4631774425506592 -7.355889797210693 10
    vertex 2.336791753768921 -7.703369617462158 10
    vertex 2.1771349906921387 -7.1770524978637695 10
  endloop
endfacet
facet normal 0 0 0
  outer loop
    vertex 1.6114481687545776 -7.061336517333984 7
    vertex 2.3761160373687744 -6.5 7
    vertex 2.336791753768921 -7.703369617462158 7
  endloop
endfacet
facet normal 0 0 0
  outer loop
    vertex 0.829012930393219 -7.197527885437012 7
    vertex 0.8632802963256836 -6.5 7
    vertex 1.6040946245193481 -6.5 7
  endloop
endfacet
facet normal 0 0 0
  outer loop
    vertex 1.6114481687545776 -7.061336517333984 7
    vertex 1.6390248537063599 -6.5 7
    vertex 2.3761160373687744 -6.5 7
  endloop
endfacet
facet normal 0 0 0
  outer loop
    vertex 2.336791753768921 -7.703369617462158 7
    vertex 3.080601692199707 -7.437230110168457 7
    vertex 2.336791753768921 -7.703369617462158 10
  endloop
endfacet
facet normal 0 0 0
  outer loop
    vertex 2.336791753768921 -7.703369617462158 7
    vertex 2.3792288303375244 -6.839540958404541 7
    vertex 3.080601692199707 -7.437230110168457 7
  endloop
endfacet
facet normal 0 0 0
  outer loop
    vertex 2.336791753768921 -7.703369617462158 10
    vertex 3.080601692199707 -7.437230110168457 10
    vertex 2.1771349906921387 -7.1770524978637695 10
  endloop
endfacet
facet normal 0 0 0
  outer loop
    vertex 2.336791753768921 -7.703369617462158 7
    vertex 2.3761160373687744 -6.5 7
    vertex 2.3792288303375244 -6.839540958404541 7
  endloop
endfacet
facet normal 0 0 0
  outer loop
    vertex 2.1771349906921387 -7.1770524978637695 10
    vertex 3.080601692199707 -7.437230110168457 10
    vertex 2.8701257705688477 -6.929096698760986 10
  endloop
endfacet
facet normal 0 0 0
  outer loop
    vertex 3.080601692199707 -7.437230110168457 7
    vertex 3.794743776321411 -7.099466323852539 7
    vertex 3.080601692199707 -7.437230110168457 10
  endloop
endfacet
facet normal 0 0 0
  outer loop
    vertex 3.080601692199707 -7.437230110168457 7
    vertex 3.080601692199707 -7.437230110168457 10
    vertex 2.336791753768921 -7.703369617462158 10
  endloop
endfacet
facet normal 0 0 0
  outer loop
    vertex 2.3792288303375244 -6.839540958404541 7
    vertex 3.726356267929077 -6.5 7
    vertex 3.080601692199707 -7.437230110168457 7
  endloop
endfacet
facet normal 0 0 0
  outer loop
    vertex 2.8701257705688477 -6.929096698760986 10
    vertex 3.080601692199707 -7.437230110168457 10
    vertex 3.794743776321411 -7.099466323852539 10
  endloop
endfacet
facet normal 0 0 0
  outer loop
    vertex 3.080601692199707 -7.437230110168457 7
    vertex 3.726356267929077 -6.5 7
    vertex 3.794743776321411 -7.099466323852539 7
  endloop
endfacet
facet normal 0 0 0
  outer loop
    vertex 3.794743776321411 -7.099466323852539 7
    vertex 3.794743776321411 -7.099466323852539 10
    vertex 3.080601692199707 -7.437230110168457 10
  endloop
endfacet
facet normal 0 0 0
  outer loop
    vertex 2.8701257705688477 -6.929096698760986 10
    vertex 3.794743776321411 -7.099466323852539 10
    vertex 3.535475492477417 -6.614409446716309 10
  endloop
endfacet
facet normal 0 0 0
  outer loop
    vertex 3.794743776321411 -7.099466323852539 10
    vertex 4.4723405838012695 -6.69333028793335 10
    vertex 3.535475492477417 -6.614409446716309 10
  endloop
endfacet
facet normal 0 0 0
  outer loop
    vertex 3.794743776321411 -7.099466323852539 7
    vertex 4.4723405838012695 -6.69333028793335 7
    vertex 3.794743776321411 -7.099466323852539 10
  endloop
endfacet
facet normal 0 0 0
  outer loop
    vertex 4.4723405838012695 -6.69333028793335 7
    vertex 4.4723405838012695 -6.69333028793335 10
    vertex 3.794743776321411 -7.099466323852539 10
  endloop
endfacet
facet normal 0 0 0
  outer loop
    vertex 2.3792288303375244 -6.839540958404541 7
    vertex 2.395909309387207 -6.5 7
    vertex 3.726356267929077 -6.5 7
  endloop
endfacet
facet normal 0 0 0
  outer loop
    vertex 3.794743776321411 -7.099466323852539 7
    vertex 3.726356267929077 -6.5 7
    vertex 4.166776657104492 -6.236021995544434 7
  endloop
endfacet
facet normal 0 0 0
  outer loop
    vertex 3.794743776321411 -7.099466323852539 7
    vertex 4.166776657104492 -6.236021995544434 7
    vertex 4.4723405838012695 -6.69333028793335 7
  endloop
endfacet
facet normal 0 0 0
  outer loop
    vertex 4.4723405838012695 -6.69333028793335 7
    vertex 4.166776657104492 -6.236021995544434 7
    vertex 4.7579498291015625 -5.79757833480835 7
  endloop
endfacet
facet normal 0 0 0
  outer loop
    vertex 3.535475492477417 -6.614409446716309 10
    vertex 4.4723405838012695 -6.69333028793335 10
    vertex 4.166776657104492 -6.236021995544434 10
  endloop
endfacet
facet normal 0 0 0
  outer loop
    vertex 4.4723405838012695 -6.69333028793335 7
    vertex 5.106865882873535 -6.222733974456787 7
    vertex 4.4723405838012695 -6.69333028793335 10
  endloop
endfacet
facet normal 0 0 0
  outer loop
    vertex 4.4723405838012695 -6.69333028793335 7
    vertex 4.7579498291015625 -5.79757833480835 7
    vertex 5.106865882873535 -6.222733974456787 7
  endloop
endfacet
facet normal 0 0 0
  outer loop
    vertex 4.4723405838012695 -6.69333028793335 10
    vertex 5.106865882873535 -6.222733974456787 10
    vertex 4.166776657104492 -6.236021995544434 10
  endloop
endfacet
facet normal 0 0 0
  outer loop
    vertex 5.106865882873535 -6.222733974456787 7
    vertex 5.106865882873535 -6.222733974456787 10
    vertex 4.4723405838012695 -6.69333028793335 10
  endloop
endfacet
facet normal 0 0 0
  outer loop
    vertex 5.106865882873535 -6.222733974456787 7
    vertex 4.7579498291015625 -5.79757833480835 7
    vertex 5.303300857543945 -5.303300857543945 7
  endloop
endfacet
facet normal 0 0 0
  outer loop
    vertex 4.166776657104492 -6.236021995544434 10
    vertex 5.106865882873535 -6.222733974456787 10
    vertex 4.7579498291015625 -5.79757833480835 10
  endloop
endfacet
facet normal 0 0 0
  outer loop
    vertex 5.106865882873535 -6.222733974456787 7
    vertex 5.692209720611572 -5.692209720611572 7
    vertex 5.106865882873535 -6.222733974456787 10
  endloop
endfacet
facet normal 0 0 0
  outer loop
    vertex 5.106865882873535 -6.222733974456787 7
    vertex 5.303300857543945 -5.303300857543945 7
    vertex 5.692209720611572 -5.692209720611572 7
  endloop
endfacet
facet normal 0 0 0
  outer loop
    vertex 5.106865882873535 -6.222733974456787 10
    vertex 5.692209720611572 -5.692209720611572 10
    vertex 4.7579498291015625 -5.79757833480835 10
  endloop
endfacet
facet normal 0 0 0
  outer loop
    vertex 5.692209720611572 -5.692209720611572 7
    vertex 5.692209720611572 -5.692209720611572 10
    vertex 5.106865882873535 -6.222733974456787 10
  endloop
endfacet
facet normal 0 0 0
  outer loop
    vertex 5.303300857543945 -5.303300857543945 7
    vertex 5.79757833480835 -4.7579498291015625 7
    vertex 5.692209720611572 -5.692209720611572 7
  endloop
endfacet
facet normal 0 0 0
  outer loop
    vertex 4.7579498291015625 -5.79757833480835 10
    vertex 5.692209720611572 -5.692209720611572 10
    vertex 5.303300857543945 -5.303300857543945 10
  endloop
endfacet
facet normal 0 0 0
  outer loop
    vertex 5.692209720611572 -5.692209720611572 7
    vertex 6.222733974456787 -5.106865882873535 7
    vertex 5.692209720611572 -5.692209720611572 10
  endloop
endfacet
facet normal 0 0 0
  outer loop
    vertex 5.692209720611572 -5.692209720611572 7
    vertex 5.79757833480835 -4.7579498291015625 7
    vertex 6.222733974456787 -5.106865882873535 7
  endloop
endfacet
facet normal 0 0 0
  outer loop
    vertex 5.303300857543945 -5.303300857543945 10
    vertex 5.692209720611572 -5.692209720611572 10
    vertex 6.222733974456787 -5.106865882873535 10
  endloop
endfacet
facet normal 0 0 0
  outer loop
    vertex 6.222733974456787 -5.106865882873535 7
    vertex 6.222733974456787 -5.106865882873535 10
    vertex 5.692209720611572 -5.692209720611572 10
  endloop
endfacet
facet normal 0 0 0
  outer loop
    vertex 5.79757833480835 -4.7579498291015625 7
    vertex 6.236021995544434 -4.166776657104492 7
    vertex 6.222733974456787 -5.106865882873535 7
  endloop
endfacet
facet normal 0 0 0
  outer loop
    vertex 5.303300857543945 -5.303300857543945 10
    vertex 6.222733974456787 -5.106865882873535 10
    vertex 5.79757833480835 -4.7579498291015625 10
  endloop
endfacet
facet normal 0 0 0
  outer loop
    vertex 6.222733974456787 -5.106865882873535 7
    vertex 6.69333028793335 -4.4723405838012695 7
    vertex 6.222733974456787 -5.106865882873535 10
  endloop
endfacet
facet normal 0 0 0
  outer loop
    vertex 6.222733974456787 -5.106865882873535 7
    vertex 6.236021995544434 -4.166776657104492 7
    vertex 6.69333028793335 -4.4723405838012695 7
  endloop
endfacet
facet normal 0 0 0
  outer loop
    vertex 5.79757833480835 -4.7579498291015625 10
    vertex 6.222733974456787 -5.106865882873535 10
    vertex 6.69333028793335 -4.4723405838012695 10
  endloop
endfacet
facet normal 0 0 0
  outer loop
    vertex 6.69333028793335 -4.4723405838012695 7
    vertex 6.69333028793335 -4.4723405838012695 10
    vertex 6.222733974456787 -5.106865882873535 10
  endloop
endfacet
facet normal 0 0 0
  outer loop
    vertex 6.236021995544434 -4.166776657104492 7
    vertex 6.614409446716309 -3.535475492477417 7
    vertex 6.69333028793335 -4.4723405838012695 7
  endloop
endfacet
facet normal 0 0 0
  outer loop
    vertex 5.79757833480835 -4.7579498291015625 10
    vertex 6.69333028793335 -4.4723405838012695 10
    vertex 6.236021995544434 -4.166776657104492 10
  endloop
endfacet
facet normal 0 0 0
  outer loop
    vertex 6.236021995544434 -4.166776657104492 10
    vertex 6.69333028793335 -4.4723405838012695 10
    vertex 6.614409446716309 -3.535475492477417 10
  endloop
endfacet
facet normal 0 0 0
  outer loop
    vertex 6.69333028793335 -4.4723405838012695 7
    vertex 6.614409446716309 -3.535475492477417 7
    vertex 6.929096698760986 -2.8701257705688477 7
  endloop
endfacet
facet normal 0 0 0
  outer loop
    vertex 6.69333028793335 -4.4723405838012695 7
    vertex 7.099466323852539 -3.794743776321411 7
    vertex 6.69333028793335 -4.4723405838012695 10
  endloop
endfacet
facet normal 0 0 0
  outer loop
    vertex 7.099466323852539 -3.794743776321411 7
    vertex 7.099466323852539 -3.794743776321411 10
    vertex 6.69333028793335 -4.4723405838012695 10
  endloop
endfacet
facet normal 0 0 0
  outer loop
    vertex 6.69333028793335 -4.4723405838012695 7
    vertex 6.929096698760986 -2.8701257705688477 7
    vertex 7.099466323852539 -3.794743776321411 7
  endloop
endfacet
facet normal 0 0 0
  outer loop
    vertex 7.099466323852539 -3.794743776321411 7
    vertex 7.437230110168457 -3.080601692199707 7
    vertex 7.099466323852539 -3.794743776321411 10
  endloop
endfacet
facet normal 0 0 0
  outer loop
    vertex 6.69333028793335 -4.4723405838012695 10
    vertex 7.099466323852539 -3.794743776321411 10
    vertex 6.614409446716309 -3.535475492477417 10
  endloop
endfacet
facet normal 0 0 0
  outer loop
    vertex 6.614409446716309 -3.535475492477417 10
    vertex 7.099466323852539 -3.794743776321411 10
    vertex 6.929096698760986 -2.8701257705688477 10
  endloop
endfacet
facet normal 0 0 0
  outer loop
    vertex 6.929096698760986 -2.8701257705688477 7
    vertex 7.1770524978637695 -2.1771349906921387 7
    vertex 7.099466323852539 -3.794743776321411 7
  endloop
endfacet
facet normal 0 0 0
  outer loop
    vertex 6.929096698760986 -2.8701257705688477 10
    vertex 7.099466323852539 -3.794743776321411 10
    vertex 7.1770524978637695 -2.1771349906921387 10
  endloop
endfacet
facet normal 0 0 0
  outer loop
    vertex 7.099466323852539 -3.794743776321411 10
    vertex 7.437230110168457 -3.080601692199707 10
    vertex 7.1770524978637695 -2.1771349906921387 10
  endloop
endfacet
facet normal 0 0 0
  outer loop
    vertex 7.099466323852539 -3.794743776321411 7
    vertex 7.355889797210693 -1.4631774425506592 7
    vertex 7.437230110168457 -3.080601692199707 7
  endloop
endfacet
facet normal 0 0 0
  outer loop
    vertex 7.099466323852539 -3.794743776321411 7
    vertex 7.1770524978637695 -2.1771349906921387 7
    vertex 7.355889797210693 -1.4631774425506592 7
  endloop
endfacet
facet normal 0 0 0
  outer loop
    vertex 7.437230110168457 -3.080601692199707 7
    vertex 7.703369617462158 -2.336791753768921 7
    vertex 7.437230110168457 -3.080601692199707 10
  endloop
endfacet
facet normal 0 0 0
  outer loop
    vertex 7.437230110168457 -3.080601692199707 7
    vertex 7.437230110168457 -3.080601692199707 10
    vertex 7.099466323852539 -3.794743776321411 10
  endloop
endfacet
facet normal 0 0 0
  outer loop
    vertex 7.703369617462158 -2.336791753768921 7
    vertex 7.703369617462158 -2.336791753768921 10
    vertex 7.437230110168457 -3.080601692199707 10
  endloop
endfacet
facet normal 0 0 0
  outer loop
    vertex 7.437230110168457 -3.080601692199707 7
    vertex 7.355889797210693 -1.4631774425506592 7
    vertex 7.463885307312012 -0.7351285815238953 7
  endloop
endfacet
facet normal 0 0 0
  outer loop
    vertex 7.703369617462158 -2.336791753768921 7
    vertex 7.895321369171143 -1.5704771280288696 7
    vertex 7.703369617462158 -2.336791753768921 10
  endloop
endfacet
facet normal 0 0 0
  outer loop
    vertex 7.437230110168457 -3.080601692199707 10
    vertex 7.355889797210693 -1.4631774425506592 10
    vertex 7.1770524978637695 -2.1771349906921387 10
  endloop
endfacet
facet normal 0 0 0
  outer loop
    vertex 7.437230110168457 -3.080601692199707 10
    vertex 7.463885307312012 -0.7351285815238953 10
    vertex 7.355889797210693 -1.4631774425506592 10
  endloop
endfacet
facet normal 0 0 0
  outer loop
    vertex 7.895321369171143 -1.5704771280288696 7
    vertex 7.895321369171143 -1.5704771280288696 10
    vertex 7.703369617462158 -2.336791753768921 10
  endloop
endfacet
facet normal 0 0 0
  outer loop
    vertex 7.437230110168457 -3.080601692199707 7
    vertex 7.703369617462158 2.336791753768921 7
    vertex 7.703369617462158 -2.336791753768921 7
  endloop
endfacet
facet normal 0 0 0
  outer loop
    vertex 7.703369617462158 -2.336791753768921 7
    vertex 7.895321369171143 1.5704771280288696 7
    vertex 7.895321369171143 -1.5704771280288696 7
  endloop
endfacet
facet normal 0 0 0
  outer loop
    vertex 7.437230110168457 -3.080601692199707 10
    vertex 7.703369617462158 -2.336791753768921 10
    vertex 7.703369617462158 2.336791753768921 10
  endloop
endfacet
facet normal 0 0 0
  outer loop
    vertex 7.703369617462158 -2.336791753768921 10
    vertex 7.895321369171143 -1.5704771280288696 10
    vertex 7.895321369171143 1.5704771280288696 10
  endloop
endfacet
facet normal 0 0 0
  outer loop
    vertex 7.437230110168457 -3.080601692199707 7
    vertex 7.463885307312012 -0.7351285815238953 7
    vertex 7.703369617462158 2.336791753768921 7
  endloop
endfacet
facet normal 0 0 0
  outer loop
    vertex 7.437230110168457 -3.080601692199707 10
    vertex 7.703369617462158 2.336791753768921 10
    vertex 7.463885307312012 -0.7351285815238953 10
  endloop
endfacet
facet normal 0 0 0
  outer loop
    vertex 7.895321369171143 -1.5704771280288696 7
    vertex 8.011237144470215 -0.7890380024909973 7
    vertex 7.895321369171143 -1.5704771280288696 10
  endloop
endfacet
facet normal 0 0 0
  outer loop
    vertex 8.011237144470215 -0.7890380024909973 7
    vertex 8.011237144470215 -0.7890380024909973 10
    vertex 7.895321369171143 -1.5704771280288696 10
  endloop
endfacet
facet normal 0 0 0
  outer loop
    vertex 7.895321369171143 -1.5704771280288696 7
    vertex 8.011237144470215 0.7890380024909973 7
    vertex 8.011237144470215 -0.7890380024909973 7
  endloop
endfacet
facet normal 0 0 0
  outer loop
    vertex 8.011237144470215 -0.7890380024909973 7
    vertex 8.050000190734863 0 7
    vertex 8.011237144470215 -0.7890380024909973 10
  endloop
endfacet
facet normal 0 0 0
  outer loop
    vertex 7.895321369171143 -1.5704771280288696 10
    vertex 8.011237144470215 -0.7890380024909973 10
    vertex 8.011237144470215 0.7890380024909973 10
  endloop
endfacet
facet normal 0 0 0
  outer loop
    vertex 8.011237144470215 -0.7890380024909973 10
    vertex 8.050000190734863 0 7
    vertex 8.050000190734863 0 10
  endloop
endfacet
facet normal 0 0 0
  outer loop
    vertex -0.7890380024909973 6.5 7
    vertex 0.7496414184570312 7.209301471710205 7
    vertex 0.7147956490516663 6.5 7
  endloop
endfacet
facet normal 0 0 0
  outer loop
    vertex 0.7890380024909973 6.5 7
    vertex 1.5305020809173584 7.081612586975098 7
    vertex 1.5019292831420898 6.5 7
  endloop
endfacet
facet normal 0 0 0
  outer loop
    vertex 1.5704771280288696 6.5 7
    vertex 2.295820713043213 6.869384765625 7
    vertex 2.2776739597320557 6.5 7
  endloop
endfacet
facet normal 0 0 0
  outer loop
    vertex -0.7890380024909973 8.011237144470215 7
    vertex 0.7890380024909973 8.011237144470215 7
    vertex 0.7496414184570312 7.209301471710205 7
  endloop
endfacet
facet normal 0 0 0
  outer loop
    vertex 0 7.5 10
    vertex 0.7351285815238953 7.463885307312012 10
    vertex 0 8.050000190734863 10
  endloop
endfacet
facet normal 0 0 0
  outer loop
    vertex 0 8.050000190734863 10
    vertex 0.7351285815238953 7.463885307312012 10
    vertex 0.7890380024909973 8.011237144470215 10
  endloop
endfacet
facet normal 0 0 0
  outer loop
    vertex 0.7890380024909973 6.5 7
    vertex 0.7890380024909973 7.203457832336426 7
    vertex 1.5305020809173584 7.081612586975098 7
  endloop
endfacet
facet normal 0 0 0
  outer loop
    vertex 0.7496414184570312 7.209301471710205 7
    vertex 0.7890380024909973 8.011237144470215 7
    vertex 0.7890380024909973 7.203457832336426 7
  endloop
endfacet
facet normal 0 0 0
  outer loop
    vertex 0.7890380024909973 7.203457832336426 7
    vertex 0.7890380024909973 8.011237144470215 7
    vertex 1.5704771280288696 7.895321369171143 7
  endloop
endfacet
facet normal 0 0 0
  outer loop
    vertex 0.7351285815238953 7.463885307312012 10
    vertex 1.4631774425506592 7.355889797210693 10
    vertex 0.7890380024909973 8.011237144470215 10
  endloop
endfacet
facet normal 0 0 0
  outer loop
    vertex -0.7890380024909973 8.011237144470215 7
    vertex 0 8.050000190734863 7
    vertex 0.7890380024909973 8.011237144470215 7
  endloop
endfacet
facet normal 0 0 0
  outer loop
    vertex 0 8.050000190734863 7
    vertex 0.7890380024909973 8.011237144470215 10
    vertex 0.7890380024909973 8.011237144470215 7
  endloop
endfacet
facet normal 0 0 0
  outer loop
    vertex 0 8.050000190734863 7
    vertex 0 8.050000190734863 10
    vertex 0.7890380024909973 8.011237144470215 10
  endloop
endfacet
facet normal 0 0 0
  outer loop
    vertex 0.7890380024909973 8.011237144470215 7
    vertex 0.7890380024909973 8.011237144470215 10
    vertex 1.5704771280288696 7.895321369171143 10
  endloop
endfacet
facet normal 0 0 0
  outer loop
    vertex 0.7890380024909973 7.203457832336426 7
    vertex 1.5704771280288696 7.895321369171143 7
    vertex 1.5305020809173584 7.081612586975098 7
  endloop
endfacet
facet normal 0 0 0
  outer loop
    vertex 1.5305020809173584 7.081612586975098 7
    vertex 1.5704771280288696 7.895321369171143 7
    vertex 1.5704771280288696 7.071599006652832 7
  endloop
endfacet
facet normal 0 0 0
  outer loop
    vertex 0.7890380024909973 8.011237144470215 10
    vertex 1.4631774425506592 7.355889797210693 10
    vertex 1.5704771280288696 7.895321369171143 10
  endloop
endfacet
facet normal 0 0 0
  outer loop
    vertex 1.5704771280288696 6.5 7
    vertex 1.5704771280288696 7.071599006652832 7
    vertex 2.295820713043213 6.869384765625 7
  endloop
endfacet
facet normal 0 0 0
  outer loop
    vertex 1.5704771280288696 7.071599006652832 7
    vertex 2.336791753768921 7.703369617462158 7
    vertex 2.295820713043213 6.869384765625 7
  endloop
endfacet
facet normal 0 0 0
  outer loop
    vertex 1.5704771280288696 7.071599006652832 7
    vertex 1.5704771280288696 7.895321369171143 7
    vertex 2.336791753768921 7.703369617462158 7
  endloop
endfacet
facet normal 0 0 0
  outer loop
    vertex 1.5704771280288696 7.895321369171143 7
    vertex 2.336791753768921 7.703369617462158 10
    vertex 2.336791753768921 7.703369617462158 7
  endloop
endfacet
facet normal 0 0 0
  outer loop
    vertex 1.4631774425506592 7.355889797210693 10
    vertex 2.1771349906921387 7.1770524978637695 10
    vertex 1.5704771280288696 7.895321369171143 10
  endloop
endfacet
facet normal 0 0 0
  outer loop
    vertex 1.5704771280288696 7.895321369171143 7
    vertex 1.5704771280288696 7.895321369171143 10
    vertex 2.336791753768921 7.703369617462158 10
  endloop
endfacet
facet normal 0 0 0
  outer loop
    vertex 1.5704771280288696 7.895321369171143 10
    vertex 2.1771349906921387 7.1770524978637695 10
    vertex 2.336791753768921 7.703369617462158 10
  endloop
endfacet
facet normal 0 0 0
  outer loop
    vertex 0.7890380024909973 8.011237144470215 7
    vertex 1.5704771280288696 7.895321369171143 10
    vertex 1.5704771280288696 7.895321369171143 7
  endloop
endfacet
facet normal 0 0 0
  outer loop
    vertex 2.336791753768921 6.5 7
    vertex 2.336791753768921 6.854724884033203 7
    vertex 3.0381643772125244 6.57340145111084 7
  endloop
endfacet
facet normal 0 0 0
  outer loop
    vertex 2.336791753768921 6.5 7
    vertex 3.0381643772125244 6.57340145111084 7
    vertex 3.0345585346221924 6.5 7
  endloop
endfacet
facet normal 0 0 0
  outer loop
    vertex 3.080601692199707 6.5 7
    vertex 3.080601692199707 6.553329944610596 7
    vertex 3.794743776321411 7.099466323852539 7
  endloop
endfacet
facet normal 0 0 0
  outer loop
    vertex 3.080601692199707 6.5 7
    vertex 3.794743776321411 7.099466323852539 7
    vertex 3.726356267929077 6.5 7
  endloop
endfacet
facet normal 0 0 0
  outer loop
    vertex 3.535475492477417 6.614409446716309 10
    vertex 4.166776657104492 6.236021995544434 10
    vertex 3.794743776321411 7.099466323852539 10
  endloop
endfacet
facet normal 0 0 0
  outer loop
    vertex 3.726356267929077 6.5 7
    vertex 4.4723405838012695 6.69333028793335 7
    vertex 4.166776657104492 6.236021995544434 7
  endloop
endfacet
facet normal 0 0 0
  outer loop
    vertex 3.794743776321411 7.099466323852539 10
    vertex 4.166776657104492 6.236021995544434 10
    vertex 4.4723405838012695 6.69333028793335 10
  endloop
endfacet
facet normal 0 0 0
  outer loop
    vertex 4.7579498291015625 5.79757833480835 10
    vertex 4.4723405838012695 6.69333028793335 10
    vertex 4.166776657104492 6.236021995544434 10
  endloop
endfacet
facet normal 0 0 0
  outer loop
    vertex 2.295820713043213 6.869384765625 7
    vertex 2.336791753768921 7.703369617462158 7
    vertex 2.336791753768921 6.854724884033203 7
  endloop
endfacet
facet normal 0 0 0
  outer loop
    vertex 2.8701257705688477 6.929096698760986 10
    vertex 2.336791753768921 7.703369617462158 10
    vertex 2.1771349906921387 7.1770524978637695 10
  endloop
endfacet
facet normal 0 0 0
  outer loop
    vertex 2.336791753768921 6.854724884033203 7
    vertex 2.336791753768921 7.703369617462158 7
    vertex 3.080601692199707 7.437230110168457 7
  endloop
endfacet
facet normal 0 0 0
  outer loop
    vertex 2.8701257705688477 6.929096698760986 10
    vertex 3.080601692199707 7.437230110168457 10
    vertex 2.336791753768921 7.703369617462158 10
  endloop
endfacet
facet normal 0 0 0
  outer loop
    vertex 2.336791753768921 7.703369617462158 7
    vertex 2.336791753768921 7.703369617462158 10
    vertex 3.080601692199707 7.437230110168457 10
  endloop
endfacet
facet normal 0 0 0
  outer loop
    vertex 2.336791753768921 6.854724884033203 7
    vertex 3.080601692199707 7.437230110168457 7
    vertex 3.0381643772125244 6.57340145111084 7
  endloop
endfacet
facet normal 0 0 0
  outer loop
    vertex 3.0381643772125244 6.57340145111084 7
    vertex 3.080601692199707 7.437230110168457 7
    vertex 3.080601692199707 6.553329944610596 7
  endloop
endfacet
facet normal 0 0 0
  outer loop
    vertex 3.080601692199707 6.553329944610596 7
    vertex 3.080601692199707 7.437230110168457 7
    vertex 3.794743776321411 7.099466323852539 7
  endloop
endfacet
facet normal 0 0 0
  outer loop
    vertex 2.8701257705688477 6.929096698760986 10
    vertex 3.535475492477417 6.614409446716309 10
    vertex 3.080601692199707 7.437230110168457 10
  endloop
endfacet
facet normal 0 0 0
  outer loop
    vertex 2.336791753768921 7.703369617462158 7
    vertex 3.080601692199707 7.437230110168457 10
    vertex 3.080601692199707 7.437230110168457 7
  endloop
endfacet
facet normal 0 0 0
  outer loop
    vertex 3.080601692199707 7.437230110168457 7
    vertex 3.080601692199707 7.437230110168457 10
    vertex 3.794743776321411 7.099466323852539 10
  endloop
endfacet
facet normal 0 0 0
  outer loop
    vertex 3.080601692199707 7.437230110168457 7
    vertex 3.794743776321411 7.099466323852539 10
    vertex 3.794743776321411 7.099466323852539 7
  endloop
endfacet
facet normal 0 0 0
  outer loop
    vertex 3.535475492477417 6.614409446716309 10
    vertex 3.794743776321411 7.099466323852539 10
    vertex 3.080601692199707 7.437230110168457 10
  endloop
endfacet
facet normal 0 0 0
  outer loop
    vertex 3.726356267929077 6.5 7
    vertex 3.794743776321411 7.099466323852539 7
    vertex 4.4723405838012695 6.69333028793335 7
  endloop
endfacet
facet normal 0 0 0
  outer loop
    vertex 3.794743776321411 7.099466323852539 7
    vertex 4.4723405838012695 6.69333028793335 10
    vertex 4.4723405838012695 6.69333028793335 7
  endloop
endfacet
facet normal 0 0 0
  outer loop
    vertex 3.794743776321411 7.099466323852539 7
    vertex 3.794743776321411 7.099466323852539 10
    vertex 4.4723405838012695 6.69333028793335 10
  endloop
endfacet
facet normal 0 0 0
  outer loop
    vertex 6.929096698760986 2.8701257705688477 10
    vertex 6.69333028793335 4.4723405838012695 10
    vertex 6.614409446716309 3.535475492477417 10
  endloop
endfacet
facet normal 0 0 0
  outer loop
    vertex 5.79757833480835 4.7579498291015625 7
    vertex 6.69333028793335 4.4723405838012695 7
    vertex 6.236021995544434 4.166776657104492 7
  endloop
endfacet
facet normal 0 0 0
  outer loop
    vertex 6.614409446716309 3.535475492477417 7
    vertex 6.236021995544434 4.166776657104492 7
    vertex 6.69333028793335 4.4723405838012695 7
  endloop
endfacet
facet normal 0 0 0
  outer loop
    vertex 6.614409446716309 3.535475492477417 10
    vertex 6.222733974456787 5.106865882873535 10
    vertex 6.236021995544434 4.166776657104492 10
  endloop
endfacet
facet normal 0 0 0
  outer loop
    vertex 6.614409446716309 3.535475492477417 10
    vertex 6.69333028793335 4.4723405838012695 10
    vertex 6.222733974456787 5.106865882873535 10
  endloop
endfacet
facet normal 0 0 0
  outer loop
    vertex 7.463885307312012 -0.7351285815238953 7
    vertex 7.5 0 7
    vertex 7.703369617462158 2.336791753768921 7
  endloop
endfacet
facet normal 0 0 0
  outer loop
    vertex 7.703369617462158 -2.336791753768921 7
    vertex 7.703369617462158 2.336791753768921 7
    vertex 7.895321369171143 1.5704771280288696 7
  endloop
endfacet
facet normal 0 0 0
  outer loop
    vertex 7.463885307312012 -0.7351285815238953 10
    vertex 7.703369617462158 2.336791753768921 10
    vertex 7.5 0 10
  endloop
endfacet
facet normal 0 0 0
  outer loop
    vertex 7.703369617462158 -2.336791753768921 10
    vertex 7.895321369171143 1.5704771280288696 10
    vertex 7.703369617462158 2.336791753768921 10
  endloop
endfacet
facet normal 0 0 0
  outer loop
    vertex 7.5 0 7
    vertex 7.463885307312012 0.7351285815238953 7
    vertex 7.703369617462158 2.336791753768921 7
  endloop
endfacet
facet normal 0 0 0
  outer loop
    vertex 7.5 0 10
    vertex 7.703369617462158 2.336791753768921 10
    vertex 7.463885307312012 0.7351285815238953 10
  endloop
endfacet
facet normal 0 0 0
  outer loop
    vertex 7.463885307312012 0.7351285815238953 7
    vertex 7.355889797210693 1.4631774425506592 7
    vertex 7.703369617462158 2.336791753768921 7
  endloop
endfacet
facet normal 0 0 0
  outer loop
    vertex 7.355889797210693 1.4631774425506592 7
    vertex 7.1770524978637695 2.1771349906921387 7
    vertex 7.437230110168457 3.080601692199707 7
  endloop
endfacet
facet normal 0 0 0
  outer loop
    vertex 7.895321369171143 1.5704771280288696 7
    vertex 7.703369617462158 2.336791753768921 7
    vertex 7.895321369171143 1.5704771280288696 10
  endloop
endfacet
facet normal 0 0 0
  outer loop
    vertex 7.463885307312012 0.7351285815238953 10
    vertex 7.437230110168457 3.080601692199707 10
    vertex 7.355889797210693 1.4631774425506592 10
  endloop
endfacet
facet normal 0 0 0
  outer loop
    vertex 7.355889797210693 1.4631774425506592 10
    vertex 7.437230110168457 3.080601692199707 10
    vertex 7.1770524978637695 2.1771349906921387 10
  endloop
endfacet
facet normal 0 0 0
  outer loop
    vertex 7.463885307312012 0.7351285815238953 10
    vertex 7.703369617462158 2.336791753768921 10
    vertex 7.437230110168457 3.080601692199707 10
  endloop
endfacet
facet normal 0 0 0
  outer loop
    vertex 7.703369617462158 2.336791753768921 7
    vertex 7.703369617462158 2.336791753768921 10
    vertex 7.895321369171143 1.5704771280288696 10
  endloop
endfacet
facet normal 0 0 0
  outer loop
    vertex 7.895321369171143 -1.5704771280288696 7
    vertex 7.895321369171143 1.5704771280288696 7
    vertex 8.011237144470215 0.7890380024909973 7
  endloop
endfacet
facet normal 0 0 0
  outer loop
    vertex 8.011237144470215 -0.7890380024909973 7
    vertex 8.011237144470215 0.7890380024909973 7
    vertex 8.050000190734863 0 7
  endloop
endfacet
facet normal 0 0 0
  outer loop
    vertex 8.050000190734863 0 7
    vertex 8.011237144470215 0.7890380024909973 7
    vertex 8.050000190734863 0 10
  endloop
endfacet
facet normal 0 0 0
  outer loop
    vertex 7.895321369171143 -1.5704771280288696 10
    vertex 8.011237144470215 0.7890380024909973 10
    vertex 7.895321369171143 1.5704771280288696 10
  endloop
endfacet
facet normal 0 0 0
  outer loop
    vertex 8.011237144470215 -0.7890380024909973 10
    vertex 8.050000190734863 0 10
    vertex 8.011237144470215 0.7890380024909973 10
  endloop
endfacet
facet normal 0 0 0
  outer loop
    vertex 8.011237144470215 0.7890380024909973 7
    vertex 8.011237144470215 0.7890380024909973 10
    vertex 8.050000190734863 0 10
  endloop
endfacet
facet normal 0 0 0
  outer loop
    vertex 8.011237144470215 0.7890380024909973 7
    vertex 7.895321369171143 1.5704771280288696 7
    vertex 8.011237144470215 0.7890380024909973 10
  endloop
endfacet
facet normal 0 0 0
  outer loop
    vertex 7.895321369171143 1.5704771280288696 7
    vertex 7.895321369171143 1.5704771280288696 10
    vertex 8.011237144470215 0.7890380024909973 10
  endloop
endfacet
facet normal 0 0 0
  outer loop
    vertex 6.929096698760986 2.8701257705688477 7
    vertex 7.437230110168457 3.080601692199707 7
    vertex 7.1770524978637695 2.1771349906921387 7
  endloop
endfacet
facet normal 0 0 0
  outer loop
    vertex 6.929096698760986 2.8701257705688477 7
    vertex 7.099466323852539 3.794743776321411 7
    vertex 7.437230110168457 3.080601692199707 7
  endloop
endfacet
facet normal 0 0 0
  outer loop
    vertex 6.929096698760986 2.8701257705688477 10
    vertex 7.1770524978637695 2.1771349906921387 10
    vertex 7.099466323852539 3.794743776321411 10
  endloop
endfacet
facet normal 0 0 0
  outer loop
    vertex 7.1770524978637695 2.1771349906921387 10
    vertex 7.437230110168457 3.080601692199707 10
    vertex 7.099466323852539 3.794743776321411 10
  endloop
endfacet
facet normal 0 0 0
  outer loop
    vertex 7.355889797210693 1.4631774425506592 7
    vertex 7.437230110168457 3.080601692199707 7
    vertex 7.703369617462158 2.336791753768921 7
  endloop
endfacet
facet normal 0 0 0
  outer loop
    vertex 7.703369617462158 2.336791753768921 7
    vertex 7.437230110168457 3.080601692199707 7
    vertex 7.703369617462158 2.336791753768921 10
  endloop
endfacet
facet normal 0 0 0
  outer loop
    vertex 7.437230110168457 3.080601692199707 7
    vertex 7.099466323852539 3.794743776321411 7
    vertex 7.437230110168457 3.080601692199707 10
  endloop
endfacet
facet normal 0 0 0
  outer loop
    vertex 7.437230110168457 3.080601692199707 7
    vertex 7.437230110168457 3.080601692199707 10
    vertex 7.703369617462158 2.336791753768921 10
  endloop
endfacet
facet normal 0 0 0
  outer loop
    vertex 6.929096698760986 2.8701257705688477 7
    vertex 6.614409446716309 3.535475492477417 7
    vertex 7.099466323852539 3.794743776321411 7
  endloop
endfacet
facet normal 0 0 0
  outer loop
    vertex 6.614409446716309 3.535475492477417 7
    vertex 6.69333028793335 4.4723405838012695 7
    vertex 7.099466323852539 3.794743776321411 7
  endloop
endfacet
facet normal 0 0 0
  outer loop
    vertex 6.929096698760986 2.8701257705688477 10
    vertex 7.099466323852539 3.794743776321411 10
    vertex 6.69333028793335 4.4723405838012695 10
  endloop
endfacet
facet normal 0 0 0
  outer loop
    vertex 7.099466323852539 3.794743776321411 7
    vertex 7.099466323852539 3.794743776321411 10
    vertex 7.437230110168457 3.080601692199707 10
  endloop
endfacet
facet normal 0 0 0
  outer loop
    vertex 7.099466323852539 3.794743776321411 7
    vertex 6.69333028793335 4.4723405838012695 7
    vertex 7.099466323852539 3.794743776321411 10
  endloop
endfacet
facet normal 0 0 0
  outer loop
    vertex 6.69333028793335 4.4723405838012695 7
    vertex 6.69333028793335 4.4723405838012695 10
    vertex 7.099466323852539 3.794743776321411 10
  endloop
endfacet
facet normal 0 0 0
  outer loop
    vertex 4.7579498291015625 5.79757833480835 7
    vertex 5.692209720611572 5.692209720611572 7
    vertex 5.303300857543945 5.303300857543945 7
  endloop
endfacet
facet normal 0 0 0
  outer loop
    vertex 5.79757833480835 4.7579498291015625 10
    vertex 5.692209720611572 5.692209720611572 10
    vertex 5.303300857543945 5.303300857543945 10
  endloop
endfacet
facet normal 0 0 0
  outer loop
    vertex 4.7579498291015625 5.79757833480835 7
    vertex 4.166776657104492 6.236021995544434 7
    vertex 5.106865882873535 6.222733974456787 7
  endloop
endfacet
facet normal 0 0 0
  outer loop
    vertex 4.7579498291015625 5.79757833480835 10
    vertex 5.303300857543945 5.303300857543945 10
    vertex 5.106865882873535 6.222733974456787 10
  endloop
endfacet
facet normal 0 0 0
  outer loop
    vertex 4.166776657104492 6.236021995544434 7
    vertex 4.4723405838012695 6.69333028793335 7
    vertex 5.106865882873535 6.222733974456787 7
  endloop
endfacet
facet normal 0 0 0
  outer loop
    vertex 4.4723405838012695 6.69333028793335 7
    vertex 5.106865882873535 6.222733974456787 10
    vertex 5.106865882873535 6.222733974456787 7
  endloop
endfacet
facet normal 0 0 0
  outer loop
    vertex 4.7579498291015625 5.79757833480835 10
    vertex 5.106865882873535 6.222733974456787 10
    vertex 4.4723405838012695 6.69333028793335 10
  endloop
endfacet
facet normal 0 0 0
  outer loop
    vertex 4.4723405838012695 6.69333028793335 7
    vertex 4.4723405838012695 6.69333028793335 10
    vertex 5.106865882873535 6.222733974456787 10
  endloop
endfacet
facet normal 0 0 0
  outer loop
    vertex 4.7579498291015625 5.79757833480835 7
    vertex 5.106865882873535 6.222733974456787 7
    vertex 5.692209720611572 5.692209720611572 7
  endloop
endfacet
facet normal 0 0 0
  outer loop
    vertex 5.692209720611572 5.692209720611572 7
    vertex 5.106865882873535 6.222733974456787 7
    vertex 5.692209720611572 5.692209720611572 10
  endloop
endfacet
facet normal 0 0 0
  outer loop
    vertex 5.106865882873535 6.222733974456787 7
    vertex 5.106865882873535 6.222733974456787 10
    vertex 5.692209720611572 5.692209720611572 10
  endloop
endfacet
facet normal 0 0 0
  outer loop
    vertex 5.303300857543945 5.303300857543945 10
    vertex 5.692209720611572 5.692209720611572 10
    vertex 5.106865882873535 6.222733974456787 10
  endloop
endfacet
facet normal 0 0 0
  outer loop
    vertex 5.79757833480835 4.7579498291015625 7
    vertex 5.303300857543945 5.303300857543945 7
    vertex 6.222733974456787 5.106865882873535 7
  endloop
endfacet
facet normal 0 0 0
  outer loop
    vertex 5.79757833480835 4.7579498291015625 10
    vertex 6.236021995544434 4.166776657104492 10
    vertex 5.692209720611572 5.692209720611572 10
  endloop
endfacet
facet normal 0 0 0
  outer loop
    vertex 5.692209720611572 5.692209720611572 10
    vertex 6.236021995544434 4.166776657104492 10
    vertex 6.222733974456787 5.106865882873535 10
  endloop
endfacet
facet normal 0 0 0
  outer loop
    vertex 5.303300857543945 5.303300857543945 7
    vertex 5.692209720611572 5.692209720611572 7
    vertex 6.222733974456787 5.106865882873535 7
  endloop
endfacet
facet normal 0 0 0
  outer loop
    vertex 5.692209720611572 5.692209720611572 7
    vertex 6.222733974456787 5.106865882873535 10
    vertex 6.222733974456787 5.106865882873535 7
  endloop
endfacet
facet normal 0 0 0
  outer loop
    vertex 5.692209720611572 5.692209720611572 7
    vertex 5.692209720611572 5.692209720611572 10
    vertex 6.222733974456787 5.106865882873535 10
  endloop
endfacet
facet normal 0 0 0
  outer loop
    vertex 5.79757833480835 4.7579498291015625 7
    vertex 6.222733974456787 5.106865882873535 7
    vertex 6.69333028793335 4.4723405838012695 7
  endloop
endfacet
facet normal 0 0 0
  outer loop
    vertex 6.69333028793335 4.4723405838012695 7
    vertex 6.222733974456787 5.106865882873535 7
    vertex 6.69333028793335 4.4723405838012695 10
  endloop
endfacet
facet normal 0 0 0
  outer loop
    vertex 6.222733974456787 5.106865882873535 7
    vertex 6.222733974456787 5.106865882873535 10
    vertex 6.69333028793335 4.4723405838012695 10
  endloop
endfacet
facet normal 0 0 0
  outer loop
    vertex -4.47575044631958 -2.392338514328003 29
    vertex -4.47575044631958 -2.392338514328003 29.5
    vertex -4.6886887550354 -1.9421184062957764 29.5
  endloop
endfacet
facet normal 0 0 0
  outer loop
    vertex -4.47575044631958 -2.392338514328003 29
    vertex -4.6886887550354 -1.9421184062957764 29.5
    vertex -4.6886887550354 -1.9421184062957764 29
  endloop
endfacet
facet normal 0 0 0
  outer loop
    vertex -4.6886887550354 -1.9421184062957764 29
    vertex -4.6886887550354 -1.9421184062957764 29.5
    vertex -4.856472015380859 -1.4731947183609009 29.5
  endloop
endfacet
facet normal 0 0 0
  outer loop
    vertex -4.6886887550354 -1.9421184062957764 29
    vertex -4.856472015380859 -1.4731947183609009 29.5
    vertex -4.856472015380859 -1.4731947183609009 29
  endloop
endfacet
facet normal 0 0 0
  outer loop
    vertex -4.856472015380859 -1.4731947183609009 29
    vertex -4.977485179901123 -0.9900833964347839 29.5
    vertex -4.977485179901123 -0.9900833964347839 29
  endloop
endfacet
facet normal 0 0 0
  outer loop
    vertex -4.856472015380859 -1.4731947183609009 29
    vertex -4.856472015380859 -1.4731947183609009 29.5
    vertex -4.977485179901123 -0.9900833964347839 29.5
  endloop
endfacet
facet normal 0 0 0
  outer loop
    vertex -5.050562381744385 -0.4974370002746582 29
    vertex -5.074999809265137 0 29.5
    vertex -5.074999809265137 0 29
  endloop
endfacet
facet normal 0 0 0
  outer loop
    vertex -5.050562381744385 -0.4974370002746582 29.5
    vertex -4.977485179901123 -0.9900833964347839 29
    vertex -4.977485179901123 -0.9900833964347839 29.5
  endloop
endfacet
facet normal 0 0 0
  outer loop
    vertex -5.050562381744385 -0.4974370002746582 29
    vertex -4.977485179901123 -0.9900833964347839 29
    vertex -5.050562381744385 -0.4974370002746582 29.5
  endloop
endfacet
facet normal 0 0 0
  outer loop
    vertex -4.47575044631958 -2.392338514328003 29.5
    vertex -4.47575044631958 2.392338514328003 29.5
    vertex -4.6886887550354 -1.9421184062957764 29.5
  endloop
endfacet
facet normal 0 0 0
  outer loop
    vertex -5.050562381744385 -0.4974370002746582 29
    vertex -5.050562381744385 -0.4974370002746582 29.5
    vertex -5.074999809265137 0 29.5
  endloop
endfacet
facet normal 0 0 0
  outer loop
    vertex -4.856472015380859 -1.4731947183609009 29.5
    vertex -4.856472015380859 1.4731947183609009 29.5
    vertex -4.977485179901123 -0.9900833964347839 29.5
  endloop
endfacet
facet normal 0 0 0
  outer loop
    vertex -5.050562381744385 -0.4974370002746582 29.5
    vertex -4.977485179901123 -0.9900833964347839 29.5
    vertex -4.977485179901123 0.9900833964347839 29.5
  endloop
endfacet
facet normal 0 0 0
  outer loop
    vertex -4.6886887550354 -1.9421184062957764 29.5
    vertex -4.6886887550354 1.9421184062957764 29.5
    vertex -4.856472015380859 -1.4731947183609009 29.5
  endloop
endfacet
facet normal 0 0 0
  outer loop
    vertex -2.392338514328003 -4.47575044631958 29
    vertex -1.9421184062957764 -4.6886887550354 29
    vertex -2.392338514328003 -4.47575044631958 29.5
  endloop
endfacet
facet normal 0 0 0
  outer loop
    vertex -2.392338514328003 -4.47575044631958 29.5
    vertex -1.9421184062957764 -4.6886887550354 29
    vertex -1.9421184062957764 -4.6886887550354 29.5
  endloop
endfacet
facet normal 0 0 0
  outer loop
    vertex -1.9421184062957764 -4.6886887550354 29
    vertex -1.4731947183609009 -4.856472015380859 29
    vertex -1.9421184062957764 -4.6886887550354 29.5
  endloop
endfacet
facet normal 0 0 0
  outer loop
    vertex -1.9421184062957764 -4.6886887550354 29.5
    vertex -1.4731947183609009 -4.856472015380859 29
    vertex -1.4731947183609009 -4.856472015380859 29.5
  endloop
endfacet
facet normal 0 0 0
  outer loop
    vertex -1.4731947183609009 -4.856472015380859 29
    vertex -0.9900833964347839 -4.977485179901123 29
    vertex -1.4731947183609009 -4.856472015380859 29.5
  endloop
endfacet
facet normal 0 0 0
  outer loop
    vertex -1.4731947183609009 -4.856472015380859 29.5
    vertex -0.9900833964347839 -4.977485179901123 29
    vertex -0.9900833964347839 -4.977485179901123 29.5
  endloop
endfacet
facet normal 0 0 0
  outer loop
    vertex -0.4974370002746582 -5.050562381744385 29
    vertex -0.9900833964347839 -4.977485179901123 29.5
    vertex -0.9900833964347839 -4.977485179901123 29
  endloop
endfacet
facet normal 0 0 0
  outer loop
    vertex -0.4974370002746582 -5.050562381744385 29
    vertex -0.4974370002746582 -5.050562381744385 29.5
    vertex -0.9900833964347839 -4.977485179901123 29.5
  endloop
endfacet
facet normal 0 0 0
  outer loop
    vertex -0.4974370002746582 -5.050562381744385 29.5
    vertex 0 -5.074999809265137 29
    vertex 0 -5.074999809265137 29.5
  endloop
endfacet
facet normal 0 0 0
  outer loop
    vertex -0.4974370002746582 -5.050562381744385 29
    vertex 0 -5.074999809265137 29
    vertex -0.4974370002746582 -5.050562381744385 29.5
  endloop
endfacet
facet normal 0 0 0
  outer loop
    vertex -3.588567018508911 -3.588567018508911 29
    vertex -3.588567018508911 -3.588567018508911 29.5
    vertex -3.923027992248535 -3.219545841217041 29.5
  endloop
endfacet
facet normal 0 0 0
  outer loop
    vertex -3.588567018508911 -3.588567018508911 29
    vertex -3.219545841217041 -3.923027992248535 29
    vertex -3.588567018508911 -3.588567018508911 29.5
  endloop
endfacet
facet normal 0 0 0
  outer loop
    vertex -4.219708442687988 -2.81951904296875 29
    vertex -3.923027992248535 -3.219545841217041 29
    vertex -4.219708442687988 -2.81951904296875 29.5
  endloop
endfacet
facet normal 0 0 0
  outer loop
    vertex -4.219708442687988 -2.81951904296875 29.5
    vertex -3.923027992248535 -3.219545841217041 29
    vertex -3.923027992248535 -3.219545841217041 29.5
  endloop
endfacet
facet normal 0 0 0
  outer loop
    vertex -4.219708442687988 -2.81951904296875 29
    vertex -4.47575044631958 -2.392338514328003 29.5
    vertex -4.47575044631958 -2.392338514328003 29
  endloop
endfacet
facet normal 0 0 0
  outer loop
    vertex -4.219708442687988 -2.81951904296875 29
    vertex -4.219708442687988 -2.81951904296875 29.5
    vertex -4.47575044631958 -2.392338514328003 29.5
  endloop
endfacet
facet normal 0 0 0
  outer loop
    vertex -3.588567018508911 -3.588567018508911 29
    vertex -3.923027992248535 -3.219545841217041 29.5
    vertex -3.923027992248535 -3.219545841217041 29
  endloop
endfacet
facet normal 0 0 0
  outer loop
    vertex -2.81951904296875 -4.219708442687988 29
    vertex -3.219545841217041 -3.923027992248535 29.5
    vertex -3.219545841217041 -3.923027992248535 29
  endloop
endfacet
facet normal 0 0 0
  outer loop
    vertex -2.81951904296875 -4.219708442687988 29
    vertex -2.81951904296875 -4.219708442687988 29.5
    vertex -3.219545841217041 -3.923027992248535 29.5
  endloop
endfacet
facet normal 0 0 0
  outer loop
    vertex -3.588567018508911 -3.588567018508911 29.5
    vertex -3.219545841217041 -3.923027992248535 29
    vertex -3.219545841217041 -3.923027992248535 29.5
  endloop
endfacet
facet normal 0 0 0
  outer loop
    vertex -2.81951904296875 -4.219708442687988 29
    vertex -2.392338514328003 -4.47575044631958 29
    vertex -2.81951904296875 -4.219708442687988 29.5
  endloop
endfacet
facet normal 0 0 0
  outer loop
    vertex -2.81951904296875 -4.219708442687988 29.5
    vertex -2.392338514328003 -4.47575044631958 29
    vertex -2.392338514328003 -4.47575044631958 29.5
  endloop
endfacet
facet normal 0 0 0
  outer loop
    vertex -4.219708442687988 -2.81951904296875 29.5
    vertex -4.219708442687988 2.81951904296875 29.5
    vertex -4.47575044631958 -2.392338514328003 29.5
  endloop
endfacet
facet normal 0 0 0
  outer loop
    vertex -4.219708442687988 -2.81951904296875 29.5
    vertex -3.923027992248535 -3.219545841217041 29.5
    vertex -3.923027992248535 3.219545841217041 29.5
  endloop
endfacet
facet normal 0 0 0
  outer loop
    vertex -3.588567018508911 -3.588567018508911 29.5
    vertex -3.588567018508911 3.588567018508911 29.5
    vertex -3.923027992248535 -3.219545841217041 29.5
  endloop
endfacet
facet normal 0 0 0
  outer loop
    vertex -3.588567018508911 -3.588567018508911 29.5
    vertex -3.219545841217041 -3.923027992248535 29.5
    vertex -3.219545841217041 3.923027992248535 29.5
  endloop
endfacet
facet normal 0 0 0
  outer loop
    vertex -2.81951904296875 -4.219708442687988 29.5
    vertex -2.81951904296875 4.219708442687988 29.5
    vertex -3.219545841217041 -3.923027992248535 29.5
  endloop
endfacet
facet normal 0 0 0
  outer loop
    vertex -2.81951904296875 -4.219708442687988 29.5
    vertex -2.392338514328003 -4.47575044631958 29.5
    vertex -2.392338514328003 4.47575044631958 29.5
  endloop
endfacet
facet normal 0 0 0
  outer loop
    vertex -2.392338514328003 -4.47575044631958 29.5
    vertex -1.9421184062957764 -4.6886887550354 29.5
    vertex -1.9421184062957764 4.6886887550354 29.5
  endloop
endfacet
facet normal 0 0 0
  outer loop
    vertex -1.9421184062957764 -4.6886887550354 29.5
    vertex -1.4731947183609009 -4.856472015380859 29.5
    vertex -1.4731947183609009 4.856472015380859 29.5
  endloop
endfacet
facet normal 0 0 0
  outer loop
    vertex -1.4731947183609009 -4.856472015380859 29.5
    vertex -0.9900833964347839 -4.977485179901123 29.5
    vertex -0.9900833964347839 4.977485179901123 29.5
  endloop
endfacet
facet normal 0 0 0
  outer loop
    vertex -0.4974370002746582 -5.050562381744385 29.5
    vertex -0.4974370002746582 5.050562381744385 29.5
    vertex -0.9900833964347839 -4.977485179901123 29.5
  endloop
endfacet
facet normal 0 0 0
  outer loop
    vertex -0.4974370002746582 -5.050562381744385 29.5
    vertex 0 -5.074999809265137 29.5
    vertex 0 5.074999809265137 29.5
  endloop
endfacet
facet normal 0 0 0
  outer loop
    vertex -5.074999809265137 0 29
    vertex -5.074999809265137 0 29.5
    vertex -5.050562381744385 0.4974370002746582 29.5
  endloop
endfacet
facet normal 0 0 0
  outer loop
    vertex -5.050562381744385 -0.4974370002746582 29.5
    vertex -5.050562381744385 0.4974370002746582 29.5
    vertex -5.074999809265137 0 29.5
  endloop
endfacet
facet normal 0 0 0
  outer loop
    vertex -5.074999809265137 0 29
    vertex -5.050562381744385 0.4974370002746582 29.5
    vertex -5.050562381744385 0.4974370002746582 29
  endloop
endfacet
facet normal 0 0 0
  outer loop
    vertex -5.050562381744385 -0.4974370002746582 29.5
    vertex -4.977485179901123 0.9900833964347839 29.5
    vertex -5.050562381744385 0.4974370002746582 29.5
  endloop
endfacet
facet normal 0 0 0
  outer loop
    vertex -4.977485179901123 -0.9900833964347839 29.5
    vertex -4.856472015380859 1.4731947183609009 29.5
    vertex -4.977485179901123 0.9900833964347839 29.5
  endloop
endfacet
facet normal 0 0 0
  outer loop
    vertex -5.050562381744385 0.4974370002746582 29
    vertex -5.050562381744385 0.4974370002746582 29.5
    vertex -4.977485179901123 0.9900833964347839 29.5
  endloop
endfacet
facet normal 0 0 0
  outer loop
    vertex -5.050562381744385 0.4974370002746582 29
    vertex -4.977485179901123 0.9900833964347839 29.5
    vertex -4.977485179901123 0.9900833964347839 29
  endloop
endfacet
facet normal 0 0 0
  outer loop
    vertex -4.856472015380859 -1.4731947183609009 29.5
    vertex -4.6886887550354 1.9421184062957764 29.5
    vertex -4.856472015380859 1.4731947183609009 29.5
  endloop
endfacet
facet normal 0 0 0
  outer loop
    vertex -4.6886887550354 -1.9421184062957764 29.5
    vertex -4.47575044631958 2.392338514328003 29.5
    vertex -4.6886887550354 1.9421184062957764 29.5
  endloop
endfacet
facet normal 0 0 0
  outer loop
    vertex -4.977485179901123 0.9900833964347839 29
    vertex -4.977485179901123 0.9900833964347839 29.5
    vertex -4.856472015380859 1.4731947183609009 29.5
  endloop
endfacet
facet normal 0 0 0
  outer loop
    vertex -4.977485179901123 0.9900833964347839 29
    vertex -4.856472015380859 1.4731947183609009 29.5
    vertex -4.856472015380859 1.4731947183609009 29
  endloop
endfacet
facet normal 0 0 0
  outer loop
    vertex -4.856472015380859 1.4731947183609009 29
    vertex -4.856472015380859 1.4731947183609009 29.5
    vertex -4.6886887550354 1.9421184062957764 29.5
  endloop
endfacet
facet normal 0 0 0
  outer loop
    vertex -4.856472015380859 1.4731947183609009 29
    vertex -4.6886887550354 1.9421184062957764 29.5
    vertex -4.6886887550354 1.9421184062957764 29
  endloop
endfacet
facet normal 0 0 0
  outer loop
    vertex -4.6886887550354 1.9421184062957764 29
    vertex -4.6886887550354 1.9421184062957764 29.5
    vertex -4.47575044631958 2.392338514328003 29.5
  endloop
endfacet
facet normal 0 0 0
  outer loop
    vertex -4.6886887550354 1.9421184062957764 29
    vertex -4.47575044631958 2.392338514328003 29.5
    vertex -4.47575044631958 2.392338514328003 29
  endloop
endfacet
facet normal 0 0 0
  outer loop
    vertex -4.47575044631958 -2.392338514328003 29.5
    vertex -4.219708442687988 2.81951904296875 29.5
    vertex -4.47575044631958 2.392338514328003 29.5
  endloop
endfacet
facet normal 0 0 0
  outer loop
    vertex -4.219708442687988 -2.81951904296875 29.5
    vertex -3.923027992248535 3.219545841217041 29.5
    vertex -4.219708442687988 2.81951904296875 29.5
  endloop
endfacet
facet normal 0 0 0
  outer loop
    vertex -3.923027992248535 -3.219545841217041 29.5
    vertex -3.588567018508911 3.588567018508911 29.5
    vertex -3.923027992248535 3.219545841217041 29.5
  endloop
endfacet
facet normal 0 0 0
  outer loop
    vertex -3.588567018508911 -3.588567018508911 29.5
    vertex -3.219545841217041 3.923027992248535 29.5
    vertex -3.588567018508911 3.588567018508911 29.5
  endloop
endfacet
facet normal 0 0 0
  outer loop
    vertex -3.219545841217041 -3.923027992248535 29.5
    vertex -2.81951904296875 4.219708442687988 29.5
    vertex -3.219545841217041 3.923027992248535 29.5
  endloop
endfacet
facet normal 0 0 0
  outer loop
    vertex -2.81951904296875 -4.219708442687988 29.5
    vertex -2.392338514328003 4.47575044631958 29.5
    vertex -2.81951904296875 4.219708442687988 29.5
  endloop
endfacet
facet normal 0 0 0
  outer loop
    vertex -4.47575044631958 2.392338514328003 29
    vertex -4.47575044631958 2.392338514328003 29.5
    vertex -4.219708442687988 2.81951904296875 29.5
  endloop
endfacet
facet normal 0 0 0
  outer loop
    vertex -4.47575044631958 2.392338514328003 29
    vertex -4.219708442687988 2.81951904296875 29.5
    vertex -4.219708442687988 2.81951904296875 29
  endloop
endfacet
facet normal 0 0 0
  outer loop
    vertex -4.219708442687988 2.81951904296875 29
    vertex -4.219708442687988 2.81951904296875 29.5
    vertex -3.923027992248535 3.219545841217041 29.5
  endloop
endfacet
facet normal 0 0 0
  outer loop
    vertex -4.219708442687988 2.81951904296875 29
    vertex -3.923027992248535 3.219545841217041 29.5
    vertex -3.923027992248535 3.219545841217041 29
  endloop
endfacet
facet normal 0 0 0
  outer loop
    vertex -3.923027992248535 3.219545841217041 29
    vertex -3.923027992248535 3.219545841217041 29.5
    vertex -3.588567018508911 3.588567018508911 29.5
  endloop
endfacet
facet normal 0 0 0
  outer loop
    vertex -3.923027992248535 3.219545841217041 29
    vertex -3.588567018508911 3.588567018508911 29.5
    vertex -3.588567018508911 3.588567018508911 29
  endloop
endfacet
facet normal 0 0 0
  outer loop
    vertex -3.588567018508911 3.588567018508911 29
    vertex -3.588567018508911 3.588567018508911 29.5
    vertex -3.219545841217041 3.923027992248535 29.5
  endloop
endfacet
facet normal 0 0 0
  outer loop
    vertex -3.588567018508911 3.588567018508911 29
    vertex -3.219545841217041 3.923027992248535 29.5
    vertex -3.219545841217041 3.923027992248535 29
  endloop
endfacet
facet normal 0 0 0
  outer loop
    vertex -3.219545841217041 3.923027992248535 29
    vertex -3.219545841217041 3.923027992248535 29.5
    vertex -2.81951904296875 4.219708442687988 29.5
  endloop
endfacet
facet normal 0 0 0
  outer loop
    vertex -3.219545841217041 3.923027992248535 29
    vertex -2.81951904296875 4.219708442687988 29.5
    vertex -2.81951904296875 4.219708442687988 29
  endloop
endfacet
facet normal 0 0 0
  outer loop
    vertex -2.81951904296875 4.219708442687988 29
    vertex -2.81951904296875 4.219708442687988 29.5
    vertex -2.392338514328003 4.47575044631958 29.5
  endloop
endfacet
facet normal 0 0 0
  outer loop
    vertex -2.81951904296875 4.219708442687988 29
    vertex -2.392338514328003 4.47575044631958 29.5
    vertex -2.392338514328003 4.47575044631958 29
  endloop
endfacet
facet normal 0 0 0
  outer loop
    vertex -2.392338514328003 -4.47575044631958 29.5
    vertex -1.9421184062957764 4.6886887550354 29.5
    vertex -2.392338514328003 4.47575044631958 29.5
  endloop
endfacet
facet normal 0 0 0
  outer loop
    vertex -1.9421184062957764 -4.6886887550354 29.5
    vertex -1.4731947183609009 4.856472015380859 29.5
    vertex -1.9421184062957764 4.6886887550354 29.5
  endloop
endfacet
facet normal 0 0 0
  outer loop
    vertex -1.4731947183609009 -4.856472015380859 29.5
    vertex -0.9900833964347839 4.977485179901123 29.5
    vertex -1.4731947183609009 4.856472015380859 29.5
  endloop
endfacet
facet normal 0 0 0
  outer loop
    vertex -0.9900833964347839 -4.977485179901123 29.5
    vertex -0.4974370002746582 5.050562381744385 29.5
    vertex -0.9900833964347839 4.977485179901123 29.5
  endloop
endfacet
facet normal 0 0 0
  outer loop
    vertex -0.4974370002746582 -5.050562381744385 29.5
    vertex 0 5.074999809265137 29.5
    vertex -0.4974370002746582 5.050562381744385 29.5
  endloop
endfacet
facet normal 0 0 0
  outer loop
    vertex -2.392338514328003 4.47575044631958 29
    vertex -2.392338514328003 4.47575044631958 29.5
    vertex -1.9421184062957764 4.6886887550354 29.5
  endloop
endfacet
facet normal 0 0 0
  outer loop
    vertex -2.392338514328003 4.47575044631958 29
    vertex -1.9421184062957764 4.6886887550354 29.5
    vertex -1.9421184062957764 4.6886887550354 29
  endloop
endfacet
facet normal 0 0 0
  outer loop
    vertex -1.9421184062957764 4.6886887550354 29
    vertex -1.9421184062957764 4.6886887550354 29.5
    vertex -1.4731947183609009 4.856472015380859 29.5
  endloop
endfacet
facet normal 0 0 0
  outer loop
    vertex -1.9421184062957764 4.6886887550354 29
    vertex -1.4731947183609009 4.856472015380859 29.5
    vertex -1.4731947183609009 4.856472015380859 29
  endloop
endfacet
facet normal 0 0 0
  outer loop
    vertex -1.4731947183609009 4.856472015380859 29
    vertex -1.4731947183609009 4.856472015380859 29.5
    vertex -0.9900833964347839 4.977485179901123 29.5
  endloop
endfacet
facet normal 0 0 0
  outer loop
    vertex -1.4731947183609009 4.856472015380859 29
    vertex -0.9900833964347839 4.977485179901123 29.5
    vertex -0.9900833964347839 4.977485179901123 29
  endloop
endfacet
facet normal 0 0 0
  outer loop
    vertex -0.9900833964347839 4.977485179901123 29
    vertex -0.9900833964347839 4.977485179901123 29.5
    vertex -0.4974370002746582 5.050562381744385 29.5
  endloop
endfacet
facet normal 0 0 0
  outer loop
    vertex -0.9900833964347839 4.977485179901123 29
    vertex -0.4974370002746582 5.050562381744385 29.5
    vertex -0.4974370002746582 5.050562381744385 29
  endloop
endfacet
facet normal 0 0 0
  outer loop
    vertex -0.4974370002746582 5.050562381744385 29
    vertex -0.4974370002746582 5.050562381744385 29.5
    vertex 0 5.074999809265137 29.5
  endloop
endfacet
facet normal 0 0 0
  outer loop
    vertex -0.4974370002746582 5.050562381744385 29
    vertex 0 5.074999809265137 29.5
    vertex 0 5.074999809265137 29
  endloop
endfacet
facet normal 0 0 0
  outer loop
    vertex 0 -5.074999809265137 29
    vertex 0.4974370002746582 -5.050562381744385 29
    vertex 0 -5.074999809265137 29.5
  endloop
endfacet
facet normal 0 0 0
  outer loop
    vertex 0 -5.074999809265137 29.5
    vertex 0.4974370002746582 -5.050562381744385 29
    vertex 0.4974370002746582 -5.050562381744385 29.5
  endloop
endfacet
facet normal 0 0 0
  outer loop
    vertex 0.4974370002746582 -5.050562381744385 29
    vertex 0.9900833964347839 -4.977485179901123 29
    vertex 0.4974370002746582 -5.050562381744385 29.5
  endloop
endfacet
facet normal 0 0 0
  outer loop
    vertex 0.4974370002746582 -5.050562381744385 29.5
    vertex 0.9900833964347839 -4.977485179901123 29
    vertex 0.9900833964347839 -4.977485179901123 29.5
  endloop
endfacet
facet normal 0 0 0
  outer loop
    vertex 0.9900833964347839 -4.977485179901123 29
    vertex 1.4731947183609009 -4.856472015380859 29
    vertex 0.9900833964347839 -4.977485179901123 29.5
  endloop
endfacet
facet normal 0 0 0
  outer loop
    vertex 0.9900833964347839 -4.977485179901123 29.5
    vertex 1.4731947183609009 -4.856472015380859 29
    vertex 1.4731947183609009 -4.856472015380859 29.5
  endloop
endfacet
facet normal 0 0 0
  outer loop
    vertex 1.4731947183609009 -4.856472015380859 29
    vertex 1.9421184062957764 -4.6886887550354 29
    vertex 1.4731947183609009 -4.856472015380859 29.5
  endloop
endfacet
facet normal 0 0 0
  outer loop
    vertex 1.4731947183609009 -4.856472015380859 29.5
    vertex 1.9421184062957764 -4.6886887550354 29
    vertex 1.9421184062957764 -4.6886887550354 29.5
  endloop
endfacet
facet normal 0 0 0
  outer loop
    vertex 1.9421184062957764 -4.6886887550354 29
    vertex 2.392338514328003 -4.47575044631958 29
    vertex 1.9421184062957764 -4.6886887550354 29.5
  endloop
endfacet
facet normal 0 0 0
  outer loop
    vertex 1.9421184062957764 -4.6886887550354 29.5
    vertex 2.392338514328003 -4.47575044631958 29
    vertex 2.392338514328003 -4.47575044631958 29.5
  endloop
endfacet
facet normal 0 0 0
  outer loop
    vertex 0 -5.074999809265137 29.5
    vertex 0.4974370002746582 -5.050562381744385 29.5
    vertex 0.4974370002746582 5.050562381744385 29.5
  endloop
endfacet
facet normal 0 0 0
  outer loop
    vertex 0.4974370002746582 -5.050562381744385 29.5
    vertex 0.9900833964347839 -4.977485179901123 29.5
    vertex 0.9900833964347839 4.977485179901123 29.5
  endloop
endfacet
facet normal 0 0 0
  outer loop
    vertex 0.9900833964347839 -4.977485179901123 29.5
    vertex 1.4731947183609009 -4.856472015380859 29.5
    vertex 1.4731947183609009 4.856472015380859 29.5
  endloop
endfacet
facet normal 0 0 0
  outer loop
    vertex 1.4731947183609009 -4.856472015380859 29.5
    vertex 1.9421184062957764 -4.6886887550354 29.5
    vertex 1.9421184062957764 4.6886887550354 29.5
  endloop
endfacet
facet normal 0 0 0
  outer loop
    vertex 1.9421184062957764 -4.6886887550354 29.5
    vertex 2.392338514328003 -4.47575044631958 29.5
    vertex 2.392338514328003 4.47575044631958 29.5
  endloop
endfacet
facet normal 0 0 0
  outer loop
    vertex 2.392338514328003 -4.47575044631958 29
    vertex 2.81951904296875 -4.219708442687988 29
    vertex 2.392338514328003 -4.47575044631958 29.5
  endloop
endfacet
facet normal 0 0 0
  outer loop
    vertex 2.392338514328003 -4.47575044631958 29.5
    vertex 2.81951904296875 -4.219708442687988 29
    vertex 2.81951904296875 -4.219708442687988 29.5
  endloop
endfacet
facet normal 0 0 0
  outer loop
    vertex 2.81951904296875 -4.219708442687988 29
    vertex 3.219545841217041 -3.923027992248535 29
    vertex 2.81951904296875 -4.219708442687988 29.5
  endloop
endfacet
facet normal 0 0 0
  outer loop
    vertex 2.81951904296875 -4.219708442687988 29.5
    vertex 3.219545841217041 -3.923027992248535 29
    vertex 3.219545841217041 -3.923027992248535 29.5
  endloop
endfacet
facet normal 0 0 0
  outer loop
    vertex 3.219545841217041 -3.923027992248535 29
    vertex 3.588567018508911 -3.588567018508911 29
    vertex 3.219545841217041 -3.923027992248535 29.5
  endloop
endfacet
facet normal 0 0 0
  outer loop
    vertex 3.219545841217041 -3.923027992248535 29.5
    vertex 3.588567018508911 -3.588567018508911 29
    vertex 3.588567018508911 -3.588567018508911 29.5
  endloop
endfacet
facet normal 0 0 0
  outer loop
    vertex 3.588567018508911 -3.588567018508911 29
    vertex 3.923027992248535 -3.219545841217041 29
    vertex 3.588567018508911 -3.588567018508911 29.5
  endloop
endfacet
facet normal 0 0 0
  outer loop
    vertex 3.588567018508911 -3.588567018508911 29.5
    vertex 3.923027992248535 -3.219545841217041 29
    vertex 3.923027992248535 -3.219545841217041 29.5
  endloop
endfacet
facet normal 0 0 0
  outer loop
    vertex 3.923027992248535 -3.219545841217041 29
    vertex 4.219708442687988 -2.81951904296875 29
    vertex 3.923027992248535 -3.219545841217041 29.5
  endloop
endfacet
facet normal 0 0 0
  outer loop
    vertex 3.923027992248535 -3.219545841217041 29.5
    vertex 4.219708442687988 -2.81951904296875 29
    vertex 4.219708442687988 -2.81951904296875 29.5
  endloop
endfacet
facet normal 0 0 0
  outer loop
    vertex 4.219708442687988 -2.81951904296875 29
    vertex 4.47575044631958 -2.392338514328003 29
    vertex 4.219708442687988 -2.81951904296875 29.5
  endloop
endfacet
facet normal 0 0 0
  outer loop
    vertex 4.219708442687988 -2.81951904296875 29.5
    vertex 4.47575044631958 -2.392338514328003 29
    vertex 4.47575044631958 -2.392338514328003 29.5
  endloop
endfacet
facet normal 0 0 0
  outer loop
    vertex 2.392338514328003 -4.47575044631958 29.5
    vertex 2.81951904296875 -4.219708442687988 29.5
    vertex 2.81951904296875 4.219708442687988 29.5
  endloop
endfacet
facet normal 0 0 0
  outer loop
    vertex 2.81951904296875 -4.219708442687988 29.5
    vertex 3.219545841217041 -3.923027992248535 29.5
    vertex 3.219545841217041 3.923027992248535 29.5
  endloop
endfacet
facet normal 0 0 0
  outer loop
    vertex 3.219545841217041 -3.923027992248535 29.5
    vertex 3.588567018508911 -3.588567018508911 29.5
    vertex 3.588567018508911 3.588567018508911 29.5
  endloop
endfacet
facet normal 0 0 0
  outer loop
    vertex 3.588567018508911 -3.588567018508911 29.5
    vertex 3.923027992248535 -3.219545841217041 29.5
    vertex 3.923027992248535 3.219545841217041 29.5
  endloop
endfacet
facet normal 0 0 0
  outer loop
    vertex 3.923027992248535 -3.219545841217041 29.5
    vertex 4.219708442687988 -2.81951904296875 29.5
    vertex 4.219708442687988 2.81951904296875 29.5
  endloop
endfacet
facet normal 0 0 0
  outer loop
    vertex 4.219708442687988 -2.81951904296875 29.5
    vertex 4.47575044631958 -2.392338514328003 29.5
    vertex 4.47575044631958 2.392338514328003 29.5
  endloop
endfacet
facet normal 0 0 0
  outer loop
    vertex 4.47575044631958 -2.392338514328003 29
    vertex 4.6886887550354 -1.9421184062957764 29
    vertex 4.47575044631958 -2.392338514328003 29.5
  endloop
endfacet
facet normal 0 0 0
  outer loop
    vertex 4.47575044631958 -2.392338514328003 29.5
    vertex 4.6886887550354 -1.9421184062957764 29
    vertex 4.6886887550354 -1.9421184062957764 29.5
  endloop
endfacet
facet normal 0 0 0
  outer loop
    vertex 4.6886887550354 -1.9421184062957764 29
    vertex 4.856472015380859 -1.4731947183609009 29
    vertex 4.6886887550354 -1.9421184062957764 29.5
  endloop
endfacet
facet normal 0 0 0
  outer loop
    vertex 4.6886887550354 -1.9421184062957764 29.5
    vertex 4.856472015380859 -1.4731947183609009 29
    vertex 4.856472015380859 -1.4731947183609009 29.5
  endloop
endfacet
facet normal 0 0 0
  outer loop
    vertex 4.856472015380859 -1.4731947183609009 29
    vertex 4.977485179901123 -0.9900833964347839 29
    vertex 4.856472015380859 -1.4731947183609009 29.5
  endloop
endfacet
facet normal 0 0 0
  outer loop
    vertex 4.856472015380859 -1.4731947183609009 29.5
    vertex 4.977485179901123 -0.9900833964347839 29
    vertex 4.977485179901123 -0.9900833964347839 29.5
  endloop
endfacet
facet normal 0 0 0
  outer loop
    vertex 4.47575044631958 -2.392338514328003 29.5
    vertex 4.6886887550354 -1.9421184062957764 29.5
    vertex 4.6886887550354 1.9421184062957764 29.5
  endloop
endfacet
facet normal 0 0 0
  outer loop
    vertex 4.6886887550354 -1.9421184062957764 29.5
    vertex 4.856472015380859 -1.4731947183609009 29.5
    vertex 4.856472015380859 1.4731947183609009 29.5
  endloop
endfacet
facet normal 0 0 0
  outer loop
    vertex 4.977485179901123 -0.9900833964347839 29
    vertex 5.050562381744385 -0.4974370002746582 29
    vertex 4.977485179901123 -0.9900833964347839 29.5
  endloop
endfacet
facet normal 0 0 0
  outer loop
    vertex 4.977485179901123 -0.9900833964347839 29.5
    vertex 5.050562381744385 -0.4974370002746582 29
    vertex 5.050562381744385 -0.4974370002746582 29.5
  endloop
endfacet
facet normal 0 0 0
  outer loop
    vertex 4.856472015380859 -1.4731947183609009 29.5
    vertex 4.977485179901123 -0.9900833964347839 29.5
    vertex 4.977485179901123 0.9900833964347839 29.5
  endloop
endfacet
facet normal 0 0 0
  outer loop
    vertex 5.050562381744385 -0.4974370002746582 29
    vertex 5.074999809265137 0 29
    vertex 5.050562381744385 -0.4974370002746582 29.5
  endloop
endfacet
facet normal 0 0 0
  outer loop
    vertex 4.977485179901123 -0.9900833964347839 29.5
    vertex 5.050562381744385 -0.4974370002746582 29.5
    vertex 5.050562381744385 0.4974370002746582 29.5
  endloop
endfacet
facet normal 0 0 0
  outer loop
    vertex 5.050562381744385 -0.4974370002746582 29.5
    vertex 5.074999809265137 0 29
    vertex 5.074999809265137 0 29.5
  endloop
endfacet
facet normal 0 0 0
  outer loop
    vertex 0 -5.074999809265137 29.5
    vertex 0.4974370002746582 5.050562381744385 29.5
    vertex 0 5.074999809265137 29.5
  endloop
endfacet
facet normal 0 0 0
  outer loop
    vertex 0.4974370002746582 -5.050562381744385 29.5
    vertex 0.9900833964347839 4.977485179901123 29.5
    vertex 0.4974370002746582 5.050562381744385 29.5
  endloop
endfacet
facet normal 0 0 0
  outer loop
    vertex 0.9900833964347839 -4.977485179901123 29.5
    vertex 1.4731947183609009 4.856472015380859 29.5
    vertex 0.9900833964347839 4.977485179901123 29.5
  endloop
endfacet
facet normal 0 0 0
  outer loop
    vertex 1.4731947183609009 -4.856472015380859 29.5
    vertex 1.9421184062957764 4.6886887550354 29.5
    vertex 1.4731947183609009 4.856472015380859 29.5
  endloop
endfacet
facet normal 0 0 0
  outer loop
    vertex 1.9421184062957764 -4.6886887550354 29.5
    vertex 2.392338514328003 4.47575044631958 29.5
    vertex 1.9421184062957764 4.6886887550354 29.5
  endloop
endfacet
facet normal 0 0 0
  outer loop
    vertex 2.392338514328003 -4.47575044631958 29.5
    vertex 2.81951904296875 4.219708442687988 29.5
    vertex 2.392338514328003 4.47575044631958 29.5
  endloop
endfacet
facet normal 0 0 0
  outer loop
    vertex 2.81951904296875 -4.219708442687988 29.5
    vertex 3.219545841217041 3.923027992248535 29.5
    vertex 2.81951904296875 4.219708442687988 29.5
  endloop
endfacet
facet normal 0 0 0
  outer loop
    vertex 3.219545841217041 -3.923027992248535 29.5
    vertex 3.588567018508911 3.588567018508911 29.5
    vertex 3.219545841217041 3.923027992248535 29.5
  endloop
endfacet
facet normal 0 0 0
  outer loop
    vertex 3.588567018508911 -3.588567018508911 29.5
    vertex 3.923027992248535 3.219545841217041 29.5
    vertex 3.588567018508911 3.588567018508911 29.5
  endloop
endfacet
facet normal 0 0 0
  outer loop
    vertex 3.923027992248535 -3.219545841217041 29.5
    vertex 4.219708442687988 2.81951904296875 29.5
    vertex 3.923027992248535 3.219545841217041 29.5
  endloop
endfacet
facet normal 0 0 0
  outer loop
    vertex 4.219708442687988 -2.81951904296875 29.5
    vertex 4.47575044631958 2.392338514328003 29.5
    vertex 4.219708442687988 2.81951904296875 29.5
  endloop
endfacet
facet normal 0 0 0
  outer loop
    vertex 2.392338514328003 4.47575044631958 29
    vertex 2.392338514328003 4.47575044631958 29.5
    vertex 2.81951904296875 4.219708442687988 29.5
  endloop
endfacet
facet normal 0 0 0
  outer loop
    vertex 2.392338514328003 4.47575044631958 29
    vertex 2.81951904296875 4.219708442687988 29.5
    vertex 2.81951904296875 4.219708442687988 29
  endloop
endfacet
facet normal 0 0 0
  outer loop
    vertex 3.219545841217041 3.923027992248535 29
    vertex 3.219545841217041 3.923027992248535 29.5
    vertex 3.588567018508911 3.588567018508911 29.5
  endloop
endfacet
facet normal 0 0 0
  outer loop
    vertex 3.219545841217041 3.923027992248535 29.5
    vertex 2.81951904296875 4.219708442687988 29
    vertex 2.81951904296875 4.219708442687988 29.5
  endloop
endfacet
facet normal 0 0 0
  outer loop
    vertex 3.219545841217041 3.923027992248535 29
    vertex 2.81951904296875 4.219708442687988 29
    vertex 3.219545841217041 3.923027992248535 29.5
  endloop
endfacet
facet normal 0 0 0
  outer loop
    vertex 3.923027992248535 3.219545841217041 29
    vertex 3.588567018508911 3.588567018508911 29
    vertex 3.923027992248535 3.219545841217041 29.5
  endloop
endfacet
facet normal 0 0 0
  outer loop
    vertex 4.47575044631958 2.392338514328003 29.5
    vertex 4.219708442687988 2.81951904296875 29
    vertex 4.219708442687988 2.81951904296875 29.5
  endloop
endfacet
facet normal 0 0 0
  outer loop
    vertex 4.47575044631958 2.392338514328003 29
    vertex 4.219708442687988 2.81951904296875 29
    vertex 4.47575044631958 2.392338514328003 29.5
  endloop
endfacet
facet normal 0 0 0
  outer loop
    vertex 3.923027992248535 3.219545841217041 29
    vertex 3.923027992248535 3.219545841217041 29.5
    vertex 4.219708442687988 2.81951904296875 29.5
  endloop
endfacet
facet normal 0 0 0
  outer loop
    vertex 3.923027992248535 3.219545841217041 29
    vertex 4.219708442687988 2.81951904296875 29.5
    vertex 4.219708442687988 2.81951904296875 29
  endloop
endfacet
facet normal 0 0 0
  outer loop
    vertex 3.219545841217041 3.923027992248535 29
    vertex 3.588567018508911 3.588567018508911 29.5
    vertex 3.588567018508911 3.588567018508911 29
  endloop
endfacet
facet normal 0 0 0
  outer loop
    vertex 3.923027992248535 3.219545841217041 29.5
    vertex 3.588567018508911 3.588567018508911 29
    vertex 3.588567018508911 3.588567018508911 29.5
  endloop
endfacet
facet normal 0 0 0
  outer loop
    vertex 0 5.074999809265137 29
    vertex 0.4974370002746582 5.050562381744385 29.5
    vertex 0.4974370002746582 5.050562381744385 29
  endloop
endfacet
facet normal 0 0 0
  outer loop
    vertex 0 5.074999809265137 29
    vertex 0 5.074999809265137 29.5
    vertex 0.4974370002746582 5.050562381744385 29.5
  endloop
endfacet
facet normal 0 0 0
  outer loop
    vertex 0.9900833964347839 4.977485179901123 29.5
    vertex 0.4974370002746582 5.050562381744385 29
    vertex 0.4974370002746582 5.050562381744385 29.5
  endloop
endfacet
facet normal 0 0 0
  outer loop
    vertex 0.9900833964347839 4.977485179901123 29
    vertex 0.4974370002746582 5.050562381744385 29
    vertex 0.9900833964347839 4.977485179901123 29.5
  endloop
endfacet
facet normal 0 0 0
  outer loop
    vertex 0.9900833964347839 4.977485179901123 29
    vertex 0.9900833964347839 4.977485179901123 29.5
    vertex 1.4731947183609009 4.856472015380859 29.5
  endloop
endfacet
facet normal 0 0 0
  outer loop
    vertex 0.9900833964347839 4.977485179901123 29
    vertex 1.4731947183609009 4.856472015380859 29.5
    vertex 1.4731947183609009 4.856472015380859 29
  endloop
endfacet
facet normal 0 0 0
  outer loop
    vertex 1.4731947183609009 4.856472015380859 29
    vertex 1.4731947183609009 4.856472015380859 29.5
    vertex 1.9421184062957764 4.6886887550354 29.5
  endloop
endfacet
facet normal 0 0 0
  outer loop
    vertex 1.4731947183609009 4.856472015380859 29
    vertex 1.9421184062957764 4.6886887550354 29.5
    vertex 1.9421184062957764 4.6886887550354 29
  endloop
endfacet
facet normal 0 0 0
  outer loop
    vertex 1.9421184062957764 4.6886887550354 29
    vertex 1.9421184062957764 4.6886887550354 29.5
    vertex 2.392338514328003 4.47575044631958 29.5
  endloop
endfacet
facet normal 0 0 0
  outer loop
    vertex 1.9421184062957764 4.6886887550354 29
    vertex 2.392338514328003 4.47575044631958 29.5
    vertex 2.392338514328003 4.47575044631958 29
  endloop
endfacet
facet normal 0 0 0
  outer loop
    vertex 4.6886887550354 -1.9421184062957764 29.5
    vertex 4.856472015380859 1.4731947183609009 29.5
    vertex 4.6886887550354 1.9421184062957764 29.5
  endloop
endfacet
facet normal 0 0 0
  outer loop
    vertex 5.050562381744385 -0.4974370002746582 29.5
    vertex 5.074999809265137 0 29.5
    vertex 5.050562381744385 0.4974370002746582 29.5
  endloop
endfacet
facet normal 0 0 0
  outer loop
    vertex 4.977485179901123 -0.9900833964347839 29.5
    vertex 5.050562381744385 0.4974370002746582 29.5
    vertex 4.977485179901123 0.9900833964347839 29.5
  endloop
endfacet
facet normal 0 0 0
  outer loop
    vertex 4.856472015380859 -1.4731947183609009 29.5
    vertex 4.977485179901123 0.9900833964347839 29.5
    vertex 4.856472015380859 1.4731947183609009 29.5
  endloop
endfacet
facet normal 0 0 0
  outer loop
    vertex 5.074999809265137 0 29.5
    vertex 5.050562381744385 0.4974370002746582 29
    vertex 5.050562381744385 0.4974370002746582 29.5
  endloop
endfacet
facet normal 0 0 0
  outer loop
    vertex 4.47575044631958 -2.392338514328003 29.5
    vertex 4.6886887550354 1.9421184062957764 29.5
    vertex 4.47575044631958 2.392338514328003 29.5
  endloop
endfacet
facet normal 0 0 0
  outer loop
    vertex 4.977485179901123 0.9900833964347839 29
    vertex 5.050562381744385 0.4974370002746582 29.5
    vertex 5.050562381744385 0.4974370002746582 29
  endloop
endfacet
facet normal 0 0 0
  outer loop
    vertex 4.977485179901123 0.9900833964347839 29
    vertex 4.977485179901123 0.9900833964347839 29.5
    vertex 5.050562381744385 0.4974370002746582 29.5
  endloop
endfacet
facet normal 0 0 0
  outer loop
    vertex 5.074999809265137 0 29
    vertex 5.050562381744385 0.4974370002746582 29
    vertex 5.074999809265137 0 29.5
  endloop
endfacet
facet normal 0 0 0
  outer loop
    vertex 4.977485179901123 0.9900833964347839 29.5
    vertex 4.856472015380859 1.4731947183609009 29
    vertex 4.856472015380859 1.4731947183609009 29.5
  endloop
endfacet
facet normal 0 0 0
  outer loop
    vertex 4.977485179901123 0.9900833964347839 29
    vertex 4.856472015380859 1.4731947183609009 29
    vertex 4.977485179901123 0.9900833964347839 29.5
  endloop
endfacet
facet normal 0 0 0
  outer loop
    vertex 4.856472015380859 1.4731947183609009 29
    vertex 4.6886887550354 1.9421184062957764 29
    vertex 4.856472015380859 1.4731947183609009 29.5
  endloop
endfacet
facet normal 0 0 0
  outer loop
    vertex 4.856472015380859 1.4731947183609009 29.5
    vertex 4.6886887550354 1.9421184062957764 29
    vertex 4.6886887550354 1.9421184062957764 29.5
  endloop
endfacet
facet normal 0 0 0
  outer loop
    vertex 4.6886887550354 1.9421184062957764 29
    vertex 4.47575044631958 2.392338514328003 29
    vertex 4.6886887550354 1.9421184062957764 29.5
  endloop
endfacet
facet normal 0 0 0
  outer loop
    vertex 4.6886887550354 1.9421184062957764 29.5
    vertex 4.47575044631958 2.392338514328003 29
    vertex 4.47575044631958 2.392338514328003 29.5
  endloop
endfacet
facet normal 0 0 0
  outer loop
    vertex -5.836645126342773 -4.7052741050720215 -32
    vertex -5.836645126342773 -4.7052741050720215 -18.640321731567383
    vertex -6.236021995544434 -4.166776657104492 -32
  endloop
endfacet
facet normal 0 0 0
  outer loop
    vertex -4.7052741050720215 -5.836645126342773 -32
    vertex -4.166776657104492 -6.236021995544434 -32
    vertex -4.7052741050720215 -5.836645126342773 -18.640321731567383
  endloop
endfacet
facet normal 0 0 0
  outer loop
    vertex -4.7052741050720215 -5.836645126342773 -18.640321731567383
    vertex -4.166776657104492 -6.236021995544434 -32
    vertex -4.7579498291015625 -5.79757833480835 -12
  endloop
endfacet
facet normal 0 0 0
  outer loop
    vertex -5.836645126342773 -4.7052741050720215 -18.640321731567383
    vertex -5.79757833480835 -4.7579498291015625 -18.505603790283203
    vertex -6.236021995544434 -4.166776657104492 -12
  endloop
endfacet
facet normal 0 0 0
  outer loop
    vertex -5.79757833480835 -4.7579498291015625 -18.505603790283203
    vertex -5.303300857543945 -5.303300857543945 -18
    vertex -5.79757833480835 -4.7579498291015625 -12
  endloop
endfacet
facet normal 0 0 0
  outer loop
    vertex -5.79757833480835 -4.7579498291015625 -18.505603790283203
    vertex -5.79757833480835 -4.7579498291015625 -12
    vertex -6.236021995544434 -4.166776657104492 -12
  endloop
endfacet
facet normal 0 0 0
  outer loop
    vertex -4.7579498291015625 -5.79757833480835 -18.505603790283203
    vertex -4.7052741050720215 -5.836645126342773 -18.640321731567383
    vertex -4.7579498291015625 -5.79757833480835 -12
  endloop
endfacet
facet normal 0 0 0
  outer loop
    vertex -4.7579498291015625 -5.79757833480835 -18.505603790283203
    vertex -4.7579498291015625 -5.79757833480835 -12
    vertex -5.303300857543945 -5.303300857543945 -12
  endloop
endfacet
facet normal 0 0 0
  outer loop
    vertex -4.7579498291015625 -5.79757833480835 -18.505603790283203
    vertex -5.303300857543945 -5.303300857543945 -12
    vertex -5.303300857543945 -5.303300857543945 -18
  endloop
endfacet
facet normal 0 0 0
  outer loop
    vertex -5.303300857543945 -5.303300857543945 -18
    vertex -5.303300857543945 -5.303300857543945 -12
    vertex -5.79757833480835 -4.7579498291015625 -12
  endloop
endfacet
facet normal 0 0 0
  outer loop
    vertex -6.929096698760986 -2.8701257705688477 -32
    vertex -6.614409446716309 -3.535475492477417 -32
    vertex -6.929096698760986 -2.8701257705688477 -12
  endloop
endfacet
facet normal 0 0 0
  outer loop
    vertex -6.929096698760986 -2.8701257705688477 -32
    vertex -7.1770524978637695 -2.1771349906921387 -12
    vertex -7.1770524978637695 -2.1771349906921387 -32
  endloop
endfacet
facet normal 0 0 0
  outer loop
    vertex -6.929096698760986 -2.8701257705688477 -32
    vertex -6.929096698760986 -2.8701257705688477 -12
    vertex -7.1770524978637695 -2.1771349906921387 -12
  endloop
endfacet
facet normal 0 0 0
  outer loop
    vertex -6.929096698760986 -2.8701257705688477 -32
    vertex -7.1770524978637695 -2.1771349906921387 -32
    vertex -7.000636100769043 -0.800000011920929 -32
  endloop
endfacet
facet normal 0 0 0
  outer loop
    vertex -7.355889797210693 -1.4631774425506592 -32
    vertex -7.000636100769043 -0.800000011920929 -32
    vertex -7.1770524978637695 -2.1771349906921387 -32
  endloop
endfacet
facet normal 0 0 0
  outer loop
    vertex -7.355889797210693 -1.4631774425506592 -32
    vertex -7.1770524978637695 -2.1771349906921387 -32
    vertex -7.355889797210693 -1.4631774425506592 -12
  endloop
endfacet
facet normal 0 0 0
  outer loop
    vertex -7.355889797210693 -1.4631774425506592 -32
    vertex -7.454262733459473 -0.800000011920929 -32
    vertex -7.000636100769043 -0.800000011920929 -32
  endloop
endfacet
facet normal 0 0 0
  outer loop
    vertex -6.929096698760986 -2.8701257705688477 -32
    vertex -7.000636100769043 -0.800000011920929 -32
    vertex -7.000636100769043 0.800000011920929 -32
  endloop
endfacet
facet normal 0 0 0
  outer loop
    vertex -7.355889797210693 -1.4631774425506592 -32
    vertex -7.454262733459473 -0.800000011920929 -18.640321731567383
    vertex -7.454262733459473 -0.800000011920929 -32
  endloop
endfacet
facet normal 0 0 0
  outer loop
    vertex -7.355889797210693 -1.4631774425506592 -32
    vertex -7.355889797210693 -1.4631774425506592 -12
    vertex -7.463885307312012 -0.7351285815238953 -12
  endloop
endfacet
facet normal 0 0 0
  outer loop
    vertex -7.1770524978637695 -2.1771349906921387 -32
    vertex -7.1770524978637695 -2.1771349906921387 -12
    vertex -7.355889797210693 -1.4631774425506592 -12
  endloop
endfacet
facet normal 0 0 0
  outer loop
    vertex -7.355889797210693 -1.4631774425506592 -32
    vertex -7.463885307312012 -0.7351285815238953 -12
    vertex -7.454262733459473 -0.800000011920929 -18.640321731567383
  endloop
endfacet
facet normal 0 0 0
  outer loop
    vertex -6.236021995544434 -4.166776657104492 -32
    vertex -6.614409446716309 -3.535475492477417 -12
    vertex -6.614409446716309 -3.535475492477417 -32
  endloop
endfacet
facet normal 0 0 0
  outer loop
    vertex -5.836645126342773 -4.7052741050720215 -18.640321731567383
    vertex -6.236021995544434 -4.166776657104492 -12
    vertex -6.236021995544434 -4.166776657104492 -32
  endloop
endfacet
facet normal 0 0 0
  outer loop
    vertex -6.236021995544434 -4.166776657104492 -32
    vertex -6.236021995544434 -4.166776657104492 -12
    vertex -6.614409446716309 -3.535475492477417 -12
  endloop
endfacet
facet normal 0 0 0
  outer loop
    vertex -6.614409446716309 -3.535475492477417 -32
    vertex -6.614409446716309 -3.535475492477417 -12
    vertex -6.929096698760986 -2.8701257705688477 -12
  endloop
endfacet
facet normal 0 0 0
  outer loop
    vertex -6.236021995544434 -4.166776657104492 -32
    vertex -6.614409446716309 -3.535475492477417 -32
    vertex -6.236021995544434 4.166776657104492 -32
  endloop
endfacet
facet normal 0 0 0
  outer loop
    vertex -5.836645126342773 -4.7052741050720215 -32
    vertex -6.236021995544434 -4.166776657104492 -32
    vertex -5.51588249206543 4.384511947631836 -32
  endloop
endfacet
facet normal 0 0 0
  outer loop
    vertex -6.929096698760986 -2.8701257705688477 -32
    vertex -6.614409446716309 3.535475492477417 -32
    vertex -6.614409446716309 -3.535475492477417 -32
  endloop
endfacet
facet normal 0 0 0
  outer loop
    vertex -5.836645126342773 -4.7052741050720215 -32
    vertex -4.384511947631836 5.51588249206543 -32
    vertex -5.51588249206543 -4.384511947631836 -32
  endloop
endfacet
facet normal 0 0 0
  outer loop
    vertex -5.51588249206543 -4.384511947631836 -32
    vertex -4.166776657104492 6.236021995544434 -32
    vertex -4.384511947631836 -5.51588249206543 -32
  endloop
endfacet
facet normal 0 0 0
  outer loop
    vertex -7.454262733459473 -0.800000011920929 -18.640321731567383
    vertex -7.463885307312012 -0.7351285815238953 -12
    vertex -7.463885307312012 -0.7351285815238953 -18.505603790283203
  endloop
endfacet
facet normal 0 0 0
  outer loop
    vertex -7.463885307312012 -0.7351285815238953 -18.505603790283203
    vertex -7.5 0 -12
    vertex -7.5 0 -18
  endloop
endfacet
facet normal 0 0 0
  outer loop
    vertex -7.463885307312012 -0.7351285815238953 -18.505603790283203
    vertex -7.463885307312012 -0.7351285815238953 -12
    vertex -7.5 0 -12
  endloop
endfacet
facet normal 0 0 0
  outer loop
    vertex -2.8701257705688477 -6.929096698760986 -32
    vertex -2.1771349906921387 -7.1770524978637695 -32
    vertex -2.8701257705688477 -6.929096698760986 -12
  endloop
endfacet
facet normal 0 0 0
  outer loop
    vertex -2.8701257705688477 -6.929096698760986 -32
    vertex -2.8701257705688477 -6.929096698760986 -12
    vertex -3.535475492477417 -6.614409446716309 -12
  endloop
endfacet
facet normal 0 0 0
  outer loop
    vertex -2.1771349906921387 -7.1770524978637695 -32
    vertex -2.1771349906921387 -7.1770524978637695 -12
    vertex -2.8701257705688477 -6.929096698760986 -12
  endloop
endfacet
facet normal 0 0 0
  outer loop
    vertex -4.7052741050720215 -5.836645126342773 -32
    vertex -4.384511947631836 -5.51588249206543 -32
    vertex -4.166776657104492 -6.236021995544434 -32
  endloop
endfacet
facet normal 0 0 0
  outer loop
    vertex -4.166776657104492 -6.236021995544434 -32
    vertex -3.535475492477417 -6.614409446716309 -32
    vertex -4.166776657104492 -6.236021995544434 -12
  endloop
endfacet
facet normal 0 0 0
  outer loop
    vertex -2.8701257705688477 -6.929096698760986 -32
    vertex -3.535475492477417 -6.614409446716309 -12
    vertex -3.535475492477417 -6.614409446716309 -32
  endloop
endfacet
facet normal 0 0 0
  outer loop
    vertex -4.166776657104492 -6.236021995544434 -32
    vertex -4.166776657104492 -6.236021995544434 -12
    vertex -4.7579498291015625 -5.79757833480835 -12
  endloop
endfacet
facet normal 0 0 0
  outer loop
    vertex -3.535475492477417 -6.614409446716309 -32
    vertex -3.535475492477417 -6.614409446716309 -12
    vertex -4.166776657104492 -6.236021995544434 -12
  endloop
endfacet
facet normal 0 0 0
  outer loop
    vertex -2.1771349906921387 -7.1770524978637695 -32
    vertex -1.4631774425506592 -7.355889797210693 -32
    vertex -2.1771349906921387 -7.1770524978637695 -12
  endloop
endfacet
facet normal 0 0 0
  outer loop
    vertex -1.4631774425506592 -7.355889797210693 -32
    vertex -0.800000011920929 -7.000636100769043 -32
    vertex -0.800000011920929 -7.454262733459473 -32
  endloop
endfacet
facet normal 0 0 0
  outer loop
    vertex -1.4631774425506592 -7.355889797210693 -32
    vertex -0.800000011920929 -7.454262733459473 -32
    vertex -0.800000011920929 -7.454262733459473 -18.640321731567383
  endloop
endfacet
facet normal 0 0 0
  outer loop
    vertex -1.4631774425506592 -7.355889797210693 -32
    vertex -0.800000011920929 -7.454262733459473 -18.640321731567383
    vertex -1.4631774425506592 -7.355889797210693 -12
  endloop
endfacet
facet normal 0 0 0
  outer loop
    vertex -1.4631774425506592 -7.355889797210693 -32
    vertex -1.4631774425506592 -7.355889797210693 -12
    vertex -2.1771349906921387 -7.1770524978637695 -12
  endloop
endfacet
facet normal 0 0 0
  outer loop
    vertex -2.8701257705688477 -6.929096698760986 -7
    vertex -3.535475492477417 -6.614409446716309 -7
    vertex -2.8701257705688477 -6.929096698760986 -8
  endloop
endfacet
facet normal 0 0 0
  outer loop
    vertex -2.8701257705688477 -6.929096698760986 -7
    vertex -2.8701257705688477 -6.929096698760986 -8
    vertex -2.1771349906921387 -7.1770524978637695 -8
  endloop
endfacet
facet normal 0 0 0
  outer loop
    vertex -2.8701257705688477 -6.929096698760986 -7
    vertex -2.1771349906921387 -7.1770524978637695 -8
    vertex -2.1771349906921387 -7.1770524978637695 -7
  endloop
endfacet
facet normal 0 0 0
  outer loop
    vertex -3.535475492477417 -6.614409446716309 -8
    vertex -3.726356267929077 -6.5 -8
    vertex -3.535475492477417 -6.614409446716309 -12
  endloop
endfacet
facet normal 0 0 0
  outer loop
    vertex -3.535475492477417 -6.614409446716309 -7
    vertex -3.7557175159454346 -6.482401371002197 -7
    vertex -3.726356267929077 -6.5 -8
  endloop
endfacet
facet normal 0 0 0
  outer loop
    vertex -3.535475492477417 -6.614409446716309 -7
    vertex -3.726356267929077 -6.5 -8
    vertex -3.535475492477417 -6.614409446716309 -8
  endloop
endfacet
facet normal 0 0 0
  outer loop
    vertex -3.535475492477417 -6.614409446716309 -7
    vertex -3.535475492477417 -6.614409446716309 -8
    vertex -2.8701257705688477 -6.929096698760986 -8
  endloop
endfacet
facet normal 0 0 0
  outer loop
    vertex -0.800000011920929 -7.454262733459473 -18.640321731567383
    vertex -0.7351285815238953 -7.463885307312012 -18.505603790283203
    vertex -1.4631774425506592 -7.355889797210693 -12
  endloop
endfacet
facet normal 0 0 0
  outer loop
    vertex -0.7351285815238953 -7.463885307312012 -18.505603790283203
    vertex -0.7351285815238953 -7.463885307312012 -12
    vertex -1.4631774425506592 -7.355889797210693 -12
  endloop
endfacet
facet normal 0 0 0
  outer loop
    vertex -0.7351285815238953 -7.463885307312012 -18.505603790283203
    vertex 0 -7.5 -18
    vertex -0.7351285815238953 -7.463885307312012 -12
  endloop
endfacet
facet normal 0 0 0
  outer loop
    vertex 0 -7.5 -18
    vertex 0 -7.5 -12
    vertex -0.7351285815238953 -7.463885307312012 -12
  endloop
endfacet
facet normal 0 0 0
  outer loop
    vertex -2.1771349906921387 -7.1770524978637695 -7
    vertex -2.1771349906921387 -7.1770524978637695 -8
    vertex -1.4631774425506592 -7.355889797210693 -8
  endloop
endfacet
facet normal 0 0 0
  outer loop
    vertex -2.1771349906921387 -7.1770524978637695 -7
    vertex -1.4631774425506592 -7.355889797210693 -8
    vertex -1.4631774425506592 -7.355889797210693 -7
  endloop
endfacet
facet normal 0 0 0
  outer loop
    vertex -1.4631774425506592 -7.355889797210693 -7
    vertex -1.4631774425506592 -7.355889797210693 -8
    vertex -0.7351285815238953 -7.463885307312012 -8
  endloop
endfacet
facet normal 0 0 0
  outer loop
    vertex -1.7558128833770752 -7.282588005065918 -4
    vertex -1.7039090394973755 -6.5 -4
    vertex -1.7558128833770752 -6.5 -4
  endloop
endfacet
facet normal 0 0 0
  outer loop
    vertex -1.4631774425506592 -7.355889797210693 -7
    vertex -0.7351285815238953 -7.463885307312012 -8
    vertex -0.7351285815238953 -7.463885307312012 -7
  endloop
endfacet
facet normal 0 0 0
  outer loop
    vertex -0.7351285815238953 -7.463885307312012 -7
    vertex -0.7351285815238953 -7.463885307312012 -8
    vertex 0 -7.5 -8
  endloop
endfacet
facet normal 0 0 0
  outer loop
    vertex -0.7351285815238953 -7.463885307312012 -7
    vertex 0 -7.5 -8
    vertex 0 -7.5 -7
  endloop
endfacet
facet normal 0 0 0
  outer loop
    vertex -0.8821542859077454 -7.442076206207275 -4
    vertex -0.7884522676467896 -6.5 -4
    vertex -0.8821542859077454 -6.5 -4
  endloop
endfacet
facet normal 0 0 0
  outer loop
    vertex -2.8701257705688477 -6.929096698760986 -32
    vertex -2.1771349906921387 7.1770524978637695 -32
    vertex -2.1771349906921387 -7.1770524978637695 -32
  endloop
endfacet
facet normal 0 0 0
  outer loop
    vertex -4.166776657104492 -6.236021995544434 -32
    vertex -4.384511947631836 -5.51588249206543 -32
    vertex -4.166776657104492 6.236021995544434 -32
  endloop
endfacet
facet normal 0 0 0
  outer loop
    vertex -4.166776657104492 -6.236021995544434 -32
    vertex -3.535475492477417 6.614409446716309 -32
    vertex -3.535475492477417 -6.614409446716309 -32
  endloop
endfacet
facet normal 0 0 0
  outer loop
    vertex -2.8701257705688477 -6.929096698760986 -32
    vertex -3.535475492477417 -6.614409446716309 -32
    vertex -2.8701257705688477 6.929096698760986 -32
  endloop
endfacet
facet normal 0 0 0
  outer loop
    vertex -2.1771349906921387 -7.1770524978637695 -32
    vertex -1.4631774425506592 7.355889797210693 -32
    vertex -1.4631774425506592 -7.355889797210693 -32
  endloop
endfacet
facet normal 0 0 0
  outer loop
    vertex -1.4631774425506592 -7.355889797210693 -32
    vertex 0.800000011920929 7.000636100769043 -32
    vertex -0.800000011920929 -7.000636100769043 -32
  endloop
endfacet
facet normal 0 0 0
  outer loop
    vertex -6.929096698760986 -2.8701257705688477 -32
    vertex -7.000636100769043 0.800000011920929 -32
    vertex -6.929096698760986 2.8701257705688477 -32
  endloop
endfacet
facet normal 0 0 0
  outer loop
    vertex -7.454262733459473 0.800000011920929 -32
    vertex -7.454262733459473 0.800000011920929 -18.640321731567383
    vertex -7.355889797210693 1.4631774425506592 -32
  endloop
endfacet
facet normal 0 0 0
  outer loop
    vertex -7.454262733459473 0.800000011920929 -32
    vertex -7.355889797210693 1.4631774425506592 -32
    vertex -7.1770524978637695 2.1771349906921387 -32
  endloop
endfacet
facet normal 0 0 0
  outer loop
    vertex -7.454262733459473 0.800000011920929 -32
    vertex -6.929096698760986 2.8701257705688477 -32
    vertex -7.000636100769043 0.800000011920929 -32
  endloop
endfacet
facet normal 0 0 0
  outer loop
    vertex -6.929096698760986 -2.8701257705688477 -32
    vertex -6.929096698760986 2.8701257705688477 -32
    vertex -6.614409446716309 3.535475492477417 -32
  endloop
endfacet
facet normal 0 0 0
  outer loop
    vertex -7.454262733459473 0.800000011920929 -32
    vertex -7.1770524978637695 2.1771349906921387 -32
    vertex -6.929096698760986 2.8701257705688477 -32
  endloop
endfacet
facet normal 0 0 0
  outer loop
    vertex -7.355889797210693 1.4631774425506592 -32
    vertex -7.1770524978637695 2.1771349906921387 -12
    vertex -7.1770524978637695 2.1771349906921387 -32
  endloop
endfacet
facet normal 0 0 0
  outer loop
    vertex -7.355889797210693 1.4631774425506592 -32
    vertex -7.454262733459473 0.800000011920929 -18.640321731567383
    vertex -7.355889797210693 1.4631774425506592 -12
  endloop
endfacet
facet normal 0 0 0
  outer loop
    vertex -7.355889797210693 1.4631774425506592 -32
    vertex -7.355889797210693 1.4631774425506592 -12
    vertex -7.212820053100586 2.0343434810638428 -12
  endloop
endfacet
facet normal 0 0 0
  outer loop
    vertex -7.355889797210693 1.4631774425506592 -32
    vertex -7.212820053100586 2.0343434810638428 -12
    vertex -7.1770524978637695 2.1771349906921387 -12
  endloop
endfacet
facet normal 0 0 0
  outer loop
    vertex -7.1770524978637695 2.1771349906921387 -32
    vertex -6.929096698760986 2.8701257705688477 -12
    vertex -6.929096698760986 2.8701257705688477 -32
  endloop
endfacet
facet normal 0 0 0
  outer loop
    vertex -7.1770524978637695 2.1771349906921387 -32
    vertex -7.1770524978637695 2.1771349906921387 -12
    vertex -6.978687763214111 2.73152756690979 -12
  endloop
endfacet
facet normal 0 0 0
  outer loop
    vertex -7.1770524978637695 2.1771349906921387 -32
    vertex -6.978687763214111 2.73152756690979 -12
    vertex -6.929096698760986 2.8701257705688477 -12
  endloop
endfacet
facet normal 0 0 0
  outer loop
    vertex -6.929096698760986 2.8701257705688477 -32
    vertex -6.929096698760986 2.8701257705688477 -12
    vertex -6.677346706390381 3.4024055004119873 -12
  endloop
endfacet
facet normal 0 0 0
  outer loop
    vertex -6.614409446716309 -3.535475492477417 -32
    vertex -6.614409446716309 3.535475492477417 -32
    vertex -6.236021995544434 4.166776657104492 -32
  endloop
endfacet
facet normal 0 0 0
  outer loop
    vertex -6.236021995544434 -4.166776657104492 -32
    vertex -6.236021995544434 4.166776657104492 -32
    vertex -5.51588249206543 4.384511947631836 -32
  endloop
endfacet
facet normal 0 0 0
  outer loop
    vertex -5.836645126342773 -4.7052741050720215 -32
    vertex -5.51588249206543 4.384511947631836 -32
    vertex -4.384511947631836 5.51588249206543 -32
  endloop
endfacet
facet normal 0 0 0
  outer loop
    vertex -6.929096698760986 2.8701257705688477 -32
    vertex -6.614409446716309 3.535475492477417 -12
    vertex -6.614409446716309 3.535475492477417 -32
  endloop
endfacet
facet normal 0 0 0
  outer loop
    vertex -6.236021995544434 4.166776657104492 -32
    vertex -5.836645126342773 4.7052741050720215 -32
    vertex -5.51588249206543 4.384511947631836 -32
  endloop
endfacet
facet normal 0 0 0
  outer loop
    vertex -6.614409446716309 3.535475492477417 -32
    vertex -6.236021995544434 4.166776657104492 -12
    vertex -6.236021995544434 4.166776657104492 -32
  endloop
endfacet
facet normal 0 0 0
  outer loop
    vertex -5.51588249206543 -4.384511947631836 -32
    vertex -4.384511947631836 5.51588249206543 -32
    vertex -4.166776657104492 6.236021995544434 -32
  endloop
endfacet
facet normal 0 0 0
  outer loop
    vertex -6.929096698760986 2.8701257705688477 -32
    vertex -6.677346706390381 3.4024055004119873 -12
    vertex -6.614409446716309 3.535475492477417 -12
  endloop
endfacet
facet normal 0 0 0
  outer loop
    vertex -6.614409446716309 3.535475492477417 -32
    vertex -6.614409446716309 3.535475492477417 -12
    vertex -6.311699390411377 4.040516376495361 -12
  endloop
endfacet
facet normal 0 0 0
  outer loop
    vertex -6.614409446716309 3.535475492477417 -32
    vertex -6.311699390411377 4.040516376495361 -12
    vertex -6.236021995544434 4.166776657104492 -12
  endloop
endfacet
facet normal 0 0 0
  outer loop
    vertex -6.236021995544434 4.166776657104492 -32
    vertex -6.236021995544434 4.166776657104492 -12
    vertex -5.88526725769043 4.639715194702148 -12
  endloop
endfacet
facet normal 0 0 0
  outer loop
    vertex -7.463885307312012 0.7351285815238953 -18.505603790283203
    vertex -7.5 0 -18
    vertex -7.463885307312012 0.7351285815238953 -12
  endloop
endfacet
facet normal 0 0 0
  outer loop
    vertex -7.463885307312012 0.7351285815238953 -18.505603790283203
    vertex -7.355889797210693 1.4631774425506592 -12
    vertex -7.454262733459473 0.800000011920929 -18.640321731567383
  endloop
endfacet
facet normal 0 0 0
  outer loop
    vertex -7.463885307312012 0.7351285815238953 -18.505603790283203
    vertex -7.463885307312012 0.7351285815238953 -12
    vertex -7.355889797210693 1.4631774425506592 -12
  endloop
endfacet
facet normal 0 0 0
  outer loop
    vertex -7.5 0 -18
    vertex -7.5 0 -12
    vertex -7.463885307312012 0.7351285815238953 -7
  endloop
endfacet
facet normal 0 0 0
  outer loop
    vertex -7.5 0 -18
    vertex -7.463885307312012 0.7351285815238953 -7
    vertex -7.463885307312012 0.7351285815238953 -12
  endloop
endfacet
facet normal 0 0 0
  outer loop
    vertex -7.1770524978637695 2.1771349906921387 -12
    vertex -7.212820053100586 2.0343434810638428 -12
    vertex -7.224114894866943 1.9892514944076538 -7
  endloop
endfacet
facet normal 0 0 0
  outer loop
    vertex -7.5 0 -7
    vertex -7.463885307312012 0.7351285815238953 -7
    vertex -7.5 0 -12
  endloop
endfacet
facet normal 0 0 0
  outer loop
    vertex -6.929096698760986 2.8701257705688477 -12
    vertex -6.978687763214111 2.73152756690979 -12
    vertex -6.994348049163818 2.6877598762512207 -7
  endloop
endfacet
facet normal 0 0 0
  outer loop
    vertex -6.614409446716309 3.535475492477417 -12
    vertex -6.677346706390381 3.4024055004119873 -12
    vertex -6.697221755981445 3.3603835105895996 -7
  endloop
endfacet
facet normal 0 0 0
  outer loop
    vertex -6.236021995544434 4.166776657104492 -12
    vertex -6.311699390411377 4.040516376495361 -12
    vertex -6.335597515106201 4.000644683837891 -7
  endloop
endfacet
facet normal 0 0 0
  outer loop
    vertex -6.236021995544434 4.166776657104492 -32
    vertex -5.836645126342773 4.7052741050720215 -18.640321731567383
    vertex -5.836645126342773 4.7052741050720215 -32
  endloop
endfacet
facet normal 0 0 0
  outer loop
    vertex -4.7052741050720215 5.836645126342773 -32
    vertex -4.7052741050720215 5.836645126342773 -18.640321731567383
    vertex -4.166776657104492 6.236021995544434 -32
  endloop
endfacet
facet normal 0 0 0
  outer loop
    vertex -6.236021995544434 4.166776657104492 -32
    vertex -5.88526725769043 4.639715194702148 -12
    vertex -5.836645126342773 4.7052741050720215 -18.640321731567383
  endloop
endfacet
facet normal 0 0 0
  outer loop
    vertex -5.836645126342773 4.7052741050720215 -18.640321731567383
    vertex -5.79757833480835 4.7579498291015625 -12
    vertex -5.79757833480835 4.7579498291015625 -18.505603790283203
  endloop
endfacet
facet normal 0 0 0
  outer loop
    vertex -5.836645126342773 4.7052741050720215 -18.640321731567383
    vertex -5.88526725769043 4.639715194702148 -12
    vertex -5.79757833480835 4.7579498291015625 -12
  endloop
endfacet
facet normal 0 0 0
  outer loop
    vertex -5.79757833480835 4.7579498291015625 -18.505603790283203
    vertex -5.79757833480835 4.7579498291015625 -12
    vertex -5.518099308013916 5.066307067871094 -12
  endloop
endfacet
facet normal 0 0 0
  outer loop
    vertex -5.79757833480835 4.7579498291015625 -18.505603790283203
    vertex -5.518099308013916 5.066307067871094 -12
    vertex -5.303300857543945 5.303300857543945 -12
  endloop
endfacet
facet normal 0 0 0
  outer loop
    vertex -5.79757833480835 4.7579498291015625 -18.505603790283203
    vertex -5.303300857543945 5.303300857543945 -12
    vertex -5.303300857543945 5.303300857543945 -18
  endloop
endfacet
facet normal 0 0 0
  outer loop
    vertex -5.303300857543945 5.303300857543945 -18
    vertex -5.303300857543945 5.303300857543945 -12
    vertex -5.005836486816406 5.572906970977783 -12
  endloop
endfacet
facet normal 0 0 0
  outer loop
    vertex -5.303300857543945 5.303300857543945 -18
    vertex -5.005836486816406 5.572906970977783 -12
    vertex -4.7579498291015625 5.79757833480835 -12
  endloop
endfacet
facet normal 0 0 0
  outer loop
    vertex -5.518099308013916 5.066307067871094 -12
    vertex -5.384315013885498 5.2139153480529785 -8.885818481445312
    vertex -5.303300857543945 5.303300857543945 -12
  endloop
endfacet
facet normal 0 0 0
  outer loop
    vertex -4.7579498291015625 5.79757833480835 -18.505603790283203
    vertex -5.303300857543945 5.303300857543945 -18
    vertex -4.7579498291015625 5.79757833480835 -12
  endloop
endfacet
facet normal 0 0 0
  outer loop
    vertex -4.7579498291015625 5.79757833480835 -18.505603790283203
    vertex -4.166776657104492 6.236021995544434 -12
    vertex -4.7052741050720215 5.836645126342773 -18.640321731567383
  endloop
endfacet
facet normal 0 0 0
  outer loop
    vertex -4.7579498291015625 5.79757833480835 -18.505603790283203
    vertex -4.7579498291015625 5.79757833480835 -12
    vertex -4.423683166503906 6.045487403869629 -12
  endloop
endfacet
facet normal 0 0 0
  outer loop
    vertex -4.7579498291015625 5.79757833480835 -12
    vertex -5.005836486816406 5.572906970977783 -12
    vertex -4.901463031768799 5.667505264282227 -7
  endloop
endfacet
facet normal 0 0 0
  outer loop
    vertex -5.79757833480835 4.7579498291015625 -7
    vertex -5.88526725769043 4.639715194702148 -12
    vertex -5.912958145141602 4.602377891540527 -7
  endloop
endfacet
facet normal 0 0 0
  outer loop
    vertex -4.166776657104492 -6.236021995544434 -32
    vertex -4.166776657104492 6.236021995544434 -32
    vertex -3.535475492477417 6.614409446716309 -32
  endloop
endfacet
facet normal 0 0 0
  outer loop
    vertex -3.535475492477417 -6.614409446716309 -32
    vertex -3.535475492477417 6.614409446716309 -32
    vertex -2.8701257705688477 6.929096698760986 -32
  endloop
endfacet
facet normal 0 0 0
  outer loop
    vertex -2.8701257705688477 -6.929096698760986 -32
    vertex -2.8701257705688477 6.929096698760986 -32
    vertex -2.1771349906921387 7.1770524978637695 -32
  endloop
endfacet
facet normal 0 0 0
  outer loop
    vertex -1.4631774425506592 -7.355889797210693 -32
    vertex -0.800000011920929 7.000636100769043 -32
    vertex 0.800000011920929 7.000636100769043 -32
  endloop
endfacet
facet normal 0 0 0
  outer loop
    vertex -2.1771349906921387 -7.1770524978637695 -32
    vertex -2.1771349906921387 7.1770524978637695 -32
    vertex -1.4631774425506592 7.355889797210693 -32
  endloop
endfacet
facet normal 0 0 0
  outer loop
    vertex -1.4631774425506592 -7.355889797210693 -32
    vertex -1.4631774425506592 7.355889797210693 -32
    vertex -0.800000011920929 7.000636100769043 -32
  endloop
endfacet
facet normal 0 0 0
  outer loop
    vertex -4.7052741050720215 5.836645126342773 -32
    vertex -4.166776657104492 6.236021995544434 -32
    vertex -4.384511947631836 5.51588249206543 -32
  endloop
endfacet
facet normal 0 0 0
  outer loop
    vertex -4.166776657104492 6.236021995544434 -32
    vertex -3.535475492477417 6.614409446716309 -12
    vertex -3.535475492477417 6.614409446716309 -32
  endloop
endfacet
facet normal 0 0 0
  outer loop
    vertex -4.7052741050720215 5.836645126342773 -18.640321731567383
    vertex -4.166776657104492 6.236021995544434 -12
    vertex -4.166776657104492 6.236021995544434 -32
  endloop
endfacet
facet normal 0 0 0
  outer loop
    vertex -4.166776657104492 6.236021995544434 -32
    vertex -4.166776657104492 6.236021995544434 -12
    vertex -3.661735773086548 6.538732051849365 -12
  endloop
endfacet
facet normal 0 0 0
  outer loop
    vertex -4.166776657104492 6.236021995544434 -32
    vertex -3.661735773086548 6.538732051849365 -12
    vertex -3.535475492477417 6.614409446716309 -8
  endloop
endfacet
facet normal 0 0 0
  outer loop
    vertex -4.166776657104492 6.236021995544434 -32
    vertex -3.535475492477417 6.614409446716309 -8
    vertex -3.535475492477417 6.614409446716309 -12
  endloop
endfacet
facet normal 0 0 0
  outer loop
    vertex -3.535475492477417 6.614409446716309 -32
    vertex -3.535475492477417 6.614409446716309 -12
    vertex -3.0031957626342773 6.866158962249756 -12
  endloop
endfacet
facet normal 0 0 0
  outer loop
    vertex -3.535475492477417 6.614409446716309 -32
    vertex -2.8701257705688477 6.929096698760986 -12
    vertex -2.8701257705688477 6.929096698760986 -32
  endloop
endfacet
facet normal 0 0 0
  outer loop
    vertex -2.8701257705688477 6.929096698760986 -32
    vertex -2.1771349906921387 7.1770524978637695 -12
    vertex -2.1771349906921387 7.1770524978637695 -32
  endloop
endfacet
facet normal 0 0 0
  outer loop
    vertex -3.535475492477417 6.614409446716309 -32
    vertex -3.0031957626342773 6.866158962249756 -12
    vertex -2.8701257705688477 6.929096698760986 -12
  endloop
endfacet
facet normal 0 0 0
  outer loop
    vertex -2.8701257705688477 6.929096698760986 -32
    vertex -2.8701257705688477 6.929096698760986 -12
    vertex -2.3157331943511963 7.1274614334106445 -12
  endloop
endfacet
facet normal 0 0 0
  outer loop
    vertex -2.8701257705688477 6.929096698760986 -32
    vertex -2.3157331943511963 7.1274614334106445 -12
    vertex -2.1771349906921387 7.1770524978637695 -8
  endloop
endfacet
facet normal 0 0 0
  outer loop
    vertex -2.8701257705688477 6.929096698760986 -32
    vertex -2.1771349906921387 7.1770524978637695 -8
    vertex -2.1771349906921387 7.1770524978637695 -12
  endloop
endfacet
facet normal 0 0 0
  outer loop
    vertex -2.1771349906921387 7.1770524978637695 -32
    vertex -1.4631774425506592 7.355889797210693 -12
    vertex -1.4631774425506592 7.355889797210693 -32
  endloop
endfacet
facet normal 0 0 0
  outer loop
    vertex -1.4631774425506592 7.355889797210693 -32
    vertex -0.800000011920929 7.454262733459473 -32
    vertex -0.800000011920929 7.000636100769043 -32
  endloop
endfacet
facet normal 0 0 0
  outer loop
    vertex -1.4631774425506592 7.355889797210693 -32
    vertex -0.800000011920929 7.454262733459473 -18.640321731567383
    vertex -0.800000011920929 7.454262733459473 -32
  endloop
endfacet
facet normal 0 0 0
  outer loop
    vertex -2.1771349906921387 7.1770524978637695 -32
    vertex -2.1771349906921387 7.1770524978637695 -12
    vertex -1.605968952178955 7.320122241973877 -12
  endloop
endfacet
facet normal 0 0 0
  outer loop
    vertex -2.1771349906921387 7.1770524978637695 -32
    vertex -1.605968952178955 7.320122241973877 -12
    vertex -1.4631774425506592 7.355889797210693 -8
  endloop
endfacet
facet normal 0 0 0
  outer loop
    vertex -2.1771349906921387 7.1770524978637695 -32
    vertex -1.4631774425506592 7.355889797210693 -8
    vertex -1.4631774425506592 7.355889797210693 -12
  endloop
endfacet
facet normal 0 0 0
  outer loop
    vertex -1.4631774425506592 7.355889797210693 -32
    vertex -1.4631774425506592 7.355889797210693 -12
    vertex -0.7351285815238953 7.463885307312012 -12
  endloop
endfacet
facet normal 0 0 0
  outer loop
    vertex -1.4631774425506592 7.355889797210693 -32
    vertex -0.7351285815238953 7.463885307312012 -12
    vertex -0.800000011920929 7.454262733459473 -18.640321731567383
  endloop
endfacet
facet normal 0 0 0
  outer loop
    vertex -4.7579498291015625 5.79757833480835 -18.505603790283203
    vertex -4.423683166503906 6.045487403869629 -12
    vertex -4.166776657104492 6.236021995544434 -12
  endloop
endfacet
facet normal 0 0 0
  outer loop
    vertex -4.263672351837158 6.164159297943115 -8.885818481445312
    vertex -4.423683166503906 6.045487403869629 -12
    vertex -4.322348594665527 6.120642185211182 -7
  endloop
endfacet
facet normal 0 0 0
  outer loop
    vertex -3.535475492477417 6.614409446716309 -7
    vertex -3.661735773086548 6.538732051849365 -12
    vertex -3.747328519821167 6.487429618835449 -8.190476417541504
  endloop
endfacet
facet normal 0 0 0
  outer loop
    vertex -3.661735773086548 6.538732051849365 -12
    vertex -3.535475492477417 6.614409446716309 -7
    vertex -3.535475492477417 6.614409446716309 -8
  endloop
endfacet
facet normal 0 0 0
  outer loop
    vertex -3.535475492477417 6.614409446716309 -7
    vertex -3.747328519821167 6.487429618835449 -8.190476417541504
    vertex -3.7557175159454346 6.482401371002197 -7
  endloop
endfacet
facet normal 0 0 0
  outer loop
    vertex -3.535475492477417 6.614409446716309 -7
    vertex -2.8701257705688477 6.929096698760986 -7
    vertex -3.535475492477417 6.614409446716309 -8
  endloop
endfacet
facet normal 0 0 0
  outer loop
    vertex -3.0031957626342773 6.866158962249756 -12
    vertex -2.901808977127075 6.914111614227295 -8.190476417541504
    vertex -2.8701257705688477 6.929096698760986 -12
  endloop
endfacet
facet normal 0 0 0
  outer loop
    vertex -2.901808977127075 6.914111614227295 -8.190476417541504
    vertex -2.8701257705688477 6.929096698760986 -8
    vertex -2.8701257705688477 6.929096698760986 -12
  endloop
endfacet
facet normal 0 0 0
  outer loop
    vertex -2.8701257705688477 6.929096698760986 -7
    vertex -2.8701257705688477 6.929096698760986 -8
    vertex -3.535475492477417 6.614409446716309 -8
  endloop
endfacet
facet normal 0 0 0
  outer loop
    vertex -2.8701257705688477 6.929096698760986 -7
    vertex -2.204854726791382 7.1671342849731445 -8
    vertex -2.8701257705688477 6.929096698760986 -8
  endloop
endfacet
facet normal 0 0 0
  outer loop
    vertex -2.8701257705688477 6.929096698760986 -7
    vertex -2.1771349906921387 7.1770524978637695 -7
    vertex -2.204854726791382 7.1671342849731445 -8
  endloop
endfacet
facet normal 0 0 0
  outer loop
    vertex -2.3157331943511963 7.1274614334106445 -12
    vertex -2.204854726791382 7.1671342849731445 -8
    vertex -2.1771349906921387 7.1770524978637695 -8
  endloop
endfacet
facet normal 0 0 0
  outer loop
    vertex -1.605968952178955 7.320122241973877 -12
    vertex -1.4917356967926025 7.34873628616333 -8
    vertex -1.4631774425506592 7.355889797210693 -8
  endloop
endfacet
facet normal 0 0 0
  outer loop
    vertex -0.800000011920929 7.454262733459473 -18.640321731567383
    vertex -0.7351285815238953 7.463885307312012 -12
    vertex -0.7351285815238953 7.463885307312012 -18.505603790283203
  endloop
endfacet
facet normal 0 0 0
  outer loop
    vertex -0.7351285815238953 7.463885307312012 -18.505603790283203
    vertex 0 7.5 -12
    vertex 0 7.5 -18
  endloop
endfacet
facet normal 0 0 0
  outer loop
    vertex -0.7351285815238953 7.463885307312012 -18.505603790283203
    vertex -0.7351285815238953 7.463885307312012 -12
    vertex 0 7.5 -12
  endloop
endfacet
facet normal 0 0 0
  outer loop
    vertex -2.204854726791382 7.1671342849731445 -8
    vertex -2.1771349906921387 7.1770524978637695 -7
    vertex -2.1771349906921387 7.1770524978637695 -8
  endloop
endfacet
facet normal 0 0 0
  outer loop
    vertex -2.1771349906921387 7.1770524978637695 -7
    vertex -1.4917356967926025 7.34873628616333 -8
    vertex -2.1771349906921387 7.1770524978637695 -8
  endloop
endfacet
facet normal 0 0 0
  outer loop
    vertex -2.1771349906921387 7.1770524978637695 -7
    vertex -1.4631774425506592 7.355889797210693 -7
    vertex -1.4917356967926025 7.34873628616333 -8
  endloop
endfacet
facet normal 0 0 0
  outer loop
    vertex -1.4917356967926025 7.34873628616333 -8
    vertex -1.4631774425506592 7.355889797210693 -7
    vertex -1.4631774425506592 7.355889797210693 -8
  endloop
endfacet
facet normal 0 0 0
  outer loop
    vertex -1.4631774425506592 7.355889797210693 -7
    vertex -0.7351285815238953 7.463885307312012 -7
    vertex -1.4631774425506592 7.355889797210693 -8
  endloop
endfacet
facet normal 0 0 0
  outer loop
    vertex -0.7351285815238953 7.463885307312012 -7
    vertex -0.7351285815238953 7.463885307312012 -8
    vertex -1.4631774425506592 7.355889797210693 -8
  endloop
endfacet
facet normal 0 0 0
  outer loop
    vertex -0.7351285815238953 7.463885307312012 -7
    vertex 0 7.5 -7
    vertex -0.7351285815238953 7.463885307312012 -8
  endloop
endfacet
facet normal 0 0 0
  outer loop
    vertex 0 7.5 -7
    vertex 0 7.5 -8
    vertex -0.7351285815238953 7.463885307312012 -8
  endloop
endfacet
facet normal 0 0 0
  outer loop
    vertex 0.800000011920929 -7.454262733459473 -32
    vertex 0.800000011920929 -7.000636100769043 -32
    vertex 1.4631774425506592 -7.355889797210693 -32
  endloop
endfacet
facet normal 0 0 0
  outer loop
    vertex 0.800000011920929 -7.454262733459473 -32
    vertex 1.4631774425506592 -7.355889797210693 -32
    vertex 0.800000011920929 -7.454262733459473 -18.640321731567383
  endloop
endfacet
facet normal 0 0 0
  outer loop
    vertex 1.4631774425506592 -7.355889797210693 -32
    vertex 2.1771349906921387 -7.1770524978637695 -32
    vertex 1.4631774425506592 -7.355889797210693 -12
  endloop
endfacet
facet normal 0 0 0
  outer loop
    vertex 1.4631774425506592 -7.355889797210693 -32
    vertex 1.4631774425506592 -7.355889797210693 -12
    vertex 0.800000011920929 -7.454262733459473 -18.640321731567383
  endloop
endfacet
facet normal 0 0 0
  outer loop
    vertex 2.1771349906921387 -7.1770524978637695 -32
    vertex 2.1771349906921387 -7.1770524978637695 -12
    vertex 1.605968952178955 -7.320122241973877 -12
  endloop
endfacet
facet normal 0 0 0
  outer loop
    vertex 2.1771349906921387 -7.1770524978637695 -32
    vertex 1.4631774425506592 -7.355889797210693 -8
    vertex 1.4631774425506592 -7.355889797210693 -12
  endloop
endfacet
facet normal 0 0 0
  outer loop
    vertex 2.1771349906921387 -7.1770524978637695 -32
    vertex 1.605968952178955 -7.320122241973877 -12
    vertex 1.4631774425506592 -7.355889797210693 -8
  endloop
endfacet
facet normal 0 0 0
  outer loop
    vertex 2.1771349906921387 -7.1770524978637695 -32
    vertex 2.8701257705688477 -6.929096698760986 -32
    vertex 2.1771349906921387 -7.1770524978637695 -12
  endloop
endfacet
facet normal 0 0 0
  outer loop
    vertex 2.8701257705688477 -6.929096698760986 -32
    vertex 3.535475492477417 -6.614409446716309 -32
    vertex 2.8701257705688477 -6.929096698760986 -12
  endloop
endfacet
facet normal 0 0 0
  outer loop
    vertex 2.8701257705688477 -6.929096698760986 -32
    vertex 2.8701257705688477 -6.929096698760986 -12
    vertex 2.3157331943511963 -7.1274614334106445 -12
  endloop
endfacet
facet normal 0 0 0
  outer loop
    vertex 2.8701257705688477 -6.929096698760986 -32
    vertex 2.1771349906921387 -7.1770524978637695 -8
    vertex 2.1771349906921387 -7.1770524978637695 -12
  endloop
endfacet
facet normal 0 0 0
  outer loop
    vertex 2.8701257705688477 -6.929096698760986 -32
    vertex 2.3157331943511963 -7.1274614334106445 -12
    vertex 2.1771349906921387 -7.1770524978637695 -8
  endloop
endfacet
facet normal 0 0 0
  outer loop
    vertex 3.535475492477417 -6.614409446716309 -32
    vertex 3.0031957626342773 -6.866158962249756 -12
    vertex 2.8701257705688477 -6.929096698760986 -12
  endloop
endfacet
facet normal 0 0 0
  outer loop
    vertex 4.166776657104492 -6.236021995544434 -32
    vertex 4.384511947631836 -5.51588249206543 -32
    vertex 4.7052741050720215 -5.836645126342773 -32
  endloop
endfacet
facet normal 0 0 0
  outer loop
    vertex 3.535475492477417 -6.614409446716309 -32
    vertex 4.166776657104492 -6.236021995544434 -32
    vertex 3.535475492477417 -6.614409446716309 -12
  endloop
endfacet
facet normal 0 0 0
  outer loop
    vertex 3.535475492477417 -6.614409446716309 -32
    vertex 3.535475492477417 -6.614409446716309 -12
    vertex 3.0031957626342773 -6.866158962249756 -12
  endloop
endfacet
facet normal 0 0 0
  outer loop
    vertex 4.166776657104492 -6.236021995544434 -32
    vertex 4.7052741050720215 -5.836645126342773 -18.640321731567383
    vertex 4.166776657104492 -6.236021995544434 -12
  endloop
endfacet
facet normal 0 0 0
  outer loop
    vertex 4.166776657104492 -6.236021995544434 -32
    vertex 3.535475492477417 -6.614409446716309 -8
    vertex 3.535475492477417 -6.614409446716309 -12
  endloop
endfacet
facet normal 0 0 0
  outer loop
    vertex 4.166776657104492 -6.236021995544434 -32
    vertex 3.661735773086548 -6.538732051849365 -12
    vertex 3.535475492477417 -6.614409446716309 -8
  endloop
endfacet
facet normal 0 0 0
  outer loop
    vertex 4.166776657104492 -6.236021995544434 -32
    vertex 4.166776657104492 -6.236021995544434 -12
    vertex 3.661735773086548 -6.538732051849365 -12
  endloop
endfacet
facet normal 0 0 0
  outer loop
    vertex 0.7351285815238953 -7.463885307312012 -18.505603790283203
    vertex 0 -7.5 -12
    vertex 0 -7.5 -18
  endloop
endfacet
facet normal 0 0 0
  outer loop
    vertex 0.7351285815238953 -7.463885307312012 -18.505603790283203
    vertex 0.7351285815238953 -7.463885307312012 -12
    vertex 0 -7.5 -12
  endloop
endfacet
facet normal 0 0 0
  outer loop
    vertex 0.7351285815238953 -7.463885307312012 -18.505603790283203
    vertex 0.800000011920929 -7.454262733459473 -18.640321731567383
    vertex 0.7351285815238953 -7.463885307312012 -12
  endloop
endfacet
facet normal 0 0 0
  outer loop
    vertex 0.800000011920929 -7.454262733459473 -18.640321731567383
    vertex 1.4631774425506592 -7.355889797210693 -12
    vertex 0.7351285815238953 -7.463885307312012 -12
  endloop
endfacet
facet normal 0 0 0
  outer loop
    vertex 1.605968952178955 -7.320122241973877 -12
    vertex 1.4917356967926025 -7.34873628616333 -8
    vertex 1.4631774425506592 -7.355889797210693 -8
  endloop
endfacet
facet normal 0 0 0
  outer loop
    vertex 2.3157331943511963 -7.1274614334106445 -12
    vertex 2.204854726791382 -7.1671342849731445 -8
    vertex 2.1771349906921387 -7.1770524978637695 -8
  endloop
endfacet
facet normal 0 0 0
  outer loop
    vertex 0 -7.5 -7
    vertex 0 -7.5 -8
    vertex 0.7351285815238953 -7.463885307312012 -8
  endloop
endfacet
facet normal 0 0 0
  outer loop
    vertex 0 -7.5 -7
    vertex 0.7351285815238953 -7.463885307312012 -8
    vertex 0.7351285815238953 -7.463885307312012 -7
  endloop
endfacet
facet normal 0 0 0
  outer loop
    vertex 0.7351285815238953 -7.463885307312012 -7
    vertex 0.7351285815238953 -7.463885307312012 -8
    vertex 1.4631774425506592 -7.355889797210693 -8
  endloop
endfacet
facet normal 0 0 0
  outer loop
    vertex 0.7351285815238953 -7.463885307312012 -7
    vertex 1.4631774425506592 -7.355889797210693 -8
    vertex 1.4631774425506592 -7.355889797210693 -7
  endloop
endfacet
facet normal 0 0 0
  outer loop
    vertex 1.4917356967926025 -7.34873628616333 -8
    vertex 1.4631774425506592 -7.355889797210693 -7
    vertex 1.4631774425506592 -7.355889797210693 -8
  endloop
endfacet
facet normal 0 0 0
  outer loop
    vertex 1.4631774425506592 -7.355889797210693 -7
    vertex 1.4917356967926025 -7.34873628616333 -8
    vertex 2.1771349906921387 -7.1770524978637695 -7
  endloop
endfacet
facet normal 0 0 0
  outer loop
    vertex 2.1771349906921387 -7.1770524978637695 -7
    vertex 1.4917356967926025 -7.34873628616333 -8
    vertex 2.1771349906921387 -7.1770524978637695 -8
  endloop
endfacet
facet normal 0 0 0
  outer loop
    vertex 2.204854726791382 -7.1671342849731445 -8
    vertex 2.1771349906921387 -7.1770524978637695 -7
    vertex 2.1771349906921387 -7.1770524978637695 -8
  endloop
endfacet
facet normal 0 0 0
  outer loop
    vertex 3.0031957626342773 -6.866158962249756 -12
    vertex 2.901808977127075 -6.914111614227295 -8.190476417541504
    vertex 2.8701257705688477 -6.929096698760986 -12
  endloop
endfacet
facet normal 0 0 0
  outer loop
    vertex 2.901808977127075 -6.914111614227295 -8.190476417541504
    vertex 2.8701257705688477 -6.929096698760986 -8
    vertex 2.8701257705688477 -6.929096698760986 -12
  endloop
endfacet
facet normal 0 0 0
  outer loop
    vertex 2.1771349906921387 -7.1770524978637695 -7
    vertex 2.204854726791382 -7.1671342849731445 -8
    vertex 2.8701257705688477 -6.929096698760986 -7
  endloop
endfacet
facet normal 0 0 0
  outer loop
    vertex 2.8701257705688477 -6.929096698760986 -7
    vertex 2.204854726791382 -7.1671342849731445 -8
    vertex 2.8701257705688477 -6.929096698760986 -8
  endloop
endfacet
facet normal 0 0 0
  outer loop
    vertex 2.8701257705688477 -6.929096698760986 -7
    vertex 2.8701257705688477 -6.929096698760986 -8
    vertex 3.535475492477417 -6.614409446716309 -8
  endloop
endfacet
facet normal 0 0 0
  outer loop
    vertex 4.7579498291015625 -5.79757833480835 -18.505603790283203
    vertex 4.423683166503906 -6.045487403869629 -12
    vertex 4.166776657104492 -6.236021995544434 -12
  endloop
endfacet
facet normal 0 0 0
  outer loop
    vertex 3.661735773086548 -6.538732051849365 -12
    vertex 3.535475492477417 -6.614409446716309 -7
    vertex 3.535475492477417 -6.614409446716309 -8
  endloop
endfacet
facet normal 0 0 0
  outer loop
    vertex 3.535475492477417 -6.614409446716309 -7
    vertex 3.661735773086548 -6.538732051849365 -12
    vertex 3.747328519821167 -6.487429618835449 -8.190476417541504
  endloop
endfacet
facet normal 0 0 0
  outer loop
    vertex 4.263672351837158 -6.164159297943115 -8.885818481445312
    vertex 4.423683166503906 -6.045487403869629 -12
    vertex 4.322348594665527 -6.120642185211182 -7
  endloop
endfacet
facet normal 0 0 0
  outer loop
    vertex 2.8701257705688477 -6.929096698760986 -7
    vertex 3.535475492477417 -6.614409446716309 -8
    vertex 3.535475492477417 -6.614409446716309 -7
  endloop
endfacet
facet normal 0 0 0
  outer loop
    vertex 2.6125621795654297 -7.021254062652588 -4
    vertex 2.6493282318115234 -6.5 -4
    vertex 2.6125621795654297 -6.5 -4
  endloop
endfacet
facet normal 0 0 0
  outer loop
    vertex 3.535475492477417 -6.614409446716309 -7
    vertex 3.747328519821167 -6.487429618835449 -8.190476417541504
    vertex 3.7557175159454346 -6.482401371002197 -7
  endloop
endfacet
facet normal 0 0 0
  outer loop
    vertex 3.444150924682617 -6.657602787017822 -4
    vertex 3.5155296325683594 -6.5 -4
    vertex 3.444150924682617 -6.5 -4
  endloop
endfacet
facet normal 0 0 0
  outer loop
    vertex 0.800000011920929 -7.000636100769043 -32
    vertex 1.4631774425506592 7.355889797210693 -32
    vertex 1.4631774425506592 -7.355889797210693 -32
  endloop
endfacet
facet normal 0 0 0
  outer loop
    vertex 1.4631774425506592 -7.355889797210693 -32
    vertex 2.1771349906921387 7.1770524978637695 -32
    vertex 2.1771349906921387 -7.1770524978637695 -32
  endloop
endfacet
facet normal 0 0 0
  outer loop
    vertex -0.800000011920929 -7.000636100769043 -32
    vertex 1.4631774425506592 7.355889797210693 -32
    vertex 0.800000011920929 -7.000636100769043 -32
  endloop
endfacet
facet normal 0 0 0
  outer loop
    vertex 2.1771349906921387 -7.1770524978637695 -32
    vertex 2.8701257705688477 6.929096698760986 -32
    vertex 2.8701257705688477 -6.929096698760986 -32
  endloop
endfacet
facet normal 0 0 0
  outer loop
    vertex 2.8701257705688477 -6.929096698760986 -32
    vertex 3.535475492477417 6.614409446716309 -32
    vertex 3.535475492477417 -6.614409446716309 -32
  endloop
endfacet
facet normal 0 0 0
  outer loop
    vertex 3.535475492477417 -6.614409446716309 -32
    vertex 4.166776657104492 6.236021995544434 -32
    vertex 4.166776657104492 -6.236021995544434 -32
  endloop
endfacet
facet normal 0 0 0
  outer loop
    vertex 4.166776657104492 -6.236021995544434 -32
    vertex 4.7052741050720215 -5.836645126342773 -32
    vertex 4.7052741050720215 -5.836645126342773 -18.640321731567383
  endloop
endfacet
facet normal 0 0 0
  outer loop
    vertex 5.836645126342773 -4.7052741050720215 -32
    vertex 6.236021995544434 -4.166776657104492 -32
    vertex 5.836645126342773 -4.7052741050720215 -18.640321731567383
  endloop
endfacet
facet normal 0 0 0
  outer loop
    vertex 5.836645126342773 -4.7052741050720215 -18.640321731567383
    vertex 6.236021995544434 -4.166776657104492 -32
    vertex 5.88526725769043 -4.639715194702148 -12
  endloop
endfacet
facet normal 0 0 0
  outer loop
    vertex 4.7052741050720215 -5.836645126342773 -18.640321731567383
    vertex 4.7579498291015625 -5.79757833480835 -18.505603790283203
    vertex 4.166776657104492 -6.236021995544434 -12
  endloop
endfacet
facet normal 0 0 0
  outer loop
    vertex 4.7579498291015625 -5.79757833480835 -18.505603790283203
    vertex 5.303300857543945 -5.303300857543945 -18
    vertex 4.7579498291015625 -5.79757833480835 -12
  endloop
endfacet
facet normal 0 0 0
  outer loop
    vertex 4.7579498291015625 -5.79757833480835 -18.505603790283203
    vertex 4.7579498291015625 -5.79757833480835 -12
    vertex 4.423683166503906 -6.045487403869629 -12
  endloop
endfacet
facet normal 0 0 0
  outer loop
    vertex 4.7579498291015625 -5.79757833480835 -12
    vertex 5.005836486816406 -5.572906970977783 -12
    vertex 4.901463031768799 -5.667505264282227 -7
  endloop
endfacet
facet normal 0 0 0
  outer loop
    vertex 5.303300857543945 -5.303300857543945 -18
    vertex 5.005836486816406 -5.572906970977783 -12
    vertex 4.7579498291015625 -5.79757833480835 -12
  endloop
endfacet
facet normal 0 0 0
  outer loop
    vertex 5.79757833480835 -4.7579498291015625 -18.505603790283203
    vertex 5.303300857543945 -5.303300857543945 -12
    vertex 5.303300857543945 -5.303300857543945 -18
  endloop
endfacet
facet normal 0 0 0
  outer loop
    vertex 5.303300857543945 -5.303300857543945 -18
    vertex 5.303300857543945 -5.303300857543945 -12
    vertex 5.005836486816406 -5.572906970977783 -12
  endloop
endfacet
facet normal 0 0 0
  outer loop
    vertex 5.79757833480835 -4.7579498291015625 -18.505603790283203
    vertex 5.518099308013916 -5.066307067871094 -12
    vertex 5.303300857543945 -5.303300857543945 -12
  endloop
endfacet
facet normal 0 0 0
  outer loop
    vertex 5.518099308013916 -5.066307067871094 -12
    vertex 5.384315013885498 -5.2139153480529785 -8.885818481445312
    vertex 5.303300857543945 -5.303300857543945 -12
  endloop
endfacet
facet normal 0 0 0
  outer loop
    vertex 5.79757833480835 -4.7579498291015625 -18.505603790283203
    vertex 5.836645126342773 -4.7052741050720215 -18.640321731567383
    vertex 5.79757833480835 -4.7579498291015625 -12
  endloop
endfacet
facet normal 0 0 0
  outer loop
    vertex 5.79757833480835 -4.7579498291015625 -18.505603790283203
    vertex 5.79757833480835 -4.7579498291015625 -12
    vertex 5.518099308013916 -5.066307067871094 -12
  endloop
endfacet
facet normal 0 0 0
  outer loop
    vertex 5.836645126342773 -4.7052741050720215 -18.640321731567383
    vertex 5.88526725769043 -4.639715194702148 -12
    vertex 5.79757833480835 -4.7579498291015625 -12
  endloop
endfacet
facet normal 0 0 0
  outer loop
    vertex 5.79757833480835 -4.7579498291015625 -7
    vertex 5.88526725769043 -4.639715194702148 -12
    vertex 5.912958145141602 -4.602377891540527 -7
  endloop
endfacet
facet normal 0 0 0
  outer loop
    vertex 4.166776657104492 -6.236021995544434 -32
    vertex 5.51588249206543 4.384511947631836 -32
    vertex 4.384511947631836 -5.51588249206543 -32
  endloop
endfacet
facet normal 0 0 0
  outer loop
    vertex 5.836645126342773 -4.7052741050720215 -32
    vertex 5.51588249206543 -4.384511947631836 -32
    vertex 6.236021995544434 -4.166776657104492 -32
  endloop
endfacet
facet normal 0 0 0
  outer loop
    vertex 6.236021995544434 -4.166776657104492 -32
    vertex 6.614409446716309 -3.535475492477417 -32
    vertex 6.236021995544434 -4.166776657104492 -12
  endloop
endfacet
facet normal 0 0 0
  outer loop
    vertex 6.614409446716309 -3.535475492477417 -32
    vertex 6.929096698760986 -2.8701257705688477 -32
    vertex 6.614409446716309 -3.535475492477417 -12
  endloop
endfacet
facet normal 0 0 0
  outer loop
    vertex 6.236021995544434 -4.166776657104492 -32
    vertex 6.236021995544434 -4.166776657104492 -12
    vertex 5.88526725769043 -4.639715194702148 -12
  endloop
endfacet
facet normal 0 0 0
  outer loop
    vertex 6.614409446716309 -3.535475492477417 -32
    vertex 6.311699390411377 -4.040516376495361 -12
    vertex 6.236021995544434 -4.166776657104492 -12
  endloop
endfacet
facet normal 0 0 0
  outer loop
    vertex 6.614409446716309 -3.535475492477417 -32
    vertex 6.614409446716309 -3.535475492477417 -12
    vertex 6.311699390411377 -4.040516376495361 -12
  endloop
endfacet
facet normal 0 0 0
  outer loop
    vertex 6.929096698760986 -2.8701257705688477 -32
    vertex 6.677346706390381 -3.4024055004119873 -12
    vertex 6.614409446716309 -3.535475492477417 -12
  endloop
endfacet
facet normal 0 0 0
  outer loop
    vertex 4.384511947631836 -5.51588249206543 -32
    vertex 5.836645126342773 4.7052741050720215 -32
    vertex 5.51588249206543 -4.384511947631836 -32
  endloop
endfacet
facet normal 0 0 0
  outer loop
    vertex 5.51588249206543 -4.384511947631836 -32
    vertex 6.236021995544434 4.166776657104492 -32
    vertex 6.236021995544434 -4.166776657104492 -32
  endloop
endfacet
facet normal 0 0 0
  outer loop
    vertex 6.236021995544434 -4.166776657104492 -32
    vertex 6.614409446716309 3.535475492477417 -32
    vertex 6.614409446716309 -3.535475492477417 -32
  endloop
endfacet
facet normal 0 0 0
  outer loop
    vertex 6.929096698760986 -2.8701257705688477 -32
    vertex 7.1770524978637695 -2.1771349906921387 -32
    vertex 6.929096698760986 -2.8701257705688477 -12
  endloop
endfacet
facet normal 0 0 0
  outer loop
    vertex 6.929096698760986 -2.8701257705688477 -32
    vertex 6.929096698760986 -2.8701257705688477 -12
    vertex 6.677346706390381 -3.4024055004119873 -12
  endloop
endfacet
facet normal 0 0 0
  outer loop
    vertex 7.1770524978637695 -2.1771349906921387 -32
    vertex 6.978687763214111 -2.73152756690979 -12
    vertex 6.929096698760986 -2.8701257705688477 -12
  endloop
endfacet
facet normal 0 0 0
  outer loop
    vertex 7.1770524978637695 -2.1771349906921387 -32
    vertex 7.1770524978637695 -2.1771349906921387 -12
    vertex 6.978687763214111 -2.73152756690979 -12
  endloop
endfacet
facet normal 0 0 0
  outer loop
    vertex 6.929096698760986 -2.8701257705688477 -32
    vertex 7.454262733459473 -0.800000011920929 -32
    vertex 7.1770524978637695 -2.1771349906921387 -32
  endloop
endfacet
facet normal 0 0 0
  outer loop
    vertex 6.614409446716309 -3.535475492477417 -32
    vertex 6.929096698760986 2.8701257705688477 -32
    vertex 6.929096698760986 -2.8701257705688477 -32
  endloop
endfacet
facet normal 0 0 0
  outer loop
    vertex 6.929096698760986 -2.8701257705688477 -32
    vertex 7.000636100769043 -0.800000011920929 -32
    vertex 7.454262733459473 -0.800000011920929 -32
  endloop
endfacet
facet normal 0 0 0
  outer loop
    vertex 7.1770524978637695 -2.1771349906921387 -32
    vertex 7.454262733459473 -0.800000011920929 -32
    vertex 7.355889797210693 -1.4631774425506592 -32
  endloop
endfacet
facet normal 0 0 0
  outer loop
    vertex 7.1770524978637695 -2.1771349906921387 -32
    vertex 7.355889797210693 -1.4631774425506592 -32
    vertex 7.1770524978637695 -2.1771349906921387 -12
  endloop
endfacet
facet normal 0 0 0
  outer loop
    vertex 6.929096698760986 -2.8701257705688477 -32
    vertex 6.929096698760986 2.8701257705688477 -32
    vertex 7.000636100769043 -0.800000011920929 -32
  endloop
endfacet
facet normal 0 0 0
  outer loop
    vertex 7.355889797210693 -1.4631774425506592 -32
    vertex 7.454262733459473 -0.800000011920929 -32
    vertex 7.454262733459473 -0.800000011920929 -18.640321731567383
  endloop
endfacet
facet normal 0 0 0
  outer loop
    vertex 7.355889797210693 -1.4631774425506592 -32
    vertex 7.454262733459473 -0.800000011920929 -18.640321731567383
    vertex 7.355889797210693 -1.4631774425506592 -12
  endloop
endfacet
facet normal 0 0 0
  outer loop
    vertex 7.355889797210693 -1.4631774425506592 -32
    vertex 7.212820053100586 -2.0343434810638428 -12
    vertex 7.1770524978637695 -2.1771349906921387 -12
  endloop
endfacet
facet normal 0 0 0
  outer loop
    vertex 7.355889797210693 -1.4631774425506592 -32
    vertex 7.355889797210693 -1.4631774425506592 -12
    vertex 7.212820053100586 -2.0343434810638428 -12
  endloop
endfacet
facet normal 0 0 0
  outer loop
    vertex 6.236021995544434 -4.166776657104492 -12
    vertex 6.311699390411377 -4.040516376495361 -12
    vertex 6.335597515106201 -4.000644683837891 -7
  endloop
endfacet
facet normal 0 0 0
  outer loop
    vertex 6.614409446716309 -3.535475492477417 -12
    vertex 6.677346706390381 -3.4024055004119873 -12
    vertex 6.697221755981445 -3.3603835105895996 -7
  endloop
endfacet
facet normal 0 0 0
  outer loop
    vertex 6.929096698760986 -2.8701257705688477 -12
    vertex 6.978687763214111 -2.73152756690979 -12
    vertex 6.994348049163818 -2.6877598762512207 -7
  endloop
endfacet
facet normal 0 0 0
  outer loop
    vertex 7.1770524978637695 -2.1771349906921387 -12
    vertex 7.212820053100586 -2.0343434810638428 -12
    vertex 7.224114894866943 -1.9892514944076538 -7
  endloop
endfacet
facet normal 0 0 0
  outer loop
    vertex 7.454262733459473 -0.800000011920929 -18.640321731567383
    vertex 7.463885307312012 -0.7351285815238953 -18.505603790283203
    vertex 7.355889797210693 -1.4631774425506592 -12
  endloop
endfacet
facet normal 0 0 0
  outer loop
    vertex 7.463885307312012 -0.7351285815238953 -18.505603790283203
    vertex 7.463885307312012 -0.7351285815238953 -12
    vertex 7.355889797210693 -1.4631774425506592 -12
  endloop
endfacet
facet normal 0 0 0
  outer loop
    vertex 7.463885307312012 -0.7351285815238953 -18.505603790283203
    vertex 7.5 0 -18
    vertex 7.463885307312012 -0.7351285815238953 -12
  endloop
endfacet
facet normal 0 0 0
  outer loop
    vertex 7.5 0 -18
    vertex 7.480301380157471 -0.400979220867157 -12
    vertex 7.463885307312012 -0.7351285815238953 -12
  endloop
endfacet
facet normal 0 0 0
  outer loop
    vertex 7.5 0 -18
    vertex 7.5 0 -12
    vertex 7.480301380157471 -0.400979220867157 -12
  endloop
endfacet
facet normal 0 0 0
  outer loop
    vertex 7.480301380157471 -0.400979220867157 -12
    vertex 7.463885307312012 -0.7351285815238953 -7
    vertex 7.463885307312012 -0.7351285815238953 -12
  endloop
endfacet
facet normal 0 0 0
  outer loop
    vertex 7.463885307312012 -0.7351285815238953 -7
    vertex 7.480301380157471 -0.400979220867157 -12
    vertex 7.473389148712158 -0.5416736602783203 -7
  endloop
endfacet
facet normal 0 0 0
  outer loop
    vertex -0.800000011920929 -7.000636100769043 -32
    vertex 0.800000011920929 7.000636100769043 -32
    vertex 1.4631774425506592 7.355889797210693 -32
  endloop
endfacet
facet normal 0 0 0
  outer loop
    vertex 1.4631774425506592 -7.355889797210693 -32
    vertex 1.4631774425506592 7.355889797210693 -32
    vertex 2.1771349906921387 7.1770524978637695 -32
  endloop
endfacet
facet normal 0 0 0
  outer loop
    vertex 2.8701257705688477 -6.929096698760986 -32
    vertex 2.8701257705688477 6.929096698760986 -32
    vertex 3.535475492477417 6.614409446716309 -32
  endloop
endfacet
facet normal 0 0 0
  outer loop
    vertex 3.535475492477417 -6.614409446716309 -32
    vertex 3.535475492477417 6.614409446716309 -32
    vertex 4.166776657104492 6.236021995544434 -32
  endloop
endfacet
facet normal 0 0 0
  outer loop
    vertex 4.166776657104492 -6.236021995544434 -32
    vertex 4.166776657104492 6.236021995544434 -32
    vertex 4.384511947631836 5.51588249206543 -32
  endloop
endfacet
facet normal 0 0 0
  outer loop
    vertex 2.1771349906921387 -7.1770524978637695 -32
    vertex 2.1771349906921387 7.1770524978637695 -32
    vertex 2.8701257705688477 6.929096698760986 -32
  endloop
endfacet
facet normal 0 0 0
  outer loop
    vertex 0.800000011920929 7.000636100769043 -32
    vertex 0.800000011920929 7.454262733459473 -32
    vertex 1.4631774425506592 7.355889797210693 -32
  endloop
endfacet
facet normal 0 0 0
  outer loop
    vertex 0.800000011920929 7.454262733459473 -32
    vertex 0.800000011920929 7.454262733459473 -18.640321731567383
    vertex 1.4631774425506592 7.355889797210693 -32
  endloop
endfacet
facet normal 0 0 0
  outer loop
    vertex 1.4631774425506592 7.355889797210693 -32
    vertex 2.1771349906921387 7.1770524978637695 -12
    vertex 2.1771349906921387 7.1770524978637695 -32
  endloop
endfacet
facet normal 0 0 0
  outer loop
    vertex 1.4631774425506592 7.355889797210693 -32
    vertex 0.800000011920929 7.454262733459473 -18.640321731567383
    vertex 1.4631774425506592 7.355889797210693 -12
  endloop
endfacet
facet normal 0 0 0
  outer loop
    vertex 1.4631774425506592 7.355889797210693 -32
    vertex 1.4631774425506592 7.355889797210693 -12
    vertex 2.1771349906921387 7.1770524978637695 -12
  endloop
endfacet
facet normal 0 0 0
  outer loop
    vertex 3.535475492477417 6.614409446716309 -32
    vertex 2.8701257705688477 6.929096698760986 -32
    vertex 3.535475492477417 6.614409446716309 -12
  endloop
endfacet
facet normal 0 0 0
  outer loop
    vertex 4.384511947631836 5.51588249206543 -32
    vertex 4.166776657104492 6.236021995544434 -32
    vertex 4.7052741050720215 5.836645126342773 -32
  endloop
endfacet
facet normal 0 0 0
  outer loop
    vertex 3.535475492477417 6.614409446716309 -32
    vertex 4.166776657104492 6.236021995544434 -12
    vertex 4.166776657104492 6.236021995544434 -32
  endloop
endfacet
facet normal 0 0 0
  outer loop
    vertex 3.535475492477417 6.614409446716309 -32
    vertex 3.535475492477417 6.614409446716309 -12
    vertex 4.166776657104492 6.236021995544434 -12
  endloop
endfacet
facet normal 0 0 0
  outer loop
    vertex 4.166776657104492 6.236021995544434 -32
    vertex 4.166776657104492 6.236021995544434 -12
    vertex 4.7579498291015625 5.79757833480835 -12
  endloop
endfacet
facet normal 0 0 0
  outer loop
    vertex 2.1771349906921387 7.1770524978637695 -32
    vertex 2.8701257705688477 6.929096698760986 -12
    vertex 2.8701257705688477 6.929096698760986 -32
  endloop
endfacet
facet normal 0 0 0
  outer loop
    vertex 2.1771349906921387 7.1770524978637695 -32
    vertex 2.1771349906921387 7.1770524978637695 -12
    vertex 2.8701257705688477 6.929096698760986 -12
  endloop
endfacet
facet normal 0 0 0
  outer loop
    vertex 2.8701257705688477 6.929096698760986 -32
    vertex 2.8701257705688477 6.929096698760986 -12
    vertex 3.535475492477417 6.614409446716309 -12
  endloop
endfacet
facet normal 0 0 0
  outer loop
    vertex 0.7351285815238953 7.463885307312012 -18.505603790283203
    vertex 0 7.5 -18
    vertex 0.7351285815238953 7.463885307312012 -12
  endloop
endfacet
facet normal 0 0 0
  outer loop
    vertex 0 7.5 -18
    vertex 0 7.5 -12
    vertex 0.7351285815238953 7.463885307312012 -12
  endloop
endfacet
facet normal 0 0 0
  outer loop
    vertex 0.7351285815238953 7.463885307312012 -18.505603790283203
    vertex 1.4631774425506592 7.355889797210693 -12
    vertex 0.800000011920929 7.454262733459473 -18.640321731567383
  endloop
endfacet
facet normal 0 0 0
  outer loop
    vertex 0.7351285815238953 7.463885307312012 -18.505603790283203
    vertex 0.7351285815238953 7.463885307312012 -12
    vertex 1.4631774425506592 7.355889797210693 -12
  endloop
endfacet
facet normal 0 0 0
  outer loop
    vertex 0 7.5 -7
    vertex 0.7351285815238953 7.463885307312012 -7
    vertex 0 7.5 -8
  endloop
endfacet
facet normal 0 0 0
  outer loop
    vertex 0.7351285815238953 7.463885307312012 -7
    vertex 0.7351285815238953 7.463885307312012 -8
    vertex 0 7.5 -8
  endloop
endfacet
facet normal 0 0 0
  outer loop
    vertex 0.7351285815238953 7.463885307312012 -7
    vertex 1.4631774425506592 7.355889797210693 -7
    vertex 0.7351285815238953 7.463885307312012 -8
  endloop
endfacet
facet normal 0 0 0
  outer loop
    vertex 1.4631774425506592 7.355889797210693 -7
    vertex 1.4631774425506592 7.355889797210693 -8
    vertex 0.7351285815238953 7.463885307312012 -8
  endloop
endfacet
facet normal 0 0 0
  outer loop
    vertex 1.4631774425506592 7.355889797210693 -7
    vertex 2.1771349906921387 7.1770524978637695 -7
    vertex 1.4631774425506592 7.355889797210693 -8
  endloop
endfacet
facet normal 0 0 0
  outer loop
    vertex 2.1771349906921387 7.1770524978637695 -7
    vertex 2.1771349906921387 7.1770524978637695 -8
    vertex 1.4631774425506592 7.355889797210693 -8
  endloop
endfacet
facet normal 0 0 0
  outer loop
    vertex 3.535475492477417 6.614409446716309 -8
    vertex 3.726356267929077 6.5 -8
    vertex 3.535475492477417 6.614409446716309 -12
  endloop
endfacet
facet normal 0 0 0
  outer loop
    vertex 3.535475492477417 6.614409446716309 -7
    vertex 3.535475492477417 6.614409446716309 -8
    vertex 2.8701257705688477 6.929096698760986 -8
  endloop
endfacet
facet normal 0 0 0
  outer loop
    vertex 3.535475492477417 6.614409446716309 -7
    vertex 3.726356267929077 6.5 -8
    vertex 3.535475492477417 6.614409446716309 -8
  endloop
endfacet
facet normal 0 0 0
  outer loop
    vertex 3.535475492477417 6.614409446716309 -7
    vertex 3.7557175159454346 6.482401371002197 -7
    vertex 3.726356267929077 6.5 -8
  endloop
endfacet
facet normal 0 0 0
  outer loop
    vertex 2.1771349906921387 7.1770524978637695 -7
    vertex 2.8701257705688477 6.929096698760986 -7
    vertex 2.1771349906921387 7.1770524978637695 -8
  endloop
endfacet
facet normal 0 0 0
  outer loop
    vertex 2.8701257705688477 6.929096698760986 -7
    vertex 2.8701257705688477 6.929096698760986 -8
    vertex 2.1771349906921387 7.1770524978637695 -8
  endloop
endfacet
facet normal 0 0 0
  outer loop
    vertex 3.535475492477417 6.614409446716309 -7
    vertex 2.8701257705688477 6.929096698760986 -8
    vertex 2.8701257705688477 6.929096698760986 -7
  endloop
endfacet
facet normal 0 0 0
  outer loop
    vertex 4.166776657104492 -6.236021995544434 -32
    vertex 4.384511947631836 5.51588249206543 -32
    vertex 5.51588249206543 4.384511947631836 -32
  endloop
endfacet
facet normal 0 0 0
  outer loop
    vertex 4.384511947631836 -5.51588249206543 -32
    vertex 5.51588249206543 4.384511947631836 -32
    vertex 5.836645126342773 4.7052741050720215 -32
  endloop
endfacet
facet normal 0 0 0
  outer loop
    vertex 6.614409446716309 -3.535475492477417 -32
    vertex 6.614409446716309 3.535475492477417 -32
    vertex 6.929096698760986 2.8701257705688477 -32
  endloop
endfacet
facet normal 0 0 0
  outer loop
    vertex 5.51588249206543 -4.384511947631836 -32
    vertex 5.836645126342773 4.7052741050720215 -32
    vertex 6.236021995544434 4.166776657104492 -32
  endloop
endfacet
facet normal 0 0 0
  outer loop
    vertex 6.236021995544434 -4.166776657104492 -32
    vertex 6.236021995544434 4.166776657104492 -32
    vertex 6.614409446716309 3.535475492477417 -32
  endloop
endfacet
facet normal 0 0 0
  outer loop
    vertex 6.614409446716309 3.535475492477417 -32
    vertex 6.236021995544434 4.166776657104492 -32
    vertex 6.614409446716309 3.535475492477417 -12
  endloop
endfacet
facet normal 0 0 0
  outer loop
    vertex 6.614409446716309 3.535475492477417 -32
    vertex 6.614409446716309 3.535475492477417 -12
    vertex 6.929096698760986 2.8701257705688477 -12
  endloop
endfacet
facet normal 0 0 0
  outer loop
    vertex 6.236021995544434 4.166776657104492 -32
    vertex 5.836645126342773 4.7052741050720215 -18.640321731567383
    vertex 6.236021995544434 4.166776657104492 -12
  endloop
endfacet
facet normal 0 0 0
  outer loop
    vertex 6.236021995544434 4.166776657104492 -32
    vertex 6.236021995544434 4.166776657104492 -12
    vertex 6.614409446716309 3.535475492477417 -12
  endloop
endfacet
facet normal 0 0 0
  outer loop
    vertex 7.000636100769043 -0.800000011920929 -32
    vertex 6.929096698760986 2.8701257705688477 -32
    vertex 7.000636100769043 0.800000011920929 -32
  endloop
endfacet
facet normal 0 0 0
  outer loop
    vertex 7.000636100769043 0.800000011920929 -32
    vertex 7.355889797210693 1.4631774425506592 -32
    vertex 7.454262733459473 0.800000011920929 -32
  endloop
endfacet
facet normal 0 0 0
  outer loop
    vertex 7.454262733459473 0.800000011920929 -32
    vertex 7.355889797210693 1.4631774425506592 -32
    vertex 7.454262733459473 0.800000011920929 -18.640321731567383
  endloop
endfacet
facet normal 0 0 0
  outer loop
    vertex 7.000636100769043 0.800000011920929 -32
    vertex 7.1770524978637695 2.1771349906921387 -32
    vertex 7.355889797210693 1.4631774425506592 -32
  endloop
endfacet
facet normal 0 0 0
  outer loop
    vertex 7.000636100769043 0.800000011920929 -32
    vertex 6.929096698760986 2.8701257705688477 -32
    vertex 7.1770524978637695 2.1771349906921387 -32
  endloop
endfacet
facet normal 0 0 0
  outer loop
    vertex 7.1770524978637695 2.1771349906921387 -32
    vertex 7.355889797210693 1.4631774425506592 -12
    vertex 7.355889797210693 1.4631774425506592 -32
  endloop
endfacet
facet normal 0 0 0
  outer loop
    vertex 7.355889797210693 1.4631774425506592 -32
    vertex 7.463885307312012 0.7351285815238953 -12
    vertex 7.454262733459473 0.800000011920929 -18.640321731567383
  endloop
endfacet
facet normal 0 0 0
  outer loop
    vertex 7.1770524978637695 2.1771349906921387 -32
    vertex 7.1770524978637695 2.1771349906921387 -12
    vertex 7.355889797210693 1.4631774425506592 -12
  endloop
endfacet
facet normal 0 0 0
  outer loop
    vertex 7.355889797210693 1.4631774425506592 -32
    vertex 7.355889797210693 1.4631774425506592 -12
    vertex 7.463885307312012 0.7351285815238953 -12
  endloop
endfacet
facet normal 0 0 0
  outer loop
    vertex 7.1770524978637695 2.1771349906921387 -32
    vertex 6.929096698760986 2.8701257705688477 -32
    vertex 7.1770524978637695 2.1771349906921387 -12
  endloop
endfacet
facet normal 0 0 0
  outer loop
    vertex 6.614409446716309 3.535475492477417 -32
    vertex 6.929096698760986 2.8701257705688477 -12
    vertex 6.929096698760986 2.8701257705688477 -32
  endloop
endfacet
facet normal 0 0 0
  outer loop
    vertex 6.929096698760986 2.8701257705688477 -32
    vertex 6.929096698760986 2.8701257705688477 -12
    vertex 7.1770524978637695 2.1771349906921387 -12
  endloop
endfacet
facet normal 0 0 0
  outer loop
    vertex 7.463885307312012 0.7351285815238953 -18.505603790283203
    vertex 7.5 0 -12
    vertex 7.5 0 -18
  endloop
endfacet
facet normal 0 0 0
  outer loop
    vertex 7.463885307312012 0.7351285815238953 -18.505603790283203
    vertex 7.463885307312012 0.7351285815238953 -12
    vertex 7.5 0 -12
  endloop
endfacet
facet normal 0 0 0
  outer loop
    vertex 7.463885307312012 0.7351285815238953 -18.505603790283203
    vertex 7.454262733459473 0.800000011920929 -18.640321731567383
    vertex 7.463885307312012 0.7351285815238953 -12
  endloop
endfacet
facet normal 0 0 0
  outer loop
    vertex 4.166776657104492 6.236021995544434 -32
    vertex 4.7052741050720215 5.836645126342773 -18.640321731567383
    vertex 4.7052741050720215 5.836645126342773 -32
  endloop
endfacet
facet normal 0 0 0
  outer loop
    vertex 6.236021995544434 4.166776657104492 -32
    vertex 5.836645126342773 4.7052741050720215 -32
    vertex 5.836645126342773 4.7052741050720215 -18.640321731567383
  endloop
endfacet
facet normal 0 0 0
  outer loop
    vertex 4.166776657104492 6.236021995544434 -32
    vertex 4.7579498291015625 5.79757833480835 -12
    vertex 4.7052741050720215 5.836645126342773 -18.640321731567383
  endloop
endfacet
facet normal 0 0 0
  outer loop
    vertex 4.7579498291015625 5.79757833480835 -18.505603790283203
    vertex 5.303300857543945 5.303300857543945 -12
    vertex 5.303300857543945 5.303300857543945 -18
  endloop
endfacet
facet normal 0 0 0
  outer loop
    vertex 5.303300857543945 5.303300857543945 -18
    vertex 5.303300857543945 5.303300857543945 -12
    vertex 5.79757833480835 4.7579498291015625 -12
  endloop
endfacet
facet normal 0 0 0
  outer loop
    vertex 4.7052741050720215 5.836645126342773 -18.640321731567383
    vertex 4.7579498291015625 5.79757833480835 -12
    vertex 4.7579498291015625 5.79757833480835 -18.505603790283203
  endloop
endfacet
facet normal 0 0 0
  outer loop
    vertex 4.7579498291015625 5.79757833480835 -18.505603790283203
    vertex 4.7579498291015625 5.79757833480835 -12
    vertex 5.303300857543945 5.303300857543945 -12
  endloop
endfacet
facet normal 0 0 0
  outer loop
    vertex 5.79757833480835 4.7579498291015625 -18.505603790283203
    vertex 5.303300857543945 5.303300857543945 -18
    vertex 5.79757833480835 4.7579498291015625 -12
  endloop
endfacet
facet normal 0 0 0
  outer loop
    vertex 5.79757833480835 4.7579498291015625 -18.505603790283203
    vertex 6.236021995544434 4.166776657104492 -12
    vertex 5.836645126342773 4.7052741050720215 -18.640321731567383
  endloop
endfacet
facet normal 0 0 0
  outer loop
    vertex 5.79757833480835 4.7579498291015625 -18.505603790283203
    vertex 5.79757833480835 4.7579498291015625 -12
    vertex 6.236021995544434 4.166776657104492 -12
  endloop
endfacet
facet normal 0 0 0
  outer loop
    vertex -6.957094192504883 -5.709539413452148 -7
    vertex -6.363961219787598 -6.363961219787598 -7
    vertex -6.957094192504883 -5.709539413452148 -4
  endloop
endfacet
facet normal 0 0 0
  outer loop
    vertex -6.957094192504883 -5.709539413452148 -7
    vertex -7.483226299285889 -5.000132083892822 -4
    vertex -7.483226299285889 -5.000132083892822 -7
  endloop
endfacet
facet normal 0 0 0
  outer loop
    vertex -7.483226299285889 -5.000132083892822 -7
    vertex -7.483226299285889 -5.000132083892822 -4
    vertex -7.937291145324707 -4.242570400238037 -4
  endloop
endfacet
facet normal 0 0 0
  outer loop
    vertex -6.957094192504883 -5.709539413452148 -7
    vertex -6.957094192504883 -5.709539413452148 -4
    vertex -7.483226299285889 -5.000132083892822 -4
  endloop
endfacet
facet normal 0 0 0
  outer loop
    vertex -6.957094192504883 -5.709539413452148 -4
    vertex -6.929096698760986 -2.8701257705688477 -4
    vertex -7.483226299285889 -5.000132083892822 -4
  endloop
endfacet
facet normal 0 0 0
  outer loop
    vertex -5.709539413452148 -6.957094192504883 -7
    vertex -5.709539413452148 -6.957094192504883 -4
    vertex -6.363961219787598 -6.363961219787598 -4
  endloop
endfacet
facet normal 0 0 0
  outer loop
    vertex -5.709539413452148 -6.957094192504883 -7
    vertex -5.000132083892822 -7.483226299285889 -7
    vertex -5.709539413452148 -6.957094192504883 -4
  endloop
endfacet
facet normal 0 0 0
  outer loop
    vertex -5.000132083892822 -7.483226299285889 -7
    vertex -4.242570400238037 -7.937291145324707 -7
    vertex -5.000132083892822 -7.483226299285889 -4
  endloop
endfacet
facet normal 0 0 0
  outer loop
    vertex -5.000132083892822 -7.483226299285889 -7
    vertex -4.7579498291015625 -5.79757833480835 -7
    vertex -4.242570400238037 -7.937291145324707 -7
  endloop
endfacet
facet normal 0 0 0
  outer loop
    vertex -5.709539413452148 -6.957094192504883 -4
    vertex -5.000132083892822 -7.483226299285889 -7
    vertex -5.000132083892822 -7.483226299285889 -4
  endloop
endfacet
facet normal 0 0 0
  outer loop
    vertex -5.000132083892822 -7.483226299285889 -4
    vertex -4.242570400238037 -7.937291145324707 -4
    vertex -4.7579498291015625 -5.79757833480835 -4
  endloop
endfacet
facet normal 0 0 0
  outer loop
    vertex -5.709539413452148 -6.957094192504883 -7
    vertex -6.363961219787598 -6.363961219787598 -4
    vertex -6.363961219787598 -6.363961219787598 -7
  endloop
endfacet
facet normal 0 0 0
  outer loop
    vertex -5.709539413452148 -6.957094192504883 -7
    vertex -6.363961219787598 -6.363961219787598 -7
    vertex -5.79757833480835 -4.7579498291015625 -7
  endloop
endfacet
facet normal 0 0 0
  outer loop
    vertex -6.957094192504883 -5.709539413452148 -4
    vertex -6.363961219787598 -6.363961219787598 -7
    vertex -6.363961219787598 -6.363961219787598 -4
  endloop
endfacet
facet normal 0 0 0
  outer loop
    vertex -5.709539413452148 -6.957094192504883 -4
    vertex -6.236021995544434 -4.166776657104492 -4
    vertex -6.363961219787598 -6.363961219787598 -4
  endloop
endfacet
facet normal 0 0 0
  outer loop
    vertex -6.957094192504883 -5.709539413452148 -7
    vertex -6.614409446716309 -3.535475492477417 -7
    vertex -6.363961219787598 -6.363961219787598 -7
  endloop
endfacet
facet normal 0 0 0
  outer loop
    vertex -6.363961219787598 -6.363961219787598 -7
    vertex -6.614409446716309 -3.535475492477417 -7
    vertex -6.236021995544434 -4.166776657104492 -7
  endloop
endfacet
facet normal 0 0 0
  outer loop
    vertex -6.363961219787598 -6.363961219787598 -7
    vertex -6.236021995544434 -4.166776657104492 -7
    vertex -5.79757833480835 -4.7579498291015625 -7
  endloop
endfacet
facet normal 0 0 0
  outer loop
    vertex -6.957094192504883 -5.709539413452148 -4
    vertex -6.363961219787598 -6.363961219787598 -4
    vertex -6.614409446716309 -3.535475492477417 -4
  endloop
endfacet
facet normal 0 0 0
  outer loop
    vertex -6.363961219787598 -6.363961219787598 -4
    vertex -6.236021995544434 -4.166776657104492 -4
    vertex -6.614409446716309 -3.535475492477417 -4
  endloop
endfacet
facet normal 0 0 0
  outer loop
    vertex -5.709539413452148 -6.957094192504883 -4
    vertex -5.79757833480835 -4.7579498291015625 -4
    vertex -6.236021995544434 -4.166776657104492 -4
  endloop
endfacet
facet normal 0 0 0
  outer loop
    vertex -5.709539413452148 -6.957094192504883 -7
    vertex -5.303300857543945 -5.303300857543945 -7
    vertex -5.000132083892822 -7.483226299285889 -7
  endloop
endfacet
facet normal 0 0 0
  outer loop
    vertex -5.709539413452148 -6.957094192504883 -7
    vertex -5.79757833480835 -4.7579498291015625 -7
    vertex -5.303300857543945 -5.303300857543945 -7
  endloop
endfacet
facet normal 0 0 0
  outer loop
    vertex -5.000132083892822 -7.483226299285889 -7
    vertex -5.303300857543945 -5.303300857543945 -7
    vertex -4.7579498291015625 -5.79757833480835 -7
  endloop
endfacet
facet normal 0 0 0
  outer loop
    vertex -5.709539413452148 -6.957094192504883 -4
    vertex -5.000132083892822 -7.483226299285889 -4
    vertex -5.303300857543945 -5.303300857543945 -4
  endloop
endfacet
facet normal 0 0 0
  outer loop
    vertex -5.709539413452148 -6.957094192504883 -4
    vertex -5.303300857543945 -5.303300857543945 -4
    vertex -5.79757833480835 -4.7579498291015625 -4
  endloop
endfacet
facet normal 0 0 0
  outer loop
    vertex -5.000132083892822 -7.483226299285889 -4
    vertex -4.7579498291015625 -5.79757833480835 -4
    vertex -5.303300857543945 -5.303300857543945 -4
  endloop
endfacet
facet normal 0 0 0
  outer loop
    vertex -7.937291145324707 -4.242570400238037 -7
    vertex -8.314915657043457 -3.444150924682617 -4
    vertex -8.314915657043457 -3.444150924682617 -7
  endloop
endfacet
facet normal 0 0 0
  outer loop
    vertex -7.937291145324707 -4.242570400238037 -7
    vertex -7.937291145324707 -4.242570400238037 -4
    vertex -8.314915657043457 -3.444150924682617 -4
  endloop
endfacet
facet normal 0 0 0
  outer loop
    vertex -8.314915657043457 -3.444150924682617 -7
    vertex -8.612462997436523 -2.6125621795654297 -4
    vertex -8.612462997436523 -2.6125621795654297 -7
  endloop
endfacet
facet normal 0 0 0
  outer loop
    vertex -8.612462997436523 -2.6125621795654297 -7
    vertex -8.612462997436523 -2.6125621795654297 -4
    vertex -8.827067375183105 -1.7558128833770752 -4
  endloop
endfacet
facet normal 0 0 0
  outer loop
    vertex -8.314915657043457 -3.444150924682617 -7
    vertex -8.314915657043457 -3.444150924682617 -4
    vertex -8.612462997436523 -2.6125621795654297 -4
  endloop
endfacet
facet normal 0 0 0
  outer loop
    vertex -7.483226299285889 -5.000132083892822 -7
    vertex -7.937291145324707 -4.242570400238037 -4
    vertex -7.937291145324707 -4.242570400238037 -7
  endloop
endfacet
facet normal 0 0 0
  outer loop
    vertex -6.957094192504883 -5.709539413452148 -7
    vertex -7.483226299285889 -5.000132083892822 -7
    vertex -7.1770524978637695 -2.1771349906921387 -7
  endloop
endfacet
facet normal 0 0 0
  outer loop
    vertex -6.957094192504883 -5.709539413452148 -7
    vertex -6.929096698760986 -2.8701257705688477 -7
    vertex -6.614409446716309 -3.535475492477417 -7
  endloop
endfacet
facet normal 0 0 0
  outer loop
    vertex -6.957094192504883 -5.709539413452148 -7
    vertex -7.1770524978637695 -2.1771349906921387 -7
    vertex -6.929096698760986 -2.8701257705688477 -7
  endloop
endfacet
facet normal 0 0 0
  outer loop
    vertex -6.957094192504883 -5.709539413452148 -4
    vertex -6.614409446716309 -3.535475492477417 -4
    vertex -6.929096698760986 -2.8701257705688477 -4
  endloop
endfacet
facet normal 0 0 0
  outer loop
    vertex -7.483226299285889 -5.000132083892822 -7
    vertex -7.937291145324707 -4.242570400238037 -7
    vertex -7.5 0 -7
  endloop
endfacet
facet normal 0 0 0
  outer loop
    vertex -7.483226299285889 -5.000132083892822 -7
    vertex -7.355889797210693 -1.4631774425506592 -7
    vertex -7.1770524978637695 -2.1771349906921387 -7
  endloop
endfacet
facet normal 0 0 0
  outer loop
    vertex -7.483226299285889 -5.000132083892822 -7
    vertex -7.463885307312012 -0.7351285815238953 -7
    vertex -7.355889797210693 -1.4631774425506592 -7
  endloop
endfacet
facet normal 0 0 0
  outer loop
    vertex -7.483226299285889 -5.000132083892822 -4
    vertex -7.5 0 -4
    vertex -7.937291145324707 -4.242570400238037 -4
  endloop
endfacet
facet normal 0 0 0
  outer loop
    vertex -7.483226299285889 -5.000132083892822 -4
    vertex -7.1770524978637695 -2.1771349906921387 -4
    vertex -7.355889797210693 -1.4631774425506592 -4
  endloop
endfacet
facet normal 0 0 0
  outer loop
    vertex -7.483226299285889 -5.000132083892822 -4
    vertex -7.355889797210693 -1.4631774425506592 -4
    vertex -7.463885307312012 -0.7351285815238953 -4
  endloop
endfacet
facet normal 0 0 0
  outer loop
    vertex -7.483226299285889 -5.000132083892822 -4
    vertex -6.929096698760986 -2.8701257705688477 -4
    vertex -7.1770524978637695 -2.1771349906921387 -4
  endloop
endfacet
facet normal 0 0 0
  outer loop
    vertex -8.612462997436523 -2.6125621795654297 -7
    vertex -8.827067375183105 -1.7558128833770752 -4
    vertex -8.827067375183105 -1.7558128833770752 -7
  endloop
endfacet
facet normal 0 0 0
  outer loop
    vertex -8.827067375183105 -1.7558128833770752 -7
    vertex -8.95666217803955 -0.8821542859077454 -4
    vertex -8.95666217803955 -0.8821542859077454 -7
  endloop
endfacet
facet normal 0 0 0
  outer loop
    vertex -7.937291145324707 -4.242570400238037 -7
    vertex -8.314915657043457 -3.444150924682617 -7
    vertex -7.937291145324707 4.242570400238037 -7
  endloop
endfacet
facet normal 0 0 0
  outer loop
    vertex -8.827067375183105 -1.7558128833770752 -7
    vertex -8.827067375183105 -1.7558128833770752 -4
    vertex -8.95666217803955 -0.8821542859077454 -4
  endloop
endfacet
facet normal 0 0 0
  outer loop
    vertex -7.937291145324707 -4.242570400238037 -4
    vertex -7.937291145324707 4.242570400238037 -4
    vertex -8.314915657043457 -3.444150924682617 -4
  endloop
endfacet
facet normal 0 0 0
  outer loop
    vertex -8.612462997436523 -2.6125621795654297 -7
    vertex -8.827067375183105 -1.7558128833770752 -7
    vertex -8.612462997436523 2.6125621795654297 -7
  endloop
endfacet
facet normal 0 0 0
  outer loop
    vertex -8.827067375183105 -1.7558128833770752 -7
    vertex -8.95666217803955 -0.8821542859077454 -7
    vertex -8.827067375183105 1.7558128833770752 -7
  endloop
endfacet
facet normal 0 0 0
  outer loop
    vertex -8.95666217803955 -0.8821542859077454 -7
    vertex -9 0 -4
    vertex -9 0 -7
  endloop
endfacet
facet normal 0 0 0
  outer loop
    vertex -8.314915657043457 -3.444150924682617 -7
    vertex -8.612462997436523 -2.6125621795654297 -7
    vertex -8.314915657043457 3.444150924682617 -7
  endloop
endfacet
facet normal 0 0 0
  outer loop
    vertex -8.95666217803955 -0.8821542859077454 -7
    vertex -8.95666217803955 -0.8821542859077454 -4
    vertex -9 0 -4
  endloop
endfacet
facet normal 0 0 0
  outer loop
    vertex -8.612462997436523 -2.6125621795654297 -4
    vertex -8.612462997436523 2.6125621795654297 -4
    vertex -8.827067375183105 -1.7558128833770752 -4
  endloop
endfacet
facet normal 0 0 0
  outer loop
    vertex -8.827067375183105 -1.7558128833770752 -4
    vertex -8.827067375183105 1.7558128833770752 -4
    vertex -8.95666217803955 -0.8821542859077454 -4
  endloop
endfacet
facet normal 0 0 0
  outer loop
    vertex -8.314915657043457 -3.444150924682617 -4
    vertex -8.314915657043457 3.444150924682617 -4
    vertex -8.612462997436523 -2.6125621795654297 -4
  endloop
endfacet
facet normal 0 0 0
  outer loop
    vertex -7.483226299285889 -5.000132083892822 -7
    vertex -7.5 0 -7
    vertex -7.463885307312012 -0.7351285815238953 -7
  endloop
endfacet
facet normal 0 0 0
  outer loop
    vertex -7.937291145324707 -4.242570400238037 -7
    vertex -7.463885307312012 0.7351285815238953 -7
    vertex -7.5 0 -7
  endloop
endfacet
facet normal 0 0 0
  outer loop
    vertex -7.483226299285889 -5.000132083892822 -4
    vertex -7.463885307312012 -0.7351285815238953 -4
    vertex -7.5 0 -4
  endloop
endfacet
facet normal 0 0 0
  outer loop
    vertex -7.937291145324707 -4.242570400238037 -4
    vertex -7.5 0 -4
    vertex -7.463885307312012 0.7351285815238953 -4
  endloop
endfacet
facet normal 0 0 0
  outer loop
    vertex -4.242570400238037 -7.937291145324707 -7
    vertex -3.444150924682617 -8.314915657043457 -7
    vertex -4.242570400238037 -7.937291145324707 -4
  endloop
endfacet
facet normal 0 0 0
  outer loop
    vertex -3.444150924682617 -8.314915657043457 -7
    vertex -3.444150924682617 -8.314915657043457 -4
    vertex -4.242570400238037 -7.937291145324707 -4
  endloop
endfacet
facet normal 0 0 0
  outer loop
    vertex -4.242570400238037 -7.937291145324707 -7
    vertex -4.166776657104492 -6.236021995544434 -7
    vertex -3.7557175159454346 -6.482401371002197 -7
  endloop
endfacet
facet normal 0 0 0
  outer loop
    vertex -4.242570400238037 -7.937291145324707 -7
    vertex -3.535475492477417 -6.614409446716309 -7
    vertex -3.444150924682617 -8.314915657043457 -7
  endloop
endfacet
facet normal 0 0 0
  outer loop
    vertex -4.242570400238037 -7.937291145324707 -7
    vertex -3.7557175159454346 -6.482401371002197 -7
    vertex -3.535475492477417 -6.614409446716309 -7
  endloop
endfacet
facet normal 0 0 0
  outer loop
    vertex -5.000132083892822 -7.483226299285889 -4
    vertex -4.242570400238037 -7.937291145324707 -7
    vertex -4.242570400238037 -7.937291145324707 -4
  endloop
endfacet
facet normal 0 0 0
  outer loop
    vertex -4.242570400238037 -7.937291145324707 -4
    vertex -3.726356267929077 -6.5 -4
    vertex -4.166776657104492 -6.236021995544434 -4
  endloop
endfacet
facet normal 0 0 0
  outer loop
    vertex -4.242570400238037 -7.937291145324707 -4
    vertex -3.444150924682617 -8.314915657043457 -4
    vertex -3.726356267929077 -6.5 -4
  endloop
endfacet
facet normal 0 0 0
  outer loop
    vertex -3.444150924682617 -8.314915657043457 -7
    vertex -2.6125621795654297 -8.612462997436523 -7
    vertex -3.444150924682617 -8.314915657043457 -4
  endloop
endfacet
facet normal 0 0 0
  outer loop
    vertex -3.444150924682617 -8.314915657043457 -7
    vertex -2.8701257705688477 -6.929096698760986 -7
    vertex -2.6125621795654297 -8.612462997436523 -7
  endloop
endfacet
facet normal 0 0 0
  outer loop
    vertex -2.6125621795654297 -8.612462997436523 -7
    vertex -1.7558128833770752 -8.827067375183105 -7
    vertex -2.6125621795654297 -8.612462997436523 -4
  endloop
endfacet
facet normal 0 0 0
  outer loop
    vertex -3.444150924682617 -8.314915657043457 -4
    vertex -2.6125621795654297 -8.612462997436523 -7
    vertex -2.6125621795654297 -8.612462997436523 -4
  endloop
endfacet
facet normal 0 0 0
  outer loop
    vertex -3.444150924682617 -8.314915657043457 -7
    vertex -3.535475492477417 -6.614409446716309 -7
    vertex -2.8701257705688477 -6.929096698760986 -7
  endloop
endfacet
facet normal 0 0 0
  outer loop
    vertex -2.6125621795654297 -8.612462997436523 -7
    vertex -2.8701257705688477 -6.929096698760986 -7
    vertex -2.1771349906921387 -7.1770524978637695 -7
  endloop
endfacet
facet normal 0 0 0
  outer loop
    vertex -3.444150924682617 -8.314915657043457 -4
    vertex -2.6125621795654297 -8.612462997436523 -4
    vertex -3.726356267929077 -6.5 -4
  endloop
endfacet
facet normal 0 0 0
  outer loop
    vertex -2.6125621795654297 -8.612462997436523 -4
    vertex -1.7558128833770752 -7.282588005065918 -4
    vertex -3.726356267929077 -6.5 -4
  endloop
endfacet
facet normal 0 0 0
  outer loop
    vertex -1.7558128833770752 -7.282588005065918 -4
    vertex -1.7558128833770752 -6.5 -4
    vertex -3.726356267929077 -6.5 -4
  endloop
endfacet
facet normal 0 0 0
  outer loop
    vertex -4.242570400238037 -7.937291145324707 -7
    vertex -4.7579498291015625 -5.79757833480835 -7
    vertex -4.166776657104492 -6.236021995544434 -7
  endloop
endfacet
facet normal 0 0 0
  outer loop
    vertex -4.242570400238037 -7.937291145324707 -4
    vertex -4.166776657104492 -6.236021995544434 -4
    vertex -4.7579498291015625 -5.79757833480835 -4
  endloop
endfacet
facet normal 0 0 0
  outer loop
    vertex -2.6125621795654297 -8.612462997436523 -7
    vertex -2.1771349906921387 -7.1770524978637695 -7
    vertex -1.7558128833770752 -8.827067375183105 -7
  endloop
endfacet
facet normal 0 0 0
  outer loop
    vertex -1.7558128833770752 -8.827067375183105 -7
    vertex -0.8821542859077454 -8.95666217803955 -7
    vertex -1.7558128833770752 -8.827067375183105 -4
  endloop
endfacet
facet normal 0 0 0
  outer loop
    vertex -1.7558128833770752 -8.827067375183105 -7
    vertex -1.4631774425506592 -7.355889797210693 -7
    vertex -0.8821542859077454 -8.95666217803955 -7
  endloop
endfacet
facet normal 0 0 0
  outer loop
    vertex -2.6125621795654297 -8.612462997436523 -4
    vertex -1.7558128833770752 -8.827067375183105 -7
    vertex -1.7558128833770752 -8.827067375183105 -4
  endloop
endfacet
facet normal 0 0 0
  outer loop
    vertex -2.6125621795654297 -8.612462997436523 -4
    vertex -1.7558128833770752 -8.827067375183105 -4
    vertex -1.7558128833770752 -7.282588005065918 -4
  endloop
endfacet
facet normal 0 0 0
  outer loop
    vertex -1.7558128833770752 -8.827067375183105 -4
    vertex -0.8821542859077454 -8.95666217803955 -7
    vertex -0.8821542859077454 -8.95666217803955 -4
  endloop
endfacet
facet normal 0 0 0
  outer loop
    vertex -1.7558128833770752 -8.827067375183105 -4
    vertex -0.8821542859077454 -8.95666217803955 -4
    vertex -0.8821542859077454 -7.442076206207275 -4
  endloop
endfacet
facet normal 0 0 0
  outer loop
    vertex -1.7558128833770752 -8.827067375183105 -7
    vertex -2.1771349906921387 -7.1770524978637695 -7
    vertex -1.4631774425506592 -7.355889797210693 -7
  endloop
endfacet
facet normal 0 0 0
  outer loop
    vertex -1.7558128833770752 -8.827067375183105 -4
    vertex -1.7039090394973755 -6.5 -4
    vertex -1.7558128833770752 -7.282588005065918 -4
  endloop
endfacet
facet normal 0 0 0
  outer loop
    vertex -1.7558128833770752 -8.827067375183105 -4
    vertex -0.8821542859077454 -7.442076206207275 -4
    vertex -1.7039090394973755 -6.5 -4
  endloop
endfacet
facet normal 0 0 0
  outer loop
    vertex -0.8821542859077454 -7.442076206207275 -4
    vertex -0.8821542859077454 -6.5 -4
    vertex -1.7039090394973755 -6.5 -4
  endloop
endfacet
facet normal 0 0 0
  outer loop
    vertex -0.8821542859077454 -8.95666217803955 -7
    vertex 0 -9 -7
    vertex -0.8821542859077454 -8.95666217803955 -4
  endloop
endfacet
facet normal 0 0 0
  outer loop
    vertex -1.4631774425506592 -7.355889797210693 -7
    vertex -0.7351285815238953 -7.463885307312012 -7
    vertex -0.8821542859077454 -8.95666217803955 -7
  endloop
endfacet
facet normal 0 0 0
  outer loop
    vertex -0.8821542859077454 -8.95666217803955 -7
    vertex -0.7351285815238953 -7.463885307312012 -7
    vertex 0 -9 -7
  endloop
endfacet
facet normal 0 0 0
  outer loop
    vertex -0.7351285815238953 -7.463885307312012 -7
    vertex 0 -7.5 -7
    vertex 0 -9 -7
  endloop
endfacet
facet normal 0 0 0
  outer loop
    vertex -0.8821542859077454 -8.95666217803955 -4
    vertex 0 -9 -7
    vertex 0 -9 -4
  endloop
endfacet
facet normal 0 0 0
  outer loop
    vertex -0.8821542859077454 -8.95666217803955 -4
    vertex 0 -9 -4
    vertex -0.7884522676467896 -6.5 -4
  endloop
endfacet
facet normal 0 0 0
  outer loop
    vertex -0.8821542859077454 -8.95666217803955 -4
    vertex -0.7884522676467896 -6.5 -4
    vertex -0.8821542859077454 -7.442076206207275 -4
  endloop
endfacet
facet normal 0 0 0
  outer loop
    vertex -8.95666217803955 -0.8821542859077454 -7
    vertex -9 0 -7
    vertex -8.95666217803955 0.8821542859077454 -7
  endloop
endfacet
facet normal 0 0 0
  outer loop
    vertex -8.95666217803955 -0.8821542859077454 -7
    vertex -8.95666217803955 0.8821542859077454 -7
    vertex -8.827067375183105 1.7558128833770752 -7
  endloop
endfacet
facet normal 0 0 0
  outer loop
    vertex -9 0 -7
    vertex -8.95666217803955 0.8821542859077454 -4
    vertex -8.95666217803955 0.8821542859077454 -7
  endloop
endfacet
facet normal 0 0 0
  outer loop
    vertex -8.827067375183105 -1.7558128833770752 -7
    vertex -8.827067375183105 1.7558128833770752 -7
    vertex -8.612462997436523 2.6125621795654297 -7
  endloop
endfacet
facet normal 0 0 0
  outer loop
    vertex -8.95666217803955 -0.8821542859077454 -4
    vertex -8.95666217803955 0.8821542859077454 -4
    vertex -9 0 -4
  endloop
endfacet
facet normal 0 0 0
  outer loop
    vertex -9 0 -7
    vertex -9 0 -4
    vertex -8.95666217803955 0.8821542859077454 -4
  endloop
endfacet
facet normal 0 0 0
  outer loop
    vertex -8.95666217803955 -0.8821542859077454 -4
    vertex -8.827067375183105 1.7558128833770752 -4
    vertex -8.95666217803955 0.8821542859077454 -4
  endloop
endfacet
facet normal 0 0 0
  outer loop
    vertex -8.827067375183105 -1.7558128833770752 -4
    vertex -8.612462997436523 2.6125621795654297 -4
    vertex -8.827067375183105 1.7558128833770752 -4
  endloop
endfacet
facet normal 0 0 0
  outer loop
    vertex -8.95666217803955 0.8821542859077454 -7
    vertex -8.827067375183105 1.7558128833770752 -4
    vertex -8.827067375183105 1.7558128833770752 -7
  endloop
endfacet
facet normal 0 0 0
  outer loop
    vertex -8.612462997436523 -2.6125621795654297 -7
    vertex -8.612462997436523 2.6125621795654297 -7
    vertex -8.314915657043457 3.444150924682617 -7
  endloop
endfacet
facet normal 0 0 0
  outer loop
    vertex -8.314915657043457 -3.444150924682617 -7
    vertex -8.314915657043457 3.444150924682617 -7
    vertex -7.937291145324707 4.242570400238037 -7
  endloop
endfacet
facet normal 0 0 0
  outer loop
    vertex -8.95666217803955 0.8821542859077454 -7
    vertex -8.95666217803955 0.8821542859077454 -4
    vertex -8.827067375183105 1.7558128833770752 -4
  endloop
endfacet
facet normal 0 0 0
  outer loop
    vertex -8.612462997436523 -2.6125621795654297 -4
    vertex -8.314915657043457 3.444150924682617 -4
    vertex -8.612462997436523 2.6125621795654297 -4
  endloop
endfacet
facet normal 0 0 0
  outer loop
    vertex -8.827067375183105 1.7558128833770752 -7
    vertex -8.827067375183105 1.7558128833770752 -4
    vertex -8.612462997436523 2.6125621795654297 -4
  endloop
endfacet
facet normal 0 0 0
  outer loop
    vertex -8.314915657043457 -3.444150924682617 -4
    vertex -7.937291145324707 4.242570400238037 -4
    vertex -8.314915657043457 3.444150924682617 -4
  endloop
endfacet
facet normal 0 0 0
  outer loop
    vertex -7.937291145324707 -4.242570400238037 -7
    vertex -7.483226299285889 5.000132083892822 -7
    vertex -7.463885307312012 0.7351285815238953 -7
  endloop
endfacet
facet normal 0 0 0
  outer loop
    vertex -7.937291145324707 -4.242570400238037 -4
    vertex -7.463885307312012 0.7351285815238953 -4
    vertex -7.483226299285889 5.000132083892822 -4
  endloop
endfacet
facet normal 0 0 0
  outer loop
    vertex -7.937291145324707 -4.242570400238037 -7
    vertex -7.937291145324707 4.242570400238037 -7
    vertex -7.483226299285889 5.000132083892822 -7
  endloop
endfacet
facet normal 0 0 0
  outer loop
    vertex -7.937291145324707 -4.242570400238037 -4
    vertex -7.483226299285889 5.000132083892822 -4
    vertex -7.937291145324707 4.242570400238037 -4
  endloop
endfacet
facet normal 0 0 0
  outer loop
    vertex -8.827067375183105 1.7558128833770752 -7
    vertex -8.612462997436523 2.6125621795654297 -4
    vertex -8.612462997436523 2.6125621795654297 -7
  endloop
endfacet
facet normal 0 0 0
  outer loop
    vertex -8.612462997436523 2.6125621795654297 -7
    vertex -8.314915657043457 3.444150924682617 -4
    vertex -8.314915657043457 3.444150924682617 -7
  endloop
endfacet
facet normal 0 0 0
  outer loop
    vertex -8.612462997436523 2.6125621795654297 -7
    vertex -8.612462997436523 2.6125621795654297 -4
    vertex -8.314915657043457 3.444150924682617 -4
  endloop
endfacet
facet normal 0 0 0
  outer loop
    vertex -8.314915657043457 3.444150924682617 -7
    vertex -7.937291145324707 4.242570400238037 -4
    vertex -7.937291145324707 4.242570400238037 -7
  endloop
endfacet
facet normal 0 0 0
  outer loop
    vertex -8.314915657043457 3.444150924682617 -7
    vertex -8.314915657043457 3.444150924682617 -4
    vertex -7.937291145324707 4.242570400238037 -4
  endloop
endfacet
facet normal 0 0 0
  outer loop
    vertex -7.483226299285889 5.000132083892822 -7
    vertex -7.355889797210693 1.4631774425506592 -7
    vertex -7.463885307312012 0.7351285815238953 -7
  endloop
endfacet
facet normal 0 0 0
  outer loop
    vertex -7.483226299285889 5.000132083892822 -7
    vertex -7.224114894866943 1.9892514944076538 -7
    vertex -7.355889797210693 1.4631774425506592 -7
  endloop
endfacet
facet normal 0 0 0
  outer loop
    vertex -7.483226299285889 5.000132083892822 -7
    vertex -7.1770524978637695 2.1771349906921387 -7
    vertex -7.224114894866943 1.9892514944076538 -7
  endloop
endfacet
facet normal 0 0 0
  outer loop
    vertex -7.483226299285889 5.000132083892822 -7
    vertex -6.994348049163818 2.6877598762512207 -7
    vertex -7.1770524978637695 2.1771349906921387 -7
  endloop
endfacet
facet normal 0 0 0
  outer loop
    vertex -7.483226299285889 5.000132083892822 -4
    vertex -7.463885307312012 0.7351285815238953 -4
    vertex -7.355889797210693 1.4631774425506592 -4
  endloop
endfacet
facet normal 0 0 0
  outer loop
    vertex -7.483226299285889 5.000132083892822 -4
    vertex -7.355889797210693 1.4631774425506592 -4
    vertex -7.1770524978637695 2.1771349906921387 -4
  endloop
endfacet
facet normal 0 0 0
  outer loop
    vertex -7.483226299285889 5.000132083892822 -4
    vertex -7.1770524978637695 2.1771349906921387 -4
    vertex -6.929096698760986 2.8701257705688477 -4
  endloop
endfacet
facet normal 0 0 0
  outer loop
    vertex -7.483226299285889 5.000132083892822 -7
    vertex -6.929096698760986 2.8701257705688477 -7
    vertex -6.994348049163818 2.6877598762512207 -7
  endloop
endfacet
facet normal 0 0 0
  outer loop
    vertex -6.957094192504883 5.709539413452148 -7
    vertex -6.697221755981445 3.3603835105895996 -7
    vertex -6.929096698760986 2.8701257705688477 -7
  endloop
endfacet
facet normal 0 0 0
  outer loop
    vertex -6.957094192504883 5.709539413452148 -7
    vertex -6.614409446716309 3.535475492477417 -7
    vertex -6.697221755981445 3.3603835105895996 -7
  endloop
endfacet
facet normal 0 0 0
  outer loop
    vertex -7.937291145324707 4.242570400238037 -7
    vertex -7.937291145324707 4.242570400238037 -4
    vertex -7.483226299285889 5.000132083892822 -4
  endloop
endfacet
facet normal 0 0 0
  outer loop
    vertex -6.957094192504883 5.709539413452148 -4
    vertex -6.929096698760986 2.8701257705688477 -4
    vertex -6.614409446716309 3.535475492477417 -4
  endloop
endfacet
facet normal 0 0 0
  outer loop
    vertex -6.957094192504883 5.709539413452148 -7
    vertex -6.335597515106201 4.000644683837891 -7
    vertex -6.614409446716309 3.535475492477417 -7
  endloop
endfacet
facet normal 0 0 0
  outer loop
    vertex -7.937291145324707 4.242570400238037 -7
    vertex -7.483226299285889 5.000132083892822 -4
    vertex -7.483226299285889 5.000132083892822 -7
  endloop
endfacet
facet normal 0 0 0
  outer loop
    vertex -7.483226299285889 5.000132083892822 -7
    vertex -6.957094192504883 5.709539413452148 -7
    vertex -6.929096698760986 2.8701257705688477 -7
  endloop
endfacet
facet normal 0 0 0
  outer loop
    vertex -7.483226299285889 5.000132083892822 -7
    vertex -6.957094192504883 5.709539413452148 -4
    vertex -6.957094192504883 5.709539413452148 -7
  endloop
endfacet
facet normal 0 0 0
  outer loop
    vertex -7.483226299285889 5.000132083892822 -4
    vertex -6.929096698760986 2.8701257705688477 -4
    vertex -6.957094192504883 5.709539413452148 -4
  endloop
endfacet
facet normal 0 0 0
  outer loop
    vertex -7.483226299285889 5.000132083892822 -7
    vertex -7.483226299285889 5.000132083892822 -4
    vertex -6.957094192504883 5.709539413452148 -4
  endloop
endfacet
facet normal 0 0 0
  outer loop
    vertex -6.957094192504883 5.709539413452148 -7
    vertex -6.957094192504883 5.709539413452148 -4
    vertex -6.363961219787598 6.363961219787598 -4
  endloop
endfacet
facet normal 0 0 0
  outer loop
    vertex -6.957094192504883 5.709539413452148 -7
    vertex -6.236021995544434 4.166776657104492 -7
    vertex -6.335597515106201 4.000644683837891 -7
  endloop
endfacet
facet normal 0 0 0
  outer loop
    vertex -6.957094192504883 5.709539413452148 -7
    vertex -6.363961219787598 6.363961219787598 -7
    vertex -6.236021995544434 4.166776657104492 -7
  endloop
endfacet
facet normal 0 0 0
  outer loop
    vertex -6.363961219787598 6.363961219787598 -7
    vertex -5.912958145141602 4.602377891540527 -7
    vertex -6.236021995544434 4.166776657104492 -7
  endloop
endfacet
facet normal 0 0 0
  outer loop
    vertex -6.363961219787598 6.363961219787598 -7
    vertex -5.79757833480835 4.7579498291015625 -7
    vertex -5.912958145141602 4.602377891540527 -7
  endloop
endfacet
facet normal 0 0 0
  outer loop
    vertex -6.363961219787598 6.363961219787598 -4
    vertex -6.614409446716309 3.535475492477417 -4
    vertex -6.236021995544434 4.166776657104492 -4
  endloop
endfacet
facet normal 0 0 0
  outer loop
    vertex -6.957094192504883 5.709539413452148 -4
    vertex -6.614409446716309 3.535475492477417 -4
    vertex -6.363961219787598 6.363961219787598 -4
  endloop
endfacet
facet normal 0 0 0
  outer loop
    vertex -6.363961219787598 6.363961219787598 -4
    vertex -6.236021995544434 4.166776657104492 -4
    vertex -5.79757833480835 4.7579498291015625 -4
  endloop
endfacet
facet normal 0 0 0
  outer loop
    vertex -6.957094192504883 5.709539413452148 -7
    vertex -6.363961219787598 6.363961219787598 -4
    vertex -6.363961219787598 6.363961219787598 -7
  endloop
endfacet
facet normal 0 0 0
  outer loop
    vertex -6.363961219787598 6.363961219787598 -7
    vertex -5.709539413452148 6.957094192504883 -7
    vertex -5.79757833480835 4.7579498291015625 -7
  endloop
endfacet
facet normal 0 0 0
  outer loop
    vertex -6.363961219787598 6.363961219787598 -4
    vertex -5.79757833480835 4.7579498291015625 -4
    vertex -5.709539413452148 6.957094192504883 -4
  endloop
endfacet
facet normal 0 0 0
  outer loop
    vertex -6.363961219787598 6.363961219787598 -7
    vertex -6.363961219787598 6.363961219787598 -4
    vertex -5.709539413452148 6.957094192504883 -4
  endloop
endfacet
facet normal 0 0 0
  outer loop
    vertex -5.709539413452148 6.957094192504883 -7
    vertex -5.303300857543945 5.303300857543945 -7
    vertex -5.79757833480835 4.7579498291015625 -7
  endloop
endfacet
facet normal 0 0 0
  outer loop
    vertex -5.709539413452148 6.957094192504883 -7
    vertex -4.901463031768799 5.667505264282227 -7
    vertex -5.303300857543945 5.303300857543945 -7
  endloop
endfacet
facet normal 0 0 0
  outer loop
    vertex -5.709539413452148 6.957094192504883 -7
    vertex -4.7579498291015625 5.79757833480835 -7
    vertex -4.901463031768799 5.667505264282227 -7
  endloop
endfacet
facet normal 0 0 0
  outer loop
    vertex -5.709539413452148 6.957094192504883 -7
    vertex -5.000132083892822 7.483226299285889 -7
    vertex -4.7579498291015625 5.79757833480835 -7
  endloop
endfacet
facet normal 0 0 0
  outer loop
    vertex -5.000132083892822 7.483226299285889 -7
    vertex -4.322348594665527 6.120642185211182 -7
    vertex -4.7579498291015625 5.79757833480835 -7
  endloop
endfacet
facet normal 0 0 0
  outer loop
    vertex -5.709539413452148 6.957094192504883 -4
    vertex -5.79757833480835 4.7579498291015625 -4
    vertex -5.303300857543945 5.303300857543945 -4
  endloop
endfacet
facet normal 0 0 0
  outer loop
    vertex -5.709539413452148 6.957094192504883 -4
    vertex -5.303300857543945 5.303300857543945 -4
    vertex -4.7579498291015625 5.79757833480835 -4
  endloop
endfacet
facet normal 0 0 0
  outer loop
    vertex -5.709539413452148 6.957094192504883 -4
    vertex -4.7579498291015625 5.79757833480835 -4
    vertex -5.000132083892822 7.483226299285889 -4
  endloop
endfacet
facet normal 0 0 0
  outer loop
    vertex -5.000132083892822 7.483226299285889 -4
    vertex -4.7579498291015625 5.79757833480835 -4
    vertex -4.166776657104492 6.236021995544434 -4
  endloop
endfacet
facet normal 0 0 0
  outer loop
    vertex -6.363961219787598 6.363961219787598 -7
    vertex -5.709539413452148 6.957094192504883 -4
    vertex -5.709539413452148 6.957094192504883 -7
  endloop
endfacet
facet normal 0 0 0
  outer loop
    vertex -5.709539413452148 6.957094192504883 -7
    vertex -5.000132083892822 7.483226299285889 -4
    vertex -5.000132083892822 7.483226299285889 -7
  endloop
endfacet
facet normal 0 0 0
  outer loop
    vertex -5.709539413452148 6.957094192504883 -7
    vertex -5.709539413452148 6.957094192504883 -4
    vertex -5.000132083892822 7.483226299285889 -4
  endloop
endfacet
facet normal 0 0 0
  outer loop
    vertex -5.000132083892822 7.483226299285889 -7
    vertex -5.000132083892822 7.483226299285889 -4
    vertex -4.242570400238037 7.937291145324707 -4
  endloop
endfacet
facet normal 0 0 0
  outer loop
    vertex -5.000132083892822 7.483226299285889 -7
    vertex -4.166776657104492 6.236021995544434 -7
    vertex -4.322348594665527 6.120642185211182 -7
  endloop
endfacet
facet normal 0 0 0
  outer loop
    vertex -5.000132083892822 7.483226299285889 -7
    vertex -4.242570400238037 7.937291145324707 -7
    vertex -4.166776657104492 6.236021995544434 -7
  endloop
endfacet
facet normal 0 0 0
  outer loop
    vertex -4.242570400238037 7.937291145324707 -7
    vertex -3.7557175159454346 6.482401371002197 -7
    vertex -4.166776657104492 6.236021995544434 -7
  endloop
endfacet
facet normal 0 0 0
  outer loop
    vertex -5.000132083892822 7.483226299285889 -7
    vertex -4.242570400238037 7.937291145324707 -4
    vertex -4.242570400238037 7.937291145324707 -7
  endloop
endfacet
facet normal 0 0 0
  outer loop
    vertex -3.535475492477417 6.614409446716309 -7
    vertex -3.7557175159454346 6.482401371002197 -7
    vertex -4.242570400238037 7.937291145324707 -7
  endloop
endfacet
facet normal 0 0 0
  outer loop
    vertex -3.535475492477417 6.614409446716309 -7
    vertex -4.242570400238037 7.937291145324707 -7
    vertex -2.8701257705688477 6.929096698760986 -7
  endloop
endfacet
facet normal 0 0 0
  outer loop
    vertex -4.242570400238037 7.937291145324707 -7
    vertex -3.444150924682617 8.314915657043457 -7
    vertex -2.8701257705688477 6.929096698760986 -7
  endloop
endfacet
facet normal 0 0 0
  outer loop
    vertex -5.000132083892822 7.483226299285889 -4
    vertex -4.166776657104492 6.236021995544434 -4
    vertex -4.242570400238037 7.937291145324707 -4
  endloop
endfacet
facet normal 0 0 0
  outer loop
    vertex -4.242570400238037 7.937291145324707 -4
    vertex -4.166776657104492 6.236021995544434 -4
    vertex -3.726356267929077 6.5 -4
  endloop
endfacet
facet normal 0 0 0
  outer loop
    vertex -4.242570400238037 7.937291145324707 -7
    vertex -3.444150924682617 8.314915657043457 -4
    vertex -3.444150924682617 8.314915657043457 -7
  endloop
endfacet
facet normal 0 0 0
  outer loop
    vertex -4.242570400238037 7.937291145324707 -7
    vertex -4.242570400238037 7.937291145324707 -4
    vertex -3.444150924682617 8.314915657043457 -4
  endloop
endfacet
facet normal 0 0 0
  outer loop
    vertex -3.444150924682617 8.314915657043457 -7
    vertex -2.1771349906921387 7.1770524978637695 -7
    vertex -2.8701257705688477 6.929096698760986 -7
  endloop
endfacet
facet normal 0 0 0
  outer loop
    vertex -3.444150924682617 8.314915657043457 -7
    vertex -2.6125621795654297 8.612462997436523 -4
    vertex -2.6125621795654297 8.612462997436523 -7
  endloop
endfacet
facet normal 0 0 0
  outer loop
    vertex -3.444150924682617 8.314915657043457 -7
    vertex -2.6125621795654297 8.612462997436523 -7
    vertex -2.1771349906921387 7.1770524978637695 -7
  endloop
endfacet
facet normal 0 0 0
  outer loop
    vertex -3.444150924682617 8.314915657043457 -7
    vertex -3.444150924682617 8.314915657043457 -4
    vertex -2.6125621795654297 8.612462997436523 -4
  endloop
endfacet
facet normal 0 0 0
  outer loop
    vertex -2.6125621795654297 8.612462997436523 -7
    vertex -2.6125621795654297 8.612462997436523 -4
    vertex -1.7558128833770752 8.827067375183105 -4
  endloop
endfacet
facet normal 0 0 0
  outer loop
    vertex -2.6125621795654297 8.612462997436523 -7
    vertex -1.4631774425506592 7.355889797210693 -7
    vertex -2.1771349906921387 7.1770524978637695 -7
  endloop
endfacet
facet normal 0 0 0
  outer loop
    vertex -4.242570400238037 7.937291145324707 -4
    vertex -3.726356267929077 6.5 -4
    vertex 3.726356267929077 6.5 -4
  endloop
endfacet
facet normal 0 0 0
  outer loop
    vertex -4.242570400238037 7.937291145324707 -4
    vertex 3.726356267929077 6.5 -4
    vertex -3.444150924682617 8.314915657043457 -4
  endloop
endfacet
facet normal 0 0 0
  outer loop
    vertex -2.6125621795654297 8.612462997436523 -7
    vertex -1.7558128833770752 8.827067375183105 -7
    vertex -1.4631774425506592 7.355889797210693 -7
  endloop
endfacet
facet normal 0 0 0
  outer loop
    vertex -2.6125621795654297 8.612462997436523 -7
    vertex -1.7558128833770752 8.827067375183105 -4
    vertex -1.7558128833770752 8.827067375183105 -7
  endloop
endfacet
facet normal 0 0 0
  outer loop
    vertex -1.4631774425506592 7.355889797210693 -7
    vertex -1.7558128833770752 8.827067375183105 -7
    vertex -0.7351285815238953 7.463885307312012 -7
  endloop
endfacet
facet normal 0 0 0
  outer loop
    vertex -1.7558128833770752 8.827067375183105 -7
    vertex -0.8821542859077454 8.95666217803955 -4
    vertex -0.8821542859077454 8.95666217803955 -7
  endloop
endfacet
facet normal 0 0 0
  outer loop
    vertex -1.7558128833770752 8.827067375183105 -7
    vertex -1.7558128833770752 8.827067375183105 -4
    vertex -0.8821542859077454 8.95666217803955 -4
  endloop
endfacet
facet normal 0 0 0
  outer loop
    vertex -3.444150924682617 8.314915657043457 -4
    vertex 3.726356267929077 6.5 -4
    vertex -2.6125621795654297 8.612462997436523 -4
  endloop
endfacet
facet normal 0 0 0
  outer loop
    vertex -1.7558128833770752 8.827067375183105 -7
    vertex -0.8821542859077454 8.95666217803955 -7
    vertex -0.7351285815238953 7.463885307312012 -7
  endloop
endfacet
facet normal 0 0 0
  outer loop
    vertex -0.7351285815238953 7.463885307312012 -7
    vertex -0.8821542859077454 8.95666217803955 -7
    vertex 0 7.5 -7
  endloop
endfacet
facet normal 0 0 0
  outer loop
    vertex -0.8821542859077454 8.95666217803955 -7
    vertex 0 9 -7
    vertex 0 7.5 -7
  endloop
endfacet
facet normal 0 0 0
  outer loop
    vertex -0.8821542859077454 8.95666217803955 -7
    vertex 0 9 -4
    vertex 0 9 -7
  endloop
endfacet
facet normal 0 0 0
  outer loop
    vertex -0.8821542859077454 8.95666217803955 -7
    vertex -0.8821542859077454 8.95666217803955 -4
    vertex 0 9 -4
  endloop
endfacet
facet normal 0 0 0
  outer loop
    vertex -2.6125621795654297 8.612462997436523 -4
    vertex 3.726356267929077 6.5 -4
    vertex -1.7558128833770752 8.827067375183105 -4
  endloop
endfacet
facet normal 0 0 0
  outer loop
    vertex 0 -9 -7
    vertex 0.8821542859077454 -8.95666217803955 -7
    vertex 0 -9 -4
  endloop
endfacet
facet normal 0 0 0
  outer loop
    vertex 0 -9 -7
    vertex 0 -7.5 -7
    vertex 0.8821542859077454 -8.95666217803955 -7
  endloop
endfacet
facet normal 0 0 0
  outer loop
    vertex 0.8821542859077454 -8.95666217803955 -7
    vertex 0 -7.5 -7
    vertex 0.7351285815238953 -7.463885307312012 -7
  endloop
endfacet
facet normal 0 0 0
  outer loop
    vertex 0.8821542859077454 -8.95666217803955 -7
    vertex 0.7351285815238953 -7.463885307312012 -7
    vertex 1.7558128833770752 -8.827067375183105 -7
  endloop
endfacet
facet normal 0 0 0
  outer loop
    vertex 0 -9 -4
    vertex 0.8821542859077454 -8.95666217803955 -4
    vertex -0.7884522676467896 -6.5 -4
  endloop
endfacet
facet normal 0 0 0
  outer loop
    vertex 0.8821542859077454 -8.95666217803955 -7
    vertex 0.8821542859077454 -8.95666217803955 -4
    vertex 0 -9 -4
  endloop
endfacet
facet normal 0 0 0
  outer loop
    vertex 0.8821542859077454 -8.95666217803955 -4
    vertex 1.7558128833770752 -8.827067375183105 -4
    vertex -0.7884522676467896 -6.5 -4
  endloop
endfacet
facet normal 0 0 0
  outer loop
    vertex 0.8821542859077454 -8.95666217803955 -7
    vertex 1.7558128833770752 -8.827067375183105 -7
    vertex 0.8821542859077454 -8.95666217803955 -4
  endloop
endfacet
facet normal 0 0 0
  outer loop
    vertex 0.7351285815238953 -7.463885307312012 -7
    vertex 1.4631774425506592 -7.355889797210693 -7
    vertex 1.7558128833770752 -8.827067375183105 -7
  endloop
endfacet
facet normal 0 0 0
  outer loop
    vertex 1.7558128833770752 -8.827067375183105 -7
    vertex 2.6125621795654297 -8.612462997436523 -7
    vertex 1.7558128833770752 -8.827067375183105 -4
  endloop
endfacet
facet normal 0 0 0
  outer loop
    vertex 1.7558128833770752 -8.827067375183105 -7
    vertex 1.4631774425506592 -7.355889797210693 -7
    vertex 2.6125621795654297 -8.612462997436523 -7
  endloop
endfacet
facet normal 0 0 0
  outer loop
    vertex 0.8821542859077454 -8.95666217803955 -4
    vertex 1.7558128833770752 -8.827067375183105 -7
    vertex 1.7558128833770752 -8.827067375183105 -4
  endloop
endfacet
facet normal 0 0 0
  outer loop
    vertex 1.4631774425506592 -7.355889797210693 -7
    vertex 2.1771349906921387 -7.1770524978637695 -7
    vertex 2.6125621795654297 -8.612462997436523 -7
  endloop
endfacet
facet normal 0 0 0
  outer loop
    vertex 1.7558128833770752 -8.827067375183105 -4
    vertex 2.6125621795654297 -7.021254062652588 -4
    vertex -0.7884522676467896 -6.5 -4
  endloop
endfacet
facet normal 0 0 0
  outer loop
    vertex 2.6125621795654297 -7.021254062652588 -4
    vertex 2.6125621795654297 -6.5 -4
    vertex -0.7884522676467896 -6.5 -4
  endloop
endfacet
facet normal 0 0 0
  outer loop
    vertex 2.1771349906921387 -7.1770524978637695 -7
    vertex 3.444150924682617 -8.314915657043457 -7
    vertex 2.6125621795654297 -8.612462997436523 -7
  endloop
endfacet
facet normal 0 0 0
  outer loop
    vertex 2.6125621795654297 -8.612462997436523 -7
    vertex 3.444150924682617 -8.314915657043457 -7
    vertex 2.6125621795654297 -8.612462997436523 -4
  endloop
endfacet
facet normal 0 0 0
  outer loop
    vertex 1.7558128833770752 -8.827067375183105 -4
    vertex 2.6125621795654297 -8.612462997436523 -7
    vertex 2.6125621795654297 -8.612462997436523 -4
  endloop
endfacet
facet normal 0 0 0
  outer loop
    vertex 1.7558128833770752 -8.827067375183105 -4
    vertex 2.6125621795654297 -8.612462997436523 -4
    vertex 2.6125621795654297 -7.021254062652588 -4
  endloop
endfacet
facet normal 0 0 0
  outer loop
    vertex 2.6125621795654297 -8.612462997436523 -4
    vertex 3.444150924682617 -8.314915657043457 -7
    vertex 3.444150924682617 -8.314915657043457 -4
  endloop
endfacet
facet normal 0 0 0
  outer loop
    vertex 2.1771349906921387 -7.1770524978637695 -7
    vertex 2.8701257705688477 -6.929096698760986 -7
    vertex 3.444150924682617 -8.314915657043457 -7
  endloop
endfacet
facet normal 0 0 0
  outer loop
    vertex 2.6125621795654297 -8.612462997436523 -4
    vertex 2.6493282318115234 -6.5 -4
    vertex 2.6125621795654297 -7.021254062652588 -4
  endloop
endfacet
facet normal 0 0 0
  outer loop
    vertex 2.6125621795654297 -8.612462997436523 -4
    vertex 3.444150924682617 -8.314915657043457 -4
    vertex 3.444150924682617 -6.657602787017822 -4
  endloop
endfacet
facet normal 0 0 0
  outer loop
    vertex 2.6125621795654297 -8.612462997436523 -4
    vertex 3.444150924682617 -6.657602787017822 -4
    vertex 2.6493282318115234 -6.5 -4
  endloop
endfacet
facet normal 0 0 0
  outer loop
    vertex 3.444150924682617 -8.314915657043457 -7
    vertex 4.242570400238037 -7.937291145324707 -7
    vertex 3.444150924682617 -8.314915657043457 -4
  endloop
endfacet
facet normal 0 0 0
  outer loop
    vertex 4.242570400238037 -7.937291145324707 -7
    vertex 4.242570400238037 -7.937291145324707 -4
    vertex 3.444150924682617 -8.314915657043457 -4
  endloop
endfacet
facet normal 0 0 0
  outer loop
    vertex 2.8701257705688477 -6.929096698760986 -7
    vertex 4.242570400238037 -7.937291145324707 -7
    vertex 3.444150924682617 -8.314915657043457 -7
  endloop
endfacet
facet normal 0 0 0
  outer loop
    vertex 2.8701257705688477 -6.929096698760986 -7
    vertex 3.535475492477417 -6.614409446716309 -7
    vertex 4.242570400238037 -7.937291145324707 -7
  endloop
endfacet
facet normal 0 0 0
  outer loop
    vertex 4.242570400238037 -7.937291145324707 -7
    vertex 3.535475492477417 -6.614409446716309 -7
    vertex 3.7557175159454346 -6.482401371002197 -7
  endloop
endfacet
facet normal 0 0 0
  outer loop
    vertex 4.242570400238037 -7.937291145324707 -7
    vertex 5.000132083892822 -7.483226299285889 -7
    vertex 4.242570400238037 -7.937291145324707 -4
  endloop
endfacet
facet normal 0 0 0
  outer loop
    vertex 4.242570400238037 -7.937291145324707 -7
    vertex 3.7557175159454346 -6.482401371002197 -7
    vertex 4.166776657104492 -6.236021995544434 -7
  endloop
endfacet
facet normal 0 0 0
  outer loop
    vertex 4.242570400238037 -7.937291145324707 -7
    vertex 4.166776657104492 -6.236021995544434 -7
    vertex 5.000132083892822 -7.483226299285889 -7
  endloop
endfacet
facet normal 0 0 0
  outer loop
    vertex 3.444150924682617 -8.314915657043457 -4
    vertex 4.242570400238037 -7.937291145324707 -4
    vertex 3.5155296325683594 -6.5 -4
  endloop
endfacet
facet normal 0 0 0
  outer loop
    vertex 3.444150924682617 -8.314915657043457 -4
    vertex 3.5155296325683594 -6.5 -4
    vertex 3.444150924682617 -6.657602787017822 -4
  endloop
endfacet
facet normal 0 0 0
  outer loop
    vertex 4.242570400238037 -7.937291145324707 -4
    vertex 3.726356267929077 -6.5 -4
    vertex 3.5155296325683594 -6.5 -4
  endloop
endfacet
facet normal 0 0 0
  outer loop
    vertex 4.242570400238037 -7.937291145324707 -4
    vertex 4.166776657104492 -6.236021995544434 -4
    vertex 3.726356267929077 -6.5 -4
  endloop
endfacet
facet normal 0 0 0
  outer loop
    vertex 3.444150924682617 -6.657602787017822 -4
    vertex 3.444150924682617 -6.5 -4
    vertex 2.6493282318115234 -6.5 -4
  endloop
endfacet
facet normal 0 0 0
  outer loop
    vertex 5.000132083892822 -7.483226299285889 -7
    vertex 4.166776657104492 -6.236021995544434 -7
    vertex 4.322348594665527 -6.120642185211182 -7
  endloop
endfacet
facet normal 0 0 0
  outer loop
    vertex 4.242570400238037 -7.937291145324707 -4
    vertex 4.7579498291015625 -5.79757833480835 -4
    vertex 4.166776657104492 -6.236021995544434 -4
  endloop
endfacet
facet normal 0 0 0
  outer loop
    vertex 5.000132083892822 -7.483226299285889 -7
    vertex 5.709539413452148 -6.957094192504883 -7
    vertex 5.000132083892822 -7.483226299285889 -4
  endloop
endfacet
facet normal 0 0 0
  outer loop
    vertex 4.242570400238037 -7.937291145324707 -4
    vertex 5.000132083892822 -7.483226299285889 -7
    vertex 5.000132083892822 -7.483226299285889 -4
  endloop
endfacet
facet normal 0 0 0
  outer loop
    vertex 4.242570400238037 -7.937291145324707 -4
    vertex 5.000132083892822 -7.483226299285889 -4
    vertex 4.7579498291015625 -5.79757833480835 -4
  endloop
endfacet
facet normal 0 0 0
  outer loop
    vertex 5.000132083892822 -7.483226299285889 -4
    vertex 5.709539413452148 -6.957094192504883 -7
    vertex 5.709539413452148 -6.957094192504883 -4
  endloop
endfacet
facet normal 0 0 0
  outer loop
    vertex 5.709539413452148 -6.957094192504883 -7
    vertex 6.363961219787598 -6.363961219787598 -7
    vertex 5.709539413452148 -6.957094192504883 -4
  endloop
endfacet
facet normal 0 0 0
  outer loop
    vertex 5.000132083892822 -7.483226299285889 -7
    vertex 4.322348594665527 -6.120642185211182 -7
    vertex 4.7579498291015625 -5.79757833480835 -7
  endloop
endfacet
facet normal 0 0 0
  outer loop
    vertex 5.000132083892822 -7.483226299285889 -7
    vertex 4.7579498291015625 -5.79757833480835 -7
    vertex 5.709539413452148 -6.957094192504883 -7
  endloop
endfacet
facet normal 0 0 0
  outer loop
    vertex 5.709539413452148 -6.957094192504883 -7
    vertex 4.7579498291015625 -5.79757833480835 -7
    vertex 4.901463031768799 -5.667505264282227 -7
  endloop
endfacet
facet normal 0 0 0
  outer loop
    vertex 5.709539413452148 -6.957094192504883 -7
    vertex 4.901463031768799 -5.667505264282227 -7
    vertex 5.303300857543945 -5.303300857543945 -7
  endloop
endfacet
facet normal 0 0 0
  outer loop
    vertex 5.709539413452148 -6.957094192504883 -7
    vertex 5.303300857543945 -5.303300857543945 -7
    vertex 5.79757833480835 -4.7579498291015625 -7
  endloop
endfacet
facet normal 0 0 0
  outer loop
    vertex 5.000132083892822 -7.483226299285889 -4
    vertex 5.709539413452148 -6.957094192504883 -4
    vertex 4.7579498291015625 -5.79757833480835 -4
  endloop
endfacet
facet normal 0 0 0
  outer loop
    vertex 5.709539413452148 -6.957094192504883 -4
    vertex 5.303300857543945 -5.303300857543945 -4
    vertex 4.7579498291015625 -5.79757833480835 -4
  endloop
endfacet
facet normal 0 0 0
  outer loop
    vertex 5.709539413452148 -6.957094192504883 -7
    vertex 5.79757833480835 -4.7579498291015625 -7
    vertex 6.363961219787598 -6.363961219787598 -7
  endloop
endfacet
facet normal 0 0 0
  outer loop
    vertex 6.363961219787598 -6.363961219787598 -7
    vertex 6.957094192504883 -5.709539413452148 -7
    vertex 6.363961219787598 -6.363961219787598 -4
  endloop
endfacet
facet normal 0 0 0
  outer loop
    vertex 5.709539413452148 -6.957094192504883 -4
    vertex 6.363961219787598 -6.363961219787598 -4
    vertex 5.303300857543945 -5.303300857543945 -4
  endloop
endfacet
facet normal 0 0 0
  outer loop
    vertex 5.709539413452148 -6.957094192504883 -4
    vertex 6.363961219787598 -6.363961219787598 -7
    vertex 6.363961219787598 -6.363961219787598 -4
  endloop
endfacet
facet normal 0 0 0
  outer loop
    vertex 6.363961219787598 -6.363961219787598 -7
    vertex 5.79757833480835 -4.7579498291015625 -7
    vertex 5.912958145141602 -4.602377891540527 -7
  endloop
endfacet
facet normal 0 0 0
  outer loop
    vertex 6.363961219787598 -6.363961219787598 -7
    vertex 5.912958145141602 -4.602377891540527 -7
    vertex 6.236021995544434 -4.166776657104492 -7
  endloop
endfacet
facet normal 0 0 0
  outer loop
    vertex 6.363961219787598 -6.363961219787598 -7
    vertex 6.236021995544434 -4.166776657104492 -7
    vertex 6.957094192504883 -5.709539413452148 -7
  endloop
endfacet
facet normal 0 0 0
  outer loop
    vertex 6.957094192504883 -5.709539413452148 -7
    vertex 6.236021995544434 -4.166776657104492 -7
    vertex 6.335597515106201 -4.000644683837891 -7
  endloop
endfacet
facet normal 0 0 0
  outer loop
    vertex 6.363961219787598 -6.363961219787598 -4
    vertex 5.79757833480835 -4.7579498291015625 -4
    vertex 5.303300857543945 -5.303300857543945 -4
  endloop
endfacet
facet normal 0 0 0
  outer loop
    vertex 6.363961219787598 -6.363961219787598 -4
    vertex 6.236021995544434 -4.166776657104492 -4
    vertex 5.79757833480835 -4.7579498291015625 -4
  endloop
endfacet
facet normal 0 0 0
  outer loop
    vertex 6.363961219787598 -6.363961219787598 -4
    vertex 6.614409446716309 -3.535475492477417 -4
    vertex 6.236021995544434 -4.166776657104492 -4
  endloop
endfacet
facet normal 0 0 0
  outer loop
    vertex 6.363961219787598 -6.363961219787598 -4
    vertex 6.957094192504883 -5.709539413452148 -7
    vertex 6.957094192504883 -5.709539413452148 -4
  endloop
endfacet
facet normal 0 0 0
  outer loop
    vertex 6.363961219787598 -6.363961219787598 -4
    vertex 6.957094192504883 -5.709539413452148 -4
    vertex 7.483226299285889 -5.000132083892822 -4
  endloop
endfacet
facet normal 0 0 0
  outer loop
    vertex 6.957094192504883 -5.709539413452148 -7
    vertex 7.483226299285889 -5.000132083892822 -7
    vertex 6.957094192504883 -5.709539413452148 -4
  endloop
endfacet
facet normal 0 0 0
  outer loop
    vertex 6.957094192504883 -5.709539413452148 -7
    vertex 6.929096698760986 -2.8701257705688477 -7
    vertex 7.483226299285889 -5.000132083892822 -7
  endloop
endfacet
facet normal 0 0 0
  outer loop
    vertex 7.483226299285889 -5.000132083892822 -7
    vertex 7.937291145324707 -4.242570400238037 -7
    vertex 7.483226299285889 -5.000132083892822 -4
  endloop
endfacet
facet normal 0 0 0
  outer loop
    vertex 6.957094192504883 -5.709539413452148 -4
    vertex 7.483226299285889 -5.000132083892822 -7
    vertex 7.483226299285889 -5.000132083892822 -4
  endloop
endfacet
facet normal 0 0 0
  outer loop
    vertex 6.363961219787598 -6.363961219787598 -4
    vertex 7.483226299285889 -5.000132083892822 -4
    vertex 6.614409446716309 -3.535475492477417 -4
  endloop
endfacet
facet normal 0 0 0
  outer loop
    vertex 6.957094192504883 -5.709539413452148 -7
    vertex 6.335597515106201 -4.000644683837891 -7
    vertex 6.614409446716309 -3.535475492477417 -7
  endloop
endfacet
facet normal 0 0 0
  outer loop
    vertex 6.957094192504883 -5.709539413452148 -7
    vertex 6.614409446716309 -3.535475492477417 -7
    vertex 6.697221755981445 -3.3603835105895996 -7
  endloop
endfacet
facet normal 0 0 0
  outer loop
    vertex 6.957094192504883 -5.709539413452148 -7
    vertex 6.697221755981445 -3.3603835105895996 -7
    vertex 6.929096698760986 -2.8701257705688477 -7
  endloop
endfacet
facet normal 0 0 0
  outer loop
    vertex 7.483226299285889 -5.000132083892822 -7
    vertex 6.929096698760986 -2.8701257705688477 -7
    vertex 6.994348049163818 -2.6877598762512207 -7
  endloop
endfacet
facet normal 0 0 0
  outer loop
    vertex 7.483226299285889 -5.000132083892822 -4
    vertex 6.929096698760986 -2.8701257705688477 -4
    vertex 6.614409446716309 -3.535475492477417 -4
  endloop
endfacet
facet normal 0 0 0
  outer loop
    vertex 7.483226299285889 -5.000132083892822 -4
    vertex 7.937291145324707 -4.242570400238037 -7
    vertex 7.937291145324707 -4.242570400238037 -4
  endloop
endfacet
facet normal 0 0 0
  outer loop
    vertex 7.483226299285889 -5.000132083892822 -7
    vertex 6.994348049163818 -2.6877598762512207 -7
    vertex 7.1770524978637695 -2.1771349906921387 -7
  endloop
endfacet
facet normal 0 0 0
  outer loop
    vertex 7.483226299285889 -5.000132083892822 -7
    vertex 7.1770524978637695 -2.1771349906921387 -7
    vertex 7.224114894866943 -1.9892514944076538 -7
  endloop
endfacet
facet normal 0 0 0
  outer loop
    vertex 7.483226299285889 -5.000132083892822 -7
    vertex 7.224114894866943 -1.9892514944076538 -7
    vertex 7.355889797210693 -1.4631774425506592 -7
  endloop
endfacet
facet normal 0 0 0
  outer loop
    vertex 7.483226299285889 -5.000132083892822 -7
    vertex 7.355889797210693 -1.4631774425506592 -7
    vertex 7.463885307312012 -0.7351285815238953 -7
  endloop
endfacet
facet normal 0 0 0
  outer loop
    vertex 7.483226299285889 -5.000132083892822 -4
    vertex 7.1770524978637695 -2.1771349906921387 -4
    vertex 6.929096698760986 -2.8701257705688477 -4
  endloop
endfacet
facet normal 0 0 0
  outer loop
    vertex 7.483226299285889 -5.000132083892822 -4
    vertex 7.355889797210693 -1.4631774425506592 -4
    vertex 7.1770524978637695 -2.1771349906921387 -4
  endloop
endfacet
facet normal 0 0 0
  outer loop
    vertex 7.483226299285889 -5.000132083892822 -4
    vertex 7.463885307312012 -0.7351285815238953 -4
    vertex 7.355889797210693 -1.4631774425506592 -4
  endloop
endfacet
facet normal 0 0 0
  outer loop
    vertex 7.937291145324707 -4.242570400238037 -7
    vertex 8.314915657043457 -3.444150924682617 -7
    vertex 7.937291145324707 -4.242570400238037 -4
  endloop
endfacet
facet normal 0 0 0
  outer loop
    vertex 8.314915657043457 -3.444150924682617 -7
    vertex 8.314915657043457 -3.444150924682617 -4
    vertex 7.937291145324707 -4.242570400238037 -4
  endloop
endfacet
facet normal 0 0 0
  outer loop
    vertex 8.314915657043457 -3.444150924682617 -7
    vertex 8.612462997436523 -2.6125621795654297 -7
    vertex 8.314915657043457 -3.444150924682617 -4
  endloop
endfacet
facet normal 0 0 0
  outer loop
    vertex 8.612462997436523 -2.6125621795654297 -7
    vertex 8.827067375183105 -1.7558128833770752 -7
    vertex 8.612462997436523 -2.6125621795654297 -4
  endloop
endfacet
facet normal 0 0 0
  outer loop
    vertex 8.314915657043457 -3.444150924682617 -4
    vertex 8.612462997436523 -2.6125621795654297 -7
    vertex 8.612462997436523 -2.6125621795654297 -4
  endloop
endfacet
facet normal 0 0 0
  outer loop
    vertex 7.483226299285889 -5.000132083892822 -7
    vertex 7.937291145324707 4.242570400238037 -7
    vertex 7.937291145324707 -4.242570400238037 -7
  endloop
endfacet
facet normal 0 0 0
  outer loop
    vertex 7.483226299285889 -5.000132083892822 -4
    vertex 7.937291145324707 -4.242570400238037 -4
    vertex 7.937291145324707 4.242570400238037 -4
  endloop
endfacet
facet normal 0 0 0
  outer loop
    vertex 7.483226299285889 -5.000132083892822 -7
    vertex 7.463885307312012 -0.7351285815238953 -7
    vertex 7.937291145324707 4.242570400238037 -7
  endloop
endfacet
facet normal 0 0 0
  outer loop
    vertex 7.483226299285889 -5.000132083892822 -4
    vertex 7.937291145324707 4.242570400238037 -4
    vertex 7.463885307312012 -0.7351285815238953 -4
  endloop
endfacet
facet normal 0 0 0
  outer loop
    vertex 7.937291145324707 -4.242570400238037 -7
    vertex 8.314915657043457 3.444150924682617 -7
    vertex 8.314915657043457 -3.444150924682617 -7
  endloop
endfacet
facet normal 0 0 0
  outer loop
    vertex 8.314915657043457 -3.444150924682617 -7
    vertex 8.612462997436523 2.6125621795654297 -7
    vertex 8.612462997436523 -2.6125621795654297 -7
  endloop
endfacet
facet normal 0 0 0
  outer loop
    vertex 8.827067375183105 -1.7558128833770752 -7
    vertex 8.95666217803955 -0.8821542859077454 -7
    vertex 8.827067375183105 -1.7558128833770752 -4
  endloop
endfacet
facet normal 0 0 0
  outer loop
    vertex 7.937291145324707 -4.242570400238037 -4
    vertex 8.314915657043457 -3.444150924682617 -4
    vertex 8.314915657043457 3.444150924682617 -4
  endloop
endfacet
facet normal 0 0 0
  outer loop
    vertex 8.612462997436523 -2.6125621795654297 -4
    vertex 8.827067375183105 -1.7558128833770752 -7
    vertex 8.827067375183105 -1.7558128833770752 -4
  endloop
endfacet
facet normal 0 0 0
  outer loop
    vertex 8.314915657043457 -3.444150924682617 -4
    vertex 8.612462997436523 -2.6125621795654297 -4
    vertex 8.612462997436523 2.6125621795654297 -4
  endloop
endfacet
facet normal 0 0 0
  outer loop
    vertex 8.827067375183105 -1.7558128833770752 -4
    vertex 8.95666217803955 -0.8821542859077454 -7
    vertex 8.95666217803955 -0.8821542859077454 -4
  endloop
endfacet
facet normal 0 0 0
  outer loop
    vertex 8.612462997436523 -2.6125621795654297 -7
    vertex 8.827067375183105 1.7558128833770752 -7
    vertex 8.827067375183105 -1.7558128833770752 -7
  endloop
endfacet
facet normal 0 0 0
  outer loop
    vertex 8.827067375183105 -1.7558128833770752 -7
    vertex 8.95666217803955 0.8821542859077454 -7
    vertex 8.95666217803955 -0.8821542859077454 -7
  endloop
endfacet
facet normal 0 0 0
  outer loop
    vertex 8.95666217803955 -0.8821542859077454 -7
    vertex 9 0 -7
    vertex 8.95666217803955 -0.8821542859077454 -4
  endloop
endfacet
facet normal 0 0 0
  outer loop
    vertex 8.612462997436523 -2.6125621795654297 -4
    vertex 8.827067375183105 -1.7558128833770752 -4
    vertex 8.827067375183105 1.7558128833770752 -4
  endloop
endfacet
facet normal 0 0 0
  outer loop
    vertex 8.827067375183105 -1.7558128833770752 -4
    vertex 8.95666217803955 -0.8821542859077454 -4
    vertex 8.95666217803955 0.8821542859077454 -4
  endloop
endfacet
facet normal 0 0 0
  outer loop
    vertex 8.95666217803955 -0.8821542859077454 -4
    vertex 9 0 -7
    vertex 9 0 -4
  endloop
endfacet
facet normal 0 0 0
  outer loop
    vertex 0 7.5 -7
    vertex 0 9 -7
    vertex 0.7351285815238953 7.463885307312012 -7
  endloop
endfacet
facet normal 0 0 0
  outer loop
    vertex 0.7351285815238953 7.463885307312012 -7
    vertex 0 9 -7
    vertex 0.8821542859077454 8.95666217803955 -7
  endloop
endfacet
facet normal 0 0 0
  outer loop
    vertex 0.7351285815238953 7.463885307312012 -7
    vertex 0.8821542859077454 8.95666217803955 -7
    vertex 1.4631774425506592 7.355889797210693 -7
  endloop
endfacet
facet normal 0 0 0
  outer loop
    vertex 0 9 -7
    vertex 0.8821542859077454 8.95666217803955 -4
    vertex 0.8821542859077454 8.95666217803955 -7
  endloop
endfacet
facet normal 0 0 0
  outer loop
    vertex -1.7558128833770752 8.827067375183105 -4
    vertex 3.726356267929077 6.5 -4
    vertex -0.8821542859077454 8.95666217803955 -4
  endloop
endfacet
facet normal 0 0 0
  outer loop
    vertex 0 9 -7
    vertex 0 9 -4
    vertex 0.8821542859077454 8.95666217803955 -4
  endloop
endfacet
facet normal 0 0 0
  outer loop
    vertex -0.8821542859077454 8.95666217803955 -4
    vertex 3.726356267929077 6.5 -4
    vertex 0 9 -4
  endloop
endfacet
facet normal 0 0 0
  outer loop
    vertex 0 9 -4
    vertex 1.7558128833770752 8.827067375183105 -4
    vertex 0.8821542859077454 8.95666217803955 -4
  endloop
endfacet
facet normal 0 0 0
  outer loop
    vertex 1.4631774425506592 7.355889797210693 -7
    vertex 1.7558128833770752 8.827067375183105 -7
    vertex 2.1771349906921387 7.1770524978637695 -7
  endloop
endfacet
facet normal 0 0 0
  outer loop
    vertex 0.8821542859077454 8.95666217803955 -7
    vertex 1.7558128833770752 8.827067375183105 -7
    vertex 1.4631774425506592 7.355889797210693 -7
  endloop
endfacet
facet normal 0 0 0
  outer loop
    vertex 0.8821542859077454 8.95666217803955 -7
    vertex 1.7558128833770752 8.827067375183105 -4
    vertex 1.7558128833770752 8.827067375183105 -7
  endloop
endfacet
facet normal 0 0 0
  outer loop
    vertex 2.1771349906921387 7.1770524978637695 -7
    vertex 1.7558128833770752 8.827067375183105 -7
    vertex 2.6125621795654297 8.612462997436523 -7
  endloop
endfacet
facet normal 0 0 0
  outer loop
    vertex 0.8821542859077454 8.95666217803955 -7
    vertex 0.8821542859077454 8.95666217803955 -4
    vertex 1.7558128833770752 8.827067375183105 -4
  endloop
endfacet
facet normal 0 0 0
  outer loop
    vertex 0 9 -4
    vertex 3.726356267929077 6.5 -4
    vertex 1.7558128833770752 8.827067375183105 -4
  endloop
endfacet
facet normal 0 0 0
  outer loop
    vertex 1.7558128833770752 8.827067375183105 -7
    vertex 1.7558128833770752 8.827067375183105 -4
    vertex 2.6125621795654297 8.612462997436523 -4
  endloop
endfacet
facet normal 0 0 0
  outer loop
    vertex 4.242570400238037 7.937291145324707 -7
    vertex 4.7579498291015625 5.79757833480835 -7
    vertex 4.166776657104492 6.236021995544434 -7
  endloop
endfacet
facet normal 0 0 0
  outer loop
    vertex 4.242570400238037 7.937291145324707 -4
    vertex 4.166776657104492 6.236021995544434 -4
    vertex 4.7579498291015625 5.79757833480835 -4
  endloop
endfacet
facet normal 0 0 0
  outer loop
    vertex 2.1771349906921387 7.1770524978637695 -7
    vertex 2.6125621795654297 8.612462997436523 -7
    vertex 2.8701257705688477 6.929096698760986 -7
  endloop
endfacet
facet normal 0 0 0
  outer loop
    vertex 3.535475492477417 6.614409446716309 -7
    vertex 2.8701257705688477 6.929096698760986 -7
    vertex 3.444150924682617 8.314915657043457 -7
  endloop
endfacet
facet normal 0 0 0
  outer loop
    vertex 2.6125621795654297 8.612462997436523 -4
    vertex 3.726356267929077 6.5 -4
    vertex 3.444150924682617 8.314915657043457 -4
  endloop
endfacet
facet normal 0 0 0
  outer loop
    vertex 1.7558128833770752 8.827067375183105 -7
    vertex 2.6125621795654297 8.612462997436523 -4
    vertex 2.6125621795654297 8.612462997436523 -7
  endloop
endfacet
facet normal 0 0 0
  outer loop
    vertex 2.8701257705688477 6.929096698760986 -7
    vertex 2.6125621795654297 8.612462997436523 -7
    vertex 3.444150924682617 8.314915657043457 -7
  endloop
endfacet
facet normal 0 0 0
  outer loop
    vertex 2.6125621795654297 8.612462997436523 -7
    vertex 3.444150924682617 8.314915657043457 -4
    vertex 3.444150924682617 8.314915657043457 -7
  endloop
endfacet
facet normal 0 0 0
  outer loop
    vertex 1.7558128833770752 8.827067375183105 -4
    vertex 3.726356267929077 6.5 -4
    vertex 2.6125621795654297 8.612462997436523 -4
  endloop
endfacet
facet normal 0 0 0
  outer loop
    vertex 2.6125621795654297 8.612462997436523 -7
    vertex 2.6125621795654297 8.612462997436523 -4
    vertex 3.444150924682617 8.314915657043457 -4
  endloop
endfacet
facet normal 0 0 0
  outer loop
    vertex 3.535475492477417 6.614409446716309 -7
    vertex 4.242570400238037 7.937291145324707 -7
    vertex 3.7557175159454346 6.482401371002197 -7
  endloop
endfacet
facet normal 0 0 0
  outer loop
    vertex 3.535475492477417 6.614409446716309 -7
    vertex 3.444150924682617 8.314915657043457 -7
    vertex 4.242570400238037 7.937291145324707 -7
  endloop
endfacet
facet normal 0 0 0
  outer loop
    vertex 4.242570400238037 7.937291145324707 -7
    vertex 4.166776657104492 6.236021995544434 -7
    vertex 3.7557175159454346 6.482401371002197 -7
  endloop
endfacet
facet normal 0 0 0
  outer loop
    vertex 3.444150924682617 8.314915657043457 -4
    vertex 3.726356267929077 6.5 -4
    vertex 4.242570400238037 7.937291145324707 -4
  endloop
endfacet
facet normal 0 0 0
  outer loop
    vertex 4.242570400238037 7.937291145324707 -4
    vertex 3.726356267929077 6.5 -4
    vertex 4.166776657104492 6.236021995544434 -4
  endloop
endfacet
facet normal 0 0 0
  outer loop
    vertex 4.242570400238037 7.937291145324707 -7
    vertex 4.242570400238037 7.937291145324707 -4
    vertex 5.000132083892822 7.483226299285889 -4
  endloop
endfacet
facet normal 0 0 0
  outer loop
    vertex 3.444150924682617 8.314915657043457 -7
    vertex 4.242570400238037 7.937291145324707 -4
    vertex 4.242570400238037 7.937291145324707 -7
  endloop
endfacet
facet normal 0 0 0
  outer loop
    vertex 3.444150924682617 8.314915657043457 -7
    vertex 3.444150924682617 8.314915657043457 -4
    vertex 4.242570400238037 7.937291145324707 -4
  endloop
endfacet
facet normal 0 0 0
  outer loop
    vertex 6.957094192504883 5.709539413452148 -4
    vertex 6.236021995544434 4.166776657104492 -4
    vertex 6.614409446716309 3.535475492477417 -4
  endloop
endfacet
facet normal 0 0 0
  outer loop
    vertex 7.937291145324707 4.242570400238037 -7
    vertex 7.463885307312012 -0.7351285815238953 -7
    vertex 7.473389148712158 -0.5416736602783203 -7
  endloop
endfacet
facet normal 0 0 0
  outer loop
    vertex 7.5 0 -7
    vertex 7.937291145324707 4.242570400238037 -7
    vertex 7.473389148712158 -0.5416736602783203 -7
  endloop
endfacet
facet normal 0 0 0
  outer loop
    vertex 7.483226299285889 5.000132083892822 -7
    vertex 7.5 0 -7
    vertex 7.463885307312012 0.7351285815238953 -7
  endloop
endfacet
facet normal 0 0 0
  outer loop
    vertex 7.937291145324707 4.242570400238037 -4
    vertex 7.5 0 -4
    vertex 7.463885307312012 -0.7351285815238953 -4
  endloop
endfacet
facet normal 0 0 0
  outer loop
    vertex 7.483226299285889 5.000132083892822 -4
    vertex 7.463885307312012 0.7351285815238953 -4
    vertex 7.5 0 -4
  endloop
endfacet
facet normal 0 0 0
  outer loop
    vertex 8.314915657043457 -3.444150924682617 -7
    vertex 8.314915657043457 3.444150924682617 -7
    vertex 8.612462997436523 2.6125621795654297 -7
  endloop
endfacet
facet normal 0 0 0
  outer loop
    vertex 8.95666217803955 -0.8821542859077454 -7
    vertex 8.95666217803955 0.8821542859077454 -7
    vertex 9 0 -7
  endloop
endfacet
facet normal 0 0 0
  outer loop
    vertex 8.827067375183105 -1.7558128833770752 -7
    vertex 8.827067375183105 1.7558128833770752 -7
    vertex 8.95666217803955 0.8821542859077454 -7
  endloop
endfacet
facet normal 0 0 0
  outer loop
    vertex 9 0 -7
    vertex 8.95666217803955 0.8821542859077454 -7
    vertex 9 0 -4
  endloop
endfacet
facet normal 0 0 0
  outer loop
    vertex 8.612462997436523 -2.6125621795654297 -7
    vertex 8.612462997436523 2.6125621795654297 -7
    vertex 8.827067375183105 1.7558128833770752 -7
  endloop
endfacet
facet normal 0 0 0
  outer loop
    vertex 8.314915657043457 -3.444150924682617 -4
    vertex 8.612462997436523 2.6125621795654297 -4
    vertex 8.314915657043457 3.444150924682617 -4
  endloop
endfacet
facet normal 0 0 0
  outer loop
    vertex 8.95666217803955 -0.8821542859077454 -4
    vertex 9 0 -4
    vertex 8.95666217803955 0.8821542859077454 -4
  endloop
endfacet
facet normal 0 0 0
  outer loop
    vertex 8.827067375183105 -1.7558128833770752 -4
    vertex 8.95666217803955 0.8821542859077454 -4
    vertex 8.827067375183105 1.7558128833770752 -4
  endloop
endfacet
facet normal 0 0 0
  outer loop
    vertex 8.612462997436523 -2.6125621795654297 -4
    vertex 8.827067375183105 1.7558128833770752 -4
    vertex 8.612462997436523 2.6125621795654297 -4
  endloop
endfacet
facet normal 0 0 0
  outer loop
    vertex 8.95666217803955 0.8821542859077454 -7
    vertex 8.95666217803955 0.8821542859077454 -4
    vertex 9 0 -4
  endloop
endfacet
facet normal 0 0 0
  outer loop
    vertex 7.937291145324707 -4.242570400238037 -7
    vertex 7.937291145324707 4.242570400238037 -7
    vertex 8.314915657043457 3.444150924682617 -7
  endloop
endfacet
facet normal 0 0 0
  outer loop
    vertex 8.95666217803955 0.8821542859077454 -7
    vertex 8.827067375183105 1.7558128833770752 -7
    vertex 8.95666217803955 0.8821542859077454 -4
  endloop
endfacet
facet normal 0 0 0
  outer loop
    vertex 8.827067375183105 1.7558128833770752 -7
    vertex 8.612462997436523 2.6125621795654297 -7
    vertex 8.827067375183105 1.7558128833770752 -4
  endloop
endfacet
facet normal 0 0 0
  outer loop
    vertex 7.937291145324707 -4.242570400238037 -4
    vertex 8.314915657043457 3.444150924682617 -4
    vertex 7.937291145324707 4.242570400238037 -4
  endloop
endfacet
facet normal 0 0 0
  outer loop
    vertex 8.95666217803955 0.8821542859077454 -4
    vertex 8.827067375183105 1.7558128833770752 -7
    vertex 8.827067375183105 1.7558128833770752 -4
  endloop
endfacet
facet normal 0 0 0
  outer loop
    vertex 7.483226299285889 5.000132083892822 -7
    vertex 7.463885307312012 0.7351285815238953 -7
    vertex 7.355889797210693 1.4631774425506592 -7
  endloop
endfacet
facet normal 0 0 0
  outer loop
    vertex 7.483226299285889 5.000132083892822 -7
    vertex 7.355889797210693 1.4631774425506592 -7
    vertex 7.1770524978637695 2.1771349906921387 -7
  endloop
endfacet
facet normal 0 0 0
  outer loop
    vertex 7.5 0 -7
    vertex 7.483226299285889 5.000132083892822 -7
    vertex 7.937291145324707 4.242570400238037 -7
  endloop
endfacet
facet normal 0 0 0
  outer loop
    vertex 7.483226299285889 5.000132083892822 -4
    vertex 6.929096698760986 2.8701257705688477 -4
    vertex 7.1770524978637695 2.1771349906921387 -4
  endloop
endfacet
facet normal 0 0 0
  outer loop
    vertex 7.483226299285889 5.000132083892822 -4
    vertex 7.355889797210693 1.4631774425506592 -4
    vertex 7.463885307312012 0.7351285815238953 -4
  endloop
endfacet
facet normal 0 0 0
  outer loop
    vertex 7.483226299285889 5.000132083892822 -4
    vertex 7.1770524978637695 2.1771349906921387 -4
    vertex 7.355889797210693 1.4631774425506592 -4
  endloop
endfacet
facet normal 0 0 0
  outer loop
    vertex 7.937291145324707 4.242570400238037 -4
    vertex 7.483226299285889 5.000132083892822 -4
    vertex 7.5 0 -4
  endloop
endfacet
facet normal 0 0 0
  outer loop
    vertex 6.957094192504883 5.709539413452148 -7
    vertex 7.1770524978637695 2.1771349906921387 -7
    vertex 6.929096698760986 2.8701257705688477 -7
  endloop
endfacet
facet normal 0 0 0
  outer loop
    vertex 6.957094192504883 5.709539413452148 -7
    vertex 6.929096698760986 2.8701257705688477 -7
    vertex 6.614409446716309 3.535475492477417 -7
  endloop
endfacet
facet normal 0 0 0
  outer loop
    vertex 7.483226299285889 5.000132083892822 -7
    vertex 7.1770524978637695 2.1771349906921387 -7
    vertex 6.957094192504883 5.709539413452148 -7
  endloop
endfacet
facet normal 0 0 0
  outer loop
    vertex 7.937291145324707 4.242570400238037 -7
    vertex 7.483226299285889 5.000132083892822 -7
    vertex 7.937291145324707 4.242570400238037 -4
  endloop
endfacet
facet normal 0 0 0
  outer loop
    vertex 6.957094192504883 5.709539413452148 -4
    vertex 6.614409446716309 3.535475492477417 -4
    vertex 6.929096698760986 2.8701257705688477 -4
  endloop
endfacet
facet normal 0 0 0
  outer loop
    vertex 8.612462997436523 2.6125621795654297 -7
    vertex 8.314915657043457 3.444150924682617 -7
    vertex 8.612462997436523 2.6125621795654297 -4
  endloop
endfacet
facet normal 0 0 0
  outer loop
    vertex 8.612462997436523 2.6125621795654297 -4
    vertex 8.314915657043457 3.444150924682617 -7
    vertex 8.314915657043457 3.444150924682617 -4
  endloop
endfacet
facet normal 0 0 0
  outer loop
    vertex 8.827067375183105 1.7558128833770752 -4
    vertex 8.612462997436523 2.6125621795654297 -7
    vertex 8.612462997436523 2.6125621795654297 -4
  endloop
endfacet
facet normal 0 0 0
  outer loop
    vertex 8.314915657043457 3.444150924682617 -7
    vertex 7.937291145324707 4.242570400238037 -7
    vertex 8.314915657043457 3.444150924682617 -4
  endloop
endfacet
facet normal 0 0 0
  outer loop
    vertex 7.937291145324707 4.242570400238037 -7
    vertex 7.937291145324707 4.242570400238037 -4
    vertex 8.314915657043457 3.444150924682617 -4
  endloop
endfacet
facet normal 0 0 0
  outer loop
    vertex 5.000132083892822 7.483226299285889 -7
    vertex 5.303300857543945 5.303300857543945 -7
    vertex 4.7579498291015625 5.79757833480835 -7
  endloop
endfacet
facet normal 0 0 0
  outer loop
    vertex 5.709539413452148 6.957094192504883 -7
    vertex 5.79757833480835 4.7579498291015625 -7
    vertex 5.303300857543945 5.303300857543945 -7
  endloop
endfacet
facet normal 0 0 0
  outer loop
    vertex 5.000132083892822 7.483226299285889 -7
    vertex 5.709539413452148 6.957094192504883 -7
    vertex 5.303300857543945 5.303300857543945 -7
  endloop
endfacet
facet normal 0 0 0
  outer loop
    vertex 5.000132083892822 7.483226299285889 -4
    vertex 4.7579498291015625 5.79757833480835 -4
    vertex 5.303300857543945 5.303300857543945 -4
  endloop
endfacet
facet normal 0 0 0
  outer loop
    vertex 5.709539413452148 6.957094192504883 -4
    vertex 5.303300857543945 5.303300857543945 -4
    vertex 5.79757833480835 4.7579498291015625 -4
  endloop
endfacet
facet normal 0 0 0
  outer loop
    vertex 5.000132083892822 7.483226299285889 -4
    vertex 5.303300857543945 5.303300857543945 -4
    vertex 5.709539413452148 6.957094192504883 -4
  endloop
endfacet
facet normal 0 0 0
  outer loop
    vertex 6.363961219787598 6.363961219787598 -7
    vertex 6.236021995544434 4.166776657104492 -7
    vertex 5.79757833480835 4.7579498291015625 -7
  endloop
endfacet
facet normal 0 0 0
  outer loop
    vertex 6.363961219787598 6.363961219787598 -7
    vertex 6.614409446716309 3.535475492477417 -7
    vertex 6.236021995544434 4.166776657104492 -7
  endloop
endfacet
facet normal 0 0 0
  outer loop
    vertex 6.363961219787598 6.363961219787598 -7
    vertex 6.957094192504883 5.709539413452148 -7
    vertex 6.614409446716309 3.535475492477417 -7
  endloop
endfacet
facet normal 0 0 0
  outer loop
    vertex 5.709539413452148 6.957094192504883 -4
    vertex 5.79757833480835 4.7579498291015625 -4
    vertex 6.236021995544434 4.166776657104492 -4
  endloop
endfacet
facet normal 0 0 0
  outer loop
    vertex 5.709539413452148 6.957094192504883 -4
    vertex 6.236021995544434 4.166776657104492 -4
    vertex 6.957094192504883 5.709539413452148 -4
  endloop
endfacet
facet normal 0 0 0
  outer loop
    vertex 6.363961219787598 6.363961219787598 -7
    vertex 5.79757833480835 4.7579498291015625 -7
    vertex 5.709539413452148 6.957094192504883 -7
  endloop
endfacet
facet normal 0 0 0
  outer loop
    vertex 6.363961219787598 6.363961219787598 -7
    vertex 5.709539413452148 6.957094192504883 -7
    vertex 6.363961219787598 6.363961219787598 -4
  endloop
endfacet
facet normal 0 0 0
  outer loop
    vertex 6.363961219787598 6.363961219787598 -7
    vertex 6.363961219787598 6.363961219787598 -4
    vertex 6.957094192504883 5.709539413452148 -4
  endloop
endfacet
facet normal 0 0 0
  outer loop
    vertex 6.363961219787598 6.363961219787598 -4
    vertex 5.709539413452148 6.957094192504883 -4
    vertex 6.957094192504883 5.709539413452148 -4
  endloop
endfacet
facet normal 0 0 0
  outer loop
    vertex 4.242570400238037 7.937291145324707 -7
    vertex 5.000132083892822 7.483226299285889 -7
    vertex 4.7579498291015625 5.79757833480835 -7
  endloop
endfacet
facet normal 0 0 0
  outer loop
    vertex 4.242570400238037 7.937291145324707 -7
    vertex 5.000132083892822 7.483226299285889 -4
    vertex 5.000132083892822 7.483226299285889 -7
  endloop
endfacet
facet normal 0 0 0
  outer loop
    vertex 5.000132083892822 7.483226299285889 -7
    vertex 5.709539413452148 6.957094192504883 -4
    vertex 5.709539413452148 6.957094192504883 -7
  endloop
endfacet
facet normal 0 0 0
  outer loop
    vertex 4.242570400238037 7.937291145324707 -4
    vertex 4.7579498291015625 5.79757833480835 -4
    vertex 5.000132083892822 7.483226299285889 -4
  endloop
endfacet
facet normal 0 0 0
  outer loop
    vertex 5.000132083892822 7.483226299285889 -7
    vertex 5.000132083892822 7.483226299285889 -4
    vertex 5.709539413452148 6.957094192504883 -4
  endloop
endfacet
facet normal 0 0 0
  outer loop
    vertex 6.363961219787598 6.363961219787598 -4
    vertex 5.709539413452148 6.957094192504883 -7
    vertex 5.709539413452148 6.957094192504883 -4
  endloop
endfacet
facet normal 0 0 0
  outer loop
    vertex 7.483226299285889 5.000132083892822 -7
    vertex 6.957094192504883 5.709539413452148 -7
    vertex 7.483226299285889 5.000132083892822 -4
  endloop
endfacet
facet normal 0 0 0
  outer loop
    vertex 7.483226299285889 5.000132083892822 -4
    vertex 6.957094192504883 5.709539413452148 -4
    vertex 6.929096698760986 2.8701257705688477 -4
  endloop
endfacet
facet normal 0 0 0
  outer loop
    vertex 7.483226299285889 5.000132083892822 -4
    vertex 6.957094192504883 5.709539413452148 -7
    vertex 6.957094192504883 5.709539413452148 -4
  endloop
endfacet
facet normal 0 0 0
  outer loop
    vertex 7.937291145324707 4.242570400238037 -4
    vertex 7.483226299285889 5.000132083892822 -7
    vertex 7.483226299285889 5.000132083892822 -4
  endloop
endfacet
facet normal 0 0 0
  outer loop
    vertex 6.363961219787598 6.363961219787598 -7
    vertex 6.957094192504883 5.709539413452148 -4
    vertex 6.957094192504883 5.709539413452148 -7
  endloop
endfacet
facet normal 0 0 0
  outer loop
    vertex 6.5025410652160645 -0.800000011920929 -31.96442222595215
    vertex 7.000636100769043 -0.800000011920929 -32
    vertex 6.5025410652160645 0.800000011920929 -31.96442222595215
  endloop
endfacet
facet normal 0 0 0
  outer loop
    vertex 6.5025410652160645 -0.800000011920929 -31.96442222595215
    vertex 7.454262733459473 -0.800000011920929 -18.640321731567383
    vertex 7.000636100769043 -0.800000011920929 -32
  endloop
endfacet
facet normal 0 0 0
  outer loop
    vertex 7.000636100769043 -0.800000011920929 -32
    vertex 7.454262733459473 -0.800000011920929 -18.640321731567383
    vertex 7.454262733459473 -0.800000011920929 -32
  endloop
endfacet
facet normal 0 0 0
  outer loop
    vertex 6.5025410652160645 -0.800000011920929 -31.96442222595215
    vertex 7.454262733459473 0.800000011920929 -18.640321731567383
    vertex 7.454262733459473 -0.800000011920929 -18.640321731567383
  endloop
endfacet
facet normal 0 0 0
  outer loop
    vertex 7.454262733459473 -0.800000011920929 -18.640321731567383
    vertex 7.463885307312012 0.7351285815238953 -18.505603790283203
    vertex 7.463885307312012 -0.7351285815238953 -18.505603790283203
  endloop
endfacet
facet normal 0 0 0
  outer loop
    vertex 7.000636100769043 -0.800000011920929 -32
    vertex 7.000636100769043 0.800000011920929 -32
    vertex 6.5025410652160645 0.800000011920929 -31.96442222595215
  endloop
endfacet
facet normal 0 0 0
  outer loop
    vertex 6.5025410652160645 0.800000011920929 -31.96442222595215
    vertex 7.000636100769043 0.800000011920929 -32
    vertex 7.454262733459473 0.800000011920929 -32
  endloop
endfacet
facet normal 0 0 0
  outer loop
    vertex 6.5025410652160645 -0.800000011920929 -31.96442222595215
    vertex 6.5025410652160645 0.800000011920929 -31.96442222595215
    vertex 7.454262733459473 0.800000011920929 -18.640321731567383
  endloop
endfacet
facet normal 0 0 0
  outer loop
    vertex 6.5025410652160645 0.800000011920929 -31.96442222595215
    vertex 7.454262733459473 0.800000011920929 -32
    vertex 7.454262733459473 0.800000011920929 -18.640321731567383
  endloop
endfacet
facet normal 0 0 0
  outer loop
    vertex 7.454262733459473 -0.800000011920929 -18.640321731567383
    vertex 7.454262733459473 0.800000011920929 -18.640321731567383
    vertex 7.463885307312012 0.7351285815238953 -18.505603790283203
  endloop
endfacet
facet normal 0 0 0
  outer loop
    vertex 7.463885307312012 -0.7351285815238953 -18.505603790283203
    vertex 7.463885307312012 0.7351285815238953 -18.505603790283203
    vertex 7.5 0 -18
  endloop
endfacet
facet normal 0 0 0
  outer loop
    vertex 4.032305717468262 5.1636762619018555 -31.96442222595215
    vertex 4.384511947631836 5.51588249206543 -32
    vertex 4.7052741050720215 5.836645126342773 -32
  endloop
endfacet
facet normal 0 0 0
  outer loop
    vertex 4.032305717468262 5.1636762619018555 -31.96442222595215
    vertex 4.7052741050720215 5.836645126342773 -32
    vertex 4.7052741050720215 5.836645126342773 -18.640321731567383
  endloop
endfacet
facet normal 0 0 0
  outer loop
    vertex 5.1636762619018555 4.032305717468262 -31.96442222595215
    vertex 5.836645126342773 4.7052741050720215 -18.640321731567383
    vertex 5.51588249206543 4.384511947631836 -32
  endloop
endfacet
facet normal 0 0 0
  outer loop
    vertex 4.032305717468262 5.1636762619018555 -31.96442222595215
    vertex 5.51588249206543 4.384511947631836 -32
    vertex 4.384511947631836 5.51588249206543 -32
  endloop
endfacet
facet normal 0 0 0
  outer loop
    vertex 4.032305717468262 5.1636762619018555 -31.96442222595215
    vertex 5.1636762619018555 4.032305717468262 -31.96442222595215
    vertex 5.51588249206543 4.384511947631836 -32
  endloop
endfacet
facet normal 0 0 0
  outer loop
    vertex 4.032305717468262 5.1636762619018555 -31.96442222595215
    vertex 4.7052741050720215 5.836645126342773 -18.640321731567383
    vertex 5.1636762619018555 4.032305717468262 -31.96442222595215
  endloop
endfacet
facet normal 0 0 0
  outer loop
    vertex 5.51588249206543 4.384511947631836 -32
    vertex 5.836645126342773 4.7052741050720215 -18.640321731567383
    vertex 5.836645126342773 4.7052741050720215 -32
  endloop
endfacet
facet normal 0 0 0
  outer loop
    vertex 5.1636762619018555 4.032305717468262 -31.96442222595215
    vertex 4.7052741050720215 5.836645126342773 -18.640321731567383
    vertex 5.836645126342773 4.7052741050720215 -18.640321731567383
  endloop
endfacet
facet normal 0 0 0
  outer loop
    vertex 4.7052741050720215 5.836645126342773 -18.640321731567383
    vertex 4.7579498291015625 5.79757833480835 -18.505603790283203
    vertex 5.836645126342773 4.7052741050720215 -18.640321731567383
  endloop
endfacet
facet normal 0 0 0
  outer loop
    vertex 4.7579498291015625 5.79757833480835 -18.505603790283203
    vertex 5.79757833480835 4.7579498291015625 -18.505603790283203
    vertex 5.836645126342773 4.7052741050720215 -18.640321731567383
  endloop
endfacet
facet normal 0 0 0
  outer loop
    vertex 4.7579498291015625 5.79757833480835 -18.505603790283203
    vertex 5.303300857543945 5.303300857543945 -18
    vertex 5.79757833480835 4.7579498291015625 -18.505603790283203
  endloop
endfacet
facet normal 0 0 0
  outer loop
    vertex -0.800000011920929 6.5025410652160645 -31.96442222595215
    vertex -0.800000011920929 7.000636100769043 -32
    vertex -0.800000011920929 7.454262733459473 -32
  endloop
endfacet
facet normal 0 0 0
  outer loop
    vertex -0.800000011920929 6.5025410652160645 -31.96442222595215
    vertex 0.800000011920929 7.000636100769043 -32
    vertex -0.800000011920929 7.000636100769043 -32
  endloop
endfacet
facet normal 0 0 0
  outer loop
    vertex -0.800000011920929 6.5025410652160645 -31.96442222595215
    vertex -0.800000011920929 7.454262733459473 -32
    vertex -0.800000011920929 7.454262733459473 -18.640321731567383
  endloop
endfacet
facet normal 0 0 0
  outer loop
    vertex -0.800000011920929 6.5025410652160645 -31.96442222595215
    vertex -0.800000011920929 7.454262733459473 -18.640321731567383
    vertex 0.800000011920929 6.5025410652160645 -31.96442222595215
  endloop
endfacet
facet normal 0 0 0
  outer loop
    vertex -0.800000011920929 7.454262733459473 -18.640321731567383
    vertex -0.7351285815238953 7.463885307312012 -18.505603790283203
    vertex 0.800000011920929 7.454262733459473 -18.640321731567383
  endloop
endfacet
facet normal 0 0 0
  outer loop
    vertex -0.800000011920929 6.5025410652160645 -31.96442222595215
    vertex 0.800000011920929 6.5025410652160645 -31.96442222595215
    vertex 0.800000011920929 7.000636100769043 -32
  endloop
endfacet
facet normal 0 0 0
  outer loop
    vertex 0.800000011920929 6.5025410652160645 -31.96442222595215
    vertex 0.800000011920929 7.454262733459473 -18.640321731567383
    vertex 0.800000011920929 7.000636100769043 -32
  endloop
endfacet
facet normal 0 0 0
  outer loop
    vertex 0.800000011920929 7.000636100769043 -32
    vertex 0.800000011920929 7.454262733459473 -18.640321731567383
    vertex 0.800000011920929 7.454262733459473 -32
  endloop
endfacet
facet normal 0 0 0
  outer loop
    vertex -0.800000011920929 7.454262733459473 -18.640321731567383
    vertex 0.800000011920929 7.454262733459473 -18.640321731567383
    vertex 0.800000011920929 6.5025410652160645 -31.96442222595215
  endloop
endfacet
facet normal 0 0 0
  outer loop
    vertex -0.7351285815238953 7.463885307312012 -18.505603790283203
    vertex 0.7351285815238953 7.463885307312012 -18.505603790283203
    vertex 0.800000011920929 7.454262733459473 -18.640321731567383
  endloop
endfacet
facet normal 0 0 0
  outer loop
    vertex -0.7351285815238953 7.463885307312012 -18.505603790283203
    vertex 0 7.5 -18
    vertex 0.7351285815238953 7.463885307312012 -18.505603790283203
  endloop
endfacet
facet normal 0 0 0
  outer loop
    vertex -5.51588249206543 4.384511947631836 -32
    vertex -5.836645126342773 4.7052741050720215 -32
    vertex -5.1636762619018555 4.032305717468262 -31.96442222595215
  endloop
endfacet
facet normal 0 0 0
  outer loop
    vertex -5.1636762619018555 4.032305717468262 -31.96442222595215
    vertex -5.836645126342773 4.7052741050720215 -32
    vertex -5.836645126342773 4.7052741050720215 -18.640321731567383
  endloop
endfacet
facet normal 0 0 0
  outer loop
    vertex -5.51588249206543 4.384511947631836 -32
    vertex -5.1636762619018555 4.032305717468262 -31.96442222595215
    vertex -4.384511947631836 5.51588249206543 -32
  endloop
endfacet
facet normal 0 0 0
  outer loop
    vertex -5.1636762619018555 4.032305717468262 -31.96442222595215
    vertex -4.032305717468262 5.1636762619018555 -31.96442222595215
    vertex -4.384511947631836 5.51588249206543 -32
  endloop
endfacet
facet normal 0 0 0
  outer loop
    vertex -5.1636762619018555 4.032305717468262 -31.96442222595215
    vertex -5.836645126342773 4.7052741050720215 -18.640321731567383
    vertex -4.032305717468262 5.1636762619018555 -31.96442222595215
  endloop
endfacet
facet normal 0 0 0
  outer loop
    vertex -4.7052741050720215 5.836645126342773 -32
    vertex -4.384511947631836 5.51588249206543 -32
    vertex -4.7052741050720215 5.836645126342773 -18.640321731567383
  endloop
endfacet
facet normal 0 0 0
  outer loop
    vertex -5.836645126342773 4.7052741050720215 -18.640321731567383
    vertex -4.7052741050720215 5.836645126342773 -18.640321731567383
    vertex -4.032305717468262 5.1636762619018555 -31.96442222595215
  endloop
endfacet
facet normal 0 0 0
  outer loop
    vertex -5.836645126342773 4.7052741050720215 -18.640321731567383
    vertex -5.79757833480835 4.7579498291015625 -18.505603790283203
    vertex -4.7052741050720215 5.836645126342773 -18.640321731567383
  endloop
endfacet
facet normal 0 0 0
  outer loop
    vertex -5.79757833480835 4.7579498291015625 -18.505603790283203
    vertex -4.7579498291015625 5.79757833480835 -18.505603790283203
    vertex -4.7052741050720215 5.836645126342773 -18.640321731567383
  endloop
endfacet
facet normal 0 0 0
  outer loop
    vertex -5.79757833480835 4.7579498291015625 -18.505603790283203
    vertex -5.303300857543945 5.303300857543945 -18
    vertex -4.7579498291015625 5.79757833480835 -18.505603790283203
  endloop
endfacet
facet normal 0 0 0
  outer loop
    vertex -4.7052741050720215 5.836645126342773 -18.640321731567383
    vertex -4.384511947631836 5.51588249206543 -32
    vertex -4.032305717468262 5.1636762619018555 -31.96442222595215
  endloop
endfacet
facet normal 0 0 0
  outer loop
    vertex -7.454262733459473 -0.800000011920929 -32
    vertex -6.5025410652160645 -0.800000011920929 -31.96442222595215
    vertex -7.000636100769043 -0.800000011920929 -32
  endloop
endfacet
facet normal 0 0 0
  outer loop
    vertex -7.000636100769043 -0.800000011920929 -32
    vertex -6.5025410652160645 -0.800000011920929 -31.96442222595215
    vertex -7.000636100769043 0.800000011920929 -32
  endloop
endfacet
facet normal 0 0 0
  outer loop
    vertex -7.454262733459473 -0.800000011920929 -32
    vertex -7.454262733459473 -0.800000011920929 -18.640321731567383
    vertex -6.5025410652160645 -0.800000011920929 -31.96442222595215
  endloop
endfacet
facet normal 0 0 0
  outer loop
    vertex -6.5025410652160645 -0.800000011920929 -31.96442222595215
    vertex -7.454262733459473 -0.800000011920929 -18.640321731567383
    vertex -6.5025410652160645 0.800000011920929 -31.96442222595215
  endloop
endfacet
facet normal 0 0 0
  outer loop
    vertex -7.454262733459473 -0.800000011920929 -18.640321731567383
    vertex -7.463885307312012 -0.7351285815238953 -18.505603790283203
    vertex -7.454262733459473 0.800000011920929 -18.640321731567383
  endloop
endfacet
facet normal 0 0 0
  outer loop
    vertex -7.454262733459473 0.800000011920929 -32
    vertex -7.000636100769043 0.800000011920929 -32
    vertex -7.454262733459473 0.800000011920929 -18.640321731567383
  endloop
endfacet
facet normal 0 0 0
  outer loop
    vertex -7.000636100769043 0.800000011920929 -32
    vertex -6.5025410652160645 0.800000011920929 -31.96442222595215
    vertex -7.454262733459473 0.800000011920929 -18.640321731567383
  endloop
endfacet
facet normal 0 0 0
  outer loop
    vertex -7.454262733459473 -0.800000011920929 -18.640321731567383
    vertex -7.454262733459473 0.800000011920929 -18.640321731567383
    vertex -6.5025410652160645 0.800000011920929 -31.96442222595215
  endloop
endfacet
facet normal 0 0 0
  outer loop
    vertex -7.463885307312012 -0.7351285815238953 -18.505603790283203
    vertex -7.463885307312012 0.7351285815238953 -18.505603790283203
    vertex -7.454262733459473 0.800000011920929 -18.640321731567383
  endloop
endfacet
facet normal 0 0 0
  outer loop
    vertex -7.463885307312012 -0.7351285815238953 -18.505603790283203
    vertex -7.5 0 -18
    vertex -7.463885307312012 0.7351285815238953 -18.505603790283203
  endloop
endfacet
facet normal 0 0 0
  outer loop
    vertex -6.5025410652160645 -0.800000011920929 -31.96442222595215
    vertex -6.5025410652160645 0.800000011920929 -31.96442222595215
    vertex -7.000636100769043 0.800000011920929 -32
  endloop
endfacet
facet normal 0 0 0
  outer loop
    vertex -5.836645126342773 -4.7052741050720215 -32
    vertex -5.51588249206543 -4.384511947631836 -32
    vertex -5.836645126342773 -4.7052741050720215 -18.640321731567383
  endloop
endfacet
facet normal 0 0 0
  outer loop
    vertex -5.51588249206543 -4.384511947631836 -32
    vertex -4.032305717468262 -5.1636762619018555 -31.96442222595215
    vertex -5.1636762619018555 -4.032305717468262 -31.96442222595215
  endloop
endfacet
facet normal 0 0 0
  outer loop
    vertex -5.51588249206543 -4.384511947631836 -32
    vertex -4.384511947631836 -5.51588249206543 -32
    vertex -4.032305717468262 -5.1636762619018555 -31.96442222595215
  endloop
endfacet
facet normal 0 0 0
  outer loop
    vertex -4.7052741050720215 -5.836645126342773 -18.640321731567383
    vertex -5.1636762619018555 -4.032305717468262 -31.96442222595215
    vertex -4.032305717468262 -5.1636762619018555 -31.96442222595215
  endloop
endfacet
facet normal 0 0 0
  outer loop
    vertex -5.836645126342773 -4.7052741050720215 -18.640321731567383
    vertex -5.1636762619018555 -4.032305717468262 -31.96442222595215
    vertex -4.7052741050720215 -5.836645126342773 -18.640321731567383
  endloop
endfacet
facet normal 0 0 0
  outer loop
    vertex -5.836645126342773 -4.7052741050720215 -18.640321731567383
    vertex -4.7579498291015625 -5.79757833480835 -18.505603790283203
    vertex -5.79757833480835 -4.7579498291015625 -18.505603790283203
  endloop
endfacet
facet normal 0 0 0
  outer loop
    vertex -5.836645126342773 -4.7052741050720215 -18.640321731567383
    vertex -4.7052741050720215 -5.836645126342773 -18.640321731567383
    vertex -4.7579498291015625 -5.79757833480835 -18.505603790283203
  endloop
endfacet
facet normal 0 0 0
  outer loop
    vertex -5.79757833480835 -4.7579498291015625 -18.505603790283203
    vertex -4.7579498291015625 -5.79757833480835 -18.505603790283203
    vertex -5.303300857543945 -5.303300857543945 -18
  endloop
endfacet
facet normal 0 0 0
  outer loop
    vertex -5.836645126342773 -4.7052741050720215 -18.640321731567383
    vertex -5.51588249206543 -4.384511947631836 -32
    vertex -5.1636762619018555 -4.032305717468262 -31.96442222595215
  endloop
endfacet
facet normal 0 0 0
  outer loop
    vertex -4.7052741050720215 -5.836645126342773 -32
    vertex -4.032305717468262 -5.1636762619018555 -31.96442222595215
    vertex -4.384511947631836 -5.51588249206543 -32
  endloop
endfacet
facet normal 0 0 0
  outer loop
    vertex -4.7052741050720215 -5.836645126342773 -32
    vertex -4.7052741050720215 -5.836645126342773 -18.640321731567383
    vertex -4.032305717468262 -5.1636762619018555 -31.96442222595215
  endloop
endfacet
facet normal 0 0 0
  outer loop
    vertex -0.800000011920929 -7.454262733459473 -32
    vertex -0.800000011920929 -7.000636100769043 -32
    vertex -0.800000011920929 -7.454262733459473 -18.640321731567383
  endloop
endfacet
facet normal 0 0 0
  outer loop
    vertex -0.800000011920929 -7.000636100769043 -32
    vertex -0.800000011920929 -6.5025410652160645 -31.96442222595215
    vertex -0.800000011920929 -7.454262733459473 -18.640321731567383
  endloop
endfacet
facet normal 0 0 0
  outer loop
    vertex -0.800000011920929 -6.5025410652160645 -31.96442222595215
    vertex 0.800000011920929 -7.454262733459473 -18.640321731567383
    vertex -0.800000011920929 -7.454262733459473 -18.640321731567383
  endloop
endfacet
facet normal 0 0 0
  outer loop
    vertex -0.800000011920929 -7.454262733459473 -18.640321731567383
    vertex 0.7351285815238953 -7.463885307312012 -18.505603790283203
    vertex -0.7351285815238953 -7.463885307312012 -18.505603790283203
  endloop
endfacet
facet normal 0 0 0
  outer loop
    vertex -0.800000011920929 -7.000636100769043 -32
    vertex 0.800000011920929 -6.5025410652160645 -31.96442222595215
    vertex -0.800000011920929 -6.5025410652160645 -31.96442222595215
  endloop
endfacet
facet normal 0 0 0
  outer loop
    vertex -0.800000011920929 -7.000636100769043 -32
    vertex 0.800000011920929 -7.000636100769043 -32
    vertex 0.800000011920929 -6.5025410652160645 -31.96442222595215
  endloop
endfacet
facet normal 0 0 0
  outer loop
    vertex 0.800000011920929 -7.454262733459473 -32
    vertex 0.800000011920929 -6.5025410652160645 -31.96442222595215
    vertex 0.800000011920929 -7.000636100769043 -32
  endloop
endfacet
facet normal 0 0 0
  outer loop
    vertex -0.800000011920929 -6.5025410652160645 -31.96442222595215
    vertex 0.800000011920929 -6.5025410652160645 -31.96442222595215
    vertex 0.800000011920929 -7.454262733459473 -18.640321731567383
  endloop
endfacet
facet normal 0 0 0
  outer loop
    vertex 0.800000011920929 -7.454262733459473 -32
    vertex 0.800000011920929 -7.454262733459473 -18.640321731567383
    vertex 0.800000011920929 -6.5025410652160645 -31.96442222595215
  endloop
endfacet
facet normal 0 0 0
  outer loop
    vertex -0.800000011920929 -7.454262733459473 -18.640321731567383
    vertex 0.800000011920929 -7.454262733459473 -18.640321731567383
    vertex 0.7351285815238953 -7.463885307312012 -18.505603790283203
  endloop
endfacet
facet normal 0 0 0
  outer loop
    vertex -0.7351285815238953 -7.463885307312012 -18.505603790283203
    vertex 0.7351285815238953 -7.463885307312012 -18.505603790283203
    vertex 0 -7.5 -18
  endloop
endfacet
facet normal 0 0 0
  outer loop
    vertex 4.032305717468262 -5.1636762619018555 -31.96442222595215
    vertex 4.7052741050720215 -5.836645126342773 -18.640321731567383
    vertex 4.384511947631836 -5.51588249206543 -32
  endloop
endfacet
facet normal 0 0 0
  outer loop
    vertex 4.384511947631836 -5.51588249206543 -32
    vertex 4.7052741050720215 -5.836645126342773 -18.640321731567383
    vertex 4.7052741050720215 -5.836645126342773 -32
  endloop
endfacet
facet normal 0 0 0
  outer loop
    vertex 4.032305717468262 -5.1636762619018555 -31.96442222595215
    vertex 4.384511947631836 -5.51588249206543 -32
    vertex 5.1636762619018555 -4.032305717468262 -31.96442222595215
  endloop
endfacet
facet normal 0 0 0
  outer loop
    vertex 4.384511947631836 -5.51588249206543 -32
    vertex 5.51588249206543 -4.384511947631836 -32
    vertex 5.1636762619018555 -4.032305717468262 -31.96442222595215
  endloop
endfacet
facet normal 0 0 0
  outer loop
    vertex 4.032305717468262 -5.1636762619018555 -31.96442222595215
    vertex 5.1636762619018555 -4.032305717468262 -31.96442222595215
    vertex 5.836645126342773 -4.7052741050720215 -18.640321731567383
  endloop
endfacet
facet normal 0 0 0
  outer loop
    vertex 4.032305717468262 -5.1636762619018555 -31.96442222595215
    vertex 5.836645126342773 -4.7052741050720215 -18.640321731567383
    vertex 4.7052741050720215 -5.836645126342773 -18.640321731567383
  endloop
endfacet
facet normal 0 0 0
  outer loop
    vertex 4.7052741050720215 -5.836645126342773 -18.640321731567383
    vertex 5.79757833480835 -4.7579498291015625 -18.505603790283203
    vertex 4.7579498291015625 -5.79757833480835 -18.505603790283203
  endloop
endfacet
facet normal 0 0 0
  outer loop
    vertex 4.7052741050720215 -5.836645126342773 -18.640321731567383
    vertex 5.836645126342773 -4.7052741050720215 -18.640321731567383
    vertex 5.79757833480835 -4.7579498291015625 -18.505603790283203
  endloop
endfacet
facet normal 0 0 0
  outer loop
    vertex 4.7579498291015625 -5.79757833480835 -18.505603790283203
    vertex 5.79757833480835 -4.7579498291015625 -18.505603790283203
    vertex 5.303300857543945 -5.303300857543945 -18
  endloop
endfacet
facet normal 0 0 0
  outer loop
    vertex 5.836645126342773 -4.7052741050720215 -32
    vertex 5.1636762619018555 -4.032305717468262 -31.96442222595215
    vertex 5.51588249206543 -4.384511947631836 -32
  endloop
endfacet
facet normal 0 0 0
  outer loop
    vertex 5.836645126342773 -4.7052741050720215 -32
    vertex 5.836645126342773 -4.7052741050720215 -18.640321731567383
    vertex 5.1636762619018555 -4.032305717468262 -31.96442222595215
  endloop
endfacet
endsolid Baxter_PD_Assembly