solid DialysisCable_TopConnector
facet normal 0 0 0
  outer loop
    vertex -5.990830898284912 -4.916547775268555 0
    vertex -5.480077743530273 -5.480077743530273 0
    vertex -5.990830898284912 -4.916547775268555 12
  endloop
endfacet
facet normal 0 0 0
  outer loop
    vertex -5.990830898284912 -4.916547775268555 0
    vertex -6.443889617919922 -4.30566930770874 12
    vertex -6.443889617919922 -4.30566930770874 0
  endloop
endfacet
facet normal 0 0 0
  outer loop
    vertex -4.916547775268555 -5.990830898284912 0
    vertex -4.30566930770874 -6.443889617919922 0
    vertex -4.916547775268555 -5.990830898284912 12
  endloop
endfacet
facet normal 0 0 0
  outer loop
    vertex -4.30566930770874 -6.443889617919922 0
    vertex -3.653324604034424 -6.834889888763428 0
    vertex -4.30566930770874 -6.443889617919922 12
  endloop
endfacet
facet normal 0 0 0
  outer loop
    vertex -4.916547775268555 -5.990830898284912 0
    vertex -5.480077743530273 -5.480077743530273 0
    vertex -4.850367546081543 -2.0090880393981934 0
  endloop
endfacet
facet normal 0 0 0
  outer loop
    vertex -4.916547775268555 -5.990830898284912 0
    vertex -4.058304786682129 -3.3305647373199463 0
    vertex -4.30566930770874 -6.443889617919922 0
  endloop
endfacet
facet normal 0 0 0
  outer loop
    vertex -4.916547775268555 -5.990830898284912 0
    vertex -4.365215301513672 -2.916743755340576 0
    vertex -4.058304786682129 -3.3305647373199463 0
  endloop
endfacet
facet normal 0 0 0
  outer loop
    vertex -4.30566930770874 -6.443889617919922 0
    vertex -4.058304786682129 -3.3305647373199463 0
    vertex -3.712310552597046 -3.712310552597046 0
  endloop
endfacet
facet normal 0 0 0
  outer loop
    vertex -4.916547775268555 -5.990830898284912 0
    vertex -5.480077743530273 -5.480077743530273 12
    vertex -5.480077743530273 -5.480077743530273 0
  endloop
endfacet
facet normal 0 0 0
  outer loop
    vertex -6.443889617919922 -4.30566930770874 0
    vertex -6.443889617919922 -4.30566930770874 12
    vertex -6.834889888763428 -3.653324604034424 12
  endloop
endfacet
facet normal 0 0 0
  outer loop
    vertex -5.990830898284912 -4.916547775268555 0
    vertex -5.990830898284912 -4.916547775268555 12
    vertex -6.443889617919922 -4.30566930770874 12
  endloop
endfacet
facet normal 0 0 0
  outer loop
    vertex -5.990830898284912 -4.916547775268555 12
    vertex -7 -3 12
    vertex -6.443889617919922 -4.30566930770874 12
  endloop
endfacet
facet normal 0 0 0
  outer loop
    vertex -5.990830898284912 -4.916547775268555 12
    vertex -5.480077743530273 -5.480077743530273 12
    vertex -7 -3 12
  endloop
endfacet
facet normal 0 0 0
  outer loop
    vertex -4.916547775268555 -5.990830898284912 0
    vertex -4.916547775268555 -5.990830898284912 12
    vertex -5.480077743530273 -5.480077743530273 12
  endloop
endfacet
facet normal 0 0 0
  outer loop
    vertex -4.30566930770874 -6.443889617919922 0
    vertex -4.30566930770874 -6.443889617919922 12
    vertex -4.916547775268555 -5.990830898284912 12
  endloop
endfacet
facet normal 0 0 0
  outer loop
    vertex -7 -3 12
    vertex -2.965796709060669 -7.160066604614258 12
    vertex -2.249706268310547 -7.416287422180176 12
  endloop
endfacet
facet normal 0 0 0
  outer loop
    vertex -5.480077743530273 -5.480077743530273 0
    vertex -5.480077743530273 -5.480077743530273 12
    vertex -5.990830898284912 -4.916547775268555 12
  endloop
endfacet
facet normal 0 0 0
  outer loop
    vertex -4.916547775268555 -5.990830898284912 12
    vertex -4.30566930770874 -6.443889617919922 12
    vertex -7 -3 12
  endloop
endfacet
facet normal 0 0 0
  outer loop
    vertex -4.30566930770874 -6.443889617919922 12
    vertex -3.653324604034424 -6.834889888763428 12
    vertex -7 -3 12
  endloop
endfacet
facet normal 0 0 0
  outer loop
    vertex -4.916547775268555 -5.990830898284912 12
    vertex -7 -3 12
    vertex -5.480077743530273 -5.480077743530273 12
  endloop
endfacet
facet normal 0 0 0
  outer loop
    vertex -7 -3 12
    vertex -3.653324604034424 -6.834889888763428 12
    vertex -2.965796709060669 -7.160066604614258 12
  endloop
endfacet
facet normal 0 0 0
  outer loop
    vertex -6.834889888763428 -3.653324604034424 0
    vertex -7.160066604614258 -2.965796709060669 12
    vertex -7.160066604614258 -2.965796709060669 0
  endloop
endfacet
facet normal 0 0 0
  outer loop
    vertex -7.160066604614258 -2.965796709060669 0
    vertex -7.416287422180176 -2.249706268310547 12
    vertex -7.416287422180176 -2.249706268310547 0
  endloop
endfacet
facet normal 0 0 0
  outer loop
    vertex -6.443889617919922 -4.30566930770874 0
    vertex -6.834889888763428 -3.653324604034424 12
    vertex -6.834889888763428 -3.653324604034424 0
  endloop
endfacet
facet normal 0 0 0
  outer loop
    vertex -6.834889888763428 -3.653324604034424 0
    vertex -7.160066604614258 -2.965796709060669 0
    vertex -6.834889888763428 3.653324604034424 0
  endloop
endfacet
facet normal 0 0 0
  outer loop
    vertex -7.416287422180176 -2.249706268310547 0
    vertex -7.601086139678955 -1.5119500160217285 0
    vertex -7.416287422180176 2.249706268310547 0
  endloop
endfacet
facet normal 0 0 0
  outer loop
    vertex -7.601086139678955 -1.5119500160217285 0
    vertex -7.712681770324707 -0.7596328258514404 0
    vertex -7.601086139678955 1.5119500160217285 0
  endloop
endfacet
facet normal 0 0 0
  outer loop
    vertex -7.160066604614258 -2.965796709060669 0
    vertex -7.416287422180176 -2.249706268310547 0
    vertex -7.160066604614258 2.965796709060669 0
  endloop
endfacet
facet normal 0 0 0
  outer loop
    vertex -6.443889617919922 -4.30566930770874 0
    vertex -6.834889888763428 -3.653324604034424 0
    vertex -6.443889617919922 4.30566930770874 0
  endloop
endfacet
facet normal 0 0 0
  outer loop
    vertex -5.990830898284912 -4.916547775268555 0
    vertex -6.443889617919922 -4.30566930770874 0
    vertex -5.990830898284912 4.916547775268555 0
  endloop
endfacet
facet normal 0 0 0
  outer loop
    vertex -7.416287422180176 -2.249706268310547 0
    vertex -7.601086139678955 -1.5119500160217285 12
    vertex -7.601086139678955 -1.5119500160217285 0
  endloop
endfacet
facet normal 0 0 0
  outer loop
    vertex -7.601086139678955 -1.5119500160217285 0
    vertex -7.712681770324707 -0.7596328258514404 12
    vertex -7.712681770324707 -0.7596328258514404 0
  endloop
endfacet
facet normal 0 0 0
  outer loop
    vertex -7.712681770324707 -0.7596328258514404 0
    vertex -7.75 0 12
    vertex -7.75 0 0
  endloop
endfacet
facet normal 0 0 0
  outer loop
    vertex -5.480077743530273 -5.480077743530273 0
    vertex -5.023936748504639 -1.5239945650100708 0
    vertex -4.850367546081543 -2.0090880393981934 0
  endloop
endfacet
facet normal 0 0 0
  outer loop
    vertex -5.480077743530273 -5.480077743530273 0
    vertex -5.149122714996338 -1.0242241621017456 0
    vertex -5.023936748504639 -1.5239945650100708 0
  endloop
endfacet
facet normal 0 0 0
  outer loop
    vertex -5.480077743530273 -5.480077743530273 0
    vertex -5.224720001220703 -0.5145899653434753 0
    vertex -5.149122714996338 -1.0242241621017456 0
  endloop
endfacet
facet normal 0 0 0
  outer loop
    vertex -5.480077743530273 -5.480077743530273 0
    vertex -5.25 0 0
    vertex -5.224720001220703 -0.5145899653434753 0
  endloop
endfacet
facet normal 0 0 0
  outer loop
    vertex -4.916547775268555 -5.990830898284912 0
    vertex -4.630086421966553 -2.474832773208618 0
    vertex -4.365215301513672 -2.916743755340576 0
  endloop
endfacet
facet normal 0 0 0
  outer loop
    vertex -4.916547775268555 -5.990830898284912 0
    vertex -4.850367546081543 -2.0090880393981934 0
    vertex -4.630086421966553 -2.474832773208618 0
  endloop
endfacet
facet normal 0 0 0
  outer loop
    vertex -5.990830898284912 -4.916547775268555 0
    vertex -5.480077743530273 5.480077743530273 0
    vertex -5.480077743530273 -5.480077743530273 0
  endloop
endfacet
facet normal 0 0 0
  outer loop
    vertex -6.834889888763428 -3.653324604034424 0
    vertex -6.834889888763428 -3.653324604034424 12
    vertex -7.160066604614258 -2.965796709060669 12
  endloop
endfacet
facet normal 0 0 0
  outer loop
    vertex -7.416287422180176 -2.249706268310547 0
    vertex -7.416287422180176 -2.249706268310547 12
    vertex -7.601086139678955 -1.5119500160217285 12
  endloop
endfacet
facet normal 0 0 0
  outer loop
    vertex -7.160066604614258 -2.965796709060669 0
    vertex -7.160066604614258 -2.965796709060669 12
    vertex -7.416287422180176 -2.249706268310547 12
  endloop
endfacet
facet normal 0 0 0
  outer loop
    vertex -6.834889888763428 -3.653324604034424 12
    vertex -7 -3 12
    vertex -7.160066604614258 -2.965796709060669 12
  endloop
endfacet
facet normal 0 0 0
  outer loop
    vertex -6.443889617919922 -4.30566930770874 12
    vertex -7 -3 12
    vertex -6.834889888763428 -3.653324604034424 12
  endloop
endfacet
facet normal 0 0 0
  outer loop
    vertex -7.601086139678955 -1.5119500160217285 0
    vertex -7.601086139678955 -1.5119500160217285 12
    vertex -7.712681770324707 -0.7596328258514404 12
  endloop
endfacet
facet normal 0 0 0
  outer loop
    vertex -7.712681770324707 -0.7596328258514404 0
    vertex -7.712681770324707 -0.7596328258514404 12
    vertex -7.75 0 12
  endloop
endfacet
facet normal 0 0 0
  outer loop
    vertex -7.160066604614258 -2.965796709060669 12
    vertex -7 -3 12
    vertex -7 3 12
  endloop
endfacet
facet normal 0 0 0
  outer loop
    vertex -7.416287422180176 -2.249706268310547 12
    vertex -7.416287422180176 2.249706268310547 12
    vertex -7.601086139678955 -1.5119500160217285 12
  endloop
endfacet
facet normal 0 0 0
  outer loop
    vertex -7.601086139678955 -1.5119500160217285 12
    vertex -7.601086139678955 1.5119500160217285 12
    vertex -7.712681770324707 -0.7596328258514404 12
  endloop
endfacet
facet normal 0 0 0
  outer loop
    vertex -7.160066604614258 -2.965796709060669 12
    vertex -7.160066604614258 2.965796709060669 12
    vertex -7.416287422180176 -2.249706268310547 12
  endloop
endfacet
facet normal 0 0 0
  outer loop
    vertex -3.653324604034424 -6.834889888763428 0
    vertex -2.916743755340576 -4.365215301513672 0
    vertex -2.965796709060669 -7.160066604614258 0
  endloop
endfacet
facet normal 0 0 0
  outer loop
    vertex -2.965796709060669 -7.160066604614258 0
    vertex -2.0090880393981934 -4.850367546081543 0
    vertex -2.249706268310547 -7.416287422180176 0
  endloop
endfacet
facet normal 0 0 0
  outer loop
    vertex -3.653324604034424 -6.834889888763428 0
    vertex -2.965796709060669 -7.160066604614258 0
    vertex -3.653324604034424 -6.834889888763428 12
  endloop
endfacet
facet normal 0 0 0
  outer loop
    vertex -2.965796709060669 -7.160066604614258 0
    vertex -2.249706268310547 -7.416287422180176 0
    vertex -2.965796709060669 -7.160066604614258 12
  endloop
endfacet
facet normal 0 0 0
  outer loop
    vertex -2.249706268310547 -7.416287422180176 0
    vertex -1.5119500160217285 -7.601086139678955 0
    vertex -2.249706268310547 -7.416287422180176 12
  endloop
endfacet
facet normal 0 0 0
  outer loop
    vertex -4.30566930770874 -6.443889617919922 0
    vertex -3.3305647373199463 -4.058304786682129 0
    vertex -3.653324604034424 -6.834889888763428 0
  endloop
endfacet
facet normal 0 0 0
  outer loop
    vertex -3.653324604034424 -6.834889888763428 0
    vertex -3.3305647373199463 -4.058304786682129 0
    vertex -2.916743755340576 -4.365215301513672 0
  endloop
endfacet
facet normal 0 0 0
  outer loop
    vertex -4.30566930770874 -6.443889617919922 0
    vertex -3.712310552597046 -3.712310552597046 0
    vertex -3.3305647373199463 -4.058304786682129 0
  endloop
endfacet
facet normal 0 0 0
  outer loop
    vertex -2.965796709060669 -7.160066604614258 0
    vertex -2.916743755340576 -4.365215301513672 0
    vertex -2.474832773208618 -4.630086421966553 0
  endloop
endfacet
facet normal 0 0 0
  outer loop
    vertex -2.965796709060669 -7.160066604614258 0
    vertex -2.474832773208618 -4.630086421966553 0
    vertex -2.0090880393981934 -4.850367546081543 0
  endloop
endfacet
facet normal 0 0 0
  outer loop
    vertex -2.249706268310547 -7.416287422180176 0
    vertex -1.0242241621017456 -5.149122714996338 0
    vertex -1.5119500160217285 -7.601086139678955 0
  endloop
endfacet
facet normal 0 0 0
  outer loop
    vertex -2.249706268310547 -7.416287422180176 0
    vertex -1.5239945650100708 -5.023936748504639 0
    vertex -1.0242241621017456 -5.149122714996338 0
  endloop
endfacet
facet normal 0 0 0
  outer loop
    vertex -1.5119500160217285 -7.601086139678955 0
    vertex -1.0242241621017456 -5.149122714996338 0
    vertex -0.5145899653434753 -5.224720001220703 0
  endloop
endfacet
facet normal 0 0 0
  outer loop
    vertex -1.5119500160217285 -7.601086139678955 0
    vertex -0.5145899653434753 -5.224720001220703 0
    vertex -0.7596328258514404 -7.712681770324707 0
  endloop
endfacet
facet normal 0 0 0
  outer loop
    vertex -0.7596328258514404 -7.712681770324707 0
    vertex -0.5145899653434753 -5.224720001220703 0
    vertex 0 -7.75 0
  endloop
endfacet
facet normal 0 0 0
  outer loop
    vertex 0 -7.75 0
    vertex -0.5145899653434753 -5.224720001220703 0
    vertex 0 -5.25 0
  endloop
endfacet
facet normal 0 0 0
  outer loop
    vertex -1.5119500160217285 -7.601086139678955 0
    vertex -0.7596328258514404 -7.712681770324707 0
    vertex -1.5119500160217285 -7.601086139678955 12
  endloop
endfacet
facet normal 0 0 0
  outer loop
    vertex -0.7596328258514404 -7.712681770324707 0
    vertex 0 -7.75 0
    vertex -0.7596328258514404 -7.712681770324707 12
  endloop
endfacet
facet normal 0 0 0
  outer loop
    vertex -2.249706268310547 -7.416287422180176 0
    vertex -2.0090880393981934 -4.850367546081543 0
    vertex -1.5239945650100708 -5.023936748504639 0
  endloop
endfacet
facet normal 0 0 0
  outer loop
    vertex -2.965796709060669 -7.160066604614258 0
    vertex -2.965796709060669 -7.160066604614258 12
    vertex -3.653324604034424 -6.834889888763428 12
  endloop
endfacet
facet normal 0 0 0
  outer loop
    vertex -4.30566930770874 -6.443889617919922 12
    vertex -3.653324604034424 -6.834889888763428 0
    vertex -3.653324604034424 -6.834889888763428 12
  endloop
endfacet
facet normal 0 0 0
  outer loop
    vertex -2.249706268310547 -7.416287422180176 0
    vertex -2.249706268310547 -7.416287422180176 12
    vertex -2.965796709060669 -7.160066604614258 12
  endloop
endfacet
facet normal 0 0 0
  outer loop
    vertex -7 -3 12
    vertex -2.249706268310547 -7.416287422180176 12
    vertex -1.5119500160217285 -7.601086139678955 12
  endloop
endfacet
facet normal 0 0 0
  outer loop
    vertex -7 -3 12
    vertex -1.5119500160217285 -7.601086139678955 12
    vertex -0.7596328258514404 -7.712681770324707 12
  endloop
endfacet
facet normal 0 0 0
  outer loop
    vertex -7 -3 12
    vertex -0.7596328258514404 -7.712681770324707 12
    vertex 0 -7.75 12
  endloop
endfacet
facet normal 0 0 0
  outer loop
    vertex -7 -3 12
    vertex 0 -7.75 12
    vertex 0.7596328258514404 -7.712681770324707 12
  endloop
endfacet
facet normal 0 0 0
  outer loop
    vertex -1.5119500160217285 -7.601086139678955 0
    vertex -1.5119500160217285 -7.601086139678955 12
    vertex -2.249706268310547 -7.416287422180176 12
  endloop
endfacet
facet normal 0 0 0
  outer loop
    vertex -0.7596328258514404 -7.712681770324707 0
    vertex -0.7596328258514404 -7.712681770324707 12
    vertex -1.5119500160217285 -7.601086139678955 12
  endloop
endfacet
facet normal 0 0 0
  outer loop
    vertex -0.7596328258514404 -7.712681770324707 12
    vertex 0 -7.75 0
    vertex 0 -7.75 12
  endloop
endfacet
facet normal 0 0 0
  outer loop
    vertex -7 -3 12
    vertex 0.7596328258514404 -7.712681770324707 12
    vertex 1.5119500160217285 -7.601086139678955 12
  endloop
endfacet
facet normal 0 0 0
  outer loop
    vertex -7 -3 12
    vertex 1.5119500160217285 -7.601086139678955 12
    vertex 2.249706268310547 -7.416287422180176 12
  endloop
endfacet
facet normal 0 0 0
  outer loop
    vertex -7 -3 12
    vertex 2.249706268310547 -7.416287422180176 12
    vertex 2.965796709060669 -7.160066604614258 12
  endloop
endfacet
facet normal 0 0 0
  outer loop
    vertex -7 -3 12
    vertex 2.965796709060669 -7.160066604614258 12
    vertex 3.653324604034424 -6.834889888763428 12
  endloop
endfacet
facet normal 0 0 0
  outer loop
    vertex -7.712681770324707 -0.7596328258514404 0
    vertex -7.75 0 0
    vertex -7.712681770324707 0.7596328258514404 0
  endloop
endfacet
facet normal 0 0 0
  outer loop
    vertex -7.712681770324707 -0.7596328258514404 0
    vertex -7.712681770324707 0.7596328258514404 0
    vertex -7.601086139678955 1.5119500160217285 0
  endloop
endfacet
facet normal 0 0 0
  outer loop
    vertex -7.601086139678955 -1.5119500160217285 0
    vertex -7.601086139678955 1.5119500160217285 0
    vertex -7.416287422180176 2.249706268310547 0
  endloop
endfacet
facet normal 0 0 0
  outer loop
    vertex -7.416287422180176 -2.249706268310547 0
    vertex -7.416287422180176 2.249706268310547 0
    vertex -7.160066604614258 2.965796709060669 0
  endloop
endfacet
facet normal 0 0 0
  outer loop
    vertex -7.160066604614258 -2.965796709060669 0
    vertex -7.160066604614258 2.965796709060669 0
    vertex -6.834889888763428 3.653324604034424 0
  endloop
endfacet
facet normal 0 0 0
  outer loop
    vertex -6.834889888763428 -3.653324604034424 0
    vertex -6.834889888763428 3.653324604034424 0
    vertex -6.443889617919922 4.30566930770874 0
  endloop
endfacet
facet normal 0 0 0
  outer loop
    vertex -6.443889617919922 -4.30566930770874 0
    vertex -6.443889617919922 4.30566930770874 0
    vertex -5.990830898284912 4.916547775268555 0
  endloop
endfacet
facet normal 0 0 0
  outer loop
    vertex -5.990830898284912 -4.916547775268555 0
    vertex -5.990830898284912 4.916547775268555 0
    vertex -5.480077743530273 5.480077743530273 0
  endloop
endfacet
facet normal 0 0 0
  outer loop
    vertex -7.75 0 0
    vertex -7.712681770324707 0.7596328258514404 12
    vertex -7.712681770324707 0.7596328258514404 0
  endloop
endfacet
facet normal 0 0 0
  outer loop
    vertex -7.712681770324707 0.7596328258514404 0
    vertex -7.601086139678955 1.5119500160217285 12
    vertex -7.601086139678955 1.5119500160217285 0
  endloop
endfacet
facet normal 0 0 0
  outer loop
    vertex -7.601086139678955 1.5119500160217285 0
    vertex -7.416287422180176 2.249706268310547 12
    vertex -7.416287422180176 2.249706268310547 0
  endloop
endfacet
facet normal 0 0 0
  outer loop
    vertex -7.416287422180176 2.249706268310547 0
    vertex -7.160066604614258 2.965796709060669 12
    vertex -7.160066604614258 2.965796709060669 0
  endloop
endfacet
facet normal 0 0 0
  outer loop
    vertex -7.160066604614258 2.965796709060669 0
    vertex -6.834889888763428 3.653324604034424 12
    vertex -6.834889888763428 3.653324604034424 0
  endloop
endfacet
facet normal 0 0 0
  outer loop
    vertex -5.480077743530273 -5.480077743530273 0
    vertex -5.480077743530273 5.480077743530273 0
    vertex -5.25 0 0
  endloop
endfacet
facet normal 0 0 0
  outer loop
    vertex -5.480077743530273 5.480077743530273 0
    vertex -5.224720001220703 0.5145899653434753 0
    vertex -5.25 0 0
  endloop
endfacet
facet normal 0 0 0
  outer loop
    vertex -4.916547775268555 5.990830898284912 0
    vertex -5.149122714996338 1.0242241621017456 0
    vertex -5.224720001220703 0.5145899653434753 0
  endloop
endfacet
facet normal 0 0 0
  outer loop
    vertex -4.916547775268555 5.990830898284912 0
    vertex -5.023936748504639 1.5239945650100708 0
    vertex -5.149122714996338 1.0242241621017456 0
  endloop
endfacet
facet normal 0 0 0
  outer loop
    vertex -4.916547775268555 5.990830898284912 0
    vertex -4.850367546081543 2.0090880393981934 0
    vertex -5.023936748504639 1.5239945650100708 0
  endloop
endfacet
facet normal 0 0 0
  outer loop
    vertex -4.916547775268555 5.990830898284912 0
    vertex -4.630086421966553 2.474832773208618 0
    vertex -4.850367546081543 2.0090880393981934 0
  endloop
endfacet
facet normal 0 0 0
  outer loop
    vertex -7.75 0 0
    vertex -7.75 0 12
    vertex -7.712681770324707 0.7596328258514404 12
  endloop
endfacet
facet normal 0 0 0
  outer loop
    vertex -7.712681770324707 0.7596328258514404 0
    vertex -7.712681770324707 0.7596328258514404 12
    vertex -7.601086139678955 1.5119500160217285 12
  endloop
endfacet
facet normal 0 0 0
  outer loop
    vertex -7.601086139678955 1.5119500160217285 0
    vertex -7.601086139678955 1.5119500160217285 12
    vertex -7.416287422180176 2.249706268310547 12
  endloop
endfacet
facet normal 0 0 0
  outer loop
    vertex -7.712681770324707 -0.7596328258514404 12
    vertex -7.712681770324707 0.7596328258514404 12
    vertex -7.75 0 12
  endloop
endfacet
facet normal 0 0 0
  outer loop
    vertex -7.712681770324707 -0.7596328258514404 12
    vertex -7.601086139678955 1.5119500160217285 12
    vertex -7.712681770324707 0.7596328258514404 12
  endloop
endfacet
facet normal 0 0 0
  outer loop
    vertex -7.601086139678955 -1.5119500160217285 12
    vertex -7.416287422180176 2.249706268310547 12
    vertex -7.601086139678955 1.5119500160217285 12
  endloop
endfacet
facet normal 0 0 0
  outer loop
    vertex -7.416287422180176 -2.249706268310547 12
    vertex -7.160066604614258 2.965796709060669 12
    vertex -7.416287422180176 2.249706268310547 12
  endloop
endfacet
facet normal 0 0 0
  outer loop
    vertex -7.160066604614258 -2.965796709060669 12
    vertex -7 3 12
    vertex -7.160066604614258 2.965796709060669 12
  endloop
endfacet
facet normal 0 0 0
  outer loop
    vertex -7.416287422180176 2.249706268310547 0
    vertex -7.416287422180176 2.249706268310547 12
    vertex -7.160066604614258 2.965796709060669 12
  endloop
endfacet
facet normal 0 0 0
  outer loop
    vertex -7.160066604614258 2.965796709060669 0
    vertex -7.160066604614258 2.965796709060669 12
    vertex -6.834889888763428 3.653324604034424 12
  endloop
endfacet
facet normal 0 0 0
  outer loop
    vertex -6.834889888763428 3.653324604034424 0
    vertex -6.834889888763428 3.653324604034424 12
    vertex -6.443889617919922 4.30566930770874 12
  endloop
endfacet
facet normal 0 0 0
  outer loop
    vertex -7.160066604614258 2.965796709060669 12
    vertex -7 3 12
    vertex -6.834889888763428 3.653324604034424 12
  endloop
endfacet
facet normal 0 0 0
  outer loop
    vertex -6.834889888763428 3.653324604034424 0
    vertex -6.443889617919922 4.30566930770874 12
    vertex -6.443889617919922 4.30566930770874 0
  endloop
endfacet
facet normal 0 0 0
  outer loop
    vertex -6.443889617919922 4.30566930770874 0
    vertex -5.990830898284912 4.916547775268555 12
    vertex -5.990830898284912 4.916547775268555 0
  endloop
endfacet
facet normal 0 0 0
  outer loop
    vertex -5.480077743530273 5.480077743530273 0
    vertex -4.916547775268555 5.990830898284912 0
    vertex -5.224720001220703 0.5145899653434753 0
  endloop
endfacet
facet normal 0 0 0
  outer loop
    vertex -4.30566930770874 6.443889617919922 0
    vertex -4.365215301513672 2.916743755340576 0
    vertex -4.630086421966553 2.474832773208618 0
  endloop
endfacet
facet normal 0 0 0
  outer loop
    vertex -4.30566930770874 6.443889617919922 0
    vertex -4.058304786682129 3.3305647373199463 0
    vertex -4.365215301513672 2.916743755340576 0
  endloop
endfacet
facet normal 0 0 0
  outer loop
    vertex -4.916547775268555 5.990830898284912 0
    vertex -4.30566930770874 6.443889617919922 0
    vertex -4.630086421966553 2.474832773208618 0
  endloop
endfacet
facet normal 0 0 0
  outer loop
    vertex -4.30566930770874 6.443889617919922 0
    vertex -3.653324604034424 6.834889888763428 0
    vertex -4.058304786682129 3.3305647373199463 0
  endloop
endfacet
facet normal 0 0 0
  outer loop
    vertex -5.990830898284912 4.916547775268555 0
    vertex -5.480077743530273 5.480077743530273 12
    vertex -5.480077743530273 5.480077743530273 0
  endloop
endfacet
facet normal 0 0 0
  outer loop
    vertex -5.480077743530273 5.480077743530273 0
    vertex -4.916547775268555 5.990830898284912 12
    vertex -4.916547775268555 5.990830898284912 0
  endloop
endfacet
facet normal 0 0 0
  outer loop
    vertex -4.916547775268555 5.990830898284912 0
    vertex -4.30566930770874 6.443889617919922 12
    vertex -4.30566930770874 6.443889617919922 0
  endloop
endfacet
facet normal 0 0 0
  outer loop
    vertex -6.443889617919922 4.30566930770874 0
    vertex -6.443889617919922 4.30566930770874 12
    vertex -5.990830898284912 4.916547775268555 12
  endloop
endfacet
facet normal 0 0 0
  outer loop
    vertex -5.990830898284912 4.916547775268555 0
    vertex -5.990830898284912 4.916547775268555 12
    vertex -5.480077743530273 5.480077743530273 12
  endloop
endfacet
facet normal 0 0 0
  outer loop
    vertex -5.480077743530273 5.480077743530273 0
    vertex -5.480077743530273 5.480077743530273 12
    vertex -4.916547775268555 5.990830898284912 12
  endloop
endfacet
facet normal 0 0 0
  outer loop
    vertex -4.916547775268555 5.990830898284912 0
    vertex -4.916547775268555 5.990830898284912 12
    vertex -4.30566930770874 6.443889617919922 12
  endloop
endfacet
facet normal 0 0 0
  outer loop
    vertex -4.30566930770874 6.443889617919922 0
    vertex -4.30566930770874 6.443889617919922 12
    vertex -3.653324604034424 6.834889888763428 12
  endloop
endfacet
facet normal 0 0 0
  outer loop
    vertex -7 3 12
    vertex 7 3 12
    vertex -6.834889888763428 3.653324604034424 12
  endloop
endfacet
facet normal 0 0 0
  outer loop
    vertex -6.834889888763428 3.653324604034424 12
    vertex 7 3 12
    vertex -6.443889617919922 4.30566930770874 12
  endloop
endfacet
facet normal 0 0 0
  outer loop
    vertex -3.653324604034424 6.834889888763428 0
    vertex -3.712310552597046 3.712310552597046 0
    vertex -4.058304786682129 3.3305647373199463 0
  endloop
endfacet
facet normal 0 0 0
  outer loop
    vertex -3.653324604034424 6.834889888763428 0
    vertex -3.3305647373199463 4.058304786682129 0
    vertex -3.712310552597046 3.712310552597046 0
  endloop
endfacet
facet normal 0 0 0
  outer loop
    vertex -2.965796709060669 7.160066604614258 0
    vertex -2.916743755340576 4.365215301513672 0
    vertex -3.3305647373199463 4.058304786682129 0
  endloop
endfacet
facet normal 0 0 0
  outer loop
    vertex -2.965796709060669 7.160066604614258 0
    vertex -2.474832773208618 4.630086421966553 0
    vertex -2.916743755340576 4.365215301513672 0
  endloop
endfacet
facet normal 0 0 0
  outer loop
    vertex -2.249706268310547 7.416287422180176 0
    vertex -2.0090880393981934 4.850367546081543 0
    vertex -2.474832773208618 4.630086421966553 0
  endloop
endfacet
facet normal 0 0 0
  outer loop
    vertex -3.653324604034424 6.834889888763428 0
    vertex -2.965796709060669 7.160066604614258 0
    vertex -3.3305647373199463 4.058304786682129 0
  endloop
endfacet
facet normal 0 0 0
  outer loop
    vertex -2.965796709060669 7.160066604614258 0
    vertex -2.249706268310547 7.416287422180176 0
    vertex -2.474832773208618 4.630086421966553 0
  endloop
endfacet
facet normal 0 0 0
  outer loop
    vertex -4.30566930770874 6.443889617919922 0
    vertex -3.653324604034424 6.834889888763428 12
    vertex -3.653324604034424 6.834889888763428 0
  endloop
endfacet
facet normal 0 0 0
  outer loop
    vertex -3.653324604034424 6.834889888763428 0
    vertex -2.965796709060669 7.160066604614258 12
    vertex -2.965796709060669 7.160066604614258 0
  endloop
endfacet
facet normal 0 0 0
  outer loop
    vertex -2.965796709060669 7.160066604614258 0
    vertex -2.249706268310547 7.416287422180176 12
    vertex -2.249706268310547 7.416287422180176 0
  endloop
endfacet
facet normal 0 0 0
  outer loop
    vertex -1.5119500160217285 7.601086139678955 0
    vertex -1.5239945650100708 5.023936748504639 0
    vertex -2.0090880393981934 4.850367546081543 0
  endloop
endfacet
facet normal 0 0 0
  outer loop
    vertex -2.249706268310547 7.416287422180176 0
    vertex -1.5119500160217285 7.601086139678955 0
    vertex -2.0090880393981934 4.850367546081543 0
  endloop
endfacet
facet normal 0 0 0
  outer loop
    vertex -1.5119500160217285 7.601086139678955 0
    vertex -1.0242241621017456 5.149122714996338 0
    vertex -1.5239945650100708 5.023936748504639 0
  endloop
endfacet
facet normal 0 0 0
  outer loop
    vertex -1.5119500160217285 7.601086139678955 0
    vertex -0.7596328258514404 7.712681770324707 0
    vertex -1.0242241621017456 5.149122714996338 0
  endloop
endfacet
facet normal 0 0 0
  outer loop
    vertex -0.7596328258514404 7.712681770324707 0
    vertex -0.5145899653434753 5.224720001220703 0
    vertex -1.0242241621017456 5.149122714996338 0
  endloop
endfacet
facet normal 0 0 0
  outer loop
    vertex 0 7.75 0
    vertex 0 5.25 0
    vertex -0.5145899653434753 5.224720001220703 0
  endloop
endfacet
facet normal 0 0 0
  outer loop
    vertex -0.7596328258514404 7.712681770324707 0
    vertex 0 7.75 0
    vertex -0.5145899653434753 5.224720001220703 0
  endloop
endfacet
facet normal 0 0 0
  outer loop
    vertex -2.249706268310547 7.416287422180176 0
    vertex -1.5119500160217285 7.601086139678955 12
    vertex -1.5119500160217285 7.601086139678955 0
  endloop
endfacet
facet normal 0 0 0
  outer loop
    vertex -1.5119500160217285 7.601086139678955 0
    vertex -0.7596328258514404 7.712681770324707 12
    vertex -0.7596328258514404 7.712681770324707 0
  endloop
endfacet
facet normal 0 0 0
  outer loop
    vertex -0.7596328258514404 7.712681770324707 0
    vertex 0 7.75 12
    vertex 0 7.75 0
  endloop
endfacet
facet normal 0 0 0
  outer loop
    vertex -3.653324604034424 6.834889888763428 0
    vertex -3.653324604034424 6.834889888763428 12
    vertex -2.965796709060669 7.160066604614258 12
  endloop
endfacet
facet normal 0 0 0
  outer loop
    vertex -2.965796709060669 7.160066604614258 0
    vertex -2.965796709060669 7.160066604614258 12
    vertex -2.249706268310547 7.416287422180176 12
  endloop
endfacet
facet normal 0 0 0
  outer loop
    vertex -2.249706268310547 7.416287422180176 0
    vertex -2.249706268310547 7.416287422180176 12
    vertex -1.5119500160217285 7.601086139678955 12
  endloop
endfacet
facet normal 0 0 0
  outer loop
    vertex -6.443889617919922 4.30566930770874 12
    vertex 7 3 12
    vertex -5.990830898284912 4.916547775268555 12
  endloop
endfacet
facet normal 0 0 0
  outer loop
    vertex -5.990830898284912 4.916547775268555 12
    vertex 7 3 12
    vertex -5.480077743530273 5.480077743530273 12
  endloop
endfacet
facet normal 0 0 0
  outer loop
    vertex -5.480077743530273 5.480077743530273 12
    vertex 7 3 12
    vertex -4.916547775268555 5.990830898284912 12
  endloop
endfacet
facet normal 0 0 0
  outer loop
    vertex -4.916547775268555 5.990830898284912 12
    vertex 7 3 12
    vertex -4.30566930770874 6.443889617919922 12
  endloop
endfacet
facet normal 0 0 0
  outer loop
    vertex -4.30566930770874 6.443889617919922 12
    vertex 7 3 12
    vertex -3.653324604034424 6.834889888763428 12
  endloop
endfacet
facet normal 0 0 0
  outer loop
    vertex -1.5119500160217285 7.601086139678955 0
    vertex -1.5119500160217285 7.601086139678955 12
    vertex -0.7596328258514404 7.712681770324707 12
  endloop
endfacet
facet normal 0 0 0
  outer loop
    vertex -0.7596328258514404 7.712681770324707 0
    vertex -0.7596328258514404 7.712681770324707 12
    vertex 0 7.75 12
  endloop
endfacet
facet normal 0 0 0
  outer loop
    vertex 0 -7.75 0
    vertex 0.5145899653434753 -5.224720001220703 0
    vertex 0.7596328258514404 -7.712681770324707 0
  endloop
endfacet
facet normal 0 0 0
  outer loop
    vertex 0 -7.75 0
    vertex 0 -5.25 0
    vertex 0.5145899653434753 -5.224720001220703 0
  endloop
endfacet
facet normal 0 0 0
  outer loop
    vertex 0.7596328258514404 -7.712681770324707 0
    vertex 0.5145899653434753 -5.224720001220703 0
    vertex 1.0242241621017456 -5.149122714996338 0
  endloop
endfacet
facet normal 0 0 0
  outer loop
    vertex 0.7596328258514404 -7.712681770324707 0
    vertex 1.0242241621017456 -5.149122714996338 0
    vertex 1.5119500160217285 -7.601086139678955 0
  endloop
endfacet
facet normal 0 0 0
  outer loop
    vertex 1.5119500160217285 -7.601086139678955 0
    vertex 1.0242241621017456 -5.149122714996338 0
    vertex 1.5239945650100708 -5.023936748504639 0
  endloop
endfacet
facet normal 0 0 0
  outer loop
    vertex 1.5119500160217285 -7.601086139678955 0
    vertex 2.0090880393981934 -4.850367546081543 0
    vertex 2.249706268310547 -7.416287422180176 0
  endloop
endfacet
facet normal 0 0 0
  outer loop
    vertex 1.5119500160217285 -7.601086139678955 0
    vertex 1.5239945650100708 -5.023936748504639 0
    vertex 2.0090880393981934 -4.850367546081543 0
  endloop
endfacet
facet normal 0 0 0
  outer loop
    vertex 0 -7.75 0
    vertex 0.7596328258514404 -7.712681770324707 0
    vertex 0 -7.75 12
  endloop
endfacet
facet normal 0 0 0
  outer loop
    vertex 0.7596328258514404 -7.712681770324707 0
    vertex 1.5119500160217285 -7.601086139678955 0
    vertex 0.7596328258514404 -7.712681770324707 12
  endloop
endfacet
facet normal 0 0 0
  outer loop
    vertex 1.5119500160217285 -7.601086139678955 0
    vertex 2.249706268310547 -7.416287422180176 0
    vertex 1.5119500160217285 -7.601086139678955 12
  endloop
endfacet
facet normal 0 0 0
  outer loop
    vertex 2.249706268310547 -7.416287422180176 0
    vertex 2.474832773208618 -4.630086421966553 0
    vertex 2.965796709060669 -7.160066604614258 0
  endloop
endfacet
facet normal 0 0 0
  outer loop
    vertex 2.965796709060669 -7.160066604614258 0
    vertex 3.3305647373199463 -4.058304786682129 0
    vertex 3.653324604034424 -6.834889888763428 0
  endloop
endfacet
facet normal 0 0 0
  outer loop
    vertex 2.249706268310547 -7.416287422180176 0
    vertex 2.965796709060669 -7.160066604614258 0
    vertex 2.249706268310547 -7.416287422180176 12
  endloop
endfacet
facet normal 0 0 0
  outer loop
    vertex 2.965796709060669 -7.160066604614258 0
    vertex 3.653324604034424 -6.834889888763428 0
    vertex 2.965796709060669 -7.160066604614258 12
  endloop
endfacet
facet normal 0 0 0
  outer loop
    vertex 3.653324604034424 -6.834889888763428 0
    vertex 4.30566930770874 -6.443889617919922 0
    vertex 3.653324604034424 -6.834889888763428 12
  endloop
endfacet
facet normal 0 0 0
  outer loop
    vertex 2.249706268310547 -7.416287422180176 0
    vertex 2.0090880393981934 -4.850367546081543 0
    vertex 2.474832773208618 -4.630086421966553 0
  endloop
endfacet
facet normal 0 0 0
  outer loop
    vertex 2.965796709060669 -7.160066604614258 0
    vertex 2.474832773208618 -4.630086421966553 0
    vertex 2.916743755340576 -4.365215301513672 0
  endloop
endfacet
facet normal 0 0 0
  outer loop
    vertex 2.965796709060669 -7.160066604614258 0
    vertex 2.916743755340576 -4.365215301513672 0
    vertex 3.3305647373199463 -4.058304786682129 0
  endloop
endfacet
facet normal 0 0 0
  outer loop
    vertex 3.653324604034424 -6.834889888763428 0
    vertex 3.3305647373199463 -4.058304786682129 0
    vertex 3.712310552597046 -3.712310552597046 0
  endloop
endfacet
facet normal 0 0 0
  outer loop
    vertex 3.653324604034424 -6.834889888763428 0
    vertex 3.712310552597046 -3.712310552597046 0
    vertex 4.058304786682129 -3.3305647373199463 0
  endloop
endfacet
facet normal 0 0 0
  outer loop
    vertex 0.7596328258514404 -7.712681770324707 0
    vertex 0.7596328258514404 -7.712681770324707 12
    vertex 0 -7.75 12
  endloop
endfacet
facet normal 0 0 0
  outer loop
    vertex 1.5119500160217285 -7.601086139678955 0
    vertex 1.5119500160217285 -7.601086139678955 12
    vertex 0.7596328258514404 -7.712681770324707 12
  endloop
endfacet
facet normal 0 0 0
  outer loop
    vertex -7 -3 12
    vertex 3.653324604034424 -6.834889888763428 12
    vertex 4.30566930770874 -6.443889617919922 12
  endloop
endfacet
facet normal 0 0 0
  outer loop
    vertex -7 -3 12
    vertex 4.30566930770874 -6.443889617919922 12
    vertex 4.916547775268555 -5.990830898284912 12
  endloop
endfacet
facet normal 0 0 0
  outer loop
    vertex -7 -3 12
    vertex 4.916547775268555 -5.990830898284912 12
    vertex 5.480077743530273 -5.480077743530273 12
  endloop
endfacet
facet normal 0 0 0
  outer loop
    vertex -7 -3 12
    vertex 5.480077743530273 -5.480077743530273 12
    vertex 5.990830898284912 -4.916547775268555 12
  endloop
endfacet
facet normal 0 0 0
  outer loop
    vertex -7 -3 12
    vertex 5.990830898284912 -4.916547775268555 12
    vertex 6.443889617919922 -4.30566930770874 12
  endloop
endfacet
facet normal 0 0 0
  outer loop
    vertex 2.249706268310547 -7.416287422180176 0
    vertex 2.249706268310547 -7.416287422180176 12
    vertex 1.5119500160217285 -7.601086139678955 12
  endloop
endfacet
facet normal 0 0 0
  outer loop
    vertex 2.965796709060669 -7.160066604614258 0
    vertex 2.965796709060669 -7.160066604614258 12
    vertex 2.249706268310547 -7.416287422180176 12
  endloop
endfacet
facet normal 0 0 0
  outer loop
    vertex 3.653324604034424 -6.834889888763428 0
    vertex 3.653324604034424 -6.834889888763428 12
    vertex 2.965796709060669 -7.160066604614258 12
  endloop
endfacet
facet normal 0 0 0
  outer loop
    vertex -7 -3 12
    vertex 6.443889617919922 -4.30566930770874 12
    vertex 6.834889888763428 -3.653324604034424 12
  endloop
endfacet
facet normal 0 0 0
  outer loop
    vertex -7 -3 12
    vertex 6.834889888763428 -3.653324604034424 12
    vertex 7 -3 12
  endloop
endfacet
facet normal 0 0 0
  outer loop
    vertex 4.30566930770874 -6.443889617919922 0
    vertex 4.916547775268555 -5.990830898284912 0
    vertex 4.30566930770874 -6.443889617919922 12
  endloop
endfacet
facet normal 0 0 0
  outer loop
    vertex 4.916547775268555 -5.990830898284912 0
    vertex 5.480077743530273 -5.480077743530273 0
    vertex 4.916547775268555 -5.990830898284912 12
  endloop
endfacet
facet normal 0 0 0
  outer loop
    vertex 3.653324604034424 -6.834889888763428 0
    vertex 4.058304786682129 -3.3305647373199463 0
    vertex 4.30566930770874 -6.443889617919922 0
  endloop
endfacet
facet normal 0 0 0
  outer loop
    vertex 4.30566930770874 -6.443889617919922 0
    vertex 4.630086421966553 -2.474832773208618 0
    vertex 4.916547775268555 -5.990830898284912 0
  endloop
endfacet
facet normal 0 0 0
  outer loop
    vertex 4.30566930770874 -6.443889617919922 0
    vertex 4.058304786682129 -3.3305647373199463 0
    vertex 4.365215301513672 -2.916743755340576 0
  endloop
endfacet
facet normal 0 0 0
  outer loop
    vertex 4.30566930770874 -6.443889617919922 0
    vertex 4.365215301513672 -2.916743755340576 0
    vertex 4.630086421966553 -2.474832773208618 0
  endloop
endfacet
facet normal 0 0 0
  outer loop
    vertex 4.916547775268555 -5.990830898284912 0
    vertex 5.224720001220703 -0.5145899653434753 0
    vertex 5.480077743530273 -5.480077743530273 0
  endloop
endfacet
facet normal 0 0 0
  outer loop
    vertex 5.480077743530273 -5.480077743530273 0
    vertex 5.990830898284912 -4.916547775268555 0
    vertex 5.480077743530273 -5.480077743530273 12
  endloop
endfacet
facet normal 0 0 0
  outer loop
    vertex 5.990830898284912 -4.916547775268555 0
    vertex 6.443889617919922 -4.30566930770874 0
    vertex 5.990830898284912 -4.916547775268555 12
  endloop
endfacet
facet normal 0 0 0
  outer loop
    vertex 6.443889617919922 -4.30566930770874 0
    vertex 6.834889888763428 -3.653324604034424 0
    vertex 6.443889617919922 -4.30566930770874 12
  endloop
endfacet
facet normal 0 0 0
  outer loop
    vertex 3.653324604034424 -6.834889888763428 12
    vertex 4.30566930770874 -6.443889617919922 0
    vertex 4.30566930770874 -6.443889617919922 12
  endloop
endfacet
facet normal 0 0 0
  outer loop
    vertex 4.916547775268555 -5.990830898284912 0
    vertex 4.916547775268555 -5.990830898284912 12
    vertex 4.30566930770874 -6.443889617919922 12
  endloop
endfacet
facet normal 0 0 0
  outer loop
    vertex 5.480077743530273 -5.480077743530273 0
    vertex 5.480077743530273 -5.480077743530273 12
    vertex 4.916547775268555 -5.990830898284912 12
  endloop
endfacet
facet normal 0 0 0
  outer loop
    vertex 5.990830898284912 -4.916547775268555 0
    vertex 5.990830898284912 -4.916547775268555 12
    vertex 5.480077743530273 -5.480077743530273 12
  endloop
endfacet
facet normal 0 0 0
  outer loop
    vertex 6.443889617919922 -4.30566930770874 0
    vertex 6.443889617919922 -4.30566930770874 12
    vertex 5.990830898284912 -4.916547775268555 12
  endloop
endfacet
facet normal 0 0 0
  outer loop
    vertex 4.916547775268555 -5.990830898284912 0
    vertex 4.630086421966553 -2.474832773208618 0
    vertex 4.850367546081543 -2.0090880393981934 0
  endloop
endfacet
facet normal 0 0 0
  outer loop
    vertex 4.916547775268555 -5.990830898284912 0
    vertex 4.850367546081543 -2.0090880393981934 0
    vertex 5.023936748504639 -1.5239945650100708 0
  endloop
endfacet
facet normal 0 0 0
  outer loop
    vertex 4.916547775268555 -5.990830898284912 0
    vertex 5.023936748504639 -1.5239945650100708 0
    vertex 5.149122714996338 -1.0242241621017456 0
  endloop
endfacet
facet normal 0 0 0
  outer loop
    vertex 4.916547775268555 -5.990830898284912 0
    vertex 5.149122714996338 -1.0242241621017456 0
    vertex 5.224720001220703 -0.5145899653434753 0
  endloop
endfacet
facet normal 0 0 0
  outer loop
    vertex 5.480077743530273 -5.480077743530273 0
    vertex 5.224720001220703 -0.5145899653434753 0
    vertex 5.25 0 0
  endloop
endfacet
facet normal 0 0 0
  outer loop
    vertex 6.834889888763428 -3.653324604034424 0
    vertex 7.160066604614258 -2.965796709060669 0
    vertex 6.834889888763428 -3.653324604034424 12
  endloop
endfacet
facet normal 0 0 0
  outer loop
    vertex 7.160066604614258 -2.965796709060669 0
    vertex 7.416287422180176 -2.249706268310547 0
    vertex 7.160066604614258 -2.965796709060669 12
  endloop
endfacet
facet normal 0 0 0
  outer loop
    vertex 7.416287422180176 -2.249706268310547 0
    vertex 7.601086139678955 -1.5119500160217285 0
    vertex 7.416287422180176 -2.249706268310547 12
  endloop
endfacet
facet normal 0 0 0
  outer loop
    vertex 5.480077743530273 -5.480077743530273 0
    vertex 5.990830898284912 4.916547775268555 0
    vertex 5.990830898284912 -4.916547775268555 0
  endloop
endfacet
facet normal 0 0 0
  outer loop
    vertex 5.990830898284912 -4.916547775268555 0
    vertex 6.443889617919922 4.30566930770874 0
    vertex 6.443889617919922 -4.30566930770874 0
  endloop
endfacet
facet normal 0 0 0
  outer loop
    vertex 6.443889617919922 -4.30566930770874 0
    vertex 6.834889888763428 3.653324604034424 0
    vertex 6.834889888763428 -3.653324604034424 0
  endloop
endfacet
facet normal 0 0 0
  outer loop
    vertex 6.834889888763428 -3.653324604034424 0
    vertex 7.160066604614258 2.965796709060669 0
    vertex 7.160066604614258 -2.965796709060669 0
  endloop
endfacet
facet normal 0 0 0
  outer loop
    vertex 7.160066604614258 -2.965796709060669 0
    vertex 7.416287422180176 2.249706268310547 0
    vertex 7.416287422180176 -2.249706268310547 0
  endloop
endfacet
facet normal 0 0 0
  outer loop
    vertex 7.416287422180176 -2.249706268310547 0
    vertex 7.601086139678955 1.5119500160217285 0
    vertex 7.601086139678955 -1.5119500160217285 0
  endloop
endfacet
facet normal 0 0 0
  outer loop
    vertex 7.601086139678955 -1.5119500160217285 0
    vertex 7.712681770324707 0.7596328258514404 0
    vertex 7.712681770324707 -0.7596328258514404 0
  endloop
endfacet
facet normal 0 0 0
  outer loop
    vertex 7.601086139678955 -1.5119500160217285 0
    vertex 7.712681770324707 -0.7596328258514404 0
    vertex 7.601086139678955 -1.5119500160217285 12
  endloop
endfacet
facet normal 0 0 0
  outer loop
    vertex 7.712681770324707 -0.7596328258514404 0
    vertex 7.75 0 0
    vertex 7.712681770324707 -0.7596328258514404 12
  endloop
endfacet
facet normal 0 0 0
  outer loop
    vertex 6.443889617919922 -4.30566930770874 12
    vertex 6.834889888763428 -3.653324604034424 0
    vertex 6.834889888763428 -3.653324604034424 12
  endloop
endfacet
facet normal 0 0 0
  outer loop
    vertex 7.160066604614258 -2.965796709060669 0
    vertex 7.160066604614258 -2.965796709060669 12
    vertex 6.834889888763428 -3.653324604034424 12
  endloop
endfacet
facet normal 0 0 0
  outer loop
    vertex 7.416287422180176 -2.249706268310547 0
    vertex 7.416287422180176 -2.249706268310547 12
    vertex 7.160066604614258 -2.965796709060669 12
  endloop
endfacet
facet normal 0 0 0
  outer loop
    vertex 6.834889888763428 -3.653324604034424 12
    vertex 7.160066604614258 -2.965796709060669 12
    vertex 7 -3 12
  endloop
endfacet
facet normal 0 0 0
  outer loop
    vertex 7.601086139678955 -1.5119500160217285 0
    vertex 7.601086139678955 -1.5119500160217285 12
    vertex 7.416287422180176 -2.249706268310547 12
  endloop
endfacet
facet normal 0 0 0
  outer loop
    vertex 7.712681770324707 -0.7596328258514404 0
    vertex 7.712681770324707 -0.7596328258514404 12
    vertex 7.601086139678955 -1.5119500160217285 12
  endloop
endfacet
facet normal 0 0 0
  outer loop
    vertex 7.712681770324707 -0.7596328258514404 12
    vertex 7.75 0 0
    vertex 7.75 0 12
  endloop
endfacet
facet normal 0 0 0
  outer loop
    vertex 7 -3 12
    vertex 7.160066604614258 -2.965796709060669 12
    vertex 7.160066604614258 2.965796709060669 12
  endloop
endfacet
facet normal 0 0 0
  outer loop
    vertex 7.160066604614258 -2.965796709060669 12
    vertex 7.416287422180176 -2.249706268310547 12
    vertex 7.416287422180176 2.249706268310547 12
  endloop
endfacet
facet normal 0 0 0
  outer loop
    vertex 7.416287422180176 -2.249706268310547 12
    vertex 7.601086139678955 -1.5119500160217285 12
    vertex 7.601086139678955 1.5119500160217285 12
  endloop
endfacet
facet normal 0 0 0
  outer loop
    vertex 7.601086139678955 -1.5119500160217285 12
    vertex 7.712681770324707 -0.7596328258514404 12
    vertex 7.712681770324707 0.7596328258514404 12
  endloop
endfacet
facet normal 0 0 0
  outer loop
    vertex 2.249706268310547 7.416287422180176 0
    vertex 2.0090880393981934 4.850367546081543 0
    vertex 1.5239945650100708 5.023936748504639 0
  endloop
endfacet
facet normal 0 0 0
  outer loop
    vertex 0 7.75 0
    vertex 0.5145899653434753 5.224720001220703 0
    vertex 0 5.25 0
  endloop
endfacet
facet normal 0 0 0
  outer loop
    vertex 0 7.75 0
    vertex 0.7596328258514404 7.712681770324707 0
    vertex 0.5145899653434753 5.224720001220703 0
  endloop
endfacet
facet normal 0 0 0
  outer loop
    vertex 0.7596328258514404 7.712681770324707 0
    vertex 1.5119500160217285 7.601086139678955 0
    vertex 0.5145899653434753 5.224720001220703 0
  endloop
endfacet
facet normal 0 0 0
  outer loop
    vertex 1.5119500160217285 7.601086139678955 0
    vertex 1.0242241621017456 5.149122714996338 0
    vertex 0.5145899653434753 5.224720001220703 0
  endloop
endfacet
facet normal 0 0 0
  outer loop
    vertex 2.249706268310547 7.416287422180176 0
    vertex 1.5239945650100708 5.023936748504639 0
    vertex 1.0242241621017456 5.149122714996338 0
  endloop
endfacet
facet normal 0 0 0
  outer loop
    vertex 1.5119500160217285 7.601086139678955 0
    vertex 2.249706268310547 7.416287422180176 0
    vertex 1.0242241621017456 5.149122714996338 0
  endloop
endfacet
facet normal 0 0 0
  outer loop
    vertex 0 7.75 0
    vertex 0.7596328258514404 7.712681770324707 12
    vertex 0.7596328258514404 7.712681770324707 0
  endloop
endfacet
facet normal 0 0 0
  outer loop
    vertex 0.7596328258514404 7.712681770324707 0
    vertex 1.5119500160217285 7.601086139678955 12
    vertex 1.5119500160217285 7.601086139678955 0
  endloop
endfacet
facet normal 0 0 0
  outer loop
    vertex 2.965796709060669 7.160066604614258 0
    vertex 2.474832773208618 4.630086421966553 0
    vertex 2.0090880393981934 4.850367546081543 0
  endloop
endfacet
facet normal 0 0 0
  outer loop
    vertex 2.965796709060669 7.160066604614258 0
    vertex 2.916743755340576 4.365215301513672 0
    vertex 2.474832773208618 4.630086421966553 0
  endloop
endfacet
facet normal 0 0 0
  outer loop
    vertex 4.30566930770874 6.443889617919922 0
    vertex 3.712310552597046 3.712310552597046 0
    vertex 3.3305647373199463 4.058304786682129 0
  endloop
endfacet
facet normal 0 0 0
  outer loop
    vertex 3.653324604034424 6.834889888763428 0
    vertex 3.3305647373199463 4.058304786682129 0
    vertex 2.916743755340576 4.365215301513672 0
  endloop
endfacet
facet normal 0 0 0
  outer loop
    vertex 3.653324604034424 6.834889888763428 0
    vertex 4.30566930770874 6.443889617919922 0
    vertex 3.3305647373199463 4.058304786682129 0
  endloop
endfacet
facet normal 0 0 0
  outer loop
    vertex 2.249706268310547 7.416287422180176 0
    vertex 2.965796709060669 7.160066604614258 0
    vertex 2.0090880393981934 4.850367546081543 0
  endloop
endfacet
facet normal 0 0 0
  outer loop
    vertex 2.965796709060669 7.160066604614258 0
    vertex 3.653324604034424 6.834889888763428 0
    vertex 2.916743755340576 4.365215301513672 0
  endloop
endfacet
facet normal 0 0 0
  outer loop
    vertex 1.5119500160217285 7.601086139678955 0
    vertex 2.249706268310547 7.416287422180176 12
    vertex 2.249706268310547 7.416287422180176 0
  endloop
endfacet
facet normal 0 0 0
  outer loop
    vertex 2.249706268310547 7.416287422180176 0
    vertex 2.965796709060669 7.160066604614258 12
    vertex 2.965796709060669 7.160066604614258 0
  endloop
endfacet
facet normal 0 0 0
  outer loop
    vertex 2.965796709060669 7.160066604614258 0
    vertex 3.653324604034424 6.834889888763428 12
    vertex 3.653324604034424 6.834889888763428 0
  endloop
endfacet
facet normal 0 0 0
  outer loop
    vertex -3.653324604034424 6.834889888763428 12
    vertex 7 3 12
    vertex -2.965796709060669 7.160066604614258 12
  endloop
endfacet
facet normal 0 0 0
  outer loop
    vertex 0 7.75 0
    vertex 0 7.75 12
    vertex 0.7596328258514404 7.712681770324707 12
  endloop
endfacet
facet normal 0 0 0
  outer loop
    vertex 0.7596328258514404 7.712681770324707 0
    vertex 0.7596328258514404 7.712681770324707 12
    vertex 1.5119500160217285 7.601086139678955 12
  endloop
endfacet
facet normal 0 0 0
  outer loop
    vertex 1.5119500160217285 7.601086139678955 0
    vertex 1.5119500160217285 7.601086139678955 12
    vertex 2.249706268310547 7.416287422180176 12
  endloop
endfacet
facet normal 0 0 0
  outer loop
    vertex -2.965796709060669 7.160066604614258 12
    vertex 7 3 12
    vertex -2.249706268310547 7.416287422180176 12
  endloop
endfacet
facet normal 0 0 0
  outer loop
    vertex -2.249706268310547 7.416287422180176 12
    vertex 7 3 12
    vertex -1.5119500160217285 7.601086139678955 12
  endloop
endfacet
facet normal 0 0 0
  outer loop
    vertex -1.5119500160217285 7.601086139678955 12
    vertex 7 3 12
    vertex -0.7596328258514404 7.712681770324707 12
  endloop
endfacet
facet normal 0 0 0
  outer loop
    vertex 2.249706268310547 7.416287422180176 0
    vertex 2.249706268310547 7.416287422180176 12
    vertex 2.965796709060669 7.160066604614258 12
  endloop
endfacet
facet normal 0 0 0
  outer loop
    vertex 3.653324604034424 6.834889888763428 0
    vertex 3.653324604034424 6.834889888763428 12
    vertex 4.30566930770874 6.443889617919922 12
  endloop
endfacet
facet normal 0 0 0
  outer loop
    vertex 2.965796709060669 7.160066604614258 0
    vertex 2.965796709060669 7.160066604614258 12
    vertex 3.653324604034424 6.834889888763428 12
  endloop
endfacet
facet normal 0 0 0
  outer loop
    vertex -0.7596328258514404 7.712681770324707 12
    vertex 7 3 12
    vertex 0 7.75 12
  endloop
endfacet
facet normal 0 0 0
  outer loop
    vertex 0 7.75 12
    vertex 7 3 12
    vertex 0.7596328258514404 7.712681770324707 12
  endloop
endfacet
facet normal 0 0 0
  outer loop
    vertex 0.7596328258514404 7.712681770324707 12
    vertex 7 3 12
    vertex 1.5119500160217285 7.601086139678955 12
  endloop
endfacet
facet normal 0 0 0
  outer loop
    vertex 1.5119500160217285 7.601086139678955 12
    vertex 7 3 12
    vertex 2.249706268310547 7.416287422180176 12
  endloop
endfacet
facet normal 0 0 0
  outer loop
    vertex 5.480077743530273 -5.480077743530273 0
    vertex 5.25 0 0
    vertex 5.480077743530273 5.480077743530273 0
  endloop
endfacet
facet normal 0 0 0
  outer loop
    vertex 5.480077743530273 -5.480077743530273 0
    vertex 5.480077743530273 5.480077743530273 0
    vertex 5.990830898284912 4.916547775268555 0
  endloop
endfacet
facet normal 0 0 0
  outer loop
    vertex 4.916547775268555 5.990830898284912 0
    vertex 4.850367546081543 2.0090880393981934 0
    vertex 4.630086421966553 2.474832773208618 0
  endloop
endfacet
facet normal 0 0 0
  outer loop
    vertex 4.916547775268555 5.990830898284912 0
    vertex 4.630086421966553 2.474832773208618 0
    vertex 4.365215301513672 2.916743755340576 0
  endloop
endfacet
facet normal 0 0 0
  outer loop
    vertex 5.480077743530273 5.480077743530273 0
    vertex 5.25 0 0
    vertex 5.224720001220703 0.5145899653434753 0
  endloop
endfacet
facet normal 0 0 0
  outer loop
    vertex 5.480077743530273 5.480077743530273 0
    vertex 5.224720001220703 0.5145899653434753 0
    vertex 5.149122714996338 1.0242241621017456 0
  endloop
endfacet
facet normal 0 0 0
  outer loop
    vertex 5.480077743530273 5.480077743530273 0
    vertex 5.149122714996338 1.0242241621017456 0
    vertex 5.023936748504639 1.5239945650100708 0
  endloop
endfacet
facet normal 0 0 0
  outer loop
    vertex 5.480077743530273 5.480077743530273 0
    vertex 5.023936748504639 1.5239945650100708 0
    vertex 4.850367546081543 2.0090880393981934 0
  endloop
endfacet
facet normal 0 0 0
  outer loop
    vertex 5.990830898284912 -4.916547775268555 0
    vertex 5.990830898284912 4.916547775268555 0
    vertex 6.443889617919922 4.30566930770874 0
  endloop
endfacet
facet normal 0 0 0
  outer loop
    vertex 6.443889617919922 -4.30566930770874 0
    vertex 6.443889617919922 4.30566930770874 0
    vertex 6.834889888763428 3.653324604034424 0
  endloop
endfacet
facet normal 0 0 0
  outer loop
    vertex 7.160066604614258 -2.965796709060669 0
    vertex 7.160066604614258 2.965796709060669 0
    vertex 7.416287422180176 2.249706268310547 0
  endloop
endfacet
facet normal 0 0 0
  outer loop
    vertex 7.712681770324707 -0.7596328258514404 0
    vertex 7.712681770324707 0.7596328258514404 0
    vertex 7.75 0 0
  endloop
endfacet
facet normal 0 0 0
  outer loop
    vertex 7.601086139678955 -1.5119500160217285 0
    vertex 7.601086139678955 1.5119500160217285 0
    vertex 7.712681770324707 0.7596328258514404 0
  endloop
endfacet
facet normal 0 0 0
  outer loop
    vertex 7.416287422180176 -2.249706268310547 0
    vertex 7.416287422180176 2.249706268310547 0
    vertex 7.601086139678955 1.5119500160217285 0
  endloop
endfacet
facet normal 0 0 0
  outer loop
    vertex 6.834889888763428 -3.653324604034424 0
    vertex 6.834889888763428 3.653324604034424 0
    vertex 7.160066604614258 2.965796709060669 0
  endloop
endfacet
facet normal 0 0 0
  outer loop
    vertex 7.75 0 0
    vertex 7.712681770324707 0.7596328258514404 0
    vertex 7.75 0 12
  endloop
endfacet
facet normal 0 0 0
  outer loop
    vertex 7.712681770324707 0.7596328258514404 0
    vertex 7.601086139678955 1.5119500160217285 0
    vertex 7.712681770324707 0.7596328258514404 12
  endloop
endfacet
facet normal 0 0 0
  outer loop
    vertex 7.601086139678955 1.5119500160217285 0
    vertex 7.416287422180176 2.249706268310547 0
    vertex 7.601086139678955 1.5119500160217285 12
  endloop
endfacet
facet normal 0 0 0
  outer loop
    vertex 6.834889888763428 3.653324604034424 0
    vertex 6.443889617919922 4.30566930770874 0
    vertex 6.834889888763428 3.653324604034424 12
  endloop
endfacet
facet normal 0 0 0
  outer loop
    vertex 7.416287422180176 2.249706268310547 0
    vertex 7.160066604614258 2.965796709060669 0
    vertex 7.416287422180176 2.249706268310547 12
  endloop
endfacet
facet normal 0 0 0
  outer loop
    vertex 7.160066604614258 2.965796709060669 0
    vertex 6.834889888763428 3.653324604034424 0
    vertex 7.160066604614258 2.965796709060669 12
  endloop
endfacet
facet normal 0 0 0
  outer loop
    vertex 7.712681770324707 0.7596328258514404 0
    vertex 7.712681770324707 0.7596328258514404 12
    vertex 7.75 0 12
  endloop
endfacet
facet normal 0 0 0
  outer loop
    vertex 7.601086139678955 1.5119500160217285 0
    vertex 7.601086139678955 1.5119500160217285 12
    vertex 7.712681770324707 0.7596328258514404 12
  endloop
endfacet
facet normal 0 0 0
  outer loop
    vertex 7.160066604614258 -2.965796709060669 12
    vertex 7.416287422180176 2.249706268310547 12
    vertex 7.160066604614258 2.965796709060669 12
  endloop
endfacet
facet normal 0 0 0
  outer loop
    vertex 7.712681770324707 -0.7596328258514404 12
    vertex 7.75 0 12
    vertex 7.712681770324707 0.7596328258514404 12
  endloop
endfacet
facet normal 0 0 0
  outer loop
    vertex 7.601086139678955 -1.5119500160217285 12
    vertex 7.712681770324707 0.7596328258514404 12
    vertex 7.601086139678955 1.5119500160217285 12
  endloop
endfacet
facet normal 0 0 0
  outer loop
    vertex 7.416287422180176 -2.249706268310547 12
    vertex 7.601086139678955 1.5119500160217285 12
    vertex 7.416287422180176 2.249706268310547 12
  endloop
endfacet
facet normal 0 0 0
  outer loop
    vertex 7 -3 12
    vertex 7.160066604614258 2.965796709060669 12
    vertex 7 3 12
  endloop
endfacet
facet normal 0 0 0
  outer loop
    vertex 7.160066604614258 2.965796709060669 0
    vertex 7.160066604614258 2.965796709060669 12
    vertex 7.416287422180176 2.249706268310547 12
  endloop
endfacet
facet normal 0 0 0
  outer loop
    vertex 7.416287422180176 2.249706268310547 0
    vertex 7.416287422180176 2.249706268310547 12
    vertex 7.601086139678955 1.5119500160217285 12
  endloop
endfacet
facet normal 0 0 0
  outer loop
    vertex 6.834889888763428 3.653324604034424 0
    vertex 6.834889888763428 3.653324604034424 12
    vertex 7.160066604614258 2.965796709060669 12
  endloop
endfacet
facet normal 0 0 0
  outer loop
    vertex 7 3 12
    vertex 6.834889888763428 3.653324604034424 12
    vertex 6.443889617919922 4.30566930770874 12
  endloop
endfacet
facet normal 0 0 0
  outer loop
    vertex 7 3 12
    vertex 7.160066604614258 2.965796709060669 12
    vertex 6.834889888763428 3.653324604034424 12
  endloop
endfacet
facet normal 0 0 0
  outer loop
    vertex 4.30566930770874 6.443889617919922 0
    vertex 4.058304786682129 3.3305647373199463 0
    vertex 3.712310552597046 3.712310552597046 0
  endloop
endfacet
facet normal 0 0 0
  outer loop
    vertex 4.916547775268555 5.990830898284912 0
    vertex 4.365215301513672 2.916743755340576 0
    vertex 4.058304786682129 3.3305647373199463 0
  endloop
endfacet
facet normal 0 0 0
  outer loop
    vertex 4.30566930770874 6.443889617919922 0
    vertex 4.916547775268555 5.990830898284912 0
    vertex 4.058304786682129 3.3305647373199463 0
  endloop
endfacet
facet normal 0 0 0
  outer loop
    vertex 5.480077743530273 5.480077743530273 0
    vertex 4.850367546081543 2.0090880393981934 0
    vertex 4.916547775268555 5.990830898284912 0
  endloop
endfacet
facet normal 0 0 0
  outer loop
    vertex 5.480077743530273 5.480077743530273 0
    vertex 4.916547775268555 5.990830898284912 0
    vertex 5.480077743530273 5.480077743530273 12
  endloop
endfacet
facet normal 0 0 0
  outer loop
    vertex 3.653324604034424 6.834889888763428 0
    vertex 4.30566930770874 6.443889617919922 12
    vertex 4.30566930770874 6.443889617919922 0
  endloop
endfacet
facet normal 0 0 0
  outer loop
    vertex 4.30566930770874 6.443889617919922 0
    vertex 4.916547775268555 5.990830898284912 12
    vertex 4.916547775268555 5.990830898284912 0
  endloop
endfacet
facet normal 0 0 0
  outer loop
    vertex 6.443889617919922 4.30566930770874 0
    vertex 5.990830898284912 4.916547775268555 0
    vertex 6.443889617919922 4.30566930770874 12
  endloop
endfacet
facet normal 0 0 0
  outer loop
    vertex 5.480077743530273 5.480077743530273 0
    vertex 5.990830898284912 4.916547775268555 12
    vertex 5.990830898284912 4.916547775268555 0
  endloop
endfacet
facet normal 0 0 0
  outer loop
    vertex 5.480077743530273 5.480077743530273 0
    vertex 5.480077743530273 5.480077743530273 12
    vertex 5.990830898284912 4.916547775268555 12
  endloop
endfacet
facet normal 0 0 0
  outer loop
    vertex 2.965796709060669 7.160066604614258 12
    vertex 7 3 12
    vertex 3.653324604034424 6.834889888763428 12
  endloop
endfacet
facet normal 0 0 0
  outer loop
    vertex 7 3 12
    vertex 5.480077743530273 5.480077743530273 12
    vertex 4.916547775268555 5.990830898284912 12
  endloop
endfacet
facet normal 0 0 0
  outer loop
    vertex 3.653324604034424 6.834889888763428 12
    vertex 7 3 12
    vertex 4.30566930770874 6.443889617919922 12
  endloop
endfacet
facet normal 0 0 0
  outer loop
    vertex 7 3 12
    vertex 4.916547775268555 5.990830898284912 12
    vertex 4.30566930770874 6.443889617919922 12
  endloop
endfacet
facet normal 0 0 0
  outer loop
    vertex 4.30566930770874 6.443889617919922 0
    vertex 4.30566930770874 6.443889617919922 12
    vertex 4.916547775268555 5.990830898284912 12
  endloop
endfacet
facet normal 0 0 0
  outer loop
    vertex 4.916547775268555 5.990830898284912 0
    vertex 4.916547775268555 5.990830898284912 12
    vertex 5.480077743530273 5.480077743530273 12
  endloop
endfacet
facet normal 0 0 0
  outer loop
    vertex 2.249706268310547 7.416287422180176 12
    vertex 7 3 12
    vertex 2.965796709060669 7.160066604614258 12
  endloop
endfacet
facet normal 0 0 0
  outer loop
    vertex 5.990830898284912 4.916547775268555 0
    vertex 5.990830898284912 4.916547775268555 12
    vertex 6.443889617919922 4.30566930770874 12
  endloop
endfacet
facet normal 0 0 0
  outer loop
    vertex 6.834889888763428 3.653324604034424 12
    vertex 6.443889617919922 4.30566930770874 0
    vertex 6.443889617919922 4.30566930770874 12
  endloop
endfacet
facet normal 0 0 0
  outer loop
    vertex 7 3 12
    vertex 5.990830898284912 4.916547775268555 12
    vertex 5.480077743530273 5.480077743530273 12
  endloop
endfacet
facet normal 0 0 0
  outer loop
    vertex 7 3 12
    vertex 6.443889617919922 4.30566930770874 12
    vertex 5.990830898284912 4.916547775268555 12
  endloop
endfacet
facet normal 0 0 0
  outer loop
    vertex -7 -3 12
    vertex -7 -3 28
    vertex -7 3 28
  endloop
endfacet
facet normal 0 0 0
  outer loop
    vertex -7 -3 12
    vertex 7 -3 12
    vertex -7 -3 28
  endloop
endfacet
facet normal 0 0 0
  outer loop
    vertex -7 -3 28
    vertex 7 -3 28
    vertex -7 3 28
  endloop
endfacet
facet normal 0 0 0
  outer loop
    vertex -7 -3 12
    vertex -7 3 28
    vertex -7 3 12
  endloop
endfacet
facet normal 0 0 0
  outer loop
    vertex -7 3 12
    vertex -7 3 28
    vertex 7 3 28
  endloop
endfacet
facet normal 0 0 0
  outer loop
    vertex -7 -3 28
    vertex 7 -3 12
    vertex 7 -3 28
  endloop
endfacet
facet normal 0 0 0
  outer loop
    vertex 7 -3 12
    vertex 7 3 12
    vertex 7 -3 28
  endloop
endfacet
facet normal 0 0 0
  outer loop
    vertex -7 3 12
    vertex 7 3 28
    vertex 7 3 12
  endloop
endfacet
facet normal 0 0 0
  outer loop
    vertex -7 3 28
    vertex 7 -3 28
    vertex 7 3 28
  endloop
endfacet
facet normal 0 0 0
  outer loop
    vertex 7 -3 28
    vertex 7 3 12
    vertex 7 3 28
  endloop
endfacet
facet normal 0 0 0
  outer loop
    vertex -4.058304786682129 -3.3305647373199463 9.199999809265137
    vertex -3.712310552597046 -3.712310552597046 0
    vertex -4.058304786682129 -3.3305647373199463 0
  endloop
endfacet
facet normal 0 0 0
  outer loop
    vertex -4.365215301513672 -2.916743755340576 9.199999809265137
    vertex -4.058304786682129 -3.3305647373199463 0
    vertex -4.365215301513672 -2.916743755340576 0
  endloop
endfacet
facet normal 0 0 0
  outer loop
    vertex -4.630086421966553 -2.474832773208618 9.199999809265137
    vertex -4.365215301513672 -2.916743755340576 0
    vertex -4.630086421966553 -2.474832773208618 0
  endloop
endfacet
facet normal 0 0 0
  outer loop
    vertex -4.850367546081543 -2.0090880393981934 9.199999809265137
    vertex -4.630086421966553 -2.474832773208618 0
    vertex -4.850367546081543 -2.0090880393981934 0
  endloop
endfacet
facet normal 0 0 0
  outer loop
    vertex -4.058304786682129 -3.3305647373199463 9.199999809265137
    vertex -4.058304786682129 -3.3305647373199463 0
    vertex -4.365215301513672 -2.916743755340576 9.199999809265137
  endloop
endfacet
facet normal 0 0 0
  outer loop
    vertex -4.365215301513672 -2.916743755340576 9.199999809265137
    vertex -4.365215301513672 -2.916743755340576 0
    vertex -4.630086421966553 -2.474832773208618 9.199999809265137
  endloop
endfacet
facet normal 0 0 0
  outer loop
    vertex -4.630086421966553 -2.474832773208618 9.199999809265137
    vertex -4.630086421966553 -2.474832773208618 0
    vertex -4.850367546081543 -2.0090880393981934 9.199999809265137
  endloop
endfacet
facet normal 0 0 0
  outer loop
    vertex -5.023936748504639 -1.5239945650100708 9.199999809265137
    vertex -4.850367546081543 -2.0090880393981934 0
    vertex -5.023936748504639 -1.5239945650100708 0
  endloop
endfacet
facet normal 0 0 0
  outer loop
    vertex -5.149122714996338 -1.0242241621017456 9.199999809265137
    vertex -5.023936748504639 -1.5239945650100708 0
    vertex -5.149122714996338 -1.0242241621017456 0
  endloop
endfacet
facet normal 0 0 0
  outer loop
    vertex -5.224720001220703 -0.5145899653434753 9.199999809265137
    vertex -5.149122714996338 -1.0242241621017456 0
    vertex -5.224720001220703 -0.5145899653434753 0
  endloop
endfacet
facet normal 0 0 0
  outer loop
    vertex -5.25 0 9.199999809265137
    vertex -5.224720001220703 -0.5145899653434753 0
    vertex -5.25 0 0
  endloop
endfacet
facet normal 0 0 0
  outer loop
    vertex -4.850367546081543 -2.0090880393981934 9.199999809265137
    vertex -4.850367546081543 -2.0090880393981934 0
    vertex -5.023936748504639 -1.5239945650100708 9.199999809265137
  endloop
endfacet
facet normal 0 0 0
  outer loop
    vertex -5.023936748504639 -1.5239945650100708 9.199999809265137
    vertex -5.023936748504639 -1.5239945650100708 0
    vertex -5.149122714996338 -1.0242241621017456 9.199999809265137
  endloop
endfacet
facet normal 0 0 0
  outer loop
    vertex -5.149122714996338 -1.0242241621017456 9.199999809265137
    vertex -5.149122714996338 -1.0242241621017456 0
    vertex -5.224720001220703 -0.5145899653434753 9.199999809265137
  endloop
endfacet
facet normal 0 0 0
  outer loop
    vertex -5.224720001220703 -0.5145899653434753 9.199999809265137
    vertex -5.224720001220703 -0.5145899653434753 0
    vertex -5.25 0 9.199999809265137
  endloop
endfacet
facet normal 0 0 0
  outer loop
    vertex -4.850367546081543 -2.0090880393981934 9.199999809265137
    vertex -5.023936748504639 -1.5239945650100708 9.199999809265137
    vertex -4.850367546081543 2.0090880393981934 9.199999809265137
  endloop
endfacet
facet normal 0 0 0
  outer loop
    vertex -5.149122714996338 -1.0242241621017456 9.199999809265137
    vertex -5.224720001220703 -0.5145899653434753 9.199999809265137
    vertex -5.149122714996338 1.0242241621017456 9.199999809265137
  endloop
endfacet
facet normal 0 0 0
  outer loop
    vertex -5.023936748504639 -1.5239945650100708 9.199999809265137
    vertex -5.149122714996338 -1.0242241621017456 9.199999809265137
    vertex -5.023936748504639 1.5239945650100708 9.199999809265137
  endloop
endfacet
facet normal 0 0 0
  outer loop
    vertex -4.058304786682129 -3.3305647373199463 9.199999809265137
    vertex -4.365215301513672 -2.916743755340576 9.199999809265137
    vertex -4.058304786682129 3.3305647373199463 9.199999809265137
  endloop
endfacet
facet normal 0 0 0
  outer loop
    vertex -4.630086421966553 -2.474832773208618 9.199999809265137
    vertex -4.850367546081543 -2.0090880393981934 9.199999809265137
    vertex -4.630086421966553 2.474832773208618 9.199999809265137
  endloop
endfacet
facet normal 0 0 0
  outer loop
    vertex -4.365215301513672 -2.916743755340576 9.199999809265137
    vertex -4.630086421966553 -2.474832773208618 9.199999809265137
    vertex -4.365215301513672 2.916743755340576 9.199999809265137
  endloop
endfacet
facet normal 0 0 0
  outer loop
    vertex -3.3305647373199463 -4.058304786682129 9.199999809265137
    vertex -2.916743755340576 -4.365215301513672 0
    vertex -3.3305647373199463 -4.058304786682129 0
  endloop
endfacet
facet normal 0 0 0
  outer loop
    vertex -2.916743755340576 -4.365215301513672 9.199999809265137
    vertex -2.474832773208618 -4.630086421966553 0
    vertex -2.916743755340576 -4.365215301513672 0
  endloop
endfacet
facet normal 0 0 0
  outer loop
    vertex -2.474832773208618 -4.630086421966553 9.199999809265137
    vertex -2.0090880393981934 -4.850367546081543 0
    vertex -2.474832773208618 -4.630086421966553 0
  endloop
endfacet
facet normal 0 0 0
  outer loop
    vertex -3.3305647373199463 -4.058304786682129 9.199999809265137
    vertex -3.3305647373199463 -4.058304786682129 0
    vertex -3.712310552597046 -3.712310552597046 9.199999809265137
  endloop
endfacet
facet normal 0 0 0
  outer loop
    vertex -3.3305647373199463 -4.058304786682129 9.199999809265137
    vertex -2.916743755340576 -4.365215301513672 9.199999809265137
    vertex -2.916743755340576 -4.365215301513672 0
  endloop
endfacet
facet normal 0 0 0
  outer loop
    vertex -2.916743755340576 -4.365215301513672 9.199999809265137
    vertex -2.474832773208618 -4.630086421966553 9.199999809265137
    vertex -2.474832773208618 -4.630086421966553 0
  endloop
endfacet
facet normal 0 0 0
  outer loop
    vertex -2.474832773208618 -4.630086421966553 9.199999809265137
    vertex -2.0090880393981934 -4.850367546081543 9.199999809265137
    vertex -2.0090880393981934 -4.850367546081543 0
  endloop
endfacet
facet normal 0 0 0
  outer loop
    vertex -2.0090880393981934 -4.850367546081543 9.199999809265137
    vertex -1.5239945650100708 -5.023936748504639 0
    vertex -2.0090880393981934 -4.850367546081543 0
  endloop
endfacet
facet normal 0 0 0
  outer loop
    vertex -1.5239945650100708 -5.023936748504639 9.199999809265137
    vertex -1.0242241621017456 -5.149122714996338 0
    vertex -1.5239945650100708 -5.023936748504639 0
  endloop
endfacet
facet normal 0 0 0
  outer loop
    vertex -1.0242241621017456 -5.149122714996338 9.199999809265137
    vertex -0.5145899653434753 -5.224720001220703 0
    vertex -1.0242241621017456 -5.149122714996338 0
  endloop
endfacet
facet normal 0 0 0
  outer loop
    vertex -0.5145899653434753 -5.224720001220703 9.199999809265137
    vertex 0 -5.25 0
    vertex -0.5145899653434753 -5.224720001220703 0
  endloop
endfacet
facet normal 0 0 0
  outer loop
    vertex -2.0090880393981934 -4.850367546081543 9.199999809265137
    vertex -1.5239945650100708 -5.023936748504639 9.199999809265137
    vertex -1.5239945650100708 -5.023936748504639 0
  endloop
endfacet
facet normal 0 0 0
  outer loop
    vertex -1.5239945650100708 -5.023936748504639 9.199999809265137
    vertex -1.0242241621017456 -5.149122714996338 9.199999809265137
    vertex -1.0242241621017456 -5.149122714996338 0
  endloop
endfacet
facet normal 0 0 0
  outer loop
    vertex -1.0242241621017456 -5.149122714996338 9.199999809265137
    vertex -0.5145899653434753 -5.224720001220703 9.199999809265137
    vertex -0.5145899653434753 -5.224720001220703 0
  endloop
endfacet
facet normal 0 0 0
  outer loop
    vertex -0.5145899653434753 -5.224720001220703 9.199999809265137
    vertex 0 -5.25 9.199999809265137
    vertex 0 -5.25 0
  endloop
endfacet
facet normal 0 0 0
  outer loop
    vertex -3.712310552597046 -3.712310552597046 9.199999809265137
    vertex -3.3305647373199463 -4.058304786682129 0
    vertex -3.712310552597046 -3.712310552597046 0
  endloop
endfacet
facet normal 0 0 0
  outer loop
    vertex -4.058304786682129 -3.3305647373199463 9.199999809265137
    vertex -3.712310552597046 -3.712310552597046 9.199999809265137
    vertex -3.712310552597046 -3.712310552597046 0
  endloop
endfacet
facet normal 0 0 0
  outer loop
    vertex -4.058304786682129 -3.3305647373199463 9.199999809265137
    vertex -3.712310552597046 3.712310552597046 9.199999809265137
    vertex -3.712310552597046 -3.712310552597046 9.199999809265137
  endloop
endfacet
facet normal 0 0 0
  outer loop
    vertex -3.3305647373199463 -4.058304786682129 9.199999809265137
    vertex -3.712310552597046 -3.712310552597046 9.199999809265137
    vertex -3.3305647373199463 4.058304786682129 9.199999809265137
  endloop
endfacet
facet normal 0 0 0
  outer loop
    vertex -3.3305647373199463 -4.058304786682129 9.199999809265137
    vertex -2.916743755340576 4.365215301513672 9.199999809265137
    vertex -2.916743755340576 -4.365215301513672 9.199999809265137
  endloop
endfacet
facet normal 0 0 0
  outer loop
    vertex -2.916743755340576 -4.365215301513672 9.199999809265137
    vertex -2.474832773208618 4.630086421966553 9.199999809265137
    vertex -2.474832773208618 -4.630086421966553 9.199999809265137
  endloop
endfacet
facet normal 0 0 0
  outer loop
    vertex -2.474832773208618 -4.630086421966553 9.199999809265137
    vertex -2.0090880393981934 4.850367546081543 9.199999809265137
    vertex -2.0090880393981934 -4.850367546081543 9.199999809265137
  endloop
endfacet
facet normal 0 0 0
  outer loop
    vertex -2.0090880393981934 -4.850367546081543 9.199999809265137
    vertex -1.5239945650100708 5.023936748504639 9.199999809265137
    vertex -1.5239945650100708 -5.023936748504639 9.199999809265137
  endloop
endfacet
facet normal 0 0 0
  outer loop
    vertex -1.5239945650100708 -5.023936748504639 9.199999809265137
    vertex -1.0242241621017456 5.149122714996338 9.199999809265137
    vertex -1.0242241621017456 -5.149122714996338 9.199999809265137
  endloop
endfacet
facet normal 0 0 0
  outer loop
    vertex -1.0242241621017456 -5.149122714996338 9.199999809265137
    vertex -0.5145899653434753 5.224720001220703 9.199999809265137
    vertex -0.5145899653434753 -5.224720001220703 9.199999809265137
  endloop
endfacet
facet normal 0 0 0
  outer loop
    vertex -0.5145899653434753 -5.224720001220703 9.199999809265137
    vertex 0 5.25 9.199999809265137
    vertex 0 -5.25 9.199999809265137
  endloop
endfacet
facet normal 0 0 0
  outer loop
    vertex -5.224720001220703 0.5145899653434753 9.199999809265137
    vertex -5.25 0 0
    vertex -5.224720001220703 0.5145899653434753 0
  endloop
endfacet
facet normal 0 0 0
  outer loop
    vertex -5.149122714996338 1.0242241621017456 9.199999809265137
    vertex -5.224720001220703 0.5145899653434753 0
    vertex -5.149122714996338 1.0242241621017456 0
  endloop
endfacet
facet normal 0 0 0
  outer loop
    vertex -5.023936748504639 1.5239945650100708 9.199999809265137
    vertex -5.149122714996338 1.0242241621017456 0
    vertex -5.023936748504639 1.5239945650100708 0
  endloop
endfacet
facet normal 0 0 0
  outer loop
    vertex -4.850367546081543 2.0090880393981934 9.199999809265137
    vertex -5.023936748504639 1.5239945650100708 0
    vertex -4.850367546081543 2.0090880393981934 0
  endloop
endfacet
facet normal 0 0 0
  outer loop
    vertex -5.25 0 9.199999809265137
    vertex -5.25 0 0
    vertex -5.224720001220703 0.5145899653434753 9.199999809265137
  endloop
endfacet
facet normal 0 0 0
  outer loop
    vertex -5.224720001220703 0.5145899653434753 9.199999809265137
    vertex -5.224720001220703 0.5145899653434753 0
    vertex -5.149122714996338 1.0242241621017456 9.199999809265137
  endloop
endfacet
facet normal 0 0 0
  outer loop
    vertex -5.149122714996338 1.0242241621017456 9.199999809265137
    vertex -5.149122714996338 1.0242241621017456 0
    vertex -5.023936748504639 1.5239945650100708 9.199999809265137
  endloop
endfacet
facet normal 0 0 0
  outer loop
    vertex -5.023936748504639 1.5239945650100708 9.199999809265137
    vertex -5.023936748504639 1.5239945650100708 0
    vertex -4.850367546081543 2.0090880393981934 9.199999809265137
  endloop
endfacet
facet normal 0 0 0
  outer loop
    vertex -4.630086421966553 2.474832773208618 9.199999809265137
    vertex -4.850367546081543 2.0090880393981934 0
    vertex -4.630086421966553 2.474832773208618 0
  endloop
endfacet
facet normal 0 0 0
  outer loop
    vertex -4.365215301513672 2.916743755340576 9.199999809265137
    vertex -4.630086421966553 2.474832773208618 0
    vertex -4.365215301513672 2.916743755340576 0
  endloop
endfacet
facet normal 0 0 0
  outer loop
    vertex -4.058304786682129 3.3305647373199463 9.199999809265137
    vertex -4.365215301513672 2.916743755340576 0
    vertex -4.058304786682129 3.3305647373199463 0
  endloop
endfacet
facet normal 0 0 0
  outer loop
    vertex -4.850367546081543 2.0090880393981934 9.199999809265137
    vertex -4.850367546081543 2.0090880393981934 0
    vertex -4.630086421966553 2.474832773208618 9.199999809265137
  endloop
endfacet
facet normal 0 0 0
  outer loop
    vertex -4.630086421966553 2.474832773208618 9.199999809265137
    vertex -4.630086421966553 2.474832773208618 0
    vertex -4.365215301513672 2.916743755340576 9.199999809265137
  endloop
endfacet
facet normal 0 0 0
  outer loop
    vertex -4.365215301513672 2.916743755340576 9.199999809265137
    vertex -4.365215301513672 2.916743755340576 0
    vertex -4.058304786682129 3.3305647373199463 9.199999809265137
  endloop
endfacet
facet normal 0 0 0
  outer loop
    vertex -4.058304786682129 3.3305647373199463 9.199999809265137
    vertex -4.058304786682129 3.3305647373199463 0
    vertex -3.712310552597046 3.712310552597046 9.199999809265137
  endloop
endfacet
facet normal 0 0 0
  outer loop
    vertex -5.224720001220703 -0.5145899653434753 9.199999809265137
    vertex -5.25 0 9.199999809265137
    vertex -5.224720001220703 0.5145899653434753 9.199999809265137
  endloop
endfacet
facet normal 0 0 0
  outer loop
    vertex -5.224720001220703 -0.5145899653434753 9.199999809265137
    vertex -5.224720001220703 0.5145899653434753 9.199999809265137
    vertex -5.149122714996338 1.0242241621017456 9.199999809265137
  endloop
endfacet
facet normal 0 0 0
  outer loop
    vertex -5.149122714996338 -1.0242241621017456 9.199999809265137
    vertex -5.149122714996338 1.0242241621017456 9.199999809265137
    vertex -5.023936748504639 1.5239945650100708 9.199999809265137
  endloop
endfacet
facet normal 0 0 0
  outer loop
    vertex -5.023936748504639 -1.5239945650100708 9.199999809265137
    vertex -5.023936748504639 1.5239945650100708 9.199999809265137
    vertex -4.850367546081543 2.0090880393981934 9.199999809265137
  endloop
endfacet
facet normal 0 0 0
  outer loop
    vertex -4.850367546081543 -2.0090880393981934 9.199999809265137
    vertex -4.850367546081543 2.0090880393981934 9.199999809265137
    vertex -4.630086421966553 2.474832773208618 9.199999809265137
  endloop
endfacet
facet normal 0 0 0
  outer loop
    vertex -4.630086421966553 -2.474832773208618 9.199999809265137
    vertex -4.630086421966553 2.474832773208618 9.199999809265137
    vertex -4.365215301513672 2.916743755340576 9.199999809265137
  endloop
endfacet
facet normal 0 0 0
  outer loop
    vertex -4.365215301513672 -2.916743755340576 9.199999809265137
    vertex -4.365215301513672 2.916743755340576 9.199999809265137
    vertex -4.058304786682129 3.3305647373199463 9.199999809265137
  endloop
endfacet
facet normal 0 0 0
  outer loop
    vertex -4.058304786682129 -3.3305647373199463 9.199999809265137
    vertex -4.058304786682129 3.3305647373199463 9.199999809265137
    vertex -3.712310552597046 3.712310552597046 9.199999809265137
  endloop
endfacet
facet normal 0 0 0
  outer loop
    vertex -3.712310552597046 3.712310552597046 9.199999809265137
    vertex -4.058304786682129 3.3305647373199463 0
    vertex -3.712310552597046 3.712310552597046 0
  endloop
endfacet
facet normal 0 0 0
  outer loop
    vertex -3.712310552597046 3.712310552597046 9.199999809265137
    vertex -3.712310552597046 3.712310552597046 0
    vertex -3.3305647373199463 4.058304786682129 9.199999809265137
  endloop
endfacet
facet normal 0 0 0
  outer loop
    vertex -3.712310552597046 -3.712310552597046 9.199999809265137
    vertex -3.712310552597046 3.712310552597046 9.199999809265137
    vertex -3.3305647373199463 4.058304786682129 9.199999809265137
  endloop
endfacet
facet normal 0 0 0
  outer loop
    vertex -3.3305647373199463 -4.058304786682129 9.199999809265137
    vertex -3.3305647373199463 4.058304786682129 9.199999809265137
    vertex -2.916743755340576 4.365215301513672 9.199999809265137
  endloop
endfacet
facet normal 0 0 0
  outer loop
    vertex -2.916743755340576 -4.365215301513672 9.199999809265137
    vertex -2.916743755340576 4.365215301513672 9.199999809265137
    vertex -2.474832773208618 4.630086421966553 9.199999809265137
  endloop
endfacet
facet normal 0 0 0
  outer loop
    vertex -2.474832773208618 -4.630086421966553 9.199999809265137
    vertex -2.474832773208618 4.630086421966553 9.199999809265137
    vertex -2.0090880393981934 4.850367546081543 9.199999809265137
  endloop
endfacet
facet normal 0 0 0
  outer loop
    vertex -2.0090880393981934 -4.850367546081543 9.199999809265137
    vertex -2.0090880393981934 4.850367546081543 9.199999809265137
    vertex -1.5239945650100708 5.023936748504639 9.199999809265137
  endloop
endfacet
facet normal 0 0 0
  outer loop
    vertex -1.5239945650100708 -5.023936748504639 9.199999809265137
    vertex -1.5239945650100708 5.023936748504639 9.199999809265137
    vertex -1.0242241621017456 5.149122714996338 9.199999809265137
  endloop
endfacet
facet normal 0 0 0
  outer loop
    vertex -1.0242241621017456 -5.149122714996338 9.199999809265137
    vertex -1.0242241621017456 5.149122714996338 9.199999809265137
    vertex -0.5145899653434753 5.224720001220703 9.199999809265137
  endloop
endfacet
facet normal 0 0 0
  outer loop
    vertex -0.5145899653434753 -5.224720001220703 9.199999809265137
    vertex -0.5145899653434753 5.224720001220703 9.199999809265137
    vertex 0 5.25 9.199999809265137
  endloop
endfacet
facet normal 0 0 0
  outer loop
    vertex -3.3305647373199463 4.058304786682129 9.199999809265137
    vertex -3.712310552597046 3.712310552597046 0
    vertex -3.3305647373199463 4.058304786682129 0
  endloop
endfacet
facet normal 0 0 0
  outer loop
    vertex -2.916743755340576 4.365215301513672 9.199999809265137
    vertex -3.3305647373199463 4.058304786682129 0
    vertex -2.916743755340576 4.365215301513672 0
  endloop
endfacet
facet normal 0 0 0
  outer loop
    vertex -2.474832773208618 4.630086421966553 9.199999809265137
    vertex -2.916743755340576 4.365215301513672 0
    vertex -2.474832773208618 4.630086421966553 0
  endloop
endfacet
facet normal 0 0 0
  outer loop
    vertex -2.0090880393981934 4.850367546081543 9.199999809265137
    vertex -2.474832773208618 4.630086421966553 0
    vertex -2.0090880393981934 4.850367546081543 0
  endloop
endfacet
facet normal 0 0 0
  outer loop
    vertex -3.3305647373199463 4.058304786682129 9.199999809265137
    vertex -3.3305647373199463 4.058304786682129 0
    vertex -2.916743755340576 4.365215301513672 9.199999809265137
  endloop
endfacet
facet normal 0 0 0
  outer loop
    vertex -2.916743755340576 4.365215301513672 9.199999809265137
    vertex -2.916743755340576 4.365215301513672 0
    vertex -2.474832773208618 4.630086421966553 9.199999809265137
  endloop
endfacet
facet normal 0 0 0
  outer loop
    vertex -2.474832773208618 4.630086421966553 9.199999809265137
    vertex -2.474832773208618 4.630086421966553 0
    vertex -2.0090880393981934 4.850367546081543 9.199999809265137
  endloop
endfacet
facet normal 0 0 0
  outer loop
    vertex -1.5239945650100708 5.023936748504639 9.199999809265137
    vertex -2.0090880393981934 4.850367546081543 0
    vertex -1.5239945650100708 5.023936748504639 0
  endloop
endfacet
facet normal 0 0 0
  outer loop
    vertex -1.0242241621017456 5.149122714996338 9.199999809265137
    vertex -1.5239945650100708 5.023936748504639 0
    vertex -1.0242241621017456 5.149122714996338 0
  endloop
endfacet
facet normal 0 0 0
  outer loop
    vertex -0.5145899653434753 5.224720001220703 9.199999809265137
    vertex -1.0242241621017456 5.149122714996338 0
    vertex -0.5145899653434753 5.224720001220703 0
  endloop
endfacet
facet normal 0 0 0
  outer loop
    vertex 0 5.25 9.199999809265137
    vertex -0.5145899653434753 5.224720001220703 0
    vertex 0 5.25 0
  endloop
endfacet
facet normal 0 0 0
  outer loop
    vertex -2.0090880393981934 4.850367546081543 9.199999809265137
    vertex -2.0090880393981934 4.850367546081543 0
    vertex -1.5239945650100708 5.023936748504639 9.199999809265137
  endloop
endfacet
facet normal 0 0 0
  outer loop
    vertex -1.5239945650100708 5.023936748504639 9.199999809265137
    vertex -1.5239945650100708 5.023936748504639 0
    vertex -1.0242241621017456 5.149122714996338 9.199999809265137
  endloop
endfacet
facet normal 0 0 0
  outer loop
    vertex -1.0242241621017456 5.149122714996338 9.199999809265137
    vertex -1.0242241621017456 5.149122714996338 0
    vertex -0.5145899653434753 5.224720001220703 9.199999809265137
  endloop
endfacet
facet normal 0 0 0
  outer loop
    vertex -0.5145899653434753 5.224720001220703 9.199999809265137
    vertex -0.5145899653434753 5.224720001220703 0
    vertex 0 5.25 9.199999809265137
  endloop
endfacet
facet normal 0 0 0
  outer loop
    vertex 0 -5.25 9.199999809265137
    vertex 0.5145899653434753 -5.224720001220703 0
    vertex 0 -5.25 0
  endloop
endfacet
facet normal 0 0 0
  outer loop
    vertex 0.5145899653434753 -5.224720001220703 9.199999809265137
    vertex 1.0242241621017456 -5.149122714996338 0
    vertex 0.5145899653434753 -5.224720001220703 0
  endloop
endfacet
facet normal 0 0 0
  outer loop
    vertex 1.0242241621017456 -5.149122714996338 9.199999809265137
    vertex 1.5239945650100708 -5.023936748504639 0
    vertex 1.0242241621017456 -5.149122714996338 0
  endloop
endfacet
facet normal 0 0 0
  outer loop
    vertex 1.5239945650100708 -5.023936748504639 9.199999809265137
    vertex 2.0090880393981934 -4.850367546081543 0
    vertex 1.5239945650100708 -5.023936748504639 0
  endloop
endfacet
facet normal 0 0 0
  outer loop
    vertex 0 -5.25 9.199999809265137
    vertex 0.5145899653434753 -5.224720001220703 9.199999809265137
    vertex 0.5145899653434753 -5.224720001220703 0
  endloop
endfacet
facet normal 0 0 0
  outer loop
    vertex 0.5145899653434753 -5.224720001220703 9.199999809265137
    vertex 1.0242241621017456 -5.149122714996338 9.199999809265137
    vertex 1.0242241621017456 -5.149122714996338 0
  endloop
endfacet
facet normal 0 0 0
  outer loop
    vertex 1.0242241621017456 -5.149122714996338 9.199999809265137
    vertex 1.5239945650100708 -5.023936748504639 9.199999809265137
    vertex 1.5239945650100708 -5.023936748504639 0
  endloop
endfacet
facet normal 0 0 0
  outer loop
    vertex 1.5239945650100708 -5.023936748504639 9.199999809265137
    vertex 2.0090880393981934 -4.850367546081543 9.199999809265137
    vertex 2.0090880393981934 -4.850367546081543 0
  endloop
endfacet
facet normal 0 0 0
  outer loop
    vertex 2.0090880393981934 -4.850367546081543 9.199999809265137
    vertex 2.474832773208618 -4.630086421966553 0
    vertex 2.0090880393981934 -4.850367546081543 0
  endloop
endfacet
facet normal 0 0 0
  outer loop
    vertex 2.474832773208618 -4.630086421966553 9.199999809265137
    vertex 2.916743755340576 -4.365215301513672 0
    vertex 2.474832773208618 -4.630086421966553 0
  endloop
endfacet
facet normal 0 0 0
  outer loop
    vertex 2.916743755340576 -4.365215301513672 9.199999809265137
    vertex 3.3305647373199463 -4.058304786682129 0
    vertex 2.916743755340576 -4.365215301513672 0
  endloop
endfacet
facet normal 0 0 0
  outer loop
    vertex 3.3305647373199463 -4.058304786682129 9.199999809265137
    vertex 3.712310552597046 -3.712310552597046 0
    vertex 3.3305647373199463 -4.058304786682129 0
  endloop
endfacet
facet normal 0 0 0
  outer loop
    vertex 2.0090880393981934 -4.850367546081543 9.199999809265137
    vertex 2.474832773208618 -4.630086421966553 9.199999809265137
    vertex 2.474832773208618 -4.630086421966553 0
  endloop
endfacet
facet normal 0 0 0
  outer loop
    vertex 2.474832773208618 -4.630086421966553 9.199999809265137
    vertex 2.916743755340576 -4.365215301513672 9.199999809265137
    vertex 2.916743755340576 -4.365215301513672 0
  endloop
endfacet
facet normal 0 0 0
  outer loop
    vertex 2.916743755340576 -4.365215301513672 9.199999809265137
    vertex 3.3305647373199463 -4.058304786682129 9.199999809265137
    vertex 3.3305647373199463 -4.058304786682129 0
  endloop
endfacet
facet normal 0 0 0
  outer loop
    vertex 3.712310552597046 -3.712310552597046 9.199999809265137
    vertex 4.058304786682129 -3.3305647373199463 0
    vertex 3.712310552597046 -3.712310552597046 0
  endloop
endfacet
facet normal 0 0 0
  outer loop
    vertex 3.3305647373199463 -4.058304786682129 9.199999809265137
    vertex 3.712310552597046 -3.712310552597046 9.199999809265137
    vertex 3.712310552597046 -3.712310552597046 0
  endloop
endfacet
facet normal 0 0 0
  outer loop
    vertex 0 -5.25 9.199999809265137
    vertex 0.5145899653434753 5.224720001220703 9.199999809265137
    vertex 0.5145899653434753 -5.224720001220703 9.199999809265137
  endloop
endfacet
facet normal 0 0 0
  outer loop
    vertex 0.5145899653434753 -5.224720001220703 9.199999809265137
    vertex 1.0242241621017456 5.149122714996338 9.199999809265137
    vertex 1.0242241621017456 -5.149122714996338 9.199999809265137
  endloop
endfacet
facet normal 0 0 0
  outer loop
    vertex 1.0242241621017456 -5.149122714996338 9.199999809265137
    vertex 1.5239945650100708 5.023936748504639 9.199999809265137
    vertex 1.5239945650100708 -5.023936748504639 9.199999809265137
  endloop
endfacet
facet normal 0 0 0
  outer loop
    vertex 1.5239945650100708 -5.023936748504639 9.199999809265137
    vertex 2.0090880393981934 4.850367546081543 9.199999809265137
    vertex 2.0090880393981934 -4.850367546081543 9.199999809265137
  endloop
endfacet
facet normal 0 0 0
  outer loop
    vertex 2.0090880393981934 -4.850367546081543 9.199999809265137
    vertex 2.474832773208618 4.630086421966553 9.199999809265137
    vertex 2.474832773208618 -4.630086421966553 9.199999809265137
  endloop
endfacet
facet normal 0 0 0
  outer loop
    vertex 2.474832773208618 -4.630086421966553 9.199999809265137
    vertex 2.916743755340576 4.365215301513672 9.199999809265137
    vertex 2.916743755340576 -4.365215301513672 9.199999809265137
  endloop
endfacet
facet normal 0 0 0
  outer loop
    vertex 2.916743755340576 -4.365215301513672 9.199999809265137
    vertex 3.3305647373199463 4.058304786682129 9.199999809265137
    vertex 3.3305647373199463 -4.058304786682129 9.199999809265137
  endloop
endfacet
facet normal 0 0 0
  outer loop
    vertex 3.3305647373199463 -4.058304786682129 9.199999809265137
    vertex 3.712310552597046 3.712310552597046 9.199999809265137
    vertex 3.712310552597046 -3.712310552597046 9.199999809265137
  endloop
endfacet
facet normal 0 0 0
  outer loop
    vertex 4.058304786682129 -3.3305647373199463 9.199999809265137
    vertex 4.365215301513672 -2.916743755340576 0
    vertex 4.058304786682129 -3.3305647373199463 0
  endloop
endfacet
facet normal 0 0 0
  outer loop
    vertex 4.365215301513672 -2.916743755340576 9.199999809265137
    vertex 4.630086421966553 -2.474832773208618 0
    vertex 4.365215301513672 -2.916743755340576 0
  endloop
endfacet
facet normal 0 0 0
  outer loop
    vertex 4.630086421966553 -2.474832773208618 9.199999809265137
    vertex 4.850367546081543 -2.0090880393981934 0
    vertex 4.630086421966553 -2.474832773208618 0
  endloop
endfacet
facet normal 0 0 0
  outer loop
    vertex 3.712310552597046 -3.712310552597046 9.199999809265137
    vertex 4.058304786682129 -3.3305647373199463 9.199999809265137
    vertex 4.058304786682129 -3.3305647373199463 0
  endloop
endfacet
facet normal 0 0 0
  outer loop
    vertex 4.058304786682129 -3.3305647373199463 9.199999809265137
    vertex 4.365215301513672 -2.916743755340576 9.199999809265137
    vertex 4.365215301513672 -2.916743755340576 0
  endloop
endfacet
facet normal 0 0 0
  outer loop
    vertex 4.365215301513672 -2.916743755340576 9.199999809265137
    vertex 4.630086421966553 -2.474832773208618 9.199999809265137
    vertex 4.630086421966553 -2.474832773208618 0
  endloop
endfacet
facet normal 0 0 0
  outer loop
    vertex 4.630086421966553 -2.474832773208618 9.199999809265137
    vertex 4.850367546081543 -2.0090880393981934 9.199999809265137
    vertex 4.850367546081543 -2.0090880393981934 0
  endloop
endfacet
facet normal 0 0 0
  outer loop
    vertex 4.850367546081543 -2.0090880393981934 9.199999809265137
    vertex 5.023936748504639 -1.5239945650100708 0
    vertex 4.850367546081543 -2.0090880393981934 0
  endloop
endfacet
facet normal 0 0 0
  outer loop
    vertex 5.023936748504639 -1.5239945650100708 9.199999809265137
    vertex 5.149122714996338 -1.0242241621017456 0
    vertex 5.023936748504639 -1.5239945650100708 0
  endloop
endfacet
facet normal 0 0 0
  outer loop
    vertex 5.149122714996338 -1.0242241621017456 9.199999809265137
    vertex 5.224720001220703 -0.5145899653434753 0
    vertex 5.149122714996338 -1.0242241621017456 0
  endloop
endfacet
facet normal 0 0 0
  outer loop
    vertex 5.224720001220703 -0.5145899653434753 9.199999809265137
    vertex 5.25 0 0
    vertex 5.224720001220703 -0.5145899653434753 0
  endloop
endfacet
facet normal 0 0 0
  outer loop
    vertex 4.850367546081543 -2.0090880393981934 9.199999809265137
    vertex 5.023936748504639 -1.5239945650100708 9.199999809265137
    vertex 5.023936748504639 -1.5239945650100708 0
  endloop
endfacet
facet normal 0 0 0
  outer loop
    vertex 5.023936748504639 -1.5239945650100708 9.199999809265137
    vertex 5.149122714996338 -1.0242241621017456 9.199999809265137
    vertex 5.149122714996338 -1.0242241621017456 0
  endloop
endfacet
facet normal 0 0 0
  outer loop
    vertex 5.149122714996338 -1.0242241621017456 9.199999809265137
    vertex 5.224720001220703 -0.5145899653434753 9.199999809265137
    vertex 5.224720001220703 -0.5145899653434753 0
  endloop
endfacet
facet normal 0 0 0
  outer loop
    vertex 5.224720001220703 -0.5145899653434753 9.199999809265137
    vertex 5.25 0 9.199999809265137
    vertex 5.25 0 0
  endloop
endfacet
facet normal 0 0 0
  outer loop
    vertex 3.712310552597046 -3.712310552597046 9.199999809265137
    vertex 4.058304786682129 3.3305647373199463 9.199999809265137
    vertex 4.058304786682129 -3.3305647373199463 9.199999809265137
  endloop
endfacet
facet normal 0 0 0
  outer loop
    vertex 4.058304786682129 -3.3305647373199463 9.199999809265137
    vertex 4.365215301513672 2.916743755340576 9.199999809265137
    vertex 4.365215301513672 -2.916743755340576 9.199999809265137
  endloop
endfacet
facet normal 0 0 0
  outer loop
    vertex 4.365215301513672 -2.916743755340576 9.199999809265137
    vertex 4.630086421966553 2.474832773208618 9.199999809265137
    vertex 4.630086421966553 -2.474832773208618 9.199999809265137
  endloop
endfacet
facet normal 0 0 0
  outer loop
    vertex 4.630086421966553 -2.474832773208618 9.199999809265137
    vertex 4.850367546081543 2.0090880393981934 9.199999809265137
    vertex 4.850367546081543 -2.0090880393981934 9.199999809265137
  endloop
endfacet
facet normal 0 0 0
  outer loop
    vertex 4.850367546081543 -2.0090880393981934 9.199999809265137
    vertex 5.023936748504639 1.5239945650100708 9.199999809265137
    vertex 5.023936748504639 -1.5239945650100708 9.199999809265137
  endloop
endfacet
facet normal 0 0 0
  outer loop
    vertex 5.023936748504639 -1.5239945650100708 9.199999809265137
    vertex 5.149122714996338 1.0242241621017456 9.199999809265137
    vertex 5.149122714996338 -1.0242241621017456 9.199999809265137
  endloop
endfacet
facet normal 0 0 0
  outer loop
    vertex 5.149122714996338 -1.0242241621017456 9.199999809265137
    vertex 5.224720001220703 0.5145899653434753 9.199999809265137
    vertex 5.224720001220703 -0.5145899653434753 9.199999809265137
  endloop
endfacet
facet normal 0 0 0
  outer loop
    vertex 3.712310552597046 3.712310552597046 9.199999809265137
    vertex 3.3305647373199463 4.058304786682129 0
    vertex 3.712310552597046 3.712310552597046 0
  endloop
endfacet
facet normal 0 0 0
  outer loop
    vertex 3.712310552597046 3.712310552597046 9.199999809265137
    vertex 3.712310552597046 3.712310552597046 0
    vertex 4.058304786682129 3.3305647373199463 9.199999809265137
  endloop
endfacet
facet normal 0 0 0
  outer loop
    vertex 0 -5.25 9.199999809265137
    vertex 0 5.25 9.199999809265137
    vertex 0.5145899653434753 5.224720001220703 9.199999809265137
  endloop
endfacet
facet normal 0 0 0
  outer loop
    vertex 0.5145899653434753 -5.224720001220703 9.199999809265137
    vertex 0.5145899653434753 5.224720001220703 9.199999809265137
    vertex 1.0242241621017456 5.149122714996338 9.199999809265137
  endloop
endfacet
facet normal 0 0 0
  outer loop
    vertex 1.0242241621017456 -5.149122714996338 9.199999809265137
    vertex 1.0242241621017456 5.149122714996338 9.199999809265137
    vertex 1.5239945650100708 5.023936748504639 9.199999809265137
  endloop
endfacet
facet normal 0 0 0
  outer loop
    vertex 1.5239945650100708 -5.023936748504639 9.199999809265137
    vertex 1.5239945650100708 5.023936748504639 9.199999809265137
    vertex 2.0090880393981934 4.850367546081543 9.199999809265137
  endloop
endfacet
facet normal 0 0 0
  outer loop
    vertex 2.0090880393981934 -4.850367546081543 9.199999809265137
    vertex 2.0090880393981934 4.850367546081543 9.199999809265137
    vertex 2.474832773208618 4.630086421966553 9.199999809265137
  endloop
endfacet
facet normal 0 0 0
  outer loop
    vertex 2.474832773208618 -4.630086421966553 9.199999809265137
    vertex 2.474832773208618 4.630086421966553 9.199999809265137
    vertex 2.916743755340576 4.365215301513672 9.199999809265137
  endloop
endfacet
facet normal 0 0 0
  outer loop
    vertex 2.916743755340576 -4.365215301513672 9.199999809265137
    vertex 2.916743755340576 4.365215301513672 9.199999809265137
    vertex 3.3305647373199463 4.058304786682129 9.199999809265137
  endloop
endfacet
facet normal 0 0 0
  outer loop
    vertex 3.3305647373199463 -4.058304786682129 9.199999809265137
    vertex 3.3305647373199463 4.058304786682129 9.199999809265137
    vertex 3.712310552597046 3.712310552597046 9.199999809265137
  endloop
endfacet
facet normal 0 0 0
  outer loop
    vertex 3.712310552597046 -3.712310552597046 9.199999809265137
    vertex 3.712310552597046 3.712310552597046 9.199999809265137
    vertex 4.058304786682129 3.3305647373199463 9.199999809265137
  endloop
endfacet
facet normal 0 0 0
  outer loop
    vertex 0.5145899653434753 5.224720001220703 9.199999809265137
    vertex 0 5.25 0
    vertex 0.5145899653434753 5.224720001220703 0
  endloop
endfacet
facet normal 0 0 0
  outer loop
    vertex 1.0242241621017456 5.149122714996338 9.199999809265137
    vertex 0.5145899653434753 5.224720001220703 0
    vertex 1.0242241621017456 5.149122714996338 0
  endloop
endfacet
facet normal 0 0 0
  outer loop
    vertex 1.5239945650100708 5.023936748504639 9.199999809265137
    vertex 1.0242241621017456 5.149122714996338 0
    vertex 1.5239945650100708 5.023936748504639 0
  endloop
endfacet
facet normal 0 0 0
  outer loop
    vertex 2.0090880393981934 4.850367546081543 9.199999809265137
    vertex 1.5239945650100708 5.023936748504639 0
    vertex 2.0090880393981934 4.850367546081543 0
  endloop
endfacet
facet normal 0 0 0
  outer loop
    vertex 0 5.25 9.199999809265137
    vertex 0 5.25 0
    vertex 0.5145899653434753 5.224720001220703 9.199999809265137
  endloop
endfacet
facet normal 0 0 0
  outer loop
    vertex 0.5145899653434753 5.224720001220703 9.199999809265137
    vertex 0.5145899653434753 5.224720001220703 0
    vertex 1.0242241621017456 5.149122714996338 9.199999809265137
  endloop
endfacet
facet normal 0 0 0
  outer loop
    vertex 1.0242241621017456 5.149122714996338 9.199999809265137
    vertex 1.0242241621017456 5.149122714996338 0
    vertex 1.5239945650100708 5.023936748504639 9.199999809265137
  endloop
endfacet
facet normal 0 0 0
  outer loop
    vertex 1.5239945650100708 5.023936748504639 9.199999809265137
    vertex 1.5239945650100708 5.023936748504639 0
    vertex 2.0090880393981934 4.850367546081543 9.199999809265137
  endloop
endfacet
facet normal 0 0 0
  outer loop
    vertex 2.474832773208618 4.630086421966553 9.199999809265137
    vertex 2.0090880393981934 4.850367546081543 0
    vertex 2.474832773208618 4.630086421966553 0
  endloop
endfacet
facet normal 0 0 0
  outer loop
    vertex 2.916743755340576 4.365215301513672 9.199999809265137
    vertex 2.474832773208618 4.630086421966553 0
    vertex 2.916743755340576 4.365215301513672 0
  endloop
endfacet
facet normal 0 0 0
  outer loop
    vertex 3.3305647373199463 4.058304786682129 9.199999809265137
    vertex 2.916743755340576 4.365215301513672 0
    vertex 3.3305647373199463 4.058304786682129 0
  endloop
endfacet
facet normal 0 0 0
  outer loop
    vertex 2.0090880393981934 4.850367546081543 9.199999809265137
    vertex 2.0090880393981934 4.850367546081543 0
    vertex 2.474832773208618 4.630086421966553 9.199999809265137
  endloop
endfacet
facet normal 0 0 0
  outer loop
    vertex 2.474832773208618 4.630086421966553 9.199999809265137
    vertex 2.474832773208618 4.630086421966553 0
    vertex 2.916743755340576 4.365215301513672 9.199999809265137
  endloop
endfacet
facet normal 0 0 0
  outer loop
    vertex 2.916743755340576 4.365215301513672 9.199999809265137
    vertex 2.916743755340576 4.365215301513672 0
    vertex 3.3305647373199463 4.058304786682129 9.199999809265137
  endloop
endfacet
facet normal 0 0 0
  outer loop
    vertex 3.712310552597046 3.712310552597046 9.199999809265137
    vertex 3.3305647373199463 4.058304786682129 9.199999809265137
    vertex 3.3305647373199463 4.058304786682129 0
  endloop
endfacet
facet normal 0 0 0
  outer loop
    vertex 5.25 0 9.199999809265137
    vertex 5.224720001220703 0.5145899653434753 0
    vertex 5.25 0 0
  endloop
endfacet
facet normal 0 0 0
  outer loop
    vertex 5.224720001220703 0.5145899653434753 9.199999809265137
    vertex 5.149122714996338 1.0242241621017456 0
    vertex 5.224720001220703 0.5145899653434753 0
  endloop
endfacet
facet normal 0 0 0
  outer loop
    vertex 5.149122714996338 1.0242241621017456 9.199999809265137
    vertex 5.023936748504639 1.5239945650100708 0
    vertex 5.149122714996338 1.0242241621017456 0
  endloop
endfacet
facet normal 0 0 0
  outer loop
    vertex 5.023936748504639 1.5239945650100708 9.199999809265137
    vertex 4.850367546081543 2.0090880393981934 0
    vertex 5.023936748504639 1.5239945650100708 0
  endloop
endfacet
facet normal 0 0 0
  outer loop
    vertex 5.25 0 9.199999809265137
    vertex 5.224720001220703 0.5145899653434753 9.199999809265137
    vertex 5.224720001220703 0.5145899653434753 0
  endloop
endfacet
facet normal 0 0 0
  outer loop
    vertex 5.224720001220703 0.5145899653434753 9.199999809265137
    vertex 5.149122714996338 1.0242241621017456 9.199999809265137
    vertex 5.149122714996338 1.0242241621017456 0
  endloop
endfacet
facet normal 0 0 0
  outer loop
    vertex 5.149122714996338 1.0242241621017456 9.199999809265137
    vertex 5.023936748504639 1.5239945650100708 9.199999809265137
    vertex 5.023936748504639 1.5239945650100708 0
  endloop
endfacet
facet normal 0 0 0
  outer loop
    vertex 5.023936748504639 1.5239945650100708 9.199999809265137
    vertex 4.850367546081543 2.0090880393981934 9.199999809265137
    vertex 4.850367546081543 2.0090880393981934 0
  endloop
endfacet
facet normal 0 0 0
  outer loop
    vertex 4.850367546081543 2.0090880393981934 9.199999809265137
    vertex 4.630086421966553 2.474832773208618 0
    vertex 4.850367546081543 2.0090880393981934 0
  endloop
endfacet
facet normal 0 0 0
  outer loop
    vertex 4.630086421966553 2.474832773208618 9.199999809265137
    vertex 4.365215301513672 2.916743755340576 0
    vertex 4.630086421966553 2.474832773208618 0
  endloop
endfacet
facet normal 0 0 0
  outer loop
    vertex 4.365215301513672 2.916743755340576 9.199999809265137
    vertex 4.058304786682129 3.3305647373199463 0
    vertex 4.365215301513672 2.916743755340576 0
  endloop
endfacet
facet normal 0 0 0
  outer loop
    vertex 4.058304786682129 3.3305647373199463 9.199999809265137
    vertex 3.712310552597046 3.712310552597046 0
    vertex 4.058304786682129 3.3305647373199463 0
  endloop
endfacet
facet normal 0 0 0
  outer loop
    vertex 4.850367546081543 2.0090880393981934 9.199999809265137
    vertex 4.630086421966553 2.474832773208618 9.199999809265137
    vertex 4.630086421966553 2.474832773208618 0
  endloop
endfacet
facet normal 0 0 0
  outer loop
    vertex 4.630086421966553 2.474832773208618 9.199999809265137
    vertex 4.365215301513672 2.916743755340576 9.199999809265137
    vertex 4.365215301513672 2.916743755340576 0
  endloop
endfacet
facet normal 0 0 0
  outer loop
    vertex 4.365215301513672 2.916743755340576 9.199999809265137
    vertex 4.058304786682129 3.3305647373199463 9.199999809265137
    vertex 4.058304786682129 3.3305647373199463 0
  endloop
endfacet
facet normal 0 0 0
  outer loop
    vertex 4.365215301513672 -2.916743755340576 9.199999809265137
    vertex 4.365215301513672 2.916743755340576 9.199999809265137
    vertex 4.630086421966553 2.474832773208618 9.199999809265137
  endloop
endfacet
facet normal 0 0 0
  outer loop
    vertex 4.630086421966553 -2.474832773208618 9.199999809265137
    vertex 4.630086421966553 2.474832773208618 9.199999809265137
    vertex 4.850367546081543 2.0090880393981934 9.199999809265137
  endloop
endfacet
facet normal 0 0 0
  outer loop
    vertex 4.058304786682129 -3.3305647373199463 9.199999809265137
    vertex 4.058304786682129 3.3305647373199463 9.199999809265137
    vertex 4.365215301513672 2.916743755340576 9.199999809265137
  endloop
endfacet
facet normal 0 0 0
  outer loop
    vertex 5.023936748504639 -1.5239945650100708 9.199999809265137
    vertex 5.023936748504639 1.5239945650100708 9.199999809265137
    vertex 5.149122714996338 1.0242241621017456 9.199999809265137
  endloop
endfacet
facet normal 0 0 0
  outer loop
    vertex 5.149122714996338 -1.0242241621017456 9.199999809265137
    vertex 5.149122714996338 1.0242241621017456 9.199999809265137
    vertex 5.224720001220703 0.5145899653434753 9.199999809265137
  endloop
endfacet
facet normal 0 0 0
  outer loop
    vertex 5.224720001220703 -0.5145899653434753 9.199999809265137
    vertex 5.224720001220703 0.5145899653434753 9.199999809265137
    vertex 5.25 0 9.199999809265137
  endloop
endfacet
facet normal 0 0 0
  outer loop
    vertex 4.850367546081543 -2.0090880393981934 9.199999809265137
    vertex 4.850367546081543 2.0090880393981934 9.199999809265137
    vertex 5.023936748504639 1.5239945650100708 9.199999809265137
  endloop
endfacet
endsolid DialysisCable_TopConnector