solid DialysisCable_TopWrench
facet normal 0 0 0
  outer loop
    vertex -2.9263548851013184 -14.711779594421387 14
    vertex 5.25 -0.5 14
    vertex -1.4702571630477905 -14.927770614624023 14
  endloop
endfacet
facet normal 0 0 0
  outer loop
    vertex -1.4702571630477905 -14.927770614624023 14
    vertex 5.25 -0.5 14
    vertex 0 -15 14
  endloop
endfacet
facet normal 0 0 0
  outer loop
    vertex 0 -15 14
    vertex 5.25 -0.5 14
    vertex 1.4702571630477905 -14.927770614624023 14
  endloop
endfacet
facet normal 0 0 0
  outer loop
    vertex 1.4702571630477905 -14.927770614624023 14
    vertex 5.25 -0.5 14
    vertex 2.9263548851013184 -14.711779594421387 14
  endloop
endfacet
facet normal 0 0 0
  outer loop
    vertex -9.515899658203125 -11.5951566696167 14
    vertex -10.60660171508789 -10.60660171508789 24
    vertex -10.60660171508789 -10.60660171508789 14
  endloop
endfacet
facet normal 0 0 0
  outer loop
    vertex -10.710572242736816 -10.491888046264648 14
    vertex -10.60660171508789 -10.60660171508789 14
    vertex -10.710572242736816 -10.491888046264648 24
  endloop
endfacet
facet normal 0 0 0
  outer loop
    vertex -7.070950984954834 -13.228818893432617 14
    vertex -8.333553314208984 -12.472043991088867 24
    vertex -8.333553314208984 -12.472043991088867 14
  endloop
endfacet
facet normal 0 0 0
  outer loop
    vertex -5.740251541137695 -13.858193397521973 14
    vertex -7.070950984954834 -13.228818893432617 24
    vertex -7.070950984954834 -13.228818893432617 14
  endloop
endfacet
facet normal 0 0 0
  outer loop
    vertex -4.354269981384277 -14.354104995727539 14
    vertex -2.9263548851013184 -14.711779594421387 14
    vertex -4.354269981384277 -14.354104995727539 24
  endloop
endfacet
facet normal 0 0 0
  outer loop
    vertex -5.740251541137695 -13.858193397521973 14
    vertex -4.354269981384277 -14.354104995727539 14
    vertex -5.740251541137695 -13.858193397521973 24
  endloop
endfacet
facet normal 0 0 0
  outer loop
    vertex -2.9263548851013184 -14.711779594421387 14
    vertex -1.4702571630477905 -14.927770614624023 14
    vertex -2.9263548851013184 -14.711779594421387 24
  endloop
endfacet
facet normal 0 0 0
  outer loop
    vertex -9.515899658203125 -11.5951566696167 14
    vertex -8.333553314208984 -12.472043991088867 14
    vertex -9.515899658203125 -11.5951566696167 24
  endloop
endfacet
facet normal 0 0 0
  outer loop
    vertex -1.4702571630477905 -14.927770614624023 14
    vertex 0 -15 14
    vertex -1.4702571630477905 -14.927770614624023 24
  endloop
endfacet
facet normal 0 0 0
  outer loop
    vertex 0 -15 14
    vertex 1.4702571630477905 -14.927770614624023 14
    vertex 0 -15 24
  endloop
endfacet
facet normal 0 0 0
  outer loop
    vertex 1.4702571630477905 -14.927770614624023 14
    vertex 2.9263548851013184 -14.711779594421387 14
    vertex 1.4702571630477905 -14.927770614624023 24
  endloop
endfacet
facet normal 0 0 0
  outer loop
    vertex 2.9263548851013184 -14.711779594421387 14
    vertex 4.354269981384277 -14.354104995727539 14
    vertex 2.9263548851013184 -14.711779594421387 24
  endloop
endfacet
facet normal 0 0 0
  outer loop
    vertex 4.354269981384277 -14.354104995727539 14
    vertex 5.740251541137695 -13.858193397521973 14
    vertex 4.354269981384277 -14.354104995727539 24
  endloop
endfacet
facet normal 0 0 0
  outer loop
    vertex 5.740251541137695 -13.858193397521973 14
    vertex 7.070950984954834 -13.228818893432617 14
    vertex 5.740251541137695 -13.858193397521973 24
  endloop
endfacet
facet normal 0 0 0
  outer loop
    vertex 7.070950984954834 -13.228818893432617 14
    vertex 8.333553314208984 -12.472043991088867 14
    vertex 7.070950984954834 -13.228818893432617 24
  endloop
endfacet
facet normal 0 0 0
  outer loop
    vertex 8.333553314208984 -12.472043991088867 14
    vertex 9.515899658203125 -11.5951566696167 14
    vertex 8.333553314208984 -12.472043991088867 24
  endloop
endfacet
facet normal 0 0 0
  outer loop
    vertex 9.515899658203125 -11.5951566696167 14
    vertex 10.60660171508789 -10.60660171508789 14
    vertex 9.515899658203125 -11.5951566696167 24
  endloop
endfacet
facet normal 0 0 0
  outer loop
    vertex 10.60660171508789 -10.60660171508789 14
    vertex 11.5951566696167 -9.515899658203125 14
    vertex 10.60660171508789 -10.60660171508789 24
  endloop
endfacet
facet normal 0 0 0
  outer loop
    vertex -7.070950984954834 -13.228818893432617 14
    vertex -8.333553314208984 -12.472043991088867 14
    vertex -6.75 0 14
  endloop
endfacet
facet normal 0 0 0
  outer loop
    vertex -9.515899658203125 -11.5951566696167 14
    vertex -6.75 0 14
    vertex -8.333553314208984 -12.472043991088867 14
  endloop
endfacet
facet normal 0 0 0
  outer loop
    vertex -5.740251541137695 -13.858193397521973 14
    vertex 5.25 -0.5 14
    vertex -4.354269981384277 -14.354104995727539 14
  endloop
endfacet
facet normal 0 0 0
  outer loop
    vertex -5.740251541137695 -13.858193397521973 14
    vertex -7.070950984954834 -13.228818893432617 14
    vertex 5.25 -0.5 14
  endloop
endfacet
facet normal 0 0 0
  outer loop
    vertex -10.710572242736816 -10.491888046264648 14
    vertex -10.806868553161621 6.530076503753662 14
    vertex -10.60660171508789 -10.60660171508789 14
  endloop
endfacet
facet normal 0 0 0
  outer loop
    vertex -10.710572242736816 -10.491888046264648 14
    vertex -10.800312042236328 -10.392875671386719 14
    vertex -10.806868553161621 6.530076503753662 14
  endloop
endfacet
facet normal 0 0 0
  outer loop
    vertex -9.515899658203125 -11.5951566696167 14
    vertex -10.60660171508789 -10.60660171508789 14
    vertex -9.515899658203125 11.5951566696167 14
  endloop
endfacet
facet normal 0 0 0
  outer loop
    vertex -9.515899658203125 -11.5951566696167 14
    vertex -9.25 0 14
    vertex -6.75 0 14
  endloop
endfacet
facet normal 0 0 0
  outer loop
    vertex -7.070950984954834 -13.228818893432617 14
    vertex -6.75 0 14
    vertex -6.75 -0.5 14
  endloop
endfacet
facet normal 0 0 0
  outer loop
    vertex -7.070950984954834 -13.228818893432617 14
    vertex -6.75 -0.5 14
    vertex 5.25 -0.5 14
  endloop
endfacet
facet normal 0 0 0
  outer loop
    vertex -4.354269981384277 -14.354104995727539 14
    vertex 5.25 -0.5 14
    vertex -2.9263548851013184 -14.711779594421387 14
  endloop
endfacet
facet normal 0 0 0
  outer loop
    vertex 2.9263548851013184 -14.711779594421387 14
    vertex 5.25 -0.5 14
    vertex 4.354269981384277 -14.354104995727539 14
  endloop
endfacet
facet normal 0 0 0
  outer loop
    vertex 4.354269981384277 -14.354104995727539 14
    vertex 5.25 -0.5 14
    vertex 5.740251541137695 -13.858193397521973 14
  endloop
endfacet
facet normal 0 0 0
  outer loop
    vertex 5.740251541137695 -13.858193397521973 14
    vertex 7.070950984954834 13.228818893432617 14
    vertex 7.070950984954834 -13.228818893432617 14
  endloop
endfacet
facet normal 0 0 0
  outer loop
    vertex 5.740251541137695 -13.858193397521973 14
    vertex 5.25 -0.5 14
    vertex 5.25 12.585786819458008 14
  endloop
endfacet
facet normal 0 0 0
  outer loop
    vertex 7.070950984954834 -13.228818893432617 14
    vertex 8.333553314208984 12.472043991088867 14
    vertex 8.333553314208984 -12.472043991088867 14
  endloop
endfacet
facet normal 0 0 0
  outer loop
    vertex 8.333553314208984 -12.472043991088867 14
    vertex 9.515899658203125 11.5951566696167 14
    vertex 9.515899658203125 -11.5951566696167 14
  endloop
endfacet
facet normal 0 0 0
  outer loop
    vertex 9.515899658203125 -11.5951566696167 14
    vertex 10.60660171508789 10.60660171508789 14
    vertex 10.60660171508789 -10.60660171508789 14
  endloop
endfacet
facet normal 0 0 0
  outer loop
    vertex 10.60660171508789 -10.60660171508789 14
    vertex 11.5951566696167 9.515899658203125 14
    vertex 11.5951566696167 -9.515899658203125 14
  endloop
endfacet
facet normal 0 0 0
  outer loop
    vertex 11.5951566696167 -9.515899658203125 14
    vertex 12.472043991088867 8.333553314208984 14
    vertex 12.472043991088867 -8.333553314208984 14
  endloop
endfacet
facet normal 0 0 0
  outer loop
    vertex 12.472043991088867 -8.333553314208984 14
    vertex 13.228818893432617 7.070950984954834 14
    vertex 13.228818893432617 -7.070950984954834 14
  endloop
endfacet
facet normal 0 0 0
  outer loop
    vertex 13.228818893432617 -7.070950984954834 14
    vertex 13.858193397521973 5.740251541137695 14
    vertex 13.858193397521973 -5.740251541137695 14
  endloop
endfacet
facet normal 0 0 0
  outer loop
    vertex 13.858193397521973 -5.740251541137695 14
    vertex 14.354104995727539 4.354269981384277 14
    vertex 14.354104995727539 -4.354269981384277 14
  endloop
endfacet
facet normal 0 0 0
  outer loop
    vertex 14.354104995727539 -4.354269981384277 14
    vertex 14.711779594421387 2.9263548851013184 14
    vertex 14.711779594421387 -2.9263548851013184 14
  endloop
endfacet
facet normal 0 0 0
  outer loop
    vertex 14.711779594421387 -2.9263548851013184 14
    vertex 14.927770614624023 1.4702571630477905 14
    vertex 14.927770614624023 -1.4702571630477905 14
  endloop
endfacet
facet normal 0 0 0
  outer loop
    vertex 11.5951566696167 -9.515899658203125 14
    vertex 12.472043991088867 -8.333553314208984 14
    vertex 11.5951566696167 -9.515899658203125 24
  endloop
endfacet
facet normal 0 0 0
  outer loop
    vertex 12.472043991088867 -8.333553314208984 14
    vertex 13.228818893432617 -7.070950984954834 14
    vertex 12.472043991088867 -8.333553314208984 24
  endloop
endfacet
facet normal 0 0 0
  outer loop
    vertex 13.228818893432617 -7.070950984954834 14
    vertex 13.858193397521973 -5.740251541137695 14
    vertex 13.228818893432617 -7.070950984954834 24
  endloop
endfacet
facet normal 0 0 0
  outer loop
    vertex 13.858193397521973 -5.740251541137695 14
    vertex 14.354104995727539 -4.354269981384277 14
    vertex 13.858193397521973 -5.740251541137695 24
  endloop
endfacet
facet normal 0 0 0
  outer loop
    vertex 14.354104995727539 -4.354269981384277 14
    vertex 14.711779594421387 -2.9263548851013184 14
    vertex 14.354104995727539 -4.354269981384277 24
  endloop
endfacet
facet normal 0 0 0
  outer loop
    vertex 14.711779594421387 -2.9263548851013184 14
    vertex 14.927770614624023 -1.4702571630477905 14
    vertex 14.711779594421387 -2.9263548851013184 24
  endloop
endfacet
facet normal 0 0 0
  outer loop
    vertex 14.927770614624023 -1.4702571630477905 14
    vertex 15 0 14
    vertex 14.927770614624023 -1.4702571630477905 24
  endloop
endfacet
facet normal 0 0 0
  outer loop
    vertex -9.515899658203125 -11.5951566696167 14
    vertex -9.515899658203125 -11.5951566696167 24
    vertex -10.60660171508789 -10.60660171508789 24
  endloop
endfacet
facet normal 0 0 0
  outer loop
    vertex -10.60660171508789 -10.60660171508789 14
    vertex -10.60660171508789 -10.60660171508789 24
    vertex -10.710572242736816 -10.491888046264648 24
  endloop
endfacet
facet normal 0 0 0
  outer loop
    vertex -7.070950984954834 -13.228818893432617 14
    vertex -7.070950984954834 -13.228818893432617 24
    vertex -8.333553314208984 -12.472043991088867 24
  endloop
endfacet
facet normal 0 0 0
  outer loop
    vertex -5.740251541137695 -13.858193397521973 14
    vertex -5.740251541137695 -13.858193397521973 24
    vertex -7.070950984954834 -13.228818893432617 24
  endloop
endfacet
facet normal 0 0 0
  outer loop
    vertex -2.9263548851013184 -14.711779594421387 14
    vertex -2.9263548851013184 -14.711779594421387 24
    vertex -4.354269981384277 -14.354104995727539 24
  endloop
endfacet
facet normal 0 0 0
  outer loop
    vertex -4.354269981384277 -14.354104995727539 14
    vertex -4.354269981384277 -14.354104995727539 24
    vertex -5.740251541137695 -13.858193397521973 24
  endloop
endfacet
facet normal 0 0 0
  outer loop
    vertex -1.4702571630477905 -14.927770614624023 14
    vertex -1.4702571630477905 -14.927770614624023 24
    vertex -2.9263548851013184 -14.711779594421387 24
  endloop
endfacet
facet normal 0 0 0
  outer loop
    vertex -8.333553314208984 -12.472043991088867 14
    vertex -8.333553314208984 -12.472043991088867 24
    vertex -9.515899658203125 -11.5951566696167 24
  endloop
endfacet
facet normal 0 0 0
  outer loop
    vertex 0 -15 14
    vertex 0 -15 24
    vertex -1.4702571630477905 -14.927770614624023 24
  endloop
endfacet
facet normal 0 0 0
  outer loop
    vertex 1.4702571630477905 -14.927770614624023 14
    vertex 1.4702571630477905 -14.927770614624023 24
    vertex 0 -15 24
  endloop
endfacet
facet normal 0 0 0
  outer loop
    vertex 2.9263548851013184 -14.711779594421387 14
    vertex 2.9263548851013184 -14.711779594421387 24
    vertex 1.4702571630477905 -14.927770614624023 24
  endloop
endfacet
facet normal 0 0 0
  outer loop
    vertex 4.354269981384277 -14.354104995727539 14
    vertex 4.354269981384277 -14.354104995727539 24
    vertex 2.9263548851013184 -14.711779594421387 24
  endloop
endfacet
facet normal 0 0 0
  outer loop
    vertex 5.740251541137695 -13.858193397521973 14
    vertex 5.740251541137695 -13.858193397521973 24
    vertex 4.354269981384277 -14.354104995727539 24
  endloop
endfacet
facet normal 0 0 0
  outer loop
    vertex 7.070950984954834 -13.228818893432617 14
    vertex 7.070950984954834 -13.228818893432617 24
    vertex 5.740251541137695 -13.858193397521973 24
  endloop
endfacet
facet normal 0 0 0
  outer loop
    vertex 8.333553314208984 -12.472043991088867 14
    vertex 8.333553314208984 -12.472043991088867 24
    vertex 7.070950984954834 -13.228818893432617 24
  endloop
endfacet
facet normal 0 0 0
  outer loop
    vertex 9.515899658203125 -11.5951566696167 14
    vertex 9.515899658203125 -11.5951566696167 24
    vertex 8.333553314208984 -12.472043991088867 24
  endloop
endfacet
facet normal 0 0 0
  outer loop
    vertex 10.60660171508789 -10.60660171508789 14
    vertex 10.60660171508789 -10.60660171508789 24
    vertex 9.515899658203125 -11.5951566696167 24
  endloop
endfacet
facet normal 0 0 0
  outer loop
    vertex -10.710572242736816 -10.491888046264648 24
    vertex -10.60660171508789 -10.60660171508789 24
    vertex -10.60660171508789 -10.454687118530273 24
  endloop
endfacet
facet normal 0 0 0
  outer loop
    vertex -5.740251541137695 -13.858193397521973 24
    vertex -4.354269981384277 -14.354104995727539 24
    vertex -2.9263548851013184 -14.711779594421387 24
  endloop
endfacet
facet normal 0 0 0
  outer loop
    vertex -9.515899658203125 -11.5951566696167 24
    vertex -8.333553314208984 -12.472043991088867 24
    vertex -8.333553314208984 -9.412784576416016 24
  endloop
endfacet
facet normal 0 0 0
  outer loop
    vertex -2.9263548851013184 -14.711779594421387 24
    vertex -1.4702571630477905 -14.927770614624023 24
    vertex -6.75 -0.5 24
  endloop
endfacet
facet normal 0 0 0
  outer loop
    vertex -1.4702571630477905 -14.927770614624023 24
    vertex 0 -15 24
    vertex -6.75 -0.5 24
  endloop
endfacet
facet normal 0 0 0
  outer loop
    vertex 0 -15 24
    vertex 1.4702571630477905 -14.927770614624023 24
    vertex -6.75 -0.5 24
  endloop
endfacet
facet normal 0 0 0
  outer loop
    vertex 1.4702571630477905 -14.927770614624023 24
    vertex 2.9263548851013184 -14.711779594421387 24
    vertex -6.75 -0.5 24
  endloop
endfacet
facet normal 0 0 0
  outer loop
    vertex 11.5951566696167 -9.515899658203125 14
    vertex 11.5951566696167 -9.515899658203125 24
    vertex 10.60660171508789 -10.60660171508789 24
  endloop
endfacet
facet normal 0 0 0
  outer loop
    vertex 12.472043991088867 -8.333553314208984 14
    vertex 12.472043991088867 -8.333553314208984 24
    vertex 11.5951566696167 -9.515899658203125 24
  endloop
endfacet
facet normal 0 0 0
  outer loop
    vertex 13.228818893432617 -7.070950984954834 14
    vertex 13.228818893432617 -7.070950984954834 24
    vertex 12.472043991088867 -8.333553314208984 24
  endloop
endfacet
facet normal 0 0 0
  outer loop
    vertex 13.858193397521973 -5.740251541137695 14
    vertex 13.858193397521973 -5.740251541137695 24
    vertex 13.228818893432617 -7.070950984954834 24
  endloop
endfacet
facet normal 0 0 0
  outer loop
    vertex 14.354104995727539 -4.354269981384277 14
    vertex 14.354104995727539 -4.354269981384277 24
    vertex 13.858193397521973 -5.740251541137695 24
  endloop
endfacet
facet normal 0 0 0
  outer loop
    vertex 14.711779594421387 -2.9263548851013184 14
    vertex 14.711779594421387 -2.9263548851013184 24
    vertex 14.354104995727539 -4.354269981384277 24
  endloop
endfacet
facet normal 0 0 0
  outer loop
    vertex 14.927770614624023 -1.4702571630477905 14
    vertex 14.927770614624023 -1.4702571630477905 24
    vertex 14.711779594421387 -2.9263548851013184 24
  endloop
endfacet
facet normal 0 0 0
  outer loop
    vertex 14.927770614624023 -1.4702571630477905 24
    vertex 15 0 14
    vertex 15 0 24
  endloop
endfacet
facet normal 0 0 0
  outer loop
    vertex -9.515899658203125 -11.5951566696167 24
    vertex -9.25 0 24
    vertex -10.60660171508789 -10.60660171508789 24
  endloop
endfacet
facet normal 0 0 0
  outer loop
    vertex -7.070950984954834 -13.228818893432617 24
    vertex -7.88872766494751 -3.4174017906188965 24
    vertex -8.333553314208984 -12.472043991088867 24
  endloop
endfacet
facet normal 0 0 0
  outer loop
    vertex -5.740251541137695 -13.858193397521973 24
    vertex -6.75 -0.5 24
    vertex -7.070950984954834 -13.228818893432617 24
  endloop
endfacet
facet normal 0 0 0
  outer loop
    vertex -8.333553314208984 -12.472043991088867 24
    vertex -7.88872766494751 -3.4174017906188965 24
    vertex -8.333553314208984 -9.412784576416016 24
  endloop
endfacet
facet normal 0 0 0
  outer loop
    vertex -5.740251541137695 -13.858193397521973 24
    vertex -2.9263548851013184 -14.711779594421387 24
    vertex -6.75 -0.5 24
  endloop
endfacet
facet normal 0 0 0
  outer loop
    vertex -9.515899658203125 -11.5951566696167 24
    vertex -8.333553314208984 -9.412784576416016 24
    vertex -9.25 0 24
  endloop
endfacet
facet normal 0 0 0
  outer loop
    vertex -7.070950984954834 -13.228818893432617 24
    vertex -6.75 0 24
    vertex -7.88872766494751 -3.4174017906188965 24
  endloop
endfacet
facet normal 0 0 0
  outer loop
    vertex -10.60660171508789 -10.60660171508789 24
    vertex -9.515899658203125 11.5951566696167 24
    vertex -10.60660171508789 -10.454687118530273 24
  endloop
endfacet
facet normal 0 0 0
  outer loop
    vertex -10.60660171508789 -10.454687118530273 24
    vertex -9.515899658203125 11.5951566696167 24
    vertex -10.60660171508789 -6.4498186111450195 24
  endloop
endfacet
facet normal 0 0 0
  outer loop
    vertex -7.070950984954834 -13.228818893432617 24
    vertex -6.75 -0.5 24
    vertex -6.75 0 24
  endloop
endfacet
facet normal 0 0 0
  outer loop
    vertex -8.333553314208984 -9.412784576416016 24
    vertex -8.333553314208984 0 24
    vertex -9.25 0 24
  endloop
endfacet
facet normal 0 0 0
  outer loop
    vertex -7.88872766494751 -3.4174017906188965 24
    vertex -6.75 0 24
    vertex -8.321950912475586 0 24
  endloop
endfacet
facet normal 0 0 0
  outer loop
    vertex 2.9263548851013184 -14.711779594421387 24
    vertex 4.354269981384277 -14.354104995727539 24
    vertex -6.75 -0.5 24
  endloop
endfacet
facet normal 0 0 0
  outer loop
    vertex 4.354269981384277 -14.354104995727539 24
    vertex 5.740251541137695 -13.858193397521973 24
    vertex -6.75 -0.5 24
  endloop
endfacet
facet normal 0 0 0
  outer loop
    vertex 5.740251541137695 -13.858193397521973 24
    vertex 5.25 -0.5 24
    vertex -6.75 -0.5 24
  endloop
endfacet
facet normal 0 0 0
  outer loop
    vertex 5.740251541137695 -13.858193397521973 24
    vertex 7.070950984954834 -13.228818893432617 24
    vertex 7.070950984954834 13.228818893432617 24
  endloop
endfacet
facet normal 0 0 0
  outer loop
    vertex 5.740251541137695 -13.858193397521973 24
    vertex 5.25 12.585786819458008 24
    vertex 5.25 -0.5 24
  endloop
endfacet
facet normal 0 0 0
  outer loop
    vertex 7.070950984954834 -13.228818893432617 24
    vertex 8.333553314208984 -12.472043991088867 24
    vertex 8.333553314208984 12.472043991088867 24
  endloop
endfacet
facet normal 0 0 0
  outer loop
    vertex 8.333553314208984 -12.472043991088867 24
    vertex 9.515899658203125 -11.5951566696167 24
    vertex 9.515899658203125 11.5951566696167 24
  endloop
endfacet
facet normal 0 0 0
  outer loop
    vertex 9.515899658203125 -11.5951566696167 24
    vertex 10.60660171508789 -10.60660171508789 24
    vertex 10.60660171508789 10.60660171508789 24
  endloop
endfacet
facet normal 0 0 0
  outer loop
    vertex 10.60660171508789 -10.60660171508789 24
    vertex 11.5951566696167 -9.515899658203125 24
    vertex 11.5951566696167 9.515899658203125 24
  endloop
endfacet
facet normal 0 0 0
  outer loop
    vertex 11.5951566696167 -9.515899658203125 24
    vertex 12.472043991088867 -8.333553314208984 24
    vertex 12.472043991088867 8.333553314208984 24
  endloop
endfacet
facet normal 0 0 0
  outer loop
    vertex 12.472043991088867 -8.333553314208984 24
    vertex 13.228818893432617 -7.070950984954834 24
    vertex 13.228818893432617 7.070950984954834 24
  endloop
endfacet
facet normal 0 0 0
  outer loop
    vertex 13.228818893432617 -7.070950984954834 24
    vertex 13.858193397521973 -5.740251541137695 24
    vertex 13.858193397521973 5.740251541137695 24
  endloop
endfacet
facet normal 0 0 0
  outer loop
    vertex 13.858193397521973 -5.740251541137695 24
    vertex 14.354104995727539 -4.354269981384277 24
    vertex 14.354104995727539 4.354269981384277 24
  endloop
endfacet
facet normal 0 0 0
  outer loop
    vertex 14.354104995727539 -4.354269981384277 24
    vertex 14.711779594421387 -2.9263548851013184 24
    vertex 14.711779594421387 2.9263548851013184 24
  endloop
endfacet
facet normal 0 0 0
  outer loop
    vertex 14.711779594421387 -2.9263548851013184 24
    vertex 14.927770614624023 -1.4702571630477905 24
    vertex 14.927770614624023 1.4702571630477905 24
  endloop
endfacet
facet normal 0 0 0
  outer loop
    vertex -9.515899658203125 -11.5951566696167 14
    vertex -9.515899658203125 11.5951566696167 14
    vertex -9.25 0 14
  endloop
endfacet
facet normal 0 0 0
  outer loop
    vertex -10.60660171508789 -10.60660171508789 14
    vertex -10.806868553161621 6.530076503753662 14
    vertex -10.60660171508789 10.60660171508789 14
  endloop
endfacet
facet normal 0 0 0
  outer loop
    vertex -14 2.853703498840332 14
    vertex -14.354104995727539 3.7920265197753906 14
    vertex -14.322088241577148 4.443752288818359 14
  endloop
endfacet
facet normal 0 0 0
  outer loop
    vertex -14 2.853703498840332 14
    vertex -14.322088241577148 4.443752288818359 14
    vertex -14 5.343927383422852 14
  endloop
endfacet
facet normal 0 0 0
  outer loop
    vertex -12.9218111038208 -0.8216696381568909 14
    vertex -13.228818893432617 4.697750568389893 14
    vertex -12.9218111038208 7.583162307739258 14
  endloop
endfacet
facet normal 0 0 0
  outer loop
    vertex -12.472043991088867 -1.791808843612671 14
    vertex -11.939330101013184 9.051835060119629 14
    vertex -11.85400676727295 4.246893405914307 14
  endloop
endfacet
facet normal 0 0 0
  outer loop
    vertex -11.5951566696167 -5.519632339477539 14
    vertex -10.814176559448242 10.377577781677246 14
    vertex -10.806868553161621 6.530076503753662 14
  endloop
endfacet
facet normal 0 0 0
  outer loop
    vertex -10.60660171508789 -10.60660171508789 14
    vertex -10.60660171508789 10.60660171508789 14
    vertex -9.515899658203125 11.5951566696167 14
  endloop
endfacet
facet normal 0 0 0
  outer loop
    vertex -13.228818893432617 4.697750568389893 14
    vertex -13.101821899414062 7.282832622528076 14
    vertex -12.9218111038208 7.583162307739258 14
  endloop
endfacet
facet normal 0 0 0
  outer loop
    vertex -11.85400676727295 4.246893405914307 14
    vertex -11.939330101013184 9.051835060119629 14
    vertex -11.85400676727295 9.16688060760498 14
  endloop
endfacet
facet normal 0 0 0
  outer loop
    vertex -10.806868553161621 6.530076503753662 14
    vertex -10.814176559448242 10.377577781677246 14
    vertex -10.710572242736816 10.491888046264648 14
  endloop
endfacet
facet normal 0 0 0
  outer loop
    vertex -10.806868553161621 6.530076503753662 14
    vertex -10.710572242736816 10.491888046264648 14
    vertex -10.60660171508789 10.60660171508789 14
  endloop
endfacet
facet normal 0 0 0
  outer loop
    vertex -9.515899658203125 11.5951566696167 14
    vertex -9.25 11.79236125946045 14
    vertex -9.25 0 14
  endloop
endfacet
facet normal 0 0 0
  outer loop
    vertex 5.740251541137695 -13.858193397521973 14
    vertex 5.25 12.585786819458008 14
    vertex 6.27125883102417 13.60704517364502 14
  endloop
endfacet
facet normal 0 0 0
  outer loop
    vertex 5.740251541137695 -13.858193397521973 14
    vertex 6.27125883102417 13.60704517364502 14
    vertex 7.070950984954834 13.228818893432617 14
  endloop
endfacet
facet normal 0 0 0
  outer loop
    vertex 14.927770614624023 -1.4702571630477905 14
    vertex 14.927770614624023 1.4702571630477905 14
    vertex 15 0 14
  endloop
endfacet
facet normal 0 0 0
  outer loop
    vertex 14.711779594421387 -2.9263548851013184 14
    vertex 14.711779594421387 2.9263548851013184 14
    vertex 14.927770614624023 1.4702571630477905 14
  endloop
endfacet
facet normal 0 0 0
  outer loop
    vertex 14.354104995727539 -4.354269981384277 14
    vertex 14.354104995727539 4.354269981384277 14
    vertex 14.711779594421387 2.9263548851013184 14
  endloop
endfacet
facet normal 0 0 0
  outer loop
    vertex 12.472043991088867 -8.333553314208984 14
    vertex 12.472043991088867 8.333553314208984 14
    vertex 13.228818893432617 7.070950984954834 14
  endloop
endfacet
facet normal 0 0 0
  outer loop
    vertex 13.858193397521973 -5.740251541137695 14
    vertex 13.858193397521973 5.740251541137695 14
    vertex 14.354104995727539 4.354269981384277 14
  endloop
endfacet
facet normal 0 0 0
  outer loop
    vertex 13.228818893432617 -7.070950984954834 14
    vertex 13.228818893432617 7.070950984954834 14
    vertex 13.858193397521973 5.740251541137695 14
  endloop
endfacet
facet normal 0 0 0
  outer loop
    vertex 9.515899658203125 -11.5951566696167 14
    vertex 9.515899658203125 11.5951566696167 14
    vertex 10.60660171508789 10.60660171508789 14
  endloop
endfacet
facet normal 0 0 0
  outer loop
    vertex 10.60660171508789 -10.60660171508789 14
    vertex 10.60660171508789 10.60660171508789 14
    vertex 11.5951566696167 9.515899658203125 14
  endloop
endfacet
facet normal 0 0 0
  outer loop
    vertex 7.070950984954834 -13.228818893432617 14
    vertex 7.070950984954834 13.228818893432617 14
    vertex 8.333553314208984 12.472043991088867 14
  endloop
endfacet
facet normal 0 0 0
  outer loop
    vertex 8.333553314208984 -12.472043991088867 14
    vertex 8.333553314208984 12.472043991088867 14
    vertex 9.515899658203125 11.5951566696167 14
  endloop
endfacet
facet normal 0 0 0
  outer loop
    vertex 11.5951566696167 -9.515899658203125 14
    vertex 11.5951566696167 9.515899658203125 14
    vertex 12.472043991088867 8.333553314208984 14
  endloop
endfacet
facet normal 0 0 0
  outer loop
    vertex 15 0 14
    vertex 14.927770614624023 1.4702571630477905 14
    vertex 15 0 24
  endloop
endfacet
facet normal 0 0 0
  outer loop
    vertex 14.927770614624023 1.4702571630477905 14
    vertex 14.711779594421387 2.9263548851013184 14
    vertex 14.927770614624023 1.4702571630477905 24
  endloop
endfacet
facet normal 0 0 0
  outer loop
    vertex 14.711779594421387 2.9263548851013184 14
    vertex 14.354104995727539 4.354269981384277 14
    vertex 14.711779594421387 2.9263548851013184 24
  endloop
endfacet
facet normal 0 0 0
  outer loop
    vertex 14.354104995727539 4.354269981384277 14
    vertex 13.858193397521973 5.740251541137695 14
    vertex 14.354104995727539 4.354269981384277 24
  endloop
endfacet
facet normal 0 0 0
  outer loop
    vertex 13.858193397521973 5.740251541137695 14
    vertex 13.228818893432617 7.070950984954834 14
    vertex 13.858193397521973 5.740251541137695 24
  endloop
endfacet
facet normal 0 0 0
  outer loop
    vertex 13.228818893432617 7.070950984954834 14
    vertex 12.472043991088867 8.333553314208984 14
    vertex 13.228818893432617 7.070950984954834 24
  endloop
endfacet
facet normal 0 0 0
  outer loop
    vertex 12.472043991088867 8.333553314208984 14
    vertex 11.5951566696167 9.515899658203125 14
    vertex 12.472043991088867 8.333553314208984 24
  endloop
endfacet
facet normal 0 0 0
  outer loop
    vertex 11.5951566696167 9.515899658203125 14
    vertex 10.60660171508789 10.60660171508789 14
    vertex 11.5951566696167 9.515899658203125 24
  endloop
endfacet
facet normal 0 0 0
  outer loop
    vertex -10.710572242736816 10.491888046264648 14
    vertex -10.60660171508789 10.60660171508789 24
    vertex -10.60660171508789 10.60660171508789 14
  endloop
endfacet
facet normal 0 0 0
  outer loop
    vertex -10.60660171508789 10.60660171508789 14
    vertex -9.515899658203125 11.5951566696167 24
    vertex -9.515899658203125 11.5951566696167 14
  endloop
endfacet
facet normal 0 0 0
  outer loop
    vertex -9.515899658203125 11.5951566696167 14
    vertex -9.515899658203125 11.5951566696167 24
    vertex -9.25 11.79236125946045 14
  endloop
endfacet
facet normal 0 0 0
  outer loop
    vertex 7.070950984954834 13.228818893432617 14
    vertex 6.27125883102417 13.60704517364502 14
    vertex 6.27125883102417 13.60704517364502 24
  endloop
endfacet
facet normal 0 0 0
  outer loop
    vertex 10.60660171508789 10.60660171508789 14
    vertex 9.515899658203125 11.5951566696167 14
    vertex 10.60660171508789 10.60660171508789 24
  endloop
endfacet
facet normal 0 0 0
  outer loop
    vertex 8.333553314208984 12.472043991088867 14
    vertex 9.515899658203125 11.5951566696167 24
    vertex 9.515899658203125 11.5951566696167 14
  endloop
endfacet
facet normal 0 0 0
  outer loop
    vertex 8.333553314208984 12.472043991088867 14
    vertex 7.070950984954834 13.228818893432617 14
    vertex 8.333553314208984 12.472043991088867 24
  endloop
endfacet
facet normal 0 0 0
  outer loop
    vertex 14.927770614624023 1.4702571630477905 14
    vertex 14.927770614624023 1.4702571630477905 24
    vertex 15 0 24
  endloop
endfacet
facet normal 0 0 0
  outer loop
    vertex 14.711779594421387 2.9263548851013184 14
    vertex 14.711779594421387 2.9263548851013184 24
    vertex 14.927770614624023 1.4702571630477905 24
  endloop
endfacet
facet normal 0 0 0
  outer loop
    vertex 14.354104995727539 4.354269981384277 14
    vertex 14.354104995727539 4.354269981384277 24
    vertex 14.711779594421387 2.9263548851013184 24
  endloop
endfacet
facet normal 0 0 0
  outer loop
    vertex 13.858193397521973 5.740251541137695 14
    vertex 13.858193397521973 5.740251541137695 24
    vertex 14.354104995727539 4.354269981384277 24
  endloop
endfacet
facet normal 0 0 0
  outer loop
    vertex 13.228818893432617 7.070950984954834 14
    vertex 13.228818893432617 7.070950984954834 24
    vertex 13.858193397521973 5.740251541137695 24
  endloop
endfacet
facet normal 0 0 0
  outer loop
    vertex 12.472043991088867 8.333553314208984 14
    vertex 12.472043991088867 8.333553314208984 24
    vertex 13.228818893432617 7.070950984954834 24
  endloop
endfacet
facet normal 0 0 0
  outer loop
    vertex 11.5951566696167 9.515899658203125 14
    vertex 11.5951566696167 9.515899658203125 24
    vertex 12.472043991088867 8.333553314208984 24
  endloop
endfacet
facet normal 0 0 0
  outer loop
    vertex -10.60660171508789 -10.60660171508789 24
    vertex -9.25 0 24
    vertex -9.515899658203125 11.5951566696167 24
  endloop
endfacet
facet normal 0 0 0
  outer loop
    vertex -10.60660171508789 -6.4498186111450195 24
    vertex -10.613935470581055 10.457311630249023 24
    vertex -10.806868553161621 6.530076503753662 24
  endloop
endfacet
facet normal 0 0 0
  outer loop
    vertex -10.60660171508789 -6.4498186111450195 24
    vertex -10.60660171508789 10.60660171508789 24
    vertex -10.613935470581055 10.457311630249023 24
  endloop
endfacet
facet normal 0 0 0
  outer loop
    vertex -10.60660171508789 -6.4498186111450195 24
    vertex -9.515899658203125 11.5951566696167 24
    vertex -10.60660171508789 10.60660171508789 24
  endloop
endfacet
facet normal 0 0 0
  outer loop
    vertex -9.515899658203125 11.5951566696167 24
    vertex -9.25 0 24
    vertex -9.25 11.79236125946045 24
  endloop
endfacet
facet normal 0 0 0
  outer loop
    vertex 5.740251541137695 -13.858193397521973 24
    vertex 7.070950984954834 13.228818893432617 24
    vertex 5.25 12.585786819458008 24
  endloop
endfacet
facet normal 0 0 0
  outer loop
    vertex 14.927770614624023 -1.4702571630477905 24
    vertex 15 0 24
    vertex 14.927770614624023 1.4702571630477905 24
  endloop
endfacet
facet normal 0 0 0
  outer loop
    vertex 14.711779594421387 -2.9263548851013184 24
    vertex 14.927770614624023 1.4702571630477905 24
    vertex 14.711779594421387 2.9263548851013184 24
  endloop
endfacet
facet normal 0 0 0
  outer loop
    vertex 14.354104995727539 -4.354269981384277 24
    vertex 14.711779594421387 2.9263548851013184 24
    vertex 14.354104995727539 4.354269981384277 24
  endloop
endfacet
facet normal 0 0 0
  outer loop
    vertex 12.472043991088867 -8.333553314208984 24
    vertex 13.228818893432617 7.070950984954834 24
    vertex 12.472043991088867 8.333553314208984 24
  endloop
endfacet
facet normal 0 0 0
  outer loop
    vertex 13.858193397521973 -5.740251541137695 24
    vertex 14.354104995727539 4.354269981384277 24
    vertex 13.858193397521973 5.740251541137695 24
  endloop
endfacet
facet normal 0 0 0
  outer loop
    vertex 13.228818893432617 -7.070950984954834 24
    vertex 13.858193397521973 5.740251541137695 24
    vertex 13.228818893432617 7.070950984954834 24
  endloop
endfacet
facet normal 0 0 0
  outer loop
    vertex 9.515899658203125 -11.5951566696167 24
    vertex 10.60660171508789 10.60660171508789 24
    vertex 9.515899658203125 11.5951566696167 24
  endloop
endfacet
facet normal 0 0 0
  outer loop
    vertex 10.60660171508789 -10.60660171508789 24
    vertex 11.5951566696167 9.515899658203125 24
    vertex 10.60660171508789 10.60660171508789 24
  endloop
endfacet
facet normal 0 0 0
  outer loop
    vertex 7.070950984954834 -13.228818893432617 24
    vertex 8.333553314208984 12.472043991088867 24
    vertex 7.070950984954834 13.228818893432617 24
  endloop
endfacet
facet normal 0 0 0
  outer loop
    vertex 8.333553314208984 -12.472043991088867 24
    vertex 9.515899658203125 11.5951566696167 24
    vertex 8.333553314208984 12.472043991088867 24
  endloop
endfacet
facet normal 0 0 0
  outer loop
    vertex 11.5951566696167 -9.515899658203125 24
    vertex 12.472043991088867 8.333553314208984 24
    vertex 11.5951566696167 9.515899658203125 24
  endloop
endfacet
facet normal 0 0 0
  outer loop
    vertex -10.710572242736816 10.491888046264648 14
    vertex -10.710572242736816 10.491888046264648 24
    vertex -10.60660171508789 10.60660171508789 24
  endloop
endfacet
facet normal 0 0 0
  outer loop
    vertex -10.60660171508789 10.60660171508789 14
    vertex -10.60660171508789 10.60660171508789 24
    vertex -9.515899658203125 11.5951566696167 24
  endloop
endfacet
facet normal 0 0 0
  outer loop
    vertex -9.515899658203125 11.5951566696167 24
    vertex -9.25 11.79236125946045 24
    vertex -9.25 11.79236125946045 14
  endloop
endfacet
facet normal 0 0 0
  outer loop
    vertex 7.070950984954834 13.228818893432617 14
    vertex 6.27125883102417 13.60704517364502 24
    vertex 7.070950984954834 13.228818893432617 24
  endloop
endfacet
facet normal 0 0 0
  outer loop
    vertex 10.60660171508789 10.60660171508789 14
    vertex 10.60660171508789 10.60660171508789 24
    vertex 11.5951566696167 9.515899658203125 24
  endloop
endfacet
facet normal 0 0 0
  outer loop
    vertex 8.333553314208984 12.472043991088867 14
    vertex 8.333553314208984 12.472043991088867 24
    vertex 9.515899658203125 11.5951566696167 24
  endloop
endfacet
facet normal 0 0 0
  outer loop
    vertex 9.515899658203125 11.5951566696167 14
    vertex 9.515899658203125 11.5951566696167 24
    vertex 10.60660171508789 10.60660171508789 24
  endloop
endfacet
facet normal 0 0 0
  outer loop
    vertex 7.070950984954834 13.228818893432617 14
    vertex 7.070950984954834 13.228818893432617 24
    vertex 8.333553314208984 12.472043991088867 24
  endloop
endfacet
facet normal 0 0 0
  outer loop
    vertex -10.613935470581055 10.457311630249023 24
    vertex -10.60660171508789 10.60660171508789 24
    vertex -10.710572242736816 10.491888046264648 24
  endloop
endfacet
facet normal 0 0 0
  outer loop
    vertex 7.070950984954834 13.228818893432617 24
    vertex 6.27125883102417 13.60704517364502 24
    vertex 5.25 12.585786819458008 24
  endloop
endfacet
facet normal 0 0 0
  outer loop
    vertex -76.28852081298828 -7 14
    vertex -81.73762512207031 -7 14
    vertex -81.14180755615234 -5.740251541137695 14
  endloop
endfacet
facet normal 0 0 0
  outer loop
    vertex -76.28852081298828 -7 14
    vertex -81.14180755615234 -5.740251541137695 14
    vertex -80.6458969116211 -4.354269981384277 14
  endloop
endfacet
facet normal 0 0 0
  outer loop
    vertex -76.28852081298828 -7 14
    vertex -80.6458969116211 -4.354269981384277 14
    vertex -80.28822326660156 -2.9263548851013184 14
  endloop
endfacet
facet normal 0 0 0
  outer loop
    vertex -76.28852081298828 -7 14
    vertex -80.28822326660156 -2.9263548851013184 14
    vertex -80.07222747802734 -1.4702571630477905 14
  endloop
endfacet
facet normal 0 0 0
  outer loop
    vertex -76.28852081298828 -7 14
    vertex -80.07222747802734 -1.4702571630477905 14
    vertex -76.28852081298828 7 14
  endloop
endfacet
facet normal 0 0 0
  outer loop
    vertex -76.28852081298828 -7 14
    vertex -22.483470916748047 -7 14
    vertex -62.13547897338867 -7 19
  endloop
endfacet
facet normal 0 0 0
  outer loop
    vertex -76.28852081298828 -7 14
    vertex -62.13547897338867 -7 19
    vertex -62.13547897338867 -7 22
  endloop
endfacet
facet normal 0 0 0
  outer loop
    vertex -76.28852081298828 -7 14
    vertex -62.13547897338867 -7 22
    vertex -76.28852081298828 -7 22
  endloop
endfacet
facet normal 0 0 0
  outer loop
    vertex -76.28852081298828 -7 22
    vertex -62.730106353759766 -6.343932628631592 22
    vertex -63.314697265625 -5.555702209472656 22
  endloop
endfacet
facet normal 0 0 0
  outer loop
    vertex -76.28852081298828 -7 22
    vertex -62.13547897338867 -7 22
    vertex -62.730106353759766 -6.343932628631592 22
  endloop
endfacet
facet normal 0 0 0
  outer loop
    vertex -76.28852081298828 -7 22
    vertex -63.314697265625 -5.555702209472656 22
    vertex -63.8192138671875 -4.713967323303223 22
  endloop
endfacet
facet normal 0 0 0
  outer loop
    vertex -76.28852081298828 -7 22
    vertex -63.8192138671875 -4.713967323303223 22
    vertex -64.2387924194336 -3.8268344402313232 22
  endloop
endfacet
facet normal 0 0 0
  outer loop
    vertex -76.28852081298828 -7 22
    vertex -64.2387924194336 -3.8268344402313232 22
    vertex -64.56940460205078 -2.9028468132019043 22
  endloop
endfacet
facet normal 0 0 0
  outer loop
    vertex -76.28852081298828 -7 22
    vertex -64.56940460205078 -2.9028468132019043 22
    vertex -64.80785369873047 -1.9509031772613525 22
  endloop
endfacet
facet normal 0 0 0
  outer loop
    vertex -76.28852081298828 -7 22
    vertex -64.80785369873047 -1.9509031772613525 22
    vertex -64.95185089111328 -0.9801713824272156 22
  endloop
endfacet
facet normal 0 0 0
  outer loop
    vertex -76.28852081298828 -7 22
    vertex -64.95185089111328 -0.9801713824272156 22
    vertex -65 0 22
  endloop
endfacet
facet normal 0 0 0
  outer loop
    vertex -76.28852081298828 -7 22
    vertex -65 0 22
    vertex -75.86119079589844 3.6507089138031006 22
  endloop
endfacet
facet normal 0 0 0
  outer loop
    vertex -76.28852081298828 7 14
    vertex -80.07222747802734 -1.4702571630477905 14
    vertex -80 0 14
  endloop
endfacet
facet normal 0 0 0
  outer loop
    vertex -76.28852081298828 7 14
    vertex -80 0 14
    vertex -80.07222747802734 1.4702571630477905 14
  endloop
endfacet
facet normal 0 0 0
  outer loop
    vertex -76.28852081298828 7 14
    vertex -80.07222747802734 1.4702571630477905 14
    vertex -80.28822326660156 2.9263548851013184 14
  endloop
endfacet
facet normal 0 0 0
  outer loop
    vertex -76.28852081298828 7 14
    vertex -80.28822326660156 2.9263548851013184 14
    vertex -80.6458969116211 4.354269981384277 14
  endloop
endfacet
facet normal 0 0 0
  outer loop
    vertex -76.28852081298828 7 14
    vertex -80.6458969116211 4.354269981384277 14
    vertex -81.14180755615234 5.740251541137695 14
  endloop
endfacet
facet normal 0 0 0
  outer loop
    vertex -76.28852081298828 7 14
    vertex -81.14180755615234 5.740251541137695 14
    vertex -81.73762512207031 7 14
  endloop
endfacet
facet normal 0 0 0
  outer loop
    vertex -76.28852081298828 -7 14
    vertex -76.28852081298828 7 14
    vertex -22.483470916748047 7 14
  endloop
endfacet
facet normal 0 0 0
  outer loop
    vertex -76.28852081298828 7 14
    vertex -76.28852081298828 7 22
    vertex -62.13547897338867 7 19
  endloop
endfacet
facet normal 0 0 0
  outer loop
    vertex -76.28852081298828 7 14
    vertex -62.13547897338867 7 19
    vertex -47.86452102661133 7 19
  endloop
endfacet
facet normal 0 0 0
  outer loop
    vertex -76.28852081298828 7 22
    vertex -62.13547897338867 7 22
    vertex -62.13547897338867 7 19
  endloop
endfacet
facet normal 0 0 0
  outer loop
    vertex -75.86119079589844 3.6507089138031006 22
    vertex -65 0 22
    vertex -64.95185089111328 0.9801713824272156 22
  endloop
endfacet
facet normal 0 0 0
  outer loop
    vertex -75.86119079589844 3.6507089138031006 22
    vertex -64.95185089111328 0.9801713824272156 22
    vertex -64.80785369873047 1.9509031772613525 22
  endloop
endfacet
facet normal 0 0 0
  outer loop
    vertex -75.96615600585938 3.6690776348114014 22
    vertex -75.86119079589844 3.6507089138031006 22
    vertex -64.2387924194336 3.8268344402313232 22
  endloop
endfacet
facet normal 0 0 0
  outer loop
    vertex -75.96615600585938 3.6690776348114014 22
    vertex -64.2387924194336 3.8268344402313232 22
    vertex -76.28852081298828 7 22
  endloop
endfacet
facet normal 0 0 0
  outer loop
    vertex -75.86119079589844 3.6507089138031006 22
    vertex -64.80785369873047 1.9509031772613525 22
    vertex -64.56940460205078 2.9028468132019043 22
  endloop
endfacet
facet normal 0 0 0
  outer loop
    vertex -75.86119079589844 3.6507089138031006 22
    vertex -64.56940460205078 2.9028468132019043 22
    vertex -64.2387924194336 3.8268344402313232 22
  endloop
endfacet
facet normal 0 0 0
  outer loop
    vertex -76.28852081298828 7 22
    vertex -64.2387924194336 3.8268344402313232 22
    vertex -63.8192138671875 4.713967323303223 22
  endloop
endfacet
facet normal 0 0 0
  outer loop
    vertex -76.28852081298828 7 22
    vertex -63.8192138671875 4.713967323303223 22
    vertex -63.314697265625 5.555702209472656 22
  endloop
endfacet
facet normal 0 0 0
  outer loop
    vertex -76.28852081298828 7 22
    vertex -63.314697265625 5.555702209472656 22
    vertex -62.730106353759766 6.343932628631592 22
  endloop
endfacet
facet normal 0 0 0
  outer loop
    vertex -76.28852081298828 7 22
    vertex -62.730106353759766 6.343932628631592 22
    vertex -62.13547897338867 7 22
  endloop
endfacet
facet normal 0 0 0
  outer loop
    vertex -76.28852081298828 -7 14
    vertex -15.0781888961792 7 14
    vertex -22.483470916748047 -7 14
  endloop
endfacet
facet normal 0 0 0
  outer loop
    vertex -22.483470916748047 -7 14
    vertex -15.0781888961792 7 14
    vertex -21.778175354003906 -7 14
  endloop
endfacet
facet normal 0 0 0
  outer loop
    vertex -22.483470916748047 -7 14
    vertex -47.86452102661133 -7 19
    vertex -62.13547897338867 -7 19
  endloop
endfacet
facet normal 0 0 0
  outer loop
    vertex -22.483470916748047 -7 14
    vertex -22.483470916748047 -7 22
    vertex -47.86452102661133 -7 19
  endloop
endfacet
facet normal 0 0 0
  outer loop
    vertex -21.778175354003906 -7 14
    vertex -15.0781888961792 7 14
    vertex -15.0781888961792 -7 14
  endloop
endfacet
facet normal 0 0 0
  outer loop
    vertex -22.483470916748047 -7 22
    vertex -47.86452102661133 -7 22
    vertex -47.86452102661133 -7 19
  endloop
endfacet
facet normal 0 0 0
  outer loop
    vertex -23.14616584777832 -6.11127233505249 22
    vertex -47.269893646240234 -6.343932628631592 22
    vertex -47.86452102661133 -7 22
  endloop
endfacet
facet normal 0 0 0
  outer loop
    vertex -23.14616584777832 -6.11127233505249 22
    vertex -46.685302734375 -5.555702209472656 22
    vertex -47.269893646240234 -6.343932628631592 22
  endloop
endfacet
facet normal 0 0 0
  outer loop
    vertex -23.14616584777832 -6.11127233505249 22
    vertex -46.1807861328125 -4.713967323303223 22
    vertex -46.685302734375 -5.555702209472656 22
  endloop
endfacet
facet normal 0 0 0
  outer loop
    vertex -23.14616584777832 -6.11127233505249 22
    vertex -45.76120376586914 -3.8268344402313232 22
    vertex -46.1807861328125 -4.713967323303223 22
  endloop
endfacet
facet normal 0 0 0
  outer loop
    vertex -23.14616584777832 -6.11127233505249 22
    vertex -45.43059539794922 -2.9028468132019043 22
    vertex -45.76120376586914 -3.8268344402313232 22
  endloop
endfacet
facet normal 0 0 0
  outer loop
    vertex -23.701133728027344 -5.185364246368408 22
    vertex -45.19214630126953 -1.9509031772613525 22
    vertex -45.43059539794922 -2.9028468132019043 22
  endloop
endfacet
facet normal 0 0 0
  outer loop
    vertex -24.526344299316406 -3.193131446838379 22
    vertex -45.048152923583984 -0.9801713824272156 22
    vertex -45.19214630126953 -1.9509031772613525 22
  endloop
endfacet
facet normal 0 0 0
  outer loop
    vertex -24.788637161254883 -2.14599347114563 22
    vertex -45 0 22
    vertex -45.048152923583984 -0.9801713824272156 22
  endloop
endfacet
facet normal 0 0 0
  outer loop
    vertex -22.483470916748047 -7 22
    vertex -22.503114700317383 -6.978326320648193 22
    vertex -47.86452102661133 -7 22
  endloop
endfacet
facet normal 0 0 0
  outer loop
    vertex -22.503114700317383 -6.978326320648193 22
    vertex -23.14616584777832 -6.11127233505249 22
    vertex -47.86452102661133 -7 22
  endloop
endfacet
facet normal 0 0 0
  outer loop
    vertex -23.701133728027344 -5.185364246368408 22
    vertex -45.43059539794922 -2.9028468132019043 22
    vertex -23.14616584777832 -6.11127233505249 22
  endloop
endfacet
facet normal 0 0 0
  outer loop
    vertex -23.701133728027344 -5.185364246368408 22
    vertex -24.162673950195312 -4.209517955780029 22
    vertex -45.19214630126953 -1.9509031772613525 22
  endloop
endfacet
facet normal 0 0 0
  outer loop
    vertex -24.162673950195312 -4.209517955780029 22
    vertex -24.526344299316406 -3.193131446838379 22
    vertex -45.19214630126953 -1.9509031772613525 22
  endloop
endfacet
facet normal 0 0 0
  outer loop
    vertex -24.526344299316406 -3.193131446838379 22
    vertex -24.788637161254883 -2.14599347114563 22
    vertex -45.048152923583984 -0.9801713824272156 22
  endloop
endfacet
facet normal 0 0 0
  outer loop
    vertex -24.788637161254883 -2.14599347114563 22
    vertex -24.947032928466797 -1.0781885385513306 22
    vertex -45 0 22
  endloop
endfacet
facet normal 0 0 0
  outer loop
    vertex -24.947032928466797 -1.0781885385513306 22
    vertex -25 0 22
    vertex -45 0 22
  endloop
endfacet
facet normal 0 0 0
  outer loop
    vertex -76.28852081298828 -7 14
    vertex -22.483470916748047 7 14
    vertex -21.816404342651367 7 14
  endloop
endfacet
facet normal 0 0 0
  outer loop
    vertex -76.28852081298828 -7 14
    vertex -21.816404342651367 7 14
    vertex -15.0781888961792 7 14
  endloop
endfacet
facet normal 0 0 0
  outer loop
    vertex -76.28852081298828 7 14
    vertex -22.483470916748047 7 22
    vertex -22.483470916748047 7 14
  endloop
endfacet
facet normal 0 0 0
  outer loop
    vertex -76.28852081298828 7 14
    vertex -47.86452102661133 7 19
    vertex -22.483470916748047 7 22
  endloop
endfacet
facet normal 0 0 0
  outer loop
    vertex -22.483470916748047 7 22
    vertex -47.86452102661133 7 19
    vertex -47.86452102661133 7 22
  endloop
endfacet
facet normal 0 0 0
  outer loop
    vertex -25 0 22
    vertex -45.048152923583984 0.9801713824272156 22
    vertex -45 0 22
  endloop
endfacet
facet normal 0 0 0
  outer loop
    vertex -24.947032928466797 1.0781885385513306 22
    vertex -45.19214630126953 1.9509031772613525 22
    vertex -45.048152923583984 0.9801713824272156 22
  endloop
endfacet
facet normal 0 0 0
  outer loop
    vertex -24.788637161254883 2.14599347114563 22
    vertex -45.43059539794922 2.9028468132019043 22
    vertex -45.19214630126953 1.9509031772613525 22
  endloop
endfacet
facet normal 0 0 0
  outer loop
    vertex -24.526344299316406 3.193131446838379 22
    vertex -45.76120376586914 3.8268344402313232 22
    vertex -45.43059539794922 2.9028468132019043 22
  endloop
endfacet
facet normal 0 0 0
  outer loop
    vertex -24.162673950195312 4.209517955780029 22
    vertex -46.1807861328125 4.713967323303223 22
    vertex -45.76120376586914 3.8268344402313232 22
  endloop
endfacet
facet normal 0 0 0
  outer loop
    vertex -24.162673950195312 4.209517955780029 22
    vertex -46.685302734375 5.555702209472656 22
    vertex -46.1807861328125 4.713967323303223 22
  endloop
endfacet
facet normal 0 0 0
  outer loop
    vertex -23.701133728027344 5.185364246368408 22
    vertex -47.269893646240234 6.343932628631592 22
    vertex -46.685302734375 5.555702209472656 22
  endloop
endfacet
facet normal 0 0 0
  outer loop
    vertex -22.503114700317383 6.978326320648193 22
    vertex -47.86452102661133 7 22
    vertex -47.269893646240234 6.343932628631592 22
  endloop
endfacet
facet normal 0 0 0
  outer loop
    vertex -25 0 22
    vertex -24.947032928466797 1.0781885385513306 22
    vertex -45.048152923583984 0.9801713824272156 22
  endloop
endfacet
facet normal 0 0 0
  outer loop
    vertex -24.947032928466797 1.0781885385513306 22
    vertex -24.788637161254883 2.14599347114563 22
    vertex -45.19214630126953 1.9509031772613525 22
  endloop
endfacet
facet normal 0 0 0
  outer loop
    vertex -24.788637161254883 2.14599347114563 22
    vertex -24.526344299316406 3.193131446838379 22
    vertex -45.43059539794922 2.9028468132019043 22
  endloop
endfacet
facet normal 0 0 0
  outer loop
    vertex -24.526344299316406 3.193131446838379 22
    vertex -24.162673950195312 4.209517955780029 22
    vertex -45.76120376586914 3.8268344402313232 22
  endloop
endfacet
facet normal 0 0 0
  outer loop
    vertex -24.162673950195312 4.209517955780029 22
    vertex -23.701133728027344 5.185364246368408 22
    vertex -46.685302734375 5.555702209472656 22
  endloop
endfacet
facet normal 0 0 0
  outer loop
    vertex -23.701133728027344 5.185364246368408 22
    vertex -23.14616584777832 6.11127233505249 22
    vertex -47.269893646240234 6.343932628631592 22
  endloop
endfacet
facet normal 0 0 0
  outer loop
    vertex -23.14616584777832 6.11127233505249 22
    vertex -22.503114700317383 6.978326320648193 22
    vertex -47.269893646240234 6.343932628631592 22
  endloop
endfacet
facet normal 0 0 0
  outer loop
    vertex -22.503114700317383 6.978326320648193 22
    vertex -22.483470916748047 7 22
    vertex -47.86452102661133 7 22
  endloop
endfacet
facet normal 0 0 0
  outer loop
    vertex -18.209518432617188 -10.162674903869629 14
    vertex -17.193132400512695 -10.52634334564209 14
    vertex -18.209518432617188 -10.162674903869629 24
  endloop
endfacet
facet normal 0 0 0
  outer loop
    vertex -20.11127281188965 -9.14616584777832 14
    vertex -20.97832679748535 -8.503114700317383 14
    vertex -15.0781888961792 -7 14
  endloop
endfacet
facet normal 0 0 0
  outer loop
    vertex -20.11127281188965 -9.14616584777832 14
    vertex -15.0781888961792 -7 14
    vertex -19.18536376953125 -9.701133728027344 14
  endloop
endfacet
facet normal 0 0 0
  outer loop
    vertex -21.778175354003906 -7.77817440032959 14
    vertex -15.0781888961792 -7 14
    vertex -20.97832679748535 -8.503114700317383 14
  endloop
endfacet
facet normal 0 0 0
  outer loop
    vertex -21.778175354003906 -7.77817440032959 14
    vertex -22.483470916748047 -7 14
    vertex -21.778175354003906 -7 14
  endloop
endfacet
facet normal 0 0 0
  outer loop
    vertex -21.778175354003906 -7.77817440032959 14
    vertex -21.778175354003906 -7 14
    vertex -15.0781888961792 -7 14
  endloop
endfacet
facet normal 0 0 0
  outer loop
    vertex -20.11127281188965 -9.14616584777832 14
    vertex -19.18536376953125 -9.701133728027344 14
    vertex -20.11127281188965 -9.14616584777832 24
  endloop
endfacet
facet normal 0 0 0
  outer loop
    vertex -18.209518432617188 -10.162674903869629 14
    vertex -19.18536376953125 -9.701133728027344 24
    vertex -19.18536376953125 -9.701133728027344 14
  endloop
endfacet
facet normal 0 0 0
  outer loop
    vertex -20.11127281188965 -9.14616584777832 14
    vertex -20.97832679748535 -8.503114700317383 24
    vertex -20.97832679748535 -8.503114700317383 14
  endloop
endfacet
facet normal 0 0 0
  outer loop
    vertex -21.778175354003906 -7.77817440032959 14
    vertex -20.97832679748535 -8.503114700317383 14
    vertex -21.778175354003906 -7.77817440032959 24
  endloop
endfacet
facet normal 0 0 0
  outer loop
    vertex -21.778175354003906 -7.77817440032959 14
    vertex -22.483470916748047 -7 22
    vertex -22.483470916748047 -7 14
  endloop
endfacet
facet normal 0 0 0
  outer loop
    vertex -10.806868553161621 -10.52634334564209 14
    vertex -10.800312042236328 -10.392875671386719 14
    vertex -10.710572242736816 -10.491888046264648 14
  endloop
endfacet
facet normal 0 0 0
  outer loop
    vertex -16.145994186401367 -10.7886381149292 14
    vertex -15.0781888961792 -10.94703197479248 14
    vertex -16.145994186401367 -10.7886381149292 24
  endloop
endfacet
facet normal 0 0 0
  outer loop
    vertex -16.145994186401367 -10.7886381149292 14
    vertex -17.193132400512695 -10.52634334564209 24
    vertex -17.193132400512695 -10.52634334564209 14
  endloop
endfacet
facet normal 0 0 0
  outer loop
    vertex -15.0781888961792 -10.94703197479248 14
    vertex -14 -11 14
    vertex -15.0781888961792 -10.94703197479248 24
  endloop
endfacet
facet normal 0 0 0
  outer loop
    vertex -14 -11 14
    vertex -12.9218111038208 -10.94703197479248 14
    vertex -14 -11 24
  endloop
endfacet
facet normal 0 0 0
  outer loop
    vertex -12.9218111038208 -10.94703197479248 14
    vertex -11.85400676727295 -10.7886381149292 14
    vertex -12.9218111038208 -10.94703197479248 24
  endloop
endfacet
facet normal 0 0 0
  outer loop
    vertex -11.85400676727295 -10.7886381149292 14
    vertex -10.806868553161621 -10.52634334564209 14
    vertex -11.85400676727295 -10.7886381149292 24
  endloop
endfacet
facet normal 0 0 0
  outer loop
    vertex -10.806868553161621 -10.52634334564209 14
    vertex -10.710572242736816 -10.491888046264648 14
    vertex -10.710572242736816 -10.491888046264648 24
  endloop
endfacet
facet normal 0 0 0
  outer loop
    vertex -16.145994186401367 -10.7886381149292 14
    vertex -17.193132400512695 -10.52634334564209 14
    vertex -15.0781888961792 -7 14
  endloop
endfacet
facet normal 0 0 0
  outer loop
    vertex -18.209518432617188 -10.162674903869629 14
    vertex -15.0781888961792 -7 14
    vertex -17.193132400512695 -10.52634334564209 14
  endloop
endfacet
facet normal 0 0 0
  outer loop
    vertex -18.209518432617188 -10.162674903869629 14
    vertex -19.18536376953125 -9.701133728027344 14
    vertex -15.0781888961792 -7 14
  endloop
endfacet
facet normal 0 0 0
  outer loop
    vertex -16.145994186401367 -10.7886381149292 14
    vertex -15.0781888961792 -7 14
    vertex -15.0781888961792 -10.94703197479248 14
  endloop
endfacet
facet normal 0 0 0
  outer loop
    vertex -11.85400676727295 -10.7886381149292 14
    vertex -11.5951566696167 -5.519632339477539 14
    vertex -10.806868553161621 -10.52634334564209 14
  endloop
endfacet
facet normal 0 0 0
  outer loop
    vertex -12.9218111038208 -10.94703197479248 14
    vertex -12.9218111038208 -0.8216696381568909 14
    vertex -11.85400676727295 -10.7886381149292 14
  endloop
endfacet
facet normal 0 0 0
  outer loop
    vertex -15.0781888961792 -10.94703197479248 14
    vertex -14.354104995727539 3.7920265197753906 14
    vertex -14 -11 14
  endloop
endfacet
facet normal 0 0 0
  outer loop
    vertex -14 -11 14
    vertex -13.228818893432617 4.697750568389893 14
    vertex -12.9218111038208 -10.94703197479248 14
  endloop
endfacet
facet normal 0 0 0
  outer loop
    vertex -15.0781888961792 -10.94703197479248 14
    vertex -15.0781888961792 -7 14
    vertex -14.354104995727539 3.7920265197753906 14
  endloop
endfacet
facet normal 0 0 0
  outer loop
    vertex -11.85400676727295 -10.7886381149292 14
    vertex -12.9218111038208 -0.8216696381568909 14
    vertex -12.472043991088867 -1.791808843612671 14
  endloop
endfacet
facet normal 0 0 0
  outer loop
    vertex -11.85400676727295 -10.7886381149292 14
    vertex -11.85400676727295 4.246893405914307 14
    vertex -11.5951566696167 -5.519632339477539 14
  endloop
endfacet
facet normal 0 0 0
  outer loop
    vertex -10.806868553161621 -10.52634334564209 14
    vertex -10.806868553161621 6.530076503753662 14
    vertex -10.800312042236328 -10.392875671386719 14
  endloop
endfacet
facet normal 0 0 0
  outer loop
    vertex -11.85400676727295 -10.7886381149292 14
    vertex -12.472043991088867 -1.791808843612671 14
    vertex -11.85400676727295 4.246893405914307 14
  endloop
endfacet
facet normal 0 0 0
  outer loop
    vertex -10.806868553161621 -10.52634334564209 14
    vertex -11.5951566696167 -5.519632339477539 14
    vertex -10.806868553161621 6.530076503753662 14
  endloop
endfacet
facet normal 0 0 0
  outer loop
    vertex -14 -11 14
    vertex -14.354104995727539 3.7920265197753906 14
    vertex -14 2.853703498840332 14
  endloop
endfacet
facet normal 0 0 0
  outer loop
    vertex -14 -11 14
    vertex -14 2.853703498840332 14
    vertex -13.228818893432617 4.697750568389893 14
  endloop
endfacet
facet normal 0 0 0
  outer loop
    vertex -12.9218111038208 -10.94703197479248 14
    vertex -13.228818893432617 4.697750568389893 14
    vertex -12.9218111038208 -0.8216696381568909 14
  endloop
endfacet
facet normal 0 0 0
  outer loop
    vertex -18.209518432617188 -10.162674903869629 14
    vertex -18.209518432617188 -10.162674903869629 24
    vertex -19.18536376953125 -9.701133728027344 24
  endloop
endfacet
facet normal 0 0 0
  outer loop
    vertex -17.193132400512695 -10.52634334564209 14
    vertex -17.193132400512695 -10.52634334564209 24
    vertex -18.209518432617188 -10.162674903869629 24
  endloop
endfacet
facet normal 0 0 0
  outer loop
    vertex -21.778175354003906 -7.77817440032959 14
    vertex -22.503114700317383 -6.978326320648193 24
    vertex -22.483470916748047 -7 22
  endloop
endfacet
facet normal 0 0 0
  outer loop
    vertex -21.778175354003906 -7.77817440032959 14
    vertex -21.778175354003906 -7.77817440032959 24
    vertex -22.503114700317383 -6.978326320648193 24
  endloop
endfacet
facet normal 0 0 0
  outer loop
    vertex -20.11127281188965 -9.14616584777832 14
    vertex -20.11127281188965 -9.14616584777832 24
    vertex -20.97832679748535 -8.503114700317383 24
  endloop
endfacet
facet normal 0 0 0
  outer loop
    vertex -19.18536376953125 -9.701133728027344 14
    vertex -19.18536376953125 -9.701133728027344 24
    vertex -20.11127281188965 -9.14616584777832 24
  endloop
endfacet
facet normal 0 0 0
  outer loop
    vertex -20.97832679748535 -8.503114700317383 14
    vertex -20.97832679748535 -8.503114700317383 24
    vertex -21.778175354003906 -7.77817440032959 24
  endloop
endfacet
facet normal 0 0 0
  outer loop
    vertex -22.483470916748047 -7 22
    vertex -22.503114700317383 -6.978326320648193 24
    vertex -22.503114700317383 -6.978326320648193 22
  endloop
endfacet
facet normal 0 0 0
  outer loop
    vertex -22.503114700317383 -6.978326320648193 22
    vertex -23.14616584777832 -6.11127233505249 24
    vertex -23.14616584777832 -6.11127233505249 22
  endloop
endfacet
facet normal 0 0 0
  outer loop
    vertex -23.701133728027344 -5.185364246368408 22
    vertex -23.14616584777832 -6.11127233505249 22
    vertex -23.701133728027344 -5.185364246368408 24
  endloop
endfacet
facet normal 0 0 0
  outer loop
    vertex -22.503114700317383 -6.978326320648193 22
    vertex -22.503114700317383 -6.978326320648193 24
    vertex -23.14616584777832 -6.11127233505249 24
  endloop
endfacet
facet normal 0 0 0
  outer loop
    vertex -23.14616584777832 -6.11127233505249 22
    vertex -23.14616584777832 -6.11127233505249 24
    vertex -23.701133728027344 -5.185364246368408 24
  endloop
endfacet
facet normal 0 0 0
  outer loop
    vertex -23.701133728027344 -5.185364246368408 22
    vertex -24.162673950195312 -4.209517955780029 24
    vertex -24.162673950195312 -4.209517955780029 22
  endloop
endfacet
facet normal 0 0 0
  outer loop
    vertex -24.162673950195312 -4.209517955780029 22
    vertex -24.526344299316406 -3.193131446838379 24
    vertex -24.526344299316406 -3.193131446838379 22
  endloop
endfacet
facet normal 0 0 0
  outer loop
    vertex -24.526344299316406 -3.193131446838379 22
    vertex -24.788637161254883 -2.14599347114563 24
    vertex -24.788637161254883 -2.14599347114563 22
  endloop
endfacet
facet normal 0 0 0
  outer loop
    vertex -24.788637161254883 -2.14599347114563 22
    vertex -24.947032928466797 -1.0781885385513306 24
    vertex -24.947032928466797 -1.0781885385513306 22
  endloop
endfacet
facet normal 0 0 0
  outer loop
    vertex -24.947032928466797 -1.0781885385513306 22
    vertex -25 0 24
    vertex -25 0 22
  endloop
endfacet
facet normal 0 0 0
  outer loop
    vertex -23.701133728027344 -5.185364246368408 22
    vertex -23.701133728027344 -5.185364246368408 24
    vertex -24.162673950195312 -4.209517955780029 24
  endloop
endfacet
facet normal 0 0 0
  outer loop
    vertex -24.162673950195312 -4.209517955780029 22
    vertex -24.162673950195312 -4.209517955780029 24
    vertex -24.526344299316406 -3.193131446838379 24
  endloop
endfacet
facet normal 0 0 0
  outer loop
    vertex -24.526344299316406 -3.193131446838379 22
    vertex -24.526344299316406 -3.193131446838379 24
    vertex -24.788637161254883 -2.14599347114563 24
  endloop
endfacet
facet normal 0 0 0
  outer loop
    vertex -21.778175354003906 -7.77817440032959 24
    vertex -20.97832679748535 -8.503114700317383 24
    vertex -20.97832679748535 8.503114700317383 24
  endloop
endfacet
facet normal 0 0 0
  outer loop
    vertex -20.11127281188965 -9.14616584777832 24
    vertex -20.11127281188965 9.14616584777832 24
    vertex -20.97832679748535 -8.503114700317383 24
  endloop
endfacet
facet normal 0 0 0
  outer loop
    vertex -18.209518432617188 -10.162674903869629 24
    vertex -18.209518432617188 10.162674903869629 24
    vertex -19.18536376953125 -9.701133728027344 24
  endloop
endfacet
facet normal 0 0 0
  outer loop
    vertex -18.209518432617188 -10.162674903869629 24
    vertex -17.193132400512695 -10.52634334564209 24
    vertex -17.193132400512695 10.52634334564209 24
  endloop
endfacet
facet normal 0 0 0
  outer loop
    vertex -20.11127281188965 -9.14616584777832 24
    vertex -19.18536376953125 -9.701133728027344 24
    vertex -19.18536376953125 9.701133728027344 24
  endloop
endfacet
facet normal 0 0 0
  outer loop
    vertex -24.788637161254883 -2.14599347114563 22
    vertex -24.788637161254883 -2.14599347114563 24
    vertex -24.947032928466797 -1.0781885385513306 24
  endloop
endfacet
facet normal 0 0 0
  outer loop
    vertex -24.947032928466797 -1.0781885385513306 22
    vertex -24.947032928466797 -1.0781885385513306 24
    vertex -25 0 24
  endloop
endfacet
facet normal 0 0 0
  outer loop
    vertex -23.701133728027344 -5.185364246368408 24
    vertex -23.701133728027344 5.185364246368408 24
    vertex -24.162673950195312 -4.209517955780029 24
  endloop
endfacet
facet normal 0 0 0
  outer loop
    vertex -22.503114700317383 -6.978326320648193 24
    vertex -22.503114700317383 6.978326320648193 24
    vertex -23.14616584777832 -6.11127233505249 24
  endloop
endfacet
facet normal 0 0 0
  outer loop
    vertex -21.778175354003906 -7.77817440032959 24
    vertex -21.778175354003906 7.77817440032959 24
    vertex -22.503114700317383 -6.978326320648193 24
  endloop
endfacet
facet normal 0 0 0
  outer loop
    vertex -23.701133728027344 -5.185364246368408 24
    vertex -23.14616584777832 -6.11127233505249 24
    vertex -23.14616584777832 6.11127233505249 24
  endloop
endfacet
facet normal 0 0 0
  outer loop
    vertex -24.526344299316406 -3.193131446838379 24
    vertex -24.526344299316406 3.193131446838379 24
    vertex -24.788637161254883 -2.14599347114563 24
  endloop
endfacet
facet normal 0 0 0
  outer loop
    vertex -24.162673950195312 -4.209517955780029 24
    vertex -24.162673950195312 4.209517955780029 24
    vertex -24.526344299316406 -3.193131446838379 24
  endloop
endfacet
facet normal 0 0 0
  outer loop
    vertex -24.788637161254883 -2.14599347114563 24
    vertex -24.788637161254883 2.14599347114563 24
    vertex -24.947032928466797 -1.0781885385513306 24
  endloop
endfacet
facet normal 0 0 0
  outer loop
    vertex -16.145994186401367 -10.7886381149292 14
    vertex -16.145994186401367 -10.7886381149292 24
    vertex -17.193132400512695 -10.52634334564209 24
  endloop
endfacet
facet normal 0 0 0
  outer loop
    vertex -15.0781888961792 -10.94703197479248 14
    vertex -15.0781888961792 -10.94703197479248 24
    vertex -16.145994186401367 -10.7886381149292 24
  endloop
endfacet
facet normal 0 0 0
  outer loop
    vertex -14 -11 14
    vertex -14 -11 24
    vertex -15.0781888961792 -10.94703197479248 24
  endloop
endfacet
facet normal 0 0 0
  outer loop
    vertex -12.9218111038208 -10.94703197479248 14
    vertex -12.9218111038208 -10.94703197479248 24
    vertex -14 -11 24
  endloop
endfacet
facet normal 0 0 0
  outer loop
    vertex -11.85400676727295 -10.7886381149292 14
    vertex -11.85400676727295 -10.7886381149292 24
    vertex -12.9218111038208 -10.94703197479248 24
  endloop
endfacet
facet normal 0 0 0
  outer loop
    vertex -10.806868553161621 -10.52634334564209 14
    vertex -10.806868553161621 -10.52634334564209 24
    vertex -11.85400676727295 -10.7886381149292 24
  endloop
endfacet
facet normal 0 0 0
  outer loop
    vertex -10.806868553161621 -10.52634334564209 14
    vertex -10.710572242736816 -10.491888046264648 24
    vertex -10.806868553161621 -10.52634334564209 24
  endloop
endfacet
facet normal 0 0 0
  outer loop
    vertex -10.806868553161621 -10.52634334564209 24
    vertex -10.710572242736816 -10.491888046264648 24
    vertex -10.60660171508789 -6.4498186111450195 24
  endloop
endfacet
facet normal 0 0 0
  outer loop
    vertex -10.710572242736816 -10.491888046264648 24
    vertex -10.60660171508789 -10.454687118530273 24
    vertex -10.60660171508789 -6.4498186111450195 24
  endloop
endfacet
facet normal 0 0 0
  outer loop
    vertex -16.145994186401367 -10.7886381149292 24
    vertex -16.145994186401367 10.7886381149292 24
    vertex -17.193132400512695 -10.52634334564209 24
  endloop
endfacet
facet normal 0 0 0
  outer loop
    vertex -16.145994186401367 -10.7886381149292 24
    vertex -15.0781888961792 -10.94703197479248 24
    vertex -15.0781888961792 10.94703197479248 24
  endloop
endfacet
facet normal 0 0 0
  outer loop
    vertex -15.0781888961792 -10.94703197479248 24
    vertex -14 -11 24
    vertex -14 11 24
  endloop
endfacet
facet normal 0 0 0
  outer loop
    vertex -11.85400676727295 -10.7886381149292 24
    vertex -10.806868553161621 -10.52634334564209 24
    vertex -10.806868553161621 6.530076503753662 24
  endloop
endfacet
facet normal 0 0 0
  outer loop
    vertex -14 -11 24
    vertex -12.9218111038208 -10.94703197479248 24
    vertex -12.9218111038208 10.94703197479248 24
  endloop
endfacet
facet normal 0 0 0
  outer loop
    vertex -12.9218111038208 -10.94703197479248 24
    vertex -11.85400676727295 -10.7886381149292 24
    vertex -11.85400676727295 10.7886381149292 24
  endloop
endfacet
facet normal 0 0 0
  outer loop
    vertex -10.806868553161621 -10.52634334564209 24
    vertex -10.60660171508789 -6.4498186111450195 24
    vertex -10.806868553161621 6.530076503753662 24
  endloop
endfacet
facet normal 0 0 0
  outer loop
    vertex -8.333553314208984 -9.412784576416016 24
    vertex -7.88872766494751 -3.4174017906188965 24
    vertex -8.333553314208984 0 24
  endloop
endfacet
facet normal 0 0 0
  outer loop
    vertex -7.88872766494751 -3.4174017906188965 24
    vertex -8.321950912475586 0 24
    vertex -8.333553314208984 0 24
  endloop
endfacet
facet normal 0 0 0
  outer loop
    vertex -22.483470916748047 7 14
    vertex -21.778175354003906 7.77817440032959 14
    vertex -21.816404342651367 7 14
  endloop
endfacet
facet normal 0 0 0
  outer loop
    vertex -21.816404342651367 7 14
    vertex -21.778175354003906 7.77817440032959 14
    vertex -20.97832679748535 8.503114700317383 14
  endloop
endfacet
facet normal 0 0 0
  outer loop
    vertex -21.816404342651367 7 14
    vertex -20.97832679748535 8.503114700317383 14
    vertex -20.11127281188965 9.14616584777832 14
  endloop
endfacet
facet normal 0 0 0
  outer loop
    vertex -21.816404342651367 7 14
    vertex -20.11127281188965 9.14616584777832 14
    vertex -19.18536376953125 9.701133728027344 14
  endloop
endfacet
facet normal 0 0 0
  outer loop
    vertex -21.816404342651367 7 14
    vertex -19.18536376953125 9.701133728027344 14
    vertex -18.209518432617188 10.162674903869629 14
  endloop
endfacet
facet normal 0 0 0
  outer loop
    vertex -21.816404342651367 7 14
    vertex -18.209518432617188 10.162674903869629 14
    vertex -17.193132400512695 10.52634334564209 14
  endloop
endfacet
facet normal 0 0 0
  outer loop
    vertex -21.816404342651367 7 14
    vertex -17.193132400512695 10.52634334564209 14
    vertex -16.145994186401367 10.7886381149292 14
  endloop
endfacet
facet normal 0 0 0
  outer loop
    vertex -21.816404342651367 7 14
    vertex -16.145994186401367 10.7886381149292 14
    vertex -15.0781888961792 10.94703197479248 14
  endloop
endfacet
facet normal 0 0 0
  outer loop
    vertex -22.483470916748047 7 14
    vertex -22.483470916748047 7 22
    vertex -21.778175354003906 7.77817440032959 14
  endloop
endfacet
facet normal 0 0 0
  outer loop
    vertex -21.778175354003906 7.77817440032959 14
    vertex -20.97832679748535 8.503114700317383 24
    vertex -20.97832679748535 8.503114700317383 14
  endloop
endfacet
facet normal 0 0 0
  outer loop
    vertex -20.97832679748535 8.503114700317383 14
    vertex -20.11127281188965 9.14616584777832 24
    vertex -20.11127281188965 9.14616584777832 14
  endloop
endfacet
facet normal 0 0 0
  outer loop
    vertex -20.11127281188965 9.14616584777832 14
    vertex -19.18536376953125 9.701133728027344 24
    vertex -19.18536376953125 9.701133728027344 14
  endloop
endfacet
facet normal 0 0 0
  outer loop
    vertex -19.18536376953125 9.701133728027344 14
    vertex -18.209518432617188 10.162674903869629 24
    vertex -18.209518432617188 10.162674903869629 14
  endloop
endfacet
facet normal 0 0 0
  outer loop
    vertex -18.209518432617188 10.162674903869629 14
    vertex -17.193132400512695 10.52634334564209 24
    vertex -17.193132400512695 10.52634334564209 14
  endloop
endfacet
facet normal 0 0 0
  outer loop
    vertex -15.0781888961792 -7 14
    vertex -15.0781888961792 7 14
    vertex -14.354104995727539 3.7920265197753906 14
  endloop
endfacet
facet normal 0 0 0
  outer loop
    vertex -12.472043991088867 -1.791808843612671 14
    vertex -12.9218111038208 -0.8216696381568909 14
    vertex -12.9218111038208 7.583162307739258 14
  endloop
endfacet
facet normal 0 0 0
  outer loop
    vertex -14 2.853703498840332 14
    vertex -14 5.343927383422852 14
    vertex -13.228818893432617 4.697750568389893 14
  endloop
endfacet
facet normal 0 0 0
  outer loop
    vertex -11.5951566696167 -5.519632339477539 14
    vertex -11.85400676727295 4.246893405914307 14
    vertex -10.814176559448242 10.377577781677246 14
  endloop
endfacet
facet normal 0 0 0
  outer loop
    vertex -12.472043991088867 -1.791808843612671 14
    vertex -12.9218111038208 7.583162307739258 14
    vertex -11.939330101013184 9.051835060119629 14
  endloop
endfacet
facet normal 0 0 0
  outer loop
    vertex -13.228818893432617 4.697750568389893 14
    vertex -14 5.343927383422852 14
    vertex -13.101821899414062 7.282832622528076 14
  endloop
endfacet
facet normal 0 0 0
  outer loop
    vertex -14.354104995727539 3.7920265197753906 14
    vertex -15.0781888961792 10.94703197479248 14
    vertex -14.322088241577148 4.443752288818359 14
  endloop
endfacet
facet normal 0 0 0
  outer loop
    vertex -14.354104995727539 3.7920265197753906 14
    vertex -15.0781888961792 7 14
    vertex -15.0781888961792 10.94703197479248 14
  endloop
endfacet
facet normal 0 0 0
  outer loop
    vertex -14.322088241577148 4.443752288818359 14
    vertex -14 11 14
    vertex -14 5.343927383422852 14
  endloop
endfacet
facet normal 0 0 0
  outer loop
    vertex -21.816404342651367 7 14
    vertex -15.0781888961792 10.94703197479248 14
    vertex -15.0781888961792 7 14
  endloop
endfacet
facet normal 0 0 0
  outer loop
    vertex -14 5.343927383422852 14
    vertex -14 11 14
    vertex -13.101821899414062 7.282832622528076 14
  endloop
endfacet
facet normal 0 0 0
  outer loop
    vertex -14.322088241577148 4.443752288818359 14
    vertex -15.0781888961792 10.94703197479248 14
    vertex -14 11 14
  endloop
endfacet
facet normal 0 0 0
  outer loop
    vertex -11.85400676727295 4.246893405914307 14
    vertex -11.85400676727295 9.16688060760498 14
    vertex -10.814176559448242 10.377577781677246 14
  endloop
endfacet
facet normal 0 0 0
  outer loop
    vertex -13.101821899414062 7.282832622528076 14
    vertex -12.9218111038208 10.94703197479248 14
    vertex -12.9218111038208 7.583162307739258 14
  endloop
endfacet
facet normal 0 0 0
  outer loop
    vertex -12.9218111038208 7.583162307739258 14
    vertex -12.9218111038208 10.94703197479248 14
    vertex -11.939330101013184 9.051835060119629 14
  endloop
endfacet
facet normal 0 0 0
  outer loop
    vertex -13.101821899414062 7.282832622528076 14
    vertex -14 11 14
    vertex -12.9218111038208 10.94703197479248 14
  endloop
endfacet
facet normal 0 0 0
  outer loop
    vertex -11.939330101013184 9.051835060119629 14
    vertex -11.85400676727295 10.7886381149292 14
    vertex -11.85400676727295 9.16688060760498 14
  endloop
endfacet
facet normal 0 0 0
  outer loop
    vertex -11.939330101013184 9.051835060119629 14
    vertex -12.9218111038208 10.94703197479248 14
    vertex -11.85400676727295 10.7886381149292 14
  endloop
endfacet
facet normal 0 0 0
  outer loop
    vertex -11.85400676727295 9.16688060760498 14
    vertex -11.85400676727295 10.7886381149292 14
    vertex -10.814176559448242 10.377577781677246 14
  endloop
endfacet
facet normal 0 0 0
  outer loop
    vertex -11.85400676727295 10.7886381149292 14
    vertex -10.806868553161621 10.52634334564209 14
    vertex -10.814176559448242 10.377577781677246 14
  endloop
endfacet
facet normal 0 0 0
  outer loop
    vertex -10.814176559448242 10.377577781677246 14
    vertex -10.806868553161621 10.52634334564209 14
    vertex -10.710572242736816 10.491888046264648 14
  endloop
endfacet
facet normal 0 0 0
  outer loop
    vertex -17.193132400512695 10.52634334564209 14
    vertex -16.145994186401367 10.7886381149292 24
    vertex -16.145994186401367 10.7886381149292 14
  endloop
endfacet
facet normal 0 0 0
  outer loop
    vertex -16.145994186401367 10.7886381149292 14
    vertex -15.0781888961792 10.94703197479248 24
    vertex -15.0781888961792 10.94703197479248 14
  endloop
endfacet
facet normal 0 0 0
  outer loop
    vertex -15.0781888961792 10.94703197479248 14
    vertex -14 11 24
    vertex -14 11 14
  endloop
endfacet
facet normal 0 0 0
  outer loop
    vertex -14 11 14
    vertex -12.9218111038208 10.94703197479248 24
    vertex -12.9218111038208 10.94703197479248 14
  endloop
endfacet
facet normal 0 0 0
  outer loop
    vertex -12.9218111038208 10.94703197479248 14
    vertex -11.85400676727295 10.7886381149292 24
    vertex -11.85400676727295 10.7886381149292 14
  endloop
endfacet
facet normal 0 0 0
  outer loop
    vertex -11.85400676727295 10.7886381149292 14
    vertex -10.806868553161621 10.52634334564209 24
    vertex -10.806868553161621 10.52634334564209 14
  endloop
endfacet
facet normal 0 0 0
  outer loop
    vertex -10.806868553161621 10.52634334564209 14
    vertex -10.806868553161621 10.52634334564209 24
    vertex -10.710572242736816 10.491888046264648 14
  endloop
endfacet
facet normal 0 0 0
  outer loop
    vertex -21.778175354003906 7.77817440032959 14
    vertex -22.483470916748047 7 22
    vertex -21.778175354003906 7.77817440032959 24
  endloop
endfacet
facet normal 0 0 0
  outer loop
    vertex -21.778175354003906 7.77817440032959 14
    vertex -21.778175354003906 7.77817440032959 24
    vertex -20.97832679748535 8.503114700317383 24
  endloop
endfacet
facet normal 0 0 0
  outer loop
    vertex -20.97832679748535 8.503114700317383 14
    vertex -20.97832679748535 8.503114700317383 24
    vertex -20.11127281188965 9.14616584777832 24
  endloop
endfacet
facet normal 0 0 0
  outer loop
    vertex -20.11127281188965 9.14616584777832 14
    vertex -20.11127281188965 9.14616584777832 24
    vertex -19.18536376953125 9.701133728027344 24
  endloop
endfacet
facet normal 0 0 0
  outer loop
    vertex -19.18536376953125 9.701133728027344 14
    vertex -19.18536376953125 9.701133728027344 24
    vertex -18.209518432617188 10.162674903869629 24
  endloop
endfacet
facet normal 0 0 0
  outer loop
    vertex -25 0 22
    vertex -24.947032928466797 1.0781885385513306 24
    vertex -24.947032928466797 1.0781885385513306 22
  endloop
endfacet
facet normal 0 0 0
  outer loop
    vertex -24.947032928466797 1.0781885385513306 22
    vertex -24.788637161254883 2.14599347114563 24
    vertex -24.788637161254883 2.14599347114563 22
  endloop
endfacet
facet normal 0 0 0
  outer loop
    vertex -24.788637161254883 2.14599347114563 22
    vertex -24.526344299316406 3.193131446838379 24
    vertex -24.526344299316406 3.193131446838379 22
  endloop
endfacet
facet normal 0 0 0
  outer loop
    vertex -24.526344299316406 3.193131446838379 22
    vertex -24.162673950195312 4.209517955780029 24
    vertex -24.162673950195312 4.209517955780029 22
  endloop
endfacet
facet normal 0 0 0
  outer loop
    vertex -24.162673950195312 4.209517955780029 22
    vertex -23.701133728027344 5.185364246368408 24
    vertex -23.701133728027344 5.185364246368408 22
  endloop
endfacet
facet normal 0 0 0
  outer loop
    vertex -25 0 22
    vertex -25 0 24
    vertex -24.947032928466797 1.0781885385513306 24
  endloop
endfacet
facet normal 0 0 0
  outer loop
    vertex -24.947032928466797 1.0781885385513306 22
    vertex -24.947032928466797 1.0781885385513306 24
    vertex -24.788637161254883 2.14599347114563 24
  endloop
endfacet
facet normal 0 0 0
  outer loop
    vertex -24.788637161254883 2.14599347114563 22
    vertex -24.788637161254883 2.14599347114563 24
    vertex -24.526344299316406 3.193131446838379 24
  endloop
endfacet
facet normal 0 0 0
  outer loop
    vertex -24.947032928466797 -1.0781885385513306 24
    vertex -24.947032928466797 1.0781885385513306 24
    vertex -25 0 24
  endloop
endfacet
facet normal 0 0 0
  outer loop
    vertex -24.947032928466797 -1.0781885385513306 24
    vertex -24.788637161254883 2.14599347114563 24
    vertex -24.947032928466797 1.0781885385513306 24
  endloop
endfacet
facet normal 0 0 0
  outer loop
    vertex -24.788637161254883 -2.14599347114563 24
    vertex -24.526344299316406 3.193131446838379 24
    vertex -24.788637161254883 2.14599347114563 24
  endloop
endfacet
facet normal 0 0 0
  outer loop
    vertex -24.526344299316406 -3.193131446838379 24
    vertex -24.162673950195312 4.209517955780029 24
    vertex -24.526344299316406 3.193131446838379 24
  endloop
endfacet
facet normal 0 0 0
  outer loop
    vertex -24.162673950195312 -4.209517955780029 24
    vertex -23.701133728027344 5.185364246368408 24
    vertex -24.162673950195312 4.209517955780029 24
  endloop
endfacet
facet normal 0 0 0
  outer loop
    vertex -23.701133728027344 -5.185364246368408 24
    vertex -23.14616584777832 6.11127233505249 24
    vertex -23.701133728027344 5.185364246368408 24
  endloop
endfacet
facet normal 0 0 0
  outer loop
    vertex -23.14616584777832 -6.11127233505249 24
    vertex -22.503114700317383 6.978326320648193 24
    vertex -23.14616584777832 6.11127233505249 24
  endloop
endfacet
facet normal 0 0 0
  outer loop
    vertex -24.526344299316406 3.193131446838379 22
    vertex -24.526344299316406 3.193131446838379 24
    vertex -24.162673950195312 4.209517955780029 24
  endloop
endfacet
facet normal 0 0 0
  outer loop
    vertex -24.162673950195312 4.209517955780029 22
    vertex -24.162673950195312 4.209517955780029 24
    vertex -23.701133728027344 5.185364246368408 24
  endloop
endfacet
facet normal 0 0 0
  outer loop
    vertex -22.503114700317383 -6.978326320648193 24
    vertex -21.778175354003906 7.77817440032959 24
    vertex -22.503114700317383 6.978326320648193 24
  endloop
endfacet
facet normal 0 0 0
  outer loop
    vertex -21.778175354003906 -7.77817440032959 24
    vertex -20.97832679748535 8.503114700317383 24
    vertex -21.778175354003906 7.77817440032959 24
  endloop
endfacet
facet normal 0 0 0
  outer loop
    vertex -20.97832679748535 -8.503114700317383 24
    vertex -20.11127281188965 9.14616584777832 24
    vertex -20.97832679748535 8.503114700317383 24
  endloop
endfacet
facet normal 0 0 0
  outer loop
    vertex -20.11127281188965 -9.14616584777832 24
    vertex -19.18536376953125 9.701133728027344 24
    vertex -20.11127281188965 9.14616584777832 24
  endloop
endfacet
facet normal 0 0 0
  outer loop
    vertex -19.18536376953125 -9.701133728027344 24
    vertex -18.209518432617188 10.162674903869629 24
    vertex -19.18536376953125 9.701133728027344 24
  endloop
endfacet
facet normal 0 0 0
  outer loop
    vertex -18.209518432617188 -10.162674903869629 24
    vertex -17.193132400512695 10.52634334564209 24
    vertex -18.209518432617188 10.162674903869629 24
  endloop
endfacet
facet normal 0 0 0
  outer loop
    vertex -23.701133728027344 5.185364246368408 22
    vertex -23.14616584777832 6.11127233505249 24
    vertex -23.14616584777832 6.11127233505249 22
  endloop
endfacet
facet normal 0 0 0
  outer loop
    vertex -23.14616584777832 6.11127233505249 22
    vertex -22.503114700317383 6.978326320648193 24
    vertex -22.503114700317383 6.978326320648193 22
  endloop
endfacet
facet normal 0 0 0
  outer loop
    vertex -22.503114700317383 6.978326320648193 22
    vertex -22.503114700317383 6.978326320648193 24
    vertex -22.483470916748047 7 22
  endloop
endfacet
facet normal 0 0 0
  outer loop
    vertex -23.701133728027344 5.185364246368408 22
    vertex -23.701133728027344 5.185364246368408 24
    vertex -23.14616584777832 6.11127233505249 24
  endloop
endfacet
facet normal 0 0 0
  outer loop
    vertex -23.14616584777832 6.11127233505249 22
    vertex -23.14616584777832 6.11127233505249 24
    vertex -22.503114700317383 6.978326320648193 24
  endloop
endfacet
facet normal 0 0 0
  outer loop
    vertex -22.483470916748047 7 22
    vertex -22.503114700317383 6.978326320648193 24
    vertex -21.778175354003906 7.77817440032959 24
  endloop
endfacet
facet normal 0 0 0
  outer loop
    vertex -18.209518432617188 10.162674903869629 14
    vertex -18.209518432617188 10.162674903869629 24
    vertex -17.193132400512695 10.52634334564209 24
  endloop
endfacet
facet normal 0 0 0
  outer loop
    vertex -11.85400676727295 -10.7886381149292 24
    vertex -10.806868553161621 6.530076503753662 24
    vertex -10.806868553161621 10.52634334564209 24
  endloop
endfacet
facet normal 0 0 0
  outer loop
    vertex -17.193132400512695 -10.52634334564209 24
    vertex -16.145994186401367 10.7886381149292 24
    vertex -17.193132400512695 10.52634334564209 24
  endloop
endfacet
facet normal 0 0 0
  outer loop
    vertex -16.145994186401367 -10.7886381149292 24
    vertex -15.0781888961792 10.94703197479248 24
    vertex -16.145994186401367 10.7886381149292 24
  endloop
endfacet
facet normal 0 0 0
  outer loop
    vertex -15.0781888961792 -10.94703197479248 24
    vertex -14 11 24
    vertex -15.0781888961792 10.94703197479248 24
  endloop
endfacet
facet normal 0 0 0
  outer loop
    vertex -14 -11 24
    vertex -12.9218111038208 10.94703197479248 24
    vertex -14 11 24
  endloop
endfacet
facet normal 0 0 0
  outer loop
    vertex -12.9218111038208 -10.94703197479248 24
    vertex -11.85400676727295 10.7886381149292 24
    vertex -12.9218111038208 10.94703197479248 24
  endloop
endfacet
facet normal 0 0 0
  outer loop
    vertex -11.85400676727295 -10.7886381149292 24
    vertex -10.806868553161621 10.52634334564209 24
    vertex -11.85400676727295 10.7886381149292 24
  endloop
endfacet
facet normal 0 0 0
  outer loop
    vertex -10.806868553161621 6.530076503753662 24
    vertex -10.710572242736816 10.491888046264648 24
    vertex -10.806868553161621 10.52634334564209 24
  endloop
endfacet
facet normal 0 0 0
  outer loop
    vertex -10.806868553161621 6.530076503753662 24
    vertex -10.613935470581055 10.457311630249023 24
    vertex -10.710572242736816 10.491888046264648 24
  endloop
endfacet
facet normal 0 0 0
  outer loop
    vertex -17.193132400512695 10.52634334564209 14
    vertex -17.193132400512695 10.52634334564209 24
    vertex -16.145994186401367 10.7886381149292 24
  endloop
endfacet
facet normal 0 0 0
  outer loop
    vertex -16.145994186401367 10.7886381149292 14
    vertex -16.145994186401367 10.7886381149292 24
    vertex -15.0781888961792 10.94703197479248 24
  endloop
endfacet
facet normal 0 0 0
  outer loop
    vertex -15.0781888961792 10.94703197479248 14
    vertex -15.0781888961792 10.94703197479248 24
    vertex -14 11 24
  endloop
endfacet
facet normal 0 0 0
  outer loop
    vertex -14 11 14
    vertex -14 11 24
    vertex -12.9218111038208 10.94703197479248 24
  endloop
endfacet
facet normal 0 0 0
  outer loop
    vertex -12.9218111038208 10.94703197479248 14
    vertex -12.9218111038208 10.94703197479248 24
    vertex -11.85400676727295 10.7886381149292 24
  endloop
endfacet
facet normal 0 0 0
  outer loop
    vertex -11.85400676727295 10.7886381149292 14
    vertex -11.85400676727295 10.7886381149292 24
    vertex -10.806868553161621 10.52634334564209 24
  endloop
endfacet
facet normal 0 0 0
  outer loop
    vertex -10.710572242736816 10.491888046264648 14
    vertex -10.806868553161621 10.52634334564209 24
    vertex -10.710572242736816 10.491888046264648 24
  endloop
endfacet
facet normal 0 0 0
  outer loop
    vertex -100.80569458007812 -19.13880729675293 14
    vertex -97.92635345458984 -14.711779594421387 14
    vertex -98.90180969238281 -19.615705490112305 14
  endloop
endfacet
facet normal 0 0 0
  outer loop
    vertex -104.42793273925781 -17.638425827026367 14
    vertex -102.07095336914062 -13.228818893432617 14
    vertex -102.65367126464844 -18.477590560913086 14
  endloop
endfacet
facet normal 0 0 0
  outer loop
    vertex -104.42793273925781 -17.638425827026367 14
    vertex -106.11140441894531 -16.629392623901367 14
    vertex -103.33355712890625 -12.472043991088867 14
  endloop
endfacet
facet normal 0 0 0
  outer loop
    vertex -100.80569458007812 -19.13880729675293 14
    vertex -102.65367126464844 -18.477590560913086 14
    vertex -100.74024963378906 -13.858193397521973 14
  endloop
endfacet
facet normal 0 0 0
  outer loop
    vertex -102.65367126464844 -18.477590560913086 14
    vertex -102.07095336914062 -13.228818893432617 14
    vertex -100.74024963378906 -13.858193397521973 14
  endloop
endfacet
facet normal 0 0 0
  outer loop
    vertex -100.80569458007812 -19.13880729675293 14
    vertex -100.74024963378906 -13.858193397521973 14
    vertex -99.3542709350586 -14.354104995727539 14
  endloop
endfacet
facet normal 0 0 0
  outer loop
    vertex -100.80569458007812 -19.13880729675293 14
    vertex -99.3542709350586 -14.354104995727539 14
    vertex -97.92635345458984 -14.711779594421387 14
  endloop
endfacet
facet normal 0 0 0
  outer loop
    vertex -107.6878662109375 -15.460208892822266 14
    vertex -109.14213562011719 -14.142135620117188 14
    vertex -107.4720458984375 -8.333553314208984 14
  endloop
endfacet
facet normal 0 0 0
  outer loop
    vertex -109.14213562011719 -14.142135620117188 14
    vertex -110.46021270751953 -12.687865257263184 14
    vertex -108.85819244384766 -5.740251541137695 14
  endloop
endfacet
facet normal 0 0 0
  outer loop
    vertex -107.6878662109375 -15.460208892822266 14
    vertex -107.4720458984375 -8.333553314208984 14
    vertex -106.59515380859375 -9.515899658203125 14
  endloop
endfacet
facet normal 0 0 0
  outer loop
    vertex -107.6878662109375 -15.460208892822266 14
    vertex -105.60660552978516 -10.60660171508789 14
    vertex -106.11140441894531 -16.629392623901367 14
  endloop
endfacet
facet normal 0 0 0
  outer loop
    vertex -104.42793273925781 -17.638425827026367 14
    vertex -103.33355712890625 -12.472043991088867 14
    vertex -102.07095336914062 -13.228818893432617 14
  endloop
endfacet
facet normal 0 0 0
  outer loop
    vertex -106.11140441894531 -16.629392623901367 14
    vertex -105.60660552978516 -10.60660171508789 14
    vertex -104.51589965820312 -11.5951566696167 14
  endloop
endfacet
facet normal 0 0 0
  outer loop
    vertex -106.11140441894531 -16.629392623901367 14
    vertex -104.51589965820312 -11.5951566696167 14
    vertex -103.33355712890625 -12.472043991088867 14
  endloop
endfacet
facet normal 0 0 0
  outer loop
    vertex -107.6878662109375 -15.460208892822266 14
    vertex -106.59515380859375 -9.515899658203125 14
    vertex -105.60660552978516 -10.60660171508789 14
  endloop
endfacet
facet normal 0 0 0
  outer loop
    vertex -98.90180969238281 -19.615705490112305 14
    vertex -96.47026062011719 -14.927770614624023 14
    vertex -96.96034240722656 -19.90369415283203 14
  endloop
endfacet
facet normal 0 0 0
  outer loop
    vertex -96.96034240722656 -19.90369415283203 14
    vertex -95 -15 14
    vertex -95 -20 14
  endloop
endfacet
facet normal 0 0 0
  outer loop
    vertex -98.90180969238281 -19.615705490112305 14
    vertex -97.92635345458984 -14.711779594421387 14
    vertex -96.47026062011719 -14.927770614624023 14
  endloop
endfacet
facet normal 0 0 0
  outer loop
    vertex -96.96034240722656 -19.90369415283203 14
    vertex -96.47026062011719 -14.927770614624023 14
    vertex -95 -15 14
  endloop
endfacet
facet normal 0 0 0
  outer loop
    vertex -95 -20 14
    vertex -95 -15 14
    vertex -93.52973937988281 -14.927770614624023 14
  endloop
endfacet
facet normal 0 0 0
  outer loop
    vertex -95 -20 14
    vertex -93.52973937988281 -14.927770614624023 14
    vertex -92.07364654541016 -14.711779594421387 14
  endloop
endfacet
facet normal 0 0 0
  outer loop
    vertex -95 -20 14
    vertex -92.07364654541016 -14.711779594421387 14
    vertex -90.6457290649414 -14.354104995727539 14
  endloop
endfacet
facet normal 0 0 0
  outer loop
    vertex -95 -20 14
    vertex -90.6457290649414 -14.354104995727539 14
    vertex -89.25975036621094 -13.858193397521973 14
  endloop
endfacet
facet normal 0 0 0
  outer loop
    vertex -95 -20 14
    vertex -89.25975036621094 -13.858193397521973 14
    vertex -87.92904663085938 -13.228818893432617 14
  endloop
endfacet
facet normal 0 0 0
  outer loop
    vertex -95 -20 14
    vertex -76.28852081298828 -7 14
    vertex -93.03965759277344 -19.90369415283203 14
  endloop
endfacet
facet normal 0 0 0
  outer loop
    vertex -93.03965759277344 -19.90369415283203 14
    vertex -76.28852081298828 -7 14
    vertex -91.09819030761719 -19.615705490112305 14
  endloop
endfacet
facet normal 0 0 0
  outer loop
    vertex -91.09819030761719 -19.615705490112305 14
    vertex -76.28852081298828 -7 14
    vertex -89.19430541992188 -19.13880729675293 14
  endloop
endfacet
facet normal 0 0 0
  outer loop
    vertex -89.19430541992188 -19.13880729675293 14
    vertex -76.28852081298828 -7 14
    vertex -87.34632873535156 -18.477590560913086 14
  endloop
endfacet
facet normal 0 0 0
  outer loop
    vertex -87.34632873535156 -18.477590560913086 14
    vertex -76.28852081298828 -7 14
    vertex -85.57206726074219 -17.638425827026367 14
  endloop
endfacet
facet normal 0 0 0
  outer loop
    vertex -95 -20 14
    vertex -87.92904663085938 -13.228818893432617 14
    vertex -76.28852081298828 -7 14
  endloop
endfacet
facet normal 0 0 0
  outer loop
    vertex -76.28852081298828 -7 14
    vertex -87.92904663085938 -13.228818893432617 14
    vertex -86.66644287109375 -12.472043991088867 14
  endloop
endfacet
facet normal 0 0 0
  outer loop
    vertex -76.28852081298828 -7 14
    vertex -86.66644287109375 -12.472043991088867 14
    vertex -85.48410034179688 -11.5951566696167 14
  endloop
endfacet
facet normal 0 0 0
  outer loop
    vertex -107.6878662109375 -15.460208892822266 14
    vertex -106.11140441894531 -16.629392623901367 14
    vertex -107.6878662109375 -15.460208892822266 22
  endloop
endfacet
facet normal 0 0 0
  outer loop
    vertex -104.42793273925781 -17.638425827026367 14
    vertex -102.65367126464844 -18.477590560913086 14
    vertex -104.42793273925781 -17.638425827026367 22
  endloop
endfacet
facet normal 0 0 0
  outer loop
    vertex -100.80569458007812 -19.13880729675293 14
    vertex -98.90180969238281 -19.615705490112305 14
    vertex -100.80569458007812 -19.13880729675293 22
  endloop
endfacet
facet normal 0 0 0
  outer loop
    vertex -100.80569458007812 -19.13880729675293 14
    vertex -102.65367126464844 -18.477590560913086 22
    vertex -102.65367126464844 -18.477590560913086 14
  endloop
endfacet
facet normal 0 0 0
  outer loop
    vertex -104.42793273925781 -17.638425827026367 14
    vertex -106.11140441894531 -16.629392623901367 22
    vertex -106.11140441894531 -16.629392623901367 14
  endloop
endfacet
facet normal 0 0 0
  outer loop
    vertex -107.6878662109375 -15.460208892822266 14
    vertex -109.14213562011719 -14.142135620117188 22
    vertex -109.14213562011719 -14.142135620117188 14
  endloop
endfacet
facet normal 0 0 0
  outer loop
    vertex -109.14213562011719 -14.142135620117188 14
    vertex -110.46021270751953 -12.687865257263184 22
    vertex -110.46021270751953 -12.687865257263184 14
  endloop
endfacet
facet normal 0 0 0
  outer loop
    vertex -110.46021270751953 -12.687865257263184 14
    vertex -111.62939453125 -11.111404418945312 22
    vertex -111.62939453125 -11.111404418945312 14
  endloop
endfacet
facet normal 0 0 0
  outer loop
    vertex -98.90180969238281 -19.615705490112305 14
    vertex -96.96034240722656 -19.90369415283203 14
    vertex -98.90180969238281 -19.615705490112305 22
  endloop
endfacet
facet normal 0 0 0
  outer loop
    vertex -96.96034240722656 -19.90369415283203 14
    vertex -95 -20 14
    vertex -96.96034240722656 -19.90369415283203 22
  endloop
endfacet
facet normal 0 0 0
  outer loop
    vertex -95 -20 14
    vertex -93.03965759277344 -19.90369415283203 14
    vertex -95 -20 22
  endloop
endfacet
facet normal 0 0 0
  outer loop
    vertex -93.03965759277344 -19.90369415283203 14
    vertex -91.09819030761719 -19.615705490112305 14
    vertex -93.03965759277344 -19.90369415283203 22
  endloop
endfacet
facet normal 0 0 0
  outer loop
    vertex -91.09819030761719 -19.615705490112305 14
    vertex -89.19430541992188 -19.13880729675293 14
    vertex -91.09819030761719 -19.615705490112305 22
  endloop
endfacet
facet normal 0 0 0
  outer loop
    vertex -89.19430541992188 -19.13880729675293 14
    vertex -87.34632873535156 -18.477590560913086 14
    vertex -89.19430541992188 -19.13880729675293 22
  endloop
endfacet
facet normal 0 0 0
  outer loop
    vertex -87.34632873535156 -18.477590560913086 14
    vertex -85.57206726074219 -17.638425827026367 14
    vertex -87.34632873535156 -18.477590560913086 22
  endloop
endfacet
facet normal 0 0 0
  outer loop
    vertex -85.57206726074219 -17.638425827026367 14
    vertex -83.88859558105469 -16.629392623901367 14
    vertex -85.57206726074219 -17.638425827026367 22
  endloop
endfacet
facet normal 0 0 0
  outer loop
    vertex -83.88859558105469 -16.629392623901367 14
    vertex -82.3121337890625 -15.460208892822266 14
    vertex -83.88859558105469 -16.629392623901367 22
  endloop
endfacet
facet normal 0 0 0
  outer loop
    vertex -109.14213562011719 -14.142135620117188 14
    vertex -108.22882080078125 -7.070950984954834 14
    vertex -107.4720458984375 -8.333553314208984 14
  endloop
endfacet
facet normal 0 0 0
  outer loop
    vertex -109.14213562011719 -14.142135620117188 14
    vertex -108.85819244384766 -5.740251541137695 14
    vertex -108.22882080078125 -7.070950984954834 14
  endloop
endfacet
facet normal 0 0 0
  outer loop
    vertex -110.46021270751953 -12.687865257263184 14
    vertex -109.3541030883789 -4.354269981384277 14
    vertex -108.85819244384766 -5.740251541137695 14
  endloop
endfacet
facet normal 0 0 0
  outer loop
    vertex -110.46021270751953 -12.687865257263184 14
    vertex -109.71177673339844 -2.9263548851013184 14
    vertex -109.3541030883789 -4.354269981384277 14
  endloop
endfacet
facet normal 0 0 0
  outer loop
    vertex -110.46021270751953 -12.687865257263184 14
    vertex -109.92777252197266 -1.4702571630477905 14
    vertex -109.71177673339844 -2.9263548851013184 14
  endloop
endfacet
facet normal 0 0 0
  outer loop
    vertex -111.62939453125 -11.111404418945312 14
    vertex -112.638427734375 -9.427934646606445 14
    vertex -111.62939453125 11.111404418945312 14
  endloop
endfacet
facet normal 0 0 0
  outer loop
    vertex -112.638427734375 -9.427934646606445 14
    vertex -113.47759246826172 -7.6536688804626465 14
    vertex -112.638427734375 9.427934646606445 14
  endloop
endfacet
facet normal 0 0 0
  outer loop
    vertex -110.46021270751953 -12.687865257263184 14
    vertex -110 0 14
    vertex -109.92777252197266 -1.4702571630477905 14
  endloop
endfacet
facet normal 0 0 0
  outer loop
    vertex -110.46021270751953 -12.687865257263184 14
    vertex -111.62939453125 -11.111404418945312 14
    vertex -110.46021270751953 12.687865257263184 14
  endloop
endfacet
facet normal 0 0 0
  outer loop
    vertex -113.47759246826172 -7.6536688804626465 14
    vertex -114.13880920410156 -5.805693626403809 14
    vertex -113.47759246826172 7.6536688804626465 14
  endloop
endfacet
facet normal 0 0 0
  outer loop
    vertex -114.13880920410156 -5.805693626403809 14
    vertex -114.61570739746094 -3.901806354522705 14
    vertex -114.13880920410156 5.805693626403809 14
  endloop
endfacet
facet normal 0 0 0
  outer loop
    vertex -114.61570739746094 -3.901806354522705 14
    vertex -114.90369415283203 -1.9603427648544312 14
    vertex -114.61570739746094 3.901806354522705 14
  endloop
endfacet
facet normal 0 0 0
  outer loop
    vertex -111.62939453125 -11.111404418945312 14
    vertex -112.638427734375 -9.427934646606445 22
    vertex -112.638427734375 -9.427934646606445 14
  endloop
endfacet
facet normal 0 0 0
  outer loop
    vertex -112.638427734375 -9.427934646606445 14
    vertex -113.47759246826172 -7.6536688804626465 22
    vertex -113.47759246826172 -7.6536688804626465 14
  endloop
endfacet
facet normal 0 0 0
  outer loop
    vertex -113.47759246826172 -7.6536688804626465 14
    vertex -114.13880920410156 -5.805693626403809 22
    vertex -114.13880920410156 -5.805693626403809 14
  endloop
endfacet
facet normal 0 0 0
  outer loop
    vertex -114.13880920410156 -5.805693626403809 14
    vertex -114.61570739746094 -3.901806354522705 22
    vertex -114.61570739746094 -3.901806354522705 14
  endloop
endfacet
facet normal 0 0 0
  outer loop
    vertex -114.61570739746094 -3.901806354522705 14
    vertex -114.90369415283203 -1.9603427648544312 22
    vertex -114.90369415283203 -1.9603427648544312 14
  endloop
endfacet
facet normal 0 0 0
  outer loop
    vertex -114.90369415283203 -1.9603427648544312 14
    vertex -115 0 22
    vertex -115 0 14
  endloop
endfacet
facet normal 0 0 0
  outer loop
    vertex -85.57206726074219 -17.638425827026367 14
    vertex -76.28852081298828 -7 14
    vertex -83.88859558105469 -16.629392623901367 14
  endloop
endfacet
facet normal 0 0 0
  outer loop
    vertex -83.88859558105469 -16.629392623901367 14
    vertex -76.28852081298828 -7 14
    vertex -82.3121337890625 -15.460208892822266 14
  endloop
endfacet
facet normal 0 0 0
  outer loop
    vertex -82.3121337890625 -15.460208892822266 14
    vertex -76.28852081298828 -7 14
    vertex -80.85786437988281 -14.142135620117188 14
  endloop
endfacet
facet normal 0 0 0
  outer loop
    vertex -80.85786437988281 -14.142135620117188 14
    vertex -76.28852081298828 -7 14
    vertex -79.53978729248047 -12.687865257263184 14
  endloop
endfacet
facet normal 0 0 0
  outer loop
    vertex -79.53978729248047 -12.687865257263184 14
    vertex -76.28852081298828 -7 14
    vertex -78.37060546875 -11.111404418945312 14
  endloop
endfacet
facet normal 0 0 0
  outer loop
    vertex -82.3121337890625 -15.460208892822266 14
    vertex -80.85786437988281 -14.142135620117188 14
    vertex -82.3121337890625 -15.460208892822266 22
  endloop
endfacet
facet normal 0 0 0
  outer loop
    vertex -80.85786437988281 -14.142135620117188 14
    vertex -79.53978729248047 -12.687865257263184 14
    vertex -80.85786437988281 -14.142135620117188 22
  endloop
endfacet
facet normal 0 0 0
  outer loop
    vertex -79.53978729248047 -12.687865257263184 14
    vertex -78.37060546875 -11.111404418945312 14
    vertex -79.53978729248047 -12.687865257263184 22
  endloop
endfacet
facet normal 0 0 0
  outer loop
    vertex -78.37060546875 -11.111404418945312 14
    vertex -77.361572265625 -9.427934646606445 14
    vertex -78.37060546875 -11.111404418945312 22
  endloop
endfacet
facet normal 0 0 0
  outer loop
    vertex -76.28852081298828 -7 14
    vertex -85.48410034179688 -11.5951566696167 14
    vertex -84.39339447021484 -10.60660171508789 14
  endloop
endfacet
facet normal 0 0 0
  outer loop
    vertex -76.28852081298828 -7 14
    vertex -84.39339447021484 -10.60660171508789 14
    vertex -83.40484619140625 -9.515899658203125 14
  endloop
endfacet
facet normal 0 0 0
  outer loop
    vertex -76.28852081298828 -7 14
    vertex -83.40484619140625 -9.515899658203125 14
    vertex -82.5279541015625 -8.333553314208984 14
  endloop
endfacet
facet normal 0 0 0
  outer loop
    vertex -78.37060546875 -11.111404418945312 14
    vertex -76.28852081298828 -7 14
    vertex -77.361572265625 -9.427934646606445 14
  endloop
endfacet
facet normal 0 0 0
  outer loop
    vertex -77.361572265625 -9.427934646606445 14
    vertex -76.28852081298828 -7 14
    vertex -76.52240753173828 -7.6536688804626465 14
  endloop
endfacet
facet normal 0 0 0
  outer loop
    vertex -76.28852081298828 -7 14
    vertex -82.5279541015625 -8.333553314208984 14
    vertex -81.77117919921875 -7.070950984954834 14
  endloop
endfacet
facet normal 0 0 0
  outer loop
    vertex -76.28852081298828 -7 14
    vertex -81.77117919921875 -7.070950984954834 14
    vertex -81.73762512207031 -7 14
  endloop
endfacet
facet normal 0 0 0
  outer loop
    vertex -77.361572265625 -9.427934646606445 14
    vertex -76.52240753173828 -7.6536688804626465 14
    vertex -77.361572265625 -9.427934646606445 22
  endloop
endfacet
facet normal 0 0 0
  outer loop
    vertex -76.52240753173828 -7.6536688804626465 14
    vertex -76.28852081298828 -7 14
    vertex -76.28852081298828 -7 22
  endloop
endfacet
facet normal 0 0 0
  outer loop
    vertex -107.6878662109375 -15.460208892822266 14
    vertex -107.6878662109375 -15.460208892822266 22
    vertex -109.14213562011719 -14.142135620117188 22
  endloop
endfacet
facet normal 0 0 0
  outer loop
    vertex -102.65367126464844 -18.477590560913086 14
    vertex -102.65367126464844 -18.477590560913086 22
    vertex -104.42793273925781 -17.638425827026367 22
  endloop
endfacet
facet normal 0 0 0
  outer loop
    vertex -100.80569458007812 -19.13880729675293 14
    vertex -100.80569458007812 -19.13880729675293 22
    vertex -102.65367126464844 -18.477590560913086 22
  endloop
endfacet
facet normal 0 0 0
  outer loop
    vertex -98.90180969238281 -19.615705490112305 14
    vertex -98.90180969238281 -19.615705490112305 22
    vertex -100.80569458007812 -19.13880729675293 22
  endloop
endfacet
facet normal 0 0 0
  outer loop
    vertex -104.42793273925781 -17.638425827026367 14
    vertex -104.42793273925781 -17.638425827026367 22
    vertex -106.11140441894531 -16.629392623901367 22
  endloop
endfacet
facet normal 0 0 0
  outer loop
    vertex -106.11140441894531 -16.629392623901367 14
    vertex -106.11140441894531 -16.629392623901367 22
    vertex -107.6878662109375 -15.460208892822266 22
  endloop
endfacet
facet normal 0 0 0
  outer loop
    vertex -109.14213562011719 -14.142135620117188 14
    vertex -109.14213562011719 -14.142135620117188 22
    vertex -110.46021270751953 -12.687865257263184 22
  endloop
endfacet
facet normal 0 0 0
  outer loop
    vertex -111.62939453125 -11.111404418945312 14
    vertex -111.62939453125 -11.111404418945312 22
    vertex -112.638427734375 -9.427934646606445 22
  endloop
endfacet
facet normal 0 0 0
  outer loop
    vertex -110.46021270751953 -12.687865257263184 14
    vertex -110.46021270751953 -12.687865257263184 22
    vertex -111.62939453125 -11.111404418945312 22
  endloop
endfacet
facet normal 0 0 0
  outer loop
    vertex -96.96034240722656 -19.90369415283203 14
    vertex -96.96034240722656 -19.90369415283203 22
    vertex -98.90180969238281 -19.615705490112305 22
  endloop
endfacet
facet normal 0 0 0
  outer loop
    vertex -95 -20 14
    vertex -95 -20 22
    vertex -96.96034240722656 -19.90369415283203 22
  endloop
endfacet
facet normal 0 0 0
  outer loop
    vertex -93.03965759277344 -19.90369415283203 14
    vertex -93.03965759277344 -19.90369415283203 22
    vertex -95 -20 22
  endloop
endfacet
facet normal 0 0 0
  outer loop
    vertex -91.09819030761719 -19.615705490112305 14
    vertex -91.09819030761719 -19.615705490112305 22
    vertex -93.03965759277344 -19.90369415283203 22
  endloop
endfacet
facet normal 0 0 0
  outer loop
    vertex -89.19430541992188 -19.13880729675293 14
    vertex -89.19430541992188 -19.13880729675293 22
    vertex -91.09819030761719 -19.615705490112305 22
  endloop
endfacet
facet normal 0 0 0
  outer loop
    vertex -87.34632873535156 -18.477590560913086 14
    vertex -87.34632873535156 -18.477590560913086 22
    vertex -89.19430541992188 -19.13880729675293 22
  endloop
endfacet
facet normal 0 0 0
  outer loop
    vertex -85.57206726074219 -17.638425827026367 14
    vertex -85.57206726074219 -17.638425827026367 22
    vertex -87.34632873535156 -18.477590560913086 22
  endloop
endfacet
facet normal 0 0 0
  outer loop
    vertex -83.88859558105469 -16.629392623901367 14
    vertex -83.88859558105469 -16.629392623901367 22
    vertex -85.57206726074219 -17.638425827026367 22
  endloop
endfacet
facet normal 0 0 0
  outer loop
    vertex -82.3121337890625 -15.460208892822266 14
    vertex -82.3121337890625 -15.460208892822266 22
    vertex -83.88859558105469 -16.629392623901367 22
  endloop
endfacet
facet normal 0 0 0
  outer loop
    vertex -100.80569458007812 -19.13880729675293 22
    vertex -98.90180969238281 -19.615705490112305 22
    vertex -99.3542709350586 -14.354104995727539 22
  endloop
endfacet
facet normal 0 0 0
  outer loop
    vertex -104.42793273925781 -17.638425827026367 22
    vertex -104.51589965820312 -11.5951566696167 22
    vertex -106.11140441894531 -16.629392623901367 22
  endloop
endfacet
facet normal 0 0 0
  outer loop
    vertex -104.42793273925781 -17.638425827026367 22
    vertex -102.65367126464844 -18.477590560913086 22
    vertex -103.33355712890625 -12.472043991088867 22
  endloop
endfacet
facet normal 0 0 0
  outer loop
    vertex -100.80569458007812 -19.13880729675293 22
    vertex -102.07095336914062 -13.228818893432617 22
    vertex -102.65367126464844 -18.477590560913086 22
  endloop
endfacet
facet normal 0 0 0
  outer loop
    vertex -100.80569458007812 -19.13880729675293 22
    vertex -100.74024963378906 -13.858193397521973 22
    vertex -102.07095336914062 -13.228818893432617 22
  endloop
endfacet
facet normal 0 0 0
  outer loop
    vertex -100.80569458007812 -19.13880729675293 22
    vertex -99.3542709350586 -14.354104995727539 22
    vertex -100.74024963378906 -13.858193397521973 22
  endloop
endfacet
facet normal 0 0 0
  outer loop
    vertex -107.6878662109375 -15.460208892822266 22
    vertex -108.22882080078125 -7.070950984954834 22
    vertex -109.14213562011719 -14.142135620117188 22
  endloop
endfacet
facet normal 0 0 0
  outer loop
    vertex -109.14213562011719 -14.142135620117188 22
    vertex -109.3541030883789 -4.354269981384277 22
    vertex -110.46021270751953 -12.687865257263184 22
  endloop
endfacet
facet normal 0 0 0
  outer loop
    vertex -107.6878662109375 -15.460208892822266 22
    vertex -106.59515380859375 -9.515899658203125 22
    vertex -107.4720458984375 -8.333553314208984 22
  endloop
endfacet
facet normal 0 0 0
  outer loop
    vertex -107.6878662109375 -15.460208892822266 22
    vertex -107.4720458984375 -8.333553314208984 22
    vertex -108.22882080078125 -7.070950984954834 22
  endloop
endfacet
facet normal 0 0 0
  outer loop
    vertex -107.6878662109375 -15.460208892822266 22
    vertex -106.11140441894531 -16.629392623901367 22
    vertex -106.59515380859375 -9.515899658203125 22
  endloop
endfacet
facet normal 0 0 0
  outer loop
    vertex -104.42793273925781 -17.638425827026367 22
    vertex -103.33355712890625 -12.472043991088867 22
    vertex -104.51589965820312 -11.5951566696167 22
  endloop
endfacet
facet normal 0 0 0
  outer loop
    vertex -106.11140441894531 -16.629392623901367 22
    vertex -104.51589965820312 -11.5951566696167 22
    vertex -105.60660552978516 -10.60660171508789 22
  endloop
endfacet
facet normal 0 0 0
  outer loop
    vertex -102.65367126464844 -18.477590560913086 22
    vertex -102.07095336914062 -13.228818893432617 22
    vertex -103.33355712890625 -12.472043991088867 22
  endloop
endfacet
facet normal 0 0 0
  outer loop
    vertex -106.11140441894531 -16.629392623901367 22
    vertex -105.60660552978516 -10.60660171508789 22
    vertex -106.59515380859375 -9.515899658203125 22
  endloop
endfacet
facet normal 0 0 0
  outer loop
    vertex -98.90180969238281 -19.615705490112305 22
    vertex -96.96034240722656 -19.90369415283203 22
    vertex -97.92635345458984 -14.711779594421387 22
  endloop
endfacet
facet normal 0 0 0
  outer loop
    vertex -96.96034240722656 -19.90369415283203 22
    vertex -95 -20 22
    vertex -96.47026062011719 -14.927770614624023 22
  endloop
endfacet
facet normal 0 0 0
  outer loop
    vertex -95 -20 22
    vertex -93.03965759277344 -19.90369415283203 22
    vertex -95 -15 22
  endloop
endfacet
facet normal 0 0 0
  outer loop
    vertex -93.03965759277344 -19.90369415283203 22
    vertex -91.09819030761719 -19.615705490112305 22
    vertex -93.52973937988281 -14.927770614624023 22
  endloop
endfacet
facet normal 0 0 0
  outer loop
    vertex -91.09819030761719 -19.615705490112305 22
    vertex -89.19430541992188 -19.13880729675293 22
    vertex -92.07364654541016 -14.711779594421387 22
  endloop
endfacet
facet normal 0 0 0
  outer loop
    vertex -96.96034240722656 -19.90369415283203 22
    vertex -96.47026062011719 -14.927770614624023 22
    vertex -97.92635345458984 -14.711779594421387 22
  endloop
endfacet
facet normal 0 0 0
  outer loop
    vertex -95 -20 22
    vertex -95 -15 22
    vertex -96.47026062011719 -14.927770614624023 22
  endloop
endfacet
facet normal 0 0 0
  outer loop
    vertex -98.90180969238281 -19.615705490112305 22
    vertex -97.92635345458984 -14.711779594421387 22
    vertex -99.3542709350586 -14.354104995727539 22
  endloop
endfacet
facet normal 0 0 0
  outer loop
    vertex -93.03965759277344 -19.90369415283203 22
    vertex -93.52973937988281 -14.927770614624023 22
    vertex -95 -15 22
  endloop
endfacet
facet normal 0 0 0
  outer loop
    vertex -91.09819030761719 -19.615705490112305 22
    vertex -92.07364654541016 -14.711779594421387 22
    vertex -93.52973937988281 -14.927770614624023 22
  endloop
endfacet
facet normal 0 0 0
  outer loop
    vertex -89.19430541992188 -19.13880729675293 22
    vertex -90.6457290649414 -14.354104995727539 22
    vertex -92.07364654541016 -14.711779594421387 22
  endloop
endfacet
facet normal 0 0 0
  outer loop
    vertex -89.19430541992188 -19.13880729675293 22
    vertex -87.34632873535156 -18.477590560913086 22
    vertex -89.25975036621094 -13.858193397521973 22
  endloop
endfacet
facet normal 0 0 0
  outer loop
    vertex -87.34632873535156 -18.477590560913086 22
    vertex -85.57206726074219 -17.638425827026367 22
    vertex -87.92904663085938 -13.228818893432617 22
  endloop
endfacet
facet normal 0 0 0
  outer loop
    vertex -89.19430541992188 -19.13880729675293 22
    vertex -89.25975036621094 -13.858193397521973 22
    vertex -90.6457290649414 -14.354104995727539 22
  endloop
endfacet
facet normal 0 0 0
  outer loop
    vertex -87.34632873535156 -18.477590560913086 22
    vertex -87.92904663085938 -13.228818893432617 22
    vertex -89.25975036621094 -13.858193397521973 22
  endloop
endfacet
facet normal 0 0 0
  outer loop
    vertex -85.57206726074219 -17.638425827026367 22
    vertex -83.88859558105469 -16.629392623901367 22
    vertex -85.48410034179688 -11.5951566696167 22
  endloop
endfacet
facet normal 0 0 0
  outer loop
    vertex -85.57206726074219 -17.638425827026367 22
    vertex -86.66644287109375 -12.472043991088867 22
    vertex -87.92904663085938 -13.228818893432617 22
  endloop
endfacet
facet normal 0 0 0
  outer loop
    vertex -85.57206726074219 -17.638425827026367 22
    vertex -85.48410034179688 -11.5951566696167 22
    vertex -86.66644287109375 -12.472043991088867 22
  endloop
endfacet
facet normal 0 0 0
  outer loop
    vertex -83.88859558105469 -16.629392623901367 22
    vertex -82.3121337890625 -15.460208892822266 22
    vertex -84.39339447021484 -10.60660171508789 22
  endloop
endfacet
facet normal 0 0 0
  outer loop
    vertex -83.88859558105469 -16.629392623901367 22
    vertex -84.39339447021484 -10.60660171508789 22
    vertex -85.48410034179688 -11.5951566696167 22
  endloop
endfacet
facet normal 0 0 0
  outer loop
    vertex -82.3121337890625 -15.460208892822266 22
    vertex -83.40484619140625 -9.515899658203125 22
    vertex -84.39339447021484 -10.60660171508789 22
  endloop
endfacet
facet normal 0 0 0
  outer loop
    vertex -82.3121337890625 -15.460208892822266 22
    vertex -82.5279541015625 -8.333553314208984 22
    vertex -83.40484619140625 -9.515899658203125 22
  endloop
endfacet
facet normal 0 0 0
  outer loop
    vertex -112.638427734375 -9.427934646606445 14
    vertex -112.638427734375 -9.427934646606445 22
    vertex -113.47759246826172 -7.6536688804626465 22
  endloop
endfacet
facet normal 0 0 0
  outer loop
    vertex -113.47759246826172 -7.6536688804626465 14
    vertex -113.47759246826172 -7.6536688804626465 22
    vertex -114.13880920410156 -5.805693626403809 22
  endloop
endfacet
facet normal 0 0 0
  outer loop
    vertex -114.13880920410156 -5.805693626403809 14
    vertex -114.13880920410156 -5.805693626403809 22
    vertex -114.61570739746094 -3.901806354522705 22
  endloop
endfacet
facet normal 0 0 0
  outer loop
    vertex -114.61570739746094 -3.901806354522705 14
    vertex -114.61570739746094 -3.901806354522705 22
    vertex -114.90369415283203 -1.9603427648544312 22
  endloop
endfacet
facet normal 0 0 0
  outer loop
    vertex -114.90369415283203 -1.9603427648544312 14
    vertex -114.90369415283203 -1.9603427648544312 22
    vertex -115 0 22
  endloop
endfacet
facet normal 0 0 0
  outer loop
    vertex -109.14213562011719 -14.142135620117188 22
    vertex -108.22882080078125 -7.070950984954834 22
    vertex -108.85819244384766 -5.740251541137695 22
  endloop
endfacet
facet normal 0 0 0
  outer loop
    vertex -109.14213562011719 -14.142135620117188 22
    vertex -108.85819244384766 -5.740251541137695 22
    vertex -109.3541030883789 -4.354269981384277 22
  endloop
endfacet
facet normal 0 0 0
  outer loop
    vertex -110.46021270751953 -12.687865257263184 22
    vertex -109.3541030883789 -4.354269981384277 22
    vertex -109.71177673339844 -2.9263548851013184 22
  endloop
endfacet
facet normal 0 0 0
  outer loop
    vertex -110.46021270751953 -12.687865257263184 22
    vertex -109.71177673339844 -2.9263548851013184 22
    vertex -109.92777252197266 -1.4702571630477905 22
  endloop
endfacet
facet normal 0 0 0
  outer loop
    vertex -111.62939453125 -11.111404418945312 22
    vertex -111.62939453125 11.111404418945312 22
    vertex -112.638427734375 -9.427934646606445 22
  endloop
endfacet
facet normal 0 0 0
  outer loop
    vertex -112.638427734375 -9.427934646606445 22
    vertex -112.638427734375 9.427934646606445 22
    vertex -113.47759246826172 -7.6536688804626465 22
  endloop
endfacet
facet normal 0 0 0
  outer loop
    vertex -110.46021270751953 -12.687865257263184 22
    vertex -109.92777252197266 -1.4702571630477905 22
    vertex -110 0 22
  endloop
endfacet
facet normal 0 0 0
  outer loop
    vertex -110.46021270751953 -12.687865257263184 22
    vertex -110.46021270751953 12.687865257263184 22
    vertex -111.62939453125 -11.111404418945312 22
  endloop
endfacet
facet normal 0 0 0
  outer loop
    vertex -113.47759246826172 -7.6536688804626465 22
    vertex -113.47759246826172 7.6536688804626465 22
    vertex -114.13880920410156 -5.805693626403809 22
  endloop
endfacet
facet normal 0 0 0
  outer loop
    vertex -114.13880920410156 -5.805693626403809 22
    vertex -114.13880920410156 5.805693626403809 22
    vertex -114.61570739746094 -3.901806354522705 22
  endloop
endfacet
facet normal 0 0 0
  outer loop
    vertex -114.61570739746094 -3.901806354522705 22
    vertex -114.61570739746094 3.901806354522705 22
    vertex -114.90369415283203 -1.9603427648544312 22
  endloop
endfacet
facet normal 0 0 0
  outer loop
    vertex -80.85786437988281 -14.142135620117188 14
    vertex -80.85786437988281 -14.142135620117188 22
    vertex -82.3121337890625 -15.460208892822266 22
  endloop
endfacet
facet normal 0 0 0
  outer loop
    vertex -79.53978729248047 -12.687865257263184 14
    vertex -79.53978729248047 -12.687865257263184 22
    vertex -80.85786437988281 -14.142135620117188 22
  endloop
endfacet
facet normal 0 0 0
  outer loop
    vertex -78.37060546875 -11.111404418945312 14
    vertex -78.37060546875 -11.111404418945312 22
    vertex -79.53978729248047 -12.687865257263184 22
  endloop
endfacet
facet normal 0 0 0
  outer loop
    vertex -82.3121337890625 -15.460208892822266 22
    vertex -80.85786437988281 -14.142135620117188 22
    vertex -82.5279541015625 -8.333553314208984 22
  endloop
endfacet
facet normal 0 0 0
  outer loop
    vertex -80.85786437988281 -14.142135620117188 22
    vertex -79.53978729248047 -12.687865257263184 22
    vertex -80.6458969116211 -4.354269981384277 22
  endloop
endfacet
facet normal 0 0 0
  outer loop
    vertex -77.361572265625 -9.427934646606445 14
    vertex -77.361572265625 -9.427934646606445 22
    vertex -78.37060546875 -11.111404418945312 22
  endloop
endfacet
facet normal 0 0 0
  outer loop
    vertex -76.52240753173828 -7.6536688804626465 14
    vertex -76.52240753173828 -7.6536688804626465 22
    vertex -77.361572265625 -9.427934646606445 22
  endloop
endfacet
facet normal 0 0 0
  outer loop
    vertex -76.52240753173828 -7.6536688804626465 14
    vertex -76.28852081298828 -7 22
    vertex -76.52240753173828 -7.6536688804626465 22
  endloop
endfacet
facet normal 0 0 0
  outer loop
    vertex -80.85786437988281 -14.142135620117188 22
    vertex -81.77117919921875 -7.070950984954834 22
    vertex -82.5279541015625 -8.333553314208984 22
  endloop
endfacet
facet normal 0 0 0
  outer loop
    vertex -80.85786437988281 -14.142135620117188 22
    vertex -81.14180755615234 -5.740251541137695 22
    vertex -81.77117919921875 -7.070950984954834 22
  endloop
endfacet
facet normal 0 0 0
  outer loop
    vertex -80.85786437988281 -14.142135620117188 22
    vertex -80.6458969116211 -4.354269981384277 22
    vertex -81.14180755615234 -5.740251541137695 22
  endloop
endfacet
facet normal 0 0 0
  outer loop
    vertex -79.53978729248047 -12.687865257263184 22
    vertex -80.28822326660156 -2.9263548851013184 22
    vertex -80.6458969116211 -4.354269981384277 22
  endloop
endfacet
facet normal 0 0 0
  outer loop
    vertex -79.53978729248047 -12.687865257263184 22
    vertex -80.07222747802734 -1.4702571630477905 22
    vertex -80.28822326660156 -2.9263548851013184 22
  endloop
endfacet
facet normal 0 0 0
  outer loop
    vertex -79.53978729248047 -12.687865257263184 22
    vertex -80 0 22
    vertex -80.07222747802734 -1.4702571630477905 22
  endloop
endfacet
facet normal 0 0 0
  outer loop
    vertex -79.53978729248047 -12.687865257263184 22
    vertex -78.37060546875 -11.111404418945312 22
    vertex -78.37060546875 11.111404418945312 22
  endloop
endfacet
facet normal 0 0 0
  outer loop
    vertex -78.37060546875 -11.111404418945312 22
    vertex -77.361572265625 -9.427934646606445 22
    vertex -77.361572265625 9.427934646606445 22
  endloop
endfacet
facet normal 0 0 0
  outer loop
    vertex -77.361572265625 -9.427934646606445 22
    vertex -76.52240753173828 -7.6536688804626465 22
    vertex -76.52240753173828 7.6536688804626465 22
  endloop
endfacet
facet normal 0 0 0
  outer loop
    vertex -76.52240753173828 -7.6536688804626465 22
    vertex -76.28852081298828 -7 22
    vertex -75.96615600585938 3.6690776348114014 22
  endloop
endfacet
facet normal 0 0 0
  outer loop
    vertex -114.90369415283203 -1.9603427648544312 14
    vertex -115 0 14
    vertex -114.90369415283203 1.9603427648544312 14
  endloop
endfacet
facet normal 0 0 0
  outer loop
    vertex -114.90369415283203 -1.9603427648544312 14
    vertex -114.90369415283203 1.9603427648544312 14
    vertex -114.61570739746094 3.901806354522705 14
  endloop
endfacet
facet normal 0 0 0
  outer loop
    vertex -114.61570739746094 -3.901806354522705 14
    vertex -114.61570739746094 3.901806354522705 14
    vertex -114.13880920410156 5.805693626403809 14
  endloop
endfacet
facet normal 0 0 0
  outer loop
    vertex -110.46021270751953 -12.687865257263184 14
    vertex -110.46021270751953 12.687865257263184 14
    vertex -110 0 14
  endloop
endfacet
facet normal 0 0 0
  outer loop
    vertex -114.13880920410156 -5.805693626403809 14
    vertex -114.13880920410156 5.805693626403809 14
    vertex -113.47759246826172 7.6536688804626465 14
  endloop
endfacet
facet normal 0 0 0
  outer loop
    vertex -113.47759246826172 -7.6536688804626465 14
    vertex -113.47759246826172 7.6536688804626465 14
    vertex -112.638427734375 9.427934646606445 14
  endloop
endfacet
facet normal 0 0 0
  outer loop
    vertex -112.638427734375 -9.427934646606445 14
    vertex -112.638427734375 9.427934646606445 14
    vertex -111.62939453125 11.111404418945312 14
  endloop
endfacet
facet normal 0 0 0
  outer loop
    vertex -111.62939453125 -11.111404418945312 14
    vertex -111.62939453125 11.111404418945312 14
    vertex -110.46021270751953 12.687865257263184 14
  endloop
endfacet
facet normal 0 0 0
  outer loop
    vertex -110.46021270751953 12.687865257263184 14
    vertex -109.92777252197266 1.4702571630477905 14
    vertex -110 0 14
  endloop
endfacet
facet normal 0 0 0
  outer loop
    vertex -110.46021270751953 12.687865257263184 14
    vertex -109.71177673339844 2.9263548851013184 14
    vertex -109.92777252197266 1.4702571630477905 14
  endloop
endfacet
facet normal 0 0 0
  outer loop
    vertex -109.14213562011719 14.142135620117188 14
    vertex -109.3541030883789 4.354269981384277 14
    vertex -109.71177673339844 2.9263548851013184 14
  endloop
endfacet
facet normal 0 0 0
  outer loop
    vertex -109.14213562011719 14.142135620117188 14
    vertex -108.85819244384766 5.740251541137695 14
    vertex -109.3541030883789 4.354269981384277 14
  endloop
endfacet
facet normal 0 0 0
  outer loop
    vertex -110.46021270751953 12.687865257263184 14
    vertex -109.14213562011719 14.142135620117188 14
    vertex -109.71177673339844 2.9263548851013184 14
  endloop
endfacet
facet normal 0 0 0
  outer loop
    vertex -109.14213562011719 14.142135620117188 14
    vertex -108.22882080078125 7.070950984954834 14
    vertex -108.85819244384766 5.740251541137695 14
  endloop
endfacet
facet normal 0 0 0
  outer loop
    vertex -115 0 14
    vertex -114.90369415283203 1.9603427648544312 22
    vertex -114.90369415283203 1.9603427648544312 14
  endloop
endfacet
facet normal 0 0 0
  outer loop
    vertex -114.90369415283203 1.9603427648544312 14
    vertex -114.61570739746094 3.901806354522705 22
    vertex -114.61570739746094 3.901806354522705 14
  endloop
endfacet
facet normal 0 0 0
  outer loop
    vertex -114.61570739746094 3.901806354522705 14
    vertex -114.13880920410156 5.805693626403809 22
    vertex -114.13880920410156 5.805693626403809 14
  endloop
endfacet
facet normal 0 0 0
  outer loop
    vertex -114.13880920410156 5.805693626403809 14
    vertex -113.47759246826172 7.6536688804626465 22
    vertex -113.47759246826172 7.6536688804626465 14
  endloop
endfacet
facet normal 0 0 0
  outer loop
    vertex -113.47759246826172 7.6536688804626465 14
    vertex -112.638427734375 9.427934646606445 22
    vertex -112.638427734375 9.427934646606445 14
  endloop
endfacet
facet normal 0 0 0
  outer loop
    vertex -107.6878662109375 15.460208892822266 14
    vertex -107.4720458984375 8.333553314208984 14
    vertex -108.22882080078125 7.070950984954834 14
  endloop
endfacet
facet normal 0 0 0
  outer loop
    vertex -107.6878662109375 15.460208892822266 14
    vertex -106.59515380859375 9.515899658203125 14
    vertex -107.4720458984375 8.333553314208984 14
  endloop
endfacet
facet normal 0 0 0
  outer loop
    vertex -109.14213562011719 14.142135620117188 14
    vertex -107.6878662109375 15.460208892822266 14
    vertex -108.22882080078125 7.070950984954834 14
  endloop
endfacet
facet normal 0 0 0
  outer loop
    vertex -106.11140441894531 16.629392623901367 14
    vertex -105.60660552978516 10.60660171508789 14
    vertex -106.59515380859375 9.515899658203125 14
  endloop
endfacet
facet normal 0 0 0
  outer loop
    vertex -104.42793273925781 17.638425827026367 14
    vertex -104.51589965820312 11.5951566696167 14
    vertex -105.60660552978516 10.60660171508789 14
  endloop
endfacet
facet normal 0 0 0
  outer loop
    vertex -107.6878662109375 15.460208892822266 14
    vertex -106.11140441894531 16.629392623901367 14
    vertex -106.59515380859375 9.515899658203125 14
  endloop
endfacet
facet normal 0 0 0
  outer loop
    vertex -106.11140441894531 16.629392623901367 14
    vertex -104.42793273925781 17.638425827026367 14
    vertex -105.60660552978516 10.60660171508789 14
  endloop
endfacet
facet normal 0 0 0
  outer loop
    vertex -104.42793273925781 17.638425827026367 14
    vertex -103.33355712890625 12.472043991088867 14
    vertex -104.51589965820312 11.5951566696167 14
  endloop
endfacet
facet normal 0 0 0
  outer loop
    vertex -102.65367126464844 18.477590560913086 14
    vertex -102.07095336914062 13.228818893432617 14
    vertex -103.33355712890625 12.472043991088867 14
  endloop
endfacet
facet normal 0 0 0
  outer loop
    vertex -104.42793273925781 17.638425827026367 14
    vertex -102.65367126464844 18.477590560913086 14
    vertex -103.33355712890625 12.472043991088867 14
  endloop
endfacet
facet normal 0 0 0
  outer loop
    vertex -100.80569458007812 19.13880729675293 14
    vertex -100.74024963378906 13.858193397521973 14
    vertex -102.07095336914062 13.228818893432617 14
  endloop
endfacet
facet normal 0 0 0
  outer loop
    vertex -100.80569458007812 19.13880729675293 14
    vertex -99.3542709350586 14.354104995727539 14
    vertex -100.74024963378906 13.858193397521973 14
  endloop
endfacet
facet normal 0 0 0
  outer loop
    vertex -102.65367126464844 18.477590560913086 14
    vertex -100.80569458007812 19.13880729675293 14
    vertex -102.07095336914062 13.228818893432617 14
  endloop
endfacet
facet normal 0 0 0
  outer loop
    vertex -100.80569458007812 19.13880729675293 14
    vertex -98.90180969238281 19.615705490112305 14
    vertex -99.3542709350586 14.354104995727539 14
  endloop
endfacet
facet normal 0 0 0
  outer loop
    vertex -79.53978729248047 12.687865257263184 14
    vertex -84.39339447021484 10.60660171508789 14
    vertex -85.48410034179688 11.5951566696167 14
  endloop
endfacet
facet normal 0 0 0
  outer loop
    vertex -85.57206726074219 17.638425827026367 14
    vertex -87.92904663085938 13.228818893432617 14
    vertex -89.25975036621094 13.858193397521973 14
  endloop
endfacet
facet normal 0 0 0
  outer loop
    vertex -82.3121337890625 15.460208892822266 14
    vertex -86.66644287109375 12.472043991088867 14
    vertex -87.92904663085938 13.228818893432617 14
  endloop
endfacet
facet normal 0 0 0
  outer loop
    vertex -80.85786437988281 14.142135620117188 14
    vertex -85.48410034179688 11.5951566696167 14
    vertex -86.66644287109375 12.472043991088867 14
  endloop
endfacet
facet normal 0 0 0
  outer loop
    vertex -80.85786437988281 14.142135620117188 14
    vertex -86.66644287109375 12.472043991088867 14
    vertex -82.3121337890625 15.460208892822266 14
  endloop
endfacet
facet normal 0 0 0
  outer loop
    vertex -98.90180969238281 19.615705490112305 14
    vertex -97.92635345458984 14.711779594421387 14
    vertex -99.3542709350586 14.354104995727539 14
  endloop
endfacet
facet normal 0 0 0
  outer loop
    vertex -96.96034240722656 19.90369415283203 14
    vertex -96.47026062011719 14.927770614624023 14
    vertex -97.92635345458984 14.711779594421387 14
  endloop
endfacet
facet normal 0 0 0
  outer loop
    vertex -95 20 14
    vertex -95 15 14
    vertex -96.47026062011719 14.927770614624023 14
  endloop
endfacet
facet normal 0 0 0
  outer loop
    vertex -89.19430541992188 19.13880729675293 14
    vertex -90.6457290649414 14.354104995727539 14
    vertex -92.07364654541016 14.711779594421387 14
  endloop
endfacet
facet normal 0 0 0
  outer loop
    vertex -93.03965759277344 19.90369415283203 14
    vertex -93.52973937988281 14.927770614624023 14
    vertex -95 15 14
  endloop
endfacet
facet normal 0 0 0
  outer loop
    vertex -91.09819030761719 19.615705490112305 14
    vertex -92.07364654541016 14.711779594421387 14
    vertex -93.52973937988281 14.927770614624023 14
  endloop
endfacet
facet normal 0 0 0
  outer loop
    vertex -98.90180969238281 19.615705490112305 14
    vertex -96.96034240722656 19.90369415283203 14
    vertex -97.92635345458984 14.711779594421387 14
  endloop
endfacet
facet normal 0 0 0
  outer loop
    vertex -96.96034240722656 19.90369415283203 14
    vertex -95 20 14
    vertex -96.47026062011719 14.927770614624023 14
  endloop
endfacet
facet normal 0 0 0
  outer loop
    vertex -95 20 14
    vertex -93.03965759277344 19.90369415283203 14
    vertex -95 15 14
  endloop
endfacet
facet normal 0 0 0
  outer loop
    vertex -91.09819030761719 19.615705490112305 14
    vertex -89.19430541992188 19.13880729675293 14
    vertex -92.07364654541016 14.711779594421387 14
  endloop
endfacet
facet normal 0 0 0
  outer loop
    vertex -93.03965759277344 19.90369415283203 14
    vertex -91.09819030761719 19.615705490112305 14
    vertex -93.52973937988281 14.927770614624023 14
  endloop
endfacet
facet normal 0 0 0
  outer loop
    vertex -87.34632873535156 18.477590560913086 14
    vertex -89.25975036621094 13.858193397521973 14
    vertex -90.6457290649414 14.354104995727539 14
  endloop
endfacet
facet normal 0 0 0
  outer loop
    vertex -87.34632873535156 18.477590560913086 14
    vertex -90.6457290649414 14.354104995727539 14
    vertex -89.19430541992188 19.13880729675293 14
  endloop
endfacet
facet normal 0 0 0
  outer loop
    vertex -87.34632873535156 18.477590560913086 14
    vertex -85.57206726074219 17.638425827026367 14
    vertex -89.25975036621094 13.858193397521973 14
  endloop
endfacet
facet normal 0 0 0
  outer loop
    vertex -83.88859558105469 16.629392623901367 14
    vertex -82.3121337890625 15.460208892822266 14
    vertex -87.92904663085938 13.228818893432617 14
  endloop
endfacet
facet normal 0 0 0
  outer loop
    vertex -83.88859558105469 16.629392623901367 14
    vertex -87.92904663085938 13.228818893432617 14
    vertex -85.57206726074219 17.638425827026367 14
  endloop
endfacet
facet normal 0 0 0
  outer loop
    vertex -112.638427734375 9.427934646606445 14
    vertex -111.62939453125 11.111404418945312 22
    vertex -111.62939453125 11.111404418945312 14
  endloop
endfacet
facet normal 0 0 0
  outer loop
    vertex -111.62939453125 11.111404418945312 14
    vertex -110.46021270751953 12.687865257263184 22
    vertex -110.46021270751953 12.687865257263184 14
  endloop
endfacet
facet normal 0 0 0
  outer loop
    vertex -110.46021270751953 12.687865257263184 14
    vertex -109.14213562011719 14.142135620117188 22
    vertex -109.14213562011719 14.142135620117188 14
  endloop
endfacet
facet normal 0 0 0
  outer loop
    vertex -109.14213562011719 14.142135620117188 14
    vertex -107.6878662109375 15.460208892822266 22
    vertex -107.6878662109375 15.460208892822266 14
  endloop
endfacet
facet normal 0 0 0
  outer loop
    vertex -107.6878662109375 15.460208892822266 14
    vertex -106.11140441894531 16.629392623901367 22
    vertex -106.11140441894531 16.629392623901367 14
  endloop
endfacet
facet normal 0 0 0
  outer loop
    vertex -106.11140441894531 16.629392623901367 14
    vertex -104.42793273925781 17.638425827026367 22
    vertex -104.42793273925781 17.638425827026367 14
  endloop
endfacet
facet normal 0 0 0
  outer loop
    vertex -104.42793273925781 17.638425827026367 14
    vertex -102.65367126464844 18.477590560913086 22
    vertex -102.65367126464844 18.477590560913086 14
  endloop
endfacet
facet normal 0 0 0
  outer loop
    vertex -102.65367126464844 18.477590560913086 14
    vertex -100.80569458007812 19.13880729675293 22
    vertex -100.80569458007812 19.13880729675293 14
  endloop
endfacet
facet normal 0 0 0
  outer loop
    vertex -100.80569458007812 19.13880729675293 14
    vertex -98.90180969238281 19.615705490112305 22
    vertex -98.90180969238281 19.615705490112305 14
  endloop
endfacet
facet normal 0 0 0
  outer loop
    vertex -98.90180969238281 19.615705490112305 14
    vertex -96.96034240722656 19.90369415283203 22
    vertex -96.96034240722656 19.90369415283203 14
  endloop
endfacet
facet normal 0 0 0
  outer loop
    vertex -96.96034240722656 19.90369415283203 14
    vertex -95 20 22
    vertex -95 20 14
  endloop
endfacet
facet normal 0 0 0
  outer loop
    vertex -95 20 14
    vertex -93.03965759277344 19.90369415283203 22
    vertex -93.03965759277344 19.90369415283203 14
  endloop
endfacet
facet normal 0 0 0
  outer loop
    vertex -93.03965759277344 19.90369415283203 14
    vertex -91.09819030761719 19.615705490112305 22
    vertex -91.09819030761719 19.615705490112305 14
  endloop
endfacet
facet normal 0 0 0
  outer loop
    vertex -83.88859558105469 16.629392623901367 14
    vertex -82.3121337890625 15.460208892822266 22
    vertex -82.3121337890625 15.460208892822266 14
  endloop
endfacet
facet normal 0 0 0
  outer loop
    vertex -83.88859558105469 16.629392623901367 14
    vertex -85.57206726074219 17.638425827026367 14
    vertex -83.88859558105469 16.629392623901367 22
  endloop
endfacet
facet normal 0 0 0
  outer loop
    vertex -87.34632873535156 18.477590560913086 14
    vertex -89.19430541992188 19.13880729675293 14
    vertex -87.34632873535156 18.477590560913086 22
  endloop
endfacet
facet normal 0 0 0
  outer loop
    vertex -91.09819030761719 19.615705490112305 14
    vertex -89.19430541992188 19.13880729675293 22
    vertex -89.19430541992188 19.13880729675293 14
  endloop
endfacet
facet normal 0 0 0
  outer loop
    vertex -87.34632873535156 18.477590560913086 14
    vertex -85.57206726074219 17.638425827026367 22
    vertex -85.57206726074219 17.638425827026367 14
  endloop
endfacet
facet normal 0 0 0
  outer loop
    vertex -76.52240753173828 7.6536688804626465 14
    vertex -81.73762512207031 7 14
    vertex -81.77117919921875 7.070950984954834 14
  endloop
endfacet
facet normal 0 0 0
  outer loop
    vertex -76.28852081298828 7 14
    vertex -81.73762512207031 7 14
    vertex -76.52240753173828 7.6536688804626465 14
  endloop
endfacet
facet normal 0 0 0
  outer loop
    vertex -76.52240753173828 7.6536688804626465 14
    vertex -81.77117919921875 7.070950984954834 14
    vertex -82.5279541015625 8.333553314208984 14
  endloop
endfacet
facet normal 0 0 0
  outer loop
    vertex -76.52240753173828 7.6536688804626465 14
    vertex -82.5279541015625 8.333553314208984 14
    vertex -77.361572265625 9.427934646606445 14
  endloop
endfacet
facet normal 0 0 0
  outer loop
    vertex -77.361572265625 9.427934646606445 14
    vertex -82.5279541015625 8.333553314208984 14
    vertex -83.40484619140625 9.515899658203125 14
  endloop
endfacet
facet normal 0 0 0
  outer loop
    vertex -76.28852081298828 7 14
    vertex -76.52240753173828 7.6536688804626465 14
    vertex -76.52240753173828 7.6536688804626465 22
  endloop
endfacet
facet normal 0 0 0
  outer loop
    vertex -76.52240753173828 7.6536688804626465 14
    vertex -77.361572265625 9.427934646606445 14
    vertex -76.52240753173828 7.6536688804626465 22
  endloop
endfacet
facet normal 0 0 0
  outer loop
    vertex -77.361572265625 9.427934646606445 14
    vertex -78.37060546875 11.111404418945312 14
    vertex -77.361572265625 9.427934646606445 22
  endloop
endfacet
facet normal 0 0 0
  outer loop
    vertex -78.37060546875 11.111404418945312 14
    vertex -83.40484619140625 9.515899658203125 14
    vertex -84.39339447021484 10.60660171508789 14
  endloop
endfacet
facet normal 0 0 0
  outer loop
    vertex -77.361572265625 9.427934646606445 14
    vertex -83.40484619140625 9.515899658203125 14
    vertex -78.37060546875 11.111404418945312 14
  endloop
endfacet
facet normal 0 0 0
  outer loop
    vertex -78.37060546875 11.111404418945312 14
    vertex -84.39339447021484 10.60660171508789 14
    vertex -79.53978729248047 12.687865257263184 14
  endloop
endfacet
facet normal 0 0 0
  outer loop
    vertex -79.53978729248047 12.687865257263184 14
    vertex -85.48410034179688 11.5951566696167 14
    vertex -80.85786437988281 14.142135620117188 14
  endloop
endfacet
facet normal 0 0 0
  outer loop
    vertex -78.37060546875 11.111404418945312 14
    vertex -79.53978729248047 12.687865257263184 14
    vertex -78.37060546875 11.111404418945312 22
  endloop
endfacet
facet normal 0 0 0
  outer loop
    vertex -79.53978729248047 12.687865257263184 14
    vertex -80.85786437988281 14.142135620117188 14
    vertex -79.53978729248047 12.687865257263184 22
  endloop
endfacet
facet normal 0 0 0
  outer loop
    vertex -80.85786437988281 14.142135620117188 14
    vertex -82.3121337890625 15.460208892822266 14
    vertex -80.85786437988281 14.142135620117188 22
  endloop
endfacet
facet normal 0 0 0
  outer loop
    vertex -115 0 14
    vertex -115 0 22
    vertex -114.90369415283203 1.9603427648544312 22
  endloop
endfacet
facet normal 0 0 0
  outer loop
    vertex -114.90369415283203 1.9603427648544312 14
    vertex -114.90369415283203 1.9603427648544312 22
    vertex -114.61570739746094 3.901806354522705 22
  endloop
endfacet
facet normal 0 0 0
  outer loop
    vertex -114.61570739746094 3.901806354522705 14
    vertex -114.61570739746094 3.901806354522705 22
    vertex -114.13880920410156 5.805693626403809 22
  endloop
endfacet
facet normal 0 0 0
  outer loop
    vertex -114.13880920410156 5.805693626403809 14
    vertex -114.13880920410156 5.805693626403809 22
    vertex -113.47759246826172 7.6536688804626465 22
  endloop
endfacet
facet normal 0 0 0
  outer loop
    vertex -113.47759246826172 7.6536688804626465 14
    vertex -113.47759246826172 7.6536688804626465 22
    vertex -112.638427734375 9.427934646606445 22
  endloop
endfacet
facet normal 0 0 0
  outer loop
    vertex -112.638427734375 9.427934646606445 14
    vertex -112.638427734375 9.427934646606445 22
    vertex -111.62939453125 11.111404418945312 22
  endloop
endfacet
facet normal 0 0 0
  outer loop
    vertex -114.90369415283203 -1.9603427648544312 22
    vertex -114.90369415283203 1.9603427648544312 22
    vertex -115 0 22
  endloop
endfacet
facet normal 0 0 0
  outer loop
    vertex -114.90369415283203 -1.9603427648544312 22
    vertex -114.61570739746094 3.901806354522705 22
    vertex -114.90369415283203 1.9603427648544312 22
  endloop
endfacet
facet normal 0 0 0
  outer loop
    vertex -114.61570739746094 -3.901806354522705 22
    vertex -114.13880920410156 5.805693626403809 22
    vertex -114.61570739746094 3.901806354522705 22
  endloop
endfacet
facet normal 0 0 0
  outer loop
    vertex -110.46021270751953 -12.687865257263184 22
    vertex -110 0 22
    vertex -110.46021270751953 12.687865257263184 22
  endloop
endfacet
facet normal 0 0 0
  outer loop
    vertex -114.13880920410156 -5.805693626403809 22
    vertex -113.47759246826172 7.6536688804626465 22
    vertex -114.13880920410156 5.805693626403809 22
  endloop
endfacet
facet normal 0 0 0
  outer loop
    vertex -113.47759246826172 -7.6536688804626465 22
    vertex -112.638427734375 9.427934646606445 22
    vertex -113.47759246826172 7.6536688804626465 22
  endloop
endfacet
facet normal 0 0 0
  outer loop
    vertex -112.638427734375 -9.427934646606445 22
    vertex -111.62939453125 11.111404418945312 22
    vertex -112.638427734375 9.427934646606445 22
  endloop
endfacet
facet normal 0 0 0
  outer loop
    vertex -111.62939453125 -11.111404418945312 22
    vertex -110.46021270751953 12.687865257263184 22
    vertex -111.62939453125 11.111404418945312 22
  endloop
endfacet
facet normal 0 0 0
  outer loop
    vertex -110.46021270751953 12.687865257263184 22
    vertex -110 0 22
    vertex -109.92777252197266 1.4702571630477905 22
  endloop
endfacet
facet normal 0 0 0
  outer loop
    vertex -110.46021270751953 12.687865257263184 22
    vertex -109.92777252197266 1.4702571630477905 22
    vertex -109.71177673339844 2.9263548851013184 22
  endloop
endfacet
facet normal 0 0 0
  outer loop
    vertex -110.46021270751953 12.687865257263184 22
    vertex -109.71177673339844 2.9263548851013184 22
    vertex -109.3541030883789 4.354269981384277 22
  endloop
endfacet
facet normal 0 0 0
  outer loop
    vertex -109.14213562011719 14.142135620117188 22
    vertex -109.3541030883789 4.354269981384277 22
    vertex -108.85819244384766 5.740251541137695 22
  endloop
endfacet
facet normal 0 0 0
  outer loop
    vertex -109.14213562011719 14.142135620117188 22
    vertex -108.85819244384766 5.740251541137695 22
    vertex -108.22882080078125 7.070950984954834 22
  endloop
endfacet
facet normal 0 0 0
  outer loop
    vertex -109.14213562011719 14.142135620117188 22
    vertex -108.22882080078125 7.070950984954834 22
    vertex -107.4720458984375 8.333553314208984 22
  endloop
endfacet
facet normal 0 0 0
  outer loop
    vertex -111.62939453125 11.111404418945312 14
    vertex -111.62939453125 11.111404418945312 22
    vertex -110.46021270751953 12.687865257263184 22
  endloop
endfacet
facet normal 0 0 0
  outer loop
    vertex -110.46021270751953 12.687865257263184 14
    vertex -110.46021270751953 12.687865257263184 22
    vertex -109.14213562011719 14.142135620117188 22
  endloop
endfacet
facet normal 0 0 0
  outer loop
    vertex -109.14213562011719 14.142135620117188 14
    vertex -109.14213562011719 14.142135620117188 22
    vertex -107.6878662109375 15.460208892822266 22
  endloop
endfacet
facet normal 0 0 0
  outer loop
    vertex -107.6878662109375 15.460208892822266 14
    vertex -107.6878662109375 15.460208892822266 22
    vertex -106.11140441894531 16.629392623901367 22
  endloop
endfacet
facet normal 0 0 0
  outer loop
    vertex -106.11140441894531 16.629392623901367 14
    vertex -106.11140441894531 16.629392623901367 22
    vertex -104.42793273925781 17.638425827026367 22
  endloop
endfacet
facet normal 0 0 0
  outer loop
    vertex -104.42793273925781 17.638425827026367 14
    vertex -104.42793273925781 17.638425827026367 22
    vertex -102.65367126464844 18.477590560913086 22
  endloop
endfacet
facet normal 0 0 0
  outer loop
    vertex -102.65367126464844 18.477590560913086 14
    vertex -102.65367126464844 18.477590560913086 22
    vertex -100.80569458007812 19.13880729675293 22
  endloop
endfacet
facet normal 0 0 0
  outer loop
    vertex -100.80569458007812 19.13880729675293 14
    vertex -100.80569458007812 19.13880729675293 22
    vertex -98.90180969238281 19.615705490112305 22
  endloop
endfacet
facet normal 0 0 0
  outer loop
    vertex -98.90180969238281 19.615705490112305 14
    vertex -98.90180969238281 19.615705490112305 22
    vertex -96.96034240722656 19.90369415283203 22
  endloop
endfacet
facet normal 0 0 0
  outer loop
    vertex -96.96034240722656 19.90369415283203 14
    vertex -96.96034240722656 19.90369415283203 22
    vertex -95 20 22
  endloop
endfacet
facet normal 0 0 0
  outer loop
    vertex -95 20 14
    vertex -95 20 22
    vertex -93.03965759277344 19.90369415283203 22
  endloop
endfacet
facet normal 0 0 0
  outer loop
    vertex -93.03965759277344 19.90369415283203 14
    vertex -93.03965759277344 19.90369415283203 22
    vertex -91.09819030761719 19.615705490112305 22
  endloop
endfacet
facet normal 0 0 0
  outer loop
    vertex -83.88859558105469 16.629392623901367 14
    vertex -83.88859558105469 16.629392623901367 22
    vertex -82.3121337890625 15.460208892822266 22
  endloop
endfacet
facet normal 0 0 0
  outer loop
    vertex -85.57206726074219 17.638425827026367 14
    vertex -85.57206726074219 17.638425827026367 22
    vertex -83.88859558105469 16.629392623901367 22
  endloop
endfacet
facet normal 0 0 0
  outer loop
    vertex -87.34632873535156 18.477590560913086 14
    vertex -87.34632873535156 18.477590560913086 22
    vertex -85.57206726074219 17.638425827026367 22
  endloop
endfacet
facet normal 0 0 0
  outer loop
    vertex -91.09819030761719 19.615705490112305 14
    vertex -91.09819030761719 19.615705490112305 22
    vertex -89.19430541992188 19.13880729675293 22
  endloop
endfacet
facet normal 0 0 0
  outer loop
    vertex -89.19430541992188 19.13880729675293 14
    vertex -89.19430541992188 19.13880729675293 22
    vertex -87.34632873535156 18.477590560913086 22
  endloop
endfacet
facet normal 0 0 0
  outer loop
    vertex -110.46021270751953 12.687865257263184 22
    vertex -109.3541030883789 4.354269981384277 22
    vertex -109.14213562011719 14.142135620117188 22
  endloop
endfacet
facet normal 0 0 0
  outer loop
    vertex -107.6878662109375 15.460208892822266 22
    vertex -107.4720458984375 8.333553314208984 22
    vertex -106.59515380859375 9.515899658203125 22
  endloop
endfacet
facet normal 0 0 0
  outer loop
    vertex -109.14213562011719 14.142135620117188 22
    vertex -107.4720458984375 8.333553314208984 22
    vertex -107.6878662109375 15.460208892822266 22
  endloop
endfacet
facet normal 0 0 0
  outer loop
    vertex -107.6878662109375 15.460208892822266 22
    vertex -106.59515380859375 9.515899658203125 22
    vertex -105.60660552978516 10.60660171508789 22
  endloop
endfacet
facet normal 0 0 0
  outer loop
    vertex -106.11140441894531 16.629392623901367 22
    vertex -105.60660552978516 10.60660171508789 22
    vertex -104.51589965820312 11.5951566696167 22
  endloop
endfacet
facet normal 0 0 0
  outer loop
    vertex -107.6878662109375 15.460208892822266 22
    vertex -105.60660552978516 10.60660171508789 22
    vertex -106.11140441894531 16.629392623901367 22
  endloop
endfacet
facet normal 0 0 0
  outer loop
    vertex -104.42793273925781 17.638425827026367 22
    vertex -104.51589965820312 11.5951566696167 22
    vertex -103.33355712890625 12.472043991088867 22
  endloop
endfacet
facet normal 0 0 0
  outer loop
    vertex -104.42793273925781 17.638425827026367 22
    vertex -103.33355712890625 12.472043991088867 22
    vertex -102.07095336914062 13.228818893432617 22
  endloop
endfacet
facet normal 0 0 0
  outer loop
    vertex -106.11140441894531 16.629392623901367 22
    vertex -104.51589965820312 11.5951566696167 22
    vertex -104.42793273925781 17.638425827026367 22
  endloop
endfacet
facet normal 0 0 0
  outer loop
    vertex -104.42793273925781 17.638425827026367 22
    vertex -102.07095336914062 13.228818893432617 22
    vertex -102.65367126464844 18.477590560913086 22
  endloop
endfacet
facet normal 0 0 0
  outer loop
    vertex -102.65367126464844 18.477590560913086 22
    vertex -102.07095336914062 13.228818893432617 22
    vertex -100.74024963378906 13.858193397521973 22
  endloop
endfacet
facet normal 0 0 0
  outer loop
    vertex -100.80569458007812 19.13880729675293 22
    vertex -100.74024963378906 13.858193397521973 22
    vertex -99.3542709350586 14.354104995727539 22
  endloop
endfacet
facet normal 0 0 0
  outer loop
    vertex -100.80569458007812 19.13880729675293 22
    vertex -99.3542709350586 14.354104995727539 22
    vertex -97.92635345458984 14.711779594421387 22
  endloop
endfacet
facet normal 0 0 0
  outer loop
    vertex -102.65367126464844 18.477590560913086 22
    vertex -100.74024963378906 13.858193397521973 22
    vertex -100.80569458007812 19.13880729675293 22
  endloop
endfacet
facet normal 0 0 0
  outer loop
    vertex -100.80569458007812 19.13880729675293 22
    vertex -97.92635345458984 14.711779594421387 22
    vertex -98.90180969238281 19.615705490112305 22
  endloop
endfacet
facet normal 0 0 0
  outer loop
    vertex -82.3121337890625 15.460208892822266 22
    vertex -83.40484619140625 9.515899658203125 22
    vertex -82.5279541015625 8.333553314208984 22
  endloop
endfacet
facet normal 0 0 0
  outer loop
    vertex -83.88859558105469 16.629392623901367 22
    vertex -84.39339447021484 10.60660171508789 22
    vertex -83.40484619140625 9.515899658203125 22
  endloop
endfacet
facet normal 0 0 0
  outer loop
    vertex -87.34632873535156 18.477590560913086 22
    vertex -87.92904663085938 13.228818893432617 22
    vertex -86.66644287109375 12.472043991088867 22
  endloop
endfacet
facet normal 0 0 0
  outer loop
    vertex -83.88859558105469 16.629392623901367 22
    vertex -85.48410034179688 11.5951566696167 22
    vertex -84.39339447021484 10.60660171508789 22
  endloop
endfacet
facet normal 0 0 0
  outer loop
    vertex -85.57206726074219 17.638425827026367 22
    vertex -86.66644287109375 12.472043991088867 22
    vertex -85.48410034179688 11.5951566696167 22
  endloop
endfacet
facet normal 0 0 0
  outer loop
    vertex -83.88859558105469 16.629392623901367 22
    vertex -83.40484619140625 9.515899658203125 22
    vertex -82.3121337890625 15.460208892822266 22
  endloop
endfacet
facet normal 0 0 0
  outer loop
    vertex -98.90180969238281 19.615705490112305 22
    vertex -97.92635345458984 14.711779594421387 22
    vertex -96.47026062011719 14.927770614624023 22
  endloop
endfacet
facet normal 0 0 0
  outer loop
    vertex -96.96034240722656 19.90369415283203 22
    vertex -96.47026062011719 14.927770614624023 22
    vertex -95 15 22
  endloop
endfacet
facet normal 0 0 0
  outer loop
    vertex -91.09819030761719 19.615705490112305 22
    vertex -92.07364654541016 14.711779594421387 22
    vertex -90.6457290649414 14.354104995727539 22
  endloop
endfacet
facet normal 0 0 0
  outer loop
    vertex -95 20 22
    vertex -95 15 22
    vertex -93.52973937988281 14.927770614624023 22
  endloop
endfacet
facet normal 0 0 0
  outer loop
    vertex -93.03965759277344 19.90369415283203 22
    vertex -93.52973937988281 14.927770614624023 22
    vertex -92.07364654541016 14.711779594421387 22
  endloop
endfacet
facet normal 0 0 0
  outer loop
    vertex -98.90180969238281 19.615705490112305 22
    vertex -96.47026062011719 14.927770614624023 22
    vertex -96.96034240722656 19.90369415283203 22
  endloop
endfacet
facet normal 0 0 0
  outer loop
    vertex -96.96034240722656 19.90369415283203 22
    vertex -95 15 22
    vertex -95 20 22
  endloop
endfacet
facet normal 0 0 0
  outer loop
    vertex -95 20 22
    vertex -93.52973937988281 14.927770614624023 22
    vertex -93.03965759277344 19.90369415283203 22
  endloop
endfacet
facet normal 0 0 0
  outer loop
    vertex -93.03965759277344 19.90369415283203 22
    vertex -92.07364654541016 14.711779594421387 22
    vertex -91.09819030761719 19.615705490112305 22
  endloop
endfacet
facet normal 0 0 0
  outer loop
    vertex -89.19430541992188 19.13880729675293 22
    vertex -89.25975036621094 13.858193397521973 22
    vertex -87.92904663085938 13.228818893432617 22
  endloop
endfacet
facet normal 0 0 0
  outer loop
    vertex -89.19430541992188 19.13880729675293 22
    vertex -90.6457290649414 14.354104995727539 22
    vertex -89.25975036621094 13.858193397521973 22
  endloop
endfacet
facet normal 0 0 0
  outer loop
    vertex -87.34632873535156 18.477590560913086 22
    vertex -89.19430541992188 19.13880729675293 22
    vertex -87.92904663085938 13.228818893432617 22
  endloop
endfacet
facet normal 0 0 0
  outer loop
    vertex -83.88859558105469 16.629392623901367 22
    vertex -85.57206726074219 17.638425827026367 22
    vertex -85.48410034179688 11.5951566696167 22
  endloop
endfacet
facet normal 0 0 0
  outer loop
    vertex -87.34632873535156 18.477590560913086 22
    vertex -86.66644287109375 12.472043991088867 22
    vertex -85.57206726074219 17.638425827026367 22
  endloop
endfacet
facet normal 0 0 0
  outer loop
    vertex -91.09819030761719 19.615705490112305 22
    vertex -90.6457290649414 14.354104995727539 22
    vertex -89.19430541992188 19.13880729675293 22
  endloop
endfacet
facet normal 0 0 0
  outer loop
    vertex -76.28852081298828 7 14
    vertex -76.52240753173828 7.6536688804626465 22
    vertex -76.28852081298828 7 22
  endloop
endfacet
facet normal 0 0 0
  outer loop
    vertex -77.361572265625 9.427934646606445 14
    vertex -77.361572265625 9.427934646606445 22
    vertex -76.52240753173828 7.6536688804626465 22
  endloop
endfacet
facet normal 0 0 0
  outer loop
    vertex -79.53978729248047 -12.687865257263184 22
    vertex -79.53978729248047 12.687865257263184 22
    vertex -80 0 22
  endloop
endfacet
facet normal 0 0 0
  outer loop
    vertex -76.28852081298828 -7 22
    vertex -75.86119079589844 3.6507089138031006 22
    vertex -75.96615600585938 3.6690776348114014 22
  endloop
endfacet
facet normal 0 0 0
  outer loop
    vertex -76.52240753173828 -7.6536688804626465 22
    vertex -75.96615600585938 3.6690776348114014 22
    vertex -76.52240753173828 7.6536688804626465 22
  endloop
endfacet
facet normal 0 0 0
  outer loop
    vertex -79.53978729248047 -12.687865257263184 22
    vertex -78.37060546875 11.111404418945312 22
    vertex -79.53978729248047 12.687865257263184 22
  endloop
endfacet
facet normal 0 0 0
  outer loop
    vertex -79.53978729248047 12.687865257263184 22
    vertex -80.07222747802734 1.4702571630477905 22
    vertex -80 0 22
  endloop
endfacet
facet normal 0 0 0
  outer loop
    vertex -77.361572265625 -9.427934646606445 22
    vertex -76.52240753173828 7.6536688804626465 22
    vertex -77.361572265625 9.427934646606445 22
  endloop
endfacet
facet normal 0 0 0
  outer loop
    vertex -78.37060546875 -11.111404418945312 22
    vertex -77.361572265625 9.427934646606445 22
    vertex -78.37060546875 11.111404418945312 22
  endloop
endfacet
facet normal 0 0 0
  outer loop
    vertex -79.53978729248047 12.687865257263184 22
    vertex -80.28822326660156 2.9263548851013184 22
    vertex -80.07222747802734 1.4702571630477905 22
  endloop
endfacet
facet normal 0 0 0
  outer loop
    vertex -79.53978729248047 12.687865257263184 22
    vertex -80.6458969116211 4.354269981384277 22
    vertex -80.28822326660156 2.9263548851013184 22
  endloop
endfacet
facet normal 0 0 0
  outer loop
    vertex -75.96615600585938 3.6690776348114014 22
    vertex -76.28852081298828 7 22
    vertex -76.52240753173828 7.6536688804626465 22
  endloop
endfacet
facet normal 0 0 0
  outer loop
    vertex -80.85786437988281 14.142135620117188 22
    vertex -81.14180755615234 5.740251541137695 22
    vertex -80.6458969116211 4.354269981384277 22
  endloop
endfacet
facet normal 0 0 0
  outer loop
    vertex -80.85786437988281 14.142135620117188 22
    vertex -81.77117919921875 7.070950984954834 22
    vertex -81.14180755615234 5.740251541137695 22
  endloop
endfacet
facet normal 0 0 0
  outer loop
    vertex -79.53978729248047 12.687865257263184 14
    vertex -79.53978729248047 12.687865257263184 22
    vertex -78.37060546875 11.111404418945312 22
  endloop
endfacet
facet normal 0 0 0
  outer loop
    vertex -78.37060546875 11.111404418945312 14
    vertex -78.37060546875 11.111404418945312 22
    vertex -77.361572265625 9.427934646606445 22
  endloop
endfacet
facet normal 0 0 0
  outer loop
    vertex -80.85786437988281 14.142135620117188 14
    vertex -80.85786437988281 14.142135620117188 22
    vertex -79.53978729248047 12.687865257263184 22
  endloop
endfacet
facet normal 0 0 0
  outer loop
    vertex -82.3121337890625 15.460208892822266 14
    vertex -82.3121337890625 15.460208892822266 22
    vertex -80.85786437988281 14.142135620117188 22
  endloop
endfacet
facet normal 0 0 0
  outer loop
    vertex -82.3121337890625 15.460208892822266 22
    vertex -82.5279541015625 8.333553314208984 22
    vertex -81.77117919921875 7.070950984954834 22
  endloop
endfacet
facet normal 0 0 0
  outer loop
    vertex -79.53978729248047 12.687865257263184 22
    vertex -80.85786437988281 14.142135620117188 22
    vertex -80.6458969116211 4.354269981384277 22
  endloop
endfacet
facet normal 0 0 0
  outer loop
    vertex -80.85786437988281 14.142135620117188 22
    vertex -82.3121337890625 15.460208892822266 22
    vertex -81.77117919921875 7.070950984954834 22
  endloop
endfacet
facet normal 0 0 0
  outer loop
    vertex -6.75 0 14
    vertex -9.25 0 14
    vertex -9.25 0 24
  endloop
endfacet
facet normal 0 0 0
  outer loop
    vertex -9.25 11.79236125946045 24
    vertex -9.25 0 14
    vertex -9.25 11.79236125946045 14
  endloop
endfacet
facet normal 0 0 0
  outer loop
    vertex -9.25 0 24
    vertex -8.333553314208984 0 24
    vertex -6.75 0 14
  endloop
endfacet
facet normal 0 0 0
  outer loop
    vertex -8.333553314208984 0 24
    vertex -8.321950912475586 0 24
    vertex -6.75 0 14
  endloop
endfacet
facet normal 0 0 0
  outer loop
    vertex -8.321950912475586 0 24
    vertex -6.75 0 24
    vertex -6.75 0 14
  endloop
endfacet
facet normal 0 0 0
  outer loop
    vertex -9.25 11.79236125946045 24
    vertex -9.25 0 24
    vertex -9.25 0 14
  endloop
endfacet
facet normal 0 0 0
  outer loop
    vertex -6.75 0 14
    vertex -6.75 0 24
    vertex -6.75 -0.5 14
  endloop
endfacet
facet normal 0 0 0
  outer loop
    vertex 5.25 -0.5 14
    vertex -6.75 -0.5 14
    vertex -6.75 -0.5 24
  endloop
endfacet
facet normal 0 0 0
  outer loop
    vertex -6.75 -0.5 14
    vertex -6.75 0 24
    vertex -6.75 -0.5 24
  endloop
endfacet
facet normal 0 0 0
  outer loop
    vertex -6.75 -0.5 24
    vertex 5.25 -0.5 24
    vertex 5.25 -0.5 14
  endloop
endfacet
facet normal 0 0 0
  outer loop
    vertex 5.25 12.585786819458008 14
    vertex 5.25 -0.5 14
    vertex 5.25 -0.5 24
  endloop
endfacet
facet normal 0 0 0
  outer loop
    vertex 5.25 -0.5 24
    vertex 5.25 12.585786819458008 24
    vertex 5.25 12.585786819458008 14
  endloop
endfacet
facet normal 0 0 0
  outer loop
    vertex 6.27125883102417 13.60704517364502 14
    vertex 5.25 12.585786819458008 14
    vertex 6.27125883102417 13.60704517364502 24
  endloop
endfacet
facet normal 0 0 0
  outer loop
    vertex 6.27125883102417 13.60704517364502 24
    vertex 5.25 12.585786819458008 14
    vertex 5.25 12.585786819458008 24
  endloop
endfacet
facet normal 0 0 0
  outer loop
    vertex -102.07095336914062 -13.228818893432617 14
    vertex -103.33355712890625 -12.472043991088867 14
    vertex -103.33355712890625 -12.472043991088867 22
  endloop
endfacet
facet normal 0 0 0
  outer loop
    vertex -97.92635345458984 -14.711779594421387 14
    vertex -99.3542709350586 -14.354104995727539 14
    vertex -99.3542709350586 -14.354104995727539 22
  endloop
endfacet
facet normal 0 0 0
  outer loop
    vertex -99.3542709350586 -14.354104995727539 14
    vertex -100.74024963378906 -13.858193397521973 14
    vertex -100.74024963378906 -13.858193397521973 22
  endloop
endfacet
facet normal 0 0 0
  outer loop
    vertex -100.74024963378906 -13.858193397521973 14
    vertex -102.07095336914062 -13.228818893432617 14
    vertex -102.07095336914062 -13.228818893432617 22
  endloop
endfacet
facet normal 0 0 0
  outer loop
    vertex -103.33355712890625 -12.472043991088867 14
    vertex -104.51589965820312 -11.5951566696167 14
    vertex -104.51589965820312 -11.5951566696167 22
  endloop
endfacet
facet normal 0 0 0
  outer loop
    vertex -104.51589965820312 -11.5951566696167 14
    vertex -105.60660552978516 -10.60660171508789 14
    vertex -105.60660552978516 -10.60660171508789 22
  endloop
endfacet
facet normal 0 0 0
  outer loop
    vertex -96.47026062011719 -14.927770614624023 14
    vertex -97.92635345458984 -14.711779594421387 14
    vertex -97.92635345458984 -14.711779594421387 22
  endloop
endfacet
facet normal 0 0 0
  outer loop
    vertex -95 -15 14
    vertex -96.47026062011719 -14.927770614624023 14
    vertex -96.47026062011719 -14.927770614624023 22
  endloop
endfacet
facet normal 0 0 0
  outer loop
    vertex -93.52973937988281 -14.927770614624023 14
    vertex -95 -15 14
    vertex -95 -15 22
  endloop
endfacet
facet normal 0 0 0
  outer loop
    vertex -92.07364654541016 -14.711779594421387 14
    vertex -93.52973937988281 -14.927770614624023 14
    vertex -93.52973937988281 -14.927770614624023 22
  endloop
endfacet
facet normal 0 0 0
  outer loop
    vertex -90.6457290649414 -14.354104995727539 14
    vertex -92.07364654541016 -14.711779594421387 14
    vertex -92.07364654541016 -14.711779594421387 22
  endloop
endfacet
facet normal 0 0 0
  outer loop
    vertex -89.25975036621094 -13.858193397521973 14
    vertex -90.6457290649414 -14.354104995727539 14
    vertex -90.6457290649414 -14.354104995727539 22
  endloop
endfacet
facet normal 0 0 0
  outer loop
    vertex -87.92904663085938 -13.228818893432617 14
    vertex -89.25975036621094 -13.858193397521973 14
    vertex -89.25975036621094 -13.858193397521973 22
  endloop
endfacet
facet normal 0 0 0
  outer loop
    vertex -86.66644287109375 -12.472043991088867 14
    vertex -87.92904663085938 -13.228818893432617 14
    vertex -87.92904663085938 -13.228818893432617 22
  endloop
endfacet
facet normal 0 0 0
  outer loop
    vertex -85.48410034179688 -11.5951566696167 14
    vertex -86.66644287109375 -12.472043991088867 14
    vertex -86.66644287109375 -12.472043991088867 22
  endloop
endfacet
facet normal 0 0 0
  outer loop
    vertex -84.39339447021484 -10.60660171508789 14
    vertex -85.48410034179688 -11.5951566696167 14
    vertex -85.48410034179688 -11.5951566696167 22
  endloop
endfacet
facet normal 0 0 0
  outer loop
    vertex -83.40484619140625 -9.515899658203125 14
    vertex -84.39339447021484 -10.60660171508789 14
    vertex -84.39339447021484 -10.60660171508789 22
  endloop
endfacet
facet normal 0 0 0
  outer loop
    vertex -106.59515380859375 -9.515899658203125 14
    vertex -107.4720458984375 -8.333553314208984 14
    vertex -107.4720458984375 -8.333553314208984 22
  endloop
endfacet
facet normal 0 0 0
  outer loop
    vertex -107.4720458984375 -8.333553314208984 14
    vertex -108.22882080078125 -7.070950984954834 14
    vertex -108.22882080078125 -7.070950984954834 22
  endloop
endfacet
facet normal 0 0 0
  outer loop
    vertex -108.22882080078125 -7.070950984954834 14
    vertex -108.85819244384766 -5.740251541137695 14
    vertex -108.85819244384766 -5.740251541137695 22
  endloop
endfacet
facet normal 0 0 0
  outer loop
    vertex -105.60660552978516 -10.60660171508789 14
    vertex -106.59515380859375 -9.515899658203125 14
    vertex -106.59515380859375 -9.515899658203125 22
  endloop
endfacet
facet normal 0 0 0
  outer loop
    vertex -108.85819244384766 -5.740251541137695 14
    vertex -109.3541030883789 -4.354269981384277 14
    vertex -109.3541030883789 -4.354269981384277 22
  endloop
endfacet
facet normal 0 0 0
  outer loop
    vertex -109.3541030883789 -4.354269981384277 14
    vertex -109.71177673339844 -2.9263548851013184 14
    vertex -109.71177673339844 -2.9263548851013184 22
  endloop
endfacet
facet normal 0 0 0
  outer loop
    vertex -109.71177673339844 -2.9263548851013184 14
    vertex -109.92777252197266 -1.4702571630477905 14
    vertex -109.92777252197266 -1.4702571630477905 22
  endloop
endfacet
facet normal 0 0 0
  outer loop
    vertex -109.92777252197266 -1.4702571630477905 14
    vertex -110 0 14
    vertex -110 0 22
  endloop
endfacet
facet normal 0 0 0
  outer loop
    vertex -82.5279541015625 -8.333553314208984 14
    vertex -83.40484619140625 -9.515899658203125 14
    vertex -83.40484619140625 -9.515899658203125 22
  endloop
endfacet
facet normal 0 0 0
  outer loop
    vertex -81.77117919921875 -7.070950984954834 14
    vertex -82.5279541015625 -8.333553314208984 14
    vertex -82.5279541015625 -8.333553314208984 22
  endloop
endfacet
facet normal 0 0 0
  outer loop
    vertex -81.73762512207031 -7 14
    vertex -81.77117919921875 -7.070950984954834 14
    vertex -81.77117919921875 -7.070950984954834 22
  endloop
endfacet
facet normal 0 0 0
  outer loop
    vertex -81.73762512207031 -7 14
    vertex -81.77117919921875 -7.070950984954834 22
    vertex -81.14180755615234 -5.740251541137695 14
  endloop
endfacet
facet normal 0 0 0
  outer loop
    vertex -80.6458969116211 -4.354269981384277 14
    vertex -81.14180755615234 -5.740251541137695 14
    vertex -81.14180755615234 -5.740251541137695 22
  endloop
endfacet
facet normal 0 0 0
  outer loop
    vertex -80.28822326660156 -2.9263548851013184 14
    vertex -80.6458969116211 -4.354269981384277 14
    vertex -80.6458969116211 -4.354269981384277 22
  endloop
endfacet
facet normal 0 0 0
  outer loop
    vertex -80.28822326660156 -2.9263548851013184 22
    vertex -80.07222747802734 -1.4702571630477905 14
    vertex -80.28822326660156 -2.9263548851013184 14
  endloop
endfacet
facet normal 0 0 0
  outer loop
    vertex -80.07222747802734 -1.4702571630477905 22
    vertex -80 0 14
    vertex -80.07222747802734 -1.4702571630477905 14
  endloop
endfacet
facet normal 0 0 0
  outer loop
    vertex -99.3542709350586 -14.354104995727539 14
    vertex -100.74024963378906 -13.858193397521973 22
    vertex -99.3542709350586 -14.354104995727539 22
  endloop
endfacet
facet normal 0 0 0
  outer loop
    vertex -102.07095336914062 -13.228818893432617 22
    vertex -100.74024963378906 -13.858193397521973 22
    vertex -100.74024963378906 -13.858193397521973 14
  endloop
endfacet
facet normal 0 0 0
  outer loop
    vertex -103.33355712890625 -12.472043991088867 22
    vertex -102.07095336914062 -13.228818893432617 22
    vertex -102.07095336914062 -13.228818893432617 14
  endloop
endfacet
facet normal 0 0 0
  outer loop
    vertex -104.51589965820312 -11.5951566696167 14
    vertex -105.60660552978516 -10.60660171508789 22
    vertex -104.51589965820312 -11.5951566696167 22
  endloop
endfacet
facet normal 0 0 0
  outer loop
    vertex -104.51589965820312 -11.5951566696167 22
    vertex -103.33355712890625 -12.472043991088867 22
    vertex -103.33355712890625 -12.472043991088867 14
  endloop
endfacet
facet normal 0 0 0
  outer loop
    vertex -106.59515380859375 -9.515899658203125 22
    vertex -105.60660552978516 -10.60660171508789 22
    vertex -105.60660552978516 -10.60660171508789 14
  endloop
endfacet
facet normal 0 0 0
  outer loop
    vertex -99.3542709350586 -14.354104995727539 22
    vertex -97.92635345458984 -14.711779594421387 22
    vertex -97.92635345458984 -14.711779594421387 14
  endloop
endfacet
facet normal 0 0 0
  outer loop
    vertex -96.47026062011719 -14.927770614624023 14
    vertex -97.92635345458984 -14.711779594421387 22
    vertex -96.47026062011719 -14.927770614624023 22
  endloop
endfacet
facet normal 0 0 0
  outer loop
    vertex -95 -15 14
    vertex -96.47026062011719 -14.927770614624023 22
    vertex -95 -15 22
  endloop
endfacet
facet normal 0 0 0
  outer loop
    vertex -93.52973937988281 -14.927770614624023 14
    vertex -95 -15 22
    vertex -93.52973937988281 -14.927770614624023 22
  endloop
endfacet
facet normal 0 0 0
  outer loop
    vertex -93.52973937988281 -14.927770614624023 22
    vertex -92.07364654541016 -14.711779594421387 22
    vertex -92.07364654541016 -14.711779594421387 14
  endloop
endfacet
facet normal 0 0 0
  outer loop
    vertex -92.07364654541016 -14.711779594421387 22
    vertex -90.6457290649414 -14.354104995727539 22
    vertex -90.6457290649414 -14.354104995727539 14
  endloop
endfacet
facet normal 0 0 0
  outer loop
    vertex -89.25975036621094 -13.858193397521973 14
    vertex -90.6457290649414 -14.354104995727539 22
    vertex -89.25975036621094 -13.858193397521973 22
  endloop
endfacet
facet normal 0 0 0
  outer loop
    vertex -87.92904663085938 -13.228818893432617 14
    vertex -89.25975036621094 -13.858193397521973 22
    vertex -87.92904663085938 -13.228818893432617 22
  endloop
endfacet
facet normal 0 0 0
  outer loop
    vertex -87.92904663085938 -13.228818893432617 22
    vertex -86.66644287109375 -12.472043991088867 22
    vertex -86.66644287109375 -12.472043991088867 14
  endloop
endfacet
facet normal 0 0 0
  outer loop
    vertex -86.66644287109375 -12.472043991088867 22
    vertex -85.48410034179688 -11.5951566696167 22
    vertex -85.48410034179688 -11.5951566696167 14
  endloop
endfacet
facet normal 0 0 0
  outer loop
    vertex -84.39339447021484 -10.60660171508789 14
    vertex -85.48410034179688 -11.5951566696167 22
    vertex -84.39339447021484 -10.60660171508789 22
  endloop
endfacet
facet normal 0 0 0
  outer loop
    vertex -106.59515380859375 -9.515899658203125 14
    vertex -107.4720458984375 -8.333553314208984 22
    vertex -106.59515380859375 -9.515899658203125 22
  endloop
endfacet
facet normal 0 0 0
  outer loop
    vertex -108.22882080078125 -7.070950984954834 22
    vertex -107.4720458984375 -8.333553314208984 22
    vertex -107.4720458984375 -8.333553314208984 14
  endloop
endfacet
facet normal 0 0 0
  outer loop
    vertex -108.22882080078125 -7.070950984954834 14
    vertex -108.85819244384766 -5.740251541137695 22
    vertex -108.22882080078125 -7.070950984954834 22
  endloop
endfacet
facet normal 0 0 0
  outer loop
    vertex -109.3541030883789 -4.354269981384277 22
    vertex -108.85819244384766 -5.740251541137695 22
    vertex -108.85819244384766 -5.740251541137695 14
  endloop
endfacet
facet normal 0 0 0
  outer loop
    vertex -109.3541030883789 -4.354269981384277 14
    vertex -109.71177673339844 -2.9263548851013184 22
    vertex -109.3541030883789 -4.354269981384277 22
  endloop
endfacet
facet normal 0 0 0
  outer loop
    vertex -109.71177673339844 -2.9263548851013184 14
    vertex -109.92777252197266 -1.4702571630477905 22
    vertex -109.71177673339844 -2.9263548851013184 22
  endloop
endfacet
facet normal 0 0 0
  outer loop
    vertex -109.92777252197266 -1.4702571630477905 14
    vertex -110 0 22
    vertex -109.92777252197266 -1.4702571630477905 22
  endloop
endfacet
facet normal 0 0 0
  outer loop
    vertex -84.39339447021484 -10.60660171508789 22
    vertex -83.40484619140625 -9.515899658203125 22
    vertex -83.40484619140625 -9.515899658203125 14
  endloop
endfacet
facet normal 0 0 0
  outer loop
    vertex -82.5279541015625 -8.333553314208984 14
    vertex -83.40484619140625 -9.515899658203125 22
    vertex -82.5279541015625 -8.333553314208984 22
  endloop
endfacet
facet normal 0 0 0
  outer loop
    vertex -82.5279541015625 -8.333553314208984 22
    vertex -81.77117919921875 -7.070950984954834 22
    vertex -81.77117919921875 -7.070950984954834 14
  endloop
endfacet
facet normal 0 0 0
  outer loop
    vertex -81.14180755615234 -5.740251541137695 14
    vertex -81.77117919921875 -7.070950984954834 22
    vertex -81.14180755615234 -5.740251541137695 22
  endloop
endfacet
facet normal 0 0 0
  outer loop
    vertex -81.14180755615234 -5.740251541137695 22
    vertex -80.6458969116211 -4.354269981384277 22
    vertex -80.6458969116211 -4.354269981384277 14
  endloop
endfacet
facet normal 0 0 0
  outer loop
    vertex -80.6458969116211 -4.354269981384277 22
    vertex -80.28822326660156 -2.9263548851013184 22
    vertex -80.28822326660156 -2.9263548851013184 14
  endloop
endfacet
facet normal 0 0 0
  outer loop
    vertex -80.28822326660156 -2.9263548851013184 22
    vertex -80.07222747802734 -1.4702571630477905 22
    vertex -80.07222747802734 -1.4702571630477905 14
  endloop
endfacet
facet normal 0 0 0
  outer loop
    vertex -80.07222747802734 -1.4702571630477905 22
    vertex -80 0 22
    vertex -80 0 14
  endloop
endfacet
facet normal 0 0 0
  outer loop
    vertex -110 0 14
    vertex -109.92777252197266 1.4702571630477905 14
    vertex -109.92777252197266 1.4702571630477905 22
  endloop
endfacet
facet normal 0 0 0
  outer loop
    vertex -109.92777252197266 1.4702571630477905 14
    vertex -109.71177673339844 2.9263548851013184 14
    vertex -109.71177673339844 2.9263548851013184 22
  endloop
endfacet
facet normal 0 0 0
  outer loop
    vertex -109.71177673339844 2.9263548851013184 14
    vertex -109.3541030883789 4.354269981384277 14
    vertex -109.3541030883789 4.354269981384277 22
  endloop
endfacet
facet normal 0 0 0
  outer loop
    vertex -109.3541030883789 4.354269981384277 14
    vertex -108.85819244384766 5.740251541137695 14
    vertex -108.85819244384766 5.740251541137695 22
  endloop
endfacet
facet normal 0 0 0
  outer loop
    vertex -108.85819244384766 5.740251541137695 14
    vertex -108.22882080078125 7.070950984954834 14
    vertex -108.22882080078125 7.070950984954834 22
  endloop
endfacet
facet normal 0 0 0
  outer loop
    vertex -108.22882080078125 7.070950984954834 14
    vertex -107.4720458984375 8.333553314208984 14
    vertex -107.4720458984375 8.333553314208984 22
  endloop
endfacet
facet normal 0 0 0
  outer loop
    vertex -107.4720458984375 8.333553314208984 14
    vertex -106.59515380859375 9.515899658203125 14
    vertex -106.59515380859375 9.515899658203125 22
  endloop
endfacet
facet normal 0 0 0
  outer loop
    vertex -83.40484619140625 9.515899658203125 14
    vertex -82.5279541015625 8.333553314208984 14
    vertex -82.5279541015625 8.333553314208984 22
  endloop
endfacet
facet normal 0 0 0
  outer loop
    vertex -84.39339447021484 10.60660171508789 14
    vertex -83.40484619140625 9.515899658203125 14
    vertex -83.40484619140625 9.515899658203125 22
  endloop
endfacet
facet normal 0 0 0
  outer loop
    vertex -106.59515380859375 9.515899658203125 14
    vertex -105.60660552978516 10.60660171508789 14
    vertex -105.60660552978516 10.60660171508789 22
  endloop
endfacet
facet normal 0 0 0
  outer loop
    vertex -105.60660552978516 10.60660171508789 14
    vertex -104.51589965820312 11.5951566696167 14
    vertex -104.51589965820312 11.5951566696167 22
  endloop
endfacet
facet normal 0 0 0
  outer loop
    vertex -104.51589965820312 11.5951566696167 14
    vertex -103.33355712890625 12.472043991088867 14
    vertex -103.33355712890625 12.472043991088867 22
  endloop
endfacet
facet normal 0 0 0
  outer loop
    vertex -103.33355712890625 12.472043991088867 14
    vertex -102.07095336914062 13.228818893432617 14
    vertex -102.07095336914062 13.228818893432617 22
  endloop
endfacet
facet normal 0 0 0
  outer loop
    vertex -102.07095336914062 13.228818893432617 14
    vertex -100.74024963378906 13.858193397521973 14
    vertex -100.74024963378906 13.858193397521973 22
  endloop
endfacet
facet normal 0 0 0
  outer loop
    vertex -100.74024963378906 13.858193397521973 14
    vertex -99.3542709350586 14.354104995727539 14
    vertex -99.3542709350586 14.354104995727539 22
  endloop
endfacet
facet normal 0 0 0
  outer loop
    vertex -99.3542709350586 14.354104995727539 14
    vertex -97.92635345458984 14.711779594421387 14
    vertex -97.92635345458984 14.711779594421387 22
  endloop
endfacet
facet normal 0 0 0
  outer loop
    vertex -97.92635345458984 14.711779594421387 14
    vertex -96.47026062011719 14.927770614624023 14
    vertex -96.47026062011719 14.927770614624023 22
  endloop
endfacet
facet normal 0 0 0
  outer loop
    vertex -96.47026062011719 14.927770614624023 14
    vertex -95 15 14
    vertex -95 15 22
  endloop
endfacet
facet normal 0 0 0
  outer loop
    vertex -95 15 14
    vertex -93.52973937988281 14.927770614624023 14
    vertex -93.52973937988281 14.927770614624023 22
  endloop
endfacet
facet normal 0 0 0
  outer loop
    vertex -93.52973937988281 14.927770614624023 14
    vertex -92.07364654541016 14.711779594421387 14
    vertex -92.07364654541016 14.711779594421387 22
  endloop
endfacet
facet normal 0 0 0
  outer loop
    vertex -92.07364654541016 14.711779594421387 14
    vertex -90.6457290649414 14.354104995727539 14
    vertex -90.6457290649414 14.354104995727539 22
  endloop
endfacet
facet normal 0 0 0
  outer loop
    vertex -85.48410034179688 11.5951566696167 14
    vertex -84.39339447021484 10.60660171508789 14
    vertex -84.39339447021484 10.60660171508789 22
  endloop
endfacet
facet normal 0 0 0
  outer loop
    vertex -85.48410034179688 11.5951566696167 22
    vertex -86.66644287109375 12.472043991088867 14
    vertex -85.48410034179688 11.5951566696167 14
  endloop
endfacet
facet normal 0 0 0
  outer loop
    vertex -87.92904663085938 13.228818893432617 14
    vertex -86.66644287109375 12.472043991088867 14
    vertex -86.66644287109375 12.472043991088867 22
  endloop
endfacet
facet normal 0 0 0
  outer loop
    vertex -89.25975036621094 13.858193397521973 14
    vertex -87.92904663085938 13.228818893432617 14
    vertex -87.92904663085938 13.228818893432617 22
  endloop
endfacet
facet normal 0 0 0
  outer loop
    vertex -90.6457290649414 14.354104995727539 14
    vertex -89.25975036621094 13.858193397521973 14
    vertex -89.25975036621094 13.858193397521973 22
  endloop
endfacet
facet normal 0 0 0
  outer loop
    vertex -80 0 14
    vertex -80 0 22
    vertex -80.07222747802734 1.4702571630477905 14
  endloop
endfacet
facet normal 0 0 0
  outer loop
    vertex -80.28822326660156 2.9263548851013184 14
    vertex -80.07222747802734 1.4702571630477905 14
    vertex -80.07222747802734 1.4702571630477905 22
  endloop
endfacet
facet normal 0 0 0
  outer loop
    vertex -80.6458969116211 4.354269981384277 14
    vertex -80.28822326660156 2.9263548851013184 14
    vertex -80.28822326660156 2.9263548851013184 22
  endloop
endfacet
facet normal 0 0 0
  outer loop
    vertex -81.14180755615234 5.740251541137695 14
    vertex -80.6458969116211 4.354269981384277 14
    vertex -80.6458969116211 4.354269981384277 22
  endloop
endfacet
facet normal 0 0 0
  outer loop
    vertex -81.73762512207031 7 14
    vertex -81.14180755615234 5.740251541137695 14
    vertex -81.14180755615234 5.740251541137695 22
  endloop
endfacet
facet normal 0 0 0
  outer loop
    vertex -81.73762512207031 7 14
    vertex -81.77117919921875 7.070950984954834 22
    vertex -81.77117919921875 7.070950984954834 14
  endloop
endfacet
facet normal 0 0 0
  outer loop
    vertex -82.5279541015625 8.333553314208984 14
    vertex -81.77117919921875 7.070950984954834 14
    vertex -81.77117919921875 7.070950984954834 22
  endloop
endfacet
facet normal 0 0 0
  outer loop
    vertex -110 0 14
    vertex -109.92777252197266 1.4702571630477905 22
    vertex -110 0 22
  endloop
endfacet
facet normal 0 0 0
  outer loop
    vertex -109.92777252197266 1.4702571630477905 14
    vertex -109.71177673339844 2.9263548851013184 22
    vertex -109.92777252197266 1.4702571630477905 22
  endloop
endfacet
facet normal 0 0 0
  outer loop
    vertex -109.3541030883789 4.354269981384277 22
    vertex -109.71177673339844 2.9263548851013184 22
    vertex -109.71177673339844 2.9263548851013184 14
  endloop
endfacet
facet normal 0 0 0
  outer loop
    vertex -108.85819244384766 5.740251541137695 22
    vertex -109.3541030883789 4.354269981384277 22
    vertex -109.3541030883789 4.354269981384277 14
  endloop
endfacet
facet normal 0 0 0
  outer loop
    vertex -108.85819244384766 5.740251541137695 14
    vertex -108.22882080078125 7.070950984954834 22
    vertex -108.85819244384766 5.740251541137695 22
  endloop
endfacet
facet normal 0 0 0
  outer loop
    vertex -107.4720458984375 8.333553314208984 22
    vertex -108.22882080078125 7.070950984954834 22
    vertex -108.22882080078125 7.070950984954834 14
  endloop
endfacet
facet normal 0 0 0
  outer loop
    vertex -107.4720458984375 8.333553314208984 14
    vertex -106.59515380859375 9.515899658203125 22
    vertex -107.4720458984375 8.333553314208984 22
  endloop
endfacet
facet normal 0 0 0
  outer loop
    vertex -105.60660552978516 10.60660171508789 22
    vertex -106.59515380859375 9.515899658203125 22
    vertex -106.59515380859375 9.515899658203125 14
  endloop
endfacet
facet normal 0 0 0
  outer loop
    vertex -83.40484619140625 9.515899658203125 14
    vertex -82.5279541015625 8.333553314208984 22
    vertex -83.40484619140625 9.515899658203125 22
  endloop
endfacet
facet normal 0 0 0
  outer loop
    vertex -105.60660552978516 10.60660171508789 14
    vertex -104.51589965820312 11.5951566696167 22
    vertex -105.60660552978516 10.60660171508789 22
  endloop
endfacet
facet normal 0 0 0
  outer loop
    vertex -103.33355712890625 12.472043991088867 22
    vertex -104.51589965820312 11.5951566696167 22
    vertex -104.51589965820312 11.5951566696167 14
  endloop
endfacet
facet normal 0 0 0
  outer loop
    vertex -102.07095336914062 13.228818893432617 22
    vertex -103.33355712890625 12.472043991088867 22
    vertex -103.33355712890625 12.472043991088867 14
  endloop
endfacet
facet normal 0 0 0
  outer loop
    vertex -102.07095336914062 13.228818893432617 14
    vertex -100.74024963378906 13.858193397521973 22
    vertex -102.07095336914062 13.228818893432617 22
  endloop
endfacet
facet normal 0 0 0
  outer loop
    vertex -100.74024963378906 13.858193397521973 14
    vertex -99.3542709350586 14.354104995727539 22
    vertex -100.74024963378906 13.858193397521973 22
  endloop
endfacet
facet normal 0 0 0
  outer loop
    vertex -97.92635345458984 14.711779594421387 22
    vertex -99.3542709350586 14.354104995727539 22
    vertex -99.3542709350586 14.354104995727539 14
  endloop
endfacet
facet normal 0 0 0
  outer loop
    vertex -96.47026062011719 14.927770614624023 22
    vertex -97.92635345458984 14.711779594421387 22
    vertex -97.92635345458984 14.711779594421387 14
  endloop
endfacet
facet normal 0 0 0
  outer loop
    vertex -96.47026062011719 14.927770614624023 14
    vertex -95 15 22
    vertex -96.47026062011719 14.927770614624023 22
  endloop
endfacet
facet normal 0 0 0
  outer loop
    vertex -95 15 14
    vertex -93.52973937988281 14.927770614624023 22
    vertex -95 15 22
  endloop
endfacet
facet normal 0 0 0
  outer loop
    vertex -92.07364654541016 14.711779594421387 22
    vertex -93.52973937988281 14.927770614624023 22
    vertex -93.52973937988281 14.927770614624023 14
  endloop
endfacet
facet normal 0 0 0
  outer loop
    vertex -90.6457290649414 14.354104995727539 22
    vertex -92.07364654541016 14.711779594421387 22
    vertex -92.07364654541016 14.711779594421387 14
  endloop
endfacet
facet normal 0 0 0
  outer loop
    vertex -83.40484619140625 9.515899658203125 22
    vertex -84.39339447021484 10.60660171508789 22
    vertex -84.39339447021484 10.60660171508789 14
  endloop
endfacet
facet normal 0 0 0
  outer loop
    vertex -85.48410034179688 11.5951566696167 14
    vertex -84.39339447021484 10.60660171508789 22
    vertex -85.48410034179688 11.5951566696167 22
  endloop
endfacet
facet normal 0 0 0
  outer loop
    vertex -85.48410034179688 11.5951566696167 22
    vertex -86.66644287109375 12.472043991088867 22
    vertex -86.66644287109375 12.472043991088867 14
  endloop
endfacet
facet normal 0 0 0
  outer loop
    vertex -87.92904663085938 13.228818893432617 22
    vertex -89.25975036621094 13.858193397521973 22
    vertex -89.25975036621094 13.858193397521973 14
  endloop
endfacet
facet normal 0 0 0
  outer loop
    vertex -87.92904663085938 13.228818893432617 14
    vertex -86.66644287109375 12.472043991088867 22
    vertex -87.92904663085938 13.228818893432617 22
  endloop
endfacet
facet normal 0 0 0
  outer loop
    vertex -90.6457290649414 14.354104995727539 14
    vertex -89.25975036621094 13.858193397521973 22
    vertex -90.6457290649414 14.354104995727539 22
  endloop
endfacet
facet normal 0 0 0
  outer loop
    vertex -80 0 22
    vertex -80.07222747802734 1.4702571630477905 22
    vertex -80.07222747802734 1.4702571630477905 14
  endloop
endfacet
facet normal 0 0 0
  outer loop
    vertex -80.28822326660156 2.9263548851013184 14
    vertex -80.07222747802734 1.4702571630477905 22
    vertex -80.28822326660156 2.9263548851013184 22
  endloop
endfacet
facet normal 0 0 0
  outer loop
    vertex -80.6458969116211 4.354269981384277 14
    vertex -80.28822326660156 2.9263548851013184 22
    vertex -80.6458969116211 4.354269981384277 22
  endloop
endfacet
facet normal 0 0 0
  outer loop
    vertex -80.6458969116211 4.354269981384277 22
    vertex -81.14180755615234 5.740251541137695 22
    vertex -81.14180755615234 5.740251541137695 14
  endloop
endfacet
facet normal 0 0 0
  outer loop
    vertex -81.73762512207031 7 14
    vertex -81.14180755615234 5.740251541137695 22
    vertex -81.77117919921875 7.070950984954834 22
  endloop
endfacet
facet normal 0 0 0
  outer loop
    vertex -81.77117919921875 7.070950984954834 22
    vertex -82.5279541015625 8.333553314208984 22
    vertex -82.5279541015625 8.333553314208984 14
  endloop
endfacet
facet normal 0 0 0
  outer loop
    vertex -62.730106353759766 -6.343932628631592 19
    vertex -62.13547897338867 -7 22
    vertex -62.13547897338867 -7 19
  endloop
endfacet
facet normal 0 0 0
  outer loop
    vertex -62.730106353759766 -6.343932628631592 19
    vertex -63.314697265625 -5.555702209472656 19
    vertex -63.314697265625 -5.555702209472656 22
  endloop
endfacet
facet normal 0 0 0
  outer loop
    vertex -47.269893646240234 -6.343932628631592 19
    vertex -62.13547897338867 -7 19
    vertex -47.86452102661133 -7 19
  endloop
endfacet
facet normal 0 0 0
  outer loop
    vertex -62.730106353759766 -6.343932628631592 19
    vertex -62.730106353759766 -6.343932628631592 22
    vertex -62.13547897338867 -7 22
  endloop
endfacet
facet normal 0 0 0
  outer loop
    vertex -62.730106353759766 -6.343932628631592 19
    vertex -63.314697265625 -5.555702209472656 22
    vertex -62.730106353759766 -6.343932628631592 22
  endloop
endfacet
facet normal 0 0 0
  outer loop
    vertex -63.314697265625 -5.555702209472656 19
    vertex -63.8192138671875 -4.713967323303223 22
    vertex -63.314697265625 -5.555702209472656 22
  endloop
endfacet
facet normal 0 0 0
  outer loop
    vertex -63.314697265625 -5.555702209472656 19
    vertex -63.8192138671875 -4.713967323303223 19
    vertex -63.8192138671875 -4.713967323303223 22
  endloop
endfacet
facet normal 0 0 0
  outer loop
    vertex -63.8192138671875 -4.713967323303223 19
    vertex -64.2387924194336 -3.8268344402313232 19
    vertex -64.2387924194336 -3.8268344402313232 22
  endloop
endfacet
facet normal 0 0 0
  outer loop
    vertex -64.2387924194336 -3.8268344402313232 19
    vertex -64.56940460205078 -2.9028468132019043 19
    vertex -64.56940460205078 -2.9028468132019043 22
  endloop
endfacet
facet normal 0 0 0
  outer loop
    vertex -63.314697265625 -5.555702209472656 19
    vertex -63.314697265625 5.555702209472656 19
    vertex -63.8192138671875 -4.713967323303223 19
  endloop
endfacet
facet normal 0 0 0
  outer loop
    vertex -63.8192138671875 -4.713967323303223 19
    vertex -63.8192138671875 4.713967323303223 19
    vertex -64.2387924194336 -3.8268344402313232 19
  endloop
endfacet
facet normal 0 0 0
  outer loop
    vertex -62.730106353759766 -6.343932628631592 19
    vertex -62.730106353759766 6.343932628631592 19
    vertex -63.314697265625 -5.555702209472656 19
  endloop
endfacet
facet normal 0 0 0
  outer loop
    vertex -64.2387924194336 -3.8268344402313232 19
    vertex -64.2387924194336 3.8268344402313232 19
    vertex -64.56940460205078 -2.9028468132019043 19
  endloop
endfacet
facet normal 0 0 0
  outer loop
    vertex -64.56940460205078 -2.9028468132019043 19
    vertex -64.56940460205078 2.9028468132019043 19
    vertex -64.80785369873047 -1.9509031772613525 19
  endloop
endfacet
facet normal 0 0 0
  outer loop
    vertex -64.80785369873047 -1.9509031772613525 19
    vertex -64.80785369873047 1.9509031772613525 19
    vertex -64.95185089111328 -0.9801713824272156 19
  endloop
endfacet
facet normal 0 0 0
  outer loop
    vertex -64.56940460205078 -2.9028468132019043 19
    vertex -64.80785369873047 -1.9509031772613525 19
    vertex -64.80785369873047 -1.9509031772613525 22
  endloop
endfacet
facet normal 0 0 0
  outer loop
    vertex -64.80785369873047 -1.9509031772613525 19
    vertex -64.95185089111328 -0.9801713824272156 19
    vertex -64.95185089111328 -0.9801713824272156 22
  endloop
endfacet
facet normal 0 0 0
  outer loop
    vertex -64.95185089111328 -0.9801713824272156 19
    vertex -65 0 19
    vertex -65 0 22
  endloop
endfacet
facet normal 0 0 0
  outer loop
    vertex -62.730106353759766 -6.343932628631592 19
    vertex -62.13547897338867 -7 19
    vertex -47.86452102661133 7 19
  endloop
endfacet
facet normal 0 0 0
  outer loop
    vertex -47.269893646240234 -6.343932628631592 19
    vertex -47.269893646240234 6.343932628631592 19
    vertex -62.13547897338867 -7 19
  endloop
endfacet
facet normal 0 0 0
  outer loop
    vertex -63.8192138671875 -4.713967323303223 19
    vertex -64.2387924194336 -3.8268344402313232 22
    vertex -63.8192138671875 -4.713967323303223 22
  endloop
endfacet
facet normal 0 0 0
  outer loop
    vertex -64.2387924194336 -3.8268344402313232 19
    vertex -64.56940460205078 -2.9028468132019043 22
    vertex -64.2387924194336 -3.8268344402313232 22
  endloop
endfacet
facet normal 0 0 0
  outer loop
    vertex -64.56940460205078 -2.9028468132019043 19
    vertex -64.80785369873047 -1.9509031772613525 22
    vertex -64.56940460205078 -2.9028468132019043 22
  endloop
endfacet
facet normal 0 0 0
  outer loop
    vertex -64.80785369873047 -1.9509031772613525 19
    vertex -64.95185089111328 -0.9801713824272156 22
    vertex -64.80785369873047 -1.9509031772613525 22
  endloop
endfacet
facet normal 0 0 0
  outer loop
    vertex -64.95185089111328 -0.9801713824272156 19
    vertex -65 0 22
    vertex -64.95185089111328 -0.9801713824272156 22
  endloop
endfacet
facet normal 0 0 0
  outer loop
    vertex -64.95185089111328 -0.9801713824272156 19
    vertex -64.95185089111328 0.9801713824272156 19
    vertex -65 0 19
  endloop
endfacet
facet normal 0 0 0
  outer loop
    vertex -64.95185089111328 -0.9801713824272156 19
    vertex -64.80785369873047 1.9509031772613525 19
    vertex -64.95185089111328 0.9801713824272156 19
  endloop
endfacet
facet normal 0 0 0
  outer loop
    vertex -64.80785369873047 -1.9509031772613525 19
    vertex -64.56940460205078 2.9028468132019043 19
    vertex -64.80785369873047 1.9509031772613525 19
  endloop
endfacet
facet normal 0 0 0
  outer loop
    vertex -64.56940460205078 -2.9028468132019043 19
    vertex -64.2387924194336 3.8268344402313232 19
    vertex -64.56940460205078 2.9028468132019043 19
  endloop
endfacet
facet normal 0 0 0
  outer loop
    vertex -64.2387924194336 -3.8268344402313232 19
    vertex -63.8192138671875 4.713967323303223 19
    vertex -64.2387924194336 3.8268344402313232 19
  endloop
endfacet
facet normal 0 0 0
  outer loop
    vertex -63.8192138671875 -4.713967323303223 19
    vertex -63.314697265625 5.555702209472656 19
    vertex -63.8192138671875 4.713967323303223 19
  endloop
endfacet
facet normal 0 0 0
  outer loop
    vertex -63.314697265625 -5.555702209472656 19
    vertex -62.730106353759766 6.343932628631592 19
    vertex -63.314697265625 5.555702209472656 19
  endloop
endfacet
facet normal 0 0 0
  outer loop
    vertex -65 0 19
    vertex -64.95185089111328 0.9801713824272156 19
    vertex -64.95185089111328 0.9801713824272156 22
  endloop
endfacet
facet normal 0 0 0
  outer loop
    vertex -64.95185089111328 0.9801713824272156 19
    vertex -64.80785369873047 1.9509031772613525 19
    vertex -64.80785369873047 1.9509031772613525 22
  endloop
endfacet
facet normal 0 0 0
  outer loop
    vertex -64.80785369873047 1.9509031772613525 19
    vertex -64.56940460205078 2.9028468132019043 19
    vertex -64.56940460205078 2.9028468132019043 22
  endloop
endfacet
facet normal 0 0 0
  outer loop
    vertex -64.56940460205078 2.9028468132019043 19
    vertex -64.2387924194336 3.8268344402313232 19
    vertex -64.2387924194336 3.8268344402313232 22
  endloop
endfacet
facet normal 0 0 0
  outer loop
    vertex -64.2387924194336 3.8268344402313232 19
    vertex -63.8192138671875 4.713967323303223 19
    vertex -63.8192138671875 4.713967323303223 22
  endloop
endfacet
facet normal 0 0 0
  outer loop
    vertex -62.730106353759766 -6.343932628631592 19
    vertex -47.86452102661133 7 19
    vertex -62.730106353759766 6.343932628631592 19
  endloop
endfacet
facet normal 0 0 0
  outer loop
    vertex -47.269893646240234 6.343932628631592 19
    vertex -47.86452102661133 7 19
    vertex -62.13547897338867 -7 19
  endloop
endfacet
facet normal 0 0 0
  outer loop
    vertex -65 0 19
    vertex -64.95185089111328 0.9801713824272156 22
    vertex -65 0 22
  endloop
endfacet
facet normal 0 0 0
  outer loop
    vertex -64.95185089111328 0.9801713824272156 19
    vertex -64.80785369873047 1.9509031772613525 22
    vertex -64.95185089111328 0.9801713824272156 22
  endloop
endfacet
facet normal 0 0 0
  outer loop
    vertex -64.80785369873047 1.9509031772613525 19
    vertex -64.56940460205078 2.9028468132019043 22
    vertex -64.80785369873047 1.9509031772613525 22
  endloop
endfacet
facet normal 0 0 0
  outer loop
    vertex -64.56940460205078 2.9028468132019043 19
    vertex -64.2387924194336 3.8268344402313232 22
    vertex -64.56940460205078 2.9028468132019043 22
  endloop
endfacet
facet normal 0 0 0
  outer loop
    vertex -64.2387924194336 3.8268344402313232 19
    vertex -63.8192138671875 4.713967323303223 22
    vertex -64.2387924194336 3.8268344402313232 22
  endloop
endfacet
facet normal 0 0 0
  outer loop
    vertex -63.8192138671875 4.713967323303223 19
    vertex -63.314697265625 5.555702209472656 22
    vertex -63.8192138671875 4.713967323303223 22
  endloop
endfacet
facet normal 0 0 0
  outer loop
    vertex -63.8192138671875 4.713967323303223 19
    vertex -63.314697265625 5.555702209472656 19
    vertex -63.314697265625 5.555702209472656 22
  endloop
endfacet
facet normal 0 0 0
  outer loop
    vertex -63.314697265625 5.555702209472656 19
    vertex -62.730106353759766 6.343932628631592 19
    vertex -62.730106353759766 6.343932628631592 22
  endloop
endfacet
facet normal 0 0 0
  outer loop
    vertex -62.730106353759766 6.343932628631592 19
    vertex -62.13547897338867 7 19
    vertex -62.13547897338867 7 22
  endloop
endfacet
facet normal 0 0 0
  outer loop
    vertex -62.730106353759766 6.343932628631592 19
    vertex -47.86452102661133 7 19
    vertex -62.13547897338867 7 19
  endloop
endfacet
facet normal 0 0 0
  outer loop
    vertex -63.314697265625 5.555702209472656 19
    vertex -62.730106353759766 6.343932628631592 22
    vertex -63.314697265625 5.555702209472656 22
  endloop
endfacet
facet normal 0 0 0
  outer loop
    vertex -62.730106353759766 6.343932628631592 19
    vertex -62.13547897338867 7 22
    vertex -62.730106353759766 6.343932628631592 22
  endloop
endfacet
facet normal 0 0 0
  outer loop
    vertex -47.269893646240234 -6.343932628631592 19
    vertex -47.86452102661133 -7 19
    vertex -47.86452102661133 -7 22
  endloop
endfacet
facet normal 0 0 0
  outer loop
    vertex -47.269893646240234 -6.343932628631592 19
    vertex -47.269893646240234 -6.343932628631592 22
    vertex -46.685302734375 -5.555702209472656 19
  endloop
endfacet
facet normal 0 0 0
  outer loop
    vertex -46.685302734375 -5.555702209472656 19
    vertex -46.685302734375 -5.555702209472656 22
    vertex -46.1807861328125 -4.713967323303223 19
  endloop
endfacet
facet normal 0 0 0
  outer loop
    vertex -47.269893646240234 -6.343932628631592 19
    vertex -47.86452102661133 -7 22
    vertex -47.269893646240234 -6.343932628631592 22
  endloop
endfacet
facet normal 0 0 0
  outer loop
    vertex -46.685302734375 -5.555702209472656 19
    vertex -47.269893646240234 -6.343932628631592 22
    vertex -46.685302734375 -5.555702209472656 22
  endloop
endfacet
facet normal 0 0 0
  outer loop
    vertex -46.1807861328125 -4.713967323303223 19
    vertex -46.1807861328125 -4.713967323303223 22
    vertex -45.76120376586914 -3.8268344402313232 19
  endloop
endfacet
facet normal 0 0 0
  outer loop
    vertex -45.76120376586914 -3.8268344402313232 19
    vertex -45.76120376586914 -3.8268344402313232 22
    vertex -45.43059539794922 -2.9028468132019043 19
  endloop
endfacet
facet normal 0 0 0
  outer loop
    vertex -45.43059539794922 -2.9028468132019043 19
    vertex -45.43059539794922 -2.9028468132019043 22
    vertex -45.19214630126953 -1.9509031772613525 19
  endloop
endfacet
facet normal 0 0 0
  outer loop
    vertex -47.269893646240234 -6.343932628631592 19
    vertex -46.685302734375 -5.555702209472656 19
    vertex -46.685302734375 5.555702209472656 19
  endloop
endfacet
facet normal 0 0 0
  outer loop
    vertex -46.685302734375 -5.555702209472656 19
    vertex -46.1807861328125 -4.713967323303223 19
    vertex -46.1807861328125 4.713967323303223 19
  endloop
endfacet
facet normal 0 0 0
  outer loop
    vertex -46.1807861328125 -4.713967323303223 19
    vertex -45.76120376586914 -3.8268344402313232 19
    vertex -45.76120376586914 3.8268344402313232 19
  endloop
endfacet
facet normal 0 0 0
  outer loop
    vertex -45.76120376586914 -3.8268344402313232 19
    vertex -45.43059539794922 -2.9028468132019043 19
    vertex -45.43059539794922 2.9028468132019043 19
  endloop
endfacet
facet normal 0 0 0
  outer loop
    vertex -45.43059539794922 -2.9028468132019043 19
    vertex -45.19214630126953 -1.9509031772613525 19
    vertex -45.19214630126953 1.9509031772613525 19
  endloop
endfacet
facet normal 0 0 0
  outer loop
    vertex -45.19214630126953 -1.9509031772613525 19
    vertex -45.048152923583984 -0.9801713824272156 19
    vertex -45.048152923583984 0.9801713824272156 19
  endloop
endfacet
facet normal 0 0 0
  outer loop
    vertex -45.19214630126953 -1.9509031772613525 19
    vertex -45.19214630126953 -1.9509031772613525 22
    vertex -45.048152923583984 -0.9801713824272156 19
  endloop
endfacet
facet normal 0 0 0
  outer loop
    vertex -45.048152923583984 -0.9801713824272156 19
    vertex -45.048152923583984 -0.9801713824272156 22
    vertex -45 0 19
  endloop
endfacet
facet normal 0 0 0
  outer loop
    vertex -46.1807861328125 -4.713967323303223 19
    vertex -46.685302734375 -5.555702209472656 22
    vertex -46.1807861328125 -4.713967323303223 22
  endloop
endfacet
facet normal 0 0 0
  outer loop
    vertex -45.76120376586914 -3.8268344402313232 19
    vertex -46.1807861328125 -4.713967323303223 22
    vertex -45.76120376586914 -3.8268344402313232 22
  endloop
endfacet
facet normal 0 0 0
  outer loop
    vertex -45.43059539794922 -2.9028468132019043 19
    vertex -45.76120376586914 -3.8268344402313232 22
    vertex -45.43059539794922 -2.9028468132019043 22
  endloop
endfacet
facet normal 0 0 0
  outer loop
    vertex -45.19214630126953 -1.9509031772613525 19
    vertex -45.43059539794922 -2.9028468132019043 22
    vertex -45.19214630126953 -1.9509031772613525 22
  endloop
endfacet
facet normal 0 0 0
  outer loop
    vertex -45.048152923583984 -0.9801713824272156 19
    vertex -45.19214630126953 -1.9509031772613525 22
    vertex -45.048152923583984 -0.9801713824272156 22
  endloop
endfacet
facet normal 0 0 0
  outer loop
    vertex -45 0 19
    vertex -45.048152923583984 -0.9801713824272156 22
    vertex -45 0 22
  endloop
endfacet
facet normal 0 0 0
  outer loop
    vertex -47.269893646240234 -6.343932628631592 19
    vertex -46.685302734375 5.555702209472656 19
    vertex -47.269893646240234 6.343932628631592 19
  endloop
endfacet
facet normal 0 0 0
  outer loop
    vertex -46.1807861328125 -4.713967323303223 19
    vertex -45.76120376586914 3.8268344402313232 19
    vertex -46.1807861328125 4.713967323303223 19
  endloop
endfacet
facet normal 0 0 0
  outer loop
    vertex -46.685302734375 -5.555702209472656 19
    vertex -46.1807861328125 4.713967323303223 19
    vertex -46.685302734375 5.555702209472656 19
  endloop
endfacet
facet normal 0 0 0
  outer loop
    vertex -45.048152923583984 -0.9801713824272156 19
    vertex -45 0 19
    vertex -45.048152923583984 0.9801713824272156 19
  endloop
endfacet
facet normal 0 0 0
  outer loop
    vertex -45.19214630126953 -1.9509031772613525 19
    vertex -45.048152923583984 0.9801713824272156 19
    vertex -45.19214630126953 1.9509031772613525 19
  endloop
endfacet
facet normal 0 0 0
  outer loop
    vertex -45.43059539794922 -2.9028468132019043 19
    vertex -45.19214630126953 1.9509031772613525 19
    vertex -45.43059539794922 2.9028468132019043 19
  endloop
endfacet
facet normal 0 0 0
  outer loop
    vertex -45.76120376586914 -3.8268344402313232 19
    vertex -45.43059539794922 2.9028468132019043 19
    vertex -45.76120376586914 3.8268344402313232 19
  endloop
endfacet
facet normal 0 0 0
  outer loop
    vertex -45 0 19
    vertex -45 0 22
    vertex -45.048152923583984 0.9801713824272156 19
  endloop
endfacet
facet normal 0 0 0
  outer loop
    vertex -45.048152923583984 0.9801713824272156 19
    vertex -45.048152923583984 0.9801713824272156 22
    vertex -45.19214630126953 1.9509031772613525 19
  endloop
endfacet
facet normal 0 0 0
  outer loop
    vertex -45.19214630126953 1.9509031772613525 19
    vertex -45.19214630126953 1.9509031772613525 22
    vertex -45.43059539794922 2.9028468132019043 19
  endloop
endfacet
facet normal 0 0 0
  outer loop
    vertex -46.1807861328125 4.713967323303223 19
    vertex -46.1807861328125 4.713967323303223 22
    vertex -46.685302734375 5.555702209472656 19
  endloop
endfacet
facet normal 0 0 0
  outer loop
    vertex -45.43059539794922 2.9028468132019043 19
    vertex -45.43059539794922 2.9028468132019043 22
    vertex -45.76120376586914 3.8268344402313232 19
  endloop
endfacet
facet normal 0 0 0
  outer loop
    vertex -45.76120376586914 3.8268344402313232 19
    vertex -45.76120376586914 3.8268344402313232 22
    vertex -46.1807861328125 4.713967323303223 19
  endloop
endfacet
facet normal 0 0 0
  outer loop
    vertex -45.048152923583984 0.9801713824272156 19
    vertex -45 0 22
    vertex -45.048152923583984 0.9801713824272156 22
  endloop
endfacet
facet normal 0 0 0
  outer loop
    vertex -45.19214630126953 1.9509031772613525 19
    vertex -45.048152923583984 0.9801713824272156 22
    vertex -45.19214630126953 1.9509031772613525 22
  endloop
endfacet
facet normal 0 0 0
  outer loop
    vertex -46.1807861328125 4.713967323303223 19
    vertex -45.76120376586914 3.8268344402313232 22
    vertex -46.1807861328125 4.713967323303223 22
  endloop
endfacet
facet normal 0 0 0
  outer loop
    vertex -45.43059539794922 2.9028468132019043 19
    vertex -45.19214630126953 1.9509031772613525 22
    vertex -45.43059539794922 2.9028468132019043 22
  endloop
endfacet
facet normal 0 0 0
  outer loop
    vertex -45.76120376586914 3.8268344402313232 19
    vertex -45.43059539794922 2.9028468132019043 22
    vertex -45.76120376586914 3.8268344402313232 22
  endloop
endfacet
facet normal 0 0 0
  outer loop
    vertex -46.685302734375 5.555702209472656 19
    vertex -46.685302734375 5.555702209472656 22
    vertex -47.269893646240234 6.343932628631592 19
  endloop
endfacet
facet normal 0 0 0
  outer loop
    vertex -47.269893646240234 6.343932628631592 19
    vertex -47.86452102661133 7 22
    vertex -47.86452102661133 7 19
  endloop
endfacet
facet normal 0 0 0
  outer loop
    vertex -46.685302734375 5.555702209472656 19
    vertex -46.1807861328125 4.713967323303223 22
    vertex -46.685302734375 5.555702209472656 22
  endloop
endfacet
facet normal 0 0 0
  outer loop
    vertex -47.269893646240234 6.343932628631592 19
    vertex -46.685302734375 5.555702209472656 22
    vertex -47.269893646240234 6.343932628631592 22
  endloop
endfacet
facet normal 0 0 0
  outer loop
    vertex -47.269893646240234 6.343932628631592 19
    vertex -47.269893646240234 6.343932628631592 22
    vertex -47.86452102661133 7 22
  endloop
endfacet
endsolid DialysisCable_TopWrench