solid DialysisCable_UniversalWrench
facet normal 0 0 0
  outer loop
    vertex -5.740251541137695 -13.858193397521973 -3
    vertex -7 -13.26237678527832 -3
    vertex -6.929049015045166 -10.34033489227295 -3
  endloop
endfacet
facet normal 0 0 0
  outer loop
    vertex -2.9263548851013184 -14.711779594421387 -3
    vertex -0.75 -6.5 -3
    vertex -1.4702571630477905 -14.927770614624023 -3
  endloop
endfacet
facet normal 0 0 0
  outer loop
    vertex -2.9263548851013184 -14.711779594421387 -3
    vertex -4.354269981384277 -14.354104995727539 -3
    vertex -0.75 -6.5 -3
  endloop
endfacet
facet normal 0 0 0
  outer loop
    vertex -1.4702571630477905 -14.927770614624023 -3
    vertex -0.75 -6.5 -3
    vertex 0 -15 -3
  endloop
endfacet
facet normal 0 0 0
  outer loop
    vertex 0 -15 -3
    vertex 2.25 -4.25 -3
    vertex 1.4702571630477905 -14.927770614624023 -3
  endloop
endfacet
facet normal 0 0 0
  outer loop
    vertex -4.354269981384277 -14.354104995727539 -3
    vertex -5.740251541137695 -13.858193397521973 -3
    vertex -3.25 -4.25 -3
  endloop
endfacet
facet normal 0 0 0
  outer loop
    vertex 1.4702571630477905 -14.927770614624023 -3
    vertex 2.25 -4.25 -3
    vertex 2.9263548851013184 -14.711779594421387 -3
  endloop
endfacet
facet normal 0 0 0
  outer loop
    vertex 2.9263548851013184 -14.711779594421387 -3
    vertex 13.166425704956055 -7.175047397613525 -3
    vertex 4.354269981384277 -14.354104995727539 -3
  endloop
endfacet
facet normal 0 0 0
  outer loop
    vertex 4.354269981384277 -14.354104995727539 -3
    vertex 13.166425704956055 -7.175047397613525 -3
    vertex 5.740251541137695 -13.858193397521973 -3
  endloop
endfacet
facet normal 0 0 0
  outer loop
    vertex 5.740251541137695 -13.858193397521973 -3
    vertex 13.166425704956055 -7.175047397613525 -3
    vertex 7.070950984954834 -13.228818893432617 -3
  endloop
endfacet
facet normal 0 0 0
  outer loop
    vertex 7.070950984954834 -13.228818893432617 -3
    vertex 13.166425704956055 -7.175047397613525 -3
    vertex 8.333553314208984 -12.472043991088867 -3
  endloop
endfacet
facet normal 0 0 0
  outer loop
    vertex 8.333553314208984 -12.472043991088867 -3
    vertex 13.166425704956055 -7.175047397613525 -3
    vertex 9.515899658203125 -11.5951566696167 -3
  endloop
endfacet
facet normal 0 0 0
  outer loop
    vertex -4.354269981384277 -14.354104995727539 -3
    vertex -5.740251541137695 -13.858193397521973 3
    vertex -5.740251541137695 -13.858193397521973 -3
  endloop
endfacet
facet normal 0 0 0
  outer loop
    vertex -5.740251541137695 -13.858193397521973 -3
    vertex -7 -13.26237678527832 3
    vertex -7 -13.26237678527832 -3
  endloop
endfacet
facet normal 0 0 0
  outer loop
    vertex -2.9263548851013184 -14.711779594421387 -3
    vertex -4.354269981384277 -14.354104995727539 3
    vertex -4.354269981384277 -14.354104995727539 -3
  endloop
endfacet
facet normal 0 0 0
  outer loop
    vertex -2.9263548851013184 -14.711779594421387 -3
    vertex -1.4702571630477905 -14.927770614624023 -3
    vertex -2.9263548851013184 -14.711779594421387 3
  endloop
endfacet
facet normal 0 0 0
  outer loop
    vertex -1.4702571630477905 -14.927770614624023 -3
    vertex 0 -15 -3
    vertex -1.4702571630477905 -14.927770614624023 3
  endloop
endfacet
facet normal 0 0 0
  outer loop
    vertex 0 -15 -3
    vertex 1.4702571630477905 -14.927770614624023 -3
    vertex 0 -15 3
  endloop
endfacet
facet normal 0 0 0
  outer loop
    vertex 1.4702571630477905 -14.927770614624023 -3
    vertex 2.9263548851013184 -14.711779594421387 -3
    vertex 1.4702571630477905 -14.927770614624023 3
  endloop
endfacet
facet normal 0 0 0
  outer loop
    vertex 2.9263548851013184 -14.711779594421387 -3
    vertex 4.354269981384277 -14.354104995727539 -3
    vertex 2.9263548851013184 -14.711779594421387 3
  endloop
endfacet
facet normal 0 0 0
  outer loop
    vertex 4.354269981384277 -14.354104995727539 -3
    vertex 5.740251541137695 -13.858193397521973 -3
    vertex 4.354269981384277 -14.354104995727539 3
  endloop
endfacet
facet normal 0 0 0
  outer loop
    vertex 5.740251541137695 -13.858193397521973 -3
    vertex 7.070950984954834 -13.228818893432617 -3
    vertex 5.740251541137695 -13.858193397521973 3
  endloop
endfacet
facet normal 0 0 0
  outer loop
    vertex 7.070950984954834 -13.228818893432617 -3
    vertex 8.333553314208984 -12.472043991088867 -3
    vertex 7.070950984954834 -13.228818893432617 3
  endloop
endfacet
facet normal 0 0 0
  outer loop
    vertex 8.333553314208984 -12.472043991088867 -3
    vertex 9.515899658203125 -11.5951566696167 -3
    vertex 8.333553314208984 -12.472043991088867 3
  endloop
endfacet
facet normal 0 0 0
  outer loop
    vertex 9.515899658203125 -11.5951566696167 -3
    vertex 10.60660171508789 -10.60660171508789 -3
    vertex 9.515899658203125 -11.5951566696167 3
  endloop
endfacet
facet normal 0 0 0
  outer loop
    vertex 10.60660171508789 -10.60660171508789 -3
    vertex 11.5951566696167 -9.515899658203125 -3
    vertex 10.60660171508789 -10.60660171508789 3
  endloop
endfacet
facet normal 0 0 0
  outer loop
    vertex -10.60660171508789 -5.204891204833984 -3
    vertex -10.559690475463867 -4.25 -3
    vertex -10.541791915893555 -4.25 -3
  endloop
endfacet
facet normal 0 0 0
  outer loop
    vertex -8.195710182189941 -12.554664611816406 -3
    vertex -8.259748458862305 -10.969709396362305 -3
    vertex -7.787728309631348 -4.25 -3
  endloop
endfacet
facet normal 0 0 0
  outer loop
    vertex -5.740251541137695 -13.858193397521973 -3
    vertex -6.929049015045166 -10.34033489227295 -3
    vertex -3.25 -4.25 -3
  endloop
endfacet
facet normal 0 0 0
  outer loop
    vertex -4.354269981384277 -14.354104995727539 -3
    vertex -3.25 -6.5 -3
    vertex -0.75 -6.5 -3
  endloop
endfacet
facet normal 0 0 0
  outer loop
    vertex -4.354269981384277 -14.354104995727539 -3
    vertex -3.25 -4.25 -3
    vertex -3.25 -6.5 -3
  endloop
endfacet
facet normal 0 0 0
  outer loop
    vertex 0 -15 -3
    vertex -0.75 -6.5 -3
    vertex -0.75 -4.25 -3
  endloop
endfacet
facet normal 0 0 0
  outer loop
    vertex 0 -15 -3
    vertex -0.75 -4.25 -3
    vertex 2.25 -4.25 -3
  endloop
endfacet
facet normal 0 0 0
  outer loop
    vertex -8.259748458862305 -10.969709396362305 -3
    vertex -8.281010627746582 -4.25 -3
    vertex -8.259748458862305 -4.25 -3
  endloop
endfacet
facet normal 0 0 0
  outer loop
    vertex -8.259748458862305 -10.969709396362305 -3
    vertex -7.884884357452393 -4.25 -3
    vertex -7.787728309631348 -4.25 -3
  endloop
endfacet
facet normal 0 0 0
  outer loop
    vertex -6.929049015045166 -10.34033489227295 -3
    vertex -6.9708380699157715 -4.25 -3
    vertex -3.25 -4.25 -3
  endloop
endfacet
facet normal 0 0 0
  outer loop
    vertex 2.9263548851013184 -14.711779594421387 -3
    vertex 2.25 -4.25 -3
    vertex 13.166425704956055 -7.175047397613525 -3
  endloop
endfacet
facet normal 0 0 0
  outer loop
    vertex 9.515899658203125 -11.5951566696167 -3
    vertex 13.166425704956055 -7.175047397613525 -3
    vertex 10.60660171508789 -10.60660171508789 -3
  endloop
endfacet
facet normal 0 0 0
  outer loop
    vertex 10.60660171508789 -10.60660171508789 -3
    vertex 13.166425704956055 -7.175047397613525 -3
    vertex 11.5951566696167 -9.515899658203125 -3
  endloop
endfacet
facet normal 0 0 0
  outer loop
    vertex 11.5951566696167 -9.515899658203125 -3
    vertex 13.166425704956055 -7.175047397613525 -3
    vertex 12.472043991088867 -8.333553314208984 -3
  endloop
endfacet
facet normal 0 0 0
  outer loop
    vertex 11.5951566696167 -9.515899658203125 -3
    vertex 12.472043991088867 -8.333553314208984 -3
    vertex 11.5951566696167 -9.515899658203125 3
  endloop
endfacet
facet normal 0 0 0
  outer loop
    vertex 12.472043991088867 -8.333553314208984 -3
    vertex 13.166425704956055 -7.175047397613525 -3
    vertex 13.166425704956055 -7.175047397613525 3
  endloop
endfacet
facet normal 0 0 0
  outer loop
    vertex -4.354269981384277 -14.354104995727539 -3
    vertex -4.354269981384277 -14.354104995727539 3
    vertex -5.740251541137695 -13.858193397521973 3
  endloop
endfacet
facet normal 0 0 0
  outer loop
    vertex -5.740251541137695 -13.858193397521973 -3
    vertex -5.740251541137695 -13.858193397521973 3
    vertex -7 -13.26237678527832 3
  endloop
endfacet
facet normal 0 0 0
  outer loop
    vertex -2.9263548851013184 -14.711779594421387 -3
    vertex -2.9263548851013184 -14.711779594421387 3
    vertex -4.354269981384277 -14.354104995727539 3
  endloop
endfacet
facet normal 0 0 0
  outer loop
    vertex -1.4702571630477905 -14.927770614624023 -3
    vertex -1.4702571630477905 -14.927770614624023 3
    vertex -2.9263548851013184 -14.711779594421387 3
  endloop
endfacet
facet normal 0 0 0
  outer loop
    vertex 0 -15 -3
    vertex 0 -15 3
    vertex -1.4702571630477905 -14.927770614624023 3
  endloop
endfacet
facet normal 0 0 0
  outer loop
    vertex 1.4702571630477905 -14.927770614624023 -3
    vertex 1.4702571630477905 -14.927770614624023 3
    vertex 0 -15 3
  endloop
endfacet
facet normal 0 0 0
  outer loop
    vertex 2.9263548851013184 -14.711779594421387 -3
    vertex 2.9263548851013184 -14.711779594421387 3
    vertex 1.4702571630477905 -14.927770614624023 3
  endloop
endfacet
facet normal 0 0 0
  outer loop
    vertex 4.354269981384277 -14.354104995727539 -3
    vertex 4.354269981384277 -14.354104995727539 3
    vertex 2.9263548851013184 -14.711779594421387 3
  endloop
endfacet
facet normal 0 0 0
  outer loop
    vertex 5.740251541137695 -13.858193397521973 -3
    vertex 5.740251541137695 -13.858193397521973 3
    vertex 4.354269981384277 -14.354104995727539 3
  endloop
endfacet
facet normal 0 0 0
  outer loop
    vertex 7.070950984954834 -13.228818893432617 -3
    vertex 7.070950984954834 -13.228818893432617 3
    vertex 5.740251541137695 -13.858193397521973 3
  endloop
endfacet
facet normal 0 0 0
  outer loop
    vertex 8.333553314208984 -12.472043991088867 -3
    vertex 8.333553314208984 -12.472043991088867 3
    vertex 7.070950984954834 -13.228818893432617 3
  endloop
endfacet
facet normal 0 0 0
  outer loop
    vertex 9.515899658203125 -11.5951566696167 -3
    vertex 9.515899658203125 -11.5951566696167 3
    vertex 8.333553314208984 -12.472043991088867 3
  endloop
endfacet
facet normal 0 0 0
  outer loop
    vertex 10.60660171508789 -10.60660171508789 -3
    vertex 10.60660171508789 -10.60660171508789 3
    vertex 9.515899658203125 -11.5951566696167 3
  endloop
endfacet
facet normal 0 0 0
  outer loop
    vertex -5.740251541137695 -13.858193397521973 3
    vertex -5.740251541137695 -12.516281127929688 3
    vertex -7 -13.26237678527832 3
  endloop
endfacet
facet normal 0 0 0
  outer loop
    vertex -4.354269981384277 -14.354104995727539 3
    vertex -5.666446685791016 -12.355857849121094 3
    vertex -5.740251541137695 -13.858193397521973 3
  endloop
endfacet
facet normal 0 0 0
  outer loop
    vertex -5.740251541137695 -13.858193397521973 3
    vertex -5.666446685791016 -12.355857849121094 3
    vertex -5.740251541137695 -12.516281127929688 3
  endloop
endfacet
facet normal 0 0 0
  outer loop
    vertex -1.4702571630477905 -14.927770614624023 3
    vertex 0 -15 3
    vertex 1.4702571630477905 -14.927770614624023 3
  endloop
endfacet
facet normal 0 0 0
  outer loop
    vertex -2.9263548851013184 -14.711779594421387 3
    vertex -2.9263548851013184 -10.091299057006836 3
    vertex -4.354269981384277 -14.354104995727539 3
  endloop
endfacet
facet normal 0 0 0
  outer loop
    vertex -7 -13.26237678527832 3
    vertex -5.740251541137695 -12.516281127929688 3
    vertex -6.929049015045166 -10.34033489227295 3
  endloop
endfacet
facet normal 0 0 0
  outer loop
    vertex -4.354269981384277 -14.354104995727539 3
    vertex -5.692094326019287 -4.25 3
    vertex -5.666446685791016 -12.355857849121094 3
  endloop
endfacet
facet normal 0 0 0
  outer loop
    vertex -2.9263548851013184 -14.711779594421387 3
    vertex -1.4702571630477905 -14.927770614624023 3
    vertex -2.613950729370117 -6.5 3
  endloop
endfacet
facet normal 0 0 0
  outer loop
    vertex -1.4702571630477905 -14.927770614624023 3
    vertex 1.4702571630477905 -14.927770614624023 3
    vertex -2.613950729370117 -6.5 3
  endloop
endfacet
facet normal 0 0 0
  outer loop
    vertex -4.354269981384277 -14.354104995727539 3
    vertex -2.9263548851013184 -10.091299057006836 3
    vertex -3.25 -6.5 3
  endloop
endfacet
facet normal 0 0 0
  outer loop
    vertex -2.9263548851013184 -14.711779594421387 3
    vertex -2.613950729370117 -6.5 3
    vertex -2.9263548851013184 -10.091299057006836 3
  endloop
endfacet
facet normal 0 0 0
  outer loop
    vertex 1.4702571630477905 -14.927770614624023 3
    vertex 2.9263548851013184 -14.711779594421387 3
    vertex 2.25 -4.25 3
  endloop
endfacet
facet normal 0 0 0
  outer loop
    vertex 2.9263548851013184 -14.711779594421387 3
    vertex 4.354269981384277 -14.354104995727539 3
    vertex 2.25 -4.25 3
  endloop
endfacet
facet normal 0 0 0
  outer loop
    vertex 4.354269981384277 -14.354104995727539 3
    vertex 5.740251541137695 -13.858193397521973 3
    vertex 2.25 -4.25 3
  endloop
endfacet
facet normal 0 0 0
  outer loop
    vertex 5.740251541137695 -13.858193397521973 3
    vertex 7.070950984954834 -13.228818893432617 3
    vertex 2.25 -4.25 3
  endloop
endfacet
facet normal 0 0 0
  outer loop
    vertex 11.5951566696167 -9.515899658203125 -3
    vertex 11.5951566696167 -9.515899658203125 3
    vertex 10.60660171508789 -10.60660171508789 3
  endloop
endfacet
facet normal 0 0 0
  outer loop
    vertex 12.472043991088867 -8.333553314208984 -3
    vertex 12.472043991088867 -8.333553314208984 3
    vertex 11.5951566696167 -9.515899658203125 3
  endloop
endfacet
facet normal 0 0 0
  outer loop
    vertex 12.472043991088867 -8.333553314208984 -3
    vertex 13.166425704956055 -7.175047397613525 3
    vertex 12.472043991088867 -8.333553314208984 3
  endloop
endfacet
facet normal 0 0 0
  outer loop
    vertex -5.740251541137695 -12.516281127929688 3
    vertex -5.740251541137695 -4.25 3
    vertex -6.929049015045166 -10.34033489227295 3
  endloop
endfacet
facet normal 0 0 0
  outer loop
    vertex 1.4702571630477905 -14.927770614624023 3
    vertex -0.75 -6.5 3
    vertex -2.613950729370117 -6.5 3
  endloop
endfacet
facet normal 0 0 0
  outer loop
    vertex -4.354269981384277 -14.354104995727539 3
    vertex -3.25 -6.5 3
    vertex -5.692094326019287 -4.25 3
  endloop
endfacet
facet normal 0 0 0
  outer loop
    vertex -2.9263548851013184 -10.091299057006836 3
    vertex -2.9263548851013184 -6.5 3
    vertex -3.25 -6.5 3
  endloop
endfacet
facet normal 0 0 0
  outer loop
    vertex 1.4702571630477905 -14.927770614624023 3
    vertex -0.75 -4.25 3
    vertex -0.75 -6.5 3
  endloop
endfacet
facet normal 0 0 0
  outer loop
    vertex 1.4702571630477905 -14.927770614624023 3
    vertex 2.25 -4.25 3
    vertex -0.75 -4.25 3
  endloop
endfacet
facet normal 0 0 0
  outer loop
    vertex -6.929049015045166 -10.34033489227295 3
    vertex -5.740251541137695 -4.25 3
    vertex -6.9708380699157715 -4.25 3
  endloop
endfacet
facet normal 0 0 0
  outer loop
    vertex 7.070950984954834 -13.228818893432617 3
    vertex 8.333553314208984 -12.472043991088867 3
    vertex 2.25 -4.25 3
  endloop
endfacet
facet normal 0 0 0
  outer loop
    vertex 8.333553314208984 -12.472043991088867 3
    vertex 9.515899658203125 -11.5951566696167 3
    vertex 2.25 -4.25 3
  endloop
endfacet
facet normal 0 0 0
  outer loop
    vertex 9.515899658203125 -11.5951566696167 3
    vertex 10.60660171508789 -10.60660171508789 3
    vertex 2.25 -4.25 3
  endloop
endfacet
facet normal 0 0 0
  outer loop
    vertex 10.60660171508789 -10.60660171508789 3
    vertex 11.5951566696167 -9.515899658203125 3
    vertex 2.25 -4.25 3
  endloop
endfacet
facet normal 0 0 0
  outer loop
    vertex 11.5951566696167 -9.515899658203125 3
    vertex 12.472043991088867 -8.333553314208984 3
    vertex 2.25 -4.25 3
  endloop
endfacet
facet normal 0 0 0
  outer loop
    vertex 12.472043991088867 -8.333553314208984 3
    vertex 13.166425704956055 -7.175047397613525 3
    vertex 2.25 -4.25 3
  endloop
endfacet
facet normal 0 0 0
  outer loop
    vertex -5.692094326019287 -4.25 3
    vertex -3.25 -6.5 3
    vertex -3.25 -4.25 3
  endloop
endfacet
facet normal 0 0 0
  outer loop
    vertex -12.529743194580078 7.159069061279297 -3
    vertex -12.844487190246582 4.25 -3
    vertex -13.05430793762207 4.25 -3
  endloop
endfacet
facet normal 0 0 0
  outer loop
    vertex -11.07364559173584 10.091299057006836 -3
    vertex -11.07364559173584 4.25 -3
    vertex -11.587599754333496 4.25 -3
  endloop
endfacet
facet normal 0 0 0
  outer loop
    vertex -12.529743194580078 7.159069061279297 -3
    vertex -13.05430793762207 4.25 -3
    vertex -12.887770652770996 7.639956474304199 -3
  endloop
endfacet
facet normal 0 0 0
  outer loop
    vertex -12.529743194580078 7.159069061279297 -3
    vertex -12.887770652770996 7.639956474304199 -3
    vertex -12.529743194580078 8.237289428710938 -3
  endloop
endfacet
facet normal 0 0 0
  outer loop
    vertex -11.313643455505371 9.82650089263916 -3
    vertex -11.07364559173584 10.091299057006836 -3
    vertex -11.587599754333496 4.25 -3
  endloop
endfacet
facet normal 0 0 0
  outer loop
    vertex -9.645730018615723 8.952394485473633 -3
    vertex -9.964886665344238 4.25 -3
    vertex -10.142112731933594 4.25 -3
  endloop
endfacet
facet normal 0 0 0
  outer loop
    vertex -7.0291619300842285 4.25 -3
    vertex -3.25 6.5 -3
    vertex -3.25 4.25 -3
  endloop
endfacet
facet normal 0 0 0
  outer loop
    vertex -8.327672004699707 12.475568771362305 -3
    vertex -8.259748458862305 4.25 -3
    vertex -8.307905197143555 4.25 -3
  endloop
endfacet
facet normal 0 0 0
  outer loop
    vertex -7.070950984954834 10.34033489227295 -3
    vertex -7.370150089263916 4.25 -3
    vertex -7.410705089569092 4.25 -3
  endloop
endfacet
facet normal 0 0 0
  outer loop
    vertex -9.645730018615723 8.952394485473633 -3
    vertex -10.142112731933594 4.25 -3
    vertex -9.793634414672852 11.343432426452637 -3
  endloop
endfacet
facet normal 0 0 0
  outer loop
    vertex -8.333553314208984 12.355857849121094 -3
    vertex -8.327672004699707 12.475568771362305 -3
    vertex -8.307905197143555 4.25 -3
  endloop
endfacet
facet normal 0 0 0
  outer loop
    vertex -8.327672004699707 12.475568771362305 -3
    vertex -8.259748458862305 12.516281127929688 -3
    vertex -8.259748458862305 4.25 -3
  endloop
endfacet
facet normal 0 0 0
  outer loop
    vertex -7.070950984954834 10.34033489227295 -3
    vertex -7 13.26237678527832 -3
    vertex -7.0291619300842285 4.25 -3
  endloop
endfacet
facet normal 0 0 0
  outer loop
    vertex -2.9263548851013184 14.711779594421387 -3
    vertex -3.25 6.5 -3
    vertex -7.0291619300842285 4.25 -3
  endloop
endfacet
facet normal 0 0 0
  outer loop
    vertex 0 15 -3
    vertex -0.75 4.25 -3
    vertex -0.75 6.5 -3
  endloop
endfacet
facet normal 0 0 0
  outer loop
    vertex -1.4702571630477905 14.927770614624023 -3
    vertex -0.75 6.5 -3
    vertex -3.25 6.5 -3
  endloop
endfacet
facet normal 0 0 0
  outer loop
    vertex 12.472043991088867 8.333553314208984 -3
    vertex 13.166425704956055 7.175047397613525 -3
    vertex 2.25 4.25 -3
  endloop
endfacet
facet normal 0 0 0
  outer loop
    vertex 12.472043991088867 8.333553314208984 -3
    vertex 2.25 4.25 -3
    vertex 11.5951566696167 9.515899658203125 -3
  endloop
endfacet
facet normal 0 0 0
  outer loop
    vertex 2.9263548851013184 14.711779594421387 -3
    vertex 2.25 4.25 -3
    vertex -0.75 4.25 -3
  endloop
endfacet
facet normal 0 0 0
  outer loop
    vertex 8.333553314208984 12.472043991088867 -3
    vertex 9.515899658203125 11.5951566696167 -3
    vertex 2.25 4.25 -3
  endloop
endfacet
facet normal 0 0 0
  outer loop
    vertex 8.333553314208984 12.472043991088867 -3
    vertex 2.25 4.25 -3
    vertex 7.070950984954834 13.228818893432617 -3
  endloop
endfacet
facet normal 0 0 0
  outer loop
    vertex 11.5951566696167 9.515899658203125 -3
    vertex 2.25 4.25 -3
    vertex 10.60660171508789 10.60660171508789 -3
  endloop
endfacet
facet normal 0 0 0
  outer loop
    vertex 10.60660171508789 10.60660171508789 -3
    vertex 2.25 4.25 -3
    vertex 9.515899658203125 11.5951566696167 -3
  endloop
endfacet
facet normal 0 0 0
  outer loop
    vertex 12.472043991088867 8.333553314208984 -3
    vertex 12.472043991088867 8.333553314208984 3
    vertex 13.166425704956055 7.175047397613525 -3
  endloop
endfacet
facet normal 0 0 0
  outer loop
    vertex 12.472043991088867 8.333553314208984 -3
    vertex 11.5951566696167 9.515899658203125 -3
    vertex 12.472043991088867 8.333553314208984 3
  endloop
endfacet
facet normal 0 0 0
  outer loop
    vertex 11.5951566696167 9.515899658203125 -3
    vertex 10.60660171508789 10.60660171508789 -3
    vertex 11.5951566696167 9.515899658203125 3
  endloop
endfacet
facet normal 0 0 0
  outer loop
    vertex -9.645730018615723 8.952394485473633 -3
    vertex -9.793634414672852 11.343432426452637 -3
    vertex -9.645730018615723 11.477485656738281 -3
  endloop
endfacet
facet normal 0 0 0
  outer loop
    vertex -7 13.26237678527832 -3
    vertex -5.740251541137695 13.858193397521973 -3
    vertex -7.0291619300842285 4.25 -3
  endloop
endfacet
facet normal 0 0 0
  outer loop
    vertex -5.740251541137695 13.858193397521973 -3
    vertex -4.354269981384277 14.354104995727539 -3
    vertex -7.0291619300842285 4.25 -3
  endloop
endfacet
facet normal 0 0 0
  outer loop
    vertex -4.354269981384277 14.354104995727539 -3
    vertex -2.9263548851013184 14.711779594421387 -3
    vertex -7.0291619300842285 4.25 -3
  endloop
endfacet
facet normal 0 0 0
  outer loop
    vertex -2.9263548851013184 14.711779594421387 -3
    vertex -1.4702571630477905 14.927770614624023 -3
    vertex -3.25 6.5 -3
  endloop
endfacet
facet normal 0 0 0
  outer loop
    vertex 1.4702571630477905 14.927770614624023 -3
    vertex -0.75 4.25 -3
    vertex 0 15 -3
  endloop
endfacet
facet normal 0 0 0
  outer loop
    vertex 1.4702571630477905 14.927770614624023 -3
    vertex 2.9263548851013184 14.711779594421387 -3
    vertex -0.75 4.25 -3
  endloop
endfacet
facet normal 0 0 0
  outer loop
    vertex -1.4702571630477905 14.927770614624023 -3
    vertex 0 15 -3
    vertex -0.75 6.5 -3
  endloop
endfacet
facet normal 0 0 0
  outer loop
    vertex 4.354269981384277 14.354104995727539 -3
    vertex 5.740251541137695 13.858193397521973 -3
    vertex 2.25 4.25 -3
  endloop
endfacet
facet normal 0 0 0
  outer loop
    vertex 2.9263548851013184 14.711779594421387 -3
    vertex 4.354269981384277 14.354104995727539 -3
    vertex 2.25 4.25 -3
  endloop
endfacet
facet normal 0 0 0
  outer loop
    vertex 7.070950984954834 13.228818893432617 -3
    vertex 2.25 4.25 -3
    vertex 5.740251541137695 13.858193397521973 -3
  endloop
endfacet
facet normal 0 0 0
  outer loop
    vertex -7 13.26237678527832 -3
    vertex -5.740251541137695 13.858193397521973 3
    vertex -5.740251541137695 13.858193397521973 -3
  endloop
endfacet
facet normal 0 0 0
  outer loop
    vertex -5.740251541137695 13.858193397521973 -3
    vertex -4.354269981384277 14.354104995727539 3
    vertex -4.354269981384277 14.354104995727539 -3
  endloop
endfacet
facet normal 0 0 0
  outer loop
    vertex -4.354269981384277 14.354104995727539 -3
    vertex -2.9263548851013184 14.711779594421387 3
    vertex -2.9263548851013184 14.711779594421387 -3
  endloop
endfacet
facet normal 0 0 0
  outer loop
    vertex -2.9263548851013184 14.711779594421387 -3
    vertex -1.4702571630477905 14.927770614624023 3
    vertex -1.4702571630477905 14.927770614624023 -3
  endloop
endfacet
facet normal 0 0 0
  outer loop
    vertex -1.4702571630477905 14.927770614624023 -3
    vertex 0 15 3
    vertex 0 15 -3
  endloop
endfacet
facet normal 0 0 0
  outer loop
    vertex 1.4702571630477905 14.927770614624023 -3
    vertex 0 15 -3
    vertex 1.4702571630477905 14.927770614624023 3
  endloop
endfacet
facet normal 0 0 0
  outer loop
    vertex 10.60660171508789 10.60660171508789 -3
    vertex 9.515899658203125 11.5951566696167 -3
    vertex 10.60660171508789 10.60660171508789 3
  endloop
endfacet
facet normal 0 0 0
  outer loop
    vertex 8.333553314208984 12.472043991088867 -3
    vertex 9.515899658203125 11.5951566696167 3
    vertex 9.515899658203125 11.5951566696167 -3
  endloop
endfacet
facet normal 0 0 0
  outer loop
    vertex 7.070950984954834 13.228818893432617 -3
    vertex 5.740251541137695 13.858193397521973 -3
    vertex 7.070950984954834 13.228818893432617 3
  endloop
endfacet
facet normal 0 0 0
  outer loop
    vertex 1.4702571630477905 14.927770614624023 -3
    vertex 2.9263548851013184 14.711779594421387 3
    vertex 2.9263548851013184 14.711779594421387 -3
  endloop
endfacet
facet normal 0 0 0
  outer loop
    vertex 2.9263548851013184 14.711779594421387 -3
    vertex 4.354269981384277 14.354104995727539 3
    vertex 4.354269981384277 14.354104995727539 -3
  endloop
endfacet
facet normal 0 0 0
  outer loop
    vertex 4.354269981384277 14.354104995727539 -3
    vertex 5.740251541137695 13.858193397521973 3
    vertex 5.740251541137695 13.858193397521973 -3
  endloop
endfacet
facet normal 0 0 0
  outer loop
    vertex 8.333553314208984 12.472043991088867 -3
    vertex 7.070950984954834 13.228818893432617 -3
    vertex 8.333553314208984 12.472043991088867 3
  endloop
endfacet
facet normal 0 0 0
  outer loop
    vertex 12.472043991088867 8.333553314208984 3
    vertex 13.166425704956055 7.175047397613525 3
    vertex 13.166425704956055 7.175047397613525 -3
  endloop
endfacet
facet normal 0 0 0
  outer loop
    vertex 11.5951566696167 9.515899658203125 -3
    vertex 11.5951566696167 9.515899658203125 3
    vertex 12.472043991088867 8.333553314208984 3
  endloop
endfacet
facet normal 0 0 0
  outer loop
    vertex -7.070950984954834 10.34033489227295 3
    vertex -7.0291619300842285 4.25 3
    vertex -5.740251541137695 4.25 3
  endloop
endfacet
facet normal 0 0 0
  outer loop
    vertex -5.740251541137695 10.969709396362305 3
    vertex -5.718989372253418 4.25 3
    vertex -3.25 4.25 3
  endloop
endfacet
facet normal 0 0 0
  outer loop
    vertex -7.070950984954834 10.34033489227295 3
    vertex -5.740251541137695 4.25 3
    vertex -7 13.26237678527832 3
  endloop
endfacet
facet normal 0 0 0
  outer loop
    vertex -5.740251541137695 10.969709396362305 3
    vertex -7 13.26237678527832 3
    vertex -5.740251541137695 4.25 3
  endloop
endfacet
facet normal 0 0 0
  outer loop
    vertex -4.354269981384277 14.354104995727539 3
    vertex -3.25 4.25 3
    vertex -3.25 6.5 3
  endloop
endfacet
facet normal 0 0 0
  outer loop
    vertex 0 15 3
    vertex -0.75 4.25 3
    vertex 2.25 4.25 3
  endloop
endfacet
facet normal 0 0 0
  outer loop
    vertex 0 15 3
    vertex -0.75 6.5 3
    vertex -0.75 4.25 3
  endloop
endfacet
facet normal 0 0 0
  outer loop
    vertex -4.354269981384277 14.354104995727539 3
    vertex -3.25 6.5 3
    vertex -0.75 6.5 3
  endloop
endfacet
facet normal 0 0 0
  outer loop
    vertex -5.740251541137695 10.969709396362305 3
    vertex -3.25 4.25 3
    vertex -4.354269981384277 14.354104995727539 3
  endloop
endfacet
facet normal 0 0 0
  outer loop
    vertex 2.9263548851013184 14.711779594421387 3
    vertex 2.25 4.25 3
    vertex 13.166425704956055 7.175047397613525 3
  endloop
endfacet
facet normal 0 0 0
  outer loop
    vertex 12.472043991088867 8.333553314208984 3
    vertex 11.5951566696167 9.515899658203125 3
    vertex 13.166425704956055 7.175047397613525 3
  endloop
endfacet
facet normal 0 0 0
  outer loop
    vertex 11.5951566696167 9.515899658203125 3
    vertex 10.60660171508789 10.60660171508789 3
    vertex 13.166425704956055 7.175047397613525 3
  endloop
endfacet
facet normal 0 0 0
  outer loop
    vertex 10.60660171508789 10.60660171508789 3
    vertex 9.515899658203125 11.5951566696167 3
    vertex 13.166425704956055 7.175047397613525 3
  endloop
endfacet
facet normal 0 0 0
  outer loop
    vertex -7 13.26237678527832 -3
    vertex -7 13.26237678527832 3
    vertex -5.740251541137695 13.858193397521973 3
  endloop
endfacet
facet normal 0 0 0
  outer loop
    vertex -5.740251541137695 13.858193397521973 -3
    vertex -5.740251541137695 13.858193397521973 3
    vertex -4.354269981384277 14.354104995727539 3
  endloop
endfacet
facet normal 0 0 0
  outer loop
    vertex -4.354269981384277 14.354104995727539 -3
    vertex -4.354269981384277 14.354104995727539 3
    vertex -2.9263548851013184 14.711779594421387 3
  endloop
endfacet
facet normal 0 0 0
  outer loop
    vertex -2.9263548851013184 14.711779594421387 -3
    vertex -2.9263548851013184 14.711779594421387 3
    vertex -1.4702571630477905 14.927770614624023 3
  endloop
endfacet
facet normal 0 0 0
  outer loop
    vertex -1.4702571630477905 14.927770614624023 -3
    vertex -1.4702571630477905 14.927770614624023 3
    vertex 0 15 3
  endloop
endfacet
facet normal 0 0 0
  outer loop
    vertex 0 15 -3
    vertex 0 15 3
    vertex 1.4702571630477905 14.927770614624023 3
  endloop
endfacet
facet normal 0 0 0
  outer loop
    vertex 10.60660171508789 10.60660171508789 -3
    vertex 10.60660171508789 10.60660171508789 3
    vertex 11.5951566696167 9.515899658203125 3
  endloop
endfacet
facet normal 0 0 0
  outer loop
    vertex 9.515899658203125 11.5951566696167 -3
    vertex 9.515899658203125 11.5951566696167 3
    vertex 10.60660171508789 10.60660171508789 3
  endloop
endfacet
facet normal 0 0 0
  outer loop
    vertex 8.333553314208984 12.472043991088867 -3
    vertex 8.333553314208984 12.472043991088867 3
    vertex 9.515899658203125 11.5951566696167 3
  endloop
endfacet
facet normal 0 0 0
  outer loop
    vertex 5.740251541137695 13.858193397521973 -3
    vertex 5.740251541137695 13.858193397521973 3
    vertex 7.070950984954834 13.228818893432617 3
  endloop
endfacet
facet normal 0 0 0
  outer loop
    vertex 1.4702571630477905 14.927770614624023 -3
    vertex 1.4702571630477905 14.927770614624023 3
    vertex 2.9263548851013184 14.711779594421387 3
  endloop
endfacet
facet normal 0 0 0
  outer loop
    vertex 2.9263548851013184 14.711779594421387 -3
    vertex 2.9263548851013184 14.711779594421387 3
    vertex 4.354269981384277 14.354104995727539 3
  endloop
endfacet
facet normal 0 0 0
  outer loop
    vertex 4.354269981384277 14.354104995727539 -3
    vertex 4.354269981384277 14.354104995727539 3
    vertex 5.740251541137695 13.858193397521973 3
  endloop
endfacet
facet normal 0 0 0
  outer loop
    vertex 7.070950984954834 13.228818893432617 -3
    vertex 7.070950984954834 13.228818893432617 3
    vertex 8.333553314208984 12.472043991088867 3
  endloop
endfacet
facet normal 0 0 0
  outer loop
    vertex -4.354269981384277 14.354104995727539 3
    vertex -0.75 6.5 3
    vertex -2.9263548851013184 14.711779594421387 3
  endloop
endfacet
facet normal 0 0 0
  outer loop
    vertex -2.9263548851013184 14.711779594421387 3
    vertex -0.75 6.5 3
    vertex -1.4702571630477905 14.927770614624023 3
  endloop
endfacet
facet normal 0 0 0
  outer loop
    vertex 1.4702571630477905 14.927770614624023 3
    vertex 0 15 3
    vertex 2.25 4.25 3
  endloop
endfacet
facet normal 0 0 0
  outer loop
    vertex -1.4702571630477905 14.927770614624023 3
    vertex -0.75 6.5 3
    vertex 0 15 3
  endloop
endfacet
facet normal 0 0 0
  outer loop
    vertex -7 13.26237678527832 3
    vertex -5.740251541137695 10.969709396362305 3
    vertex -5.740251541137695 13.858193397521973 3
  endloop
endfacet
facet normal 0 0 0
  outer loop
    vertex -5.740251541137695 10.969709396362305 3
    vertex -4.354269981384277 14.354104995727539 3
    vertex -5.740251541137695 13.858193397521973 3
  endloop
endfacet
facet normal 0 0 0
  outer loop
    vertex 1.4702571630477905 14.927770614624023 3
    vertex 2.25 4.25 3
    vertex 2.9263548851013184 14.711779594421387 3
  endloop
endfacet
facet normal 0 0 0
  outer loop
    vertex 2.9263548851013184 14.711779594421387 3
    vertex 13.166425704956055 7.175047397613525 3
    vertex 4.354269981384277 14.354104995727539 3
  endloop
endfacet
facet normal 0 0 0
  outer loop
    vertex 8.333553314208984 12.472043991088867 3
    vertex 7.070950984954834 13.228818893432617 3
    vertex 13.166425704956055 7.175047397613525 3
  endloop
endfacet
facet normal 0 0 0
  outer loop
    vertex 8.333553314208984 12.472043991088867 3
    vertex 13.166425704956055 7.175047397613525 3
    vertex 9.515899658203125 11.5951566696167 3
  endloop
endfacet
facet normal 0 0 0
  outer loop
    vertex 7.070950984954834 13.228818893432617 3
    vertex 5.740251541137695 13.858193397521973 3
    vertex 13.166425704956055 7.175047397613525 3
  endloop
endfacet
facet normal 0 0 0
  outer loop
    vertex 4.354269981384277 14.354104995727539 3
    vertex 13.166425704956055 7.175047397613525 3
    vertex 5.740251541137695 13.858193397521973 3
  endloop
endfacet
facet normal 0 0 0
  outer loop
    vertex -138.3038330078125 -11 -3
    vertex -144.82745361328125 -11 -3
    vertex -144.39340209960938 -10.60660171508789 -3
  endloop
endfacet
facet normal 0 0 0
  outer loop
    vertex -138.3038330078125 -11 -3
    vertex -144.39340209960938 -10.60660171508789 -3
    vertex -143.40484619140625 -9.515899658203125 -3
  endloop
endfacet
facet normal 0 0 0
  outer loop
    vertex -138.3038330078125 -11 -3
    vertex -143.40484619140625 -9.515899658203125 -3
    vertex -142.5279541015625 -8.333553314208984 -3
  endloop
endfacet
facet normal 0 0 0
  outer loop
    vertex -138.3038330078125 -11 -3
    vertex -142.5279541015625 -8.333553314208984 -3
    vertex -141.77117919921875 -7.070950984954834 -3
  endloop
endfacet
facet normal 0 0 0
  outer loop
    vertex -138.3038330078125 -11 -3
    vertex -141.77117919921875 -7.070950984954834 -3
    vertex -141.1417999267578 -5.740251541137695 -3
  endloop
endfacet
facet normal 0 0 0
  outer loop
    vertex -138.3038330078125 -11 -3
    vertex -141.1417999267578 -5.740251541137695 -3
    vertex -140.64588928222656 -4.354269981384277 -3
  endloop
endfacet
facet normal 0 0 0
  outer loop
    vertex -138.3038330078125 -11 -3
    vertex -140.64588928222656 -4.354269981384277 -3
    vertex -140.28822326660156 -2.9263548851013184 -3
  endloop
endfacet
facet normal 0 0 0
  outer loop
    vertex -138.3038330078125 -11 -3
    vertex -140.28822326660156 -2.9263548851013184 -3
    vertex -140.07223510742188 -1.4702571630477905 -3
  endloop
endfacet
facet normal 0 0 0
  outer loop
    vertex -138.3038330078125 -11 -3
    vertex -140.07223510742188 -1.4702571630477905 -3
    vertex -140 0 -3
  endloop
endfacet
facet normal 0 0 0
  outer loop
    vertex -138.3038330078125 -11 -3
    vertex -140 0 -3
    vertex -140.07223510742188 1.4702571630477905 -3
  endloop
endfacet
facet normal 0 0 0
  outer loop
    vertex -138.3038330078125 -11 -3
    vertex -24.17255401611328 -11 -3
    vertex -138.3038330078125 -11 3
  endloop
endfacet
facet normal 0 0 0
  outer loop
    vertex -138.3038330078125 -11 3
    vertex -85 -10 3
    vertex -85.98017120361328 -9.951847076416016 3
  endloop
endfacet
facet normal 0 0 0
  outer loop
    vertex -138.3038330078125 -11 3
    vertex -85.98017120361328 -9.951847076416016 3
    vertex -86.9509048461914 -9.807852745056152 3
  endloop
endfacet
facet normal 0 0 0
  outer loop
    vertex -138.3038330078125 -11 3
    vertex -86.9509048461914 -9.807852745056152 3
    vertex -87.90284729003906 -9.569403648376465 3
  endloop
endfacet
facet normal 0 0 0
  outer loop
    vertex -138.3038330078125 -11 3
    vertex -24.60660171508789 -9.49039077758789 3
    vertex -85 -10 3
  endloop
endfacet
facet normal 0 0 0
  outer loop
    vertex -138.3038330078125 -11 3
    vertex -89.7139663696289 -8.819212913513184 3
    vertex -90.55570220947266 -8.314696311950684 3
  endloop
endfacet
facet normal 0 0 0
  outer loop
    vertex -138.3038330078125 -11 3
    vertex -87.90284729003906 -9.569403648376465 3
    vertex -88.82683563232422 -9.238795280456543 3
  endloop
endfacet
facet normal 0 0 0
  outer loop
    vertex -138.3038330078125 -11 3
    vertex -88.82683563232422 -9.238795280456543 3
    vertex -89.7139663696289 -8.819212913513184 3
  endloop
endfacet
facet normal 0 0 0
  outer loop
    vertex -138.3038330078125 -11 3
    vertex -90.55570220947266 -8.314696311950684 3
    vertex -91.34393310546875 -7.730104446411133 3
  endloop
endfacet
facet normal 0 0 0
  outer loop
    vertex -138.3038330078125 -11 3
    vertex -92.0710678100586 -7.071067810058594 3
    vertex -92.7301025390625 -6.343932628631592 3
  endloop
endfacet
facet normal 0 0 0
  outer loop
    vertex -138.3038330078125 -11 3
    vertex -92.7301025390625 -6.343932628631592 3
    vertex -93.314697265625 -5.555702209472656 3
  endloop
endfacet
facet normal 0 0 0
  outer loop
    vertex -138.3038330078125 -11 3
    vertex -91.34393310546875 -7.730104446411133 3
    vertex -92.0710678100586 -7.071067810058594 3
  endloop
endfacet
facet normal 0 0 0
  outer loop
    vertex -138.3038330078125 -11 3
    vertex -93.314697265625 -5.555702209472656 3
    vertex -93.8192138671875 -4.713967323303223 3
  endloop
endfacet
facet normal 0 0 0
  outer loop
    vertex -138.3038330078125 -11 3
    vertex -93.8192138671875 -4.713967323303223 3
    vertex -94.2387924194336 -3.8268344402313232 3
  endloop
endfacet
facet normal 0 0 0
  outer loop
    vertex -138.3038330078125 -11 3
    vertex -94.2387924194336 -3.8268344402313232 3
    vertex -94.56940460205078 -2.9028468132019043 3
  endloop
endfacet
facet normal 0 0 0
  outer loop
    vertex -138.3038330078125 -11 3
    vertex -94.56940460205078 -2.9028468132019043 3
    vertex -94.80785369873047 -1.9509031772613525 3
  endloop
endfacet
facet normal 0 0 0
  outer loop
    vertex -138.3038330078125 -11 3
    vertex -94.80785369873047 -1.9509031772613525 3
    vertex -137.361572265625 8.22824764251709 3
  endloop
endfacet
facet normal 0 0 0
  outer loop
    vertex -138.3038330078125 -11 -3
    vertex -140.07223510742188 1.4702571630477905 -3
    vertex -138.3038330078125 11 -3
  endloop
endfacet
facet normal 0 0 0
  outer loop
    vertex -138.3038330078125 11 -3
    vertex -140.28822326660156 2.9263548851013184 -3
    vertex -140.64588928222656 4.354269981384277 -3
  endloop
endfacet
facet normal 0 0 0
  outer loop
    vertex -138.3038330078125 11 -3
    vertex -140.64588928222656 4.354269981384277 -3
    vertex -141.1417999267578 5.740251541137695 -3
  endloop
endfacet
facet normal 0 0 0
  outer loop
    vertex -138.3038330078125 11 -3
    vertex -141.1417999267578 5.740251541137695 -3
    vertex -141.77117919921875 7.070950984954834 -3
  endloop
endfacet
facet normal 0 0 0
  outer loop
    vertex -138.3038330078125 11 -3
    vertex -141.77117919921875 7.070950984954834 -3
    vertex -142.5279541015625 8.333553314208984 -3
  endloop
endfacet
facet normal 0 0 0
  outer loop
    vertex -138.3038330078125 11 -3
    vertex -142.5279541015625 8.333553314208984 -3
    vertex -143.40484619140625 9.515899658203125 -3
  endloop
endfacet
facet normal 0 0 0
  outer loop
    vertex -138.3038330078125 11 -3
    vertex -140.07223510742188 1.4702571630477905 -3
    vertex -140.28822326660156 2.9263548851013184 -3
  endloop
endfacet
facet normal 0 0 0
  outer loop
    vertex -138.3038330078125 11 -3
    vertex -143.40484619140625 9.515899658203125 -3
    vertex -144.39340209960938 10.60660171508789 -3
  endloop
endfacet
facet normal 0 0 0
  outer loop
    vertex -138.3038330078125 11 -3
    vertex -144.39340209960938 10.60660171508789 -3
    vertex -144.82745361328125 11 -3
  endloop
endfacet
facet normal 0 0 0
  outer loop
    vertex -138.3038330078125 -11 -3
    vertex -138.3038330078125 11 -3
    vertex -24.17255401611328 11 -3
  endloop
endfacet
facet normal 0 0 0
  outer loop
    vertex -137.361572265625 8.22824764251709 3
    vertex -94.80785369873047 -1.9509031772613525 3
    vertex -94.95185089111328 -0.9801713824272156 3
  endloop
endfacet
facet normal 0 0 0
  outer loop
    vertex -137.361572265625 8.22824764251709 3
    vertex -94.95185089111328 -0.9801713824272156 3
    vertex -95 0 3
  endloop
endfacet
facet normal 0 0 0
  outer loop
    vertex -137.361572265625 8.22824764251709 3
    vertex -95 0 3
    vertex -94.95185089111328 0.9801713824272156 3
  endloop
endfacet
facet normal 0 0 0
  outer loop
    vertex -137.361572265625 8.22824764251709 3
    vertex -94.95185089111328 0.9801713824272156 3
    vertex -94.80785369873047 1.9509031772613525 3
  endloop
endfacet
facet normal 0 0 0
  outer loop
    vertex -137.361572265625 8.22824764251709 3
    vertex -94.80785369873047 1.9509031772613525 3
    vertex -94.56940460205078 2.9028468132019043 3
  endloop
endfacet
facet normal 0 0 0
  outer loop
    vertex -137.361572265625 8.22824764251709 3
    vertex -94.56940460205078 2.9028468132019043 3
    vertex -94.2387924194336 3.8268344402313232 3
  endloop
endfacet
facet normal 0 0 0
  outer loop
    vertex -137.361572265625 8.22824764251709 3
    vertex -87.90284729003906 9.569403648376465 3
    vertex -137.42005920410156 8.237438201904297 3
  endloop
endfacet
facet normal 0 0 0
  outer loop
    vertex -137.42005920410156 8.237438201904297 3
    vertex -87.90284729003906 9.569403648376465 3
    vertex -138.3038330078125 11 3
  endloop
endfacet
facet normal 0 0 0
  outer loop
    vertex -137.361572265625 8.22824764251709 3
    vertex -94.2387924194336 3.8268344402313232 3
    vertex -93.8192138671875 4.713967323303223 3
  endloop
endfacet
facet normal 0 0 0
  outer loop
    vertex -137.361572265625 8.22824764251709 3
    vertex -93.8192138671875 4.713967323303223 3
    vertex -93.314697265625 5.555702209472656 3
  endloop
endfacet
facet normal 0 0 0
  outer loop
    vertex -137.361572265625 8.22824764251709 3
    vertex -93.314697265625 5.555702209472656 3
    vertex -92.7301025390625 6.343932628631592 3
  endloop
endfacet
facet normal 0 0 0
  outer loop
    vertex -137.361572265625 8.22824764251709 3
    vertex -92.7301025390625 6.343932628631592 3
    vertex -92.0710678100586 7.071067810058594 3
  endloop
endfacet
facet normal 0 0 0
  outer loop
    vertex -137.361572265625 8.22824764251709 3
    vertex -92.0710678100586 7.071067810058594 3
    vertex -91.34393310546875 7.730104446411133 3
  endloop
endfacet
facet normal 0 0 0
  outer loop
    vertex -137.361572265625 8.22824764251709 3
    vertex -91.34393310546875 7.730104446411133 3
    vertex -90.55570220947266 8.314696311950684 3
  endloop
endfacet
facet normal 0 0 0
  outer loop
    vertex -137.361572265625 8.22824764251709 3
    vertex -90.55570220947266 8.314696311950684 3
    vertex -89.7139663696289 8.819212913513184 3
  endloop
endfacet
facet normal 0 0 0
  outer loop
    vertex -137.361572265625 8.22824764251709 3
    vertex -89.7139663696289 8.819212913513184 3
    vertex -88.82683563232422 9.238795280456543 3
  endloop
endfacet
facet normal 0 0 0
  outer loop
    vertex -137.361572265625 8.22824764251709 3
    vertex -88.82683563232422 9.238795280456543 3
    vertex -87.90284729003906 9.569403648376465 3
  endloop
endfacet
facet normal 0 0 0
  outer loop
    vertex -138.3038330078125 11 -3
    vertex -138.3038330078125 11 3
    vertex -24.17255401611328 11 3
  endloop
endfacet
facet normal 0 0 0
  outer loop
    vertex -138.3038330078125 11 3
    vertex -87.90284729003906 9.569403648376465 3
    vertex -86.9509048461914 9.807852745056152 3
  endloop
endfacet
facet normal 0 0 0
  outer loop
    vertex -138.3038330078125 11 3
    vertex -86.9509048461914 9.807852745056152 3
    vertex -85.98017120361328 9.951847076416016 3
  endloop
endfacet
facet normal 0 0 0
  outer loop
    vertex -138.3038330078125 11 3
    vertex -85.98017120361328 9.951847076416016 3
    vertex -85 10 3
  endloop
endfacet
facet normal 0 0 0
  outer loop
    vertex -138.3038330078125 11 3
    vertex -85 10 3
    vertex -24.17255401611328 11 3
  endloop
endfacet
facet normal 0 0 0
  outer loop
    vertex -138.3038330078125 -11 -3
    vertex -15.470256805419922 11 -3
    vertex -24.17255401611328 -11 -3
  endloop
endfacet
facet normal 0 0 0
  outer loop
    vertex -24.17255401611328 -11 -3
    vertex -15.470256805419922 11 -3
    vertex -23.515899658203125 -11 -3
  endloop
endfacet
facet normal 0 0 0
  outer loop
    vertex -23.515899658203125 -11 -3
    vertex -15.470256805419922 11 -3
    vertex -15.470256805419922 -11 -3
  endloop
endfacet
facet normal 0 0 0
  outer loop
    vertex -138.3038330078125 -11 3
    vertex -24.17255401611328 -11 -3
    vertex -24.17255401611328 -11 3
  endloop
endfacet
facet normal 0 0 0
  outer loop
    vertex -138.3038330078125 -11 3
    vertex -24.17255401611328 -11 3
    vertex -24.55218505859375 -9.498942375183105 3
  endloop
endfacet
facet normal 0 0 0
  outer loop
    vertex -24.60660171508789 -9.49039077758789 3
    vertex -84.01982879638672 -9.951847076416016 3
    vertex -85 -10 3
  endloop
endfacet
facet normal 0 0 0
  outer loop
    vertex -24.60660171508789 -9.49039077758789 3
    vertex -83.0490951538086 -9.807852745056152 3
    vertex -84.01982879638672 -9.951847076416016 3
  endloop
endfacet
facet normal 0 0 0
  outer loop
    vertex -138.3038330078125 -11 3
    vertex -24.55218505859375 -9.498942375183105 3
    vertex -24.60660171508789 -9.49039077758789 3
  endloop
endfacet
facet normal 0 0 0
  outer loop
    vertex -24.60660171508789 -9.49039077758789 3
    vertex -82.09715270996094 -9.569403648376465 3
    vertex -83.0490951538086 -9.807852745056152 3
  endloop
endfacet
facet normal 0 0 0
  outer loop
    vertex -24.60660171508789 -9.49039077758789 3
    vertex -81.17316436767578 -9.238795280456543 3
    vertex -82.09715270996094 -9.569403648376465 3
  endloop
endfacet
facet normal 0 0 0
  outer loop
    vertex -24.60660171508789 -9.49039077758789 3
    vertex -80.2860336303711 -8.819212913513184 3
    vertex -81.17316436767578 -9.238795280456543 3
  endloop
endfacet
facet normal 0 0 0
  outer loop
    vertex -24.60660171508789 -9.49039077758789 3
    vertex -79.44429779052734 -8.314696311950684 3
    vertex -80.2860336303711 -8.819212913513184 3
  endloop
endfacet
facet normal 0 0 0
  outer loop
    vertex -24.60660171508789 -9.49039077758789 3
    vertex -78.65606689453125 -7.730104446411133 3
    vertex -79.44429779052734 -8.314696311950684 3
  endloop
endfacet
facet normal 0 0 0
  outer loop
    vertex -24.60660171508789 -9.49039077758789 3
    vertex -77.9289321899414 -7.071067810058594 3
    vertex -78.65606689453125 -7.730104446411133 3
  endloop
endfacet
facet normal 0 0 0
  outer loop
    vertex -24.60660171508789 -9.49039077758789 3
    vertex -77.2698974609375 -6.343932628631592 3
    vertex -77.9289321899414 -7.071067810058594 3
  endloop
endfacet
facet normal 0 0 0
  outer loop
    vertex -24.60660171508789 -9.49039077758789 3
    vertex -76.685302734375 -5.555702209472656 3
    vertex -77.2698974609375 -6.343932628631592 3
  endloop
endfacet
facet normal 0 0 0
  outer loop
    vertex -24.60660171508789 -9.49039077758789 3
    vertex -76.1807861328125 -4.713967323303223 3
    vertex -76.685302734375 -5.555702209472656 3
  endloop
endfacet
facet normal 0 0 0
  outer loop
    vertex -24.60660171508789 -9.49039077758789 3
    vertex -75.7612075805664 -3.8268344402313232 3
    vertex -76.1807861328125 -4.713967323303223 3
  endloop
endfacet
facet normal 0 0 0
  outer loop
    vertex -24.60660171508789 -9.49039077758789 3
    vertex -75.43059539794922 -2.9028468132019043 3
    vertex -75.7612075805664 -3.8268344402313232 3
  endloop
endfacet
facet normal 0 0 0
  outer loop
    vertex -24.60660171508789 -9.49039077758789 3
    vertex -75.19214630126953 -1.9509031772613525 3
    vertex -75.43059539794922 -2.9028468132019043 3
  endloop
endfacet
facet normal 0 0 0
  outer loop
    vertex -24.60660171508789 -9.49039077758789 3
    vertex -75.04814910888672 -0.9801713824272156 3
    vertex -75.19214630126953 -1.9509031772613525 3
  endloop
endfacet
facet normal 0 0 0
  outer loop
    vertex -24.60660171508789 -9.49039077758789 3
    vertex -75 0 3
    vertex -75.04814910888672 -0.9801713824272156 3
  endloop
endfacet
facet normal 0 0 0
  outer loop
    vertex -24.60660171508789 -9.49039077758789 3
    vertex -75.04814910888672 0.9801713824272156 3
    vertex -75 0 3
  endloop
endfacet
facet normal 0 0 0
  outer loop
    vertex -138.3038330078125 -11 -3
    vertex -24.17255401611328 11 -3
    vertex -23.545137405395508 11 -3
  endloop
endfacet
facet normal 0 0 0
  outer loop
    vertex -138.3038330078125 -11 -3
    vertex -23.545137405395508 11 -3
    vertex -15.470256805419922 11 -3
  endloop
endfacet
facet normal 0 0 0
  outer loop
    vertex -138.3038330078125 11 -3
    vertex -24.17255401611328 11 3
    vertex -24.17255401611328 11 -3
  endloop
endfacet
facet normal 0 0 0
  outer loop
    vertex -24.17255401611328 11 3
    vertex -75.19214630126953 1.9509031772613525 3
    vertex -75.04814910888672 0.9801713824272156 3
  endloop
endfacet
facet normal 0 0 0
  outer loop
    vertex -24.17255401611328 11 3
    vertex -75.43059539794922 2.9028468132019043 3
    vertex -75.19214630126953 1.9509031772613525 3
  endloop
endfacet
facet normal 0 0 0
  outer loop
    vertex -24.17255401611328 11 3
    vertex -75.7612075805664 3.8268344402313232 3
    vertex -75.43059539794922 2.9028468132019043 3
  endloop
endfacet
facet normal 0 0 0
  outer loop
    vertex -24.17255401611328 11 3
    vertex -76.1807861328125 4.713967323303223 3
    vertex -75.7612075805664 3.8268344402313232 3
  endloop
endfacet
facet normal 0 0 0
  outer loop
    vertex -24.17255401611328 11 3
    vertex -76.685302734375 5.555702209472656 3
    vertex -76.1807861328125 4.713967323303223 3
  endloop
endfacet
facet normal 0 0 0
  outer loop
    vertex -24.17255401611328 11 3
    vertex -77.2698974609375 6.343932628631592 3
    vertex -76.685302734375 5.555702209472656 3
  endloop
endfacet
facet normal 0 0 0
  outer loop
    vertex -24.17255401611328 11 3
    vertex -77.9289321899414 7.071067810058594 3
    vertex -77.2698974609375 6.343932628631592 3
  endloop
endfacet
facet normal 0 0 0
  outer loop
    vertex -24.17255401611328 11 3
    vertex -78.65606689453125 7.730104446411133 3
    vertex -77.9289321899414 7.071067810058594 3
  endloop
endfacet
facet normal 0 0 0
  outer loop
    vertex -24.17255401611328 11 3
    vertex -79.44429779052734 8.314696311950684 3
    vertex -78.65606689453125 7.730104446411133 3
  endloop
endfacet
facet normal 0 0 0
  outer loop
    vertex -24.17255401611328 11 3
    vertex -81.17316436767578 9.238795280456543 3
    vertex -80.2860336303711 8.819212913513184 3
  endloop
endfacet
facet normal 0 0 0
  outer loop
    vertex -24.17255401611328 11 3
    vertex -82.09715270996094 9.569403648376465 3
    vertex -81.17316436767578 9.238795280456543 3
  endloop
endfacet
facet normal 0 0 0
  outer loop
    vertex -24.17255401611328 11 3
    vertex -80.2860336303711 8.819212913513184 3
    vertex -79.44429779052734 8.314696311950684 3
  endloop
endfacet
facet normal 0 0 0
  outer loop
    vertex -24.60660171508789 -9.49039077758789 3
    vertex -24.17255401611328 11 3
    vertex -75.04814910888672 0.9801713824272156 3
  endloop
endfacet
facet normal 0 0 0
  outer loop
    vertex -24.17255401611328 11 3
    vertex -84.01982879638672 9.951847076416016 3
    vertex -83.0490951538086 9.807852745056152 3
  endloop
endfacet
facet normal 0 0 0
  outer loop
    vertex -24.17255401611328 11 3
    vertex -85 10 3
    vertex -84.01982879638672 9.951847076416016 3
  endloop
endfacet
facet normal 0 0 0
  outer loop
    vertex -24.17255401611328 11 3
    vertex -83.0490951538086 9.807852745056152 3
    vertex -82.09715270996094 9.569403648376465 3
  endloop
endfacet
facet normal 0 0 0
  outer loop
    vertex -23.515899658203125 -11.5951566696167 -3
    vertex -24.17255401611328 -11 -3
    vertex -23.515899658203125 -11 -3
  endloop
endfacet
facet normal 0 0 0
  outer loop
    vertex -18.354270935058594 -14.354104995727539 -3
    vertex -15.470256805419922 -11 -3
    vertex -16.926355361938477 -14.711779594421387 -3
  endloop
endfacet
facet normal 0 0 0
  outer loop
    vertex -19.740251541137695 -13.858193397521973 -3
    vertex -15.470256805419922 -11 -3
    vertex -18.354270935058594 -14.354104995727539 -3
  endloop
endfacet
facet normal 0 0 0
  outer loop
    vertex -21.070951461791992 -13.228818893432617 -3
    vertex -15.470256805419922 -11 -3
    vertex -19.740251541137695 -13.858193397521973 -3
  endloop
endfacet
facet normal 0 0 0
  outer loop
    vertex -16.926355361938477 -14.711779594421387 -3
    vertex -15.470256805419922 -11 -3
    vertex -15.470256805419922 -14.927770614624023 -3
  endloop
endfacet
facet normal 0 0 0
  outer loop
    vertex -15.470256805419922 -14.927770614624023 -3
    vertex -15.470256805419922 -11 -3
    vertex -14 -15 -3
  endloop
endfacet
facet normal 0 0 0
  outer loop
    vertex -21.070951461791992 -13.228818893432617 -3
    vertex -22.333553314208984 -12.472043991088867 -3
    vertex -15.470256805419922 -11 -3
  endloop
endfacet
facet normal 0 0 0
  outer loop
    vertex -22.333553314208984 -12.472043991088867 -3
    vertex -23.515899658203125 -11.5951566696167 -3
    vertex -15.470256805419922 -11 -3
  endloop
endfacet
facet normal 0 0 0
  outer loop
    vertex -23.515899658203125 -11.5951566696167 -3
    vertex -23.515899658203125 -11 -3
    vertex -15.470256805419922 -11 -3
  endloop
endfacet
facet normal 0 0 0
  outer loop
    vertex -14 -15 -3
    vertex -10.559690475463867 -4.25 -3
    vertex -12.529743194580078 -14.927770614624023 -3
  endloop
endfacet
facet normal 0 0 0
  outer loop
    vertex -12.529743194580078 -14.927770614624023 -3
    vertex -10.60660171508789 -5.204891204833984 -3
    vertex -11.07364559173584 -14.711779594421387 -3
  endloop
endfacet
facet normal 0 0 0
  outer loop
    vertex -11.07364559173584 -14.711779594421387 -3
    vertex -10.60660171508789 -5.204891204833984 -3
    vertex -9.645730018615723 -14.354104995727539 -3
  endloop
endfacet
facet normal 0 0 0
  outer loop
    vertex -14 -15 -3
    vertex -15.470256805419922 -11 -3
    vertex -10.559690475463867 -4.25 -3
  endloop
endfacet
facet normal 0 0 0
  outer loop
    vertex -8.259748458862305 -13.858193397521973 -3
    vertex -8.195710182189941 -12.554664611816406 -3
    vertex -7 -13.26237678527832 -3
  endloop
endfacet
facet normal 0 0 0
  outer loop
    vertex -8.259748458862305 -13.858193397521973 -3
    vertex -8.259748458862305 -10.969709396362305 -3
    vertex -8.195710182189941 -12.554664611816406 -3
  endloop
endfacet
facet normal 0 0 0
  outer loop
    vertex -7 -13.26237678527832 -3
    vertex -8.195710182189941 -12.554664611816406 -3
    vertex -6.929049015045166 -10.34033489227295 -3
  endloop
endfacet
facet normal 0 0 0
  outer loop
    vertex -9.645730018615723 -14.354104995727539 -3
    vertex -8.281010627746582 -4.25 -3
    vertex -8.259748458862305 -13.858193397521973 -3
  endloop
endfacet
facet normal 0 0 0
  outer loop
    vertex -22.333553314208984 -12.472043991088867 -3
    vertex -23.515899658203125 -11.5951566696167 3
    vertex -23.515899658203125 -11.5951566696167 -3
  endloop
endfacet
facet normal 0 0 0
  outer loop
    vertex -23.515899658203125 -11.5951566696167 -3
    vertex -23.515899658203125 -11.5951566696167 3
    vertex -24.17255401611328 -11 -3
  endloop
endfacet
facet normal 0 0 0
  outer loop
    vertex -19.740251541137695 -13.858193397521973 -3
    vertex -18.354270935058594 -14.354104995727539 -3
    vertex -19.740251541137695 -13.858193397521973 3
  endloop
endfacet
facet normal 0 0 0
  outer loop
    vertex -18.354270935058594 -14.354104995727539 -3
    vertex -16.926355361938477 -14.711779594421387 -3
    vertex -18.354270935058594 -14.354104995727539 3
  endloop
endfacet
facet normal 0 0 0
  outer loop
    vertex -16.926355361938477 -14.711779594421387 -3
    vertex -15.470256805419922 -14.927770614624023 -3
    vertex -16.926355361938477 -14.711779594421387 3
  endloop
endfacet
facet normal 0 0 0
  outer loop
    vertex -21.070951461791992 -13.228818893432617 -3
    vertex -19.740251541137695 -13.858193397521973 -3
    vertex -21.070951461791992 -13.228818893432617 3
  endloop
endfacet
facet normal 0 0 0
  outer loop
    vertex -21.070951461791992 -13.228818893432617 -3
    vertex -22.333553314208984 -12.472043991088867 3
    vertex -22.333553314208984 -12.472043991088867 -3
  endloop
endfacet
facet normal 0 0 0
  outer loop
    vertex -15.470256805419922 -14.927770614624023 -3
    vertex -14 -15 -3
    vertex -15.470256805419922 -14.927770614624023 3
  endloop
endfacet
facet normal 0 0 0
  outer loop
    vertex -14 -15 -3
    vertex -12.529743194580078 -14.927770614624023 -3
    vertex -14 -15 3
  endloop
endfacet
facet normal 0 0 0
  outer loop
    vertex -12.529743194580078 -14.927770614624023 -3
    vertex -11.07364559173584 -14.711779594421387 -3
    vertex -12.529743194580078 -14.927770614624023 3
  endloop
endfacet
facet normal 0 0 0
  outer loop
    vertex -11.07364559173584 -14.711779594421387 -3
    vertex -9.645730018615723 -14.354104995727539 -3
    vertex -11.07364559173584 -14.711779594421387 3
  endloop
endfacet
facet normal 0 0 0
  outer loop
    vertex -9.645730018615723 -14.354104995727539 -3
    vertex -8.259748458862305 -13.858193397521973 -3
    vertex -9.645730018615723 -14.354104995727539 3
  endloop
endfacet
facet normal 0 0 0
  outer loop
    vertex -8.259748458862305 -13.858193397521973 -3
    vertex -7 -13.26237678527832 -3
    vertex -7 -13.26237678527832 3
  endloop
endfacet
facet normal 0 0 0
  outer loop
    vertex -12.529743194580078 -14.927770614624023 -3
    vertex -10.559690475463867 -4.25 -3
    vertex -10.60660171508789 -5.204891204833984 -3
  endloop
endfacet
facet normal 0 0 0
  outer loop
    vertex -15.470256805419922 -11 -3
    vertex -14.75 -4.25 -3
    vertex -10.559690475463867 -4.25 -3
  endloop
endfacet
facet normal 0 0 0
  outer loop
    vertex -15.470256805419922 -11 -3
    vertex -15.470256805419922 11 -3
    vertex -14.75 -4.25 -3
  endloop
endfacet
facet normal 0 0 0
  outer loop
    vertex -8.259748458862305 -13.858193397521973 -3
    vertex -8.281010627746582 -4.25 -3
    vertex -8.259748458862305 -10.969709396362305 -3
  endloop
endfacet
facet normal 0 0 0
  outer loop
    vertex -8.195710182189941 -12.554664611816406 -3
    vertex -7.787728309631348 -4.25 -3
    vertex -6.929049015045166 -10.34033489227295 -3
  endloop
endfacet
facet normal 0 0 0
  outer loop
    vertex -9.645730018615723 -14.354104995727539 -3
    vertex -10.60660171508789 -5.204891204833984 -3
    vertex -8.281010627746582 -4.25 -3
  endloop
endfacet
facet normal 0 0 0
  outer loop
    vertex -8.259748458862305 -10.969709396362305 -3
    vertex -8.259748458862305 -4.25 -3
    vertex -7.884884357452393 -4.25 -3
  endloop
endfacet
facet normal 0 0 0
  outer loop
    vertex -6.929049015045166 -10.34033489227295 -3
    vertex -7.787728309631348 -4.25 -3
    vertex -6.9708380699157715 -4.25 -3
  endloop
endfacet
facet normal 0 0 0
  outer loop
    vertex -10.60660171508789 -5.204891204833984 -3
    vertex -10.541791915893555 -4.25 -3
    vertex -8.281010627746582 -4.25 -3
  endloop
endfacet
facet normal 0 0 0
  outer loop
    vertex -22.333553314208984 -12.472043991088867 -3
    vertex -22.333553314208984 -12.472043991088867 3
    vertex -23.515899658203125 -11.5951566696167 3
  endloop
endfacet
facet normal 0 0 0
  outer loop
    vertex -24.17255401611328 -11 -3
    vertex -23.515899658203125 -11.5951566696167 3
    vertex -24.17255401611328 -11 3
  endloop
endfacet
facet normal 0 0 0
  outer loop
    vertex -16.926355361938477 -14.711779594421387 -3
    vertex -16.926355361938477 -14.711779594421387 3
    vertex -18.354270935058594 -14.354104995727539 3
  endloop
endfacet
facet normal 0 0 0
  outer loop
    vertex -18.354270935058594 -14.354104995727539 -3
    vertex -18.354270935058594 -14.354104995727539 3
    vertex -19.740251541137695 -13.858193397521973 3
  endloop
endfacet
facet normal 0 0 0
  outer loop
    vertex -19.740251541137695 -13.858193397521973 -3
    vertex -19.740251541137695 -13.858193397521973 3
    vertex -21.070951461791992 -13.228818893432617 3
  endloop
endfacet
facet normal 0 0 0
  outer loop
    vertex -21.070951461791992 -13.228818893432617 -3
    vertex -21.070951461791992 -13.228818893432617 3
    vertex -22.333553314208984 -12.472043991088867 3
  endloop
endfacet
facet normal 0 0 0
  outer loop
    vertex -15.470256805419922 -14.927770614624023 -3
    vertex -15.470256805419922 -14.927770614624023 3
    vertex -16.926355361938477 -14.711779594421387 3
  endloop
endfacet
facet normal 0 0 0
  outer loop
    vertex -14 -15 -3
    vertex -14 -15 3
    vertex -15.470256805419922 -14.927770614624023 3
  endloop
endfacet
facet normal 0 0 0
  outer loop
    vertex -12.529743194580078 -14.927770614624023 -3
    vertex -12.529743194580078 -14.927770614624023 3
    vertex -14 -15 3
  endloop
endfacet
facet normal 0 0 0
  outer loop
    vertex -11.07364559173584 -14.711779594421387 -3
    vertex -11.07364559173584 -14.711779594421387 3
    vertex -12.529743194580078 -14.927770614624023 3
  endloop
endfacet
facet normal 0 0 0
  outer loop
    vertex -9.645730018615723 -14.354104995727539 -3
    vertex -9.645730018615723 -14.354104995727539 3
    vertex -11.07364559173584 -14.711779594421387 3
  endloop
endfacet
facet normal 0 0 0
  outer loop
    vertex -8.259748458862305 -13.858193397521973 -3
    vertex -8.259748458862305 -13.858193397521973 3
    vertex -9.645730018615723 -14.354104995727539 3
  endloop
endfacet
facet normal 0 0 0
  outer loop
    vertex -8.259748458862305 -13.858193397521973 -3
    vertex -7 -13.26237678527832 3
    vertex -8.259748458862305 -13.858193397521973 3
  endloop
endfacet
facet normal 0 0 0
  outer loop
    vertex -23.515899658203125 -11.5951566696167 3
    vertex -24.55218505859375 -9.498942375183105 3
    vertex -24.17255401611328 -11 3
  endloop
endfacet
facet normal 0 0 0
  outer loop
    vertex -15.470256805419922 -14.927770614624023 3
    vertex -14 -15 3
    vertex -14.75 -4.25 3
  endloop
endfacet
facet normal 0 0 0
  outer loop
    vertex -14 -15 3
    vertex -12.529743194580078 -14.927770614624023 3
    vertex -14.75 -4.25 3
  endloop
endfacet
facet normal 0 0 0
  outer loop
    vertex -12.529743194580078 -14.927770614624023 3
    vertex -11.07364559173584 -14.711779594421387 3
    vertex -14.75 -4.25 3
  endloop
endfacet
facet normal 0 0 0
  outer loop
    vertex -11.07364559173584 -14.711779594421387 3
    vertex -9.645730018615723 -14.354104995727539 3
    vertex -14.75 -4.25 3
  endloop
endfacet
facet normal 0 0 0
  outer loop
    vertex -9.645730018615723 -14.354104995727539 3
    vertex -8.259748458862305 -13.858193397521973 3
    vertex -14.75 -4.25 3
  endloop
endfacet
facet normal 0 0 0
  outer loop
    vertex -8.259748458862305 -13.858193397521973 3
    vertex -7 -13.26237678527832 3
    vertex -14.75 -4.25 3
  endloop
endfacet
facet normal 0 0 0
  outer loop
    vertex -22.333553314208984 -12.472043991088867 3
    vertex -22.333553314208984 12.472043991088867 3
    vertex -23.515899658203125 -11.5951566696167 3
  endloop
endfacet
facet normal 0 0 0
  outer loop
    vertex -23.515899658203125 -11.5951566696167 3
    vertex -23.515899658203125 11.5951566696167 3
    vertex -24.55218505859375 -9.498942375183105 3
  endloop
endfacet
facet normal 0 0 0
  outer loop
    vertex -24.55218505859375 -9.498942375183105 3
    vertex -24.17255401611328 11 3
    vertex -24.60660171508789 -9.49039077758789 3
  endloop
endfacet
facet normal 0 0 0
  outer loop
    vertex -21.070951461791992 -13.228818893432617 3
    vertex -19.740251541137695 -13.858193397521973 3
    vertex -19.740251541137695 13.858193397521973 3
  endloop
endfacet
facet normal 0 0 0
  outer loop
    vertex -21.070951461791992 -13.228818893432617 3
    vertex -21.070951461791992 13.228818893432617 3
    vertex -22.333553314208984 -12.472043991088867 3
  endloop
endfacet
facet normal 0 0 0
  outer loop
    vertex -19.740251541137695 -13.858193397521973 3
    vertex -18.354270935058594 -14.354104995727539 3
    vertex -18.354270935058594 14.354104995727539 3
  endloop
endfacet
facet normal 0 0 0
  outer loop
    vertex -18.354270935058594 -14.354104995727539 3
    vertex -16.926355361938477 -14.711779594421387 3
    vertex -16.926355361938477 14.711779594421387 3
  endloop
endfacet
facet normal 0 0 0
  outer loop
    vertex -16.926355361938477 -14.711779594421387 3
    vertex -15.470256805419922 -14.927770614624023 3
    vertex -15.470256805419922 14.927770614624023 3
  endloop
endfacet
facet normal 0 0 0
  outer loop
    vertex -15.470256805419922 -14.927770614624023 3
    vertex -14.75 -4.25 3
    vertex -14.75 4.25 3
  endloop
endfacet
facet normal 0 0 0
  outer loop
    vertex -7 -13.26237678527832 3
    vertex -6.929049015045166 -10.34033489227295 3
    vertex -14.75 -4.25 3
  endloop
endfacet
facet normal 0 0 0
  outer loop
    vertex -5.740251541137695 -12.516281127929688 3
    vertex -5.666446685791016 -12.355857849121094 3
    vertex -5.740251541137695 -4.25 3
  endloop
endfacet
facet normal 0 0 0
  outer loop
    vertex -2.9263548851013184 -10.091299057006836 3
    vertex -2.613950729370117 -6.5 3
    vertex -2.9263548851013184 -6.5 3
  endloop
endfacet
facet normal 0 0 0
  outer loop
    vertex -6.929049015045166 -10.34033489227295 3
    vertex -6.9708380699157715 -4.25 3
    vertex -14.75 -4.25 3
  endloop
endfacet
facet normal 0 0 0
  outer loop
    vertex -5.666446685791016 -12.355857849121094 3
    vertex -5.692094326019287 -4.25 3
    vertex -5.740251541137695 -4.25 3
  endloop
endfacet
facet normal 0 0 0
  outer loop
    vertex -15.470256805419922 14.927770614624023 -3
    vertex -14.75 4.25 -3
    vertex -14.75 -4.25 -3
  endloop
endfacet
facet normal 0 0 0
  outer loop
    vertex -12.887770652770996 7.639956474304199 -3
    vertex -13.05430793762207 4.25 -3
    vertex -14.75 4.25 -3
  endloop
endfacet
facet normal 0 0 0
  outer loop
    vertex -12.529743194580078 7.159069061279297 -3
    vertex -11.587599754333496 4.25 -3
    vertex -12.844487190246582 4.25 -3
  endloop
endfacet
facet normal 0 0 0
  outer loop
    vertex -15.470256805419922 11 -3
    vertex -15.470256805419922 14.927770614624023 -3
    vertex -14.75 -4.25 -3
  endloop
endfacet
facet normal 0 0 0
  outer loop
    vertex -12.529743194580078 7.159069061279297 -3
    vertex -12.529743194580078 8.237289428710938 -3
    vertex -11.587599754333496 4.25 -3
  endloop
endfacet
facet normal 0 0 0
  outer loop
    vertex -12.529743194580078 8.237289428710938 -3
    vertex -11.313643455505371 9.82650089263916 -3
    vertex -11.587599754333496 4.25 -3
  endloop
endfacet
facet normal 0 0 0
  outer loop
    vertex -11.07364559173584 10.091299057006836 -3
    vertex -9.793634414672852 11.343432426452637 -3
    vertex -11.07364559173584 4.25 -3
  endloop
endfacet
facet normal 0 0 0
  outer loop
    vertex -12.887770652770996 7.639956474304199 -3
    vertex -14.75 4.25 -3
    vertex -14 15 -3
  endloop
endfacet
facet normal 0 0 0
  outer loop
    vertex -9.793634414672852 11.343432426452637 -3
    vertex -10.142112731933594 4.25 -3
    vertex -11.07364559173584 4.25 -3
  endloop
endfacet
facet normal 0 0 0
  outer loop
    vertex -7.070950984954834 10.34033489227295 -3
    vertex -7.410705089569092 4.25 -3
    vertex -8.259748458862305 4.25 -3
  endloop
endfacet
facet normal 0 0 0
  outer loop
    vertex -8.333553314208984 12.355857849121094 -3
    vertex -8.307905197143555 4.25 -3
    vertex -9.964886665344238 4.25 -3
  endloop
endfacet
facet normal 0 0 0
  outer loop
    vertex -7.070950984954834 10.34033489227295 -3
    vertex -7.0291619300842285 4.25 -3
    vertex -7.370150089263916 4.25 -3
  endloop
endfacet
facet normal 0 0 0
  outer loop
    vertex -9.645730018615723 8.952394485473633 -3
    vertex -8.333553314208984 12.355857849121094 -3
    vertex -9.964886665344238 4.25 -3
  endloop
endfacet
facet normal 0 0 0
  outer loop
    vertex -7.070950984954834 10.34033489227295 -3
    vertex -8.259748458862305 4.25 -3
    vertex -8.259748458862305 12.516281127929688 -3
  endloop
endfacet
facet normal 0 0 0
  outer loop
    vertex -24.17255401611328 11 -3
    vertex -23.515899658203125 11.5951566696167 -3
    vertex -23.545137405395508 11 -3
  endloop
endfacet
facet normal 0 0 0
  outer loop
    vertex -23.545137405395508 11 -3
    vertex -23.515899658203125 11.5951566696167 -3
    vertex -22.333553314208984 12.472043991088867 -3
  endloop
endfacet
facet normal 0 0 0
  outer loop
    vertex -23.545137405395508 11 -3
    vertex -22.333553314208984 12.472043991088867 -3
    vertex -21.070951461791992 13.228818893432617 -3
  endloop
endfacet
facet normal 0 0 0
  outer loop
    vertex -23.545137405395508 11 -3
    vertex -15.470256805419922 14.927770614624023 -3
    vertex -15.470256805419922 11 -3
  endloop
endfacet
facet normal 0 0 0
  outer loop
    vertex -12.887770652770996 7.639956474304199 -3
    vertex -12.529743194580078 14.927770614624023 -3
    vertex -12.529743194580078 8.237289428710938 -3
  endloop
endfacet
facet normal 0 0 0
  outer loop
    vertex -12.529743194580078 8.237289428710938 -3
    vertex -12.529743194580078 14.927770614624023 -3
    vertex -11.313643455505371 9.82650089263916 -3
  endloop
endfacet
facet normal 0 0 0
  outer loop
    vertex -15.470256805419922 14.927770614624023 -3
    vertex -14 15 -3
    vertex -14.75 4.25 -3
  endloop
endfacet
facet normal 0 0 0
  outer loop
    vertex -11.313643455505371 9.82650089263916 -3
    vertex -11.07364559173584 14.711779594421387 -3
    vertex -11.07364559173584 10.091299057006836 -3
  endloop
endfacet
facet normal 0 0 0
  outer loop
    vertex -11.07364559173584 10.091299057006836 -3
    vertex -11.07364559173584 14.711779594421387 -3
    vertex -9.793634414672852 11.343432426452637 -3
  endloop
endfacet
facet normal 0 0 0
  outer loop
    vertex -23.545137405395508 11 -3
    vertex -21.070951461791992 13.228818893432617 -3
    vertex -19.740251541137695 13.858193397521973 -3
  endloop
endfacet
facet normal 0 0 0
  outer loop
    vertex -23.545137405395508 11 -3
    vertex -19.740251541137695 13.858193397521973 -3
    vertex -18.354270935058594 14.354104995727539 -3
  endloop
endfacet
facet normal 0 0 0
  outer loop
    vertex -23.545137405395508 11 -3
    vertex -18.354270935058594 14.354104995727539 -3
    vertex -16.926355361938477 14.711779594421387 -3
  endloop
endfacet
facet normal 0 0 0
  outer loop
    vertex -23.545137405395508 11 -3
    vertex -16.926355361938477 14.711779594421387 -3
    vertex -15.470256805419922 14.927770614624023 -3
  endloop
endfacet
facet normal 0 0 0
  outer loop
    vertex -12.887770652770996 7.639956474304199 -3
    vertex -14 15 -3
    vertex -12.529743194580078 14.927770614624023 -3
  endloop
endfacet
facet normal 0 0 0
  outer loop
    vertex -11.313643455505371 9.82650089263916 -3
    vertex -12.529743194580078 14.927770614624023 -3
    vertex -11.07364559173584 14.711779594421387 -3
  endloop
endfacet
facet normal 0 0 0
  outer loop
    vertex -9.645730018615723 8.952394485473633 -3
    vertex -9.645730018615723 11.477485656738281 -3
    vertex -8.333553314208984 12.355857849121094 -3
  endloop
endfacet
facet normal 0 0 0
  outer loop
    vertex -9.793634414672852 11.343432426452637 -3
    vertex -9.645730018615723 14.354104995727539 -3
    vertex -9.645730018615723 11.477485656738281 -3
  endloop
endfacet
facet normal 0 0 0
  outer loop
    vertex -9.645730018615723 11.477485656738281 -3
    vertex -8.327672004699707 12.475568771362305 -3
    vertex -8.333553314208984 12.355857849121094 -3
  endloop
endfacet
facet normal 0 0 0
  outer loop
    vertex -7.070950984954834 10.34033489227295 -3
    vertex -8.259748458862305 12.516281127929688 -3
    vertex -7 13.26237678527832 -3
  endloop
endfacet
facet normal 0 0 0
  outer loop
    vertex -9.645730018615723 11.477485656738281 -3
    vertex -9.645730018615723 14.354104995727539 -3
    vertex -8.327672004699707 12.475568771362305 -3
  endloop
endfacet
facet normal 0 0 0
  outer loop
    vertex -8.327672004699707 12.475568771362305 -3
    vertex -8.259748458862305 13.858193397521973 -3
    vertex -8.259748458862305 12.516281127929688 -3
  endloop
endfacet
facet normal 0 0 0
  outer loop
    vertex -9.793634414672852 11.343432426452637 -3
    vertex -11.07364559173584 14.711779594421387 -3
    vertex -9.645730018615723 14.354104995727539 -3
  endloop
endfacet
facet normal 0 0 0
  outer loop
    vertex -8.259748458862305 12.516281127929688 -3
    vertex -8.259748458862305 13.858193397521973 -3
    vertex -7 13.26237678527832 -3
  endloop
endfacet
facet normal 0 0 0
  outer loop
    vertex -9.645730018615723 14.354104995727539 -3
    vertex -8.259748458862305 13.858193397521973 -3
    vertex -8.327672004699707 12.475568771362305 -3
  endloop
endfacet
facet normal 0 0 0
  outer loop
    vertex -24.17255401611328 11 -3
    vertex -24.17255401611328 11 3
    vertex -23.515899658203125 11.5951566696167 -3
  endloop
endfacet
facet normal 0 0 0
  outer loop
    vertex -23.515899658203125 11.5951566696167 -3
    vertex -22.333553314208984 12.472043991088867 3
    vertex -22.333553314208984 12.472043991088867 -3
  endloop
endfacet
facet normal 0 0 0
  outer loop
    vertex -22.333553314208984 12.472043991088867 -3
    vertex -21.070951461791992 13.228818893432617 3
    vertex -21.070951461791992 13.228818893432617 -3
  endloop
endfacet
facet normal 0 0 0
  outer loop
    vertex -21.070951461791992 13.228818893432617 -3
    vertex -19.740251541137695 13.858193397521973 3
    vertex -19.740251541137695 13.858193397521973 -3
  endloop
endfacet
facet normal 0 0 0
  outer loop
    vertex -19.740251541137695 13.858193397521973 -3
    vertex -18.354270935058594 14.354104995727539 3
    vertex -18.354270935058594 14.354104995727539 -3
  endloop
endfacet
facet normal 0 0 0
  outer loop
    vertex -18.354270935058594 14.354104995727539 -3
    vertex -16.926355361938477 14.711779594421387 3
    vertex -16.926355361938477 14.711779594421387 -3
  endloop
endfacet
facet normal 0 0 0
  outer loop
    vertex -16.926355361938477 14.711779594421387 -3
    vertex -15.470256805419922 14.927770614624023 3
    vertex -15.470256805419922 14.927770614624023 -3
  endloop
endfacet
facet normal 0 0 0
  outer loop
    vertex -15.470256805419922 14.927770614624023 -3
    vertex -14 15 3
    vertex -14 15 -3
  endloop
endfacet
facet normal 0 0 0
  outer loop
    vertex -12.529743194580078 14.927770614624023 -3
    vertex -14 15 -3
    vertex -12.529743194580078 14.927770614624023 3
  endloop
endfacet
facet normal 0 0 0
  outer loop
    vertex -12.529743194580078 14.927770614624023 -3
    vertex -11.07364559173584 14.711779594421387 3
    vertex -11.07364559173584 14.711779594421387 -3
  endloop
endfacet
facet normal 0 0 0
  outer loop
    vertex -7 13.26237678527832 -3
    vertex -8.259748458862305 13.858193397521973 -3
    vertex -8.259748458862305 13.858193397521973 3
  endloop
endfacet
facet normal 0 0 0
  outer loop
    vertex -9.645730018615723 14.354104995727539 -3
    vertex -8.259748458862305 13.858193397521973 3
    vertex -8.259748458862305 13.858193397521973 -3
  endloop
endfacet
facet normal 0 0 0
  outer loop
    vertex -9.645730018615723 14.354104995727539 -3
    vertex -11.07364559173584 14.711779594421387 -3
    vertex -9.645730018615723 14.354104995727539 3
  endloop
endfacet
facet normal 0 0 0
  outer loop
    vertex -24.55218505859375 -9.498942375183105 3
    vertex -23.515899658203125 11.5951566696167 3
    vertex -24.17255401611328 11 3
  endloop
endfacet
facet normal 0 0 0
  outer loop
    vertex -23.515899658203125 -11.5951566696167 3
    vertex -22.333553314208984 12.472043991088867 3
    vertex -23.515899658203125 11.5951566696167 3
  endloop
endfacet
facet normal 0 0 0
  outer loop
    vertex -15.470256805419922 -14.927770614624023 3
    vertex -14.75 4.25 3
    vertex -15.470256805419922 14.927770614624023 3
  endloop
endfacet
facet normal 0 0 0
  outer loop
    vertex -22.333553314208984 -12.472043991088867 3
    vertex -21.070951461791992 13.228818893432617 3
    vertex -22.333553314208984 12.472043991088867 3
  endloop
endfacet
facet normal 0 0 0
  outer loop
    vertex -21.070951461791992 -13.228818893432617 3
    vertex -19.740251541137695 13.858193397521973 3
    vertex -21.070951461791992 13.228818893432617 3
  endloop
endfacet
facet normal 0 0 0
  outer loop
    vertex -19.740251541137695 -13.858193397521973 3
    vertex -18.354270935058594 14.354104995727539 3
    vertex -19.740251541137695 13.858193397521973 3
  endloop
endfacet
facet normal 0 0 0
  outer loop
    vertex -18.354270935058594 -14.354104995727539 3
    vertex -16.926355361938477 14.711779594421387 3
    vertex -18.354270935058594 14.354104995727539 3
  endloop
endfacet
facet normal 0 0 0
  outer loop
    vertex -16.926355361938477 -14.711779594421387 3
    vertex -15.470256805419922 14.927770614624023 3
    vertex -16.926355361938477 14.711779594421387 3
  endloop
endfacet
facet normal 0 0 0
  outer loop
    vertex -15.470256805419922 14.927770614624023 3
    vertex -14.75 4.25 3
    vertex -7.0291619300842285 4.25 3
  endloop
endfacet
facet normal 0 0 0
  outer loop
    vertex -5.740251541137695 10.969709396362305 3
    vertex -5.740251541137695 4.25 3
    vertex -5.718989372253418 4.25 3
  endloop
endfacet
facet normal 0 0 0
  outer loop
    vertex -7.070950984954834 10.34033489227295 3
    vertex -8.259748458862305 13.858193397521973 3
    vertex -7.0291619300842285 4.25 3
  endloop
endfacet
facet normal 0 0 0
  outer loop
    vertex -23.515899658203125 11.5951566696167 -3
    vertex -24.17255401611328 11 3
    vertex -23.515899658203125 11.5951566696167 3
  endloop
endfacet
facet normal 0 0 0
  outer loop
    vertex -23.515899658203125 11.5951566696167 -3
    vertex -23.515899658203125 11.5951566696167 3
    vertex -22.333553314208984 12.472043991088867 3
  endloop
endfacet
facet normal 0 0 0
  outer loop
    vertex -22.333553314208984 12.472043991088867 -3
    vertex -22.333553314208984 12.472043991088867 3
    vertex -21.070951461791992 13.228818893432617 3
  endloop
endfacet
facet normal 0 0 0
  outer loop
    vertex -21.070951461791992 13.228818893432617 -3
    vertex -21.070951461791992 13.228818893432617 3
    vertex -19.740251541137695 13.858193397521973 3
  endloop
endfacet
facet normal 0 0 0
  outer loop
    vertex -19.740251541137695 13.858193397521973 -3
    vertex -19.740251541137695 13.858193397521973 3
    vertex -18.354270935058594 14.354104995727539 3
  endloop
endfacet
facet normal 0 0 0
  outer loop
    vertex -18.354270935058594 14.354104995727539 -3
    vertex -18.354270935058594 14.354104995727539 3
    vertex -16.926355361938477 14.711779594421387 3
  endloop
endfacet
facet normal 0 0 0
  outer loop
    vertex -16.926355361938477 14.711779594421387 -3
    vertex -16.926355361938477 14.711779594421387 3
    vertex -15.470256805419922 14.927770614624023 3
  endloop
endfacet
facet normal 0 0 0
  outer loop
    vertex -15.470256805419922 14.927770614624023 -3
    vertex -15.470256805419922 14.927770614624023 3
    vertex -14 15 3
  endloop
endfacet
facet normal 0 0 0
  outer loop
    vertex -14 15 -3
    vertex -14 15 3
    vertex -12.529743194580078 14.927770614624023 3
  endloop
endfacet
facet normal 0 0 0
  outer loop
    vertex -12.529743194580078 14.927770614624023 -3
    vertex -12.529743194580078 14.927770614624023 3
    vertex -11.07364559173584 14.711779594421387 3
  endloop
endfacet
facet normal 0 0 0
  outer loop
    vertex -11.07364559173584 14.711779594421387 -3
    vertex -11.07364559173584 14.711779594421387 3
    vertex -9.645730018615723 14.354104995727539 3
  endloop
endfacet
facet normal 0 0 0
  outer loop
    vertex -7 13.26237678527832 -3
    vertex -8.259748458862305 13.858193397521973 3
    vertex -7 13.26237678527832 3
  endloop
endfacet
facet normal 0 0 0
  outer loop
    vertex -9.645730018615723 14.354104995727539 -3
    vertex -9.645730018615723 14.354104995727539 3
    vertex -8.259748458862305 13.858193397521973 3
  endloop
endfacet
facet normal 0 0 0
  outer loop
    vertex -15.470256805419922 14.927770614624023 3
    vertex -7.0291619300842285 4.25 3
    vertex -14 15 3
  endloop
endfacet
facet normal 0 0 0
  outer loop
    vertex -12.529743194580078 14.927770614624023 3
    vertex -14 15 3
    vertex -7.0291619300842285 4.25 3
  endloop
endfacet
facet normal 0 0 0
  outer loop
    vertex -9.645730018615723 14.354104995727539 3
    vertex -11.07364559173584 14.711779594421387 3
    vertex -7.0291619300842285 4.25 3
  endloop
endfacet
facet normal 0 0 0
  outer loop
    vertex -9.645730018615723 14.354104995727539 3
    vertex -7.0291619300842285 4.25 3
    vertex -8.259748458862305 13.858193397521973 3
  endloop
endfacet
facet normal 0 0 0
  outer loop
    vertex -12.529743194580078 14.927770614624023 3
    vertex -7.0291619300842285 4.25 3
    vertex -11.07364559173584 14.711779594421387 3
  endloop
endfacet
facet normal 0 0 0
  outer loop
    vertex -7.070950984954834 10.34033489227295 3
    vertex -7 13.26237678527832 3
    vertex -8.259748458862305 13.858193397521973 3
  endloop
endfacet
facet normal 0 0 0
  outer loop
    vertex -164.4279327392578 -17.638425827026367 -3
    vertex -166.1114044189453 -16.629392623901367 -3
    vertex -163.33355712890625 -12.472043991088867 -3
  endloop
endfacet
facet normal 0 0 0
  outer loop
    vertex -158.9018096923828 -19.615705490112305 -3
    vertex -156.4702606201172 -14.927770614624023 -3
    vertex -156.96034240722656 -19.90369415283203 -3
  endloop
endfacet
facet normal 0 0 0
  outer loop
    vertex -160.80569458007812 -19.13880729675293 -3
    vertex -157.92636108398438 -14.711779594421387 -3
    vertex -158.9018096923828 -19.615705490112305 -3
  endloop
endfacet
facet normal 0 0 0
  outer loop
    vertex -156.96034240722656 -19.90369415283203 -3
    vertex -155 -15 -3
    vertex -155 -20 -3
  endloop
endfacet
facet normal 0 0 0
  outer loop
    vertex -160.80569458007812 -19.13880729675293 -3
    vertex -162.65367126464844 -18.477590560913086 -3
    vertex -160.74024963378906 -13.858193397521973 -3
  endloop
endfacet
facet normal 0 0 0
  outer loop
    vertex -164.4279327392578 -17.638425827026367 -3
    vertex -162.07095336914062 -13.228818893432617 -3
    vertex -162.65367126464844 -18.477590560913086 -3
  endloop
endfacet
facet normal 0 0 0
  outer loop
    vertex -158.9018096923828 -19.615705490112305 -3
    vertex -157.92636108398438 -14.711779594421387 -3
    vertex -156.4702606201172 -14.927770614624023 -3
  endloop
endfacet
facet normal 0 0 0
  outer loop
    vertex -160.80569458007812 -19.13880729675293 -3
    vertex -160.74024963378906 -13.858193397521973 -3
    vertex -159.35426330566406 -14.354104995727539 -3
  endloop
endfacet
facet normal 0 0 0
  outer loop
    vertex -162.65367126464844 -18.477590560913086 -3
    vertex -162.07095336914062 -13.228818893432617 -3
    vertex -160.74024963378906 -13.858193397521973 -3
  endloop
endfacet
facet normal 0 0 0
  outer loop
    vertex -160.80569458007812 -19.13880729675293 -3
    vertex -159.35426330566406 -14.354104995727539 -3
    vertex -157.92636108398438 -14.711779594421387 -3
  endloop
endfacet
facet normal 0 0 0
  outer loop
    vertex -156.96034240722656 -19.90369415283203 -3
    vertex -156.4702606201172 -14.927770614624023 -3
    vertex -155 -15 -3
  endloop
endfacet
facet normal 0 0 0
  outer loop
    vertex -155 -20 -3
    vertex -155 -15 -3
    vertex -153.5297393798828 -14.927770614624023 -3
  endloop
endfacet
facet normal 0 0 0
  outer loop
    vertex -155 -20 -3
    vertex -153.5297393798828 -14.927770614624023 -3
    vertex -152.07363891601562 -14.711779594421387 -3
  endloop
endfacet
facet normal 0 0 0
  outer loop
    vertex -155 -20 -3
    vertex -152.07363891601562 -14.711779594421387 -3
    vertex -150.64573669433594 -14.354104995727539 -3
  endloop
endfacet
facet normal 0 0 0
  outer loop
    vertex -155 -20 -3
    vertex -150.64573669433594 -14.354104995727539 -3
    vertex -149.25975036621094 -13.858193397521973 -3
  endloop
endfacet
facet normal 0 0 0
  outer loop
    vertex -166.1114044189453 -16.629392623901367 -3
    vertex -167.6878662109375 -15.460208892822266 -3
    vertex -165.60659790039062 -10.60660171508789 -3
  endloop
endfacet
facet normal 0 0 0
  outer loop
    vertex -164.4279327392578 -17.638425827026367 -3
    vertex -163.33355712890625 -12.472043991088867 -3
    vertex -162.07095336914062 -13.228818893432617 -3
  endloop
endfacet
facet normal 0 0 0
  outer loop
    vertex -167.6878662109375 -15.460208892822266 -3
    vertex -169.1421356201172 -14.142135620117188 -3
    vertex -167.4720458984375 -8.333553314208984 -3
  endloop
endfacet
facet normal 0 0 0
  outer loop
    vertex -166.1114044189453 -16.629392623901367 -3
    vertex -164.51589965820312 -11.5951566696167 -3
    vertex -163.33355712890625 -12.472043991088867 -3
  endloop
endfacet
facet normal 0 0 0
  outer loop
    vertex -166.1114044189453 -16.629392623901367 -3
    vertex -165.60659790039062 -10.60660171508789 -3
    vertex -164.51589965820312 -11.5951566696167 -3
  endloop
endfacet
facet normal 0 0 0
  outer loop
    vertex -169.1421356201172 -14.142135620117188 -3
    vertex -170.460205078125 -12.687865257263184 -3
    vertex -168.8582000732422 -5.740251541137695 -3
  endloop
endfacet
facet normal 0 0 0
  outer loop
    vertex -167.6878662109375 -15.460208892822266 -3
    vertex -166.59515380859375 -9.515899658203125 -3
    vertex -165.60659790039062 -10.60660171508789 -3
  endloop
endfacet
facet normal 0 0 0
  outer loop
    vertex -167.6878662109375 -15.460208892822266 -3
    vertex -167.4720458984375 -8.333553314208984 -3
    vertex -166.59515380859375 -9.515899658203125 -3
  endloop
endfacet
facet normal 0 0 0
  outer loop
    vertex -155 -20 -3
    vertex -138.3038330078125 -11 -3
    vertex -153.03965759277344 -19.90369415283203 -3
  endloop
endfacet
facet normal 0 0 0
  outer loop
    vertex -153.03965759277344 -19.90369415283203 -3
    vertex -138.3038330078125 -11 -3
    vertex -151.0981903076172 -19.615705490112305 -3
  endloop
endfacet
facet normal 0 0 0
  outer loop
    vertex -151.0981903076172 -19.615705490112305 -3
    vertex -138.3038330078125 -11 -3
    vertex -149.19430541992188 -19.13880729675293 -3
  endloop
endfacet
facet normal 0 0 0
  outer loop
    vertex -155 -20 -3
    vertex -149.25975036621094 -13.858193397521973 -3
    vertex -147.92904663085938 -13.228818893432617 -3
  endloop
endfacet
facet normal 0 0 0
  outer loop
    vertex -155 -20 -3
    vertex -147.92904663085938 -13.228818893432617 -3
    vertex -146.66644287109375 -12.472043991088867 -3
  endloop
endfacet
facet normal 0 0 0
  outer loop
    vertex -149.19430541992188 -19.13880729675293 -3
    vertex -138.3038330078125 -11 -3
    vertex -147.34632873535156 -18.477590560913086 -3
  endloop
endfacet
facet normal 0 0 0
  outer loop
    vertex -147.34632873535156 -18.477590560913086 -3
    vertex -138.3038330078125 -11 -3
    vertex -145.5720672607422 -17.638425827026367 -3
  endloop
endfacet
facet normal 0 0 0
  outer loop
    vertex -145.5720672607422 -17.638425827026367 -3
    vertex -138.3038330078125 -11 -3
    vertex -143.8885955810547 -16.629392623901367 -3
  endloop
endfacet
facet normal 0 0 0
  outer loop
    vertex -155 -20 -3
    vertex -146.66644287109375 -12.472043991088867 -3
    vertex -138.3038330078125 -11 -3
  endloop
endfacet
facet normal 0 0 0
  outer loop
    vertex -143.8885955810547 -16.629392623901367 -3
    vertex -138.3038330078125 -11 -3
    vertex -142.3121337890625 -15.460208892822266 -3
  endloop
endfacet
facet normal 0 0 0
  outer loop
    vertex -142.3121337890625 -15.460208892822266 -3
    vertex -138.3038330078125 -11 -3
    vertex -140.8578643798828 -14.142135620117188 -3
  endloop
endfacet
facet normal 0 0 0
  outer loop
    vertex -138.3038330078125 -11 -3
    vertex -146.66644287109375 -12.472043991088867 -3
    vertex -145.48410034179688 -11.5951566696167 -3
  endloop
endfacet
facet normal 0 0 0
  outer loop
    vertex -138.3038330078125 -11 -3
    vertex -145.48410034179688 -11.5951566696167 -3
    vertex -144.82745361328125 -11 -3
  endloop
endfacet
facet normal 0 0 0
  outer loop
    vertex -140.8578643798828 -14.142135620117188 -3
    vertex -138.3038330078125 -11 -3
    vertex -139.539794921875 -12.687865257263184 -3
  endloop
endfacet
facet normal 0 0 0
  outer loop
    vertex -139.539794921875 -12.687865257263184 -3
    vertex -138.3038330078125 -11 -3
    vertex -138.37060546875 -11.111404418945312 -3
  endloop
endfacet
facet normal 0 0 0
  outer loop
    vertex -164.4279327392578 -17.638425827026367 -3
    vertex -162.65367126464844 -18.477590560913086 -3
    vertex -164.4279327392578 -17.638425827026367 3
  endloop
endfacet
facet normal 0 0 0
  outer loop
    vertex -164.4279327392578 -17.638425827026367 -3
    vertex -166.1114044189453 -16.629392623901367 3
    vertex -166.1114044189453 -16.629392623901367 -3
  endloop
endfacet
facet normal 0 0 0
  outer loop
    vertex -166.1114044189453 -16.629392623901367 -3
    vertex -167.6878662109375 -15.460208892822266 3
    vertex -167.6878662109375 -15.460208892822266 -3
  endloop
endfacet
facet normal 0 0 0
  outer loop
    vertex -158.9018096923828 -19.615705490112305 -3
    vertex -156.96034240722656 -19.90369415283203 -3
    vertex -158.9018096923828 -19.615705490112305 3
  endloop
endfacet
facet normal 0 0 0
  outer loop
    vertex -160.80569458007812 -19.13880729675293 -3
    vertex -158.9018096923828 -19.615705490112305 -3
    vertex -160.80569458007812 -19.13880729675293 3
  endloop
endfacet
facet normal 0 0 0
  outer loop
    vertex -160.80569458007812 -19.13880729675293 -3
    vertex -162.65367126464844 -18.477590560913086 3
    vertex -162.65367126464844 -18.477590560913086 -3
  endloop
endfacet
facet normal 0 0 0
  outer loop
    vertex -156.96034240722656 -19.90369415283203 -3
    vertex -155 -20 -3
    vertex -156.96034240722656 -19.90369415283203 3
  endloop
endfacet
facet normal 0 0 0
  outer loop
    vertex -155 -20 -3
    vertex -153.03965759277344 -19.90369415283203 -3
    vertex -155 -20 3
  endloop
endfacet
facet normal 0 0 0
  outer loop
    vertex -153.03965759277344 -19.90369415283203 -3
    vertex -151.0981903076172 -19.615705490112305 -3
    vertex -153.03965759277344 -19.90369415283203 3
  endloop
endfacet
facet normal 0 0 0
  outer loop
    vertex -169.1421356201172 -14.142135620117188 -3
    vertex -170.460205078125 -12.687865257263184 3
    vertex -170.460205078125 -12.687865257263184 -3
  endloop
endfacet
facet normal 0 0 0
  outer loop
    vertex -167.6878662109375 -15.460208892822266 -3
    vertex -169.1421356201172 -14.142135620117188 3
    vertex -169.1421356201172 -14.142135620117188 -3
  endloop
endfacet
facet normal 0 0 0
  outer loop
    vertex -170.460205078125 -12.687865257263184 -3
    vertex -171.62939453125 -11.111404418945312 3
    vertex -171.62939453125 -11.111404418945312 -3
  endloop
endfacet
facet normal 0 0 0
  outer loop
    vertex -151.0981903076172 -19.615705490112305 -3
    vertex -149.19430541992188 -19.13880729675293 -3
    vertex -151.0981903076172 -19.615705490112305 3
  endloop
endfacet
facet normal 0 0 0
  outer loop
    vertex -149.19430541992188 -19.13880729675293 -3
    vertex -147.34632873535156 -18.477590560913086 -3
    vertex -149.19430541992188 -19.13880729675293 3
  endloop
endfacet
facet normal 0 0 0
  outer loop
    vertex -147.34632873535156 -18.477590560913086 -3
    vertex -145.5720672607422 -17.638425827026367 -3
    vertex -147.34632873535156 -18.477590560913086 3
  endloop
endfacet
facet normal 0 0 0
  outer loop
    vertex -145.5720672607422 -17.638425827026367 -3
    vertex -143.8885955810547 -16.629392623901367 -3
    vertex -145.5720672607422 -17.638425827026367 3
  endloop
endfacet
facet normal 0 0 0
  outer loop
    vertex -143.8885955810547 -16.629392623901367 -3
    vertex -142.3121337890625 -15.460208892822266 -3
    vertex -143.8885955810547 -16.629392623901367 3
  endloop
endfacet
facet normal 0 0 0
  outer loop
    vertex -142.3121337890625 -15.460208892822266 -3
    vertex -140.8578643798828 -14.142135620117188 -3
    vertex -142.3121337890625 -15.460208892822266 3
  endloop
endfacet
facet normal 0 0 0
  outer loop
    vertex -140.8578643798828 -14.142135620117188 -3
    vertex -139.539794921875 -12.687865257263184 -3
    vertex -140.8578643798828 -14.142135620117188 3
  endloop
endfacet
facet normal 0 0 0
  outer loop
    vertex -139.539794921875 -12.687865257263184 -3
    vertex -138.37060546875 -11.111404418945312 -3
    vertex -139.539794921875 -12.687865257263184 3
  endloop
endfacet
facet normal 0 0 0
  outer loop
    vertex -138.37060546875 -11.111404418945312 -3
    vertex -138.3038330078125 -11 -3
    vertex -138.3038330078125 -11 3
  endloop
endfacet
facet normal 0 0 0
  outer loop
    vertex -170.460205078125 -12.687865257263184 -3
    vertex -169.35411071777344 -4.354269981384277 -3
    vertex -168.8582000732422 -5.740251541137695 -3
  endloop
endfacet
facet normal 0 0 0
  outer loop
    vertex -169.1421356201172 -14.142135620117188 -3
    vertex -168.22882080078125 -7.070950984954834 -3
    vertex -167.4720458984375 -8.333553314208984 -3
  endloop
endfacet
facet normal 0 0 0
  outer loop
    vertex -169.1421356201172 -14.142135620117188 -3
    vertex -168.8582000732422 -5.740251541137695 -3
    vertex -168.22882080078125 -7.070950984954834 -3
  endloop
endfacet
facet normal 0 0 0
  outer loop
    vertex -170.460205078125 -12.687865257263184 -3
    vertex -169.71177673339844 -2.9263548851013184 -3
    vertex -169.35411071777344 -4.354269981384277 -3
  endloop
endfacet
facet normal 0 0 0
  outer loop
    vertex -170.460205078125 -12.687865257263184 -3
    vertex -169.92776489257812 -1.4702571630477905 -3
    vertex -169.71177673339844 -2.9263548851013184 -3
  endloop
endfacet
facet normal 0 0 0
  outer loop
    vertex -170.460205078125 -12.687865257263184 -3
    vertex -170 0 -3
    vertex -169.92776489257812 -1.4702571630477905 -3
  endloop
endfacet
facet normal 0 0 0
  outer loop
    vertex -172.638427734375 -9.427934646606445 -3
    vertex -173.4775848388672 -7.6536688804626465 -3
    vertex -172.638427734375 9.427934646606445 -3
  endloop
endfacet
facet normal 0 0 0
  outer loop
    vertex -170.460205078125 -12.687865257263184 -3
    vertex -171.62939453125 -11.111404418945312 -3
    vertex -170.460205078125 12.687865257263184 -3
  endloop
endfacet
facet normal 0 0 0
  outer loop
    vertex -171.62939453125 -11.111404418945312 -3
    vertex -172.638427734375 -9.427934646606445 -3
    vertex -171.62939453125 11.111404418945312 -3
  endloop
endfacet
facet normal 0 0 0
  outer loop
    vertex -173.4775848388672 -7.6536688804626465 -3
    vertex -174.13880920410156 -5.805693626403809 -3
    vertex -173.4775848388672 7.6536688804626465 -3
  endloop
endfacet
facet normal 0 0 0
  outer loop
    vertex -174.13880920410156 -5.805693626403809 -3
    vertex -174.61570739746094 -3.901806354522705 -3
    vertex -174.13880920410156 5.805693626403809 -3
  endloop
endfacet
facet normal 0 0 0
  outer loop
    vertex -174.61570739746094 -3.901806354522705 -3
    vertex -174.90370178222656 -1.9603427648544312 -3
    vertex -174.61570739746094 3.901806354522705 -3
  endloop
endfacet
facet normal 0 0 0
  outer loop
    vertex -171.62939453125 -11.111404418945312 -3
    vertex -172.638427734375 -9.427934646606445 3
    vertex -172.638427734375 -9.427934646606445 -3
  endloop
endfacet
facet normal 0 0 0
  outer loop
    vertex -172.638427734375 -9.427934646606445 -3
    vertex -173.4775848388672 -7.6536688804626465 3
    vertex -173.4775848388672 -7.6536688804626465 -3
  endloop
endfacet
facet normal 0 0 0
  outer loop
    vertex -173.4775848388672 -7.6536688804626465 -3
    vertex -174.13880920410156 -5.805693626403809 3
    vertex -174.13880920410156 -5.805693626403809 -3
  endloop
endfacet
facet normal 0 0 0
  outer loop
    vertex -174.13880920410156 -5.805693626403809 -3
    vertex -174.61570739746094 -3.901806354522705 3
    vertex -174.61570739746094 -3.901806354522705 -3
  endloop
endfacet
facet normal 0 0 0
  outer loop
    vertex -174.61570739746094 -3.901806354522705 -3
    vertex -174.90370178222656 -1.9603427648544312 3
    vertex -174.90370178222656 -1.9603427648544312 -3
  endloop
endfacet
facet normal 0 0 0
  outer loop
    vertex -174.90370178222656 -1.9603427648544312 -3
    vertex -175 0 3
    vertex -175 0 -3
  endloop
endfacet
facet normal 0 0 0
  outer loop
    vertex -162.65367126464844 -18.477590560913086 -3
    vertex -162.65367126464844 -18.477590560913086 3
    vertex -164.4279327392578 -17.638425827026367 3
  endloop
endfacet
facet normal 0 0 0
  outer loop
    vertex -164.4279327392578 -17.638425827026367 -3
    vertex -164.4279327392578 -17.638425827026367 3
    vertex -166.1114044189453 -16.629392623901367 3
  endloop
endfacet
facet normal 0 0 0
  outer loop
    vertex -166.1114044189453 -16.629392623901367 -3
    vertex -166.1114044189453 -16.629392623901367 3
    vertex -167.6878662109375 -15.460208892822266 3
  endloop
endfacet
facet normal 0 0 0
  outer loop
    vertex -167.6878662109375 -15.460208892822266 -3
    vertex -167.6878662109375 -15.460208892822266 3
    vertex -169.1421356201172 -14.142135620117188 3
  endloop
endfacet
facet normal 0 0 0
  outer loop
    vertex -160.80569458007812 -19.13880729675293 -3
    vertex -160.80569458007812 -19.13880729675293 3
    vertex -162.65367126464844 -18.477590560913086 3
  endloop
endfacet
facet normal 0 0 0
  outer loop
    vertex -158.9018096923828 -19.615705490112305 -3
    vertex -158.9018096923828 -19.615705490112305 3
    vertex -160.80569458007812 -19.13880729675293 3
  endloop
endfacet
facet normal 0 0 0
  outer loop
    vertex -156.96034240722656 -19.90369415283203 -3
    vertex -156.96034240722656 -19.90369415283203 3
    vertex -158.9018096923828 -19.615705490112305 3
  endloop
endfacet
facet normal 0 0 0
  outer loop
    vertex -155 -20 -3
    vertex -155 -20 3
    vertex -156.96034240722656 -19.90369415283203 3
  endloop
endfacet
facet normal 0 0 0
  outer loop
    vertex -153.03965759277344 -19.90369415283203 -3
    vertex -153.03965759277344 -19.90369415283203 3
    vertex -155 -20 3
  endloop
endfacet
facet normal 0 0 0
  outer loop
    vertex -151.0981903076172 -19.615705490112305 -3
    vertex -151.0981903076172 -19.615705490112305 3
    vertex -153.03965759277344 -19.90369415283203 3
  endloop
endfacet
facet normal 0 0 0
  outer loop
    vertex -169.1421356201172 -14.142135620117188 -3
    vertex -169.1421356201172 -14.142135620117188 3
    vertex -170.460205078125 -12.687865257263184 3
  endloop
endfacet
facet normal 0 0 0
  outer loop
    vertex -170.460205078125 -12.687865257263184 -3
    vertex -170.460205078125 -12.687865257263184 3
    vertex -171.62939453125 -11.111404418945312 3
  endloop
endfacet
facet normal 0 0 0
  outer loop
    vertex -171.62939453125 -11.111404418945312 -3
    vertex -171.62939453125 -11.111404418945312 3
    vertex -172.638427734375 -9.427934646606445 3
  endloop
endfacet
facet normal 0 0 0
  outer loop
    vertex -149.19430541992188 -19.13880729675293 -3
    vertex -149.19430541992188 -19.13880729675293 3
    vertex -151.0981903076172 -19.615705490112305 3
  endloop
endfacet
facet normal 0 0 0
  outer loop
    vertex -147.34632873535156 -18.477590560913086 -3
    vertex -147.34632873535156 -18.477590560913086 3
    vertex -149.19430541992188 -19.13880729675293 3
  endloop
endfacet
facet normal 0 0 0
  outer loop
    vertex -145.5720672607422 -17.638425827026367 -3
    vertex -145.5720672607422 -17.638425827026367 3
    vertex -147.34632873535156 -18.477590560913086 3
  endloop
endfacet
facet normal 0 0 0
  outer loop
    vertex -143.8885955810547 -16.629392623901367 -3
    vertex -143.8885955810547 -16.629392623901367 3
    vertex -145.5720672607422 -17.638425827026367 3
  endloop
endfacet
facet normal 0 0 0
  outer loop
    vertex -142.3121337890625 -15.460208892822266 -3
    vertex -142.3121337890625 -15.460208892822266 3
    vertex -143.8885955810547 -16.629392623901367 3
  endloop
endfacet
facet normal 0 0 0
  outer loop
    vertex -140.8578643798828 -14.142135620117188 -3
    vertex -140.8578643798828 -14.142135620117188 3
    vertex -142.3121337890625 -15.460208892822266 3
  endloop
endfacet
facet normal 0 0 0
  outer loop
    vertex -139.539794921875 -12.687865257263184 -3
    vertex -139.539794921875 -12.687865257263184 3
    vertex -140.8578643798828 -14.142135620117188 3
  endloop
endfacet
facet normal 0 0 0
  outer loop
    vertex -138.37060546875 -11.111404418945312 -3
    vertex -138.37060546875 -11.111404418945312 3
    vertex -139.539794921875 -12.687865257263184 3
  endloop
endfacet
facet normal 0 0 0
  outer loop
    vertex -138.37060546875 -11.111404418945312 -3
    vertex -138.3038330078125 -11 3
    vertex -138.37060546875 -11.111404418945312 3
  endloop
endfacet
facet normal 0 0 0
  outer loop
    vertex -164.4279327392578 -17.638425827026367 3
    vertex -162.65367126464844 -18.477590560913086 3
    vertex -163.33355712890625 -12.472043991088867 3
  endloop
endfacet
facet normal 0 0 0
  outer loop
    vertex -164.4279327392578 -17.638425827026367 3
    vertex -164.51589965820312 -11.5951566696167 3
    vertex -166.1114044189453 -16.629392623901367 3
  endloop
endfacet
facet normal 0 0 0
  outer loop
    vertex -160.80569458007812 -19.13880729675293 3
    vertex -158.9018096923828 -19.615705490112305 3
    vertex -159.35426330566406 -14.354104995727539 3
  endloop
endfacet
facet normal 0 0 0
  outer loop
    vertex -158.9018096923828 -19.615705490112305 3
    vertex -156.96034240722656 -19.90369415283203 3
    vertex -157.92636108398438 -14.711779594421387 3
  endloop
endfacet
facet normal 0 0 0
  outer loop
    vertex -156.96034240722656 -19.90369415283203 3
    vertex -155 -20 3
    vertex -156.4702606201172 -14.927770614624023 3
  endloop
endfacet
facet normal 0 0 0
  outer loop
    vertex -155 -20 3
    vertex -153.03965759277344 -19.90369415283203 3
    vertex -155 -15 3
  endloop
endfacet
facet normal 0 0 0
  outer loop
    vertex -153.03965759277344 -19.90369415283203 3
    vertex -151.0981903076172 -19.615705490112305 3
    vertex -153.5297393798828 -14.927770614624023 3
  endloop
endfacet
facet normal 0 0 0
  outer loop
    vertex -160.80569458007812 -19.13880729675293 3
    vertex -162.07095336914062 -13.228818893432617 3
    vertex -162.65367126464844 -18.477590560913086 3
  endloop
endfacet
facet normal 0 0 0
  outer loop
    vertex -160.80569458007812 -19.13880729675293 3
    vertex -159.35426330566406 -14.354104995727539 3
    vertex -160.74024963378906 -13.858193397521973 3
  endloop
endfacet
facet normal 0 0 0
  outer loop
    vertex -160.80569458007812 -19.13880729675293 3
    vertex -160.74024963378906 -13.858193397521973 3
    vertex -162.07095336914062 -13.228818893432617 3
  endloop
endfacet
facet normal 0 0 0
  outer loop
    vertex -158.9018096923828 -19.615705490112305 3
    vertex -157.92636108398438 -14.711779594421387 3
    vertex -159.35426330566406 -14.354104995727539 3
  endloop
endfacet
facet normal 0 0 0
  outer loop
    vertex -156.96034240722656 -19.90369415283203 3
    vertex -156.4702606201172 -14.927770614624023 3
    vertex -157.92636108398438 -14.711779594421387 3
  endloop
endfacet
facet normal 0 0 0
  outer loop
    vertex -155 -20 3
    vertex -155 -15 3
    vertex -156.4702606201172 -14.927770614624023 3
  endloop
endfacet
facet normal 0 0 0
  outer loop
    vertex -153.03965759277344 -19.90369415283203 3
    vertex -153.5297393798828 -14.927770614624023 3
    vertex -155 -15 3
  endloop
endfacet
facet normal 0 0 0
  outer loop
    vertex -151.0981903076172 -19.615705490112305 3
    vertex -152.07363891601562 -14.711779594421387 3
    vertex -153.5297393798828 -14.927770614624023 3
  endloop
endfacet
facet normal 0 0 0
  outer loop
    vertex -166.1114044189453 -16.629392623901367 3
    vertex -166.59515380859375 -9.515899658203125 3
    vertex -167.6878662109375 -15.460208892822266 3
  endloop
endfacet
facet normal 0 0 0
  outer loop
    vertex -164.4279327392578 -17.638425827026367 3
    vertex -163.33355712890625 -12.472043991088867 3
    vertex -164.51589965820312 -11.5951566696167 3
  endloop
endfacet
facet normal 0 0 0
  outer loop
    vertex -166.1114044189453 -16.629392623901367 3
    vertex -164.51589965820312 -11.5951566696167 3
    vertex -165.60659790039062 -10.60660171508789 3
  endloop
endfacet
facet normal 0 0 0
  outer loop
    vertex -169.1421356201172 -14.142135620117188 3
    vertex -169.35411071777344 -4.354269981384277 3
    vertex -170.460205078125 -12.687865257263184 3
  endloop
endfacet
facet normal 0 0 0
  outer loop
    vertex -167.6878662109375 -15.460208892822266 3
    vertex -168.22882080078125 -7.070950984954834 3
    vertex -169.1421356201172 -14.142135620117188 3
  endloop
endfacet
facet normal 0 0 0
  outer loop
    vertex -166.1114044189453 -16.629392623901367 3
    vertex -165.60659790039062 -10.60660171508789 3
    vertex -166.59515380859375 -9.515899658203125 3
  endloop
endfacet
facet normal 0 0 0
  outer loop
    vertex -167.6878662109375 -15.460208892822266 3
    vertex -166.59515380859375 -9.515899658203125 3
    vertex -167.4720458984375 -8.333553314208984 3
  endloop
endfacet
facet normal 0 0 0
  outer loop
    vertex -167.6878662109375 -15.460208892822266 3
    vertex -167.4720458984375 -8.333553314208984 3
    vertex -168.22882080078125 -7.070950984954834 3
  endloop
endfacet
facet normal 0 0 0
  outer loop
    vertex -162.65367126464844 -18.477590560913086 3
    vertex -162.07095336914062 -13.228818893432617 3
    vertex -163.33355712890625 -12.472043991088867 3
  endloop
endfacet
facet normal 0 0 0
  outer loop
    vertex -151.0981903076172 -19.615705490112305 3
    vertex -149.19430541992188 -19.13880729675293 3
    vertex -152.07363891601562 -14.711779594421387 3
  endloop
endfacet
facet normal 0 0 0
  outer loop
    vertex -149.19430541992188 -19.13880729675293 3
    vertex -147.34632873535156 -18.477590560913086 3
    vertex -149.25975036621094 -13.858193397521973 3
  endloop
endfacet
facet normal 0 0 0
  outer loop
    vertex -147.34632873535156 -18.477590560913086 3
    vertex -145.5720672607422 -17.638425827026367 3
    vertex -147.92904663085938 -13.228818893432617 3
  endloop
endfacet
facet normal 0 0 0
  outer loop
    vertex -149.19430541992188 -19.13880729675293 3
    vertex -150.64573669433594 -14.354104995727539 3
    vertex -152.07363891601562 -14.711779594421387 3
  endloop
endfacet
facet normal 0 0 0
  outer loop
    vertex -149.19430541992188 -19.13880729675293 3
    vertex -149.25975036621094 -13.858193397521973 3
    vertex -150.64573669433594 -14.354104995727539 3
  endloop
endfacet
facet normal 0 0 0
  outer loop
    vertex -147.34632873535156 -18.477590560913086 3
    vertex -147.92904663085938 -13.228818893432617 3
    vertex -149.25975036621094 -13.858193397521973 3
  endloop
endfacet
facet normal 0 0 0
  outer loop
    vertex -145.5720672607422 -17.638425827026367 3
    vertex -143.8885955810547 -16.629392623901367 3
    vertex -145.48410034179688 -11.5951566696167 3
  endloop
endfacet
facet normal 0 0 0
  outer loop
    vertex -145.5720672607422 -17.638425827026367 3
    vertex -146.66644287109375 -12.472043991088867 3
    vertex -147.92904663085938 -13.228818893432617 3
  endloop
endfacet
facet normal 0 0 0
  outer loop
    vertex -145.5720672607422 -17.638425827026367 3
    vertex -145.48410034179688 -11.5951566696167 3
    vertex -146.66644287109375 -12.472043991088867 3
  endloop
endfacet
facet normal 0 0 0
  outer loop
    vertex -143.8885955810547 -16.629392623901367 3
    vertex -142.3121337890625 -15.460208892822266 3
    vertex -144.39340209960938 -10.60660171508789 3
  endloop
endfacet
facet normal 0 0 0
  outer loop
    vertex -143.8885955810547 -16.629392623901367 3
    vertex -144.39340209960938 -10.60660171508789 3
    vertex -145.48410034179688 -11.5951566696167 3
  endloop
endfacet
facet normal 0 0 0
  outer loop
    vertex -142.3121337890625 -15.460208892822266 3
    vertex -140.8578643798828 -14.142135620117188 3
    vertex -142.5279541015625 -8.333553314208984 3
  endloop
endfacet
facet normal 0 0 0
  outer loop
    vertex -142.3121337890625 -15.460208892822266 3
    vertex -143.40484619140625 -9.515899658203125 3
    vertex -144.39340209960938 -10.60660171508789 3
  endloop
endfacet
facet normal 0 0 0
  outer loop
    vertex -142.3121337890625 -15.460208892822266 3
    vertex -142.5279541015625 -8.333553314208984 3
    vertex -143.40484619140625 -9.515899658203125 3
  endloop
endfacet
facet normal 0 0 0
  outer loop
    vertex -140.8578643798828 -14.142135620117188 3
    vertex -139.539794921875 -12.687865257263184 3
    vertex -140.64588928222656 -4.354269981384277 3
  endloop
endfacet
facet normal 0 0 0
  outer loop
    vertex -172.638427734375 -9.427934646606445 -3
    vertex -172.638427734375 -9.427934646606445 3
    vertex -173.4775848388672 -7.6536688804626465 3
  endloop
endfacet
facet normal 0 0 0
  outer loop
    vertex -173.4775848388672 -7.6536688804626465 -3
    vertex -173.4775848388672 -7.6536688804626465 3
    vertex -174.13880920410156 -5.805693626403809 3
  endloop
endfacet
facet normal 0 0 0
  outer loop
    vertex -174.13880920410156 -5.805693626403809 -3
    vertex -174.13880920410156 -5.805693626403809 3
    vertex -174.61570739746094 -3.901806354522705 3
  endloop
endfacet
facet normal 0 0 0
  outer loop
    vertex -174.61570739746094 -3.901806354522705 -3
    vertex -174.61570739746094 -3.901806354522705 3
    vertex -174.90370178222656 -1.9603427648544312 3
  endloop
endfacet
facet normal 0 0 0
  outer loop
    vertex -174.90370178222656 -1.9603427648544312 -3
    vertex -174.90370178222656 -1.9603427648544312 3
    vertex -175 0 3
  endloop
endfacet
facet normal 0 0 0
  outer loop
    vertex -169.1421356201172 -14.142135620117188 3
    vertex -168.22882080078125 -7.070950984954834 3
    vertex -168.8582000732422 -5.740251541137695 3
  endloop
endfacet
facet normal 0 0 0
  outer loop
    vertex -169.1421356201172 -14.142135620117188 3
    vertex -168.8582000732422 -5.740251541137695 3
    vertex -169.35411071777344 -4.354269981384277 3
  endloop
endfacet
facet normal 0 0 0
  outer loop
    vertex -170.460205078125 -12.687865257263184 3
    vertex -169.35411071777344 -4.354269981384277 3
    vertex -169.71177673339844 -2.9263548851013184 3
  endloop
endfacet
facet normal 0 0 0
  outer loop
    vertex -170.460205078125 -12.687865257263184 3
    vertex -169.71177673339844 -2.9263548851013184 3
    vertex -169.92776489257812 -1.4702571630477905 3
  endloop
endfacet
facet normal 0 0 0
  outer loop
    vertex -170.460205078125 -12.687865257263184 3
    vertex -169.92776489257812 -1.4702571630477905 3
    vertex -170 0 3
  endloop
endfacet
facet normal 0 0 0
  outer loop
    vertex -172.638427734375 -9.427934646606445 3
    vertex -172.638427734375 9.427934646606445 3
    vertex -173.4775848388672 -7.6536688804626465 3
  endloop
endfacet
facet normal 0 0 0
  outer loop
    vertex -170.460205078125 -12.687865257263184 3
    vertex -170.460205078125 12.687865257263184 3
    vertex -171.62939453125 -11.111404418945312 3
  endloop
endfacet
facet normal 0 0 0
  outer loop
    vertex -171.62939453125 -11.111404418945312 3
    vertex -171.62939453125 11.111404418945312 3
    vertex -172.638427734375 -9.427934646606445 3
  endloop
endfacet
facet normal 0 0 0
  outer loop
    vertex -173.4775848388672 -7.6536688804626465 3
    vertex -173.4775848388672 7.6536688804626465 3
    vertex -174.13880920410156 -5.805693626403809 3
  endloop
endfacet
facet normal 0 0 0
  outer loop
    vertex -174.13880920410156 -5.805693626403809 3
    vertex -174.13880920410156 5.805693626403809 3
    vertex -174.61570739746094 -3.901806354522705 3
  endloop
endfacet
facet normal 0 0 0
  outer loop
    vertex -174.61570739746094 -3.901806354522705 3
    vertex -174.61570739746094 3.901806354522705 3
    vertex -174.90370178222656 -1.9603427648544312 3
  endloop
endfacet
facet normal 0 0 0
  outer loop
    vertex -140.8578643798828 -14.142135620117188 3
    vertex -141.77117919921875 -7.070950984954834 3
    vertex -142.5279541015625 -8.333553314208984 3
  endloop
endfacet
facet normal 0 0 0
  outer loop
    vertex -140.8578643798828 -14.142135620117188 3
    vertex -141.1417999267578 -5.740251541137695 3
    vertex -141.77117919921875 -7.070950984954834 3
  endloop
endfacet
facet normal 0 0 0
  outer loop
    vertex -140.8578643798828 -14.142135620117188 3
    vertex -140.64588928222656 -4.354269981384277 3
    vertex -141.1417999267578 -5.740251541137695 3
  endloop
endfacet
facet normal 0 0 0
  outer loop
    vertex -139.539794921875 -12.687865257263184 3
    vertex -140.28822326660156 -2.9263548851013184 3
    vertex -140.64588928222656 -4.354269981384277 3
  endloop
endfacet
facet normal 0 0 0
  outer loop
    vertex -139.539794921875 -12.687865257263184 3
    vertex -140.07223510742188 -1.4702571630477905 3
    vertex -140.28822326660156 -2.9263548851013184 3
  endloop
endfacet
facet normal 0 0 0
  outer loop
    vertex -139.539794921875 -12.687865257263184 3
    vertex -140 0 3
    vertex -140.07223510742188 -1.4702571630477905 3
  endloop
endfacet
facet normal 0 0 0
  outer loop
    vertex -138.37060546875 -11.111404418945312 3
    vertex -138.3038330078125 -11 3
    vertex -137.42005920410156 8.237438201904297 3
  endloop
endfacet
facet normal 0 0 0
  outer loop
    vertex -139.539794921875 -12.687865257263184 3
    vertex -138.37060546875 -11.111404418945312 3
    vertex -138.37060546875 11.111404418945312 3
  endloop
endfacet
facet normal 0 0 0
  outer loop
    vertex -174.90370178222656 -1.9603427648544312 -3
    vertex -175 0 -3
    vertex -174.90370178222656 1.9603427648544312 -3
  endloop
endfacet
facet normal 0 0 0
  outer loop
    vertex -170.460205078125 -12.687865257263184 -3
    vertex -170.460205078125 12.687865257263184 -3
    vertex -170 0 -3
  endloop
endfacet
facet normal 0 0 0
  outer loop
    vertex -174.90370178222656 -1.9603427648544312 -3
    vertex -174.90370178222656 1.9603427648544312 -3
    vertex -174.61570739746094 3.901806354522705 -3
  endloop
endfacet
facet normal 0 0 0
  outer loop
    vertex -174.61570739746094 -3.901806354522705 -3
    vertex -174.61570739746094 3.901806354522705 -3
    vertex -174.13880920410156 5.805693626403809 -3
  endloop
endfacet
facet normal 0 0 0
  outer loop
    vertex -174.13880920410156 -5.805693626403809 -3
    vertex -174.13880920410156 5.805693626403809 -3
    vertex -173.4775848388672 7.6536688804626465 -3
  endloop
endfacet
facet normal 0 0 0
  outer loop
    vertex -173.4775848388672 -7.6536688804626465 -3
    vertex -173.4775848388672 7.6536688804626465 -3
    vertex -172.638427734375 9.427934646606445 -3
  endloop
endfacet
facet normal 0 0 0
  outer loop
    vertex -172.638427734375 -9.427934646606445 -3
    vertex -172.638427734375 9.427934646606445 -3
    vertex -171.62939453125 11.111404418945312 -3
  endloop
endfacet
facet normal 0 0 0
  outer loop
    vertex -171.62939453125 -11.111404418945312 -3
    vertex -171.62939453125 11.111404418945312 -3
    vertex -170.460205078125 12.687865257263184 -3
  endloop
endfacet
facet normal 0 0 0
  outer loop
    vertex -170.460205078125 12.687865257263184 -3
    vertex -169.92776489257812 1.4702571630477905 -3
    vertex -170 0 -3
  endloop
endfacet
facet normal 0 0 0
  outer loop
    vertex -170.460205078125 12.687865257263184 -3
    vertex -169.71177673339844 2.9263548851013184 -3
    vertex -169.92776489257812 1.4702571630477905 -3
  endloop
endfacet
facet normal 0 0 0
  outer loop
    vertex -169.1421356201172 14.142135620117188 -3
    vertex -169.35411071777344 4.354269981384277 -3
    vertex -169.71177673339844 2.9263548851013184 -3
  endloop
endfacet
facet normal 0 0 0
  outer loop
    vertex -170.460205078125 12.687865257263184 -3
    vertex -169.1421356201172 14.142135620117188 -3
    vertex -169.71177673339844 2.9263548851013184 -3
  endloop
endfacet
facet normal 0 0 0
  outer loop
    vertex -169.1421356201172 14.142135620117188 -3
    vertex -168.8582000732422 5.740251541137695 -3
    vertex -169.35411071777344 4.354269981384277 -3
  endloop
endfacet
facet normal 0 0 0
  outer loop
    vertex -169.1421356201172 14.142135620117188 -3
    vertex -168.22882080078125 7.070950984954834 -3
    vertex -168.8582000732422 5.740251541137695 -3
  endloop
endfacet
facet normal 0 0 0
  outer loop
    vertex -175 0 -3
    vertex -174.90370178222656 1.9603427648544312 3
    vertex -174.90370178222656 1.9603427648544312 -3
  endloop
endfacet
facet normal 0 0 0
  outer loop
    vertex -174.90370178222656 1.9603427648544312 -3
    vertex -174.61570739746094 3.901806354522705 3
    vertex -174.61570739746094 3.901806354522705 -3
  endloop
endfacet
facet normal 0 0 0
  outer loop
    vertex -174.61570739746094 3.901806354522705 -3
    vertex -174.13880920410156 5.805693626403809 3
    vertex -174.13880920410156 5.805693626403809 -3
  endloop
endfacet
facet normal 0 0 0
  outer loop
    vertex -174.13880920410156 5.805693626403809 -3
    vertex -173.4775848388672 7.6536688804626465 3
    vertex -173.4775848388672 7.6536688804626465 -3
  endloop
endfacet
facet normal 0 0 0
  outer loop
    vertex -173.4775848388672 7.6536688804626465 -3
    vertex -172.638427734375 9.427934646606445 3
    vertex -172.638427734375 9.427934646606445 -3
  endloop
endfacet
facet normal 0 0 0
  outer loop
    vertex -167.6878662109375 15.460208892822266 -3
    vertex -167.4720458984375 8.333553314208984 -3
    vertex -168.22882080078125 7.070950984954834 -3
  endloop
endfacet
facet normal 0 0 0
  outer loop
    vertex -167.6878662109375 15.460208892822266 -3
    vertex -166.59515380859375 9.515899658203125 -3
    vertex -167.4720458984375 8.333553314208984 -3
  endloop
endfacet
facet normal 0 0 0
  outer loop
    vertex -169.1421356201172 14.142135620117188 -3
    vertex -167.6878662109375 15.460208892822266 -3
    vertex -168.22882080078125 7.070950984954834 -3
  endloop
endfacet
facet normal 0 0 0
  outer loop
    vertex -166.1114044189453 16.629392623901367 -3
    vertex -165.60659790039062 10.60660171508789 -3
    vertex -166.59515380859375 9.515899658203125 -3
  endloop
endfacet
facet normal 0 0 0
  outer loop
    vertex -164.4279327392578 17.638425827026367 -3
    vertex -164.51589965820312 11.5951566696167 -3
    vertex -165.60659790039062 10.60660171508789 -3
  endloop
endfacet
facet normal 0 0 0
  outer loop
    vertex -167.6878662109375 15.460208892822266 -3
    vertex -166.1114044189453 16.629392623901367 -3
    vertex -166.59515380859375 9.515899658203125 -3
  endloop
endfacet
facet normal 0 0 0
  outer loop
    vertex -164.4279327392578 17.638425827026367 -3
    vertex -163.33355712890625 12.472043991088867 -3
    vertex -164.51589965820312 11.5951566696167 -3
  endloop
endfacet
facet normal 0 0 0
  outer loop
    vertex -166.1114044189453 16.629392623901367 -3
    vertex -164.4279327392578 17.638425827026367 -3
    vertex -165.60659790039062 10.60660171508789 -3
  endloop
endfacet
facet normal 0 0 0
  outer loop
    vertex -162.65367126464844 18.477590560913086 -3
    vertex -162.07095336914062 13.228818893432617 -3
    vertex -163.33355712890625 12.472043991088867 -3
  endloop
endfacet
facet normal 0 0 0
  outer loop
    vertex -164.4279327392578 17.638425827026367 -3
    vertex -162.65367126464844 18.477590560913086 -3
    vertex -163.33355712890625 12.472043991088867 -3
  endloop
endfacet
facet normal 0 0 0
  outer loop
    vertex -160.80569458007812 19.13880729675293 -3
    vertex -160.74024963378906 13.858193397521973 -3
    vertex -162.07095336914062 13.228818893432617 -3
  endloop
endfacet
facet normal 0 0 0
  outer loop
    vertex -160.80569458007812 19.13880729675293 -3
    vertex -159.35426330566406 14.354104995727539 -3
    vertex -160.74024963378906 13.858193397521973 -3
  endloop
endfacet
facet normal 0 0 0
  outer loop
    vertex -158.9018096923828 19.615705490112305 -3
    vertex -157.92636108398438 14.711779594421387 -3
    vertex -159.35426330566406 14.354104995727539 -3
  endloop
endfacet
facet normal 0 0 0
  outer loop
    vertex -162.65367126464844 18.477590560913086 -3
    vertex -160.80569458007812 19.13880729675293 -3
    vertex -162.07095336914062 13.228818893432617 -3
  endloop
endfacet
facet normal 0 0 0
  outer loop
    vertex -156.96034240722656 19.90369415283203 -3
    vertex -156.4702606201172 14.927770614624023 -3
    vertex -157.92636108398438 14.711779594421387 -3
  endloop
endfacet
facet normal 0 0 0
  outer loop
    vertex -155 20 -3
    vertex -155 15 -3
    vertex -156.4702606201172 14.927770614624023 -3
  endloop
endfacet
facet normal 0 0 0
  outer loop
    vertex -153.03965759277344 19.90369415283203 -3
    vertex -153.5297393798828 14.927770614624023 -3
    vertex -155 15 -3
  endloop
endfacet
facet normal 0 0 0
  outer loop
    vertex -149.19430541992188 19.13880729675293 -3
    vertex -152.07363891601562 14.711779594421387 -3
    vertex -153.5297393798828 14.927770614624023 -3
  endloop
endfacet
facet normal 0 0 0
  outer loop
    vertex -160.80569458007812 19.13880729675293 -3
    vertex -158.9018096923828 19.615705490112305 -3
    vertex -159.35426330566406 14.354104995727539 -3
  endloop
endfacet
facet normal 0 0 0
  outer loop
    vertex -158.9018096923828 19.615705490112305 -3
    vertex -156.96034240722656 19.90369415283203 -3
    vertex -157.92636108398438 14.711779594421387 -3
  endloop
endfacet
facet normal 0 0 0
  outer loop
    vertex -156.96034240722656 19.90369415283203 -3
    vertex -155 20 -3
    vertex -156.4702606201172 14.927770614624023 -3
  endloop
endfacet
facet normal 0 0 0
  outer loop
    vertex -155 20 -3
    vertex -153.03965759277344 19.90369415283203 -3
    vertex -155 15 -3
  endloop
endfacet
facet normal 0 0 0
  outer loop
    vertex -153.03965759277344 19.90369415283203 -3
    vertex -151.0981903076172 19.615705490112305 -3
    vertex -153.5297393798828 14.927770614624023 -3
  endloop
endfacet
facet normal 0 0 0
  outer loop
    vertex -138.37060546875 11.111404418945312 -3
    vertex -144.82745361328125 11 -3
    vertex -145.48410034179688 11.5951566696167 -3
  endloop
endfacet
facet normal 0 0 0
  outer loop
    vertex -138.3038330078125 11 -3
    vertex -144.82745361328125 11 -3
    vertex -138.37060546875 11.111404418945312 -3
  endloop
endfacet
facet normal 0 0 0
  outer loop
    vertex -139.539794921875 12.687865257263184 -3
    vertex -145.48410034179688 11.5951566696167 -3
    vertex -146.66644287109375 12.472043991088867 -3
  endloop
endfacet
facet normal 0 0 0
  outer loop
    vertex -139.539794921875 12.687865257263184 -3
    vertex -138.37060546875 11.111404418945312 -3
    vertex -145.48410034179688 11.5951566696167 -3
  endloop
endfacet
facet normal 0 0 0
  outer loop
    vertex -142.3121337890625 15.460208892822266 -3
    vertex -147.92904663085938 13.228818893432617 -3
    vertex -149.25975036621094 13.858193397521973 -3
  endloop
endfacet
facet normal 0 0 0
  outer loop
    vertex -143.8885955810547 16.629392623901367 -3
    vertex -149.25975036621094 13.858193397521973 -3
    vertex -150.64573669433594 14.354104995727539 -3
  endloop
endfacet
facet normal 0 0 0
  outer loop
    vertex -140.8578643798828 14.142135620117188 -3
    vertex -146.66644287109375 12.472043991088867 -3
    vertex -147.92904663085938 13.228818893432617 -3
  endloop
endfacet
facet normal 0 0 0
  outer loop
    vertex -139.539794921875 12.687865257263184 -3
    vertex -146.66644287109375 12.472043991088867 -3
    vertex -140.8578643798828 14.142135620117188 -3
  endloop
endfacet
facet normal 0 0 0
  outer loop
    vertex -140.8578643798828 14.142135620117188 -3
    vertex -147.92904663085938 13.228818893432617 -3
    vertex -142.3121337890625 15.460208892822266 -3
  endloop
endfacet
facet normal 0 0 0
  outer loop
    vertex -147.34632873535156 18.477590560913086 -3
    vertex -150.64573669433594 14.354104995727539 -3
    vertex -152.07363891601562 14.711779594421387 -3
  endloop
endfacet
facet normal 0 0 0
  outer loop
    vertex -143.8885955810547 16.629392623901367 -3
    vertex -150.64573669433594 14.354104995727539 -3
    vertex -145.5720672607422 17.638425827026367 -3
  endloop
endfacet
facet normal 0 0 0
  outer loop
    vertex -147.34632873535156 18.477590560913086 -3
    vertex -152.07363891601562 14.711779594421387 -3
    vertex -149.19430541992188 19.13880729675293 -3
  endloop
endfacet
facet normal 0 0 0
  outer loop
    vertex -145.5720672607422 17.638425827026367 -3
    vertex -150.64573669433594 14.354104995727539 -3
    vertex -147.34632873535156 18.477590560913086 -3
  endloop
endfacet
facet normal 0 0 0
  outer loop
    vertex -142.3121337890625 15.460208892822266 -3
    vertex -149.25975036621094 13.858193397521973 -3
    vertex -143.8885955810547 16.629392623901367 -3
  endloop
endfacet
facet normal 0 0 0
  outer loop
    vertex -149.19430541992188 19.13880729675293 -3
    vertex -153.5297393798828 14.927770614624023 -3
    vertex -151.0981903076172 19.615705490112305 -3
  endloop
endfacet
facet normal 0 0 0
  outer loop
    vertex -172.638427734375 9.427934646606445 -3
    vertex -171.62939453125 11.111404418945312 3
    vertex -171.62939453125 11.111404418945312 -3
  endloop
endfacet
facet normal 0 0 0
  outer loop
    vertex -171.62939453125 11.111404418945312 -3
    vertex -170.460205078125 12.687865257263184 3
    vertex -170.460205078125 12.687865257263184 -3
  endloop
endfacet
facet normal 0 0 0
  outer loop
    vertex -170.460205078125 12.687865257263184 -3
    vertex -169.1421356201172 14.142135620117188 3
    vertex -169.1421356201172 14.142135620117188 -3
  endloop
endfacet
facet normal 0 0 0
  outer loop
    vertex -169.1421356201172 14.142135620117188 -3
    vertex -167.6878662109375 15.460208892822266 3
    vertex -167.6878662109375 15.460208892822266 -3
  endloop
endfacet
facet normal 0 0 0
  outer loop
    vertex -167.6878662109375 15.460208892822266 -3
    vertex -166.1114044189453 16.629392623901367 3
    vertex -166.1114044189453 16.629392623901367 -3
  endloop
endfacet
facet normal 0 0 0
  outer loop
    vertex -166.1114044189453 16.629392623901367 -3
    vertex -164.4279327392578 17.638425827026367 3
    vertex -164.4279327392578 17.638425827026367 -3
  endloop
endfacet
facet normal 0 0 0
  outer loop
    vertex -164.4279327392578 17.638425827026367 -3
    vertex -162.65367126464844 18.477590560913086 3
    vertex -162.65367126464844 18.477590560913086 -3
  endloop
endfacet
facet normal 0 0 0
  outer loop
    vertex -162.65367126464844 18.477590560913086 -3
    vertex -160.80569458007812 19.13880729675293 3
    vertex -160.80569458007812 19.13880729675293 -3
  endloop
endfacet
facet normal 0 0 0
  outer loop
    vertex -160.80569458007812 19.13880729675293 -3
    vertex -158.9018096923828 19.615705490112305 3
    vertex -158.9018096923828 19.615705490112305 -3
  endloop
endfacet
facet normal 0 0 0
  outer loop
    vertex -158.9018096923828 19.615705490112305 -3
    vertex -156.96034240722656 19.90369415283203 3
    vertex -156.96034240722656 19.90369415283203 -3
  endloop
endfacet
facet normal 0 0 0
  outer loop
    vertex -156.96034240722656 19.90369415283203 -3
    vertex -155 20 3
    vertex -155 20 -3
  endloop
endfacet
facet normal 0 0 0
  outer loop
    vertex -155 20 -3
    vertex -153.03965759277344 19.90369415283203 3
    vertex -153.03965759277344 19.90369415283203 -3
  endloop
endfacet
facet normal 0 0 0
  outer loop
    vertex -153.03965759277344 19.90369415283203 -3
    vertex -151.0981903076172 19.615705490112305 3
    vertex -151.0981903076172 19.615705490112305 -3
  endloop
endfacet
facet normal 0 0 0
  outer loop
    vertex -139.539794921875 12.687865257263184 -3
    vertex -140.8578643798828 14.142135620117188 -3
    vertex -139.539794921875 12.687865257263184 3
  endloop
endfacet
facet normal 0 0 0
  outer loop
    vertex -140.8578643798828 14.142135620117188 -3
    vertex -142.3121337890625 15.460208892822266 -3
    vertex -140.8578643798828 14.142135620117188 3
  endloop
endfacet
facet normal 0 0 0
  outer loop
    vertex -138.3038330078125 11 -3
    vertex -138.37060546875 11.111404418945312 -3
    vertex -138.37060546875 11.111404418945312 3
  endloop
endfacet
facet normal 0 0 0
  outer loop
    vertex -139.539794921875 12.687865257263184 -3
    vertex -138.37060546875 11.111404418945312 3
    vertex -138.37060546875 11.111404418945312 -3
  endloop
endfacet
facet normal 0 0 0
  outer loop
    vertex -142.3121337890625 15.460208892822266 -3
    vertex -143.8885955810547 16.629392623901367 -3
    vertex -142.3121337890625 15.460208892822266 3
  endloop
endfacet
facet normal 0 0 0
  outer loop
    vertex -143.8885955810547 16.629392623901367 -3
    vertex -145.5720672607422 17.638425827026367 -3
    vertex -143.8885955810547 16.629392623901367 3
  endloop
endfacet
facet normal 0 0 0
  outer loop
    vertex -145.5720672607422 17.638425827026367 -3
    vertex -147.34632873535156 18.477590560913086 -3
    vertex -145.5720672607422 17.638425827026367 3
  endloop
endfacet
facet normal 0 0 0
  outer loop
    vertex -147.34632873535156 18.477590560913086 -3
    vertex -149.19430541992188 19.13880729675293 -3
    vertex -147.34632873535156 18.477590560913086 3
  endloop
endfacet
facet normal 0 0 0
  outer loop
    vertex -149.19430541992188 19.13880729675293 -3
    vertex -151.0981903076172 19.615705490112305 -3
    vertex -149.19430541992188 19.13880729675293 3
  endloop
endfacet
facet normal 0 0 0
  outer loop
    vertex -175 0 -3
    vertex -175 0 3
    vertex -174.90370178222656 1.9603427648544312 3
  endloop
endfacet
facet normal 0 0 0
  outer loop
    vertex -174.90370178222656 1.9603427648544312 -3
    vertex -174.90370178222656 1.9603427648544312 3
    vertex -174.61570739746094 3.901806354522705 3
  endloop
endfacet
facet normal 0 0 0
  outer loop
    vertex -174.61570739746094 3.901806354522705 -3
    vertex -174.61570739746094 3.901806354522705 3
    vertex -174.13880920410156 5.805693626403809 3
  endloop
endfacet
facet normal 0 0 0
  outer loop
    vertex -174.13880920410156 5.805693626403809 -3
    vertex -174.13880920410156 5.805693626403809 3
    vertex -173.4775848388672 7.6536688804626465 3
  endloop
endfacet
facet normal 0 0 0
  outer loop
    vertex -173.4775848388672 7.6536688804626465 -3
    vertex -173.4775848388672 7.6536688804626465 3
    vertex -172.638427734375 9.427934646606445 3
  endloop
endfacet
facet normal 0 0 0
  outer loop
    vertex -172.638427734375 9.427934646606445 -3
    vertex -172.638427734375 9.427934646606445 3
    vertex -171.62939453125 11.111404418945312 3
  endloop
endfacet
facet normal 0 0 0
  outer loop
    vertex -174.90370178222656 -1.9603427648544312 3
    vertex -174.90370178222656 1.9603427648544312 3
    vertex -175 0 3
  endloop
endfacet
facet normal 0 0 0
  outer loop
    vertex -170.460205078125 -12.687865257263184 3
    vertex -170 0 3
    vertex -170.460205078125 12.687865257263184 3
  endloop
endfacet
facet normal 0 0 0
  outer loop
    vertex -174.90370178222656 -1.9603427648544312 3
    vertex -174.61570739746094 3.901806354522705 3
    vertex -174.90370178222656 1.9603427648544312 3
  endloop
endfacet
facet normal 0 0 0
  outer loop
    vertex -174.61570739746094 -3.901806354522705 3
    vertex -174.13880920410156 5.805693626403809 3
    vertex -174.61570739746094 3.901806354522705 3
  endloop
endfacet
facet normal 0 0 0
  outer loop
    vertex -174.13880920410156 -5.805693626403809 3
    vertex -173.4775848388672 7.6536688804626465 3
    vertex -174.13880920410156 5.805693626403809 3
  endloop
endfacet
facet normal 0 0 0
  outer loop
    vertex -173.4775848388672 -7.6536688804626465 3
    vertex -172.638427734375 9.427934646606445 3
    vertex -173.4775848388672 7.6536688804626465 3
  endloop
endfacet
facet normal 0 0 0
  outer loop
    vertex -172.638427734375 -9.427934646606445 3
    vertex -171.62939453125 11.111404418945312 3
    vertex -172.638427734375 9.427934646606445 3
  endloop
endfacet
facet normal 0 0 0
  outer loop
    vertex -171.62939453125 -11.111404418945312 3
    vertex -170.460205078125 12.687865257263184 3
    vertex -171.62939453125 11.111404418945312 3
  endloop
endfacet
facet normal 0 0 0
  outer loop
    vertex -170.460205078125 12.687865257263184 3
    vertex -170 0 3
    vertex -169.92776489257812 1.4702571630477905 3
  endloop
endfacet
facet normal 0 0 0
  outer loop
    vertex -170.460205078125 12.687865257263184 3
    vertex -169.92776489257812 1.4702571630477905 3
    vertex -169.71177673339844 2.9263548851013184 3
  endloop
endfacet
facet normal 0 0 0
  outer loop
    vertex -170.460205078125 12.687865257263184 3
    vertex -169.71177673339844 2.9263548851013184 3
    vertex -169.35411071777344 4.354269981384277 3
  endloop
endfacet
facet normal 0 0 0
  outer loop
    vertex -169.1421356201172 14.142135620117188 3
    vertex -169.35411071777344 4.354269981384277 3
    vertex -168.8582000732422 5.740251541137695 3
  endloop
endfacet
facet normal 0 0 0
  outer loop
    vertex -169.1421356201172 14.142135620117188 3
    vertex -168.8582000732422 5.740251541137695 3
    vertex -168.22882080078125 7.070950984954834 3
  endloop
endfacet
facet normal 0 0 0
  outer loop
    vertex -169.1421356201172 14.142135620117188 3
    vertex -168.22882080078125 7.070950984954834 3
    vertex -167.4720458984375 8.333553314208984 3
  endloop
endfacet
facet normal 0 0 0
  outer loop
    vertex -139.539794921875 12.687865257263184 3
    vertex -140.07223510742188 1.4702571630477905 3
    vertex -140 0 3
  endloop
endfacet
facet normal 0 0 0
  outer loop
    vertex -139.539794921875 -12.687865257263184 3
    vertex -139.539794921875 12.687865257263184 3
    vertex -140 0 3
  endloop
endfacet
facet normal 0 0 0
  outer loop
    vertex -138.3038330078125 -11 3
    vertex -137.361572265625 8.22824764251709 3
    vertex -137.42005920410156 8.237438201904297 3
  endloop
endfacet
facet normal 0 0 0
  outer loop
    vertex -138.37060546875 -11.111404418945312 3
    vertex -137.42005920410156 8.237438201904297 3
    vertex -138.37060546875 11.111404418945312 3
  endloop
endfacet
facet normal 0 0 0
  outer loop
    vertex -139.539794921875 -12.687865257263184 3
    vertex -138.37060546875 11.111404418945312 3
    vertex -139.539794921875 12.687865257263184 3
  endloop
endfacet
facet normal 0 0 0
  outer loop
    vertex -139.539794921875 12.687865257263184 3
    vertex -140.28822326660156 2.9263548851013184 3
    vertex -140.07223510742188 1.4702571630477905 3
  endloop
endfacet
facet normal 0 0 0
  outer loop
    vertex -139.539794921875 12.687865257263184 3
    vertex -140.64588928222656 4.354269981384277 3
    vertex -140.28822326660156 2.9263548851013184 3
  endloop
endfacet
facet normal 0 0 0
  outer loop
    vertex -140.8578643798828 14.142135620117188 3
    vertex -141.1417999267578 5.740251541137695 3
    vertex -140.64588928222656 4.354269981384277 3
  endloop
endfacet
facet normal 0 0 0
  outer loop
    vertex -140.8578643798828 14.142135620117188 3
    vertex -141.77117919921875 7.070950984954834 3
    vertex -141.1417999267578 5.740251541137695 3
  endloop
endfacet
facet normal 0 0 0
  outer loop
    vertex -171.62939453125 11.111404418945312 -3
    vertex -171.62939453125 11.111404418945312 3
    vertex -170.460205078125 12.687865257263184 3
  endloop
endfacet
facet normal 0 0 0
  outer loop
    vertex -170.460205078125 12.687865257263184 -3
    vertex -170.460205078125 12.687865257263184 3
    vertex -169.1421356201172 14.142135620117188 3
  endloop
endfacet
facet normal 0 0 0
  outer loop
    vertex -169.1421356201172 14.142135620117188 -3
    vertex -169.1421356201172 14.142135620117188 3
    vertex -167.6878662109375 15.460208892822266 3
  endloop
endfacet
facet normal 0 0 0
  outer loop
    vertex -167.6878662109375 15.460208892822266 -3
    vertex -167.6878662109375 15.460208892822266 3
    vertex -166.1114044189453 16.629392623901367 3
  endloop
endfacet
facet normal 0 0 0
  outer loop
    vertex -166.1114044189453 16.629392623901367 -3
    vertex -166.1114044189453 16.629392623901367 3
    vertex -164.4279327392578 17.638425827026367 3
  endloop
endfacet
facet normal 0 0 0
  outer loop
    vertex -164.4279327392578 17.638425827026367 -3
    vertex -164.4279327392578 17.638425827026367 3
    vertex -162.65367126464844 18.477590560913086 3
  endloop
endfacet
facet normal 0 0 0
  outer loop
    vertex -162.65367126464844 18.477590560913086 -3
    vertex -162.65367126464844 18.477590560913086 3
    vertex -160.80569458007812 19.13880729675293 3
  endloop
endfacet
facet normal 0 0 0
  outer loop
    vertex -160.80569458007812 19.13880729675293 -3
    vertex -160.80569458007812 19.13880729675293 3
    vertex -158.9018096923828 19.615705490112305 3
  endloop
endfacet
facet normal 0 0 0
  outer loop
    vertex -158.9018096923828 19.615705490112305 -3
    vertex -158.9018096923828 19.615705490112305 3
    vertex -156.96034240722656 19.90369415283203 3
  endloop
endfacet
facet normal 0 0 0
  outer loop
    vertex -156.96034240722656 19.90369415283203 -3
    vertex -156.96034240722656 19.90369415283203 3
    vertex -155 20 3
  endloop
endfacet
facet normal 0 0 0
  outer loop
    vertex -155 20 -3
    vertex -155 20 3
    vertex -153.03965759277344 19.90369415283203 3
  endloop
endfacet
facet normal 0 0 0
  outer loop
    vertex -153.03965759277344 19.90369415283203 -3
    vertex -153.03965759277344 19.90369415283203 3
    vertex -151.0981903076172 19.615705490112305 3
  endloop
endfacet
facet normal 0 0 0
  outer loop
    vertex -140.8578643798828 14.142135620117188 -3
    vertex -140.8578643798828 14.142135620117188 3
    vertex -139.539794921875 12.687865257263184 3
  endloop
endfacet
facet normal 0 0 0
  outer loop
    vertex -138.3038330078125 11 -3
    vertex -138.37060546875 11.111404418945312 3
    vertex -138.3038330078125 11 3
  endloop
endfacet
facet normal 0 0 0
  outer loop
    vertex -139.539794921875 12.687865257263184 -3
    vertex -139.539794921875 12.687865257263184 3
    vertex -138.37060546875 11.111404418945312 3
  endloop
endfacet
facet normal 0 0 0
  outer loop
    vertex -143.8885955810547 16.629392623901367 -3
    vertex -143.8885955810547 16.629392623901367 3
    vertex -142.3121337890625 15.460208892822266 3
  endloop
endfacet
facet normal 0 0 0
  outer loop
    vertex -142.3121337890625 15.460208892822266 -3
    vertex -142.3121337890625 15.460208892822266 3
    vertex -140.8578643798828 14.142135620117188 3
  endloop
endfacet
facet normal 0 0 0
  outer loop
    vertex -145.5720672607422 17.638425827026367 -3
    vertex -145.5720672607422 17.638425827026367 3
    vertex -143.8885955810547 16.629392623901367 3
  endloop
endfacet
facet normal 0 0 0
  outer loop
    vertex -147.34632873535156 18.477590560913086 -3
    vertex -147.34632873535156 18.477590560913086 3
    vertex -145.5720672607422 17.638425827026367 3
  endloop
endfacet
facet normal 0 0 0
  outer loop
    vertex -149.19430541992188 19.13880729675293 -3
    vertex -149.19430541992188 19.13880729675293 3
    vertex -147.34632873535156 18.477590560913086 3
  endloop
endfacet
facet normal 0 0 0
  outer loop
    vertex -151.0981903076172 19.615705490112305 -3
    vertex -151.0981903076172 19.615705490112305 3
    vertex -149.19430541992188 19.13880729675293 3
  endloop
endfacet
facet normal 0 0 0
  outer loop
    vertex -170.460205078125 12.687865257263184 3
    vertex -169.35411071777344 4.354269981384277 3
    vertex -169.1421356201172 14.142135620117188 3
  endloop
endfacet
facet normal 0 0 0
  outer loop
    vertex -167.6878662109375 15.460208892822266 3
    vertex -167.4720458984375 8.333553314208984 3
    vertex -166.59515380859375 9.515899658203125 3
  endloop
endfacet
facet normal 0 0 0
  outer loop
    vertex -167.6878662109375 15.460208892822266 3
    vertex -166.59515380859375 9.515899658203125 3
    vertex -165.60659790039062 10.60660171508789 3
  endloop
endfacet
facet normal 0 0 0
  outer loop
    vertex -169.1421356201172 14.142135620117188 3
    vertex -167.4720458984375 8.333553314208984 3
    vertex -167.6878662109375 15.460208892822266 3
  endloop
endfacet
facet normal 0 0 0
  outer loop
    vertex -166.1114044189453 16.629392623901367 3
    vertex -165.60659790039062 10.60660171508789 3
    vertex -164.51589965820312 11.5951566696167 3
  endloop
endfacet
facet normal 0 0 0
  outer loop
    vertex -167.6878662109375 15.460208892822266 3
    vertex -165.60659790039062 10.60660171508789 3
    vertex -166.1114044189453 16.629392623901367 3
  endloop
endfacet
facet normal 0 0 0
  outer loop
    vertex -164.4279327392578 17.638425827026367 3
    vertex -164.51589965820312 11.5951566696167 3
    vertex -163.33355712890625 12.472043991088867 3
  endloop
endfacet
facet normal 0 0 0
  outer loop
    vertex -164.4279327392578 17.638425827026367 3
    vertex -163.33355712890625 12.472043991088867 3
    vertex -162.07095336914062 13.228818893432617 3
  endloop
endfacet
facet normal 0 0 0
  outer loop
    vertex -166.1114044189453 16.629392623901367 3
    vertex -164.51589965820312 11.5951566696167 3
    vertex -164.4279327392578 17.638425827026367 3
  endloop
endfacet
facet normal 0 0 0
  outer loop
    vertex -162.65367126464844 18.477590560913086 3
    vertex -162.07095336914062 13.228818893432617 3
    vertex -160.74024963378906 13.858193397521973 3
  endloop
endfacet
facet normal 0 0 0
  outer loop
    vertex -160.80569458007812 19.13880729675293 3
    vertex -160.74024963378906 13.858193397521973 3
    vertex -159.35426330566406 14.354104995727539 3
  endloop
endfacet
facet normal 0 0 0
  outer loop
    vertex -160.80569458007812 19.13880729675293 3
    vertex -159.35426330566406 14.354104995727539 3
    vertex -157.92636108398438 14.711779594421387 3
  endloop
endfacet
facet normal 0 0 0
  outer loop
    vertex -164.4279327392578 17.638425827026367 3
    vertex -162.07095336914062 13.228818893432617 3
    vertex -162.65367126464844 18.477590560913086 3
  endloop
endfacet
facet normal 0 0 0
  outer loop
    vertex -162.65367126464844 18.477590560913086 3
    vertex -160.74024963378906 13.858193397521973 3
    vertex -160.80569458007812 19.13880729675293 3
  endloop
endfacet
facet normal 0 0 0
  outer loop
    vertex -158.9018096923828 19.615705490112305 3
    vertex -157.92636108398438 14.711779594421387 3
    vertex -156.4702606201172 14.927770614624023 3
  endloop
endfacet
facet normal 0 0 0
  outer loop
    vertex -156.96034240722656 19.90369415283203 3
    vertex -156.4702606201172 14.927770614624023 3
    vertex -155 15 3
  endloop
endfacet
facet normal 0 0 0
  outer loop
    vertex -155 20 3
    vertex -155 15 3
    vertex -153.5297393798828 14.927770614624023 3
  endloop
endfacet
facet normal 0 0 0
  outer loop
    vertex -153.03965759277344 19.90369415283203 3
    vertex -153.5297393798828 14.927770614624023 3
    vertex -152.07363891601562 14.711779594421387 3
  endloop
endfacet
facet normal 0 0 0
  outer loop
    vertex -160.80569458007812 19.13880729675293 3
    vertex -157.92636108398438 14.711779594421387 3
    vertex -158.9018096923828 19.615705490112305 3
  endloop
endfacet
facet normal 0 0 0
  outer loop
    vertex -158.9018096923828 19.615705490112305 3
    vertex -156.4702606201172 14.927770614624023 3
    vertex -156.96034240722656 19.90369415283203 3
  endloop
endfacet
facet normal 0 0 0
  outer loop
    vertex -156.96034240722656 19.90369415283203 3
    vertex -155 15 3
    vertex -155 20 3
  endloop
endfacet
facet normal 0 0 0
  outer loop
    vertex -153.03965759277344 19.90369415283203 3
    vertex -152.07363891601562 14.711779594421387 3
    vertex -151.0981903076172 19.615705490112305 3
  endloop
endfacet
facet normal 0 0 0
  outer loop
    vertex -155 20 3
    vertex -153.5297393798828 14.927770614624023 3
    vertex -153.03965759277344 19.90369415283203 3
  endloop
endfacet
facet normal 0 0 0
  outer loop
    vertex -142.3121337890625 15.460208892822266 3
    vertex -143.40484619140625 9.515899658203125 3
    vertex -142.5279541015625 8.333553314208984 3
  endloop
endfacet
facet normal 0 0 0
  outer loop
    vertex -142.3121337890625 15.460208892822266 3
    vertex -142.5279541015625 8.333553314208984 3
    vertex -141.77117919921875 7.070950984954834 3
  endloop
endfacet
facet normal 0 0 0
  outer loop
    vertex -139.539794921875 12.687865257263184 3
    vertex -140.8578643798828 14.142135620117188 3
    vertex -140.64588928222656 4.354269981384277 3
  endloop
endfacet
facet normal 0 0 0
  outer loop
    vertex -143.8885955810547 16.629392623901367 3
    vertex -144.39340209960938 10.60660171508789 3
    vertex -143.40484619140625 9.515899658203125 3
  endloop
endfacet
facet normal 0 0 0
  outer loop
    vertex -140.8578643798828 14.142135620117188 3
    vertex -142.3121337890625 15.460208892822266 3
    vertex -141.77117919921875 7.070950984954834 3
  endloop
endfacet
facet normal 0 0 0
  outer loop
    vertex -145.5720672607422 17.638425827026367 3
    vertex -146.66644287109375 12.472043991088867 3
    vertex -145.48410034179688 11.5951566696167 3
  endloop
endfacet
facet normal 0 0 0
  outer loop
    vertex -147.34632873535156 18.477590560913086 3
    vertex -147.92904663085938 13.228818893432617 3
    vertex -146.66644287109375 12.472043991088867 3
  endloop
endfacet
facet normal 0 0 0
  outer loop
    vertex -143.8885955810547 16.629392623901367 3
    vertex -145.48410034179688 11.5951566696167 3
    vertex -144.39340209960938 10.60660171508789 3
  endloop
endfacet
facet normal 0 0 0
  outer loop
    vertex -142.3121337890625 15.460208892822266 3
    vertex -143.8885955810547 16.629392623901367 3
    vertex -143.40484619140625 9.515899658203125 3
  endloop
endfacet
facet normal 0 0 0
  outer loop
    vertex -137.42005920410156 8.237438201904297 3
    vertex -138.3038330078125 11 3
    vertex -138.37060546875 11.111404418945312 3
  endloop
endfacet
facet normal 0 0 0
  outer loop
    vertex -149.19430541992188 19.13880729675293 3
    vertex -149.25975036621094 13.858193397521973 3
    vertex -147.92904663085938 13.228818893432617 3
  endloop
endfacet
facet normal 0 0 0
  outer loop
    vertex -151.0981903076172 19.615705490112305 3
    vertex -152.07363891601562 14.711779594421387 3
    vertex -150.64573669433594 14.354104995727539 3
  endloop
endfacet
facet normal 0 0 0
  outer loop
    vertex -149.19430541992188 19.13880729675293 3
    vertex -150.64573669433594 14.354104995727539 3
    vertex -149.25975036621094 13.858193397521973 3
  endloop
endfacet
facet normal 0 0 0
  outer loop
    vertex -145.5720672607422 17.638425827026367 3
    vertex -147.34632873535156 18.477590560913086 3
    vertex -146.66644287109375 12.472043991088867 3
  endloop
endfacet
facet normal 0 0 0
  outer loop
    vertex -147.34632873535156 18.477590560913086 3
    vertex -149.19430541992188 19.13880729675293 3
    vertex -147.92904663085938 13.228818893432617 3
  endloop
endfacet
facet normal 0 0 0
  outer loop
    vertex -143.8885955810547 16.629392623901367 3
    vertex -145.5720672607422 17.638425827026367 3
    vertex -145.48410034179688 11.5951566696167 3
  endloop
endfacet
facet normal 0 0 0
  outer loop
    vertex -149.19430541992188 19.13880729675293 3
    vertex -151.0981903076172 19.615705490112305 3
    vertex -150.64573669433594 14.354104995727539 3
  endloop
endfacet
facet normal 0 0 0
  outer loop
    vertex -10.559690475463867 -4.25 -3
    vertex -14.75 -4.25 -3
    vertex -14.75 -4.25 3
  endloop
endfacet
facet normal 0 0 0
  outer loop
    vertex -10.541791915893555 -4.25 -3
    vertex -10.559690475463867 -4.25 -3
    vertex -14.75 -4.25 3
  endloop
endfacet
facet normal 0 0 0
  outer loop
    vertex -10.541791915893555 -4.25 -3
    vertex -14.75 -4.25 3
    vertex -8.281010627746582 -4.25 -3
  endloop
endfacet
facet normal 0 0 0
  outer loop
    vertex -8.281010627746582 -4.25 -3
    vertex -14.75 -4.25 3
    vertex -8.259748458862305 -4.25 -3
  endloop
endfacet
facet normal 0 0 0
  outer loop
    vertex -7.884884357452393 -4.25 -3
    vertex -8.259748458862305 -4.25 -3
    vertex -14.75 -4.25 3
  endloop
endfacet
facet normal 0 0 0
  outer loop
    vertex -7.884884357452393 -4.25 -3
    vertex -14.75 -4.25 3
    vertex -7.787728309631348 -4.25 -3
  endloop
endfacet
facet normal 0 0 0
  outer loop
    vertex -7.787728309631348 -4.25 -3
    vertex -14.75 -4.25 3
    vertex -6.9708380699157715 -4.25 -3
  endloop
endfacet
facet normal 0 0 0
  outer loop
    vertex -6.9708380699157715 -4.25 -3
    vertex -14.75 -4.25 3
    vertex -3.25 -4.25 -3
  endloop
endfacet
facet normal 0 0 0
  outer loop
    vertex 2.25 -4.25 -3
    vertex -0.75 -4.25 -3
    vertex -0.75 -4.25 3
  endloop
endfacet
facet normal 0 0 0
  outer loop
    vertex -14.75 4.25 3
    vertex -14.75 -4.25 3
    vertex -14.75 -4.25 -3
  endloop
endfacet
facet normal 0 0 0
  outer loop
    vertex -14.75 -4.25 3
    vertex -6.9708380699157715 -4.25 3
    vertex -3.25 -4.25 -3
  endloop
endfacet
facet normal 0 0 0
  outer loop
    vertex -5.740251541137695 -4.25 3
    vertex -3.25 -4.25 -3
    vertex -6.9708380699157715 -4.25 3
  endloop
endfacet
facet normal 0 0 0
  outer loop
    vertex -5.740251541137695 -4.25 3
    vertex -5.692094326019287 -4.25 3
    vertex -3.25 -4.25 -3
  endloop
endfacet
facet normal 0 0 0
  outer loop
    vertex -5.692094326019287 -4.25 3
    vertex -3.25 -4.25 3
    vertex -3.25 -4.25 -3
  endloop
endfacet
facet normal 0 0 0
  outer loop
    vertex -0.75 -4.25 3
    vertex 2.25 -4.25 3
    vertex 2.25 -4.25 -3
  endloop
endfacet
facet normal 0 0 0
  outer loop
    vertex -14.75 -4.25 -3
    vertex -14.75 4.25 -3
    vertex -14.75 4.25 3
  endloop
endfacet
facet normal 0 0 0
  outer loop
    vertex -13.05430793762207 4.25 -3
    vertex -7.0291619300842285 4.25 3
    vertex -14.75 4.25 -3
  endloop
endfacet
facet normal 0 0 0
  outer loop
    vertex -12.844487190246582 4.25 -3
    vertex -7.0291619300842285 4.25 3
    vertex -13.05430793762207 4.25 -3
  endloop
endfacet
facet normal 0 0 0
  outer loop
    vertex -12.844487190246582 4.25 -3
    vertex -11.587599754333496 4.25 -3
    vertex -3.25 4.25 3
  endloop
endfacet
facet normal 0 0 0
  outer loop
    vertex -11.587599754333496 4.25 -3
    vertex -11.07364559173584 4.25 -3
    vertex -3.25 4.25 3
  endloop
endfacet
facet normal 0 0 0
  outer loop
    vertex -11.07364559173584 4.25 -3
    vertex -10.142112731933594 4.25 -3
    vertex -3.25 4.25 3
  endloop
endfacet
facet normal 0 0 0
  outer loop
    vertex -9.964886665344238 4.25 -3
    vertex -3.25 4.25 3
    vertex -10.142112731933594 4.25 -3
  endloop
endfacet
facet normal 0 0 0
  outer loop
    vertex -9.964886665344238 4.25 -3
    vertex -8.307905197143555 4.25 -3
    vertex -3.25 4.25 3
  endloop
endfacet
facet normal 0 0 0
  outer loop
    vertex -8.259748458862305 4.25 -3
    vertex -3.25 4.25 3
    vertex -8.307905197143555 4.25 -3
  endloop
endfacet
facet normal 0 0 0
  outer loop
    vertex -7.410705089569092 4.25 -3
    vertex -3.25 4.25 3
    vertex -8.259748458862305 4.25 -3
  endloop
endfacet
facet normal 0 0 0
  outer loop
    vertex -7.410705089569092 4.25 -3
    vertex -7.370150089263916 4.25 -3
    vertex -3.25 4.25 3
  endloop
endfacet
facet normal 0 0 0
  outer loop
    vertex -7.370150089263916 4.25 -3
    vertex -7.0291619300842285 4.25 -3
    vertex -3.25 4.25 3
  endloop
endfacet
facet normal 0 0 0
  outer loop
    vertex -7.0291619300842285 4.25 -3
    vertex -3.25 4.25 -3
    vertex -3.25 4.25 3
  endloop
endfacet
facet normal 0 0 0
  outer loop
    vertex -0.75 4.25 -3
    vertex 2.25 4.25 -3
    vertex 2.25 4.25 3
  endloop
endfacet
facet normal 0 0 0
  outer loop
    vertex -7.0291619300842285 4.25 3
    vertex -14.75 4.25 3
    vertex -14.75 4.25 -3
  endloop
endfacet
facet normal 0 0 0
  outer loop
    vertex -7.0291619300842285 4.25 3
    vertex -12.844487190246582 4.25 -3
    vertex -5.740251541137695 4.25 3
  endloop
endfacet
facet normal 0 0 0
  outer loop
    vertex -5.740251541137695 4.25 3
    vertex -12.844487190246582 4.25 -3
    vertex -5.718989372253418 4.25 3
  endloop
endfacet
facet normal 0 0 0
  outer loop
    vertex -5.718989372253418 4.25 3
    vertex -12.844487190246582 4.25 -3
    vertex -3.25 4.25 3
  endloop
endfacet
facet normal 0 0 0
  outer loop
    vertex 2.25 4.25 3
    vertex -0.75 4.25 3
    vertex -0.75 4.25 -3
  endloop
endfacet
facet normal 0 0 0
  outer loop
    vertex -3.25 4.25 -3
    vertex -3.25 6.5 -3
    vertex -3.25 6.5 3
  endloop
endfacet
facet normal 0 0 0
  outer loop
    vertex -0.75 4.25 3
    vertex -0.75 6.5 -3
    vertex -0.75 4.25 -3
  endloop
endfacet
facet normal 0 0 0
  outer loop
    vertex -3.25 6.5 -3
    vertex -0.75 6.5 -3
    vertex -0.75 6.5 3
  endloop
endfacet
facet normal 0 0 0
  outer loop
    vertex -3.25 4.25 -3
    vertex -3.25 6.5 3
    vertex -3.25 4.25 3
  endloop
endfacet
facet normal 0 0 0
  outer loop
    vertex -0.75 6.5 3
    vertex -0.75 6.5 -3
    vertex -0.75 4.25 3
  endloop
endfacet
facet normal 0 0 0
  outer loop
    vertex -0.75 6.5 3
    vertex -3.25 6.5 3
    vertex -3.25 6.5 -3
  endloop
endfacet
facet normal 0 0 0
  outer loop
    vertex -0.75 -6.5 -3
    vertex -3.25 -6.5 -3
    vertex -3.25 -6.5 3
  endloop
endfacet
facet normal 0 0 0
  outer loop
    vertex -0.75 -6.5 -3
    vertex -0.75 -6.5 3
    vertex -0.75 -4.25 -3
  endloop
endfacet
facet normal 0 0 0
  outer loop
    vertex -3.25 -4.25 -3
    vertex -3.25 -4.25 3
    vertex -3.25 -6.5 -3
  endloop
endfacet
facet normal 0 0 0
  outer loop
    vertex -2.9263548851013184 -6.5 3
    vertex -0.75 -6.5 -3
    vertex -3.25 -6.5 3
  endloop
endfacet
facet normal 0 0 0
  outer loop
    vertex -2.613950729370117 -6.5 3
    vertex -0.75 -6.5 -3
    vertex -2.9263548851013184 -6.5 3
  endloop
endfacet
facet normal 0 0 0
  outer loop
    vertex -2.613950729370117 -6.5 3
    vertex -0.75 -6.5 3
    vertex -0.75 -6.5 -3
  endloop
endfacet
facet normal 0 0 0
  outer loop
    vertex -3.25 -6.5 -3
    vertex -3.25 -4.25 3
    vertex -3.25 -6.5 3
  endloop
endfacet
facet normal 0 0 0
  outer loop
    vertex -0.75 -4.25 -3
    vertex -0.75 -6.5 3
    vertex -0.75 -4.25 3
  endloop
endfacet
facet normal 0 0 0
  outer loop
    vertex 2.25 4.25 -3
    vertex 13.166425704956055 7.175047397613525 -3
    vertex 13.166425704956055 7.175047397613525 3
  endloop
endfacet
facet normal 0 0 0
  outer loop
    vertex 13.166425704956055 7.175047397613525 3
    vertex 2.25 4.25 3
    vertex 2.25 4.25 -3
  endloop
endfacet
facet normal 0 0 0
  outer loop
    vertex 13.166425704956055 -7.175047397613525 -3
    vertex 2.25 -4.25 -3
    vertex 2.25 -4.25 3
  endloop
endfacet
facet normal 0 0 0
  outer loop
    vertex 2.25 -4.25 3
    vertex 13.166425704956055 -7.175047397613525 3
    vertex 13.166425704956055 -7.175047397613525 -3
  endloop
endfacet
facet normal 0 0 0
  outer loop
    vertex -163.33355712890625 -12.472043991088867 -3
    vertex -164.51589965820312 -11.5951566696167 -3
    vertex -164.51589965820312 -11.5951566696167 3
  endloop
endfacet
facet normal 0 0 0
  outer loop
    vertex -164.51589965820312 -11.5951566696167 -3
    vertex -165.60659790039062 -10.60660171508789 -3
    vertex -165.60659790039062 -10.60660171508789 3
  endloop
endfacet
facet normal 0 0 0
  outer loop
    vertex -157.92636108398438 -14.711779594421387 -3
    vertex -159.35426330566406 -14.354104995727539 -3
    vertex -159.35426330566406 -14.354104995727539 3
  endloop
endfacet
facet normal 0 0 0
  outer loop
    vertex -156.4702606201172 -14.927770614624023 -3
    vertex -157.92636108398438 -14.711779594421387 -3
    vertex -157.92636108398438 -14.711779594421387 3
  endloop
endfacet
facet normal 0 0 0
  outer loop
    vertex -159.35426330566406 -14.354104995727539 -3
    vertex -160.74024963378906 -13.858193397521973 -3
    vertex -160.74024963378906 -13.858193397521973 3
  endloop
endfacet
facet normal 0 0 0
  outer loop
    vertex -160.74024963378906 -13.858193397521973 -3
    vertex -162.07095336914062 -13.228818893432617 -3
    vertex -162.07095336914062 -13.228818893432617 3
  endloop
endfacet
facet normal 0 0 0
  outer loop
    vertex -162.07095336914062 -13.228818893432617 -3
    vertex -163.33355712890625 -12.472043991088867 -3
    vertex -163.33355712890625 -12.472043991088867 3
  endloop
endfacet
facet normal 0 0 0
  outer loop
    vertex -155 -15 -3
    vertex -156.4702606201172 -14.927770614624023 -3
    vertex -156.4702606201172 -14.927770614624023 3
  endloop
endfacet
facet normal 0 0 0
  outer loop
    vertex -153.5297393798828 -14.927770614624023 -3
    vertex -155 -15 -3
    vertex -155 -15 3
  endloop
endfacet
facet normal 0 0 0
  outer loop
    vertex -152.07363891601562 -14.711779594421387 -3
    vertex -153.5297393798828 -14.927770614624023 -3
    vertex -153.5297393798828 -14.927770614624023 3
  endloop
endfacet
facet normal 0 0 0
  outer loop
    vertex -150.64573669433594 -14.354104995727539 -3
    vertex -152.07363891601562 -14.711779594421387 -3
    vertex -152.07363891601562 -14.711779594421387 3
  endloop
endfacet
facet normal 0 0 0
  outer loop
    vertex -149.25975036621094 -13.858193397521973 -3
    vertex -150.64573669433594 -14.354104995727539 -3
    vertex -150.64573669433594 -14.354104995727539 3
  endloop
endfacet
facet normal 0 0 0
  outer loop
    vertex -147.92904663085938 -13.228818893432617 -3
    vertex -149.25975036621094 -13.858193397521973 -3
    vertex -149.25975036621094 -13.858193397521973 3
  endloop
endfacet
facet normal 0 0 0
  outer loop
    vertex -146.66644287109375 -12.472043991088867 -3
    vertex -147.92904663085938 -13.228818893432617 -3
    vertex -147.92904663085938 -13.228818893432617 3
  endloop
endfacet
facet normal 0 0 0
  outer loop
    vertex -145.48410034179688 -11.5951566696167 -3
    vertex -146.66644287109375 -12.472043991088867 -3
    vertex -146.66644287109375 -12.472043991088867 3
  endloop
endfacet
facet normal 0 0 0
  outer loop
    vertex -144.82745361328125 -11 -3
    vertex -145.48410034179688 -11.5951566696167 -3
    vertex -145.48410034179688 -11.5951566696167 3
  endloop
endfacet
facet normal 0 0 0
  outer loop
    vertex -144.82745361328125 -11 -3
    vertex -145.48410034179688 -11.5951566696167 3
    vertex -144.39340209960938 -10.60660171508789 -3
  endloop
endfacet
facet normal 0 0 0
  outer loop
    vertex -143.40484619140625 -9.515899658203125 -3
    vertex -144.39340209960938 -10.60660171508789 -3
    vertex -144.39340209960938 -10.60660171508789 3
  endloop
endfacet
facet normal 0 0 0
  outer loop
    vertex -165.60659790039062 -10.60660171508789 -3
    vertex -166.59515380859375 -9.515899658203125 -3
    vertex -166.59515380859375 -9.515899658203125 3
  endloop
endfacet
facet normal 0 0 0
  outer loop
    vertex -166.59515380859375 -9.515899658203125 -3
    vertex -167.4720458984375 -8.333553314208984 -3
    vertex -167.4720458984375 -8.333553314208984 3
  endloop
endfacet
facet normal 0 0 0
  outer loop
    vertex -167.4720458984375 -8.333553314208984 -3
    vertex -168.22882080078125 -7.070950984954834 -3
    vertex -168.22882080078125 -7.070950984954834 3
  endloop
endfacet
facet normal 0 0 0
  outer loop
    vertex -168.22882080078125 -7.070950984954834 -3
    vertex -168.8582000732422 -5.740251541137695 -3
    vertex -168.8582000732422 -5.740251541137695 3
  endloop
endfacet
facet normal 0 0 0
  outer loop
    vertex -168.8582000732422 -5.740251541137695 -3
    vertex -169.35411071777344 -4.354269981384277 -3
    vertex -169.35411071777344 -4.354269981384277 3
  endloop
endfacet
facet normal 0 0 0
  outer loop
    vertex -169.35411071777344 -4.354269981384277 -3
    vertex -169.71177673339844 -2.9263548851013184 -3
    vertex -169.71177673339844 -2.9263548851013184 3
  endloop
endfacet
facet normal 0 0 0
  outer loop
    vertex -169.71177673339844 -2.9263548851013184 -3
    vertex -169.92776489257812 -1.4702571630477905 -3
    vertex -169.92776489257812 -1.4702571630477905 3
  endloop
endfacet
facet normal 0 0 0
  outer loop
    vertex -169.92776489257812 -1.4702571630477905 -3
    vertex -170 0 -3
    vertex -170 0 3
  endloop
endfacet
facet normal 0 0 0
  outer loop
    vertex -142.5279541015625 -8.333553314208984 -3
    vertex -143.40484619140625 -9.515899658203125 -3
    vertex -143.40484619140625 -9.515899658203125 3
  endloop
endfacet
facet normal 0 0 0
  outer loop
    vertex -141.77117919921875 -7.070950984954834 -3
    vertex -142.5279541015625 -8.333553314208984 -3
    vertex -142.5279541015625 -8.333553314208984 3
  endloop
endfacet
facet normal 0 0 0
  outer loop
    vertex -141.1417999267578 -5.740251541137695 -3
    vertex -141.77117919921875 -7.070950984954834 -3
    vertex -141.77117919921875 -7.070950984954834 3
  endloop
endfacet
facet normal 0 0 0
  outer loop
    vertex -141.1417999267578 -5.740251541137695 3
    vertex -140.64588928222656 -4.354269981384277 -3
    vertex -141.1417999267578 -5.740251541137695 -3
  endloop
endfacet
facet normal 0 0 0
  outer loop
    vertex -140.28822326660156 -2.9263548851013184 -3
    vertex -140.64588928222656 -4.354269981384277 -3
    vertex -140.64588928222656 -4.354269981384277 3
  endloop
endfacet
facet normal 0 0 0
  outer loop
    vertex -140.28822326660156 -2.9263548851013184 3
    vertex -140.07223510742188 -1.4702571630477905 -3
    vertex -140.28822326660156 -2.9263548851013184 -3
  endloop
endfacet
facet normal 0 0 0
  outer loop
    vertex -140.07223510742188 -1.4702571630477905 -3
    vertex -140.07223510742188 -1.4702571630477905 3
    vertex -140 0 -3
  endloop
endfacet
facet normal 0 0 0
  outer loop
    vertex -164.51589965820312 -11.5951566696167 3
    vertex -163.33355712890625 -12.472043991088867 3
    vertex -163.33355712890625 -12.472043991088867 -3
  endloop
endfacet
facet normal 0 0 0
  outer loop
    vertex -164.51589965820312 -11.5951566696167 -3
    vertex -165.60659790039062 -10.60660171508789 3
    vertex -164.51589965820312 -11.5951566696167 3
  endloop
endfacet
facet normal 0 0 0
  outer loop
    vertex -166.59515380859375 -9.515899658203125 3
    vertex -165.60659790039062 -10.60660171508789 3
    vertex -165.60659790039062 -10.60660171508789 -3
  endloop
endfacet
facet normal 0 0 0
  outer loop
    vertex -159.35426330566406 -14.354104995727539 3
    vertex -157.92636108398438 -14.711779594421387 3
    vertex -157.92636108398438 -14.711779594421387 -3
  endloop
endfacet
facet normal 0 0 0
  outer loop
    vertex -159.35426330566406 -14.354104995727539 -3
    vertex -160.74024963378906 -13.858193397521973 3
    vertex -159.35426330566406 -14.354104995727539 3
  endloop
endfacet
facet normal 0 0 0
  outer loop
    vertex -162.07095336914062 -13.228818893432617 3
    vertex -160.74024963378906 -13.858193397521973 3
    vertex -160.74024963378906 -13.858193397521973 -3
  endloop
endfacet
facet normal 0 0 0
  outer loop
    vertex -163.33355712890625 -12.472043991088867 3
    vertex -162.07095336914062 -13.228818893432617 3
    vertex -162.07095336914062 -13.228818893432617 -3
  endloop
endfacet
facet normal 0 0 0
  outer loop
    vertex -156.4702606201172 -14.927770614624023 -3
    vertex -157.92636108398438 -14.711779594421387 3
    vertex -156.4702606201172 -14.927770614624023 3
  endloop
endfacet
facet normal 0 0 0
  outer loop
    vertex -155 -15 -3
    vertex -156.4702606201172 -14.927770614624023 3
    vertex -155 -15 3
  endloop
endfacet
facet normal 0 0 0
  outer loop
    vertex -153.5297393798828 -14.927770614624023 -3
    vertex -155 -15 3
    vertex -153.5297393798828 -14.927770614624023 3
  endloop
endfacet
facet normal 0 0 0
  outer loop
    vertex -153.5297393798828 -14.927770614624023 3
    vertex -152.07363891601562 -14.711779594421387 3
    vertex -152.07363891601562 -14.711779594421387 -3
  endloop
endfacet
facet normal 0 0 0
  outer loop
    vertex -152.07363891601562 -14.711779594421387 3
    vertex -150.64573669433594 -14.354104995727539 3
    vertex -150.64573669433594 -14.354104995727539 -3
  endloop
endfacet
facet normal 0 0 0
  outer loop
    vertex -149.25975036621094 -13.858193397521973 -3
    vertex -150.64573669433594 -14.354104995727539 3
    vertex -149.25975036621094 -13.858193397521973 3
  endloop
endfacet
facet normal 0 0 0
  outer loop
    vertex -147.92904663085938 -13.228818893432617 -3
    vertex -149.25975036621094 -13.858193397521973 3
    vertex -147.92904663085938 -13.228818893432617 3
  endloop
endfacet
facet normal 0 0 0
  outer loop
    vertex -147.92904663085938 -13.228818893432617 3
    vertex -146.66644287109375 -12.472043991088867 3
    vertex -146.66644287109375 -12.472043991088867 -3
  endloop
endfacet
facet normal 0 0 0
  outer loop
    vertex -146.66644287109375 -12.472043991088867 3
    vertex -145.48410034179688 -11.5951566696167 3
    vertex -145.48410034179688 -11.5951566696167 -3
  endloop
endfacet
facet normal 0 0 0
  outer loop
    vertex -144.39340209960938 -10.60660171508789 -3
    vertex -145.48410034179688 -11.5951566696167 3
    vertex -144.39340209960938 -10.60660171508789 3
  endloop
endfacet
facet normal 0 0 0
  outer loop
    vertex -166.59515380859375 -9.515899658203125 -3
    vertex -167.4720458984375 -8.333553314208984 3
    vertex -166.59515380859375 -9.515899658203125 3
  endloop
endfacet
facet normal 0 0 0
  outer loop
    vertex -168.22882080078125 -7.070950984954834 3
    vertex -167.4720458984375 -8.333553314208984 3
    vertex -167.4720458984375 -8.333553314208984 -3
  endloop
endfacet
facet normal 0 0 0
  outer loop
    vertex -168.22882080078125 -7.070950984954834 -3
    vertex -168.8582000732422 -5.740251541137695 3
    vertex -168.22882080078125 -7.070950984954834 3
  endloop
endfacet
facet normal 0 0 0
  outer loop
    vertex -169.35411071777344 -4.354269981384277 3
    vertex -168.8582000732422 -5.740251541137695 3
    vertex -168.8582000732422 -5.740251541137695 -3
  endloop
endfacet
facet normal 0 0 0
  outer loop
    vertex -169.35411071777344 -4.354269981384277 -3
    vertex -169.71177673339844 -2.9263548851013184 3
    vertex -169.35411071777344 -4.354269981384277 3
  endloop
endfacet
facet normal 0 0 0
  outer loop
    vertex -169.71177673339844 -2.9263548851013184 -3
    vertex -169.92776489257812 -1.4702571630477905 3
    vertex -169.71177673339844 -2.9263548851013184 3
  endloop
endfacet
facet normal 0 0 0
  outer loop
    vertex -169.92776489257812 -1.4702571630477905 -3
    vertex -170 0 3
    vertex -169.92776489257812 -1.4702571630477905 3
  endloop
endfacet
facet normal 0 0 0
  outer loop
    vertex -144.39340209960938 -10.60660171508789 3
    vertex -143.40484619140625 -9.515899658203125 3
    vertex -143.40484619140625 -9.515899658203125 -3
  endloop
endfacet
facet normal 0 0 0
  outer loop
    vertex -142.5279541015625 -8.333553314208984 -3
    vertex -143.40484619140625 -9.515899658203125 3
    vertex -142.5279541015625 -8.333553314208984 3
  endloop
endfacet
facet normal 0 0 0
  outer loop
    vertex -142.5279541015625 -8.333553314208984 3
    vertex -141.77117919921875 -7.070950984954834 3
    vertex -141.77117919921875 -7.070950984954834 -3
  endloop
endfacet
facet normal 0 0 0
  outer loop
    vertex -141.77117919921875 -7.070950984954834 3
    vertex -141.1417999267578 -5.740251541137695 3
    vertex -141.1417999267578 -5.740251541137695 -3
  endloop
endfacet
facet normal 0 0 0
  outer loop
    vertex -141.1417999267578 -5.740251541137695 3
    vertex -140.64588928222656 -4.354269981384277 3
    vertex -140.64588928222656 -4.354269981384277 -3
  endloop
endfacet
facet normal 0 0 0
  outer loop
    vertex -140.64588928222656 -4.354269981384277 3
    vertex -140.28822326660156 -2.9263548851013184 3
    vertex -140.28822326660156 -2.9263548851013184 -3
  endloop
endfacet
facet normal 0 0 0
  outer loop
    vertex -140.28822326660156 -2.9263548851013184 3
    vertex -140.07223510742188 -1.4702571630477905 3
    vertex -140.07223510742188 -1.4702571630477905 -3
  endloop
endfacet
facet normal 0 0 0
  outer loop
    vertex -140.07223510742188 -1.4702571630477905 3
    vertex -140 0 3
    vertex -140 0 -3
  endloop
endfacet
facet normal 0 0 0
  outer loop
    vertex -170 0 -3
    vertex -169.92776489257812 1.4702571630477905 -3
    vertex -169.92776489257812 1.4702571630477905 3
  endloop
endfacet
facet normal 0 0 0
  outer loop
    vertex -169.92776489257812 1.4702571630477905 -3
    vertex -169.71177673339844 2.9263548851013184 -3
    vertex -169.71177673339844 2.9263548851013184 3
  endloop
endfacet
facet normal 0 0 0
  outer loop
    vertex -169.71177673339844 2.9263548851013184 -3
    vertex -169.35411071777344 4.354269981384277 -3
    vertex -169.35411071777344 4.354269981384277 3
  endloop
endfacet
facet normal 0 0 0
  outer loop
    vertex -169.35411071777344 4.354269981384277 -3
    vertex -168.8582000732422 5.740251541137695 -3
    vertex -168.8582000732422 5.740251541137695 3
  endloop
endfacet
facet normal 0 0 0
  outer loop
    vertex -168.8582000732422 5.740251541137695 -3
    vertex -168.22882080078125 7.070950984954834 -3
    vertex -168.22882080078125 7.070950984954834 3
  endloop
endfacet
facet normal 0 0 0
  outer loop
    vertex -168.22882080078125 7.070950984954834 -3
    vertex -167.4720458984375 8.333553314208984 -3
    vertex -167.4720458984375 8.333553314208984 3
  endloop
endfacet
facet normal 0 0 0
  outer loop
    vertex -167.4720458984375 8.333553314208984 -3
    vertex -166.59515380859375 9.515899658203125 -3
    vertex -166.59515380859375 9.515899658203125 3
  endloop
endfacet
facet normal 0 0 0
  outer loop
    vertex -140 0 -3
    vertex -140 0 3
    vertex -140.07223510742188 1.4702571630477905 -3
  endloop
endfacet
facet normal 0 0 0
  outer loop
    vertex -140.28822326660156 2.9263548851013184 -3
    vertex -140.07223510742188 1.4702571630477905 -3
    vertex -140.07223510742188 1.4702571630477905 3
  endloop
endfacet
facet normal 0 0 0
  outer loop
    vertex -140.64588928222656 4.354269981384277 -3
    vertex -140.28822326660156 2.9263548851013184 -3
    vertex -140.28822326660156 2.9263548851013184 3
  endloop
endfacet
facet normal 0 0 0
  outer loop
    vertex -141.1417999267578 5.740251541137695 -3
    vertex -140.64588928222656 4.354269981384277 -3
    vertex -140.64588928222656 4.354269981384277 3
  endloop
endfacet
facet normal 0 0 0
  outer loop
    vertex -141.77117919921875 7.070950984954834 -3
    vertex -141.1417999267578 5.740251541137695 -3
    vertex -141.1417999267578 5.740251541137695 3
  endloop
endfacet
facet normal 0 0 0
  outer loop
    vertex -142.5279541015625 8.333553314208984 -3
    vertex -141.77117919921875 7.070950984954834 -3
    vertex -141.77117919921875 7.070950984954834 3
  endloop
endfacet
facet normal 0 0 0
  outer loop
    vertex -143.40484619140625 9.515899658203125 -3
    vertex -142.5279541015625 8.333553314208984 -3
    vertex -142.5279541015625 8.333553314208984 3
  endloop
endfacet
facet normal 0 0 0
  outer loop
    vertex -144.39340209960938 10.60660171508789 -3
    vertex -143.40484619140625 9.515899658203125 -3
    vertex -143.40484619140625 9.515899658203125 3
  endloop
endfacet
facet normal 0 0 0
  outer loop
    vertex -166.59515380859375 9.515899658203125 -3
    vertex -165.60659790039062 10.60660171508789 -3
    vertex -165.60659790039062 10.60660171508789 3
  endloop
endfacet
facet normal 0 0 0
  outer loop
    vertex -165.60659790039062 10.60660171508789 -3
    vertex -164.51589965820312 11.5951566696167 -3
    vertex -164.51589965820312 11.5951566696167 3
  endloop
endfacet
facet normal 0 0 0
  outer loop
    vertex -164.51589965820312 11.5951566696167 -3
    vertex -163.33355712890625 12.472043991088867 -3
    vertex -163.33355712890625 12.472043991088867 3
  endloop
endfacet
facet normal 0 0 0
  outer loop
    vertex -163.33355712890625 12.472043991088867 -3
    vertex -162.07095336914062 13.228818893432617 -3
    vertex -162.07095336914062 13.228818893432617 3
  endloop
endfacet
facet normal 0 0 0
  outer loop
    vertex -162.07095336914062 13.228818893432617 -3
    vertex -160.74024963378906 13.858193397521973 -3
    vertex -160.74024963378906 13.858193397521973 3
  endloop
endfacet
facet normal 0 0 0
  outer loop
    vertex -160.74024963378906 13.858193397521973 -3
    vertex -159.35426330566406 14.354104995727539 -3
    vertex -159.35426330566406 14.354104995727539 3
  endloop
endfacet
facet normal 0 0 0
  outer loop
    vertex -159.35426330566406 14.354104995727539 -3
    vertex -157.92636108398438 14.711779594421387 -3
    vertex -157.92636108398438 14.711779594421387 3
  endloop
endfacet
facet normal 0 0 0
  outer loop
    vertex -157.92636108398438 14.711779594421387 -3
    vertex -156.4702606201172 14.927770614624023 -3
    vertex -156.4702606201172 14.927770614624023 3
  endloop
endfacet
facet normal 0 0 0
  outer loop
    vertex -156.4702606201172 14.927770614624023 -3
    vertex -155 15 -3
    vertex -155 15 3
  endloop
endfacet
facet normal 0 0 0
  outer loop
    vertex -155 15 -3
    vertex -153.5297393798828 14.927770614624023 -3
    vertex -153.5297393798828 14.927770614624023 3
  endloop
endfacet
facet normal 0 0 0
  outer loop
    vertex -153.5297393798828 14.927770614624023 -3
    vertex -152.07363891601562 14.711779594421387 -3
    vertex -152.07363891601562 14.711779594421387 3
  endloop
endfacet
facet normal 0 0 0
  outer loop
    vertex -146.66644287109375 12.472043991088867 -3
    vertex -145.48410034179688 11.5951566696167 -3
    vertex -145.48410034179688 11.5951566696167 3
  endloop
endfacet
facet normal 0 0 0
  outer loop
    vertex -144.82745361328125 11 -3
    vertex -144.39340209960938 10.60660171508789 -3
    vertex -144.39340209960938 10.60660171508789 3
  endloop
endfacet
facet normal 0 0 0
  outer loop
    vertex -144.82745361328125 11 -3
    vertex -144.39340209960938 10.60660171508789 3
    vertex -145.48410034179688 11.5951566696167 -3
  endloop
endfacet
facet normal 0 0 0
  outer loop
    vertex -147.92904663085938 13.228818893432617 -3
    vertex -146.66644287109375 12.472043991088867 -3
    vertex -146.66644287109375 12.472043991088867 3
  endloop
endfacet
facet normal 0 0 0
  outer loop
    vertex -149.25975036621094 13.858193397521973 -3
    vertex -147.92904663085938 13.228818893432617 -3
    vertex -147.92904663085938 13.228818893432617 3
  endloop
endfacet
facet normal 0 0 0
  outer loop
    vertex -150.64573669433594 14.354104995727539 -3
    vertex -149.25975036621094 13.858193397521973 -3
    vertex -149.25975036621094 13.858193397521973 3
  endloop
endfacet
facet normal 0 0 0
  outer loop
    vertex -152.07363891601562 14.711779594421387 -3
    vertex -150.64573669433594 14.354104995727539 -3
    vertex -150.64573669433594 14.354104995727539 3
  endloop
endfacet
facet normal 0 0 0
  outer loop
    vertex -170 0 -3
    vertex -169.92776489257812 1.4702571630477905 3
    vertex -170 0 3
  endloop
endfacet
facet normal 0 0 0
  outer loop
    vertex -169.92776489257812 1.4702571630477905 -3
    vertex -169.71177673339844 2.9263548851013184 3
    vertex -169.92776489257812 1.4702571630477905 3
  endloop
endfacet
facet normal 0 0 0
  outer loop
    vertex -169.35411071777344 4.354269981384277 3
    vertex -169.71177673339844 2.9263548851013184 3
    vertex -169.71177673339844 2.9263548851013184 -3
  endloop
endfacet
facet normal 0 0 0
  outer loop
    vertex -168.8582000732422 5.740251541137695 3
    vertex -169.35411071777344 4.354269981384277 3
    vertex -169.35411071777344 4.354269981384277 -3
  endloop
endfacet
facet normal 0 0 0
  outer loop
    vertex -168.8582000732422 5.740251541137695 -3
    vertex -168.22882080078125 7.070950984954834 3
    vertex -168.8582000732422 5.740251541137695 3
  endloop
endfacet
facet normal 0 0 0
  outer loop
    vertex -167.4720458984375 8.333553314208984 3
    vertex -168.22882080078125 7.070950984954834 3
    vertex -168.22882080078125 7.070950984954834 -3
  endloop
endfacet
facet normal 0 0 0
  outer loop
    vertex -167.4720458984375 8.333553314208984 -3
    vertex -166.59515380859375 9.515899658203125 3
    vertex -167.4720458984375 8.333553314208984 3
  endloop
endfacet
facet normal 0 0 0
  outer loop
    vertex -165.60659790039062 10.60660171508789 3
    vertex -166.59515380859375 9.515899658203125 3
    vertex -166.59515380859375 9.515899658203125 -3
  endloop
endfacet
facet normal 0 0 0
  outer loop
    vertex -140 0 3
    vertex -140.07223510742188 1.4702571630477905 3
    vertex -140.07223510742188 1.4702571630477905 -3
  endloop
endfacet
facet normal 0 0 0
  outer loop
    vertex -140.28822326660156 2.9263548851013184 -3
    vertex -140.07223510742188 1.4702571630477905 3
    vertex -140.28822326660156 2.9263548851013184 3
  endloop
endfacet
facet normal 0 0 0
  outer loop
    vertex -140.64588928222656 4.354269981384277 -3
    vertex -140.28822326660156 2.9263548851013184 3
    vertex -140.64588928222656 4.354269981384277 3
  endloop
endfacet
facet normal 0 0 0
  outer loop
    vertex -140.64588928222656 4.354269981384277 3
    vertex -141.1417999267578 5.740251541137695 3
    vertex -141.1417999267578 5.740251541137695 -3
  endloop
endfacet
facet normal 0 0 0
  outer loop
    vertex -141.77117919921875 7.070950984954834 -3
    vertex -141.1417999267578 5.740251541137695 3
    vertex -141.77117919921875 7.070950984954834 3
  endloop
endfacet
facet normal 0 0 0
  outer loop
    vertex -141.77117919921875 7.070950984954834 3
    vertex -142.5279541015625 8.333553314208984 3
    vertex -142.5279541015625 8.333553314208984 -3
  endloop
endfacet
facet normal 0 0 0
  outer loop
    vertex -143.40484619140625 9.515899658203125 -3
    vertex -142.5279541015625 8.333553314208984 3
    vertex -143.40484619140625 9.515899658203125 3
  endloop
endfacet
facet normal 0 0 0
  outer loop
    vertex -165.60659790039062 10.60660171508789 -3
    vertex -164.51589965820312 11.5951566696167 3
    vertex -165.60659790039062 10.60660171508789 3
  endloop
endfacet
facet normal 0 0 0
  outer loop
    vertex -163.33355712890625 12.472043991088867 3
    vertex -164.51589965820312 11.5951566696167 3
    vertex -164.51589965820312 11.5951566696167 -3
  endloop
endfacet
facet normal 0 0 0
  outer loop
    vertex -162.07095336914062 13.228818893432617 3
    vertex -163.33355712890625 12.472043991088867 3
    vertex -163.33355712890625 12.472043991088867 -3
  endloop
endfacet
facet normal 0 0 0
  outer loop
    vertex -162.07095336914062 13.228818893432617 -3
    vertex -160.74024963378906 13.858193397521973 3
    vertex -162.07095336914062 13.228818893432617 3
  endloop
endfacet
facet normal 0 0 0
  outer loop
    vertex -160.74024963378906 13.858193397521973 -3
    vertex -159.35426330566406 14.354104995727539 3
    vertex -160.74024963378906 13.858193397521973 3
  endloop
endfacet
facet normal 0 0 0
  outer loop
    vertex -157.92636108398438 14.711779594421387 3
    vertex -159.35426330566406 14.354104995727539 3
    vertex -159.35426330566406 14.354104995727539 -3
  endloop
endfacet
facet normal 0 0 0
  outer loop
    vertex -156.4702606201172 14.927770614624023 3
    vertex -157.92636108398438 14.711779594421387 3
    vertex -157.92636108398438 14.711779594421387 -3
  endloop
endfacet
facet normal 0 0 0
  outer loop
    vertex -156.4702606201172 14.927770614624023 -3
    vertex -155 15 3
    vertex -156.4702606201172 14.927770614624023 3
  endloop
endfacet
facet normal 0 0 0
  outer loop
    vertex -155 15 -3
    vertex -153.5297393798828 14.927770614624023 3
    vertex -155 15 3
  endloop
endfacet
facet normal 0 0 0
  outer loop
    vertex -152.07363891601562 14.711779594421387 3
    vertex -153.5297393798828 14.927770614624023 3
    vertex -153.5297393798828 14.927770614624023 -3
  endloop
endfacet
facet normal 0 0 0
  outer loop
    vertex -150.64573669433594 14.354104995727539 3
    vertex -152.07363891601562 14.711779594421387 3
    vertex -152.07363891601562 14.711779594421387 -3
  endloop
endfacet
facet normal 0 0 0
  outer loop
    vertex -145.48410034179688 11.5951566696167 3
    vertex -146.66644287109375 12.472043991088867 3
    vertex -146.66644287109375 12.472043991088867 -3
  endloop
endfacet
facet normal 0 0 0
  outer loop
    vertex -143.40484619140625 9.515899658203125 3
    vertex -144.39340209960938 10.60660171508789 3
    vertex -144.39340209960938 10.60660171508789 -3
  endloop
endfacet
facet normal 0 0 0
  outer loop
    vertex -145.48410034179688 11.5951566696167 -3
    vertex -144.39340209960938 10.60660171508789 3
    vertex -145.48410034179688 11.5951566696167 3
  endloop
endfacet
facet normal 0 0 0
  outer loop
    vertex -147.92904663085938 13.228818893432617 3
    vertex -149.25975036621094 13.858193397521973 3
    vertex -149.25975036621094 13.858193397521973 -3
  endloop
endfacet
facet normal 0 0 0
  outer loop
    vertex -146.66644287109375 12.472043991088867 3
    vertex -147.92904663085938 13.228818893432617 3
    vertex -147.92904663085938 13.228818893432617 -3
  endloop
endfacet
facet normal 0 0 0
  outer loop
    vertex -150.64573669433594 14.354104995727539 -3
    vertex -149.25975036621094 13.858193397521973 3
    vertex -150.64573669433594 14.354104995727539 3
  endloop
endfacet
facet normal 0 0 0
  outer loop
    vertex -92.7301025390625 -6.343932628631592 2
    vertex -93.314697265625 -5.555702209472656 2
    vertex -93.314697265625 -5.555702209472656 3
  endloop
endfacet
facet normal 0 0 0
  outer loop
    vertex -92.7301025390625 -6.343932628631592 2
    vertex -93.314697265625 -5.555702209472656 3
    vertex -92.7301025390625 -6.343932628631592 3
  endloop
endfacet
facet normal 0 0 0
  outer loop
    vertex -93.314697265625 -5.555702209472656 2
    vertex -93.8192138671875 -4.713967323303223 3
    vertex -93.314697265625 -5.555702209472656 3
  endloop
endfacet
facet normal 0 0 0
  outer loop
    vertex -86.9509048461914 -9.807852745056152 2
    vertex -87.90284729003906 -9.569403648376465 2
    vertex -87.90284729003906 -9.569403648376465 3
  endloop
endfacet
facet normal 0 0 0
  outer loop
    vertex -87.90284729003906 -9.569403648376465 2
    vertex -88.82683563232422 -9.238795280456543 2
    vertex -88.82683563232422 -9.238795280456543 3
  endloop
endfacet
facet normal 0 0 0
  outer loop
    vertex -88.82683563232422 -9.238795280456543 2
    vertex -89.7139663696289 -8.819212913513184 2
    vertex -89.7139663696289 -8.819212913513184 3
  endloop
endfacet
facet normal 0 0 0
  outer loop
    vertex -89.7139663696289 -8.819212913513184 2
    vertex -90.55570220947266 -8.314696311950684 2
    vertex -90.55570220947266 -8.314696311950684 3
  endloop
endfacet
facet normal 0 0 0
  outer loop
    vertex -90.55570220947266 -8.314696311950684 2
    vertex -91.34393310546875 -7.730104446411133 2
    vertex -91.34393310546875 -7.730104446411133 3
  endloop
endfacet
facet normal 0 0 0
  outer loop
    vertex -86.9509048461914 -9.807852745056152 2
    vertex -86.9509048461914 -9.807852745056152 3
    vertex -85.98017120361328 -9.951847076416016 2
  endloop
endfacet
facet normal 0 0 0
  outer loop
    vertex -85.98017120361328 -9.951847076416016 2
    vertex -85.98017120361328 -9.951847076416016 3
    vertex -85 -10 2
  endloop
endfacet
facet normal 0 0 0
  outer loop
    vertex -85 -10 2
    vertex -85 -10 3
    vertex -84.01982879638672 -9.951847076416016 2
  endloop
endfacet
facet normal 0 0 0
  outer loop
    vertex -84.01982879638672 -9.951847076416016 2
    vertex -84.01982879638672 -9.951847076416016 3
    vertex -83.0490951538086 -9.807852745056152 2
  endloop
endfacet
facet normal 0 0 0
  outer loop
    vertex -83.0490951538086 -9.807852745056152 2
    vertex -83.0490951538086 -9.807852745056152 3
    vertex -82.09715270996094 -9.569403648376465 2
  endloop
endfacet
facet normal 0 0 0
  outer loop
    vertex -82.09715270996094 -9.569403648376465 2
    vertex -82.09715270996094 -9.569403648376465 3
    vertex -81.17316436767578 -9.238795280456543 2
  endloop
endfacet
facet normal 0 0 0
  outer loop
    vertex -86.9509048461914 -9.807852745056152 2
    vertex -87.90284729003906 -9.569403648376465 3
    vertex -86.9509048461914 -9.807852745056152 3
  endloop
endfacet
facet normal 0 0 0
  outer loop
    vertex -87.90284729003906 -9.569403648376465 2
    vertex -88.82683563232422 -9.238795280456543 3
    vertex -87.90284729003906 -9.569403648376465 3
  endloop
endfacet
facet normal 0 0 0
  outer loop
    vertex -88.82683563232422 -9.238795280456543 2
    vertex -89.7139663696289 -8.819212913513184 3
    vertex -88.82683563232422 -9.238795280456543 3
  endloop
endfacet
facet normal 0 0 0
  outer loop
    vertex -89.7139663696289 -8.819212913513184 2
    vertex -90.55570220947266 -8.314696311950684 3
    vertex -89.7139663696289 -8.819212913513184 3
  endloop
endfacet
facet normal 0 0 0
  outer loop
    vertex -91.34393310546875 -7.730104446411133 2
    vertex -92.0710678100586 -7.071067810058594 3
    vertex -91.34393310546875 -7.730104446411133 3
  endloop
endfacet
facet normal 0 0 0
  outer loop
    vertex -90.55570220947266 -8.314696311950684 2
    vertex -91.34393310546875 -7.730104446411133 3
    vertex -90.55570220947266 -8.314696311950684 3
  endloop
endfacet
facet normal 0 0 0
  outer loop
    vertex -85.98017120361328 -9.951847076416016 2
    vertex -86.9509048461914 -9.807852745056152 3
    vertex -85.98017120361328 -9.951847076416016 3
  endloop
endfacet
facet normal 0 0 0
  outer loop
    vertex -85 -10 2
    vertex -85.98017120361328 -9.951847076416016 3
    vertex -85 -10 3
  endloop
endfacet
facet normal 0 0 0
  outer loop
    vertex -84.01982879638672 -9.951847076416016 2
    vertex -85 -10 3
    vertex -84.01982879638672 -9.951847076416016 3
  endloop
endfacet
facet normal 0 0 0
  outer loop
    vertex -83.0490951538086 -9.807852745056152 2
    vertex -84.01982879638672 -9.951847076416016 3
    vertex -83.0490951538086 -9.807852745056152 3
  endloop
endfacet
facet normal 0 0 0
  outer loop
    vertex -82.09715270996094 -9.569403648376465 2
    vertex -83.0490951538086 -9.807852745056152 3
    vertex -82.09715270996094 -9.569403648376465 3
  endloop
endfacet
facet normal 0 0 0
  outer loop
    vertex -81.17316436767578 -9.238795280456543 2
    vertex -82.09715270996094 -9.569403648376465 3
    vertex -81.17316436767578 -9.238795280456543 3
  endloop
endfacet
facet normal 0 0 0
  outer loop
    vertex -91.34393310546875 -7.730104446411133 2
    vertex -92.0710678100586 -7.071067810058594 2
    vertex -92.0710678100586 -7.071067810058594 3
  endloop
endfacet
facet normal 0 0 0
  outer loop
    vertex -92.0710678100586 -7.071067810058594 2
    vertex -92.7301025390625 -6.343932628631592 2
    vertex -92.7301025390625 -6.343932628631592 3
  endloop
endfacet
facet normal 0 0 0
  outer loop
    vertex -92.0710678100586 -7.071067810058594 2
    vertex -92.7301025390625 -6.343932628631592 3
    vertex -92.0710678100586 -7.071067810058594 3
  endloop
endfacet
facet normal 0 0 0
  outer loop
    vertex -93.314697265625 -5.555702209472656 2
    vertex -93.314697265625 5.555702209472656 2
    vertex -93.8192138671875 -4.713967323303223 2
  endloop
endfacet
facet normal 0 0 0
  outer loop
    vertex -92.7301025390625 -6.343932628631592 2
    vertex -92.7301025390625 6.343932628631592 2
    vertex -93.314697265625 -5.555702209472656 2
  endloop
endfacet
facet normal 0 0 0
  outer loop
    vertex -93.8192138671875 -4.713967323303223 2
    vertex -93.8192138671875 4.713967323303223 2
    vertex -94.2387924194336 -3.8268344402313232 2
  endloop
endfacet
facet normal 0 0 0
  outer loop
    vertex -94.2387924194336 -3.8268344402313232 2
    vertex -94.2387924194336 3.8268344402313232 2
    vertex -94.56940460205078 -2.9028468132019043 2
  endloop
endfacet
facet normal 0 0 0
  outer loop
    vertex -94.56940460205078 -2.9028468132019043 2
    vertex -94.56940460205078 2.9028468132019043 2
    vertex -94.80785369873047 -1.9509031772613525 2
  endloop
endfacet
facet normal 0 0 0
  outer loop
    vertex -94.80785369873047 -1.9509031772613525 2
    vertex -94.80785369873047 1.9509031772613525 2
    vertex -94.95185089111328 -0.9801713824272156 2
  endloop
endfacet
facet normal 0 0 0
  outer loop
    vertex -90.55570220947266 -8.314696311950684 2
    vertex -90.55570220947266 8.314696311950684 2
    vertex -91.34393310546875 -7.730104446411133 2
  endloop
endfacet
facet normal 0 0 0
  outer loop
    vertex -89.7139663696289 -8.819212913513184 2
    vertex -89.7139663696289 8.819212913513184 2
    vertex -90.55570220947266 -8.314696311950684 2
  endloop
endfacet
facet normal 0 0 0
  outer loop
    vertex -86.9509048461914 -9.807852745056152 2
    vertex -86.9509048461914 9.807852745056152 2
    vertex -87.90284729003906 -9.569403648376465 2
  endloop
endfacet
facet normal 0 0 0
  outer loop
    vertex -88.82683563232422 -9.238795280456543 2
    vertex -88.82683563232422 9.238795280456543 2
    vertex -89.7139663696289 -8.819212913513184 2
  endloop
endfacet
facet normal 0 0 0
  outer loop
    vertex -87.90284729003906 -9.569403648376465 2
    vertex -87.90284729003906 9.569403648376465 2
    vertex -88.82683563232422 -9.238795280456543 2
  endloop
endfacet
facet normal 0 0 0
  outer loop
    vertex -86.9509048461914 -9.807852745056152 2
    vertex -85.98017120361328 -9.951847076416016 2
    vertex -85.98017120361328 9.951847076416016 2
  endloop
endfacet
facet normal 0 0 0
  outer loop
    vertex -85.98017120361328 -9.951847076416016 2
    vertex -85 -10 2
    vertex -85 10 2
  endloop
endfacet
facet normal 0 0 0
  outer loop
    vertex -85 -10 2
    vertex -84.01982879638672 -9.951847076416016 2
    vertex -84.01982879638672 9.951847076416016 2
  endloop
endfacet
facet normal 0 0 0
  outer loop
    vertex -84.01982879638672 -9.951847076416016 2
    vertex -83.0490951538086 -9.807852745056152 2
    vertex -83.0490951538086 9.807852745056152 2
  endloop
endfacet
facet normal 0 0 0
  outer loop
    vertex -83.0490951538086 -9.807852745056152 2
    vertex -82.09715270996094 -9.569403648376465 2
    vertex -82.09715270996094 9.569403648376465 2
  endloop
endfacet
facet normal 0 0 0
  outer loop
    vertex -82.09715270996094 -9.569403648376465 2
    vertex -81.17316436767578 -9.238795280456543 2
    vertex -81.17316436767578 9.238795280456543 2
  endloop
endfacet
facet normal 0 0 0
  outer loop
    vertex -91.34393310546875 -7.730104446411133 2
    vertex -91.34393310546875 7.730104446411133 2
    vertex -92.0710678100586 -7.071067810058594 2
  endloop
endfacet
facet normal 0 0 0
  outer loop
    vertex -92.0710678100586 -7.071067810058594 2
    vertex -92.0710678100586 7.071067810058594 2
    vertex -92.7301025390625 -6.343932628631592 2
  endloop
endfacet
facet normal 0 0 0
  outer loop
    vertex -93.314697265625 -5.555702209472656 2
    vertex -93.8192138671875 -4.713967323303223 2
    vertex -93.8192138671875 -4.713967323303223 3
  endloop
endfacet
facet normal 0 0 0
  outer loop
    vertex -93.8192138671875 -4.713967323303223 2
    vertex -94.2387924194336 -3.8268344402313232 2
    vertex -94.2387924194336 -3.8268344402313232 3
  endloop
endfacet
facet normal 0 0 0
  outer loop
    vertex -94.2387924194336 -3.8268344402313232 2
    vertex -94.56940460205078 -2.9028468132019043 2
    vertex -94.56940460205078 -2.9028468132019043 3
  endloop
endfacet
facet normal 0 0 0
  outer loop
    vertex -93.8192138671875 -4.713967323303223 2
    vertex -94.2387924194336 -3.8268344402313232 3
    vertex -93.8192138671875 -4.713967323303223 3
  endloop
endfacet
facet normal 0 0 0
  outer loop
    vertex -94.2387924194336 -3.8268344402313232 2
    vertex -94.56940460205078 -2.9028468132019043 3
    vertex -94.2387924194336 -3.8268344402313232 3
  endloop
endfacet
facet normal 0 0 0
  outer loop
    vertex -94.56940460205078 -2.9028468132019043 2
    vertex -94.80785369873047 -1.9509031772613525 3
    vertex -94.56940460205078 -2.9028468132019043 3
  endloop
endfacet
facet normal 0 0 0
  outer loop
    vertex -94.56940460205078 -2.9028468132019043 2
    vertex -94.80785369873047 -1.9509031772613525 2
    vertex -94.80785369873047 -1.9509031772613525 3
  endloop
endfacet
facet normal 0 0 0
  outer loop
    vertex -94.80785369873047 -1.9509031772613525 2
    vertex -94.95185089111328 -0.9801713824272156 2
    vertex -94.95185089111328 -0.9801713824272156 3
  endloop
endfacet
facet normal 0 0 0
  outer loop
    vertex -94.95185089111328 -0.9801713824272156 2
    vertex -95 0 2
    vertex -95 0 3
  endloop
endfacet
facet normal 0 0 0
  outer loop
    vertex -94.80785369873047 -1.9509031772613525 2
    vertex -94.95185089111328 -0.9801713824272156 3
    vertex -94.80785369873047 -1.9509031772613525 3
  endloop
endfacet
facet normal 0 0 0
  outer loop
    vertex -94.95185089111328 -0.9801713824272156 2
    vertex -95 0 3
    vertex -94.95185089111328 -0.9801713824272156 3
  endloop
endfacet
facet normal 0 0 0
  outer loop
    vertex -94.95185089111328 -0.9801713824272156 2
    vertex -94.95185089111328 0.9801713824272156 2
    vertex -95 0 2
  endloop
endfacet
facet normal 0 0 0
  outer loop
    vertex -94.95185089111328 -0.9801713824272156 2
    vertex -94.80785369873047 1.9509031772613525 2
    vertex -94.95185089111328 0.9801713824272156 2
  endloop
endfacet
facet normal 0 0 0
  outer loop
    vertex -94.80785369873047 -1.9509031772613525 2
    vertex -94.56940460205078 2.9028468132019043 2
    vertex -94.80785369873047 1.9509031772613525 2
  endloop
endfacet
facet normal 0 0 0
  outer loop
    vertex -94.56940460205078 -2.9028468132019043 2
    vertex -94.2387924194336 3.8268344402313232 2
    vertex -94.56940460205078 2.9028468132019043 2
  endloop
endfacet
facet normal 0 0 0
  outer loop
    vertex -94.2387924194336 -3.8268344402313232 2
    vertex -93.8192138671875 4.713967323303223 2
    vertex -94.2387924194336 3.8268344402313232 2
  endloop
endfacet
facet normal 0 0 0
  outer loop
    vertex -93.8192138671875 -4.713967323303223 2
    vertex -93.314697265625 5.555702209472656 2
    vertex -93.8192138671875 4.713967323303223 2
  endloop
endfacet
facet normal 0 0 0
  outer loop
    vertex -93.314697265625 -5.555702209472656 2
    vertex -92.7301025390625 6.343932628631592 2
    vertex -93.314697265625 5.555702209472656 2
  endloop
endfacet
facet normal 0 0 0
  outer loop
    vertex -92.7301025390625 -6.343932628631592 2
    vertex -92.0710678100586 7.071067810058594 2
    vertex -92.7301025390625 6.343932628631592 2
  endloop
endfacet
facet normal 0 0 0
  outer loop
    vertex -92.0710678100586 -7.071067810058594 2
    vertex -91.34393310546875 7.730104446411133 2
    vertex -92.0710678100586 7.071067810058594 2
  endloop
endfacet
facet normal 0 0 0
  outer loop
    vertex -91.34393310546875 -7.730104446411133 2
    vertex -90.55570220947266 8.314696311950684 2
    vertex -91.34393310546875 7.730104446411133 2
  endloop
endfacet
facet normal 0 0 0
  outer loop
    vertex -90.55570220947266 -8.314696311950684 2
    vertex -89.7139663696289 8.819212913513184 2
    vertex -90.55570220947266 8.314696311950684 2
  endloop
endfacet
facet normal 0 0 0
  outer loop
    vertex -89.7139663696289 -8.819212913513184 2
    vertex -88.82683563232422 9.238795280456543 2
    vertex -89.7139663696289 8.819212913513184 2
  endloop
endfacet
facet normal 0 0 0
  outer loop
    vertex -88.82683563232422 -9.238795280456543 2
    vertex -87.90284729003906 9.569403648376465 2
    vertex -88.82683563232422 9.238795280456543 2
  endloop
endfacet
facet normal 0 0 0
  outer loop
    vertex -87.90284729003906 -9.569403648376465 2
    vertex -86.9509048461914 9.807852745056152 2
    vertex -87.90284729003906 9.569403648376465 2
  endloop
endfacet
facet normal 0 0 0
  outer loop
    vertex -86.9509048461914 -9.807852745056152 2
    vertex -85.98017120361328 9.951847076416016 2
    vertex -86.9509048461914 9.807852745056152 2
  endloop
endfacet
facet normal 0 0 0
  outer loop
    vertex -85.98017120361328 -9.951847076416016 2
    vertex -85 10 2
    vertex -85.98017120361328 9.951847076416016 2
  endloop
endfacet
facet normal 0 0 0
  outer loop
    vertex -85 -10 2
    vertex -84.01982879638672 9.951847076416016 2
    vertex -85 10 2
  endloop
endfacet
facet normal 0 0 0
  outer loop
    vertex -82.09715270996094 -9.569403648376465 2
    vertex -81.17316436767578 9.238795280456543 2
    vertex -82.09715270996094 9.569403648376465 2
  endloop
endfacet
facet normal 0 0 0
  outer loop
    vertex -84.01982879638672 -9.951847076416016 2
    vertex -83.0490951538086 9.807852745056152 2
    vertex -84.01982879638672 9.951847076416016 2
  endloop
endfacet
facet normal 0 0 0
  outer loop
    vertex -83.0490951538086 -9.807852745056152 2
    vertex -82.09715270996094 9.569403648376465 2
    vertex -83.0490951538086 9.807852745056152 2
  endloop
endfacet
facet normal 0 0 0
  outer loop
    vertex -95 0 2
    vertex -94.95185089111328 0.9801713824272156 2
    vertex -94.95185089111328 0.9801713824272156 3
  endloop
endfacet
facet normal 0 0 0
  outer loop
    vertex -94.95185089111328 0.9801713824272156 2
    vertex -94.80785369873047 1.9509031772613525 2
    vertex -94.80785369873047 1.9509031772613525 3
  endloop
endfacet
facet normal 0 0 0
  outer loop
    vertex -95 0 2
    vertex -94.95185089111328 0.9801713824272156 3
    vertex -95 0 3
  endloop
endfacet
facet normal 0 0 0
  outer loop
    vertex -94.95185089111328 0.9801713824272156 2
    vertex -94.80785369873047 1.9509031772613525 3
    vertex -94.95185089111328 0.9801713824272156 3
  endloop
endfacet
facet normal 0 0 0
  outer loop
    vertex -94.80785369873047 1.9509031772613525 2
    vertex -94.56940460205078 2.9028468132019043 3
    vertex -94.80785369873047 1.9509031772613525 3
  endloop
endfacet
facet normal 0 0 0
  outer loop
    vertex -94.80785369873047 1.9509031772613525 2
    vertex -94.56940460205078 2.9028468132019043 2
    vertex -94.56940460205078 2.9028468132019043 3
  endloop
endfacet
facet normal 0 0 0
  outer loop
    vertex -94.56940460205078 2.9028468132019043 2
    vertex -94.2387924194336 3.8268344402313232 2
    vertex -94.2387924194336 3.8268344402313232 3
  endloop
endfacet
facet normal 0 0 0
  outer loop
    vertex -94.2387924194336 3.8268344402313232 2
    vertex -93.8192138671875 4.713967323303223 2
    vertex -93.8192138671875 4.713967323303223 3
  endloop
endfacet
facet normal 0 0 0
  outer loop
    vertex -94.56940460205078 2.9028468132019043 2
    vertex -94.2387924194336 3.8268344402313232 3
    vertex -94.56940460205078 2.9028468132019043 3
  endloop
endfacet
facet normal 0 0 0
  outer loop
    vertex -94.2387924194336 3.8268344402313232 2
    vertex -93.8192138671875 4.713967323303223 3
    vertex -94.2387924194336 3.8268344402313232 3
  endloop
endfacet
facet normal 0 0 0
  outer loop
    vertex -93.8192138671875 4.713967323303223 2
    vertex -93.314697265625 5.555702209472656 3
    vertex -93.8192138671875 4.713967323303223 3
  endloop
endfacet
facet normal 0 0 0
  outer loop
    vertex -93.8192138671875 4.713967323303223 2
    vertex -93.314697265625 5.555702209472656 2
    vertex -93.314697265625 5.555702209472656 3
  endloop
endfacet
facet normal 0 0 0
  outer loop
    vertex -93.314697265625 5.555702209472656 2
    vertex -92.7301025390625 6.343932628631592 2
    vertex -92.7301025390625 6.343932628631592 3
  endloop
endfacet
facet normal 0 0 0
  outer loop
    vertex -93.314697265625 5.555702209472656 2
    vertex -92.7301025390625 6.343932628631592 3
    vertex -93.314697265625 5.555702209472656 3
  endloop
endfacet
facet normal 0 0 0
  outer loop
    vertex -92.7301025390625 6.343932628631592 2
    vertex -92.0710678100586 7.071067810058594 2
    vertex -92.0710678100586 7.071067810058594 3
  endloop
endfacet
facet normal 0 0 0
  outer loop
    vertex -92.7301025390625 6.343932628631592 2
    vertex -92.0710678100586 7.071067810058594 3
    vertex -92.7301025390625 6.343932628631592 3
  endloop
endfacet
facet normal 0 0 0
  outer loop
    vertex -92.0710678100586 7.071067810058594 2
    vertex -91.34393310546875 7.730104446411133 3
    vertex -92.0710678100586 7.071067810058594 3
  endloop
endfacet
facet normal 0 0 0
  outer loop
    vertex -92.0710678100586 7.071067810058594 2
    vertex -91.34393310546875 7.730104446411133 2
    vertex -91.34393310546875 7.730104446411133 3
  endloop
endfacet
facet normal 0 0 0
  outer loop
    vertex -91.34393310546875 7.730104446411133 2
    vertex -90.55570220947266 8.314696311950684 2
    vertex -90.55570220947266 8.314696311950684 3
  endloop
endfacet
facet normal 0 0 0
  outer loop
    vertex -90.55570220947266 8.314696311950684 2
    vertex -89.7139663696289 8.819212913513184 2
    vertex -89.7139663696289 8.819212913513184 3
  endloop
endfacet
facet normal 0 0 0
  outer loop
    vertex -89.7139663696289 8.819212913513184 2
    vertex -88.82683563232422 9.238795280456543 2
    vertex -88.82683563232422 9.238795280456543 3
  endloop
endfacet
facet normal 0 0 0
  outer loop
    vertex -88.82683563232422 9.238795280456543 2
    vertex -87.90284729003906 9.569403648376465 2
    vertex -87.90284729003906 9.569403648376465 3
  endloop
endfacet
facet normal 0 0 0
  outer loop
    vertex -87.90284729003906 9.569403648376465 2
    vertex -86.9509048461914 9.807852745056152 2
    vertex -86.9509048461914 9.807852745056152 3
  endloop
endfacet
facet normal 0 0 0
  outer loop
    vertex -86.9509048461914 9.807852745056152 2
    vertex -85.98017120361328 9.951847076416016 2
    vertex -85.98017120361328 9.951847076416016 3
  endloop
endfacet
facet normal 0 0 0
  outer loop
    vertex -85.98017120361328 9.951847076416016 2
    vertex -85 10 2
    vertex -85 10 3
  endloop
endfacet
facet normal 0 0 0
  outer loop
    vertex -85 10 2
    vertex -84.01982879638672 9.951847076416016 2
    vertex -84.01982879638672 9.951847076416016 3
  endloop
endfacet
facet normal 0 0 0
  outer loop
    vertex -81.17316436767578 9.238795280456543 2
    vertex -81.17316436767578 9.238795280456543 3
    vertex -82.09715270996094 9.569403648376465 2
  endloop
endfacet
facet normal 0 0 0
  outer loop
    vertex -83.0490951538086 9.807852745056152 2
    vertex -82.09715270996094 9.569403648376465 2
    vertex -82.09715270996094 9.569403648376465 3
  endloop
endfacet
facet normal 0 0 0
  outer loop
    vertex -84.01982879638672 9.951847076416016 2
    vertex -83.0490951538086 9.807852745056152 2
    vertex -83.0490951538086 9.807852745056152 3
  endloop
endfacet
facet normal 0 0 0
  outer loop
    vertex -91.34393310546875 7.730104446411133 2
    vertex -90.55570220947266 8.314696311950684 3
    vertex -91.34393310546875 7.730104446411133 3
  endloop
endfacet
facet normal 0 0 0
  outer loop
    vertex -90.55570220947266 8.314696311950684 2
    vertex -89.7139663696289 8.819212913513184 3
    vertex -90.55570220947266 8.314696311950684 3
  endloop
endfacet
facet normal 0 0 0
  outer loop
    vertex -89.7139663696289 8.819212913513184 2
    vertex -88.82683563232422 9.238795280456543 3
    vertex -89.7139663696289 8.819212913513184 3
  endloop
endfacet
facet normal 0 0 0
  outer loop
    vertex -88.82683563232422 9.238795280456543 2
    vertex -87.90284729003906 9.569403648376465 3
    vertex -88.82683563232422 9.238795280456543 3
  endloop
endfacet
facet normal 0 0 0
  outer loop
    vertex -87.90284729003906 9.569403648376465 2
    vertex -86.9509048461914 9.807852745056152 3
    vertex -87.90284729003906 9.569403648376465 3
  endloop
endfacet
facet normal 0 0 0
  outer loop
    vertex -86.9509048461914 9.807852745056152 2
    vertex -85.98017120361328 9.951847076416016 3
    vertex -86.9509048461914 9.807852745056152 3
  endloop
endfacet
facet normal 0 0 0
  outer loop
    vertex -85.98017120361328 9.951847076416016 2
    vertex -85 10 3
    vertex -85.98017120361328 9.951847076416016 3
  endloop
endfacet
facet normal 0 0 0
  outer loop
    vertex -85 10 2
    vertex -84.01982879638672 9.951847076416016 3
    vertex -85 10 3
  endloop
endfacet
facet normal 0 0 0
  outer loop
    vertex -84.01982879638672 9.951847076416016 2
    vertex -83.0490951538086 9.807852745056152 3
    vertex -84.01982879638672 9.951847076416016 3
  endloop
endfacet
facet normal 0 0 0
  outer loop
    vertex -83.0490951538086 9.807852745056152 2
    vertex -82.09715270996094 9.569403648376465 3
    vertex -83.0490951538086 9.807852745056152 3
  endloop
endfacet
facet normal 0 0 0
  outer loop
    vertex -82.09715270996094 9.569403648376465 2
    vertex -81.17316436767578 9.238795280456543 3
    vertex -82.09715270996094 9.569403648376465 3
  endloop
endfacet
facet normal 0 0 0
  outer loop
    vertex -81.17316436767578 -9.238795280456543 2
    vertex -81.17316436767578 -9.238795280456543 3
    vertex -80.2860336303711 -8.819212913513184 2
  endloop
endfacet
facet normal 0 0 0
  outer loop
    vertex -80.2860336303711 -8.819212913513184 2
    vertex -80.2860336303711 -8.819212913513184 3
    vertex -79.44429779052734 -8.314696311950684 2
  endloop
endfacet
facet normal 0 0 0
  outer loop
    vertex -79.44429779052734 -8.314696311950684 2
    vertex -79.44429779052734 -8.314696311950684 3
    vertex -78.65606689453125 -7.730104446411133 2
  endloop
endfacet
facet normal 0 0 0
  outer loop
    vertex -78.65606689453125 -7.730104446411133 2
    vertex -78.65606689453125 -7.730104446411133 3
    vertex -77.9289321899414 -7.071067810058594 2
  endloop
endfacet
facet normal 0 0 0
  outer loop
    vertex -80.2860336303711 -8.819212913513184 2
    vertex -81.17316436767578 -9.238795280456543 3
    vertex -80.2860336303711 -8.819212913513184 3
  endloop
endfacet
facet normal 0 0 0
  outer loop
    vertex -79.44429779052734 -8.314696311950684 2
    vertex -80.2860336303711 -8.819212913513184 3
    vertex -79.44429779052734 -8.314696311950684 3
  endloop
endfacet
facet normal 0 0 0
  outer loop
    vertex -78.65606689453125 -7.730104446411133 2
    vertex -79.44429779052734 -8.314696311950684 3
    vertex -78.65606689453125 -7.730104446411133 3
  endloop
endfacet
facet normal 0 0 0
  outer loop
    vertex -77.9289321899414 -7.071067810058594 2
    vertex -77.9289321899414 -7.071067810058594 3
    vertex -77.2698974609375 -6.343932628631592 2
  endloop
endfacet
facet normal 0 0 0
  outer loop
    vertex -77.2698974609375 -6.343932628631592 2
    vertex -77.2698974609375 -6.343932628631592 3
    vertex -76.685302734375 -5.555702209472656 2
  endloop
endfacet
facet normal 0 0 0
  outer loop
    vertex -76.685302734375 -5.555702209472656 2
    vertex -76.685302734375 -5.555702209472656 3
    vertex -76.1807861328125 -4.713967323303223 2
  endloop
endfacet
facet normal 0 0 0
  outer loop
    vertex -77.9289321899414 -7.071067810058594 2
    vertex -78.65606689453125 -7.730104446411133 3
    vertex -77.9289321899414 -7.071067810058594 3
  endloop
endfacet
facet normal 0 0 0
  outer loop
    vertex -77.2698974609375 -6.343932628631592 2
    vertex -77.9289321899414 -7.071067810058594 3
    vertex -77.2698974609375 -6.343932628631592 3
  endloop
endfacet
facet normal 0 0 0
  outer loop
    vertex -76.685302734375 -5.555702209472656 2
    vertex -77.2698974609375 -6.343932628631592 3
    vertex -76.685302734375 -5.555702209472656 3
  endloop
endfacet
facet normal 0 0 0
  outer loop
    vertex -81.17316436767578 -9.238795280456543 2
    vertex -80.2860336303711 -8.819212913513184 2
    vertex -80.2860336303711 8.819212913513184 2
  endloop
endfacet
facet normal 0 0 0
  outer loop
    vertex -80.2860336303711 -8.819212913513184 2
    vertex -79.44429779052734 -8.314696311950684 2
    vertex -79.44429779052734 8.314696311950684 2
  endloop
endfacet
facet normal 0 0 0
  outer loop
    vertex -79.44429779052734 -8.314696311950684 2
    vertex -78.65606689453125 -7.730104446411133 2
    vertex -78.65606689453125 7.730104446411133 2
  endloop
endfacet
facet normal 0 0 0
  outer loop
    vertex -78.65606689453125 -7.730104446411133 2
    vertex -77.9289321899414 -7.071067810058594 2
    vertex -77.9289321899414 7.071067810058594 2
  endloop
endfacet
facet normal 0 0 0
  outer loop
    vertex -77.9289321899414 -7.071067810058594 2
    vertex -77.2698974609375 -6.343932628631592 2
    vertex -77.2698974609375 6.343932628631592 2
  endloop
endfacet
facet normal 0 0 0
  outer loop
    vertex -77.2698974609375 -6.343932628631592 2
    vertex -76.685302734375 -5.555702209472656 2
    vertex -76.685302734375 5.555702209472656 2
  endloop
endfacet
facet normal 0 0 0
  outer loop
    vertex -76.685302734375 -5.555702209472656 2
    vertex -76.1807861328125 -4.713967323303223 2
    vertex -76.1807861328125 4.713967323303223 2
  endloop
endfacet
facet normal 0 0 0
  outer loop
    vertex -76.1807861328125 -4.713967323303223 2
    vertex -75.7612075805664 -3.8268344402313232 2
    vertex -75.7612075805664 3.8268344402313232 2
  endloop
endfacet
facet normal 0 0 0
  outer loop
    vertex -75.7612075805664 -3.8268344402313232 2
    vertex -75.43059539794922 -2.9028468132019043 2
    vertex -75.43059539794922 2.9028468132019043 2
  endloop
endfacet
facet normal 0 0 0
  outer loop
    vertex -75.43059539794922 -2.9028468132019043 2
    vertex -75.19214630126953 -1.9509031772613525 2
    vertex -75.19214630126953 1.9509031772613525 2
  endloop
endfacet
facet normal 0 0 0
  outer loop
    vertex -75.19214630126953 -1.9509031772613525 2
    vertex -75.04814910888672 -0.9801713824272156 2
    vertex -75.04814910888672 0.9801713824272156 2
  endloop
endfacet
facet normal 0 0 0
  outer loop
    vertex -76.1807861328125 -4.713967323303223 2
    vertex -76.1807861328125 -4.713967323303223 3
    vertex -75.7612075805664 -3.8268344402313232 2
  endloop
endfacet
facet normal 0 0 0
  outer loop
    vertex -75.7612075805664 -3.8268344402313232 2
    vertex -75.7612075805664 -3.8268344402313232 3
    vertex -75.43059539794922 -2.9028468132019043 2
  endloop
endfacet
facet normal 0 0 0
  outer loop
    vertex -75.43059539794922 -2.9028468132019043 2
    vertex -75.43059539794922 -2.9028468132019043 3
    vertex -75.19214630126953 -1.9509031772613525 2
  endloop
endfacet
facet normal 0 0 0
  outer loop
    vertex -76.1807861328125 -4.713967323303223 2
    vertex -76.685302734375 -5.555702209472656 3
    vertex -76.1807861328125 -4.713967323303223 3
  endloop
endfacet
facet normal 0 0 0
  outer loop
    vertex -75.7612075805664 -3.8268344402313232 2
    vertex -76.1807861328125 -4.713967323303223 3
    vertex -75.7612075805664 -3.8268344402313232 3
  endloop
endfacet
facet normal 0 0 0
  outer loop
    vertex -75.43059539794922 -2.9028468132019043 2
    vertex -75.7612075805664 -3.8268344402313232 3
    vertex -75.43059539794922 -2.9028468132019043 3
  endloop
endfacet
facet normal 0 0 0
  outer loop
    vertex -75.19214630126953 -1.9509031772613525 2
    vertex -75.19214630126953 -1.9509031772613525 3
    vertex -75.04814910888672 -0.9801713824272156 2
  endloop
endfacet
facet normal 0 0 0
  outer loop
    vertex -75.04814910888672 -0.9801713824272156 2
    vertex -75.04814910888672 -0.9801713824272156 3
    vertex -75 0 2
  endloop
endfacet
facet normal 0 0 0
  outer loop
    vertex -75.19214630126953 -1.9509031772613525 2
    vertex -75.43059539794922 -2.9028468132019043 3
    vertex -75.19214630126953 -1.9509031772613525 3
  endloop
endfacet
facet normal 0 0 0
  outer loop
    vertex -75.04814910888672 -0.9801713824272156 2
    vertex -75.19214630126953 -1.9509031772613525 3
    vertex -75.04814910888672 -0.9801713824272156 3
  endloop
endfacet
facet normal 0 0 0
  outer loop
    vertex -75 0 2
    vertex -75.04814910888672 -0.9801713824272156 3
    vertex -75 0 3
  endloop
endfacet
facet normal 0 0 0
  outer loop
    vertex -75.19214630126953 -1.9509031772613525 2
    vertex -75.04814910888672 0.9801713824272156 2
    vertex -75.19214630126953 1.9509031772613525 2
  endloop
endfacet
facet normal 0 0 0
  outer loop
    vertex -75.43059539794922 -2.9028468132019043 2
    vertex -75.19214630126953 1.9509031772613525 2
    vertex -75.43059539794922 2.9028468132019043 2
  endloop
endfacet
facet normal 0 0 0
  outer loop
    vertex -75.7612075805664 -3.8268344402313232 2
    vertex -75.43059539794922 2.9028468132019043 2
    vertex -75.7612075805664 3.8268344402313232 2
  endloop
endfacet
facet normal 0 0 0
  outer loop
    vertex -78.65606689453125 -7.730104446411133 2
    vertex -77.9289321899414 7.071067810058594 2
    vertex -78.65606689453125 7.730104446411133 2
  endloop
endfacet
facet normal 0 0 0
  outer loop
    vertex -76.685302734375 -5.555702209472656 2
    vertex -76.1807861328125 4.713967323303223 2
    vertex -76.685302734375 5.555702209472656 2
  endloop
endfacet
facet normal 0 0 0
  outer loop
    vertex -77.2698974609375 -6.343932628631592 2
    vertex -76.685302734375 5.555702209472656 2
    vertex -77.2698974609375 6.343932628631592 2
  endloop
endfacet
facet normal 0 0 0
  outer loop
    vertex -76.1807861328125 -4.713967323303223 2
    vertex -75.7612075805664 3.8268344402313232 2
    vertex -76.1807861328125 4.713967323303223 2
  endloop
endfacet
facet normal 0 0 0
  outer loop
    vertex -77.9289321899414 -7.071067810058594 2
    vertex -77.2698974609375 6.343932628631592 2
    vertex -77.9289321899414 7.071067810058594 2
  endloop
endfacet
facet normal 0 0 0
  outer loop
    vertex -75.04814910888672 -0.9801713824272156 2
    vertex -75 0 2
    vertex -75.04814910888672 0.9801713824272156 2
  endloop
endfacet
facet normal 0 0 0
  outer loop
    vertex -80.2860336303711 -8.819212913513184 2
    vertex -79.44429779052734 8.314696311950684 2
    vertex -80.2860336303711 8.819212913513184 2
  endloop
endfacet
facet normal 0 0 0
  outer loop
    vertex -81.17316436767578 -9.238795280456543 2
    vertex -80.2860336303711 8.819212913513184 2
    vertex -81.17316436767578 9.238795280456543 2
  endloop
endfacet
facet normal 0 0 0
  outer loop
    vertex -79.44429779052734 -8.314696311950684 2
    vertex -78.65606689453125 7.730104446411133 2
    vertex -79.44429779052734 8.314696311950684 2
  endloop
endfacet
facet normal 0 0 0
  outer loop
    vertex -75.04814910888672 0.9801713824272156 2
    vertex -75.04814910888672 0.9801713824272156 3
    vertex -75.19214630126953 1.9509031772613525 2
  endloop
endfacet
facet normal 0 0 0
  outer loop
    vertex -75.19214630126953 1.9509031772613525 2
    vertex -75.19214630126953 1.9509031772613525 3
    vertex -75.43059539794922 2.9028468132019043 2
  endloop
endfacet
facet normal 0 0 0
  outer loop
    vertex -75.04814910888672 0.9801713824272156 2
    vertex -75 0 2
    vertex -75 0 3
  endloop
endfacet
facet normal 0 0 0
  outer loop
    vertex -75.19214630126953 1.9509031772613525 2
    vertex -75.04814910888672 0.9801713824272156 3
    vertex -75.19214630126953 1.9509031772613525 3
  endloop
endfacet
facet normal 0 0 0
  outer loop
    vertex -75.04814910888672 0.9801713824272156 2
    vertex -75 0 3
    vertex -75.04814910888672 0.9801713824272156 3
  endloop
endfacet
facet normal 0 0 0
  outer loop
    vertex -75.43059539794922 2.9028468132019043 2
    vertex -75.43059539794922 2.9028468132019043 3
    vertex -75.7612075805664 3.8268344402313232 2
  endloop
endfacet
facet normal 0 0 0
  outer loop
    vertex -75.7612075805664 3.8268344402313232 2
    vertex -75.7612075805664 3.8268344402313232 3
    vertex -76.1807861328125 4.713967323303223 2
  endloop
endfacet
facet normal 0 0 0
  outer loop
    vertex -76.1807861328125 4.713967323303223 2
    vertex -76.1807861328125 4.713967323303223 3
    vertex -76.685302734375 5.555702209472656 2
  endloop
endfacet
facet normal 0 0 0
  outer loop
    vertex -75.43059539794922 2.9028468132019043 2
    vertex -75.19214630126953 1.9509031772613525 3
    vertex -75.43059539794922 2.9028468132019043 3
  endloop
endfacet
facet normal 0 0 0
  outer loop
    vertex -75.7612075805664 3.8268344402313232 2
    vertex -75.43059539794922 2.9028468132019043 3
    vertex -75.7612075805664 3.8268344402313232 3
  endloop
endfacet
facet normal 0 0 0
  outer loop
    vertex -76.1807861328125 4.713967323303223 2
    vertex -75.7612075805664 3.8268344402313232 3
    vertex -76.1807861328125 4.713967323303223 3
  endloop
endfacet
facet normal 0 0 0
  outer loop
    vertex -76.685302734375 5.555702209472656 2
    vertex -76.685302734375 5.555702209472656 3
    vertex -77.2698974609375 6.343932628631592 2
  endloop
endfacet
facet normal 0 0 0
  outer loop
    vertex -77.9289321899414 7.071067810058594 2
    vertex -77.9289321899414 7.071067810058594 3
    vertex -78.65606689453125 7.730104446411133 2
  endloop
endfacet
facet normal 0 0 0
  outer loop
    vertex -77.2698974609375 6.343932628631592 2
    vertex -77.2698974609375 6.343932628631592 3
    vertex -77.9289321899414 7.071067810058594 2
  endloop
endfacet
facet normal 0 0 0
  outer loop
    vertex -76.685302734375 5.555702209472656 2
    vertex -76.1807861328125 4.713967323303223 3
    vertex -76.685302734375 5.555702209472656 3
  endloop
endfacet
facet normal 0 0 0
  outer loop
    vertex -77.2698974609375 6.343932628631592 2
    vertex -76.685302734375 5.555702209472656 3
    vertex -77.2698974609375 6.343932628631592 3
  endloop
endfacet
facet normal 0 0 0
  outer loop
    vertex -77.9289321899414 7.071067810058594 2
    vertex -77.2698974609375 6.343932628631592 3
    vertex -77.9289321899414 7.071067810058594 3
  endloop
endfacet
facet normal 0 0 0
  outer loop
    vertex -78.65606689453125 7.730104446411133 2
    vertex -78.65606689453125 7.730104446411133 3
    vertex -79.44429779052734 8.314696311950684 2
  endloop
endfacet
facet normal 0 0 0
  outer loop
    vertex -79.44429779052734 8.314696311950684 2
    vertex -79.44429779052734 8.314696311950684 3
    vertex -80.2860336303711 8.819212913513184 2
  endloop
endfacet
facet normal 0 0 0
  outer loop
    vertex -81.17316436767578 9.238795280456543 2
    vertex -80.2860336303711 8.819212913513184 2
    vertex -80.2860336303711 8.819212913513184 3
  endloop
endfacet
facet normal 0 0 0
  outer loop
    vertex -78.65606689453125 7.730104446411133 2
    vertex -77.9289321899414 7.071067810058594 3
    vertex -78.65606689453125 7.730104446411133 3
  endloop
endfacet
facet normal 0 0 0
  outer loop
    vertex -79.44429779052734 8.314696311950684 2
    vertex -78.65606689453125 7.730104446411133 3
    vertex -79.44429779052734 8.314696311950684 3
  endloop
endfacet
facet normal 0 0 0
  outer loop
    vertex -80.2860336303711 8.819212913513184 2
    vertex -79.44429779052734 8.314696311950684 3
    vertex -80.2860336303711 8.819212913513184 3
  endloop
endfacet
facet normal 0 0 0
  outer loop
    vertex -81.17316436767578 9.238795280456543 2
    vertex -80.2860336303711 8.819212913513184 3
    vertex -81.17316436767578 9.238795280456543 3
  endloop
endfacet
endsolid DialysisCable_UniversalWrench